age,sex,prefecture,BMI,SBP,TG,HDL,ALT,smoking,FPG,time,onset,death
66,1,神奈川県,21.479297252633337,106.92317041220562,84.76905912605525,58.29620422762312,9.432180220198939,0,80.74540932249718,10.0,0,0
42,1,東京都,28.57068060365158,100.04022779699986,32.361523843927024,41.20310367278603,14.248142287778926,0,72.35007323681293,10.0,0,0
57,0,神奈川県,20.102475449215113,137.7937431931586,70.31758192700731,66.26051737917619,7.382322437802129,0,110.8581398078254,10.0,0,0
54,0,東京都,21.780749401586064,118.52417774369455,81.04732154466429,55.691982375014796,10.309717008193195,0,104.07207062543512,10.0,0,0
43,1,神奈川県,24.34638907009762,133.08630105698785,37.56055956794664,63.036453744884525,10.815882246807053,0,84.62254739613029,10.0,0,0
69,1,兵庫県,25.458905749406348,152.54678116185832,119.83710350944048,41.84975253814372,6.291582375769277,0,103.0452493671193,10.0,0,0
54,1,神奈川県,22.56152526091264,102.92706608783222,25.900401995465415,40.95428141206254,6.959508269800257,0,72.14407000282189,10.0,0,0
64,1,岩手県,28.267485399516595,137.3456288066696,73.65458920381525,41.38886268603504,18.792090823901173,0,107.98774745722807,10.0,0,0
41,1,埼玉県,22.25618549111934,117.8149953343523,56.86746461014548,41.53343603983266,14.080553166799138,0,80.31057040104459,10.0,0,0
44,0,愛知県,24.142829550422455,165.2435951120815,81.71496604826878,50.176030347240946,13.859307146482465,1,70.46429793118548,10.0,0,0
45,0,神奈川県,26.891068664512932,124.1953542912728,55.164466047757045,41.097840306748495,33.862832454511015,0,86.50617543423465,10.0,0,0
49,0,岡山県,21.11011932224956,112.17468018361676,56.866467411201015,41.18419156667277,8.057907747438101,0,83.68689806784563,0.7104179020115385,1,0
69,0,神奈川県,22.18840532780741,139.00908527707026,88.72525127867982,41.886814084519976,6.497906840722956,0,74.76068638739434,10.0,0,0
54,0,茨城県,22.417835141956857,133.42173272001233,106.80317138937812,55.209495161627544,20.86224880651211,0,108.29988708838249,10.0,0,0
65,1,神奈川県,21.75840494462319,138.29971257152977,77.1581169547479,55.067745581746706,6.183429719299657,0,68.33223771432033,10.0,0,0
67,0,滋賀県,27.48410390346919,159.69994232376368,412.07580101159897,42.131304467156326,42.96725547879155,0,118.79319657814091,2.089661943766486,1,0
60,1,富山県,27.36479906929765,139.1592452247557,104.69676377924529,41.31461380948628,9.15650432960875,0,117.17507729130867,9.454181623401178,1,0
46,1,静岡県,25.411148536625735,113.17375816653711,77.22816240593498,40.959169266730555,23.906382098954346,0,120.40332338325385,10.0,0,0
65,0,神奈川県,20.716879128985532,139.41732786888826,27.89325852042022,42.33966701440631,11.388755233564702,0,95.9555298906449,10.0,0,0
48,0,富山県,16.01385449836028,121.18576727768466,22.545212143502045,41.11556134335264,9.77846676385636,0,73.59868770079181,10.0,0,0
73,1,神奈川県,21.962465409578986,137.3288033359982,115.9214289970637,41.15163876646842,10.938905564693309,0,84.00135956085433,4.170780850281004,1,0
51,0,千葉県,31.66672747630768,139.9887242662326,184.8340110511832,54.95667731571139,24.599932054005393,0,104.68424269714556,10.0,0,0
50,1,神奈川県,31.349370169934733,136.39286679478673,91.85037899445489,41.72077052775208,27.095006894338706,0,94.23068900481704,10.0,0,0
60,1,滋賀県,16.32512359897098,115.4917008678963,85.21192507538457,40.7114994169986,11.422769556821152,0,88.3584552121156,10.0,0,0
49,0,神奈川県,22.958203935545146,119.09761870336763,75.02312157035564,39.980381021939344,4.653446744798486,0,105.33132079244943,10.0,0,0
63,1,茨城県,29.382603843114723,134.50829608783022,185.08927487232725,52.397271792663,65.64205982130427,0,105.18810140177843,9.661768527772441,0,1
71,1,山形県,25.794059079686686,127.29923401573082,104.95660003903652,45.22478010104807,28.6186447619205,0,88.81095669973611,10.0,0,0
65,1,神奈川県,26.07121535370004,131.1695462961507,101.45035619790274,41.69608387680473,10.561955119090726,0,122.5999278636143,10.0,0,0
40,0,神奈川県,25.667793732206796,130.0463511231735,83.21422989821914,42.45668706085136,6.82741761858844,0,116.80376358352059,10.0,0,0
50,1,神奈川県,25.424743008240238,124.62300121367662,80.6494786925649,40.71285939030453,5.911357227131358,1,76.67500883985717,10.0,0,0
40,1,福岡県,17.545138808609522,117.72288871381976,19.719623349860615,59.663568321269814,6.367534881932382,0,75.49268328210096,10.0,0,0
50,0,神奈川県,16.626163540704603,133.0946173441475,67.84667418275468,62.615124339388835,7.879272049203328,0,73.31910261740241,10.0,0,0
52,0,山梨県,24.931642923781517,142.9215389438391,49.26243222655464,41.57238943955706,14.715216502201754,0,106.9601687213395,8.833080594232818,1,0
50,1,福岡県,24.12219351017182,115.49186916449548,136.5148526715583,41.29050050510747,38.058304517078476,0,100.55133166407991,10.0,0,0
46,0,神奈川県,23.080235323595552,115.04376269585995,37.15088004868578,44.72723830590048,7.619299005396442,0,109.71649432987002,10.0,0,0
70,1,京都府,30.537873276841502,133.98778426790665,410.2173353440793,43.091497817118096,23.271815279488234,0,109.00646652470107,4.842154564680209,1,0
55,1,茨城県,25.231661137215536,124.19597257037834,83.11872538524277,41.77557150610914,10.293588809143523,0,99.80092510730839,10.0,0,0
63,1,沖縄県,23.23140409913361,127.25716333203357,182.91339073775964,40.56617606062925,13.346333588161546,1,93.0082192653912,10.0,0,0
59,1,大阪府,31.080199601452957,151.4066090714613,57.97195714062152,41.38281827824799,21.458863769131305,0,91.81064777394009,10.0,0,0
71,0,京都府,22.29388093846143,153.10709339524016,164.75874565478188,63.378272905625344,24.856821113247978,0,90.32381998491765,5.282309578947706,0,1
49,1,長野県,15.29330338304493,129.0319460396743,44.311620870141184,39.62666114801041,4.5093967125553815,0,106.29811345243029,10.0,0,0
66,0,北海道,19.925665307020985,124.61603197674901,24.433957284980586,42.1237424266797,5.197081765314843,1,86.27124126868962,10.0,0,0
43,1,神奈川県,24.564591340843172,112.79510730213512,77.28100270681219,57.963942056259114,6.516221206480538,0,91.31315568869911,10.0,0,0
74,1,神奈川県,17.72228555721166,130.0736774309802,226.13106820972652,55.018191075448726,8.051025035794794,1,90.25283038982539,5.294504190725862,1,0
68,1,奈良県,18.01860904785012,93.89033946766655,90.68547922136955,51.20946441118324,9.187394447045437,0,97.68935010899472,10.0,0,0
71,0,滋賀県,15.289880928232515,123.0292934019206,44.747745479754414,41.63715338622692,2.180988021491279,0,79.47032593069315,10.0,0,0
40,1,神奈川県,22.422135886131056,80.02702092564361,30.965430449763602,40.980043095134285,8.594148685735748,0,64.06146426853164,10.0,0,0
52,1,東京都,31.360307174515455,142.90032965551535,48.029354040994804,48.65491755095504,11.816577513607884,1,72.94477531961809,10.0,0,0
43,1,東京都,24.16711599768587,123.59498827241181,38.04228541818715,51.131527370406786,15.017464155107032,0,88.7508336227107,8.435368961811786,0,1
43,1,神奈川県,18.086016477562755,121.65717747763303,71.04906588787888,47.88935212005552,3.7706304802876836,0,99.66259781647055,10.0,0,0
59,0,栃木県,21.757985674385754,133.394880222373,52.8922450618058,42.250213876628614,6.3751505713056975,0,66.59766244787104,10.0,0,0
69,1,佐賀県,25.553852633275472,169.31937110843202,211.06665567317955,65.10329147253678,37.467908059869785,0,110.7615395614176,8.032717532160694,1,0
72,1,新潟県,19.048492772405275,125.21395202536743,53.449830312426315,41.38275111216984,7.481944710728537,0,83.79364811471423,10.0,0,0
48,1,東京都,31.061457272393145,140.25703170300943,47.88144477883677,41.68404032342399,46.55070414861854,0,91.13620097102402,10.0,0,0
46,0,茨城県,23.206885618662664,115.02897901419313,54.37349120033409,41.07297888266957,2.9252210009225554,0,60.198563818500546,10.0,0,0
58,1,福島県,31.78003340469108,140.200607254265,200.51284521234123,41.725678122233816,32.09003691015825,0,118.89298759842774,10.0,0,0
62,1,神奈川県,20.8518013914022,149.45484640887585,72.62732673423054,65.62387715733416,45.697843076704295,1,78.84630125027753,10.0,0,0
50,1,山口県,19.722643953086425,122.74664644737906,32.04103993930227,41.70101961858011,0.8583757191824432,0,89.85259417004038,10.0,0,0
69,1,長野県,28.053838788575355,154.58348004544268,62.536032916721204,59.65675462578908,10.865254790079543,0,114.54937623634169,10.0,0,0
41,1,群馬県,22.683341872882302,136.28573747556217,50.83048671071757,67.50908534777639,70.80488719010837,0,107.12469266017263,10.0,0,0
72,0,神奈川県,28.027518166755673,142.02434397796645,144.92460849188538,42.48238514126812,42.9711645881092,0,106.14826840068119,10.0,0,0
40,1,神奈川県,21.943748927617076,96.08141709226763,31.515530522689744,60.193229739005034,8.990229292881736,0,79.05524616192,10.0,0,0
42,1,神奈川県,18.280262870665,85.54707327206579,99.21499608708632,42.044374821299265,72.35658164287842,0,96.54808772097387,10.0,0,0
46,0,宮崎県,16.770747285160294,93.46264722002945,51.862497004604315,58.48049292581874,14.8927092642374,0,110.78509401874479,8.030133700603804,1,0
71,1,奈良県,24.427881679514943,115.52690917207171,174.60261575730715,53.880380014829335,40.703925723485,0,82.43563616838601,10.0,0,0
43,1,神奈川県,16.62122159438545,101.88903225031034,78.17377889182166,41.285039553146596,9.073922266492103,0,84.67592149393052,10.0,0,0
55,1,和歌山県,20.894022378078038,97.32968535339319,47.80512010191972,42.70108988582101,22.784835640173046,0,109.00868303026627,10.0,0,0
56,0,三重県,18.316208388229764,133.20177041291726,88.48957686185078,48.8802104055415,18.14730938767904,0,87.64389891543463,10.0,0,0
47,0,茨城県,21.86724533167941,149.68317197185723,77.86689572853327,50.80325250832454,11.464403649657514,0,84.27146034315523,10.0,0,0
42,1,神奈川県,32.78822668126323,142.23761682016055,99.92957966336854,45.284260403128386,50.53600208917021,0,109.89221550110243,10.0,0,0
62,1,神奈川県,22.432080931383965,132.2854882203156,75.1364378917571,49.68452264085755,14.243296733341692,0,96.58417154323571,10.0,0,0
55,1,神奈川県,20.299338782414058,127.47665440482756,42.766635303205675,41.60802059323579,14.243438254888032,0,84.63535365699855,10.0,0,0
64,1,神奈川県,23.112558380033303,120.38722737723023,103.99479529626292,44.65018351009588,13.594831914847086,0,100.320492715758,10.0,0,0
69,1,神奈川県,23.239863315904813,114.10616572698746,37.83409087261307,40.83237936357072,4.785059459091962,0,85.31128865379485,10.0,0,0
49,1,神奈川県,27.343196415857033,140.49111721265638,40.99705799355264,56.344243348471124,41.53691061861546,0,82.66008135078584,10.0,0,0
44,0,香川県,21.69603655012173,73.03582447994279,94.0503927763163,58.102404457920585,15.330405984798613,0,82.37544864568693,10.0,0,0
72,1,香川県,26.080592499620334,117.6408359615128,473.335163766247,42.097372413689925,68.4362199564275,0,99.65730593192804,10.0,0,0
58,1,沖縄県,29.718851035258282,141.59352938188186,187.13339482575535,43.99085955848043,6.560888103994484,0,110.1290368201513,10.0,0,0
44,0,岐阜県,23.04547129450606,94.8643689393024,36.889929308269615,40.05454449845772,10.486635019264467,1,59.87989002550158,10.0,0,0
40,0,神奈川県,23.51396652095945,102.12194134743314,30.1123095461087,60.430873652545934,4.9468384804682834,0,88.82424445414397,10.0,0,0
69,0,三重県,31.972040592625483,157.77887067419834,131.18265203391454,41.92745117363058,31.250211059822004,1,75.87093387858687,2.7190928238737033,0,1
69,1,大阪府,23.872959357446423,112.28560104121732,44.98593929599643,39.604810117009755,2.487765366920332,1,63.75913118183766,10.0,0,0
71,1,神奈川県,14.700212762939984,92.43500990510103,10.159219430199833,41.08773855829252,3.3415580771947817,0,51.22490156830702,10.0,0,0
40,0,福岡県,24.813554270333505,96.09180900570267,60.4890725137304,41.164701257612045,4.8063807138824854,1,76.67301753279226,10.0,0,0
62,0,熊本県,23.529510602871053,134.93922009850004,185.94398693278782,42.40159464574664,10.08898813213437,0,101.89142142794053,10.0,0,0
54,0,神奈川県,20.721032894279794,121.67638504515239,16.376425218348793,63.616759653127744,12.181132295703115,1,80.9425998838012,10.0,0,0
66,0,栃木県,24.69064019651483,106.2621676448592,184.6553750280968,41.334320769438634,52.12250550851548,0,84.40024151845445,10.0,0,0
68,0,愛媛県,25.82090522286828,147.1253748594181,53.57601215804974,41.74264389729786,4.472084344751145,0,91.86135943304905,10.0,0,0
40,0,神奈川県,27.32221352924387,104.57036460237502,75.05443566875381,66.34846134948069,10.89206419900526,1,79.58666534581705,10.0,0,0
44,1,神奈川県,15.564180301351554,93.61338624833213,83.69961625930279,57.22851025465499,4.479626719086326,0,69.1910267327815,10.0,0,0
62,1,香川県,15.897314243409202,79.22383101077347,67.31237221232983,41.71001072523927,8.79410370646965,0,85.85082789557332,10.0,0,0
72,1,新潟県,20.79541826602511,130.88930771336575,67.84589829651073,46.98852460223598,11.031907764151676,0,79.07913338636078,10.0,0,0
58,0,愛知県,21.836818459557357,107.54852776412854,101.80955553475297,42.8701174880585,11.465388932370052,1,88.81043691799793,10.0,0,0
59,0,神奈川県,27.945863717691143,125.36317072607638,64.70498521379675,65.14924991097158,13.38413839938564,0,88.30408203236273,10.0,0,0
54,0,兵庫県,20.071992451439634,122.79703275732294,75.37808902780657,42.0301304864123,2.212799751680099,0,81.6612288831364,10.0,0,0
50,0,福島県,19.584250468330108,98.32990273385786,29.45545206563974,41.55223592003455,2.8310934397207377,0,79.80705991693343,10.0,0,0
50,0,神奈川県,27.794807091651013,159.00051967254947,61.43565200425717,41.863589622224836,43.49818354124022,0,98.67837130512184,10.0,0,0
74,0,山形県,24.696635751489804,150.45146719792896,90.32297384727686,41.41856373351223,19.76048291344423,0,72.4577686507401,10.0,0,0
72,1,福岡県,21.221815061850744,140.86791943584632,75.57122182702074,41.746098822977395,10.306284132531568,0,93.00233033688806,10.0,0,0
40,0,群馬県,22.410460466559655,122.32138125325457,67.80638619467766,55.043413186089154,6.848969734052645,0,101.89887906832006,10.0,0,0
71,1,福島県,23.96411068616901,158.5435552019966,182.74953305569153,59.81759162865098,26.93634430996966,0,121.44309061825612,0.27279021957999466,1,0
53,1,東京都,16.993286988165508,117.97484029234433,98.85136100733259,42.9848490582148,17.718034463364173,0,92.51136613777908,10.0,0,0
43,0,神奈川県,22.333132184530903,139.77336404563295,70.58526532689484,58.493945907831446,27.75662282907197,0,71.20976130866231,10.0,0,0
48,0,山梨県,24.152347219308066,137.05164248072685,129.11324617625343,50.684197972114724,22.287255158030824,0,88.66013985375113,10.0,0,0
65,1,兵庫県,24.315864682153084,141.10930688431694,169.63728961036682,42.01618874534399,8.317147763040026,0,88.70030881731144,10.0,0,0
49,1,神奈川県,24.45738045471572,81.99296240777261,70.11742714550812,35.0835149168443,18.436181501299178,1,67.05317220696635,7.4815406806002125,1,0
40,0,埼玉県,22.325324816814483,105.3119837557325,55.29939756186577,41.52186157405983,24.95155215277097,0,71.4214778800515,10.0,0,0
60,0,神奈川県,28.620173777449526,126.49770297871456,37.12781498200589,41.0779477668532,5.536369293842558,0,83.6775283522849,10.0,0,0
52,0,神奈川県,14.637292702497144,125.23472394199929,22.77591305377587,42.63645863483691,8.611353727317663,0,101.31205051538313,10.0,0,0
70,0,神奈川県,29.9166400127598,124.0459422214482,258.9724344665993,60.36167067839804,62.60011066147644,0,116.93462241535859,8.466011802833814,1,0
61,0,沖縄県,22.747133991913834,105.17487252781291,80.81086307543144,31.91513054711606,23.57906546713897,0,80.37782833189051,10.0,0,0
49,1,青森県,28.29081372352028,119.27017500250595,90.20522573401232,60.10316309693731,17.005107811511895,0,76.32546115455669,10.0,0,0
55,1,兵庫県,21.963447644622644,127.1790718177674,32.039351842262,43.72490440527268,26.113021238565562,1,92.50847579372687,10.0,0,0
43,0,三重県,32.40226364260957,142.18909397368517,144.31795034457235,42.45112396587091,24.59438926401546,0,103.43446211296175,10.0,0,0
66,0,愛知県,18.09973922850206,149.30703737606396,72.19144239688599,41.234950233644454,15.373383644161205,0,68.32083822681248,10.0,0,0
73,1,神奈川県,18.082899874587802,133.25759475732193,42.77788039999593,41.552846956221806,19.83324867310293,0,102.35019277783947,10.0,0,0
40,0,愛知県,23.999589733192714,124.61330668023015,248.64402790058148,41.72078727929356,31.578657570672846,0,78.10099732506612,10.0,0,0
54,1,大阪府,21.279049660261236,125.5909911878477,100.81398142540574,54.48354079176354,24.33294807167545,0,79.33875308573325,10.0,0,0
48,0,東京都,17.08368281999349,93.80183879883923,58.53832855783713,49.36269366103787,5.249004120374231,0,98.69474236359189,10.0,0,0
49,0,山梨県,23.10339035582,153.57028157606868,41.54582825813395,41.0828675792443,11.014572185767827,0,77.23966135732785,10.0,0,0
61,0,神奈川県,28.276462422833642,114.48844066098081,82.9254222386974,41.23524806758521,45.64833014965685,0,110.01193376650116,10.0,0,0
52,0,神奈川県,25.421588650001333,139.43291755281055,118.33835595189434,42.814528021279614,6.099653522798806,0,75.94420842753334,10.0,0,0
50,0,栃木県,22.25699008640455,129.24877891461156,96.8466909091369,45.22477208354675,30.021637465354367,0,92.32427035241595,4.355056756965513,0,1
42,1,大阪府,16.780044562937267,85.21152191564057,27.870592381987827,60.08858751786903,5.63701994747483,1,90.58759660030516,10.0,0,0
68,0,福岡県,19.167604478503335,106.95223763204422,26.47223228655426,41.64993411287932,3.6988151189505616,1,69.00982444422394,10.0,0,0
44,0,埼玉県,19.54946293711853,61.795371565387065,50.56487344462845,53.10313701735576,22.395211597528892,0,85.89836270158898,10.0,0,0
53,0,北海道,20.149365888603917,101.16778970090927,52.093375764269325,45.9352430351044,19.730097261822625,0,97.4956566951255,10.0,0,0
67,1,東京都,24.237150858554777,123.39547392624705,239.09375608123574,41.20222966663547,65.63467746786708,0,80.87685753782674,2.2910203289363738,1,0
63,0,愛知県,26.45240794649731,135.5164499498204,50.52296465019742,42.86495496845962,6.4990217423812044,1,77.68199596931657,10.0,0,0
51,0,神奈川県,22.53700731946176,112.17003153884986,55.831494935481494,59.72665222228904,11.296812910059872,1,65.03695777592549,10.0,0,0
74,1,岐阜県,19.13216067066039,121.79088981844176,42.23004309847643,51.34162401187344,18.685339667097814,0,108.33093553219966,10.0,0,0
68,0,大阪府,23.763400056782913,129.81703454900008,55.29316625477797,41.2298182644128,6.084715338095048,0,101.63419790386644,10.0,0,0
66,0,神奈川県,30.369405986332385,120.72335921075187,96.94452878256716,54.31502899164876,32.8493008383021,0,111.50614879114687,10.0,0,0
54,0,神奈川県,28.710823970083503,115.81774615172026,165.45670600765237,51.52272819530888,4.122893746150651,0,118.81474958772336,10.0,0,0
42,1,鹿児島県,26.625602370045325,117.90433837406009,161.68314793471333,41.04099083092938,29.911918170360458,0,76.3129442155581,10.0,0,0
51,1,岐阜県,23.245427594492728,97.25002857939944,95.38534045195239,50.29003182494184,32.32222956123694,0,88.11586572304189,10.0,0,0
48,1,群馬県,27.332609797515804,133.37839378006868,293.0222526541379,62.174166328832364,13.554544434999938,0,100.06540556289323,6.313369431395826,1,0
44,1,神奈川県,21.605776391927957,106.51640665747212,40.391491917420105,59.68614842697598,13.303360033434414,1,108.42695496047816,10.0,0,0
60,0,福島県,18.90476902304745,135.9693339686386,131.37564847308715,41.86361242514487,11.46523429490125,0,103.23240667249766,10.0,0,0
70,1,福岡県,24.40259861050574,157.4027852447522,139.8695267153753,42.20742826087801,14.375500912780346,1,64.15872649489852,2.288254708921125,1,0
71,0,神奈川県,26.762314664793163,151.46284356530447,133.7818901874483,47.993207069060674,20.625792698563867,0,86.92998741587806,10.0,0,0
50,1,秋田県,16.383884870766146,104.05997700338119,6.346724509300077,50.173006825517525,0.9555271569771314,1,69.6120759365592,10.0,0,0
52,0,神奈川県,21.8062138706905,121.26763539009363,76.10734170093863,42.35718312230537,4.979489209907822,1,102.19182071942274,10.0,0,0
45,0,静岡県,26.222897172090082,121.16568636855483,103.46669228216658,63.4013604157751,26.11326406693154,0,86.64805806563086,10.0,0,0
42,1,大阪府,29.54578574620834,139.96224287590582,75.43280092715314,42.4628109491689,9.01557073502555,0,94.4972049871427,10.0,0,0
46,1,東京都,21.938573871451297,116.63885623450454,65.33175026018502,41.86365569636838,14.325383483479067,1,81.16524360258306,10.0,0,0
50,0,神奈川県,20.29894793825051,134.3659107844596,97.08795518461704,41.238369369477155,14.477285131816393,1,82.18186758830335,10.0,0,0
56,0,千葉県,15.055572748554367,103.16638162806481,70.24635316616586,41.745586763634805,2.6374744845804736,0,102.29477649373217,10.0,0,0
60,0,千葉県,18.06851140408442,150.1146151083568,29.43063951009466,41.14180658233412,6.990757721224898,0,53.98888405686582,0.7318209889311754,0,1
64,1,東京都,28.58752854938433,114.0930859222455,111.88315318528936,41.087160358309134,5.122180015662365,0,84.2780644785108,10.0,0,0
52,1,神奈川県,15.79343463479756,107.59442943516152,47.02499693812391,41.8150953891013,3.8738436358854584,0,83.78657819807127,10.0,0,0
50,1,神奈川県,20.192397587430417,131.16168098567206,92.80367090260098,41.51887234887847,13.134150160351282,0,65.53411836271069,10.0,0,0
67,1,栃木県,20.30153865691053,99.19409737748356,70.6952476664411,32.04972068180336,6.184180272317911,1,101.04626146793458,10.0,0,0
50,0,神奈川県,20.679453118518662,105.00221425594792,40.24158805410725,41.01741034637222,0.6177623580828471,0,84.54605263715986,10.0,0,0
41,0,埼玉県,25.338548172023316,106.51804350449027,80.14512984664626,35.333214363807045,17.41917025739353,0,92.62713627798098,10.0,0,0
58,1,神奈川県,20.716325732471564,142.90951428661188,17.643370850689394,47.96288943737557,4.3834557057070676,0,62.57320839061301,10.0,0,0
50,0,兵庫県,20.364743124200718,123.95780443121564,37.857445256357614,41.85146618021993,16.066886867984326,1,64.45426763232021,10.0,0,0
45,1,京都府,27.29692050255419,144.97994211777663,195.96829531772735,63.416262490437674,22.54558911594914,0,109.67588165973719,10.0,0,0
54,1,神奈川県,27.720822442749128,126.36861974143909,101.87622393485651,36.17545680608803,7.859561915900918,0,76.8764466112684,10.0,0,0
60,1,神奈川県,23.45875792148418,154.7232849577566,115.59758798855361,50.84278052379568,42.82147553154574,0,98.13875732552138,9.714181202342044,0,1
53,1,神奈川県,19.582317711561885,88.06221991884271,44.10367087948833,51.41475544952568,5.501401458790103,0,73.67474821947502,7.60084511435032,0,1
60,0,千葉県,20.299955871158332,101.1196351940424,105.7971756472122,41.692307650583246,4.803144239328035,0,94.56613277567166,10.0,0,0
50,0,大阪府,23.20414385851584,123.27665905963778,192.19378649182846,62.45590659182303,34.810394195347314,1,116.85203870814702,10.0,0,0
71,0,愛知県,21.93923030260052,146.4869426906062,70.78320309604705,40.98167294484246,10.290461153838358,1,94.98532635920425,10.0,0,0
70,1,埼玉県,24.710243618839193,126.73189178198564,24.11541385851443,66.00599003854366,7.414696681600733,1,81.4958540575513,9.8581877823723,0,1
63,0,山形県,25.47182139705252,118.16004013897441,92.74578767909424,55.13286203423257,62.51059469959414,0,90.01715502653015,10.0,0,0
51,0,神奈川県,24.33261039333645,125.38597486132564,172.1003308905958,41.36042745745898,15.80304234677165,1,81.21812551802046,2.0543025915801136,1,0
72,1,愛知県,23.604572551411618,138.4804313122614,70.20023267387066,51.11855617092895,3.279419215970629,0,100.54185075247653,7.430932335689092,0,1
40,1,神奈川県,26.21266480549758,127.42829768256757,72.25553609457104,76.206641790485,5.634221452021399,0,94.8967332442993,10.0,0,0
73,0,東京都,24.88405586955372,157.53336087526108,65.0101522647583,57.53471445738238,14.721016640278997,0,89.2075582661263,1.335911184767293,0,1
53,0,兵庫県,22.02451150563382,118.30410751582103,56.607194131070365,42.38078404220611,10.532953842874736,0,102.64580197380208,10.0,0,0
43,0,秋田県,21.595469187067824,96.22490662511404,37.94520947085975,56.39771976431003,5.632216966517096,0,105.54818374124224,10.0,0,0
47,1,愛知県,21.255972701384678,110.109921168067,22.40490007375931,41.347807305511324,7.489722296199865,0,71.02867951059754,10.0,0,0
40,0,沖縄県,27.348234379795958,75.6624014215409,47.10767498465268,42.97616718921141,28.4423674968782,0,92.24889052007333,10.0,0,0
69,1,神奈川県,25.06795424273139,150.82178570718668,70.58020131161379,41.5042627667944,3.089519599873755,0,87.78523838139245,8.815714201641327,1,0
47,1,神奈川県,21.653989946905973,123.36609455479127,121.92407936945048,42.711111158927885,40.727752428215496,0,114.08165324217187,10.0,0,0
51,0,京都府,30.11752398051354,141.64400031956285,225.8125079011338,41.08326712770099,13.940753485594811,0,114.52301347861717,10.0,0,0
70,1,静岡県,15.150583607106315,121.00511583441256,111.62010803078405,45.400565976060946,7.9368004307882565,0,72.43099609432979,10.0,0,0
68,0,熊本県,27.35846119092541,152.71797395924858,169.76407915426194,42.3082003144776,37.470201506593845,0,83.88415287935462,0.9174485073010364,1,0
46,1,埼玉県,24.124491482009912,122.41311538950298,91.3361867619435,61.11532895047732,43.452485137092815,0,89.59950765906264,7.635030539568481,0,1
54,1,青森県,22.885317554565844,99.21267453464024,77.78268982186023,41.20494696777651,61.91136502876536,0,85.51300167000629,10.0,0,0
63,1,福岡県,24.341310163387845,122.87792663663926,124.45934352356102,38.8086680474487,5.7909373083483935,0,116.9707767776138,0.704270967857897,1,0
49,1,熊本県,25.94159620189174,114.63056245198388,204.79502623593524,41.613037789662506,11.522443846259941,0,95.0918586152826,9.820309449007684,1,0
61,0,東京都,19.513211190919908,108.2392909907045,46.577501977982,56.38303818230227,12.948179662495189,0,91.25503898448419,10.0,0,0
52,0,神奈川県,20.19248513185883,153.08128645664198,75.33880009622641,42.06073111168546,7.523446501135659,0,83.93648774246103,10.0,0,0
44,1,福岡県,21.895025219622838,120.76253821961375,102.93639180689925,59.20248368084862,15.158561439938564,0,73.74089993332615,10.0,0,0
41,1,東京都,18.211728326748435,96.14870602133578,37.638116473930644,40.95499802286271,4.944571408058716,0,77.94281270749062,10.0,0,0
41,0,熊本県,28.27733827401859,145.80384620652885,60.540727322118784,41.20484416968873,10.826288010236366,0,80.62210563695824,10.0,0,0
65,0,神奈川県,22.475189397380458,107.58269729035972,8.481603843284915,42.18581156032502,10.049252543166794,0,80.44426818095494,10.0,0,0
54,1,富山県,24.246138155684214,112.17296649458746,41.71472738023012,42.82401613019637,26.511939536952905,1,82.33884978023438,10.0,0,0
70,1,東京都,23.821527201353746,161.29278836771098,235.30124279129964,41.84516031409953,16.647082777940675,0,102.77180495068099,9.139435411382893,1,0
59,0,兵庫県,23.02239444972119,143.41287266732166,90.29143462698023,42.6058822628679,7.815318093026107,1,85.54871385650928,10.0,0,0
71,0,新潟県,27.574388902531318,148.71611334525696,248.49196753810233,41.53252404332536,18.02363393376221,0,123.08109055583013,10.0,0,0
57,0,青森県,28.59258829775753,148.96632357085397,229.31275689765863,46.097442571015264,35.10544374136426,1,108.70720080966501,10.0,0,0
73,1,神奈川県,26.47735151522853,137.52267376784408,67.83657302419711,45.23097167736988,15.007995422228632,1,87.85617840497909,10.0,0,0
58,1,神奈川県,20.556564031445422,120.71738221453214,84.95794603166004,42.371026715824115,13.88641469999594,0,99.55111058008899,10.0,0,0
66,1,神奈川県,23.11971286804367,151.43217577247856,202.0472494269433,40.25568338300016,45.92875955185276,0,93.33822373960018,10.0,0,0
58,1,埼玉県,28.029139066499443,136.2213835127501,127.57691830749953,43.05314926443549,22.971801364198043,0,112.19565425020976,9.73525785069745,0,1
63,1,神奈川県,23.2452351262369,108.44179262665779,108.84990241968278,45.224443430814496,5.555540707517936,0,102.84545004090056,10.0,0,0
64,0,神奈川県,19.862844637690753,120.29296223607375,58.26382459599691,40.84650563984959,6.855974058443182,0,83.97838163057192,10.0,0,0
65,1,愛知県,27.451026291452543,140.52011676391507,210.59067506268244,41.548008526516355,21.891345777715003,0,71.33630278153296,10.0,0,0
46,0,熊本県,18.855891986785235,110.827034163233,70.40882131254716,45.563417819156776,26.781406741511425,0,80.39309982577048,10.0,0,0
63,1,神奈川県,24.570375962052722,140.09053855705156,362.7336278911097,42.090291661293946,28.49000631617591,0,117.67960702417034,10.0,0,0
71,1,神奈川県,26.619717774386938,153.97663629340013,110.22411639353577,42.48234997132986,10.986459958665218,0,76.15407495847333,10.0,0,0
50,0,鹿児島県,25.176286575107106,104.13461529286347,172.14713420238363,41.21668690008958,42.13316460609353,0,103.73610632684891,10.0,0,0
55,1,神奈川県,28.302649668825943,111.88927790281008,129.23610305412538,56.17686727411225,21.347092837630512,0,89.88789744196974,10.0,0,0
51,0,新潟県,24.418818799667655,126.76963888159098,81.10656772858026,41.38017363840561,4.529820523166616,1,91.46871200010861,10.0,0,0
60,0,岐阜県,28.46007758539535,156.98038614218012,153.83725116219776,52.133298353569565,82.16480272155354,0,104.34106477126079,10.0,0,0
74,1,神奈川県,26.450620028676408,128.1237249138622,147.05403299948094,41.72826057400685,8.086525679310647,0,102.30658518701632,9.289650836890937,0,1
45,1,東京都,18.808577545621237,162.70868614514518,34.317248504578245,62.86401319038724,1.958879521777846,0,71.20912347493984,10.0,0,0
49,1,神奈川県,21.861463116083787,107.60921908510518,58.29019503613759,41.49852820076933,4.480839627186174,0,97.09555190441151,10.0,0,0
73,1,大分県,19.91570950247456,129.36236098635837,44.751940991886265,68.04770273037155,23.24718340465423,0,92.98961349706576,10.0,0,0
68,0,神奈川県,22.43245050660699,104.87959629759841,247.4389610995913,41.96395721155641,32.3504962622204,0,88.74373246907653,10.0,0,0
53,0,神奈川県,22.747925775344985,101.78244328228018,182.78296658224505,41.12030238475399,105.91887416497605,0,114.44151632317872,7.13226794067838,1,0
52,1,神奈川県,25.901752610211954,159.69666525229474,473.5045459012572,41.83970920060112,19.473324824663102,0,118.81504704709192,10.0,0,0
49,0,福島県,22.169788847066883,100.15112063955193,45.311580590067834,41.29449248992249,7.204418038193279,1,71.55426900713961,10.0,0,0
47,0,大阪府,24.345239003263075,127.2854586749592,70.61432250296194,38.595076653545135,13.562327833084941,0,113.0849791310539,10.0,0,0
69,0,神奈川県,21.30022245119547,119.77941006746777,90.30537083809516,42.28964402381197,13.362484046277391,0,82.55491056091722,10.0,0,0
69,0,神奈川県,17.37800960973333,130.87998804968802,32.60861283223524,41.64401041921796,22.85704803942742,0,99.77683962848091,10.0,0,0
56,0,北海道,23.120353251810347,124.043296154521,72.30791337131328,42.674373333479316,19.64311832758298,1,94.09891582603225,10.0,0,0
44,0,神奈川県,21.369908418990246,123.42913937855667,56.92587973651488,41.638941431941625,56.429455427663626,0,106.83628565702637,10.0,0,0
46,0,福井県,25.919395568821848,126.8898566837117,32.3327979821071,40.73325051064746,3.3248150755818084,1,91.40783080230943,10.0,0,0
74,1,新潟県,33.62575262281369,128.63778548505292,201.3679361567896,53.22886404132648,27.857832723668025,0,101.91622905457157,10.0,0,0
41,1,富山県,20.175516679131736,85.64118288985792,147.86515452337736,68.12637517751682,44.13651643732472,0,97.34110540520557,10.0,0,0
55,0,岡山県,22.24312779572415,87.21613952271794,29.25916519146275,41.00172242250883,4.546893669609261,0,112.57960879916102,10.0,0,0
40,0,埼玉県,22.23249090896696,126.75676271317005,19.603518835405975,41.29013190054809,9.637747278602621,0,81.6708604504037,10.0,0,0
49,0,埼玉県,17.255602594955647,122.52942659607852,62.44341892623902,42.047945057016484,8.825212893753834,0,98.21784909709866,5.721928494935586,0,1
40,1,神奈川県,12.256568730447691,112.72487238114186,43.82853433670578,41.570480794996094,5.6481037269244725,0,65.39905968828795,7.26362948794463,0,1
44,1,岩手県,25.68211062248572,144.5669675463794,68.44348475265397,40.54444302671509,11.894616466210616,1,90.932888186048,10.0,0,0
40,0,沖縄県,29.928689289138475,101.31294924593126,55.889792156636894,41.8635893115272,19.8187339519854,0,77.20825562455677,10.0,0,0
46,1,神奈川県,28.36887045681089,123.3619046548435,74.7338594267276,40.619702555646874,7.964540085967801,0,97.10317653137297,10.0,0,0
52,0,神奈川県,22.937201347154055,102.65012038935457,82.480871704586,41.46706466429339,1.9222911022485318,0,81.19367347224379,10.0,0,0
54,1,神奈川県,30.668881924883987,154.2974211314231,265.0489784260889,41.16827559488871,19.494513143026637,0,109.87279561487269,10.0,0,0
67,0,愛知県,22.56950037563038,133.984916497321,60.735477835466,45.64995093701805,12.597173326183947,0,86.40930758188492,10.0,0,0
56,1,岡山県,20.49007821769209,124.0437682122405,51.41804659563323,47.99729929506303,27.114307291176143,1,91.10527232460196,10.0,0,0
68,0,大分県,24.1565118364991,137.83774041471517,82.48144739250947,40.83300091023606,34.57141539500589,1,123.0580909632371,0.23154873687803346,1,0
46,1,神奈川県,20.431405067920483,113.6527340893006,34.331729110533736,41.8840051621582,15.657756893419542,0,83.15730941855327,10.0,0,0
74,0,神奈川県,23.224509675850108,149.51370739901327,82.37924643514536,60.39538936446394,10.289798401461756,0,104.83405716212114,10.0,0,0
71,0,長崎県,24.696237583829404,129.42637889293403,232.4723436544612,51.87748323966789,23.793062299791643,0,86.74026297657524,10.0,0,0
44,1,東京都,19.9177878291501,122.31594903339892,118.67934061184123,41.85192934205742,6.037536617313412,0,101.56201716274005,10.0,0,0
45,0,東京都,20.10905373615026,98.34948824762378,131.17272604093736,41.09501758913411,7.159577350935297,1,108.17101565941996,0.299597937239737,1,0
74,1,神奈川県,25.458887560969977,120.39314473489446,209.82560859228087,41.18914132055448,2.9414898484428362,0,65.02129006068361,10.0,0,0
74,1,神奈川県,23.05561499794539,147.47263421061626,184.60604050847436,42.12098996887408,2.176136757015272,0,118.81508807467291,0.28911478601867663,1,0
51,0,山梨県,27.027609535320035,94.41978078449287,81.74477150053339,40.763586845554514,12.597866450940565,0,90.33564144467351,10.0,0,0
53,1,福岡県,26.61247956132849,114.82917913254724,82.84022786127989,44.001039875016474,13.391271871524205,0,93.94916779763453,10.0,0,0
40,1,埼玉県,25.60272268440797,99.25858125834327,42.29698888696657,41.33352632996674,17.66266826473925,0,90.93760165218006,1.3728320234225404,1,0
63,0,兵庫県,16.203365604654127,107.4550916300307,42.25815792862584,44.03315293642234,5.493120021787026,0,88.29892492883518,10.0,0,0
52,0,大阪府,27.249350012405994,123.99152599132437,179.21778202259728,56.788588149969605,98.24663626069744,0,89.13509850075329,10.0,0,0
49,1,東京都,21.965862230411993,136.43950571260476,68.03730148141929,42.19180226406436,22.292045985829894,0,110.90002002566958,10.0,0,0
70,0,神奈川県,21.732774380217368,104.58169094800782,54.84869514997286,53.28574955573045,5.089876644184576,0,105.72925975592985,10.0,0,0
52,0,神奈川県,25.473283312902893,141.4478706058328,183.3420219102985,41.50628060882035,15.250228420224513,0,117.19407951418768,10.0,0,0
69,0,神奈川県,26.53891242565601,136.3553386665449,63.370679277959624,42.192481284646234,7.903895017755321,0,94.98918232568714,10.0,0,0
71,0,群馬県,22.41377316096171,131.138200541362,205.06251001455567,60.8614168888999,10.378216333046932,0,116.29357079858666,10.0,0,0
45,0,神奈川県,21.211820702259438,114.85734929723009,54.25875868053798,41.2911700831206,7.750216478708095,0,78.35916235573015,10.0,0,0
51,0,福岡県,20.130506158867092,121.65707884623481,58.32454740495671,42.20331847971129,2.721040376741498,1,91.25658905204497,10.0,0,0
70,1,群馬県,22.349561513713844,137.65375024121343,51.85292467955472,56.1532804932228,4.0392972921222805,0,72.45874998930083,10.0,0,0
53,1,栃木県,24.04828920730681,124.60616223595565,58.47335830983911,62.7223031092402,7.880959753547291,0,92.40340127837563,10.0,0,0
69,1,和歌山県,22.856714427744212,148.61790252510266,101.95347213579954,54.539254475777554,25.9237204902232,0,84.39410348893095,2.637918216932246,0,1
48,0,福井県,26.208770762709943,138.7005937269068,60.45592679329373,61.06227343447341,48.40984329427602,0,92.5053694239843,10.0,0,0
70,1,東京都,25.447354137882897,128.51930317260292,124.98239793890866,54.712727247573696,65.76081301312595,0,100.16808022387247,10.0,0,0
49,0,大阪府,29.691615675222764,149.03628956229358,104.38681599385819,59.25198899386965,17.143674449697045,0,84.2965830352652,10.0,0,0
58,1,兵庫県,24.884637507907833,109.84981366858442,24.623506179000703,51.81372700249569,25.813135052139152,1,83.69077795208676,10.0,0,0
46,1,福岡県,18.13145033552121,96.95358390800023,31.942422493913078,57.296409337063544,10.981356135106594,0,59.669042137739815,10.0,0,0
40,0,神奈川県,20.174286638319042,103.11790240886357,60.50225325920099,51.38693118557582,6.816596332070435,1,53.993396717648196,10.0,0,0
48,1,神奈川県,23.600825851268386,131.13499899106682,189.13204347283383,42.87048027406926,80.70640365917188,0,105.8771385470058,10.0,0,0
49,0,神奈川県,17.839829687790484,103.26005926285511,25.44594333156817,41.77449033552022,15.469185700450241,0,125.0,2.0943092282387563,1,0
62,1,神奈川県,29.65742901866379,133.07880085482105,126.45295634676583,55.39597806940056,57.4624168038134,1,81.07885173242842,10.0,0,0
40,1,愛知県,23.10364214261541,149.56198031193236,97.20012652889908,41.72108336633417,9.1148604817652,1,89.18872966952208,10.0,0,0
51,0,新潟県,27.193961736261574,112.1586043998594,63.38473217578183,57.26872309268235,52.1137319758926,1,108.10470313625457,1.150436325846135,0,1
72,0,東京都,28.471111809379018,130.16710544857239,39.567002786796046,41.567350044035,19.31408274104887,0,97.32067269369404,10.0,0,0
49,1,大阪府,31.833848589149948,135.66755083575913,121.05988288547292,41.04351564092976,27.917781047459005,0,110.87419391981749,2.8130010553973617,0,1
62,1,愛知県,14.09984135349419,102.14538266835594,10.27792993621676,42.95327239726737,2.7744150962163125,0,77.00444826584582,10.0,0,0
40,1,愛知県,25.097395622883603,107.55770028503365,53.38668720383182,41.710434907728676,17.7713313659582,0,85.6375661561004,10.0,0,0
54,0,長野県,16.94271576422386,139.97179005297977,33.19037353666164,56.622638164025624,8.872195772578582,0,90.92285608335649,10.0,0,0
52,0,滋賀県,19.658016602713026,130.36901370934066,46.99126323735921,40.729503861439255,5.624650575704096,0,87.49179895398925,10.0,0,0
44,0,東京都,19.012741073590153,113.33995756897397,85.40770680592277,56.410597888738046,34.22870860471849,0,65.97201116778896,10.0,0,0
57,1,神奈川県,19.5552770359855,111.57694070025205,67.45054245691443,41.81493036084887,25.952066887363827,0,78.30747483625728,10.0,0,0
52,1,神奈川県,21.07880922805388,152.8578236817171,64.70477200377519,42.203579552218194,38.43528641848952,0,65.18599392764382,10.0,0,0
60,1,青森県,23.959771585773794,164.25630265068668,60.48631133788356,68.41592027821551,13.175453553464543,0,104.8947273639404,10.0,0,0
43,1,岐阜県,27.69679912831569,120.76054229854084,164.7521841362744,47.71973218538308,28.368516733909495,1,85.61545088872774,10.0,0,0
54,1,新潟県,16.629575710829442,103.13742942819167,49.79811113238442,42.19137667610682,1.8408678421329443,0,86.85994997904199,10.0,0,0
40,1,長崎県,20.88435624724393,96.0975097679902,53.49687882195613,48.7202901463363,9.207828690134097,0,75.494991506401,10.0,0,0
43,0,長野県,22.737129595711192,119.76702910785406,63.42762330524218,40.416845782416054,5.659006036066662,0,91.07229087104261,10.0,0,0
72,0,千葉県,17.205547079164894,88.85912457857204,70.57283755171358,41.66367106362455,7.93573969661505,1,89.7133185819311,10.0,0,0
47,0,福島県,16.45573239395358,104.08501347548987,11.21107140311574,41.70817397602805,4.001181924573675,0,70.63151304885001,10.0,0,0
69,0,神奈川県,22.339115387021927,138.03533869047396,73.63669944592884,41.71775783068722,13.088260581683857,0,86.15499407405022,10.0,0,0
55,1,三重県,30.136329541140288,147.50568008490578,200.4133308657558,52.74976860401415,40.707515050971914,0,99.54116410146824,10.0,0,0
74,0,神奈川県,26.829296927121177,155.59670861121634,184.51647751660195,42.18463495320717,48.379113926411684,0,113.02664774254961,10.0,0,0
47,0,岡山県,15.174981919060654,130.66038754592515,53.72958776699512,41.66237513129411,8.232273741610896,0,90.39762827411451,10.0,0,0
74,1,神奈川県,21.695432192165768,118.24987504287871,38.88101817078299,41.68944434907051,30.70548733375612,1,111.44031388957913,10.0,0,0
58,0,埼玉県,23.829826083961056,140.48927124777407,69.20850818463812,55.81295342043526,26.023898140877026,0,97.65256446121234,10.0,0,0
59,0,神奈川県,27.694368057636495,127.42715834446501,29.541107869406783,42.207857921216046,12.794740232055027,0,105.02127426009638,10.0,0,0
48,0,神奈川県,18.276218251824485,119.414316185188,60.16006198198005,60.84722968269155,17.02840484940475,0,91.82745378920613,9.131178223648627,0,1
44,1,神奈川県,24.807142935358648,116.68729950292901,162.83601517845634,41.93589914801296,11.440418413808745,0,71.03126941789476,10.0,0,0
40,1,福岡県,17.633962000803823,133.2457976904929,143.4873856516191,42.60049795410964,21.62063795303076,0,89.5774159062862,10.0,0,0
72,1,神奈川県,24.65157838235969,138.74562562633415,26.049424322814264,63.53928034881002,11.455299505689677,0,106.56994178927204,10.0,0,0
48,0,神奈川県,22.07783144550729,132.6624115213989,66.69563880934246,50.70350598605401,20.06505956822908,1,97.89377155862462,10.0,0,0
42,1,沖縄県,25.710423243702344,111.88994974468068,64.70508966082777,41.42032942056787,9.277688654788449,1,64.81519059952626,10.0,0,0
73,1,宮崎県,27.61255561511946,140.2734337649595,58.970585366121796,41.56992814084596,2.1762984808644856,1,76.94591534958795,10.0,0,0
74,1,新潟県,25.70875069906486,132.08165690369614,145.86446248313476,41.20551584762604,19.625818558166987,0,94.64376578186575,10.0,0,0
53,0,神奈川県,18.498192348717453,104.16210058528712,56.50676612393026,42.976159064438534,10.781570181187663,0,52.47430168129885,10.0,0,0
45,0,東京都,17.699631444005465,127.2144100045727,81.09651920933675,40.88303509582776,18.27398443588654,0,89.91375813726499,10.0,0,0
46,0,神奈川県,29.384483258450278,139.20695410827904,41.56730286111232,47.69164323227046,14.839083880481379,0,110.51061845872833,10.0,0,0
43,0,北海道,24.22968041160243,130.06649734829975,187.35247348391377,41.05103486909696,15.958749651469267,0,101.58555371609951,4.876008064927732,1,0
54,1,大阪府,21.408055419507132,115.32382681682483,68.74224222100413,57.05585611439973,19.317886372083265,0,93.09802760286397,9.393218095797096,0,1
55,0,長野県,21.809644397249304,115.01415846993392,60.766361227666756,44.62020789998862,5.653176875327643,0,63.62507827541292,10.0,0,0
64,0,福井県,10.289463879513429,75.25823609840975,10.495898915697918,50.31652838691449,3.291363528058358,0,63.23398987703194,10.0,0,0
42,1,神奈川県,19.0004191425174,88.11167100389852,95.01388789551514,41.552802884188786,1.7100353889082764,1,70.59383092671501,10.0,0,0
43,0,神奈川県,15.113472431974165,110.02723444759431,70.18791838529894,41.687608905158996,26.75538152063541,0,63.939273409634666,10.0,0,0
49,1,愛知県,19.324726881268223,88.90141183001161,50.128620923163524,42.25856553444925,4.777879543923964,0,79.90797337104506,10.0,0,0
65,1,岡山県,27.93923193741347,134.54036832724645,86.63250868139522,41.7803624516572,7.7076405178053555,1,78.84864187849773,10.0,0,0
57,0,神奈川県,16.377719030083664,65.00871303713667,56.79393397764862,41.348862023963264,6.9065057054792875,0,86.16794018269327,10.0,0,0
59,1,大阪府,23.39756451982341,127.28155195326832,59.147659729395286,57.53517215495784,13.203574419294652,0,98.56544173240552,10.0,0,0
57,0,福岡県,30.165867636867336,137.23146104914863,54.69239782433493,58.273376237255164,97.32816373796233,0,109.87260171476534,10.0,0,0
41,0,群馬県,17.655584675314426,105.26678219689691,27.071960078803173,51.14903998522747,7.719607343528666,1,81.19836972398637,10.0,0,0
57,0,愛知県,32.315381340020195,160.3069636920264,111.79775926433254,42.13107514568515,45.694270838948256,1,105.09765482780985,10.0,0,0
45,0,青森県,24.579189454062806,110.87357390327118,73.54766882450421,41.05079260320802,3.066868046288714,0,81.45616628992728,10.0,0,0
54,1,三重県,20.21102775374386,106.93941504345442,89.52619351387739,42.09776932583657,8.625991945328822,0,76.34404741176121,10.0,0,0
71,0,新潟県,32.89933808478611,145.03863440627885,82.12987639239361,41.753412665067266,35.10905961720329,0,98.83928476526687,10.0,0,0
71,0,神奈川県,20.9720142422433,120.31417309593849,28.148647633042227,42.293337655180935,4.235356092414284,0,97.1399205516271,9.648288055966214,0,1
45,0,大阪府,24.70317574117197,135.67866565261727,67.39385388524298,41.28469450688039,11.459033437229913,0,62.616375740729744,10.0,0,0
53,0,兵庫県,28.180425643049073,129.4379926398209,173.6214537034893,51.30051086156046,14.23036950462843,0,105.23695821407712,5.314812737585416,1,0
59,0,神奈川県,21.271058611454606,118.12896576131556,77.98168838593526,40.19355813539296,6.176718639218874,0,71.03287463671671,10.0,0,0
48,0,愛知県,24.175032634446055,123.92610010596306,49.00333214797022,40.98647169403644,10.757556701933323,1,103.04934703608839,10.0,0,0
73,0,神奈川県,23.233705971120038,132.4941634454494,58.81104086982913,48.67448091672258,13.513641258470292,0,110.32457475802038,10.0,0,0
57,0,茨城県,18.68235480811956,135.56211287893078,99.88657958251105,41.03482112784849,38.21255661564597,0,94.27248687387993,10.0,0,0
51,1,茨城県,22.747352039801356,133.67242263278388,105.26151107350398,42.219903528520085,12.102896433669303,0,106.24565519971014,10.0,0,0
46,0,神奈川県,21.605664840918347,142.11240944362933,32.12605126225751,46.118886680241864,10.961540862833658,0,74.25258903629928,10.0,0,0
44,1,福島県,21.042003127954096,95.38725498510775,44.74918325531386,43.87528359847757,3.982772218392342,0,77.36716484589823,10.0,0,0
69,0,鹿児島県,27.41073390853917,139.9897870141506,91.14291947209212,41.69009828978278,4.261474706343955,0,85.62902475650947,10.0,0,0
49,0,神奈川県,32.71396586340361,165.14740659030204,519.4461712893292,41.198806391645924,14.249151867142718,1,122.09756072597752,0.9959316025709567,1,0
57,0,宮城県,31.40333565711442,153.6043141382262,263.5664743548461,45.22476874081555,21.990754181424197,0,102.66723828128137,10.0,0,0
74,0,福岡県,17.382352567882894,121.29206389882444,35.01540702142491,59.72365983844771,13.057390330967452,0,82.44372299351528,10.0,0,0
58,1,北海道,25.61599689193927,117.84955569955025,53.320862759083155,41.91716611052832,29.568416042319182,0,79.63265810211053,10.0,0,0
66,1,北海道,19.845546659729024,125.19955340010563,170.3082047060168,44.63116894058861,9.42633121397297,1,89.09530013638091,10.0,0,0
49,1,沖縄県,15.381600686392822,104.62472124393231,49.20449055872302,50.19978830699555,20.61779213779922,0,112.69986805369425,10.0,0,0
49,1,栃木県,20.972353592202182,123.47416823837327,23.172071250413584,41.24381139677159,3.9651187058315402,0,68.74576466882229,10.0,0,0
70,0,神奈川県,22.481855845147745,132.51882511014955,114.81671595307715,40.966996696118436,5.509786468832048,0,105.75496574583931,10.0,0,0
71,1,北海道,19.226625376164225,101.51836859741147,202.5819083519078,40.73103388196286,20.81675933459222,0,80.92151413270386,10.0,0,0
40,1,岐阜県,19.920622657977383,88.56932431844545,24.269144543389643,40.542792922349015,5.766645927507644,0,96.35331146173812,10.0,0,0
44,1,北海道,27.256178129735087,111.92834117811819,91.26498761411679,43.03461395894896,30.731607458053503,0,113.82860139339168,9.304450353773712,1,0
40,0,東京都,21.291279463384058,85.544117098188,65.47021674233818,41.69891604374926,21.63297313991257,1,58.846471260617115,10.0,0,0
71,1,神奈川県,16.3264459672427,153.86223824021053,56.22659119351621,45.2865476775426,1.5295538383262037,0,66.80276161552145,10.0,0,0
57,1,神奈川県,28.89384258106098,105.30504186214912,170.63046539202344,42.95604774461062,27.209536207234486,0,117.9764326443354,10.0,0,0
51,1,神奈川県,28.856863086351215,110.55236132033433,191.9459354477147,41.77554438124493,42.7898204225397,0,93.43518195826469,10.0,0,0
67,1,長野県,24.563951076010177,129.7201601791512,170.6604314122602,41.879670226073614,6.372377523885324,1,79.49723723140973,10.0,0,0
60,1,長野県,17.21759876271908,119.44930026329615,35.9963600345985,41.04531838366722,2.850473518791838,1,105.44955470355485,9.305610123243381,1,0
70,1,福岡県,19.152468531342734,109.14281263230562,29.11404011885368,49.28076128412203,11.463731597034386,0,84.13507684071467,10.0,0,0
54,1,鹿児島県,27.850840338941488,138.4853975793742,40.66352297880741,42.774823085547695,6.557126512799055,0,110.88109092685055,3.8074113383591306,1,0
45,1,兵庫県,20.656390573951672,127.28689434149577,42.280260178303394,67.54718322870684,6.607273404039155,1,66.1582988993409,0.3213690585593356,0,1
52,0,神奈川県,20.147748708667486,143.2223375123824,25.571712306052415,41.83271939450782,16.2171300307261,0,64.29421590974259,10.0,0,0
41,0,神奈川県,24.99366532546222,140.76069465938724,159.40913662815487,41.29085838939415,47.85209748770909,0,98.29062419488363,10.0,0,0
52,1,神奈川県,21.10844987419331,119.40561946166149,40.30601866108384,41.36635364676659,17.140445707072143,0,85.82453132369389,10.0,0,0
74,1,大阪府,16.918426007177747,131.16063984104633,12.375391642061626,45.58047409842615,4.179178577059414,1,73.99893285516926,10.0,0,0
44,0,神奈川県,27.08541959133508,102.40918290500504,127.09714373630564,42.83400104841963,16.024349826038744,0,98.35039109111162,10.0,0,0
73,1,三重県,16.579889892354313,128.58946198226218,53.482266236511265,47.55937002162553,9.578023097161722,0,74.0566466635571,10.0,0,0
50,0,長野県,25.19596534893697,113.86414530335297,49.26411269456131,42.05556668033665,45.70207645885446,0,72.02899598325841,10.0,0,0
45,1,神奈川県,17.145725590207558,108.15080986384913,122.64852530252575,52.12377813118475,18.98455078564641,0,89.31772882101482,10.0,0,0
57,1,愛知県,26.022657309839335,137.76628840497605,135.68258195332004,44.615450405059825,44.055938965632485,1,98.37939599041938,10.0,0,0
47,0,神奈川県,22.03679074261884,101.75760448611206,30.12607897825358,45.68887522704986,10.348542923900787,1,105.44207068534372,10.0,0,0
50,1,茨城県,27.63882896891966,128.54716334410816,99.90950178660489,41.974162228628735,34.63044690059362,0,66.16781295800946,10.0,0,0
74,0,宮崎県,24.366505855295543,155.84378644866175,87.46860841589485,41.97389725255203,23.899380604155205,0,106.70689114871237,10.0,0,0
70,1,福岡県,23.598875029571232,124.31773782198042,201.45943168840012,41.243504610829476,23.377936738306836,0,96.55964302246267,10.0,0,0
61,1,神奈川県,22.545383931242768,132.33788238201365,104.38237572149582,42.08822245705689,10.858535019059998,1,86.89161784980254,10.0,0,0
51,0,愛知県,23.254009950560853,120.30135403655375,36.35615958073585,42.024913077625726,5.401932591296195,0,66.41362941513103,10.0,0,0
44,1,神奈川県,19.59745240810111,84.18504170802262,20.76274476084995,41.4899077604978,4.909607258293895,0,83.90263209813159,10.0,0,0
72,1,茨城県,20.101982234751826,129.8591097190225,94.87098908816229,61.10010362975065,8.975933191568329,0,111.45149408552646,3.064155823568638,1,0
43,0,北海道,30.292474802075745,145.06055875179584,84.71316701950197,40.074470795019906,24.377610173257438,0,84.87986742328361,10.0,0,0
71,0,神奈川県,28.25266756295259,137.7192575204997,197.12179206543283,41.34897322133455,6.9087423129290295,0,98.5850519139767,3.1630313954800062,1,0
40,1,新潟県,22.50278628445709,109.87156357186574,152.67645588481736,41.728750170325505,7.40003521529029,0,91.25772286433728,10.0,0,0
74,0,北海道,22.842775594363804,160.68064235980881,225.77483584289186,41.6891725605324,18.133161964864,0,87.11272245655323,10.0,0,0
46,0,東京都,25.69725544419325,120.8647300189511,129.74612319818468,49.96403793331016,5.625325070292086,0,67.35756122963721,10.0,0,0
47,0,兵庫県,24.36211271978244,106.1934055872683,92.09689740355199,41.441199991725,6.311988509629147,0,85.82789319813214,10.0,0,0
55,0,栃木県,24.982218161734515,107.65455990653551,99.40702998082152,41.80923457979028,15.316271052015027,1,107.66592904293708,10.0,0,0
42,1,栃木県,22.738087008920967,87.3578655251557,132.0865639271504,63.410918455096365,37.57227153729584,0,94.29354028728001,9.930448553400934,1,0
58,0,神奈川県,24.179955206601342,123.45123481049826,71.90569840664375,41.88686779853505,21.24497729855841,0,71.77469023262309,10.0,0,0
47,0,神奈川県,30.53582575409594,129.94349794013428,154.8944405195749,63.63455135787687,89.4061963627107,0,91.2318929394503,10.0,0,0
44,0,埼玉県,18.927671623442972,105.66963018418102,127.0716338022442,51.213276125374506,15.081857543146407,0,125.7076579950384,10.0,0,0
70,0,千葉県,20.85506009723769,139.70741279011688,32.42396344807991,41.73358863971919,3.0659995146273937,0,74.10170772594263,10.0,0,0
52,0,栃木県,17.318806414157848,88.29667284624995,75.35966639480168,49.705208005696356,9.122545279373071,0,75.56089945310788,10.0,0,0
44,0,神奈川県,22.589875064081667,90.0723357140154,96.748372491319,41.70679942120304,19.17947780776923,0,120.3904619186039,9.006698900808432,1,0
59,0,静岡県,22.392440617607225,120.79794115109927,30.288752940013584,40.71162949339223,2.906441978579861,0,83.85893892122627,10.0,0,0
40,0,沖縄県,10.449495106328255,80.00451827311886,20.022829070094826,54.88882791827257,2.4874413718290143,0,109.33207645052094,10.0,0,0
48,1,栃木県,12.218413319657222,117.26213608333185,38.042093354727875,56.74262169429377,3.033047010248248,0,64.8147101756276,10.0,0,0
40,0,神奈川県,23.335322982616308,131.74099732446928,32.04502565288704,41.80347401071808,8.568685154388554,0,93.30334051795106,10.0,0,0
57,1,埼玉県,25.463545838150658,144.59364737617304,56.33323354704864,40.73342998490173,5.539545515586076,0,103.04459736548941,10.0,0,0
50,1,山口県,16.77970268191405,112.55645817307654,51.505057241754606,41.76104096157887,1.2289365514646593,0,106.94029599813034,10.0,0,0
49,0,神奈川県,16.612411976605905,80.77854448229745,186.38089116200777,41.08004854619682,35.72106865943245,0,86.92993062050527,10.0,0,0
46,0,福岡県,22.319703360550303,114.4369992903599,60.51310101816475,42.249737317285245,21.990590839026822,0,88.48224884617252,10.0,0,0
66,1,大阪府,19.994686283504794,153.9640162139515,98.58131663247218,50.80356316165956,19.308505889294082,0,72.02795774812907,10.0,0,0
70,0,東京都,29.69224994929386,148.23829811847258,108.62937704443542,55.06473170457049,7.827965729599736,0,70.44224170643047,3.1893212016196073,0,1
61,0,大阪府,18.80983655367649,119.00264536205388,92.37901974773611,59.105369481415714,57.69599131593057,0,102.83058959462058,8.440928520320286,1,0
58,1,神奈川県,18.201167509969906,121.31811217391247,34.25030723442247,60.47022937991257,8.286686934749405,0,73.07242028605495,10.0,0,0
72,0,神奈川県,23.239185266921176,133.71093804873888,55.38432405241426,48.990027453162504,8.081224690754592,0,100.5712592980289,8.47532841983542,1,0
47,0,福岡県,21.187721335377667,146.70242228887193,75.40577512424862,48.315166705175294,46.55056931603305,0,63.90946519018834,10.0,0,0
60,0,愛媛県,24.880687331629954,131.74907660186526,303.0663284525233,45.99199860217324,94.4973380449704,0,87.31388737869189,10.0,0,0
69,0,神奈川県,24.564338004821778,116.63742663128984,88.150525470249,42.24604688784465,7.4230270140970465,0,93.95192144581826,10.0,0,0
62,1,神奈川県,25.227239672591676,130.68113664010158,78.60420399917838,66.03160282804797,24.489423853415058,0,114.28453506661141,10.0,0,0
50,1,神奈川県,16.36258693039426,81.81156627469888,29.525231341260607,51.46481798447941,5.051560134805503,0,88.30679954108473,10.0,0,0
47,1,愛知県,20.626794098866533,130.8038950834431,108.90848534002055,54.229437203839375,10.817227509972188,1,98.27289356524787,10.0,0,0
53,1,北海道,24.609478113457037,115.17000940968067,77.19710039358733,42.18091030510512,7.933652787552679,0,82.75265292485759,10.0,0,0
63,0,神奈川県,26.184770846652,153.96027219687204,131.03448544989303,40.86067165682287,25.125674026818945,1,82.28915898477196,10.0,0,0
41,1,大阪府,20.344760456267444,106.37618794459031,15.566235686940566,41.71129981442346,10.949706462490433,0,81.1558603124368,10.0,0,0
45,1,神奈川県,30.078448833699433,139.51984800467295,180.25501844861353,55.6704264036677,21.60745962359638,0,91.2187014726672,10.0,0,0
53,1,神奈川県,17.28574276754646,87.11975978058894,66.93821278785454,41.443294137638425,12.101700424329943,0,102.77124025449945,10.0,0,0
66,0,福岡県,23.97138959105201,119.55443398825084,124.19616950725411,66.47372858926558,15.577979693406348,0,96.11175425103788,10.0,0,0
41,0,神奈川県,27.159892587287796,156.04311679859765,115.05094898986515,43.98948746248156,55.545758616672046,0,71.79596301515936,10.0,0,0
73,1,福岡県,22.090074268103194,125.49396668886669,187.01473317202087,41.803467600040904,7.364334397673036,0,84.67701244248005,10.0,0,0
45,0,福岡県,21.157313805384035,109.76323459060043,10.783932319490434,45.8622222986128,7.571426583439741,0,71.66379415285932,10.0,0,0
66,1,神奈川県,23.541918193340013,110.83480254552724,79.21446113240248,65.04771481122461,13.55592119211185,1,69.6966545233364,10.0,0,0
48,1,福岡県,29.3074783109494,115.02699831544797,102.8675089162287,41.92276441940418,63.628496657863145,0,98.69307083166777,10.0,0,0
60,0,神奈川県,25.185087668949016,142.17045990595054,149.34654242981355,57.74693435255734,37.108779613277974,0,118.0910211549651,7.5698100281772875,1,0
54,1,京都府,25.7122032677974,151.52071940526835,73.83482166851807,57.572872789884684,28.249626188365013,0,95.91143137006189,7.235528033646792,0,1
46,0,石川県,29.921550888958514,116.65252373440273,226.88879637986372,44.64145594964081,24.288462163541176,0,117.47601317586532,10.0,0,0
47,1,福岡県,26.017892208645314,135.3328439581928,139.90891544626737,40.1427354049339,4.937833166006604,1,74.77012128412366,10.0,0,0
51,0,愛知県,22.365621711062417,102.786834051757,48.14679696210788,51.52850034324819,5.167513053477862,0,87.89419037659144,10.0,0,0
69,1,神奈川県,21.854295023095897,125.26653712813025,223.65644447277498,40.832571185614356,14.150038009452443,0,107.32779856970917,10.0,0,0
68,0,神奈川県,21.8356119442053,125.52802554687564,56.24387312774357,55.016524545010704,17.842266917733486,0,98.37316695338548,7.882498652533519,0,1
52,1,鹿児島県,21.791445510345056,108.61566863887896,243.51803618136742,53.911590194328205,29.06581099187465,0,99.84633456425846,10.0,0,0
48,0,神奈川県,17.77431013145128,95.47244334597985,21.853843194752404,64.24507550314533,5.935071164214896,0,70.62948188545326,10.0,0,0
59,0,大阪府,17.243607174166563,116.63696218515712,145.95144170995806,47.517777136758674,6.603451958573303,0,85.65077541053543,10.0,0,0
72,1,愛知県,22.769066112908597,126.91944475153292,51.80599053082216,42.20129728582831,14.249052995378992,0,78.37097425690379,10.0,0,0
58,0,三重県,20.72826767194623,124.2711693308968,49.06241429841537,47.163728950658566,46.763722143089005,0,107.344045325672,2.901437618499186,1,0
43,0,神奈川県,26.5697849455566,95.4181414655904,96.083935438045,48.447235129241825,28.986311390162886,0,106.8001632314745,1.8880904227492916,1,0
57,0,奈良県,21.965365374404055,98.06120641066269,53.585065709569236,42.32599961250097,55.91903877624456,0,95.1224675269964,10.0,0,0
44,0,三重県,24.56657492046856,89.18927774994064,45.104803880966095,40.42306096082003,20.013651518879474,1,98.90779077946077,2.2356066703989383,1,0
74,1,千葉県,23.37326296292019,139.78538717051086,132.86595486915948,58.02529297019518,5.3568329258680345,0,108.96843885106296,10.0,0,0
41,0,群馬県,24.458114534161627,117.60672206294372,62.52055021719521,50.76483598616289,16.458694698381397,0,105.3312600348319,10.0,0,0
68,1,香川県,19.264225174000114,114.59555646690282,86.44020381137017,41.13301098766223,81.85671928263679,0,114.82237600039808,10.0,0,0
42,1,埼玉県,22.808736707866924,130.05429687254755,173.6348260515687,41.70957887753325,17.978798064618566,1,105.80325122530974,10.0,0,0
71,0,三重県,27.508631154832017,155.06543018908258,43.8620186698132,42.42366474878952,3.533317506762253,0,93.71896370078991,10.0,0,0
65,0,神奈川県,24.754613022407373,108.51460940913852,68.0490778678621,41.5204535328612,47.93234904953613,0,113.32326163941735,10.0,0,0
68,0,千葉県,23.98394684936154,139.36767124516942,195.54659982684086,41.15859382029944,22.003166255470564,0,115.311978105465,7.501009027385104,0,1
49,0,埼玉県,27.250191772810904,137.27576800517318,49.1835674492467,54.22602788845804,9.799420664854328,0,102.6679432663165,10.0,0,0
50,1,愛媛県,26.987869656841145,135.28469344719218,96.21598348227442,41.61239599644647,16.337497970266107,0,117.95411379521421,10.0,0,0
46,1,神奈川県,25.80860070414236,136.71197023578466,25.50939963194033,40.851630697037685,16.358868501973223,1,93.37667499768432,10.0,0,0
45,1,神奈川県,20.546940437899885,137.66698431241574,77.80887039658694,42.0061928355554,68.3434685300513,1,87.62541924919736,10.0,0,0
50,1,広島県,28.189077295565603,106.23403294886603,44.74786261741769,61.43855464567535,18.878764181801255,0,84.20373975592962,4.0194860253942535,1,0
72,0,長崎県,25.17192884917241,142.83700111677356,319.09559390423016,42.79879218976641,19.857030561488223,0,116.81709661073397,2.030348262174152,1,0
49,0,神奈川県,21.097752836480083,126.8895319664567,74.78754766922792,41.976267350782045,10.295191859473775,0,65.75612191203497,10.0,0,0
45,0,高知県,30.09184806668055,140.82686149668632,83.51643998799949,40.417822082886936,32.322307312763606,0,95.92174724677535,10.0,0,0
61,0,神奈川県,18.14408851932514,89.32439384873412,21.906840382305166,56.98433334151154,15.675214758165799,0,70.77110809908486,10.0,0,0
57,0,奈良県,25.1546464534496,151.45904031131806,91.78776222361694,41.69203232976096,59.64800125830613,0,105.80243330825208,10.0,0,0
46,0,鹿児島県,14.267775972156723,77.20837587711088,49.230283908751076,42.126971848721944,12.187932653556297,0,85.39660840141241,10.0,0,0
48,0,千葉県,26.183717765866785,144.5082804491444,58.059003878657464,52.086485566206214,40.91727134825449,1,93.39234026666445,1.1304826080861992,1,0
61,0,愛知県,26.989957992045564,153.71088900664316,92.17956808318176,59.91651033950602,15.00737633673948,0,123.1205520380158,9.161367395156418,1,0
40,1,神奈川県,27.91850957478061,115.78058172694837,28.238361797587682,42.108057568911015,24.0907440834917,0,72.3944897257048,10.0,0,0
63,0,千葉県,19.326914124642492,124.28981075043457,55.80759428924944,45.405584977514145,4.978483375486383,0,94.667022665695,2.3223806846627455,0,1
47,1,北海道,23.24159558919307,146.2904069122257,101.67258792784502,43.763458012274924,30.264753820540093,0,81.13433842096008,0.6884069261030281,1,0
72,0,神奈川県,24.429175782350907,147.57357010315164,69.7185599349978,40.78198247376768,22.089529206573108,1,99.65643778797966,10.0,0,0
49,1,神奈川県,26.211153255203996,140.8841144444571,47.14447914062229,42.00963555065897,33.802626318199835,0,62.906425048896004,10.0,0,0
65,1,東京都,26.29063905230916,135.8977246958166,56.83178484122303,42.4201658592319,29.484561652749125,1,102.48997178652026,0.868420704689945,1,0
64,0,東京都,21.246503083986834,115.56955141017264,77.7852422171931,41.96766655894534,15.517176284382034,0,88.97287251309425,10.0,0,0
45,1,神奈川県,21.05114185132366,119.453195156721,60.773978546142416,41.37832681198925,9.105219494294577,0,73.7376033008802,10.0,0,0
43,1,東京都,24.61301638418557,129.24014095759318,45.79182577651667,44.024921665690115,11.933712161700605,0,67.87354260840449,10.0,0,0
50,1,東京都,22.18160455049,140.67892352530205,19.969095067778806,42.05839461431127,2.7585266285936245,1,74.85970282745215,2.384955557394257,0,1
58,1,熊本県,23.960856297805694,123.33262440825796,21.52632267510444,41.17279032812062,5.117933755891042,0,70.34064703451148,10.0,0,0
64,0,奈良県,21.72319553590259,135.19310342370702,162.89265254668368,60.40577286176631,38.65934197718984,0,86.87232607013487,10.0,0,0
50,0,神奈川県,20.074418886024574,83.44930223316308,24.16994316439425,40.19080283425906,7.922494086611802,0,74.20571603102123,10.0,0,0
44,0,愛知県,28.73551920269787,134.75083497471775,310.311775163826,46.888018544649285,86.15822087640555,0,108.33080965734064,10.0,0,0
46,0,福岡県,27.683707126442513,144.49032355338107,182.8814253987056,41.16383212109776,12.860834158467236,0,100.38794796404711,10.0,0,0
61,0,山口県,28.06050619314573,98.20127766354022,201.36541462544292,51.861644911795544,40.71416117870824,0,88.80632621933046,10.0,0,0
45,0,神奈川県,24.000475166806044,131.0907630517681,34.631135033376225,40.98627325717383,24.83892158218624,0,85.83113986469291,5.151475479839902,1,0
69,0,東京都,25.795355265549855,152.96645974296362,169.13989106826983,48.82844484664442,10.565589505481094,0,92.36992724921949,7.119003221692348,0,1
40,0,神奈川県,28.045893397407422,107.79284242687108,44.730022257212724,41.6889498223473,5.197183381769036,0,65.37727269490637,10.0,0,0
52,1,大分県,21.48579158077106,138.73509612952978,56.033514155849744,59.78230549545655,10.095387987861724,0,86.15171322861904,10.0,0,0
48,0,埼玉県,25.19523848935217,129.98849630955812,155.74689369924442,41.37760878195138,20.585774469974663,1,86.7275625013604,8.013797389526141,1,0
58,1,茨城県,16.594795287324754,108.87828364527182,60.092077794228906,40.738735792491255,5.614345131945535,0,79.13339754889569,10.0,0,0
69,0,神奈川県,20.27378138197472,66.66951024967645,22.636765368545234,52.80883738192168,4.254657654270624,0,93.03336904177176,10.0,0,0
65,1,兵庫県,31.930984021888573,144.28833828691901,236.20252643672976,39.91051298647798,48.50517863217614,0,99.8060201427469,10.0,0,0
51,0,大阪府,23.254101853755238,155.40577639307418,84.21064024022554,60.195889969524224,19.338431753535733,1,88.49947359365731,10.0,0,0
47,0,神奈川県,16.60221686947368,113.69613190262935,58.3792499464761,48.15433178414922,7.9645318650501356,0,92.49889935382134,10.0,0,0
72,1,北海道,20.185992193072867,113.76238069522705,38.042008101218904,41.44371094401956,3.6927243407870254,0,80.75613596462087,4.926199905077292,0,1
53,1,千葉県,21.157653327272158,122.4597308506861,68.20179200859097,40.89946570738865,11.263884139201858,1,75.79609766346422,10.0,0,0
54,1,神奈川県,17.750377171577696,117.99046583690289,64.30896247703323,41.29107121161278,8.924773050859997,0,87.17601651774895,10.0,0,0
65,1,茨城県,24.851886429232685,136.0815790719762,127.0943033725244,51.09943505640645,50.89081457548128,0,113.18440624704937,10.0,0,0
46,0,千葉県,20.186737187264825,125.27311725892113,47.858238541309014,52.18985579789961,10.970290140728228,0,94.24899138797672,10.0,0,0
45,0,神奈川県,16.831109954728532,127.01191024083788,74.7364768392243,51.63038771988243,9.27714945420345,0,69.06757603446992,0.8637991331127496,1,0
54,1,神奈川県,20.863332173659582,112.88656709357703,58.61782133487026,42.52508809509954,21.441836636624505,1,97.60262007866679,10.0,0,0
53,0,東京都,20.19912972152759,103.97507519455303,64.67868512983355,62.79117591387118,13.585105830073466,0,90.84594914507677,10.0,0,0
43,0,東京都,26.441539913040494,135.61736658976187,90.19764845286335,58.44070664654096,14.247458350481311,0,93.35486039181892,10.0,0,0
50,1,神奈川県,23.312179348603003,139.43807116818238,79.28366436996372,51.53224258054609,52.12795812574709,1,78.60492157394783,10.0,0,0
72,1,神奈川県,13.966892517596552,93.58361660700677,56.70830326209785,50.68652747609197,7.4627515063443814,1,78.9352887432699,10.0,0,0
64,1,熊本県,23.976123637576688,140.86336780415186,19.921991086235032,41.56904137988906,11.44283807001109,0,94.02483407223299,10.0,0,0
47,0,栃木県,26.023619550748315,111.80543362714965,49.78928695757743,52.17304795092645,7.621266433614805,0,97.37264124020776,10.0,0,0
60,1,神奈川県,29.692428784285074,146.32945737884575,72.46832917174741,49.33558931096756,6.947198126243859,0,80.74720863377875,10.0,0,0
58,1,千葉県,28.977988235886794,127.0360584799721,210.71079794392438,41.717509270819626,9.89121509107868,0,107.15282608029926,10.0,0,0
52,0,熊本県,26.11261223446217,139.23619547097212,46.13857361492513,42.884059011313575,17.027306607097668,0,85.84066943198633,10.0,0,0
50,1,長崎県,26.060958354031907,94.64650686251875,173.77263539526584,41.24035068980434,9.155583039207356,0,82.84480103486227,10.0,0,0
54,0,神奈川県,24.36569630652205,129.11016773192242,230.75630491687534,40.312027603676476,11.425014150920592,0,88.80694693030868,10.0,0,0
64,1,神奈川県,21.59213753170059,132.12011973678017,75.52598111905024,47.73191697476364,5.766042774601503,0,94.03481754488357,10.0,0,0
72,0,神奈川県,17.292877213528122,132.84447879168695,63.764223907595834,53.93798542772552,4.642980706672118,0,77.71915728483823,10.0,0,0
64,1,埼玉県,22.736935136218875,159.72101560219093,70.52101690951962,41.61044995628951,6.894946540900145,0,86.91491774748192,7.4355836761982985,0,1
46,0,三重県,20.493328825211364,144.56617015868088,199.89052077536883,56.324089983823846,30.08223526767394,0,75.03087079206954,10.0,0,0
60,1,兵庫県,24.394689123967552,121.09883619557638,61.05691684264222,41.09469793518461,5.791194986390375,1,74.46119721530596,10.0,0,0
49,0,大阪府,28.061873710907147,116.80013056066956,55.37249783733774,42.30838922667668,17.20824759917934,0,99.54417008536073,10.0,0,0
74,1,愛知県,25.509676783810857,132.62403520074832,200.38032234559324,58.34142878592614,50.28660468682379,0,117.49556558767891,10.0,0,0
67,1,神奈川県,26.20701632354887,133.99729225469426,99.94626937131207,41.429122747032125,21.621229526255835,0,110.72078349043363,10.0,0,0
61,0,岡山県,20.151799960689,118.30837252948889,56.704396906979774,42.83834963521963,5.347483584690275,1,82.26366629942396,10.0,0,0
45,0,岐阜県,21.181955293443163,148.06821266097683,53.740986086459436,41.16699782721302,7.709334624026765,0,117.39628650773055,10.0,0,0
42,1,山口県,24.417518812949325,108.80254275951887,63.854666505702646,42.016280735791916,7.313717688162618,0,106.85826462194208,10.0,0,0
50,0,神奈川県,24.430373088300133,116.2205517069472,68.03339399559457,56.32414523671552,7.907371103076655,0,104.34121932058872,10.0,0,0
68,1,北海道,19.56966195296397,116.25256130114882,25.826209260501265,43.0485501678167,8.32625975283623,0,85.09496702767946,10.0,0,0
49,0,神奈川県,33.844820224220776,130.0779097158105,169.36448816336886,49.295630075294966,21.76355428684372,1,123.32542141835658,8.500211728203771,1,0
51,0,大阪府,22.25613708351777,88.29559188744895,58.88898727180396,41.29017767118358,8.367939947772943,0,70.6798290823793,10.0,0,0
50,0,神奈川県,24.70249712543932,160.2387721317445,115.88605638603771,41.80848483794634,7.6089162990210015,0,112.61821630183887,10.0,0,0
70,1,千葉県,24.478097600140813,119.32118717277163,39.830952429787835,42.30514525060081,15.036168928881175,0,84.70578327203458,10.0,0,0
67,1,岐阜県,15.459353168123984,130.8491595375129,67.35655075081996,57.652531770119545,18.773384679654665,0,78.97201719807795,9.534334383050329,0,1
67,0,神奈川県,24.51522531379861,136.2802723607874,119.05219353083588,44.03059877719368,14.533529825374165,1,81.21528140287461,10.0,0,0
71,0,新潟県,29.68094103324983,161.17782559371392,200.39594202655115,41.863588816722114,10.761662842925254,1,102.09686067425798,9.880532170695691,0,1
56,0,神奈川県,21.618517519160296,109.66144885763198,68.02928869976792,41.754248975771915,20.62761159895494,0,78.66704668575152,10.0,0,0
40,0,東京都,19.51658277619093,78.59553164453351,73.32320996459443,41.88693782393824,28.082473796366365,0,63.697366818400866,10.0,0,0
55,1,兵庫県,20.575967050397985,158.3206848918244,132.68647891902793,59.10783457921322,14.091845512035501,0,115.20164889770003,3.2087154316860125,1,0
43,0,鹿児島県,16.686345905668993,93.05297422331438,142.58617971574122,44.63407062938054,17.581761713279068,0,78.2278801567587,10.0,0,0
53,1,東京都,17.720170842556634,137.7613025603067,75.80183236406631,63.10082327906512,40.68410512122094,0,69.15391059796586,10.0,0,0
41,1,東京都,21.84122941477102,100.27659611371462,84.14887098661895,45.29426566958297,26.72664966202349,0,101.42745742391887,10.0,0,0
71,1,岐阜県,23.537500328245148,133.0844204517351,79.14212710035356,41.0826934124252,18.792348044443493,0,81.47875037493742,10.0,0,0
54,0,東京都,23.4288108612658,134.67409418856985,42.6406799944832,62.63996294695764,6.554824485982431,0,105.43490759364693,10.0,0,0
59,0,愛知県,21.540607449324366,143.69264916368945,237.05955423553138,57.26472987417159,64.80196705537941,1,125.84508837380663,9.384337743168267,1,0
52,0,広島県,26.428403200735886,112.90849450373018,141.53507582745738,42.30828303489604,36.53595822560003,0,124.51897989904714,10.0,0,0
73,1,東京都,20.148113997947473,140.5507932261988,141.31910924190055,54.83597630964454,5.759833914799066,0,75.68993398808486,10.0,0,0
48,1,神奈川県,26.60759362480083,151.48978778615822,92.93597609794904,38.81527697577177,10.527080804700622,0,101.91985498789242,10.0,0,0
48,1,神奈川県,20.095226848211844,87.34177458424308,46.13774949396636,41.193335702579134,17.101769341351297,0,76.70410273767497,10.0,0,0
72,0,神奈川県,20.97277102636493,122.46128135466414,49.289974235242674,53.98764722224582,16.164222503161053,0,104.87420907642118,1.1733294323394,1,0
40,0,神奈川県,19.282154563297592,109.77794723080196,47.41516548137907,61.6822846386668,9.361931260651835,0,84.96769361338472,6.536561580992112,0,1
64,1,神奈川県,21.840690478930412,144.08336090724802,45.30083292027958,42.13226302696831,21.683608946205315,0,81.39479888775858,10.0,0,0
64,0,石川県,24.24747033960819,152.62953228493254,75.31445870945038,40.85404290209985,3.721360189996929,0,65.454665277861,10.0,0,0
46,0,神奈川県,18.947920399609185,83.82666735148231,96.79414895535244,59.205113754780704,23.265677369002304,0,99.48779047771093,10.0,0,0
51,0,神奈川県,31.833422862907142,174.31289867616073,280.4186451097388,41.49515666769753,42.71622298885031,1,91.49699419169052,10.0,0,0
66,0,東京都,22.174852558144824,120.34191389657292,95.73109162607479,41.396163117573224,8.36968238408799,1,86.44740579324872,10.0,0,0
43,0,大阪府,18.639590868752595,110.50964264827641,168.0141772706973,40.978966308776585,19.50590771084065,0,90.85192772542807,1.7040301961267226,1,0
55,1,愛知県,26.00124683609748,115.35431686067274,30.0604218579737,60.451325373345725,16.979505756279742,0,86.82049682452204,10.0,0,0
62,1,新潟県,31.8227149327659,130.35127368796356,211.41796412115002,41.50984380664402,41.72285305822306,0,101.60188714775089,5.598426018984025,1,0
51,0,神奈川県,25.848947301311792,132.0851526148694,131.6734156544624,41.81509800139075,8.656634370928996,0,108.33077888816976,10.0,0,0
73,0,福岡県,26.440764067987523,127.239188632734,99.33084750874163,41.29189482508598,18.51209456928296,0,97.07905847437185,10.0,0,0
62,1,福岡県,25.197867955239968,149.26123442061618,94.0850984706866,40.83596535251122,1.6648166445369732,0,117.49165989094553,10.0,0,0
67,0,神奈川県,23.535803905241877,104.20759500816614,159.5334754009125,36.31343369506414,3.7933904369241263,1,71.095961129917,6.132916940289383,1,0
72,1,大阪府,21.874543008774793,134.43120055648905,82.82951542825248,40.513223704236005,14.781099575066206,0,94.12573263842162,10.0,0,0
67,1,岡山県,24.58939526126467,129.1345668970764,41.062098919044395,41.42908322569528,19.712365707039453,0,114.52492367927591,10.0,0,0
48,1,神奈川県,22.626159740238275,137.2312083915394,73.46305777500255,55.0685819534838,8.268146746184906,1,94.01814716282976,10.0,0,0
56,1,神奈川県,14.870243835299153,105.63378167437705,42.23234465822638,46.95805959602987,4.557270357359215,0,84.68789570930883,10.0,0,0
50,1,大阪府,24.62275324803437,144.53700937584358,75.44596638742657,40.392340364898395,13.13470188193092,0,84.29095716539526,10.0,0,0
54,0,群馬県,26.14943196504239,161.48273382100194,42.29770452448164,54.01522834624593,8.09031227405694,0,113.61226906682384,6.7931761473251715,0,1
70,0,神奈川県,21.142462890972382,105.31249853319073,121.8650522381154,38.440057135153026,4.0855340302192875,0,98.94522765205825,10.0,0,0
50,0,福島県,20.57760619443619,94.15270164784096,10.583423122527831,40.64590576735549,12.181968709935138,0,106.568481614676,10.0,0,0
45,1,神奈川県,20.206090886221492,126.6676447347303,55.884989468638636,41.35452438853003,2.73912256354458,0,77.94913882084047,10.0,0,0
67,1,岐阜県,22.793963452635055,114.6020469209616,55.729801482691464,48.005254155211595,15.877084023349115,0,93.223489531493,10.0,0,0
46,1,神奈川県,25.465003087341998,100.38988795150017,127.10917749102921,40.78319546968421,17.80989681438405,0,63.768462767930934,10.0,0,0
58,1,東京都,26.577204162902685,138.11219977595917,70.57936058050923,41.45846439705386,23.944870745812832,0,71.13577000515141,10.0,0,0
54,0,神奈川県,22.273642138802266,132.91217938529354,84.68363621470594,41.0970244903479,15.517539115844947,0,98.54506579537679,10.0,0,0
44,0,秋田県,20.68017200747933,128.81115275695097,32.71780375336459,40.98384799617136,7.6757342403242,0,77.57768134094056,10.0,0,0
53,0,北海道,21.92362520530375,138.39413595172007,86.59498641916908,41.42030031797085,9.652557720177638,0,83.93672530856794,10.0,0,0
50,1,埼玉県,22.261392885739944,108.64906219535318,60.32995013979426,40.416883549311656,5.791849165360604,0,87.03266613345178,9.395413247674687,0,1
73,0,神奈川県,21.002610381257494,135.15375204218196,118.82509196922037,50.4890747138029,15.226572900704761,0,106.57170577216611,10.0,0,0
52,1,神奈川県,19.917627955316544,101.58485790230988,75.49607611283602,52.2750204090958,26.52053914944546,0,90.7899108510397,10.0,0,0
54,0,静岡県,17.715191801723517,105.43369379337598,102.7154109964665,41.692592391181826,48.176734915040974,0,80.51206612025295,10.0,0,0
74,1,長野県,24.592838518284186,142.65843145899294,90.28742204895592,41.20413026277629,15.060153845431282,0,94.7492965468189,9.523972175073942,0,1
47,1,鹿児島県,17.51067716567118,106.92650956009345,45.111423343143386,41.05084968305145,5.782427854601062,0,65.55302992223207,10.0,0,0
70,1,愛知県,23.436354804317112,148.49866206389885,182.7529267989356,63.50693452394217,14.465733434332844,0,75.49547376728962,9.971892104086043,0,1
74,1,群馬県,23.983688709690373,105.20466694937693,189.13520524030656,65.95777852642007,32.62958133890162,0,110.89709683621913,10.0,0,0
63,1,埼玉県,20.208988317062868,123.59556293204433,108.32492206806344,39.820427613799026,9.046793676230795,0,71.60848311357263,10.0,0,0
74,1,東京都,26.125142860995894,138.91826074865853,143.75715373789998,41.48966450761027,7.964657870155247,1,90.67742787404956,10.0,0,0
60,0,神奈川県,25.894605736440006,144.93223150649303,182.41377681143146,41.52972866806327,12.741582895149007,0,85.83099825933093,10.0,0,0
48,1,神奈川県,28.83252579673169,135.0872126691885,92.47031484273856,41.05340327507922,7.570070658290141,0,102.34932582661988,10.0,0,0
41,1,神奈川県,25.423168388178087,139.46497043644737,68.12078507201923,41.04969259258727,29.81114329437805,0,62.80755476056839,10.0,0,0
46,1,兵庫県,19.92930374646137,126.08192597722339,142.82354304970679,41.96398724565246,41.97743447366267,0,123.30914567398136,10.0,0,0
74,0,奈良県,22.150251529329484,107.98713868170593,72.8135058616021,41.91510115036358,15.522652619318865,0,80.89646620641068,10.0,0,0
46,0,神奈川県,21.240414360124184,106.3157429129959,96.81615150309811,46.117996046557536,6.707446046563271,0,120.16722299057244,5.291175186579226,1,0
73,1,愛知県,24.957340438403524,136.74137180824656,187.67249202045844,52.044918227184425,13.888202193268713,0,108.3186376777866,4.380422729634353,0,1
72,0,神奈川県,29.759212586721727,121.01354503819337,327.09849183190033,41.046003335127686,49.6147025443969,1,122.07393610367474,5.293795948184428,1,0
61,1,長崎県,28.929657741406608,131.3256735726545,323.35486746788257,41.80812869405529,19.542698549617214,0,104.72792140116562,10.0,0,0
54,1,神奈川県,22.835596988658658,137.32120902961316,10.849303905396509,42.189853084807964,7.939840865345311,0,84.40030078738536,10.0,0,0
73,1,東京都,20.464852608995,146.50050494660044,198.9021955978117,41.24380633956935,5.327596495138064,1,110.46250087886422,3.191975696532133,0,1
44,0,東京都,24.882729523737687,111.8187810060832,125.83074473326262,52.04730927905785,35.51025799577533,0,106.18042000797456,10.0,0,0
49,0,長野県,26.108603503676797,112.70904582311066,33.035057335194395,54.47577499985438,7.702060502573524,0,64.4572243998594,10.0,0,0
45,1,福島県,17.39271296153747,99.60867539047564,10.619348985406065,40.97722920964934,5.567081373992274,0,87.06604400451496,10.0,0,0
71,1,愛知県,29.092254710143056,114.68125055476742,125.00108500230752,44.62240204445041,34.61607243182307,0,125.82370023379671,5.304780571469905,1,0
54,1,東京都,22.433090304070248,135.17122316427398,98.55308077760046,41.29884049216731,34.29748851741403,0,79.896801943486,10.0,0,0
59,0,東京都,23.829003425049716,121.31227757662565,153.57025163070986,40.85073526159307,2.506054377397504,1,83.23778891013531,10.0,0,0
47,0,大阪府,24.979750416991454,158.94114307517256,84.57568307435189,64.63927068528255,33.16721167868915,0,102.50168206902616,10.0,0,0
57,1,神奈川県,31.943088295997395,143.6194419160228,76.39472724622128,41.15314004705819,161.81385626183646,0,109.15951098937116,3.1650240180954126,1,0
52,0,北海道,22.409986206393345,147.47039439356368,341.63560458502366,41.917463373905754,13.369069741719741,0,95.49337812648774,10.0,0,0
52,1,東京都,18.892677623299104,120.45360380195855,63.7321834443185,40.975627147113556,3.7470421276819197,0,88.51385845790321,10.0,0,0
69,0,千葉県,23.391560179794542,119.41984430514984,305.1308847697594,42.07209461737536,37.47453394193966,0,93.12751529177393,10.0,0,0
41,0,神奈川県,18.47556708203265,80.6753109606876,46.990077717279085,42.6045842857621,22.180869563881053,1,110.07139668756473,10.0,0,0
71,0,神奈川県,26.36563865844126,144.2845987044085,95.26725304883162,41.71236390675094,21.641814579914207,0,97.64871695626798,10.0,0,0
58,0,神奈川県,22.41716780762628,114.54351984248872,135.15620377898594,41.61292385026639,9.5765817260749,0,64.23488314099832,10.0,0,0
50,1,神奈川県,26.49553994457174,101.38410651413497,129.08682318930335,48.282043683745286,4.197350613253616,0,95.96439122810065,10.0,0,0
48,0,鳥取県,23.882531361259105,122.32380095019101,70.63492259073678,56.78003606920053,44.629608884198205,0,113.5124380328706,1.361075678397479,1,0
46,0,神奈川県,23.20770482337666,140.58635324764347,165.7473468865938,44.415070909152846,26.054507662101003,0,114.53732217330509,10.0,0,0
48,1,神奈川県,25.57833609909889,121.85530295718448,113.784600955648,59.54000363638804,15.52974738028656,0,114.27632143541491,10.0,0,0
60,0,新潟県,27.21310170738132,132.63342352695102,14.553112540871334,60.65857731752947,18.12894851496243,0,92.54987929613334,10.0,0,0
69,0,静岡県,28.464712902163516,119.7655665328439,48.90320385831728,41.43685438254866,5.946588481174148,0,96.26773444285247,5.894446319774473,0,1
50,0,新潟県,21.863522342744464,132.22129614683297,19.934387058812536,62.46105232086483,13.086361569460102,0,90.26712906953951,10.0,0,0
48,0,神奈川県,23.581022876112833,119.80646021831186,226.97821140607186,41.986851828801726,33.60710285457221,0,89.23950695322368,10.0,0,0
49,1,広島県,24.27255509658851,136.6585227080474,57.05772624879465,41.56834862660866,9.16154395795141,0,78.89625064027821,10.0,0,0
54,0,神奈川県,22.6927372442916,161.28492200845923,57.7784083653044,41.607700064476894,5.6538583511436205,0,87.9825034781666,10.0,0,0
52,1,群馬県,25.822352488707402,146.14760464982916,176.49973608738878,45.68998814353452,27.89631221744319,1,84.44326373505872,10.0,0,0
68,1,沖縄県,21.82359644992403,119.44032493093766,75.61838087662045,41.035413273168565,11.264210680209528,1,88.47143946132799,10.0,0,0
45,1,神奈川県,21.185763136143965,77.71299745215535,46.82122483890107,41.37967013248192,3.7683522462347856,0,67.38625029411551,3.598494991370319,0,1
40,0,福岡県,19.590841692522353,79.29046515282853,25.916877114657495,42.077544810555025,11.800711851181537,0,80.75510633291375,10.0,0,0
66,0,神奈川県,27.083822217495182,123.44198338746952,48.886572223716065,40.52801677881713,9.039438514741432,1,81.31794525294906,10.0,0,0
68,0,福岡県,28.370864854957663,140.6568473613137,163.26211432953107,61.15828736366989,18.124129666456582,0,110.0831646020812,7.638997744117397,0,1
55,0,神奈川県,25.80795340859346,123.33893408131087,75.46235379230919,41.59592262012873,9.263110298603397,1,105.80580212072017,8.87856479133334,0,1
46,0,神奈川県,26.451128526370525,122.7424653470821,132.69035121452004,43.30099734083426,15.710823154976369,0,96.7945838651266,10.0,0,0
73,1,岐阜県,26.216222550255658,112.16822648394378,74.65120830533118,50.144614722588805,24.174287976760976,0,110.14200720874616,10.0,0,0
50,0,神奈川県,15.082619914043496,114.98873550958315,38.75503282238395,42.0982676070961,10.776322872879975,0,60.49837595813585,10.0,0,0
62,1,神奈川県,21.093465541249554,90.07078758925721,134.06833280285525,42.45889589050175,7.30353820559937,0,73.94445451710496,10.0,0,0
44,0,神奈川県,20.974300799581194,99.02328410491201,47.70595103646372,59.820133594405696,7.771750937796226,0,58.82467454380591,10.0,0,0
74,1,埼玉県,32.48800832575943,161.17012988277025,314.91588047352354,34.717363058797936,21.590055327315444,1,118.88536621017246,1.5812948870686947,1,0
57,0,和歌山県,16.98472910016313,121.054882151062,38.93525705673943,41.86479126946041,8.858254410513956,0,80.28830245924212,10.0,0,0
70,1,大阪府,20.687939489700927,107.61283762143388,42.15338874513506,41.85141073099968,8.070392708383947,0,108.84051947344157,10.0,0,0
60,0,福岡県,25.406982976613804,137.40971920443522,172.24272631117495,40.48620823533371,12.831690764961031,0,97.20244514208119,10.0,0,0
72,0,東京都,25.684416286322477,110.8350320782603,34.99741546962052,42.08822144403666,12.808500476672458,0,81.16011564523518,10.0,0,0
73,0,北海道,23.230841474249228,139.37177992367634,73.31510588927041,63.691202935973614,7.127843270515808,0,101.73707408794051,10.0,0,0
68,0,埼玉県,22.573857873418007,117.72988000591924,164.05756500223836,41.63519028307146,10.0514222316589,0,123.10418063735064,10.0,0,0
55,0,千葉県,28.429975069649682,148.7550073815836,106.80493813648901,50.66718827134216,24.371960401558855,0,91.47196561215719,10.0,0,0
54,1,長崎県,23.48431400950169,114.70133124260182,32.16347874224065,40.85511474691553,19.356172025551327,0,95.81905007290635,10.0,0,0
69,0,岐阜県,23.57809693157923,117.91570966311673,116.44362420628696,40.42491548252698,3.261783720088774,0,87.0355761442507,10.0,0,0
70,1,神奈川県,22.46140047553993,123.92258895732105,80.72058929704399,41.754155372504556,9.764556087157647,0,76.56162504469322,10.0,0,0
44,1,神奈川県,24.319833489088396,105.62156966418837,124.21955500214295,50.728180572579866,29.548642434569803,0,100.61739434251496,10.0,0,0
47,0,大阪府,18.765515441154573,92.91928726122453,71.83729976710485,51.15588977002789,25.892147620458008,0,87.22077559617465,10.0,0,0
71,1,愛媛県,22.530098004153402,124.88851002028213,626.9928038288126,54.1580587714154,7.4824702071650355,0,123.37357466918097,10.0,0,0
57,0,神奈川県,28.73253332764707,163.41001889499591,187.7757313920297,49.70734079418181,30.981880093796565,0,84.75845091135659,10.0,0,0
46,1,神奈川県,29.019802239945,125.89110323666934,144.3906947318036,60.09459651643803,37.93559569581935,0,101.34452760496792,10.0,0,0
64,0,神奈川県,25.28801629526067,114.84737958175837,143.13212745685297,51.11146303425732,14.250424435982984,0,85.39668121227228,10.0,0,0
54,0,鹿児島県,19.49723423895607,161.28519205143846,126.02332350612477,41.75048862850318,15.523893935667653,0,119.68330136785045,10.0,0,0
48,1,大阪府,17.878166446431933,98.39209858187917,57.840416689877244,41.28119838962445,17.378791673880652,0,83.94435252652231,10.0,0,0
74,1,滋賀県,22.479807619959573,143.17700904687234,72.17947088807647,50.990136184037496,9.170266809369975,0,105.3657653297739,7.596437666061755,1,0
68,1,神奈川県,25.551442322137714,137.62170290622683,62.40758357658219,48.75763485357446,8.927659457914993,0,118.0770616331264,4.5645368823057355,1,0
40,1,北海道,21.034242009581774,118.81589522068685,85.82204950220232,47.556735107174646,21.784611121596697,0,116.25181712309099,8.456495455898494,1,0
54,0,神奈川県,20.02760443252436,130.8602961408442,50.697969968820075,42.616052464482564,2.486094901975377,0,87.90413499902125,10.0,0,0
49,0,岡山県,26.156112865615945,105.73865443639332,103.59281110882412,40.95122113680067,41.25981249180433,0,77.2552144165597,10.0,0,0
54,1,愛知県,24.87601123574067,121.29445986188922,101.83347475719071,42.129024739599465,9.137784159971504,0,96.35075280310174,10.0,0,0
63,1,神奈川県,23.032763778166427,165.13903774592745,99.14755649360285,62.70465354457471,7.879924211172429,0,84.96770003386659,10.0,0,0
43,1,大分県,28.33025744270178,125.11555010916196,69.22147030624362,56.76985819631184,15.697284052742091,0,85.1663713276033,10.0,0,0
50,1,千葉県,27.389904240641183,123.45751782597574,135.7644897840778,54.88065915291926,26.780285802622345,0,90.25813715983894,10.0,0,0
51,0,東京都,26.056153377950004,108.27010894365694,141.29728808904605,40.95588573088524,3.0086200220742003,0,90.26895199658806,10.0,0,0
59,0,東京都,26.615511713418197,103.05985011650645,256.10569875735735,41.034778704076125,28.692369610361393,0,86.39811327720821,10.0,0,0
59,0,茨城県,27.24132049392218,123.72882849315067,127.33669003099374,41.53633203651067,22.653736914947128,0,85.5180271301449,10.0,0,0
48,0,東京都,18.406357298260772,107.07311244249637,48.00250073727585,51.36250590961295,3.5763565965515447,0,95.13694692890105,10.0,0,0
68,1,神奈川県,23.485871158531445,106.92899343566229,37.59108496604695,53.87187905034812,13.396938519310684,0,90.33663765747214,10.0,0,0
57,0,神奈川県,29.384460083081525,137.11081805187993,35.38414356337387,41.26057783580995,6.58270164395268,0,90.44079109910636,10.0,0,0
47,0,福島県,26.774263502807127,141.36408228735252,305.2411505364802,42.85647626144497,21.760329014195683,1,94.79855011323274,2.0683434502877,0,1
60,1,神奈川県,21.91714714132023,117.96478558363691,47.399400562002455,40.86434787798086,1.5371979313263304,0,89.01018254643041,10.0,0,0
44,0,千葉県,20.535044268437705,126.10362602754499,154.86210772303033,55.63500565020213,32.39864680928776,0,113.0906935182734,10.0,0,0
59,0,京都府,23.35826234158819,80.42959966031025,69.71067205269007,42.24914382054026,16.601819439116046,0,86.1512272419506,10.0,0,0
47,1,神奈川県,24.386677155208577,124.28705052224504,108.45864604021592,41.37700068627255,9.282691652624314,0,97.3733409050392,10.0,0,0
59,1,長野県,25.743924371438812,139.79461773792235,86.42086395284026,51.533033895168344,19.731753973301473,0,86.06665987940121,10.0,0,0
70,1,神奈川県,26.259274294574475,113.68845611035363,204.08341612389847,52.090760116891246,28.314160543594504,0,86.15348974753434,10.0,0,0
61,1,千葉県,22.209490701278902,145.22563048724285,125.08857682162672,41.963083210091035,5.512299603652074,0,74.79110953388981,9.250812728544837,1,0
55,0,北海道,19.5564711144917,100.56719850617385,61.29369435029176,46.532913988120235,16.80300821304556,0,98.72265781161862,10.0,0,0
50,1,愛知県,27.11376631303804,142.29925489864954,77.82439760445308,61.320010197144434,26.233740363084436,0,71.02388085578961,10.0,0,0
41,0,福岡県,18.21372862522598,112.77133660336602,61.08708073804152,40.032574722646174,6.111723516317062,0,87.63084670248996,10.0,0,0
48,0,茨城県,26.37647816668846,107.2759245447139,69.24253407789816,55.02590874522657,14.249243916305742,1,94.75087113598516,10.0,0,0
73,0,神奈川県,27.602861123666113,146.40144157539626,141.05711860222314,47.01147117478882,17.268651094983472,0,110.75562576883462,10.0,0,0
46,1,石川県,27.108137474965833,128.04302492806565,76.8787371772626,59.71087884494291,16.377924739761962,0,102.66735002273596,10.0,0,0
45,1,神奈川県,25.231543236484637,137.62826865604987,91.64726616981122,51.05271147575535,13.936842993162875,0,110.50854897241955,10.0,0,0
63,0,静岡県,21.50219014224932,125.21403309621321,14.677340540054898,50.752691991404866,7.3841249777120685,0,65.96998306453499,10.0,0,0
43,1,神奈川県,15.191575435973906,119.18581152823081,21.584685301977586,41.163682289437396,17.14161208842868,0,79.33628944430224,10.0,0,0
43,0,福島県,24.125919898757303,110.45778635573745,102.12310871806966,42.30821691416996,26.243081427383764,0,116.66502365837557,10.0,0,0
51,1,神奈川県,16.476251940500287,84.14204660717611,22.361819133488943,48.87216466381858,9.367894979368087,0,91.8095854222415,10.0,0,0
50,1,大分県,26.337210691287066,113.38234374262909,63.4260398516606,45.287206438889264,15.472082148101297,0,104.55318279253736,10.0,0,0
69,0,神奈川県,29.72136339527675,146.2836297856172,226.63121513655418,40.657451411002945,35.008836700071605,0,96.60549219472621,1.3658056554956262,1,0
53,0,岐阜県,25.47327762056653,129.63153247787446,74.92782612691093,51.78413070335878,34.61696823306936,0,75.69768371748343,5.114131576551634,0,1
54,1,福島県,21.954729357879152,123.27971006270279,182.90444323535223,48.83475804439027,36.79152965534293,0,97.13304195495226,4.28803169181939,1,0
50,1,神奈川県,21.657261486075523,140.77438036067545,8.35415849614629,41.850751662559325,10.538008177910681,0,73.59830895783627,10.0,0,0
46,0,鹿児島県,20.52126555341265,133.91769279725625,49.88168443943426,51.223500199462876,5.622903099449284,0,78.07831235124313,10.0,0,0
53,1,沖縄県,23.847096251550017,115.30149455556779,32.48985213115264,54.89367304107461,5.939824783189568,1,120.41102203498689,10.0,0,0
62,0,和歌山県,19.11292002999271,131.7559861643405,49.9507669314268,41.5226048236669,10.305775815952037,0,85.82226389320918,10.0,0,0
59,1,福島県,22.548642328904563,118.9649209768546,62.257247168166316,51.31066139003048,15.539936095878488,0,111.71271313678649,9.07168758782127,1,0
45,1,静岡県,22.42000105890157,116.63604119318354,39.23839269426233,66.92513386054559,6.782331954991886,1,97.23541404475786,10.0,0,0
62,0,岐阜県,27.728299401632498,145.66000552028115,64.35974668478079,46.82480373838831,12.602414202644876,0,87.63487773923931,10.0,0,0
58,0,神奈川県,20.15776250976723,146.49426380385685,204.01068136244436,40.84490599463053,1.9446524627935773,0,97.72092089741606,10.0,0,0
46,1,神奈川県,23.12452614837707,121.7583662520368,85.42641388829728,52.25722531376489,10.94368006322977,1,85.8301870280021,7.480562649270105,1,0
50,0,東京都,22.81120792676467,137.03092905997426,104.94746466556852,51.050121828737424,15.320824088569745,0,78.88960989792781,10.0,0,0
48,1,沖縄県,23.61428273314128,127.0666230078771,120.75851827545814,41.598471084880934,3.632206854627121,0,115.17875665069982,9.840639153078087,1,0
61,1,神奈川県,24.367006802638986,140.10514750950773,153.88224358853492,46.785117267275545,7.812137526840805,0,79.77844832350945,10.0,0,0
62,1,静岡県,20.548949636290942,126.30614763804982,60.89386684649582,41.27187365702051,29.08663596229585,0,79.26868100146879,10.0,0,0
55,0,愛媛県,23.463347025182514,120.51263739542674,141.29919321798536,41.63612120573212,9.057131543230314,0,107.11801194458687,10.0,0,0
41,1,沖縄県,19.345585843924415,100.81656304485385,60.774000853841216,41.15382660790512,16.875862311329406,0,97.93393726321607,10.0,0,0
50,0,北海道,17.582801456339286,141.5877634900967,57.12915740648828,49.29161164494772,16.354830219914263,1,86.25009682273165,10.0,0,0
45,0,埼玉県,24.508654416184857,131.1704801933838,47.14208153431992,59.15148246401827,9.153042504006049,1,94.64281462927859,10.0,0,0
55,0,東京都,25.81728922968397,135.44163749783024,201.5155780664863,41.428021011110125,38.12571600474901,0,117.89137065130512,0.7387296062177101,1,0
51,1,熊本県,18.656313001500436,114.449052431278,40.643330705840775,42.13172914311097,3.2215010841566976,0,59.81444758615474,10.0,0,0
49,0,大阪府,23.825341634161134,151.51152953094254,73.46953643989421,41.9290463287716,42.85585929095445,0,89.80398574088308,10.0,0,0
50,0,神奈川県,26.37267143616427,115.92834782225187,104.24539742669586,59.78227605164321,14.868450311846955,0,90.21355366834284,1.2114517745956754,1,0
59,1,埼玉県,23.529328188040193,106.43447066576661,51.73799865564678,47.16537948316947,9.363241977782216,0,100.71455893065448,10.0,0,0
49,0,奈良県,23.856127707480013,136.7118804093159,253.6748132575785,51.092182876673085,27.832586832952234,0,105.28842764436862,10.0,0,0
41,1,神奈川県,28.06043852004467,121.82285643933822,99.3113606928484,50.27216132750793,16.32550970571555,1,88.75321470325194,10.0,0,0
57,0,大阪府,20.195792757289016,109.76116314723286,70.58276866124271,41.5096283522595,14.621018569242155,1,72.28606917507122,10.0,0,0
70,1,熊本県,27.10523325581668,120.71667506727337,313.4615534761134,41.59746429329365,24.288464971243563,0,103.07512683187929,10.0,0,0
52,0,京都府,14.370252488502777,128.07829824846272,39.42077666470291,54.21593289458061,5.079855341848058,1,70.68712299771862,10.0,0,0
56,1,北海道,17.126557111880043,101.37462637031932,85.02754946503245,41.38275460313017,21.363827340188937,0,79.55485650537273,10.0,0,0
61,0,熊本県,21.3660489648826,117.22684474657663,100.47999813439526,51.0542940457758,20.495876743787353,0,73.7602454891654,10.0,0,0
60,1,高知県,22.6997458356858,125.49345531549257,39.575766048564006,42.967129574817406,9.262975786600105,0,93.36315011274053,9.68873295980844,0,1
40,0,千葉県,18.64820757346394,105.43352161343245,25.758029518123426,42.48378096644611,3.215492527584729,0,76.6905974496397,10.0,0,0
64,1,大阪府,17.877166834418883,85.86357081562109,30.046332402024582,41.691412534651114,6.075902887365372,0,97.20895772083843,10.0,0,0
48,1,兵庫県,24.336079772209164,97.43509792770533,217.10906322043607,42.09935176910988,18.055567092145107,0,125.88852510934693,10.0,0,0
63,1,神奈川県,23.841882170659655,128.9595536973643,58.046399262001685,41.64877313397146,5.3607907515046405,0,117.20971301870192,3.182518217101281,1,0
44,0,福岡県,26.074433932052628,116.42628727467824,106.97317859248255,57.603157312839116,16.774483094815743,1,117.48847743829677,10.0,0,0
41,0,神奈川県,24.54390964315337,152.7939806599997,31.50974890723986,47.48417999333954,22.44406666453519,0,80.76695063944499,10.0,0,0
42,1,神奈川県,18.479052030748534,126.73457136050989,72.44908894681963,42.45933319642231,7.935670459515144,0,72.4496962868439,10.0,0,0
57,0,愛知県,27.25382481577224,147.68062837973898,162.0936924406976,35.16970714043371,35.07405074941955,0,112.68737318161926,10.0,0,0
48,1,岐阜県,21.54552678305331,115.65287335399533,147.0563044330699,41.03735116487653,9.636148664806079,0,74.0070550731628,10.0,0,0
51,0,新潟県,20.853867655006113,126.27353781344861,47.670602514936924,41.77387684084094,2.7424312020807675,1,97.92152640182009,10.0,0,0
70,0,大分県,24.888324981030156,115.82468192056209,141.0782379503957,41.042518660884696,46.672495253088265,0,92.01559917346964,10.0,0,0
72,1,神奈川県,25.005881581895505,126.99804698201305,67.33665796557423,63.08285566912333,13.595200091095155,0,84.69529963954697,10.0,0,0
40,0,山梨県,19.962736260987928,96.12195693593125,30.66501278529008,46.00238240951862,14.479244382028938,0,105.07430585637398,10.0,0,0
67,0,熊本県,25.6145806295167,132.65998282193388,275.1081686869989,51.1999796412165,24.18687719030973,0,125.73686079224835,3.8789275281171767,1,0
44,0,香川県,20.016878414157652,94.8438741318145,53.365093634243635,41.13938055516334,17.01791098278509,0,99.14950164298874,10.0,0,0
60,0,神奈川県,20.81714826666645,151.46447180782013,185.0581493944789,41.536596467060924,5.138133875686118,1,99.54311456262423,3.232153640901625,1,0
54,1,高知県,21.300314274309063,109.22829532546032,56.50228314337908,62.4572639410065,10.876186566424977,0,100.48129564888934,9.524016338325097,0,1
71,1,福岡県,24.121343272289057,125.38606137329825,114.08563754988897,50.71533827031817,16.354443289947746,1,99.75786823465519,10.0,0,0
71,0,鳥取県,21.061873830666823,123.51761745492996,73.8413433389559,41.80671436297087,5.155950153812922,0,93.21173243381682,10.0,0,0
46,0,神奈川県,25.941141422732244,150.87256093255263,86.53245156149845,48.9376090171532,23.46554318055239,0,107.0048052331119,10.0,0,0
44,0,千葉県,17.693881634430653,124.0712794738231,13.340473651591747,41.52194741415722,2.7306737425540772,0,87.51516779039783,10.0,0,0
40,1,神奈川県,21.730195104918113,101.13361875427049,26.87101612351275,41.8702109287178,11.26335883972268,0,105.14683063730438,10.0,0,0
40,0,山口県,25.261115384532552,138.5111542858267,29.546436781464795,62.41528783377324,5.326413681131987,0,91.46160063521916,10.0,0,0
62,0,神奈川県,23.357218528225953,141.04018319472993,75.38078125407833,40.85620732835661,10.944377691959929,0,84.72247138377156,10.0,0,0
62,0,愛媛県,24.427405046751385,126.2041452344227,99.5041312778683,56.93143781177589,57.828963296469794,0,114.53875714837275,10.0,0,0
52,0,沖縄県,22.586558130928466,114.53129606164522,35.7489007803377,44.55371969028368,26.17294507397381,1,100.49024184318371,10.0,0,0
50,0,神奈川県,24.265262343634863,135.20337099890125,126.32810927935294,42.45258464329283,14.32641030418311,0,85.49853067335637,10.0,0,0
71,0,三重県,25.146340653027593,134.17142486692362,56.467900171105796,41.986314126042025,11.592097010871722,0,83.85808461378728,10.0,0,0
72,0,茨城県,23.235018685187363,158.944301099638,229.82763288264243,42.023411834665744,7.435297133661773,0,98.90513430384289,10.0,0,0
58,1,長崎県,14.00984277313889,89.19432302185419,42.387844602330816,41.83325604340594,3.697861032358304,0,89.7057594995176,10.0,0,0
67,0,神奈川県,20.897517602901253,131.77330609877922,77.78382342499691,43.86685706670629,7.366503523395961,1,96.74701552623767,10.0,0,0
49,1,福岡県,21.5834323871461,105.00172073579762,113.78520744774026,54.139323054003555,15.173363456316538,0,81.15820560184893,10.0,0,0
70,1,神奈川県,29.01729034186885,132.7011299762948,220.73143423835043,51.410766470445274,71.05059309298849,0,120.40344923464176,4.817123484429846,1,0
71,1,岐阜県,26.514488131406452,129.26893230612805,131.5496058615913,43.1630526640089,22.29172532616166,0,95.22634027522845,10.0,0,0
46,0,愛知県,26.519388557935738,122.84611996240224,58.09656066598341,41.58938925063431,9.433373357223333,0,93.62980526320307,10.0,0,0
53,1,神奈川県,23.276414739967727,103.3513920087905,40.71396033564458,41.541620915189405,3.5527502031824847,0,87.52203165638043,10.0,0,0
46,0,神奈川県,18.076419794835466,113.99881075080273,69.12150851297751,40.7899308636112,15.115574450564411,0,116.33111141418601,10.0,0,0
53,1,奈良県,26.407015315833476,137.64406760252922,173.62545718797236,41.389227767265496,24.865556720470824,0,92.51022601633224,10.0,0,0
47,0,神奈川県,22.375701899300836,94.73759744373037,55.876729803786965,59.721801530059345,14.153645244768084,1,66.35197830055712,10.0,0,0
67,0,埼玉県,23.076283156349888,130.237253704061,69.95537069834616,41.69246828527034,20.784457416150104,0,89.7875957810457,10.0,0,0
73,1,鹿児島県,26.556233140605737,173.3209738818339,69.69478274572243,41.63692201820237,11.814678061315938,0,98.64306168912992,10.0,0,0
59,0,沖縄県,27.026543170932193,118.96483435039833,248.53014930739187,42.97457846262206,28.07059611639018,0,91.50319277635384,10.0,0,0
73,1,愛知県,22.577815296585133,158.9105032008182,251.5628997558258,41.063550154570954,13.898768026678837,0,88.67549227395918,9.884605969724051,0,1
43,0,大阪府,25.247119901612784,119.4527712964643,78.9651319926717,57.109498844332705,24.23864768356566,0,114.51983649320812,10.0,0,0
48,0,新潟県,19.90300486044974,114.8900401113519,103.26073688367165,50.262566704739335,41.70179937923496,0,112.03004452660622,10.0,0,0
44,0,三重県,28.268516359593406,116.74101749265208,32.08870983506699,41.868494298706736,28.097083334144642,0,59.717207317169304,10.0,0,0
47,0,沖縄県,22.273832176574004,115.0188365041546,58.82172679009401,41.0863586319109,2.955956308299867,0,99.6539517267135,10.0,0,0
52,1,香川県,20.158314829803327,136.34859954463917,52.355923876098515,49.822366201429745,15.036213258730276,0,77.96726604247294,10.0,0,0
74,1,神奈川県,23.862618876649627,128.21371436547278,30.213728485753563,41.492703003647414,3.7045997765346743,0,91.9654111261402,10.0,0,0
64,0,埼玉県,22.694048090659408,124.11917337496784,153.75822414108728,66.80891629935458,45.09746804052224,0,67.38507380367555,10.0,0,0
45,0,北海道,23.122510272775585,135.70319998969194,133.0742976393409,41.96996523735369,39.17808883470508,0,99.4468164555146,10.0,0,0
61,1,岩手県,21.246407231978825,115.31372114672597,23.500933370702914,42.82485957862467,9.216051685637332,0,57.73811007744562,10.0,0,0
52,0,神奈川県,20.887796724220753,98.74879180405591,66.34916084040096,50.19588664647745,17.574580605295814,1,75.89316136640993,10.0,0,0
57,0,神奈川県,18.669309253370965,150.86849739983194,133.4922698969402,56.39338502553035,11.529325593650405,0,97.80085195158179,6.891783102922057,0,1
61,1,神奈川県,29.771020589909984,125.85243902685981,111.62997527823633,41.42743731830526,2.9491779740971817,0,91.10306099467381,10.0,0,0
74,0,千葉県,25.743578066088737,139.41060766829307,60.48641728720526,46.92059639217257,29.682939150910876,0,89.36984459263012,10.0,0,0
54,0,新潟県,16.627624784535882,119.24968889893591,28.64975950917509,40.04704862310038,5.783686044544262,0,102.89792158140281,10.0,0,0
58,0,神奈川県,17.290503215075894,121.29374163725019,57.99918187619761,41.85779585158194,24.384618318327234,0,91.87764784901394,10.0,0,0
67,1,神奈川県,21.300381647265937,137.17650934162606,164.76697584323344,54.15327408312089,18.404273076355324,0,85.84490040461196,10.0,0,0
45,0,東京都,21.664571422858888,106.93595378020214,30.65425370973892,48.648093418206585,6.014613159508302,0,70.56635131293285,10.0,0,0
49,0,千葉県,21.85733341607028,111.99973460849665,75.13832058066703,42.70036150579025,10.780254019938264,0,94.20978832097306,10.0,0,0
54,1,鹿児島県,18.80917706460367,112.80107945742198,21.770735922251113,42.797693396590994,4.651855766460632,1,76.32639422555135,10.0,0,0
40,0,愛知県,24.08793524756971,85.01243175400127,67.45428902161484,61.100106867338866,23.447731845102723,0,94.19522258452908,10.0,0,0
40,1,神奈川県,24.782109194731667,129.04083685403268,91.35413250084355,41.821096957658106,10.499318547295315,0,74.17665261287603,10.0,0,0
42,0,愛知県,21.157787175325186,107.7252868368458,63.83112647852733,53.32304488233355,34.568431379883265,0,80.88742789297841,10.0,0,0
46,0,熊本県,26.429564261786023,107.31624217816015,71.01040592390495,41.21050355912551,64.81467087337244,0,93.70781956390348,3.8368110418612744,0,1
42,1,東京都,28.5414518018377,150.8704105744284,131.85729794089738,50.501957928198706,35.46946421306421,1,118.81108178777446,9.169479415696754,1,0
41,1,神奈川県,25.928523555666985,134.3379286906236,205.451878257394,41.57475968016188,14.028281768402836,1,125.67370430694997,0.24360780660935286,1,0
50,0,兵庫県,21.098100086804436,119.45232949322215,53.323601996948085,50.771056565534685,13.377078587015207,0,106.96300854277405,10.0,0,0
46,1,神奈川県,16.779737030352834,93.07024874027353,9.896483914690142,41.4694145980161,3.708524534769316,1,83.00666740403851,10.0,0,0
40,1,神奈川県,26.116518226909736,131.17135668776143,93.32970928818149,61.018273838218754,64.6680881646393,0,72.34516544611523,10.0,0,0
57,0,神奈川県,24.00815769745517,121.56594383085691,106.16061841013912,49.69759614228302,11.237134156976865,0,83.00315742873917,10.0,0,0
49,0,千葉県,23.228479904957833,114.24609186538028,68.20396941914264,40.91527618567567,18.01660849081334,1,75.40026031566896,10.0,0,0
67,1,北海道,18.159107972356175,136.71893595021672,162.05603721844975,50.18367024822833,3.7932412385953302,0,97.37270178773538,2.0884161420291143,1,0
74,0,神奈川県,24.249410551701867,118.12657333304657,122.56885440986962,55.57898643097561,17.71305092336057,0,80.97292967327576,7.393614404552065,1,0
74,0,京都府,23.748106301012818,123.28743822850463,171.035713225182,48.6375731184189,2.857570260544558,0,94.65146009046116,10.0,0,0
46,1,福岡県,22.256980659177096,107.46154443742716,200.57906217520195,63.34226860167596,61.84848831916527,0,90.76698007341169,10.0,0,0
56,1,愛知県,19.589418355028627,107.25217212284772,56.46491140133263,46.93059150063118,17.772703895650967,0,95.3127158177518,10.0,0,0
47,0,東京都,24.00853014568225,126.98362664257209,42.92836157143901,49.06778865700843,12.774129919009008,0,113.97249816599495,2.4260790257720877,0,1
60,0,東京都,27.913307132892548,118.61400013274793,243.48202822304336,59.374813982679505,47.130812839724115,0,120.40196991650993,10.0,0,0
54,1,神奈川県,22.543701971329696,119.76602618825744,125.08625632818925,35.3331122616718,21.944585817347,1,75.39393361722112,3.6033220936266788,0,1
48,0,神奈川県,23.52943667053626,123.42903171456216,58.092429748469826,40.73282733787674,17.771308486795487,0,74.02318598842538,10.0,0,0
63,0,神奈川県,24.124750454122875,145.76886412800468,237.82371044950312,42.715043456992454,55.84871282322862,0,94.4083298609141,10.0,0,0
40,1,岩手県,26.24334842125386,125.5375711900735,82.1309813526734,61.10015938093049,37.672836977900985,0,99.78993339200652,10.0,0,0
48,0,北海道,24.898188872520603,134.04507901648734,29.238817683131668,42.08716268976707,24.288569612502275,0,79.63023728785006,10.0,0,0
50,1,神奈川県,20.200932860398648,136.5638867153639,201.3319363557272,41.04643039059578,91.8861374691734,0,110.10038523582136,8.448252375249961,1,0
45,1,山梨県,22.808736348596067,108.67106498784392,111.68489222905946,40.98143245261169,49.34265003121412,1,88.30581689224034,8.578264679459242,1,0
58,1,大阪府,18.34503481109138,98.0766028735078,55.89676980988048,51.552680661967166,13.49891867170458,0,99.32964893869419,10.0,0,0
73,0,奈良県,22.345394398200124,141.18905650766644,27.81991955543239,61.56616369864419,7.453444457967651,0,87.31261871614224,10.0,0,0
73,0,三重県,18.698126519048923,164.2119175560405,89.90377367921468,59.72179169125783,19.47024099069593,1,84.54591057160947,0.024640657084188913,0,1
55,0,神奈川県,25.126832597969507,142.15632253808218,60.21339039589281,57.74410892574765,22.832562734759435,0,61.35535467450475,10.0,0,0
71,0,神奈川県,21.20684200300241,136.28637205506084,198.0862773700423,40.286587078519226,11.024699276706137,0,84.59033551643002,10.0,0,0
53,1,埼玉県,19.122571402900146,144.23642518848018,180.65225500471448,41.65140490398022,7.175968473633946,0,97.70197178865786,10.0,0,0
60,0,広島県,26.180187213685056,132.65166468399707,103.56510228648384,41.69018162462169,10.055820705487788,0,71.02946685668996,10.0,0,0
49,1,香川県,20.131282326991485,125.9127248764463,118.9410522759592,41.20417556855051,21.007005250597956,0,95.00625957386264,10.0,0,0
67,1,神奈川県,28.54570000270815,103.20650191975307,41.517347550684235,50.361956648128825,16.007734786605816,0,84.5462633882471,10.0,0,0
70,0,長野県,24.335945589819964,113.34051754595143,111.88454746637699,39.62714186449508,14.125435554262598,0,97.79670116286466,10.0,0,0
69,0,愛知県,30.557330306480367,137.01470961647033,77.85010484023765,56.12128250550664,15.331890112322878,0,100.9805746985436,10.0,0,0
63,0,滋賀県,24.662819500167064,135.98426090886215,332.333581908234,59.9574212580255,30.13355933736944,0,117.38337658314893,10.0,0,0
69,1,神奈川県,27.769778148932055,158.16130247001644,367.4511696598528,42.22777740468988,92.9831304023196,0,73.33083171610608,7.154856815075989,0,1
53,1,東京都,20.214674664462766,88.35611256170061,70.27547148714581,47.395545309523555,19.18086188426818,0,84.60233903116743,10.0,0,0
68,0,神奈川県,31.042769959841106,149.0368791692421,173.61881545182587,59.62466910379283,24.17076837274546,1,97.53203199255029,10.0,0,0
74,1,鹿児島県,28.04866885051234,125.20854838869488,61.15034356883947,40.439549995380425,13.05332480200125,0,89.42952863060952,10.0,0,0
52,1,愛知県,23.655193242676713,98.49280033432424,29.659784643043185,41.92709708604596,1.6205652757036895,0,66.41258506739439,10.0,0,0
40,0,静岡県,27.366141659351985,128.8765031878331,100.08315152305661,41.973889991592735,17.654296034457523,1,108.89203073575413,7.921588700248574,1,0
69,1,長崎県,20.12821372044063,145.2047075578988,134.03669788039932,41.505475994889046,22.541294398506956,0,88.80695804413746,10.0,0,0
48,0,神奈川県,27.465697542255345,117.9800420301996,112.97745986383389,41.095295708719895,7.8535919632597455,0,89.19357747008732,10.0,0,0
46,1,神奈川県,24.426305744625353,144.57046761704302,97.05419720653535,46.94725376893709,32.32243567228184,0,100.41439797579676,10.0,0,0
73,0,神奈川県,19.48142869620171,123.43353655590562,34.03765169412922,54.203486578541806,25.09123431818279,0,73.02824520128266,10.0,0,0
49,0,神奈川県,22.09407769366611,119.57426851451876,72.07828728412649,41.160542334347205,16.35857927348019,0,102.49288088719676,10.0,0,0
46,0,神奈川県,21.441173406421004,121.3110824284628,39.04699164080338,42.344116926759256,4.902359397198102,0,84.52038321299041,10.0,0,0
69,0,大分県,20.763392809456573,127.194043047272,133.8952356770264,63.37575375379011,37.66375332344277,0,89.14432925037922,10.0,0,0
69,1,兵庫県,16.358273384361688,152.94502386668273,97.14512293114478,43.19310530737832,5.92387772862713,1,74.32336990485464,10.0,0,0
72,0,神奈川県,22.92283586957561,81.60201298260456,59.909214974859644,42.33640821259152,3.9029994794979963,0,91.05738999801991,10.0,0,0
74,0,北海道,30.539607294866848,173.86709228614126,422.1970009506452,69.13061817295092,14.237143130874799,1,120.02905832573373,0.40390179604795345,1,0
65,0,神奈川県,27.800549649156046,111.63392980303274,91.27341536941995,46.94918321707794,19.850876915338432,0,93.56590822319298,4.887006967644804,1,0
56,0,長野県,24.24705859176945,135.3177196959347,62.668152240159294,40.77671232512833,15.948005296442355,0,100.53771359776032,10.0,0,0
55,0,大阪府,27.482346109965267,153.36881701555177,101.21016981962482,40.69353089971806,14.005600257102845,0,95.03660826971942,3.115035701950028,1,0
68,0,岐阜県,25.04825466151011,119.60474416498215,75.13773286752284,35.016329320117734,2.534256990790443,0,112.48889003499121,10.0,0,0
72,0,静岡県,19.961667665978723,128.54851723453177,54.00918385904726,60.06756664032553,6.559914308804648,0,91.80702514139837,10.0,0,0
51,0,山梨県,14.642881022651423,123.59961505459127,55.89577406241253,39.819220471257836,1.2741819245660002,0,86.21099671152973,10.0,0,0
58,0,栃木県,26.161829122187438,159.50393347452433,60.330333736070656,42.28862941613873,8.472332590129929,0,91.25662951408285,5.2269711720072936,0,1
64,0,青森県,19.454946951146393,123.59605385634767,124.81636451700369,59.20118722449454,49.44688201334957,0,101.55762615910032,10.0,0,0
61,1,神奈川県,27.718786482697364,109.14691560590269,70.2540361171597,42.37450289123872,18.242061763511973,1,89.22297356846302,10.0,0,0
71,1,神奈川県,21.481888375335807,88.27264217916799,110.24984908542895,42.27573000239252,1.6602658571739106,0,89.30848839330294,10.0,0,0
43,1,和歌山県,22.01067318962605,118.1938766839234,60.61679062979652,57.25972275306856,21.944213485882663,0,65.27849898606985,10.0,0,0
66,1,神奈川県,13.14288287059945,123.29049947641802,71.90827910832996,40.76843476143072,3.1643497972500847,0,71.1828985054001,10.0,0,0
48,1,北海道,26.64052671352454,141.37821943172776,102.81580305410628,40.84752741442523,6.171614936338883,0,96.55778375982153,3.83748498858253,1,0
44,0,北海道,21.608993611010124,124.51030862517533,48.069899933142885,57.38497472852222,26.02398907176105,0,114.53963409348214,0.5629614772201422,1,0
40,1,香川県,18.276342784117436,88.06029777215474,28.905320824911662,41.42806972372557,31.15707057325276,0,75.45184789255093,10.0,0,0
53,0,岐阜県,20.30059032743725,97.45317466685567,113.2473968885526,54.203631267987205,21.215005301681682,0,101.58685468985253,10.0,0,0
45,1,神奈川県,17.412052376867884,61.821396510329215,21.81679860199406,41.98134462746711,4.987265487633314,0,79.58850110247899,10.0,0,0
46,0,神奈川県,20.929828788119092,121.0468379454831,117.60634247581817,51.68373207645147,8.012283479490504,0,111.71629999294277,10.0,0,0
54,1,神奈川県,18.00335022939578,111.27373360698547,21.750385578236624,60.436891640782676,2.5311051871296604,0,57.735291893329524,0.6501146375785484,0,1
40,0,神奈川県,24.280505645715188,101.37875796984255,54.25907207161717,39.632976257901056,15.08023971319028,0,73.10779301668201,10.0,0,0
41,1,神奈川県,24.68941243868911,106.33478036287677,59.14179701544002,41.267794486135635,7.998943894418734,0,102.92455404400738,9.598252220973908,0,1
42,1,神奈川県,21.35939129711066,101.75969011759703,47.939289446992646,41.69214365697382,5.555003964876743,0,71.09897206731893,3.192170308007039,0,1
59,0,愛知県,29.418213292345396,160.4541209253758,76.56583199177382,43.25599153687845,55.37623742361136,0,99.96380819182913,10.0,0,0
70,0,神奈川県,23.7457371206716,121.32164726993383,92.16171928888456,41.24192291740761,4.983327159289806,1,123.05273556187925,1.5037558662827077,1,0
50,1,神奈川県,26.445446092753997,158.94016597703933,108.54425902646065,41.32109576617533,24.588220232257186,0,108.55872377517197,1.117188130764984,1,0
71,1,岩手県,27.113654774047586,160.6419287624482,76.48771049484066,60.98259740434172,48.39082232915579,0,81.23830932089922,10.0,0,0
73,1,神奈川県,25.697628557034882,137.62280529492173,58.00694193234833,58.09693724015226,15.548188398575167,0,86.85200040653392,9.179547534072256,0,1
58,0,長野県,22.010508792033935,135.76511371854062,88.33543685062168,40.42077812570701,26.244132151857585,0,105.51631176219294,9.648854849195175,0,1
64,0,栃木県,24.99377997218656,143.2707086717481,54.80538274477412,46.567204586093226,6.318024728939665,0,95.9167854838167,2.2298300670202953,1,0
51,1,神奈川県,21.36604941506502,139.11051594130802,40.2600294255065,41.71802897653035,20.10326774858484,0,102.27143491194514,10.0,0,0
58,0,神奈川県,26.993007017846512,118.87504941753684,93.21618684664493,53.519513475043354,20.98163064500779,0,102.46655297710204,10.0,0,0
64,0,神奈川県,20.81745544893713,101.91017358938183,146.04482709733546,40.826051563234145,15.375647254187152,0,111.73521927440679,10.0,0,0
47,0,熊本県,19.925828138530168,110.69081677374832,117.6732377212084,41.663334023450254,17.589292147063485,0,79.54862829725924,10.0,0,0
46,0,神奈川県,20.53134221852525,139.07422893989968,141.5292922040378,41.777262290618275,13.078306036114192,0,86.76513696189049,10.0,0,0
54,0,神奈川県,24.166103679465934,101.26503125695096,63.76799049329399,49.68750175924395,16.606556966171357,1,85.60964359558153,10.0,0,0
71,0,沖縄県,23.420371321831283,121.7389682162039,131.1968659469608,42.595010362831374,34.56694782057185,0,73.80914302986933,10.0,0,0
48,0,神奈川県,24.662319280531438,115.01995933863412,56.86689857238795,43.86630197168395,29.805676708918188,0,72.05121128453517,10.0,0,0
45,0,大阪府,18.431138096864263,111.30933601253626,55.14961414664178,45.25020057040286,5.555948015794217,0,88.17580018675555,10.0,0,0
69,1,熊本県,23.433405488346143,123.88933779112959,84.66537184864958,62.61837671744415,37.640547139367875,1,114.54043396506432,0.28234816339099805,1,0
74,0,富山県,26.524693627715518,165.55028015161787,144.20101488862355,55.49058399923205,24.227058268032668,0,100.52065890707777,2.23825692518507,1,0
53,0,岐阜県,21.35904563801353,105.20897647443637,31.366276901240454,40.51591026277813,0.6187095106038428,0,82.27099224504498,10.0,0,0
71,0,神奈川県,25.636257438753205,141.13587308151955,201.95911733423682,41.05059350247865,20.100835495579314,0,113.3225614642466,4.813217361604318,1,0
50,1,大阪府,26.290933404274814,99.11236058404704,86.59658340805228,40.42850821687736,20.871836336652784,0,98.32504926954351,10.0,0,0
64,0,大分県,23.83811146180245,146.40373310943232,98.93339080395215,49.06145009957255,54.20618212182454,0,108.28726579078521,10.0,0,0
70,0,神奈川県,23.601117803328076,133.15291266845063,248.5706800282158,40.65127675167966,7.760651524450022,0,103.3449456517029,10.0,0,0
45,0,岐阜県,25.168173799137833,132.49929149287976,100.58807952063823,42.67567655498389,28.11854148710761,0,98.13732884796764,10.0,0,0
54,0,千葉県,25.565668794177903,93.71398047422123,99.38927623494607,45.238862080072664,23.49560023747141,0,77.288187905343,10.0,0,0
55,1,神奈川県,20.651281694215804,109.80878674027187,66.07515747214067,42.19003449135965,10.869431642914435,0,110.75573413301798,10.0,0,0
66,0,神奈川県,18.542885268124984,155.58122111297467,70.57583588570726,40.65235018585021,17.98743034459305,0,88.1810012649738,1.012502673834978,1,0
50,0,秋田県,19.46433144904474,125.24945399233845,51.097953050321195,57.6028956901925,5.810006025549957,0,88.74594935924537,10.0,0,0
51,0,東京都,15.494263212758469,96.45465648498129,21.76102513622614,42.08905935601064,3.616211289249201,1,58.07129407285835,10.0,0,0
73,0,北海道,25.005897483954747,120.86927546869931,329.05610467244065,41.09067944618573,10.936757165642495,0,103.61100529834272,10.0,0,0
52,0,秋田県,18.905047064634008,139.5164846558049,56.67635617873577,61.15261202270411,7.933180960703558,0,100.24298435529275,9.363585966126664,0,1
47,0,宮崎県,20.807290946649278,155.75328108041646,216.0459786432132,54.52917782139769,25.045090352232272,0,114.90576418396502,10.0,0,0
60,0,神奈川県,17.878329664257816,106.01572293575865,19.915484679073344,42.77370496005449,4.515351392897561,0,73.0983600761183,10.0,0,0
59,0,大阪府,32.45007632173729,141.5961099160673,98.92887428550674,42.2042605776473,54.391409899931276,0,94.01770530821835,2.238875570929618,1,0
52,0,神奈川県,21.60947798119068,102.14396613237876,71.0042171516778,44.538296205034044,19.55273343945535,0,93.43823155223816,10.0,0,0
67,0,神奈川県,18.376617000682575,116.58032047745988,50.31265410870916,41.404825723824125,5.417192725688213,0,68.44278302107794,10.0,0,0
45,0,鳥取県,23.483932359568808,112.95399481474921,179.34829541038496,40.77337133800314,25.746375203246604,0,81.66816571210461,10.0,0,0
43,0,兵庫県,16.277110990043532,85.73012552219399,38.34720502227274,40.881789466662426,4.675706413633167,0,80.82936754066749,10.0,0,0
53,1,沖縄県,15.410054978631768,93.85912579544555,34.37462088819836,56.749824870976425,7.489685165886902,1,113.55601699052662,10.0,0,0
42,1,東京都,22.708699067941208,124.25286359081404,86.40616272468127,51.15542427886223,3.5389287475408437,0,82.7264527630293,10.0,0,0
74,1,神奈川県,21.54759195290505,117.97925831951613,105.94841626636868,55.41106525280473,13.617995929241376,0,111.67543382851314,10.0,0,0
48,0,兵庫県,24.29502387076507,139.5086281819169,113.68950960066644,54.53973138789276,9.33591396067768,0,125.0,7.140821900571097,1,0
53,1,長野県,19.562538954997944,121.68805313886907,67.38817878467279,41.63165760258983,9.634872531859612,0,76.68517202589615,10.0,0,0
72,0,大阪府,26.842886575437408,102.1111219569572,171.24485057268888,53.888264325540874,32.322618038755785,0,100.82209699902798,10.0,0,0
66,1,東京都,24.11169034955734,131.95596190100596,69.57064444173271,41.70555761573234,21.9127605913966,0,89.74332224711897,10.0,0,0
67,0,香川県,20.82050336363434,112.64674364573641,22.95757707756163,62.66611198535784,26.471186656859356,0,83.9455734235956,6.555825347519203,0,1
51,0,神奈川県,21.824092911889462,111.62623471411668,81.6277320363117,57.74966340569884,16.503919796617915,0,88.79845170473868,10.0,0,0
52,0,群馬県,21.90027127448489,118.96924003557469,78.06093229566623,41.87226623804804,22.433848847232305,1,95.83530942442111,10.0,0,0
66,1,神奈川県,23.048497994896174,125.24649686707166,48.661191226515314,53.890381436815204,6.7433967007629745,0,91.07508214942155,10.0,0,0
74,0,香川県,24.36158969942143,141.4235182007126,113.71418769748658,41.7815048866605,24.369372592238523,0,106.46881854984828,10.0,0,0
55,0,神奈川県,10.131215370623053,98.13549022652037,55.38400759767049,40.98623345132757,9.114783562387025,0,59.587467217218325,10.0,0,0
72,1,東京都,22.279598924595003,115.1033327981713,92.8237431248857,41.77814985611152,5.048756722983404,0,95.75205341269697,0.2882174174370689,1,0
69,1,埼玉県,21.93820888681265,140.09790210314063,51.0298423247121,40.96932643309641,20.057013400910698,1,69.53724617820446,1.1495340818972657,0,1
66,0,福島県,24.814124578462582,173.6449135680876,105.80604224734525,53.67192625043787,36.258842875933254,0,94.24076040539556,0.33609339656570586,1,0
64,0,大阪府,22.74344261067607,126.72274032922242,98.08404845699565,52.518426767384724,54.34162492539629,1,108.5166388819788,2.466024285747098,0,1
46,0,鹿児島県,29.72828239651386,107.84823616514514,121.02147899313117,41.315154865450474,8.585187562795376,1,104.11071995492787,6.995640917551335,1,0
68,0,沖縄県,22.392313766266845,113.19954879594019,114.01541977688197,55.35162242712785,45.03649532802038,0,86.2759071940396,8.47252540810973,1,0
61,0,大阪府,28.180147102079534,115.04488398739534,202.93278026668114,53.692457652122776,44.42647728476657,1,84.40122426768315,2.5661181111127345,1,0
41,0,兵庫県,23.331353735306685,146.81931629260006,226.09907608252462,41.582982008541535,6.543315045742289,0,116.66688829712729,0.35551154614518227,1,0
63,1,神奈川県,25.009503175203665,136.5489497586633,158.40239026214914,59.71236879788837,21.00463468922572,0,68.72657767285995,10.0,0,0
51,0,神奈川県,34.48042910668935,127.04995134077386,419.17021478400903,32.229040878554144,52.11687740555836,0,95.6519495077896,5.086473504019176,1,0
67,0,東京都,26.37684815870905,139.75216444630027,60.33302742528003,34.105511086585004,9.218998346818434,0,103.96512367721661,10.0,0,0
54,0,東京都,25.052517292422916,113.40910870271507,476.4360024073661,60.46433845610906,32.322555674236966,0,125.0,10.0,0,0
50,1,長崎県,22.68080880726936,88.2756304204323,64.67180593872227,56.31793076366874,9.641479239368241,1,98.86853537568268,1.3722715495342455,1,0
68,0,神奈川県,28.15530797663339,104.05381636025697,31.319434057467898,40.18424873098571,14.26219882579175,0,106.2473418258111,10.0,0,0
46,1,青森県,25.12319234830971,136.64299596073667,193.1103674381663,49.046564481931775,10.988434184850773,0,80.35446834172036,10.0,0,0
57,1,埼玉県,25.605560866366133,111.96917915627566,312.645838278229,60.40513063577072,69.46072069272032,1,80.15274676290255,10.0,0,0
64,1,大阪府,27.462006103581203,159.51441559745567,198.44893330269318,41.599412140703144,22.291534617756284,0,106.11264056151501,9.734983406505595,0,1
40,0,東京都,26.031308149118214,95.43650013276654,45.057105332140424,41.3260258215282,18.43648559044647,0,99.62988724017146,10.0,0,0
43,0,埼玉県,14.354682564113208,98.20581127279942,24.38007711004614,46.0773113529018,4.409958985292852,0,69.01140396984702,10.0,0,0
49,0,神奈川県,34.43616065570672,145.7664883326182,235.3758676356958,41.28503812520499,35.16141165693795,1,84.19677106006658,10.0,0,0
45,1,福岡県,23.001010223346093,106.20992632603429,25.58450635794547,42.377248579642625,9.427891402396883,0,80.78142536584872,10.0,0,0
47,0,神奈川県,20.18496461208542,127.27871515900317,62.40497605574106,56.78651752462214,13.100006701071388,0,105.7502216853667,10.0,0,0
59,1,沖縄県,25.00709176220836,123.56993911362571,60.34537795938806,40.73194643298754,17.306776234041372,0,77.5863584240701,10.0,0,0
64,0,鹿児島県,20.101007338448614,109.77689489718536,40.73547929910676,43.18207055882149,6.49838666232646,0,82.310472689523,10.0,0,0
44,1,和歌山県,26.9534719881681,136.40924556770958,228.0847735544682,59.203363309676526,34.63583738375333,1,86.76320202434357,10.0,0,0
70,1,愛知県,22.754404360322567,130.09079703194237,197.27899829670102,56.34993611146791,5.503385028150951,0,123.30451408063036,2.690434177893901,1,0
72,1,神奈川県,24.971819978421333,122.91173219677516,45.5255916028711,41.37252255391398,7.699913299983653,0,106.48044543731793,7.637693729884609,0,1
69,1,愛知県,27.6877632131688,162.79296765408134,75.33502393956887,42.57385059398464,5.188972602696163,0,117.17247729520497,10.0,0,0
51,1,静岡県,25.598821772497914,139.5147737988261,145.54342955227418,42.23771568286103,6.2166661746896965,0,110.44722126014392,10.0,0,0
40,0,東京都,23.746211737216004,122.69412184281457,28.971866713666163,40.82084990880378,11.465427011428666,0,55.60804984769861,10.0,0,0
50,0,神奈川県,24.08166237726668,92.34352875848211,64.22962581629685,42.29548533266455,32.305934077413276,0,79.53512509960478,10.0,0,0
43,0,青森県,24.18068161812884,127.18732950717529,75.06205918932014,40.98649984933306,12.600460141293844,0,117.1818161536489,10.0,0,0
66,1,岡山県,26.943004818251637,135.8336155844016,104.97911960428425,58.929571000807705,15.222185850538036,0,98.43584885520146,10.0,0,0
47,0,神奈川県,19.914721945505544,82.72860850095186,51.22923103753165,40.73814296906025,19.740781475694682,0,73.21753396769208,10.0,0,0
62,1,神奈川県,23.228386253823867,125.26761019442165,113.90444513255969,51.02155783294674,7.37859272375501,0,75.30447461136676,10.0,0,0
55,0,神奈川県,26.837301752048294,105.19340380158089,60.20643140437017,41.99775068577095,17.93447654052721,0,109.8802245684809,10.0,0,0
42,0,千葉県,22.924239122040063,114.49006262430838,33.05609238763914,42.13201299539132,11.477871545222044,0,74.00926016997936,10.0,0,0
58,1,神奈川県,19.15730282066628,113.76816557411904,63.36871107483936,59.35216889096005,17.258928994155017,1,119.43256104278176,10.0,0,0
54,0,愛知県,23.461542513352484,125.91156488786281,153.74360102801322,50.78701890831242,15.748971810704731,0,84.94654286095282,10.0,0,0
50,0,岐阜県,33.23642083251503,129.3647958020624,226.89223901242121,48.90566904739276,40.69002474123723,0,104.79290125790926,10.0,0,0
71,1,福岡県,15.856537853166197,133.42852854720078,67.21116262245187,42.09211613185291,6.181522341780131,0,108.46904965337062,10.0,0,0
56,1,岐阜県,24.581540268710356,98.5522579047345,182.7433368404948,41.75405023667778,37.201756675697595,0,111.43998813506084,1.1176920205536125,1,0
71,0,神奈川県,20.11298644587728,135.24457232488027,75.5972248782795,41.75347963551586,8.287290482960254,1,60.41949855447174,10.0,0,0
40,0,神奈川県,24.32480781916471,122.74898073412201,93.1775461054918,50.14932876922113,29.497791003371475,0,91.4082244240427,10.0,0,0
51,0,奈良県,18.236224586488948,127.16937014183983,365.5472015752856,51.24660132484548,13.120972093287909,0,115.6639033955582,10.0,0,0
57,0,東京都,20.107826620042122,131.75435373065548,42.849009176878305,41.86342028932519,11.223057031073015,0,79.72198052232093,10.0,0,0
52,1,茨城県,31.76388219901674,136.64684323157223,365.43499383230545,60.076134397564736,70.67564693688591,0,87.49472778452741,0.7078291167806354,1,0
40,0,神奈川県,25.39652644961621,121.44638954401061,305.20148811865295,39.21431505999085,82.88756356384495,1,100.18832784170081,10.0,0,0
42,0,兵庫県,29.040399017881395,155.42855729938913,209.3132934844428,41.746337389818606,37.66569133838377,0,95.98775720157485,10.0,0,0
56,1,東京都,22.39191468310434,131.8685215115349,83.08622254494368,50.228746793887225,19.249152774826765,0,99.83332104038031,10.0,0,0
53,1,東京都,23.483900593016493,127.44244508434257,11.078274269025805,41.97593111988892,6.015048427911314,1,104.08918964479197,10.0,0,0
54,1,神奈川県,27.314829060787268,121.65740026505226,91.49588976012302,41.784299428100546,10.649871702855659,1,122.01338222979581,10.0,0,0
68,1,岡山県,29.659345194323503,105.4484100985201,46.928503658763205,47.48170243080796,16.243066444250868,0,94.36147395042966,4.248462110973264,1,0
59,0,静岡県,20.817065209442706,112.17539337340122,52.61442120341267,40.96839533189862,8.106022422213513,0,98.15370907072786,10.0,0,0
42,1,福岡県,31.038401390584333,161.22274629178187,70.62539698000953,47.72867060375393,20.33816227675276,0,98.79839481265135,6.567016049448912,0,1
67,0,東京都,30.58777360876862,125.85706694035161,50.51782822035733,41.92597458005542,11.42945501725567,1,86.90860799377607,10.0,0,0
49,1,長崎県,28.175293974825237,130.0904877062706,99.90716124101446,40.82951743428626,16.792461022557188,1,70.82760932449538,10.0,0,0
68,0,神奈川県,26.013741388164757,154.5842523448799,197.8433484824161,38.849144294891246,26.399645808038535,0,90.33597341284798,10.0,0,0
53,0,神奈川県,24.979623205631363,106.07068242941052,165.18842051661332,58.56762035202394,18.642595368513277,0,97.69519572894626,10.0,0,0
48,0,新潟県,23.40711328371333,129.6383588408882,23.29302798954852,41.389665090613406,9.43817637724294,1,97.75752963177777,10.0,0,0
72,0,大分県,16.32507348665933,128.27046840711554,83.02808297365048,62.209010003853415,9.174505117977679,0,102.37938335239531,10.0,0,0
45,0,神奈川県,22.254274778040475,130.0810143838158,22.94392824217191,41.8908191694979,7.4110925925115305,0,68.73531774753128,10.0,0,0
46,0,神奈川県,24.24130939324162,105.60969173174456,52.993840084284535,41.27186784212525,11.548121117588083,0,117.18002200145406,10.0,0,0
68,0,鳥取県,23.809443653438272,162.847551351829,118.29569803076049,45.245225390955085,9.918203136977382,1,65.59620808520154,10.0,0,0
42,1,神奈川県,19.735849739754023,89.1844351934631,29.521436000913802,56.96592666333166,1.7785826953949146,0,94.89081192258882,10.0,0,0
42,0,神奈川県,24.663312196511544,129.01018910853986,148.63119090435535,55.59390080658011,17.361506916359193,0,118.72820631664985,10.0,0,0
69,0,神奈川県,19.920299109509344,114.11342195556946,47.81702293835575,42.00095882612262,10.919480025317284,0,93.35915345526813,9.14982872311455,0,1
49,1,鳥取県,25.268263445175126,147.86854709107067,143.330003418405,42.2395659730356,30.375014092716945,1,77.98076198544516,10.0,0,0
74,0,福岡県,23.602066464311246,130.8162815034868,48.54582362051995,51.40895414968011,26.72984939460734,0,101.29954147926794,0.2856745894976872,1,0
71,0,大阪府,29.478498097421653,125.27097790578857,56.48850272538575,51.378915028503776,11.187717749020948,1,88.30098598981189,10.0,0,0
59,0,新潟県,31.72563378625386,132.6784249376802,309.0542890256407,40.706997901385414,38.36019289423803,0,86.20384910655436,10.0,0,0
53,1,埼玉県,20.90536859383674,114.61517104492309,56.22545994064807,41.92777003546436,3.030530349636798,0,73.69135734657132,7.262990218561653,0,1
51,1,神奈川県,24.26483848190164,125.49025463716715,75.49929121063971,56.81399841527704,18.084622952269434,0,100.57125866961778,10.0,0,0
71,0,埼玉県,26.827088338007048,110.10361343744793,144.20853432900006,34.64629769737111,10.395845915698,0,89.15757374448276,3.5865889843503194,0,1
41,0,熊本県,18.343273419773645,103.43310603039504,30.092286916361473,42.186078523620516,9.152710257606495,0,86.8749654784613,10.0,0,0
63,1,神奈川県,19.5556415590576,98.32201523737751,38.41728584284178,42.066986694051074,3.877911422034111,1,75.36021654239225,10.0,0,0
70,1,愛知県,19.482007777758742,107.08865759681828,47.035271972623725,41.64105964499925,12.159279268750783,0,97.07432382887784,10.0,0,0
40,0,愛知県,21.99771258838822,111.25333196026037,30.653298106201028,56.76070848208843,13.807779145128224,0,101.41862287737112,10.0,0,0
69,1,三重県,21.758660634508935,125.36053197927878,50.65684741011898,41.97557965997576,12.414473567308624,0,110.69748288560314,10.0,0,0
63,1,神奈川県,19.54986870464461,110.66291700887368,67.51081229977355,52.21640086047733,2.1758533826431843,0,64.16761220773341,10.0,0,0
47,1,長崎県,25.026994540473133,108.65044041217512,47.86974423320001,54.53649701807425,20.93305279821063,0,65.51107721734327,10.0,0,0
43,0,愛知県,22.52517406560847,123.46825353860976,25.518163597406616,42.2977862447828,5.143998608139901,0,95.80263364023023,10.0,0,0
55,1,神奈川県,25.36119675729968,137.0373041283002,131.16106611558922,44.63092061723692,21.963689998767943,0,114.70865110107626,2.203480719888856,0,1
52,1,神奈川県,24.12551703154701,143.60355265315718,243.46456235789216,56.330314849190465,2.551304925804225,0,101.93632637345176,2.9067715213915646,1,0
68,0,香川県,25.034593301152203,151.639144025697,92.59202671517728,42.83259066945913,9.801585071571179,0,98.10826610087817,10.0,0,0
51,0,千葉県,27.768784958955703,136.40574079486458,129.66159630598634,43.797330134020825,20.542836936017775,0,102.3791709189388,10.0,0,0
64,0,神奈川県,25.43104744263219,113.85562275724142,80.22723498810309,42.357056939726256,11.494731948795156,0,103.32369609819244,10.0,0,0
45,1,大阪府,21.844133470677775,101.5480877305741,225.73586423941148,41.30125956628052,7.932615989230524,0,81.42669441102707,10.0,0,0
51,0,神奈川県,24.773878851226087,139.11731197099246,45.357509941642675,41.04180068128477,5.152887002868435,0,88.31473144224802,10.0,0,0
74,1,東京都,21.41999865170491,134.33001556995004,126.35030771870682,40.99387962047769,3.138054026873994,0,110.22404128065091,9.899373738589603,0,1
63,1,広島県,24.184255770577394,153.03674173567484,144.15380968047072,41.636951629982065,10.09640675012018,0,109.03687612023677,10.0,0,0
56,0,東京都,19.59399182134978,115.0759456014434,31.67965605517346,51.70604742695673,5.939550846577009,0,68.81051976839461,10.0,0,0
44,0,沖縄県,15.030955786909757,70.73386971487551,11.315160551021773,40.68518159386482,11.961260582499575,0,62.57071476631855,10.0,0,0
67,0,福岡県,22.257869595119878,109.59404072860463,97.98279003384555,48.01811442795103,11.180331065011808,0,94.04600136203956,10.0,0,0
51,1,山形県,30.077986295076062,138.87195559729966,228.51463743580837,59.6320704436423,26.14851526486062,0,95.1141143844145,6.559126749365664,0,1
40,1,千葉県,21.24210770475807,116.06319017923816,47.845495139624035,36.22794448296077,1.7767603728734749,0,65.25169855262327,10.0,0,0
70,0,神奈川県,23.863904990598822,148.3133282687407,49.25787659357552,51.21319099843336,3.697775249482142,0,98.41230733508011,6.773256079332979,1,0
40,1,沖縄県,21.56082919915033,109.99000285066968,40.42989159989162,41.68658805793742,6.3824448589443525,0,65.58097449287811,10.0,0,0
44,0,栃木県,24.5038846049095,146.60879598555124,90.31921279079536,41.5977386358427,7.692244335951005,0,90.34044159727168,10.0,0,0
64,0,大阪府,22.748342160862176,130.9878581301663,39.55879739079591,53.16108777329296,21.939419406596954,1,98.11708140540041,10.0,0,0
43,0,神奈川県,22.9435952327986,151.4132752314301,86.25685251313502,42.286651290872825,2.504516616416981,1,106.15401948319399,10.0,0,0
74,0,沖縄県,16.379917176037218,132.08235946170313,150.817401408471,63.0551932659412,17.574331536415624,1,117.98214761640935,5.7284962399766695,0,1
64,1,熊本県,23.30297400463237,138.52034773142427,59.299194977194794,68.6446693617897,10.91964973544524,0,91.93479924003948,10.0,0,0
53,1,群馬県,17.63033152068625,106.64148900964264,123.10441621842563,41.68022185838626,11.539821373710788,0,99.46549945081327,8.119874189615215,0,1
58,1,神奈川県,24.5664762097896,136.406801144902,64.01822418535768,58.28242862661986,21.15535496664457,0,99.84177502738738,10.0,0,0
52,1,神奈川県,21.848183580508252,131.95843378514516,145.0604235274844,41.0751482208571,28.1560628802724,1,86.03573052247434,10.0,0,0
64,0,岐阜県,23.330607848797918,94.27588839937725,172.54335396040872,40.87877684463544,6.821649271203228,1,69.10360961362471,10.0,0,0
70,1,北海道,25.388523532117343,115.98749436283777,191.27730105488044,41.978248222243764,4.420071285622137,0,93.44043636624474,10.0,0,0
52,0,新潟県,24.35931058559611,114.6530795427007,135.69694469247105,51.226385869723494,15.5574715389717,0,76.7335511917902,10.0,0,0
61,1,佐賀県,26.829976254692614,114.95507062280332,54.265399162477,40.053110251994596,7.964616165668195,0,95.06151704108306,10.0,0,0
68,1,東京都,22.176291757951628,136.4210957646576,67.4080473979147,68.11003540511213,24.721531312538364,0,77.94297831798286,10.0,0,0
71,0,神奈川県,27.000427472606173,128.6198364970675,106.90265211004402,39.626678198458485,14.470455072749402,0,72.6393743919396,10.0,0,0
68,0,東京都,26.93340769655825,126.71742470338042,69.00675161014819,41.59714836899211,11.92583792392001,0,82.34297829158324,10.0,0,0
51,0,和歌山県,20.445972971176662,133.21674837182672,66.9754275421875,42.107011254547736,37.06258826492462,0,93.47420856262637,10.0,0,0
56,1,神奈川県,24.979951193195003,135.2854932609496,63.277255709593305,42.77582915210924,8.994096628284995,1,79.21533093554044,10.0,0,0
47,0,群馬県,22.97655341052668,123.57635639696498,141.02272695366736,41.28552621002282,34.966908128874834,0,88.77501417961453,10.0,0,0
42,0,香川県,21.80925939249529,116.14637628454507,71.89184586115482,65.69252411094314,17.71345107988382,1,84.09551453445503,10.0,0,0
48,1,三重県,21.92751231481954,93.7458412785681,71.06961172287836,40.8372660162234,10.700935768969579,0,85.37286558816712,10.0,0,0
56,1,神奈川県,20.853091626029432,136.54523467502253,211.53424551096404,51.63906822508507,39.328817309673965,1,72.86741669088069,10.0,0,0
60,0,青森県,16.965591126752066,107.83769561628448,21.844935781370605,51.02283605111361,2.635333452719883,0,58.364779124139304,10.0,0,0
64,1,千葉県,25.096585763792675,134.46741644470595,58.10354648286174,40.49223571960204,8.342675865155773,0,91.81905681585114,10.0,0,0
50,0,兵庫県,17.86334641390419,139.18571957945534,51.22263281154061,41.81502870389984,5.327708439907134,0,59.565506843391525,10.0,0,0
40,1,静岡県,19.97168983394634,74.73729512151367,23.405454056143025,40.81998834930912,17.966130899945476,0,76.99368274705881,10.0,0,0
59,1,神奈川県,26.20591425159834,89.1945999450512,90.28745920251477,41.42512614535942,19.663722689612385,0,84.97362932221509,10.0,0,0
50,0,神奈川県,16.90592464332493,95.43519666956483,85.83564459785205,39.83227428108396,2.9800440562315056,0,97.08339585778641,10.0,0,0
50,0,山形県,23.454230439912802,118.20838413726354,9.666592226578336,42.55489109260034,11.25773663161827,0,101.42336735705744,5.61967466445941,1,0
50,1,山口県,21.613720006242215,113.12439247978136,32.137655055828596,42.01310117295521,6.189226727504615,1,73.35285006702274,10.0,0,0
48,1,神奈川県,17.369969186024225,105.8466494175496,143.86466885449047,41.531871237842694,5.903854551181724,0,91.98798499069333,10.0,0,0
58,0,神奈川県,27.25719684918606,153.6763029778908,100.65546786471383,41.889196102654374,97.66863341210403,0,114.52858771042554,10.0,0,0
60,0,静岡県,29.448305791574537,136.58066069440272,91.42364988971825,41.684953935352524,28.14032462219276,1,90.41522889373613,0.024640657084188913,0,1
61,1,大阪府,22.061815759957454,96.05847727284824,172.33970113087074,41.11591792972605,11.523727661596109,1,123.35946244796465,10.0,0,0
62,0,神奈川県,20.57740174232785,121.06623919169672,90.483068087751,40.685630048782265,8.084439477158709,0,93.87169337081104,10.0,0,0
49,0,埼玉県,24.113325348400725,142.06910449123893,169.16093619688834,59.98315735240058,15.65896964357712,1,78.89204452646122,10.0,0,0
74,0,東京都,24.613309220315454,160.94153925702983,84.87994116531299,54.05524367733623,18.007233309649482,1,87.5180912293575,10.0,0,0
74,1,大阪府,25.003285932125106,148.44811447072658,226.19625472544544,41.41704866188698,48.56473475520728,0,90.58848819880552,9.810855698651215,1,0
40,0,青森県,28.799193801378273,148.52915519453913,82.72882193261385,42.00829837556556,13.84059671614785,0,93.64808369714692,10.0,0,0
67,1,神奈川県,23.307396122972907,153.02632540321758,42.33536295861938,50.3714977982914,16.89798703376145,0,83.04027209127975,10.0,0,0
61,0,東京都,20.541289829899206,135.51245025989803,322.8263251060082,53.06144472812527,26.726682191621673,1,103.50409836187212,10.0,0,0
46,1,神奈川県,20.08981160991138,90.87018979216437,132.0206605421262,41.86336105824653,41.700846436682596,0,99.23397262125495,10.0,0,0
42,1,神奈川県,23.600416237258955,111.94671599556196,56.69984287553705,41.493074885633966,7.7346036958157764,0,81.32497468199644,9.734819545578604,0,1
48,0,栃木県,26.138574603418917,126.99618200492499,131.0921027613872,40.613373247412376,7.273122735052088,0,106.5742804047785,10.0,0,0
53,1,熊本県,18.655177832036856,110.36684912925061,60.36111165553264,55.479762941272426,7.57626925921982,0,68.1607393831954,10.0,0,0
45,0,兵庫県,18.933023521169655,143.34179647073015,127.26683597582398,42.81110375550734,24.85551845673154,0,86.79394688713916,8.208044221231694,0,1
42,0,千葉県,19.964817679680312,105.98671269959992,47.503147886194924,43.02842384039408,7.715293265194379,0,81.09711952312425,10.0,0,0
57,0,石川県,27.365798319868603,148.39712424713161,95.3240928292262,52.74992337861241,24.311386686011293,0,86.63883422587053,10.0,0,0
73,0,兵庫県,17.36103468977635,105.68167648238168,64.36124854561359,62.547386822665636,6.60273078537555,0,81.07752517694506,10.0,0,0
67,1,沖縄県,18.241659803809128,109.84520610488144,76.00218760318181,41.32608404899044,5.544420632699092,0,82.26147351476665,10.0,0,0
40,1,神奈川県,25.014775423087343,119.26966923639537,39.87703571728651,49.27805256470469,6.973376109584768,0,98.96507630961764,10.0,0,0
60,0,群馬県,27.737677080781335,124.75337810369231,66.69429698439389,54.7806937880247,15.2673194616284,0,82.33243058209827,10.0,0,0
58,0,宮崎県,20.789731789961234,142.89575840290198,60.95500813734863,50.17604478449717,13.846171308176167,0,105.44646768187982,10.0,0,0
45,0,秋田県,18.078796770547715,119.5924015548253,33.09099432008672,42.00780701594388,5.219722806993313,0,80.74672201797102,10.0,0,0
41,1,長崎県,30.038127783396,141.14628535606457,99.13789581160279,55.67180832280133,85.19019730064367,1,116.5943326846308,10.0,0,0
63,0,山梨県,20.777879677072132,148.4412075695709,85.85605432096483,62.08878899402797,2.93752427634631,0,77.96094059756565,10.0,0,0
73,0,神奈川県,33.60488257903777,138.51135408809589,115.01913264829271,56.90813434643815,43.21703652299071,0,83.86480213928857,1.3214861934414224,1,0
52,0,兵庫県,24.405876039258143,136.41221379731448,122.28017016731467,59.67442447498777,15.329407118157562,0,113.93110128543458,9.127121288308382,0,1
74,1,大阪府,20.546583765158385,135.21415607243216,133.54426952691256,54.10738252800504,2.630165325435174,0,110.06328238764992,7.171608535466109,0,1
47,1,沖縄県,18.57563805068122,127.09321777369524,118.34201098638354,41.04984573272812,24.27044997219142,0,57.79305956540089,10.0,0,0
51,1,神奈川県,19.958828295416627,93.04900409202567,58.936943074724155,41.163238787216635,37.262618881961565,0,77.90339376529597,10.0,0,0
42,0,熊本県,25.431087710775927,111.92507847623799,96.68597115748332,41.850073934188565,27.09339013656259,0,120.1659630665342,10.0,0,0
48,1,山梨県,18.317492017231583,121.08110009844994,134.56130041124774,41.72025799152097,17.22068918597072,0,77.37976216555649,10.0,0,0
69,0,神奈川県,19.2038042736518,115.96381857379838,17.66055769305938,40.861197606272405,1.2523716800778943,1,73.07546775944955,3.636686911263067,0,1
59,0,秋田県,29.88961319080902,131.58962420496735,75.53243911353597,42.551380563375076,13.06960832396688,0,108.55819275164562,0.06178349948263461,1,0
46,1,神奈川県,29.64102383771288,106.19264963363125,244.47757967870476,41.75205430026662,36.429043269409334,0,120.55659008147805,10.0,0,0
71,1,東京都,25.733263183310406,128.58287948307304,108.6761922379593,59.20258688158539,16.618846933451238,0,99.79824009646002,10.0,0,0
70,0,青森県,23.887736706300743,124.5783076265727,111.92208078021292,42.26208804994486,18.74815666968562,0,85.5338274906555,2.3734709651312187,0,1
