target_k,challenge_row_id,time_hat
1,0,10.0
1,1,10.0
1,2,10.0
1,3,10.0
1,4,10.0
1,5,10.0
1,6,10.0
1,7,10.0
1,8,10.0
1,9,10.0
1,10,10.0
1,11,10.0
1,12,0.04380561259411362
1,13,10.0
1,14,10.0
1,15,10.0
1,16,10.0
1,17,10.0
1,18,10.0
1,19,10.0
1,20,10.0
1,21,10.0
1,22,10.0
1,23,10.0
1,24,10.0
1,25,10.0
1,26,10.0
1,27,10.0
1,28,10.0
1,29,10.0
1,30,10.0
1,31,7.8834468666041
1,32,10.0
1,33,10.0
1,34,10.0
1,35,10.0
1,36,10.0
1,37,10.0
1,38,10.0
1,39,10.0
1,40,10.0
1,41,10.0
1,42,10.0
1,43,10.0
1,44,10.0
1,45,10.0
1,46,0.04380561259411362
1,47,10.0
1,48,10.0
1,49,10.0
1,50,10.0
1,51,8.40301923716612
1,52,10.0
1,53,10.0
1,54,10.0
1,55,10.0
1,56,10.0
1,57,10.0
1,58,10.0
1,59,10.0
1,60,10.0
1,61,10.0
1,62,10.0
1,63,10.0
1,64,10.0
1,65,10.0
1,66,10.0
1,67,10.0
1,68,10.0
1,69,10.0
1,70,10.0
1,71,10.0
1,72,10.0
1,73,10.0
1,74,2.262248133810707
1,75,10.0
1,76,0.5608009966773274
1,77,10.0
1,78,10.0
1,79,10.0
1,80,10.0
1,81,10.0
1,82,10.0
1,83,10.0
1,84,10.0
1,85,10.0
1,86,10.0
1,87,10.0
1,88,0.04380561259411362
1,89,0.39419979550953294
1,90,10.0
1,91,10.0
1,92,10.0
1,93,4.8187984156799
1,94,10.0
1,95,10.0
1,96,10.0
1,97,10.0
1,98,7.8834468666041
1,99,10.0
1,100,10.0
1,101,10.0
1,102,10.0
1,103,10.0
1,104,10.0
1,105,10.0
1,106,10.0
1,107,10.0
1,108,10.0
1,109,10.0
1,110,10.0
1,111,0.04380561259411362
1,112,10.0
1,113,10.0
1,114,10.0
1,115,10.0
1,116,10.0
1,117,10.0
1,118,10.0
1,119,10.0
1,120,6.157424958010503
1,121,10.0
1,122,10.0
1,123,10.0
1,124,10.0
1,125,10.0
1,126,10.0
1,127,0.8566706499447616
1,128,1.7346694494539108
1,129,10.0
1,130,10.0
1,131,10.0
1,132,10.0
1,133,10.0
1,134,10.0
1,135,10.0
1,136,10.0
1,137,10.0
1,138,10.0
1,139,0.27835697149279426
1,140,6.906889379473277
1,141,0.49098683684214717
1,142,10.0
1,143,10.0
1,144,6.268662599243999
1,145,10.0
1,146,10.0
1,147,10.0
1,148,10.0
1,149,10.0
1,150,10.0
1,151,10.0
1,152,10.0
1,153,10.0
1,154,10.0
1,155,10.0
1,156,10.0
1,157,0.05016881051849996
1,158,10.0
1,159,0.04380561259411362
1,160,10.0
1,161,10.0
1,162,10.0
1,163,10.0
1,164,10.0
1,165,6.906889379473277
1,166,0.5583890759625116
1,167,10.0
1,168,10.0
1,169,10.0
1,170,10.0
1,171,10.0
1,172,10.0
1,173,10.0
1,174,10.0
1,175,10.0
1,176,10.0
1,177,10.0
1,178,10.0
1,179,10.0
1,180,10.0
1,181,7.8834468666041
1,182,10.0
1,183,10.0
1,184,10.0
1,185,10.0
1,186,6.906889379473277
1,187,6.906889379473277
1,188,3.360371870110945
1,189,10.0
1,190,10.0
1,191,10.0
1,192,10.0
1,193,6.906889379473277
1,194,10.0
1,195,10.0
1,196,10.0
1,197,10.0
1,198,10.0
1,199,6.898150249921691
1,200,9.279419034371541
1,201,10.0
1,202,10.0
1,203,10.0
1,204,10.0
1,205,10.0
1,206,10.0
1,207,10.0
1,208,10.0
1,209,10.0
1,210,10.0
1,211,10.0
1,212,10.0
1,213,6.268662599243999
1,214,10.0
1,215,10.0
1,216,6.157424958010503
1,217,10.0
1,218,10.0
1,219,10.0
1,220,10.0
1,221,10.0
1,222,10.0
1,223,10.0
1,224,9.279419034371541
1,225,3.360371870110945
1,226,10.0
1,227,10.0
1,228,10.0
1,229,9.279419034371541
1,230,10.0
1,231,10.0
1,232,10.0
1,233,10.0
1,234,10.0
1,235,10.0
1,236,0.27835697149279426
1,237,10.0
1,238,10.0
1,239,10.0
1,240,10.0
1,241,10.0
1,242,10.0
1,243,10.0
1,244,10.0
1,245,7.8834468666041
1,246,10.0
1,247,10.0
1,248,10.0
1,249,10.0
1,250,10.0
1,251,10.0
1,252,10.0
1,253,10.0
1,254,10.0
1,255,10.0
1,256,10.0
1,257,10.0
1,258,10.0
1,259,10.0
1,260,10.0
1,261,10.0
1,262,4.285996673231053
1,263,10.0
1,264,10.0
1,265,10.0
1,266,10.0
1,267,10.0
1,268,10.0
1,269,10.0
1,270,10.0
1,271,10.0
1,272,1.7346694494539108
1,273,10.0
1,274,10.0
1,275,10.0
1,276,0.05016881051849996
1,277,10.0
1,278,10.0
1,279,10.0
1,280,10.0
1,281,3.0262044082833155
1,282,10.0
1,283,3.360371870110945
1,284,10.0
1,285,10.0
1,286,10.0
1,287,10.0
1,288,0.27835697149279426
1,289,10.0
1,290,10.0
1,291,10.0
1,292,10.0
1,293,10.0
1,294,10.0
1,295,10.0
1,296,0.5583890759625116
1,297,10.0
1,298,10.0
1,299,0.5583890759625116
1,300,10.0
1,301,10.0
1,302,5.644785458425524
1,303,10.0
1,304,10.0
1,305,10.0
1,306,10.0
1,307,10.0
1,308,7.8834468666041
1,309,10.0
1,310,10.0
1,311,10.0
1,312,10.0
1,313,10.0
1,314,10.0
1,315,10.0
1,316,10.0
1,317,10.0
1,318,10.0
1,319,10.0
1,320,4.8187984156799
1,321,10.0
1,322,10.0
1,323,1.7346694494539108
1,324,10.0
1,325,10.0
2,0,10.0
2,1,10.0
2,2,0.40992649852492574
2,3,10.0
2,4,10.0
2,5,10.0
2,6,10.0
2,7,5.006245540290014
2,8,10.0
2,9,10.0
2,10,10.0
2,11,10.0
2,12,10.0
2,13,3.0942304390826014
2,14,0.5809795549013874
2,15,10.0
2,16,10.0
2,17,10.0
2,18,10.0
2,19,5.082693627086801
2,20,10.0
2,21,10.0
2,22,10.0
2,23,10.0
2,24,10.0
2,25,4.7982602353998285
2,26,10.0
2,27,10.0
2,28,10.0
2,29,10.0
2,30,10.0
2,31,10.0
2,32,10.0
2,33,8.286103934119774
2,34,8.209425748827073
2,35,10.0
2,36,10.0
2,37,10.0
2,38,10.0
2,39,10.0
2,40,10.0
2,41,10.0
2,42,10.0
2,43,10.0
2,44,10.0
2,45,10.0
2,46,10.0
2,47,10.0
2,48,10.0
2,49,10.0
2,50,10.0
2,51,10.0
2,52,10.0
2,53,6.103123295542951
2,54,10.0
2,55,9.666858753584302
2,56,10.0
2,57,10.0
2,58,8.574631338852814
2,59,10.0
2,60,10.0
2,61,10.0
2,62,10.0
2,63,10.0
2,64,10.0
2,65,10.0
2,66,10.0
2,67,10.0
2,68,10.0
2,69,10.0
2,70,10.0
2,71,10.0
2,72,10.0
2,73,8.403373245186373
2,74,10.0
2,75,7.83957822325388
2,76,10.0
2,77,10.0
2,78,10.0
2,79,10.0
2,80,10.0
2,81,0.40992649852492574
2,82,10.0
2,83,10.0
2,84,10.0
2,85,10.0
2,86,10.0
2,87,10.0
2,88,10.0
2,89,10.0
2,90,8.209425748827073
2,91,10.0
2,92,10.0
2,93,0.28934129597648667
2,94,10.0
2,95,10.0
2,96,10.0
2,97,10.0
2,98,10.0
2,99,10.0
2,100,10.0
2,101,10.0
2,102,10.0
2,103,10.0
2,104,0.5809795549013874
2,105,10.0
2,106,10.0
2,107,10.0
2,108,10.0
2,109,10.0
2,110,10.0
2,111,10.0
2,112,10.0
2,113,10.0
2,114,10.0
2,115,10.0
2,116,0.40992649852492574
2,117,10.0
2,118,10.0
2,119,8.361506059696064
2,120,10.0
2,121,10.0
2,122,10.0
2,123,10.0
2,124,10.0
2,125,4.7982602353998285
2,126,10.0
2,127,10.0
2,128,10.0
2,129,10.0
2,130,10.0
2,131,10.0
2,132,10.0
2,133,10.0
2,134,10.0
2,135,10.0
2,136,10.0
2,137,10.0
2,138,10.0
2,139,10.0
2,140,10.0
2,141,10.0
2,142,10.0
2,143,10.0
2,144,8.361506059696064
2,145,10.0
2,146,10.0
2,147,10.0
2,148,10.0
2,149,10.0
2,150,10.0
2,151,10.0
2,152,10.0
2,153,10.0
2,154,10.0
2,155,10.0
2,156,10.0
2,157,10.0
2,158,10.0
2,159,10.0
2,160,10.0
2,161,10.0
2,162,10.0
2,163,8.911813381117407
2,164,2.1716948491427908
2,165,10.0
2,166,10.0
2,167,8.286103934119774
2,168,10.0
2,169,10.0
2,170,10.0
2,171,5.006245540290014
2,172,10.0
2,173,10.0
2,174,10.0
2,175,10.0
2,176,10.0
2,177,10.0
2,178,10.0
2,179,10.0
2,180,10.0
2,181,10.0
2,182,10.0
2,183,9.666858753584302
2,184,10.0
2,185,10.0
2,186,10.0
2,187,10.0
2,188,10.0
2,189,10.0
2,190,10.0
2,191,10.0
2,192,8.400011692047974
2,193,10.0
2,194,8.792724442023621
2,195,8.574631338852814
2,196,5.8034540922148885
2,197,10.0
2,198,10.0
2,199,10.0
2,200,10.0
2,201,10.0
2,202,10.0
2,203,10.0
2,204,10.0
2,205,10.0
2,206,10.0
2,207,10.0
2,208,6.103123295542951
2,209,10.0
2,210,10.0
2,211,10.0
2,212,10.0
2,213,10.0
2,214,8.792724442023621
2,215,10.0
2,216,10.0
2,217,2.3606664221755964
2,218,10.0
2,219,10.0
2,220,10.0
2,221,8.286103934119774
2,222,10.0
2,223,10.0
2,224,10.0
2,225,10.0
2,226,10.0
2,227,10.0
2,228,10.0
2,229,10.0
2,230,0.14910897407164386
2,231,10.0
2,232,2.3606664221755964
2,233,10.0
2,234,8.361506059696064
2,235,10.0
2,236,10.0
2,237,9.666858753584302
2,238,10.0
2,239,8.792724442023621
2,240,10.0
2,241,10.0
2,242,10.0
2,243,10.0
2,244,10.0
2,245,10.0
2,246,3.0942304390826014
2,247,10.0
2,248,10.0
2,249,10.0
2,250,10.0
2,251,5.473951312598713
2,252,10.0
2,253,10.0
2,254,10.0
2,255,10.0
2,256,0.28934129597648667
2,257,10.0
2,258,10.0
2,259,10.0
2,260,8.400011692047974
2,261,10.0
2,262,10.0
2,263,10.0
2,264,10.0
2,265,10.0
2,266,10.0
2,267,9.666858753584302
2,268,10.0
2,269,10.0
2,270,10.0
2,271,10.0
2,272,10.0
2,273,10.0
2,274,10.0
2,275,10.0
2,276,10.0
2,277,10.0
2,278,10.0
2,279,10.0
2,280,10.0
2,281,10.0
2,282,8.286103934119774
2,283,10.0
2,284,10.0
2,285,10.0
2,286,10.0
2,287,10.0
2,288,10.0
2,289,10.0
2,290,10.0
2,291,10.0
2,292,10.0
2,293,8.574631338852814
2,294,10.0
2,295,10.0
2,296,10.0
2,297,10.0
2,298,10.0
2,299,10.0
2,300,10.0
2,301,10.0
2,302,10.0
2,303,10.0
2,304,10.0
2,305,9.666858753584302
2,306,10.0
2,307,10.0
2,308,10.0
2,309,10.0
2,310,10.0
2,311,8.400011692047974
2,312,10.0
2,313,8.361506059696064
2,314,8.286103934119774
2,315,10.0
2,316,10.0
2,317,10.0
2,318,10.0
2,319,10.0
2,320,10.0
2,321,10.0
2,322,10.0
2,323,10.0
2,324,10.0
2,325,10.0
3,0,10.0
3,1,10.0
3,2,10.0
3,3,7.496940422745606
3,4,10.0
3,5,10.0
3,6,10.0
3,7,10.0
3,8,10.0
3,9,10.0
3,10,4.154454027661249
3,11,10.0
3,12,7.920379558435005
3,13,10.0
3,14,0.008095218395918645
3,15,10.0
3,16,10.0
3,17,10.0
3,18,10.0
3,19,10.0
3,20,9.681756323638183
3,21,0.0027378507871321013
3,22,10.0
3,23,10.0
3,24,10.0
3,25,10.0
3,26,10.0
3,27,10.0
3,28,10.0
3,29,10.0
3,30,10.0
3,31,2.3387063005416424
3,32,10.0
3,33,10.0
3,34,10.0
3,35,10.0
3,36,0.008095218395918645
3,37,10.0
3,38,10.0
3,39,10.0
3,40,10.0
3,41,10.0
3,42,10.0
3,43,10.0
3,44,10.0
3,45,10.0
3,46,10.0
3,47,10.0
3,48,10.0
3,49,2.7004343649797766
3,50,10.0
3,51,10.0
3,52,10.0
3,53,10.0
3,54,10.0
3,55,10.0
3,56,10.0
3,57,5.353545303832454
3,58,10.0
3,59,10.0
3,60,10.0
3,61,10.0
3,62,10.0
3,63,10.0
3,64,10.0
3,65,10.0
3,66,10.0
3,67,10.0
3,68,10.0
3,69,10.0
3,70,10.0
3,71,0.008095218395918645
3,72,10.0
3,73,10.0
3,74,10.0
3,75,0.2625055510840182
3,76,4.629099210278721
3,77,10.0
3,78,10.0
3,79,10.0
3,80,10.0
3,81,10.0
3,82,10.0
3,83,10.0
3,84,10.0
3,85,10.0
3,86,3.860237352624332
3,87,5.347359605615224
3,88,10.0
3,89,5.347359605615224
3,90,8.294045456139926
3,91,2.2774278404480643
3,92,10.0
3,93,10.0
3,94,10.0
3,95,0.008095218395918645
3,96,10.0
3,97,10.0
3,98,10.0
3,99,4.154454027661249
3,100,10.0
3,101,10.0
3,102,0.008095218395918645
3,103,10.0
3,104,10.0
3,105,10.0
3,106,10.0
3,107,10.0
3,108,10.0
3,109,10.0
3,110,4.629099210278721
3,111,10.0
3,112,10.0
3,113,8.675680035045518
3,114,10.0
3,115,2.2774278404480643
3,116,10.0
3,117,10.0
3,118,10.0
3,119,10.0
3,120,10.0
3,121,10.0
3,122,8.380393206192014
3,123,10.0
3,124,10.0
3,125,10.0
3,126,10.0
3,127,10.0
3,128,10.0
3,129,10.0
3,130,7.496940422745606
3,131,10.0
3,132,10.0
3,133,10.0
3,134,10.0
3,135,5.353545303832454
3,136,8.912866829032582
3,137,10.0
3,138,7.78679401026403
3,139,10.0
3,140,0.008095218395918645
3,141,10.0
3,142,10.0
3,143,10.0
3,144,10.0
3,145,8.731722400602793
3,146,10.0
3,147,8.731722400602793
3,148,10.0
3,149,0.008095218395918645
3,150,10.0
3,151,10.0
3,152,10.0
3,153,10.0
3,154,10.0
3,155,10.0
3,156,10.0
3,157,10.0
3,158,10.0
3,159,10.0
3,160,10.0
3,161,10.0
3,162,5.347359605615224
3,163,10.0
3,164,10.0
3,165,10.0
3,166,10.0
3,167,10.0
3,168,10.0
3,169,0.2625055510840182
3,170,10.0
3,171,10.0
3,172,9.490872151592246
3,173,10.0
3,174,10.0
3,175,10.0
3,176,10.0
3,177,10.0
3,178,10.0
3,179,10.0
3,180,10.0
3,181,10.0
3,182,0.2625055510840182
3,183,8.380393206192014
3,184,10.0
3,185,10.0
3,186,10.0
3,187,0.2625055510840182
3,188,10.0
3,189,10.0
3,190,8.731722400602793
3,191,10.0
3,192,7.920379558435005
3,193,10.0
3,194,10.0
3,195,10.0
3,196,10.0
3,197,8.380393206192014
3,198,6.291411726999551
3,199,10.0
3,200,10.0
3,201,8.75271467357628
3,202,10.0
3,203,10.0
3,204,10.0
3,205,10.0
3,206,10.0
3,207,10.0
3,208,10.0
3,209,10.0
3,210,0.2625055510840182
3,211,10.0
3,212,10.0
3,213,8.380393206192014
3,214,6.291411726999551
3,215,10.0
3,216,8.912866829032582
3,217,10.0
3,218,10.0
3,219,7.920379558435005
3,220,10.0
3,221,10.0
3,222,10.0
3,223,8.380393206192014
3,224,10.0
3,225,9.490872151592246
3,226,10.0
3,227,8.380393206192014
3,228,10.0
3,229,10.0
3,230,10.0
3,231,9.490872151592246
3,232,10.0
3,233,10.0
3,234,5.347359605615224
3,235,10.0
3,236,10.0
3,237,4.629099210278721
3,238,10.0
3,239,10.0
3,240,10.0
3,241,0.2625055510840182
3,242,10.0
3,243,10.0
3,244,2.2774278404480643
3,245,10.0
3,246,10.0
3,247,10.0
3,248,10.0
3,249,10.0
3,250,10.0
3,251,8.294045456139926
3,252,10.0
3,253,10.0
3,254,10.0
3,255,10.0
3,256,10.0
3,257,10.0
3,258,8.380393206192014
3,259,10.0
3,260,0.2625055510840182
3,261,8.380393206192014
3,262,10.0
3,263,10.0
3,264,10.0
3,265,10.0
3,266,1.0815671242036002
3,267,10.0
3,268,10.0
3,269,10.0
3,270,10.0
3,271,10.0
3,272,1.368155230876973
3,273,10.0
3,274,10.0
3,275,9.490872151592246
3,276,10.0
3,277,10.0
3,278,10.0
3,279,10.0
3,280,10.0
3,281,10.0
3,282,2.0087511965440488
3,283,10.0
3,284,10.0
3,285,8.380393206192014
3,286,6.291411726999551
3,287,10.0
3,288,10.0
3,289,10.0
3,290,10.0
3,291,10.0
3,292,10.0
3,293,10.0
3,294,10.0
3,295,6.486528640026964
3,296,10.0
3,297,10.0
3,298,10.0
3,299,10.0
3,300,10.0
3,301,10.0
3,302,7.920379558435005
3,303,8.294045456139926
3,304,10.0
3,305,2.3387063005416424
3,306,10.0
3,307,10.0
3,308,10.0
3,309,10.0
3,310,10.0
3,311,10.0
3,312,10.0
3,313,10.0
3,314,10.0
3,315,10.0
3,316,10.0
3,317,4.154454027661249
3,318,10.0
3,319,10.0
3,320,0.008095218395918645
3,321,8.731722400602793
3,322,10.0
3,323,10.0
3,324,7.920379558435005
3,325,10.0
4,0,10.0
4,1,10.0
4,2,10.0
4,3,10.0
4,4,10.0
4,5,1.0485523022958572
4,6,10.0
4,7,7.34151940112685
4,8,10.0
4,9,10.0
4,10,10.0
4,11,10.0
4,12,10.0
4,13,10.0
4,14,10.0
4,15,10.0
4,16,10.0
4,17,10.0
4,18,10.0
4,19,10.0
4,20,10.0
4,21,10.0
4,22,10.0
4,23,10.0
4,24,7.109724402569504
4,25,10.0
4,26,1.8415684120179936
4,27,10.0
4,28,9.710759588553811
4,29,9.823511987251383
4,30,10.0
4,31,10.0
4,32,10.0
4,33,10.0
4,34,10.0
4,35,10.0
4,36,10.0
4,37,10.0
4,38,10.0
4,39,10.0
4,40,10.0
4,41,10.0
4,42,10.0
4,43,2.751288680128188
4,44,10.0
4,45,10.0
4,46,10.0
4,47,10.0
4,48,2.831041648385155
4,49,10.0
4,50,6.7417606795458465
4,51,10.0
4,52,10.0
4,53,10.0
4,54,10.0
4,55,10.0
4,56,10.0
4,57,10.0
4,58,10.0
4,59,10.0
4,60,10.0
4,61,10.0
4,62,10.0
4,63,10.0
4,64,2.831041648385155
4,65,10.0
4,66,10.0
4,67,10.0
4,68,10.0
4,69,10.0
4,70,10.0
4,71,10.0
4,72,0.942679244859806
4,73,7.34151940112685
4,74,10.0
4,75,10.0
4,76,10.0
4,77,10.0
4,78,10.0
4,79,10.0
4,80,2.751288680128188
4,81,10.0
4,82,10.0
4,83,10.0
4,84,10.0
4,85,10.0
4,86,10.0
4,87,10.0
4,88,10.0
4,89,10.0
4,90,10.0
4,91,10.0
4,92,10.0
4,93,10.0
4,94,7.21447613711008
4,95,10.0
4,96,10.0
4,97,10.0
4,98,10.0
4,99,9.710759588553811
4,100,10.0
4,101,10.0
4,102,10.0
4,103,10.0
4,104,10.0
4,105,10.0
4,106,10.0
4,107,10.0
4,108,10.0
4,109,10.0
4,110,10.0
4,111,10.0
4,112,10.0
4,113,10.0
4,114,3.778470317919234
4,115,10.0
4,116,10.0
4,117,10.0
4,118,10.0
4,119,10.0
4,120,10.0
4,121,10.0
4,122,10.0
4,123,10.0
4,124,10.0
4,125,10.0
4,126,10.0
4,127,10.0
4,128,7.21447613711008
4,129,10.0
4,130,10.0
4,131,10.0
4,132,10.0
4,133,10.0
4,134,10.0
4,135,10.0
4,136,10.0
4,137,9.256630417281617
4,138,10.0
4,139,10.0
4,140,10.0
4,141,10.0
4,142,10.0
4,143,10.0
4,144,10.0
4,145,10.0
4,146,10.0
4,147,10.0
4,148,4.028085861659782
4,149,10.0
4,150,10.0
4,151,10.0
4,152,10.0
4,153,10.0
4,154,10.0
4,155,10.0
4,156,10.0
4,157,10.0
4,158,10.0
4,159,10.0
4,160,10.0
4,161,10.0
4,162,10.0
4,163,10.0
4,164,10.0
4,165,10.0
4,166,10.0
4,167,10.0
4,168,10.0
4,169,5.511343424651766
4,170,10.0
4,171,10.0
4,172,10.0
4,173,1.6070458682287188
4,174,10.0
4,175,10.0
4,176,10.0
4,177,9.710759588553811
4,178,10.0
4,179,10.0
4,180,10.0
4,181,3.6308652522152247
4,182,10.0
4,183,10.0
4,184,10.0
4,185,10.0
4,186,10.0
4,187,10.0
4,188,10.0
4,189,10.0
4,190,10.0
4,191,10.0
4,192,7.109724402569504
4,193,10.0
4,194,10.0
4,195,10.0
4,196,10.0
4,197,10.0
4,198,10.0
4,199,10.0
4,200,10.0
4,201,10.0
4,202,10.0
4,203,10.0
4,204,10.0
4,205,10.0
4,206,10.0
4,207,7.445489421844108
4,208,10.0
4,209,10.0
4,210,10.0
4,211,10.0
4,212,2.831041648385155
4,213,10.0
4,214,10.0
4,215,2.751288680128188
4,216,6.577594132807341
4,217,10.0
4,218,10.0
4,219,10.0
4,220,10.0
4,221,10.0
4,222,10.0
4,223,10.0
4,224,10.0
4,225,10.0
4,226,6.577594132807341
4,227,10.0
4,228,10.0
4,229,10.0
4,230,10.0
4,231,10.0
4,232,10.0
4,233,10.0
4,234,10.0
4,235,10.0
4,236,9.823511987251383
4,237,7.21447613711008
4,238,10.0
4,239,10.0
4,240,10.0
4,241,10.0
4,242,10.0
4,243,2.4179192395346107
4,244,10.0
4,245,10.0
4,246,10.0
4,247,10.0
4,248,10.0
4,249,4.028085861659782
4,250,10.0
4,251,4.028085861659782
4,252,10.0
4,253,10.0
4,254,0.4368847271676131
4,255,10.0
4,256,10.0
4,257,10.0
4,258,10.0
4,259,10.0
4,260,10.0
4,261,10.0
4,262,10.0
4,263,10.0
4,264,10.0
4,265,10.0
4,266,10.0
4,267,3.124805846416602
4,268,10.0
4,269,10.0
4,270,0.4368847271676131
4,271,10.0
4,272,10.0
4,273,10.0
4,274,10.0
4,275,0.9752052785172042
4,276,4.028085861659782
4,277,10.0
4,278,10.0
4,279,10.0
4,280,10.0
4,281,10.0
4,282,10.0
4,283,10.0
4,284,10.0
4,285,10.0
4,286,10.0
4,287,10.0
4,288,7.21447613711008
4,289,10.0
4,290,10.0
4,291,10.0
4,292,10.0
4,293,10.0
4,294,10.0
4,295,10.0
4,296,10.0
4,297,8.40654776216577
4,298,10.0
4,299,10.0
4,300,2.831041648385155
4,301,10.0
4,302,10.0
4,303,6.840082552528267
4,304,10.0
4,305,10.0
4,306,10.0
4,307,10.0
4,308,10.0
4,309,10.0
4,310,10.0
4,311,10.0
4,312,10.0
4,313,10.0
4,314,10.0
4,315,10.0
4,316,10.0
4,317,10.0
4,318,10.0
4,319,10.0
4,320,10.0
4,321,10.0
4,322,10.0
4,323,10.0
4,324,10.0
4,325,10.0
5,0,10.0
5,1,10.0
5,2,10.0
5,3,10.0
5,4,10.0
5,5,0.9975158710366732
5,6,10.0
5,7,10.0
5,8,10.0
5,9,10.0
5,10,10.0
5,11,10.0
5,12,10.0
5,13,10.0
5,14,10.0
5,15,10.0
5,16,10.0
5,17,10.0
5,18,10.0
5,19,10.0
5,20,10.0
5,21,10.0
5,22,10.0
5,23,10.0
5,24,2.4169539530468844
5,25,10.0
5,26,10.0
5,27,10.0
5,28,8.710633514233804
5,29,10.0
5,30,10.0
5,31,10.0
5,32,10.0
5,33,4.765906686386877
5,34,10.0
5,35,10.0
5,36,10.0
5,37,9.698288920851962
5,38,10.0
5,39,10.0
5,40,10.0
5,41,5.126907255418565
5,42,10.0
5,43,10.0
5,44,10.0
5,45,10.0
5,46,9.698288920851962
5,47,10.0
5,48,10.0
5,49,10.0
5,50,10.0
5,51,10.0
5,52,10.0
5,53,10.0
5,54,5.126907255418565
5,55,10.0
5,56,10.0
5,57,10.0
5,58,10.0
5,59,5.2983392912901035
5,60,10.0
5,61,10.0
5,62,10.0
5,63,10.0
5,64,10.0
5,65,10.0
5,66,10.0
5,67,6.127851638376572
5,68,10.0
5,69,10.0
5,70,10.0
5,71,10.0
5,72,10.0
5,73,10.0
5,74,10.0
5,75,10.0
5,76,8.710633514233804
5,77,5.9177466910842424
5,78,4.765906686386877
5,79,10.0
5,80,10.0
5,81,10.0
5,82,10.0
5,83,10.0
5,84,10.0
5,85,8.710633514233804
5,86,9.698288920851962
5,87,8.710633514233804
5,88,10.0
5,89,1.0271918408678153
5,90,10.0
5,91,10.0
5,92,10.0
5,93,3.9689297035597417
5,94,10.0
5,95,1.7713269010636448
5,96,10.0
5,97,10.0
5,98,10.0
5,99,10.0
5,100,10.0
5,101,10.0
5,102,1.7940901934439328
5,103,10.0
5,104,10.0
5,105,10.0
5,106,1.0271918408678153
5,107,10.0
5,108,10.0
5,109,10.0
5,110,8.710633514233804
5,111,10.0
5,112,0.9975158710366732
5,113,10.0
5,114,10.0
5,115,10.0
5,116,10.0
5,117,10.0
5,118,8.710633514233804
5,119,10.0
5,120,1.7940901934439328
5,121,10.0
5,122,10.0
5,123,8.710633514233804
5,124,7.135000724672105
5,125,10.0
5,126,1.7940901934439328
5,127,10.0
5,128,10.0
5,129,10.0
5,130,10.0
5,131,10.0
5,132,10.0
5,133,5.126907255418565
5,134,1.0271918408678153
5,135,6.127851638376572
5,136,10.0
5,137,10.0
5,138,2.8345026120189303
5,139,10.0
5,140,10.0
5,141,10.0
5,142,5.209893637464236
5,143,10.0
5,144,5.2983392912901035
5,145,5.209893637464236
5,146,10.0
5,147,5.126907255418565
5,148,10.0
5,149,10.0
5,150,10.0
5,151,0.5762768537078966
5,152,10.0
5,153,10.0
5,154,10.0
5,155,2.8345026120189303
5,156,10.0
5,157,10.0
5,158,10.0
5,159,10.0
5,160,10.0
5,161,10.0
5,162,10.0
5,163,10.0
5,164,10.0
5,165,10.0
5,166,10.0
5,167,10.0
5,168,10.0
5,169,10.0
5,170,10.0
5,171,10.0
5,172,5.9177466910842424
5,173,7.135000724672105
5,174,10.0
5,175,1.407742995402783
5,176,10.0
5,177,10.0
5,178,10.0
5,179,10.0
5,180,10.0
5,181,10.0
5,182,10.0
5,183,4.171598503377879
5,184,10.0
5,185,10.0
5,186,10.0
5,187,1.0271918408678153
5,188,10.0
5,189,10.0
5,190,10.0
5,191,10.0
5,192,10.0
5,193,8.710633514233804
5,194,6.127851638376572
5,195,10.0
5,196,10.0
5,197,10.0
5,198,10.0
5,199,10.0
5,200,10.0
5,201,10.0
5,202,2.4169539530468844
5,203,5.36573140618499
5,204,5.2983392912901035
5,205,10.0
5,206,10.0
5,207,10.0
5,208,10.0
5,209,10.0
5,210,2.4169539530468844
5,211,10.0
5,212,10.0
5,213,10.0
5,214,10.0
5,215,10.0
5,216,10.0
5,217,10.0
5,218,10.0
5,219,10.0
5,220,10.0
5,221,10.0
5,222,1.4724393671831881
5,223,10.0
5,224,10.0
5,225,10.0
5,226,10.0
5,227,10.0
5,228,10.0
5,229,10.0
5,230,10.0
5,231,1.0271918408678153
5,232,10.0
5,233,10.0
5,234,10.0
5,235,10.0
5,236,10.0
5,237,10.0
5,238,10.0
5,239,2.4169539530468844
5,240,10.0
5,241,3.206357345826628
5,242,10.0
5,243,10.0
5,244,10.0
5,245,10.0
5,246,10.0
5,247,10.0
5,248,10.0
5,249,10.0
5,250,10.0
5,251,9.698288920851962
5,252,10.0
5,253,10.0
5,254,10.0
5,255,10.0
5,256,10.0
5,257,10.0
5,258,10.0
5,259,0.5762768537078966
5,260,10.0
5,261,1.7713269010636448
5,262,10.0
5,263,10.0
5,264,10.0
5,265,10.0
5,266,10.0
5,267,5.2983392912901035
5,268,10.0
5,269,10.0
5,270,2.8345026120189303
5,271,10.0
5,272,10.0
5,273,10.0
5,274,10.0
5,275,10.0
5,276,10.0
5,277,8.710633514233804
5,278,10.0
5,279,5.793076865872259
5,280,10.0
5,281,10.0
5,282,8.710633514233804
5,283,10.0
5,284,10.0
5,285,10.0
5,286,10.0
5,287,10.0
5,288,10.0
5,289,10.0
5,290,10.0
5,291,10.0
5,292,10.0
5,293,10.0
5,294,10.0
5,295,10.0
5,296,10.0
5,297,0.9975158710366732
5,298,10.0
5,299,0.9975158710366732
5,300,5.126907255418565
5,301,10.0
5,302,10.0
5,303,10.0
5,304,10.0
5,305,10.0
5,306,10.0
5,307,10.0
5,308,10.0
5,309,10.0
5,310,10.0
5,311,5.2983392912901035
5,312,10.0
5,313,10.0
5,314,10.0
5,315,10.0
5,316,10.0
5,317,10.0
5,318,10.0
5,319,3.3367151143209
5,320,10.0
5,321,10.0
5,322,10.0
5,323,10.0
5,324,10.0
5,325,10.0
6,0,0.06844626967830253
6,1,5.958878955724703
6,2,10.0
6,3,10.0
6,4,10.0
6,5,10.0
6,6,10.0
6,7,10.0
6,8,10.0
6,9,10.0
6,10,10.0
6,11,10.0
6,12,10.0
6,13,10.0
6,14,10.0
6,15,10.0
6,16,0.06844626967830253
6,17,10.0
6,18,10.0
6,19,10.0
6,20,10.0
6,21,10.0
6,22,10.0
6,23,10.0
6,24,10.0
6,25,10.0
6,26,2.9865617437910323
6,27,10.0
6,28,10.0
6,29,10.0
6,30,10.0
6,31,10.0
6,32,9.229998001634982
6,33,10.0
6,34,10.0
6,35,10.0
6,36,10.0
6,37,10.0
6,38,10.0
6,39,10.0
6,40,10.0
6,41,10.0
6,42,10.0
6,43,10.0
6,44,10.0
6,45,10.0
6,46,10.0
6,47,10.0
6,48,10.0
6,49,10.0
6,50,10.0
6,51,5.958878955724703
6,52,10.0
6,53,10.0
6,54,10.0
6,55,10.0
6,56,10.0
6,57,10.0
6,58,10.0
6,59,10.0
6,60,3.324304921005798
6,61,10.0
6,62,4.780411956637033
6,63,10.0
6,64,10.0
6,65,10.0
6,66,10.0
6,67,10.0
6,68,6.318527270279831
6,69,10.0
6,70,10.0
6,71,10.0
6,72,10.0
6,73,5.491275887136902
6,74,6.5878256135047035
6,75,10.0
6,76,10.0
6,77,10.0
6,78,10.0
6,79,10.0
6,80,10.0
6,81,10.0
6,82,10.0
6,83,10.0
6,84,10.0
6,85,10.0
6,86,10.0
6,87,2.6978102569026885
6,88,9.229998001634982
6,89,10.0
6,90,10.0
6,91,10.0
6,92,10.0
6,93,10.0
6,94,10.0
6,95,10.0
6,96,10.0
6,97,10.0
6,98,10.0
6,99,10.0
6,100,10.0
6,101,10.0
6,102,10.0
6,103,10.0
6,104,10.0
6,105,10.0
6,106,10.0
6,107,10.0
6,108,10.0
6,109,10.0
6,110,4.7964716386423385
6,111,10.0
6,112,10.0
6,113,10.0
6,114,10.0
6,115,10.0
6,116,10.0
6,117,6.5878256135047035
6,118,10.0
6,119,10.0
6,120,0.06844626967830253
6,121,10.0
6,122,10.0
6,123,10.0
6,124,10.0
6,125,6.318527270279831
6,126,10.0
6,127,1.9285500997008609
6,128,10.0
6,129,7.887388525874832
6,130,10.0
6,131,10.0
6,132,10.0
6,133,10.0
6,134,10.0
6,135,10.0
6,136,5.958878955724703
6,137,10.0
6,138,10.0
6,139,10.0
6,140,10.0
6,141,10.0
6,142,2.2796343767658227
6,143,5.958878955724703
6,144,10.0
6,145,10.0
6,146,10.0
6,147,10.0
6,148,2.2796343767658227
6,149,0.06844626967830253
6,150,10.0
6,151,2.1373805085967823
6,152,5.958878955724703
6,153,10.0
6,154,10.0
6,155,10.0
6,156,0.9864055292553683
6,157,0.06844626967830253
6,158,10.0
6,159,10.0
6,160,10.0
6,161,10.0
6,162,10.0
6,163,10.0
6,164,10.0
6,165,10.0
6,166,10.0
6,167,10.0
6,168,10.0
6,169,10.0
6,170,10.0
6,171,10.0
6,172,10.0
6,173,10.0
6,174,10.0
6,175,10.0
6,176,10.0
6,177,10.0
6,178,10.0
6,179,5.958878955724703
6,180,10.0
6,181,10.0
6,182,10.0
6,183,10.0
6,184,10.0
6,185,10.0
6,186,10.0
6,187,10.0
6,188,10.0
6,189,10.0
6,190,10.0
6,191,0.06844626967830253
6,192,2.1373805085967823
6,193,10.0
6,194,10.0
6,195,10.0
6,196,10.0
6,197,10.0
6,198,8.493099084624449
6,199,10.0
6,200,10.0
6,201,10.0
6,202,1.9285500997008609
6,203,5.491275887136902
6,204,10.0
6,205,10.0
6,206,9.229998001634982
6,207,10.0
6,208,10.0
6,209,10.0
6,210,10.0
6,211,1.8411481323190007
6,212,10.0
6,213,10.0
6,214,10.0
6,215,10.0
6,216,10.0
6,217,10.0
6,218,10.0
6,219,5.491275887136902
6,220,10.0
6,221,5.958878955724703
6,222,10.0
6,223,10.0
6,224,10.0
6,225,1.8530614642025438
6,226,9.229998001634982
6,227,10.0
6,228,10.0
6,229,10.0
6,230,10.0
6,231,2.1373805085967823
6,232,10.0
6,233,10.0
6,234,10.0
6,235,10.0
6,236,10.0
6,237,10.0
6,238,10.0
6,239,0.9864055292553683
6,240,10.0
6,241,10.0
6,242,10.0
6,243,10.0
6,244,10.0
6,245,10.0
6,246,10.0
6,247,0.9864055292553683
6,248,10.0
6,249,10.0
6,250,10.0
6,251,10.0
6,252,10.0
6,253,10.0
6,254,10.0
6,255,10.0
6,256,5.958878955724703
6,257,10.0
6,258,10.0
6,259,10.0
6,260,10.0
6,261,10.0
6,262,10.0
6,263,10.0
6,264,10.0
6,265,5.958878955724703
6,266,10.0
6,267,10.0
6,268,10.0
6,269,10.0
6,270,10.0
6,271,10.0
6,272,10.0
6,273,10.0
6,274,10.0
6,275,10.0
6,276,10.0
6,277,10.0
6,278,10.0
6,279,10.0
6,280,10.0
6,281,10.0
6,282,10.0
6,283,10.0
6,284,10.0
6,285,6.318527270279831
6,286,10.0
6,287,10.0
6,288,10.0
6,289,10.0
6,290,10.0
6,291,0.9864055292553683
6,292,10.0
6,293,10.0
6,294,10.0
6,295,1.3090476165681304
6,296,10.0
6,297,10.0
6,298,10.0
6,299,10.0
6,300,10.0
6,301,10.0
6,302,6.318527270279831
6,303,10.0
6,304,10.0
6,305,10.0
6,306,10.0
6,307,10.0
6,308,10.0
6,309,10.0
6,310,10.0
6,311,10.0
6,312,10.0
6,313,10.0
6,314,5.491275887136902
6,315,10.0
6,316,0.9864055292553683
6,317,10.0
6,318,10.0
6,319,10.0
6,320,10.0
6,321,9.500283184060894
6,322,10.0
6,323,10.0
6,324,10.0
6,325,10.0
7,0,10.0
7,1,10.0
7,2,10.0
7,3,10.0
7,4,10.0
7,5,10.0
7,6,0.14737068909765777
7,7,5.749185986129562
7,8,10.0
7,9,10.0
7,10,10.0
7,11,10.0
7,12,10.0
7,13,10.0
7,14,10.0
7,15,10.0
7,16,10.0
7,17,10.0
7,18,10.0
7,19,3.3517309649422344
7,20,10.0
7,21,2.3186766975217137
7,22,8.90420103355977
7,23,10.0
7,24,10.0
7,25,10.0
7,26,10.0
7,27,10.0
7,28,10.0
7,29,10.0
7,30,10.0
7,31,10.0
7,32,10.0
7,33,10.0
7,34,10.0
7,35,10.0
7,36,10.0
7,37,10.0
7,38,10.0
7,39,10.0
7,40,10.0
7,41,2.9784574365485685
7,42,10.0
7,43,10.0
7,44,10.0
7,45,10.0
7,46,10.0
7,47,10.0
7,48,10.0
7,49,10.0
7,50,10.0
7,51,10.0
7,52,0.14737068909765777
7,53,10.0
7,54,10.0
7,55,10.0
7,56,10.0
7,57,10.0
7,58,10.0
7,59,2.3186766975217137
7,60,10.0
7,61,10.0
7,62,10.0
7,63,10.0
7,64,0.14737068909765777
7,65,10.0
7,66,10.0
7,67,10.0
7,68,10.0
7,69,10.0
7,70,10.0
7,71,10.0
7,72,10.0
7,73,10.0
7,74,10.0
7,75,10.0
7,76,10.0
7,77,10.0
7,78,10.0
7,79,10.0
7,80,10.0
7,81,10.0
7,82,10.0
7,83,0.14737068909765777
7,84,10.0
7,85,10.0
7,86,10.0
7,87,10.0
7,88,10.0
7,89,10.0
7,90,9.865300245965567
7,91,10.0
7,92,10.0
7,93,10.0
7,94,10.0
7,95,10.0
7,96,10.0
7,97,10.0
7,98,10.0
7,99,8.968888536294232
7,100,10.0
7,101,10.0
7,102,10.0
7,103,10.0
7,104,8.90420103355977
7,105,10.0
7,106,10.0
7,107,10.0
7,108,10.0
7,109,10.0
7,110,10.0
7,111,10.0
7,112,10.0
7,113,10.0
7,114,10.0
7,115,10.0
7,116,10.0
7,117,10.0
7,118,10.0
7,119,10.0
7,120,10.0
7,121,10.0
7,122,1.9634575021560978
7,123,10.0
7,124,10.0
7,125,10.0
7,126,10.0
7,127,10.0
7,128,1.9634575021560978
7,129,10.0
7,130,10.0
7,131,10.0
7,132,10.0
7,133,10.0
7,134,10.0
7,135,10.0
7,136,10.0
7,137,10.0
7,138,10.0
7,139,10.0
7,140,2.3186766975217137
7,141,10.0
7,142,10.0
7,143,10.0
7,144,10.0
7,145,10.0
7,146,10.0
7,147,10.0
7,148,10.0
7,149,10.0
7,150,10.0
7,151,10.0
7,152,10.0
7,153,10.0
7,154,10.0
7,155,10.0
7,156,10.0
7,157,10.0
7,158,8.90420103355977
7,159,10.0
7,160,10.0
7,161,10.0
7,162,10.0
7,163,10.0
7,164,3.674780631861481
7,165,10.0
7,166,10.0
7,167,10.0
7,168,10.0
7,169,2.3186766975217137
7,170,10.0
7,171,10.0
7,172,10.0
7,173,10.0
7,174,10.0
7,175,10.0
7,176,10.0
7,177,10.0
7,178,10.0
7,179,10.0
7,180,10.0
7,181,10.0
7,182,10.0
7,183,10.0
7,184,10.0
7,185,1.9634575021560978
7,186,10.0
7,187,10.0
7,188,10.0
7,189,10.0
7,190,10.0
7,191,10.0
7,192,10.0
7,193,10.0
7,194,10.0
7,195,10.0
7,196,10.0
7,197,1.1893427204110736
7,198,10.0
7,199,10.0
7,200,10.0
7,201,10.0
7,202,10.0
7,203,10.0
7,204,10.0
7,205,4.663250253149942
7,206,10.0
7,207,10.0
7,208,10.0
7,209,10.0
7,210,10.0
7,211,10.0
7,212,10.0
7,213,10.0
7,214,10.0
7,215,10.0
7,216,10.0
7,217,10.0
7,218,10.0
7,219,1.9634575021560978
7,220,10.0
7,221,4.357528361607536
7,222,10.0
7,223,10.0
7,224,10.0
7,225,10.0
7,226,10.0
7,227,10.0
7,228,10.0
7,229,10.0
7,230,10.0
7,231,10.0
7,232,10.0
7,233,10.0
7,234,10.0
7,235,10.0
7,236,10.0
7,237,10.0
7,238,10.0
7,239,10.0
7,240,10.0
7,241,5.749185986129562
7,242,8.95683130051827
7,243,10.0
7,244,2.926342304028994
7,245,10.0
7,246,10.0
7,247,10.0
7,248,10.0
7,249,10.0
7,250,8.90420103355977
7,251,10.0
7,252,10.0
7,253,0.14737068909765777
7,254,10.0
7,255,10.0
7,256,10.0
7,257,10.0
7,258,10.0
7,259,10.0
7,260,10.0
7,261,10.0
7,262,10.0
7,263,10.0
7,264,10.0
7,265,10.0
7,266,10.0
7,267,10.0
7,268,10.0
7,269,10.0
7,270,10.0
7,271,10.0
7,272,10.0
7,273,3.674780631861481
7,274,10.0
7,275,10.0
7,276,10.0
7,277,10.0
7,278,10.0
7,279,10.0
7,280,10.0
7,281,10.0
7,282,10.0
7,283,10.0
7,284,10.0
7,285,10.0
7,286,10.0
7,287,10.0
7,288,10.0
7,289,10.0
7,290,10.0
7,291,10.0
7,292,10.0
7,293,10.0
7,294,10.0
7,295,10.0
7,296,10.0
7,297,10.0
7,298,10.0
7,299,10.0
7,300,10.0
7,301,10.0
7,302,10.0
7,303,10.0
7,304,10.0
7,305,10.0
7,306,4.663250253149942
7,307,10.0
7,308,10.0
7,309,10.0
7,310,10.0
7,311,3.3517309649422344
7,312,0.14737068909765777
7,313,10.0
7,314,10.0
7,315,2.783694073815406
7,316,10.0
7,317,10.0
7,318,10.0
7,319,10.0
7,320,10.0
7,321,10.0
7,322,10.0
7,323,10.0
7,324,10.0
7,325,10.0
8,0,10.0
8,1,10.0
8,2,10.0
8,3,10.0
8,4,10.0
8,5,10.0
8,6,10.0
8,7,10.0
8,8,10.0
8,9,10.0
8,10,10.0
8,11,10.0
8,12,10.0
8,13,8.44732921645923
8,14,10.0
8,15,10.0
8,16,10.0
8,17,10.0
8,18,10.0
8,19,6.519956575425881
8,20,10.0
8,21,10.0
8,22,10.0
8,23,10.0
8,24,10.0
8,25,10.0
8,26,10.0
8,27,10.0
8,28,10.0
8,29,10.0
8,30,10.0
8,31,10.0
8,32,10.0
8,33,10.0
8,34,10.0
8,35,10.0
8,36,10.0
8,37,10.0
8,38,10.0
8,39,10.0
8,40,10.0
8,41,10.0
8,42,2.6581346917806967
8,43,10.0
8,44,10.0
8,45,10.0
8,46,10.0
8,47,10.0
8,48,10.0
8,49,10.0
8,50,10.0
8,51,10.0
8,52,10.0
8,53,10.0
8,54,2.6581346917806967
8,55,8.600418358557368
8,56,10.0
8,57,10.0
8,58,10.0
8,59,10.0
8,60,10.0
8,61,10.0
8,62,7.343358279780698
8,63,10.0
8,64,10.0
8,65,10.0
8,66,10.0
8,67,10.0
8,68,10.0
8,69,10.0
8,70,10.0
8,71,10.0
8,72,10.0
8,73,10.0
8,74,10.0
8,75,10.0
8,76,10.0
8,77,10.0
8,78,10.0
8,79,10.0
8,80,10.0
8,81,10.0
8,82,10.0
8,83,10.0
8,84,10.0
8,85,10.0
8,86,10.0
8,87,10.0
8,88,10.0
8,89,10.0
8,90,10.0
8,91,10.0
8,92,10.0
8,93,10.0
8,94,10.0
8,95,10.0
8,96,10.0
8,97,10.0
8,98,10.0
8,99,10.0
8,100,10.0
8,101,10.0
8,102,10.0
8,103,10.0
8,104,10.0
8,105,10.0
8,106,9.356091685438798
8,107,10.0
8,108,10.0
8,109,10.0
8,110,10.0
8,111,10.0
8,112,10.0
8,113,10.0
8,114,10.0
8,115,10.0
8,116,10.0
8,117,10.0
8,118,10.0
8,119,10.0
8,120,10.0
8,121,10.0
8,122,10.0
8,123,10.0
8,124,10.0
8,125,10.0
8,126,10.0
8,127,4.942800064912938
8,128,10.0
8,129,10.0
8,130,10.0
8,131,10.0
8,132,10.0
8,133,10.0
8,134,10.0
8,135,10.0
8,136,10.0
8,137,10.0
8,138,10.0
8,139,10.0
8,140,10.0
8,141,10.0
8,142,10.0
8,143,10.0
8,144,10.0
8,145,5.396979115192572
8,146,10.0
8,147,10.0
8,148,10.0
8,149,0.9706179910880826
8,150,10.0
8,151,10.0
8,152,10.0
8,153,10.0
8,154,10.0
8,155,10.0
8,156,10.0
8,157,10.0
8,158,10.0
8,159,10.0
8,160,10.0
8,161,10.0
8,162,2.6581346917806967
8,163,10.0
8,164,10.0
8,165,10.0
8,166,10.0
8,167,10.0
8,168,10.0
8,169,10.0
8,170,7.09320652217443
8,171,10.0
8,172,10.0
8,173,10.0
8,174,4.942800064912938
8,175,10.0
8,176,10.0
8,177,9.347883903313633
8,178,10.0
8,179,10.0
8,180,10.0
8,181,10.0
8,182,10.0
8,183,10.0
8,184,10.0
8,185,2.6581346917806967
8,186,10.0
8,187,10.0
8,188,10.0
8,189,10.0
8,190,10.0
8,191,10.0
8,192,7.09320652217443
8,193,10.0
8,194,10.0
8,195,10.0
8,196,10.0
8,197,10.0
8,198,10.0
8,199,10.0
8,200,10.0
8,201,10.0
8,202,10.0
8,203,10.0
8,204,10.0
8,205,10.0
8,206,1.5932883190890699
8,207,10.0
8,208,10.0
8,209,10.0
8,210,10.0
8,211,10.0
8,212,10.0
8,213,10.0
8,214,10.0
8,215,10.0
8,216,10.0
8,217,10.0
8,218,10.0
8,219,10.0
8,220,10.0
8,221,4.204152639052617
8,222,10.0
8,223,10.0
8,224,10.0
8,225,10.0
8,226,10.0
8,227,10.0
8,228,10.0
8,229,10.0
8,230,10.0
8,231,10.0
8,232,10.0
8,233,10.0
8,234,10.0
8,235,10.0
8,236,10.0
8,237,10.0
8,238,10.0
8,239,10.0
8,240,10.0
8,241,10.0
8,242,10.0
8,243,10.0
8,244,10.0
8,245,10.0
8,246,10.0
8,247,10.0
8,248,10.0
8,249,10.0
8,250,10.0
8,251,10.0
8,252,10.0
8,253,10.0
8,254,10.0
8,255,10.0
8,256,10.0
8,257,3.9931906204372902
8,258,10.0
8,259,10.0
8,260,10.0
8,261,10.0
8,262,10.0
8,263,10.0
8,264,10.0
8,265,10.0
8,266,10.0
8,267,10.0
8,268,10.0
8,269,10.0
8,270,10.0
8,271,10.0
8,272,10.0
8,273,10.0
8,274,10.0
8,275,10.0
8,276,8.600418358557368
8,277,10.0
8,278,10.0
8,279,10.0
8,280,10.0
8,281,10.0
8,282,10.0
8,283,10.0
8,284,10.0
8,285,10.0
8,286,10.0
8,287,10.0
8,288,7.2717024880690735
8,289,10.0
8,290,10.0
8,291,10.0
8,292,10.0
8,293,7.09320652217443
8,294,10.0
8,295,10.0
8,296,10.0
8,297,10.0
8,298,10.0
8,299,10.0
8,300,10.0
8,301,10.0
8,302,10.0
8,303,10.0
8,304,7.330620807721039
8,305,10.0
8,306,8.362513429667102
8,307,10.0
8,308,10.0
8,309,10.0
8,310,10.0
8,311,10.0
8,312,10.0
8,313,7.09320652217443
8,314,10.0
8,315,10.0
8,316,10.0
8,317,10.0
8,318,10.0
8,319,2.6581346917806967
8,320,2.3004726379332014
8,321,0.9968372133534306
8,322,10.0
8,323,10.0
8,324,10.0
8,325,1.100405191534524
9,0,10.0
9,1,0.6597563381395203
9,2,10.0
9,3,0.6086079450420685
9,4,10.0
9,5,10.0
9,6,0.9333185409856682
9,7,10.0
9,8,10.0
9,9,1.4323826896371155
9,10,10.0
9,11,0.6597563381395203
9,12,4.7149913888865935
9,13,10.0
9,14,10.0
9,15,10.0
9,16,10.0
9,17,10.0
9,18,10.0
9,19,10.0
9,20,10.0
9,21,10.0
9,22,4.700015484730906
9,23,10.0
9,24,10.0
9,25,10.0
9,26,10.0
9,27,10.0
9,28,10.0
9,29,10.0
9,30,10.0
9,31,2.6076877207200555
9,32,10.0
9,33,10.0
9,34,10.0
9,35,10.0
9,36,10.0
9,37,10.0
9,38,10.0
9,39,10.0
9,40,10.0
9,41,10.0
9,42,10.0
9,43,10.0
9,44,10.0
9,45,10.0
9,46,10.0
9,47,10.0
9,48,10.0
9,49,10.0
9,50,10.0
9,51,10.0
9,52,10.0
9,53,10.0
9,54,10.0
9,55,10.0
9,56,10.0
9,57,10.0
9,58,4.69031256282983
9,59,10.0
9,60,10.0
9,61,4.7149913888865935
9,62,10.0
9,63,10.0
9,64,10.0
9,65,10.0
9,66,10.0
9,67,10.0
9,68,10.0
9,69,10.0
9,70,10.0
9,71,10.0
9,72,10.0
9,73,10.0
9,74,10.0
9,75,10.0
9,76,10.0
9,77,10.0
9,78,10.0
9,79,7.726566347731415
9,80,10.0
9,81,10.0
9,82,10.0
9,83,4.7149913888865935
9,84,10.0
9,85,10.0
9,86,10.0
9,87,10.0
9,88,10.0
9,89,10.0
9,90,10.0
9,91,10.0
9,92,4.700015484730906
9,93,10.0
9,94,10.0
9,95,10.0
9,96,10.0
9,97,10.0
9,98,10.0
9,99,0.6086079450420685
9,100,10.0
9,101,10.0
9,102,10.0
9,103,10.0
9,104,10.0
9,105,10.0
9,106,10.0
9,107,0.6086079450420685
9,108,10.0
9,109,10.0
9,110,10.0
9,111,10.0
9,112,10.0
9,113,10.0
9,114,10.0
9,115,10.0
9,116,10.0
9,117,10.0
9,118,10.0
9,119,4.69031256282983
9,120,9.098775181636752
9,121,10.0
9,122,4.69031256282983
9,123,10.0
9,124,10.0
9,125,10.0
9,126,10.0
9,127,10.0
9,128,10.0
9,129,10.0
9,130,10.0
9,131,10.0
9,132,10.0
9,133,10.0
9,134,10.0
9,135,10.0
9,136,10.0
9,137,10.0
9,138,10.0
9,139,10.0
9,140,10.0
9,141,10.0
9,142,10.0
9,143,10.0
9,144,10.0
9,145,10.0
9,146,10.0
9,147,10.0
9,148,10.0
9,149,7.983599852833892
9,150,10.0
9,151,10.0
9,152,10.0
9,153,10.0
9,154,10.0
9,155,10.0
9,156,10.0
9,157,10.0
9,158,10.0
9,159,10.0
9,160,10.0
9,161,10.0
9,162,10.0
9,163,10.0
9,164,7.726566347731415
9,165,10.0
9,166,10.0
9,167,7.726566347731415
9,168,10.0
9,169,10.0
9,170,10.0
9,171,10.0
9,172,10.0
9,173,10.0
9,174,10.0
9,175,4.69031256282983
9,176,4.700015484730906
9,177,10.0
9,178,10.0
9,179,10.0
9,180,10.0
9,181,10.0
9,182,7.983599852833892
9,183,10.0
9,184,10.0
9,185,10.0
9,186,10.0
9,187,10.0
9,188,10.0
9,189,10.0
9,190,10.0
9,191,10.0
9,192,10.0
9,193,10.0
9,194,10.0
9,195,10.0
9,196,10.0
9,197,10.0
9,198,10.0
9,199,10.0
9,200,10.0
9,201,10.0
9,202,0.6597563381395203
9,203,10.0
9,204,10.0
9,205,10.0
9,206,10.0
9,207,10.0
9,208,10.0
9,209,10.0
9,210,10.0
9,211,10.0
9,212,10.0
9,213,10.0
9,214,10.0
9,215,10.0
9,216,10.0
9,217,10.0
9,218,10.0
9,219,10.0
9,220,10.0
9,221,10.0
9,222,10.0
9,223,10.0
9,224,10.0
9,225,10.0
9,226,0.9333185409856682
9,227,10.0
9,228,10.0
9,229,10.0
9,230,10.0
9,231,10.0
9,232,10.0
9,233,4.69031256282983
9,234,10.0
9,235,10.0
9,236,4.69031256282983
9,237,10.0
9,238,10.0
9,239,10.0
9,240,10.0
9,241,10.0
9,242,10.0
9,243,8.981319824925242
9,244,10.0
9,245,10.0
9,246,10.0
9,247,10.0
9,248,2.141303553670333
9,249,10.0
9,250,10.0
9,251,4.69031256282983
9,252,10.0
9,253,10.0
9,254,7.726566347731415
9,255,10.0
9,256,10.0
9,257,10.0
9,258,10.0
9,259,10.0
9,260,10.0
9,261,10.0
9,262,10.0
9,263,10.0
9,264,10.0
9,265,10.0
9,266,10.0
9,267,10.0
9,268,10.0
9,269,10.0
9,270,10.0
9,271,10.0
9,272,10.0
9,273,10.0
9,274,10.0
9,275,10.0
9,276,10.0
9,277,10.0
9,278,10.0
9,279,10.0
9,280,2.6076877207200555
9,281,10.0
9,282,10.0
9,283,4.69031256282983
9,284,10.0
9,285,10.0
9,286,10.0
9,287,10.0
9,288,10.0
9,289,10.0
9,290,10.0
9,291,10.0
9,292,7.726566347731415
9,293,10.0
9,294,10.0
9,295,10.0
9,296,0.6597563381395203
9,297,8.457649429458376
9,298,10.0
9,299,10.0
9,300,10.0
9,301,10.0
9,302,10.0
9,303,10.0
9,304,10.0
9,305,10.0
9,306,10.0
9,307,10.0
9,308,10.0
9,309,10.0
9,310,10.0
9,311,10.0
9,312,10.0
9,313,10.0
9,314,10.0
9,315,10.0
9,316,10.0
9,317,10.0
9,318,10.0
9,319,10.0
9,320,10.0
9,321,10.0
9,322,10.0
9,323,10.0
9,324,10.0
9,325,10.0
10,0,10.0
10,1,10.0
10,2,10.0
10,3,10.0
10,4,10.0
10,5,10.0
10,6,10.0
10,7,10.0
10,8,1.65306846273928
10,9,10.0
10,10,1.7328644777164388
10,11,10.0
10,12,10.0
10,13,5.409264353815786
10,14,10.0
10,15,10.0
10,16,10.0
10,17,7.387526980145408
10,18,0.14881896857665328
10,19,10.0
10,20,8.414046598276736
10,21,10.0
10,22,10.0
10,23,10.0
10,24,10.0
10,25,0.6908305306097191
10,26,10.0
10,27,10.0
10,28,10.0
10,29,10.0
10,30,10.0
10,31,10.0
10,32,10.0
10,33,10.0
10,34,10.0
10,35,10.0
10,36,10.0
10,37,10.0
10,38,10.0
10,39,10.0
10,40,10.0
10,41,10.0
10,42,10.0
10,43,10.0
10,44,10.0
10,45,10.0
10,46,10.0
10,47,10.0
10,48,10.0
10,49,10.0
10,50,10.0
10,51,10.0
10,52,8.414046598276736
10,53,10.0
10,54,10.0
10,55,10.0
10,56,10.0
10,57,10.0
10,58,10.0
10,59,0.6908305306097191
10,60,10.0
10,61,10.0
10,62,6.5029743605741235
10,63,10.0
10,64,10.0
10,65,10.0
10,66,10.0
10,67,10.0
10,68,10.0
10,69,9.922046536603542
10,70,8.344983325288178
10,71,10.0
10,72,10.0
10,73,1.65306846273928
10,74,10.0
10,75,10.0
10,76,10.0
10,77,10.0
10,78,10.0
10,79,10.0
10,80,10.0
10,81,10.0
10,82,10.0
10,83,10.0
10,84,8.414046598276736
10,85,10.0
10,86,10.0
10,87,7.387526980145408
10,88,10.0
10,89,10.0
10,90,10.0
10,91,10.0
10,92,10.0
10,93,10.0
10,94,10.0
10,95,10.0
10,96,8.414046598276736
10,97,2.7147518438644633
10,98,8.414046598276736
10,99,10.0
10,100,10.0
10,101,10.0
10,102,10.0
10,103,10.0
10,104,10.0
10,105,10.0
10,106,10.0
10,107,10.0
10,108,10.0
10,109,10.0
10,110,10.0
10,111,10.0
10,112,10.0
10,113,10.0
10,114,10.0
10,115,10.0
10,116,10.0
10,117,10.0
10,118,10.0
10,119,10.0
10,120,1.5554722034165351
10,121,10.0
10,122,1.65306846273928
10,123,0.6908305306097191
10,124,10.0
10,125,10.0
10,126,10.0
10,127,10.0
10,128,10.0
10,129,10.0
10,130,10.0
10,131,10.0
10,132,10.0
10,133,8.414046598276736
10,134,10.0
10,135,10.0
10,136,10.0
10,137,10.0
10,138,3.136034713943287
10,139,10.0
10,140,9.97461826627582
10,141,10.0
10,142,10.0
10,143,10.0
10,144,10.0
10,145,10.0
10,146,10.0
10,147,1.7328644777164388
10,148,10.0
10,149,5.367899325921819
10,150,10.0
10,151,10.0
10,152,6.27334365916393
10,153,10.0
10,154,10.0
10,155,10.0
10,156,10.0
10,157,10.0
10,158,10.0
10,159,10.0
10,160,10.0
10,161,10.0
10,162,1.65306846273928
10,163,10.0
10,164,10.0
10,165,10.0
10,166,8.414046598276736
10,167,10.0
10,168,10.0
10,169,10.0
10,170,10.0
10,171,10.0
10,172,6.099429399879262
10,173,10.0
10,174,10.0
10,175,10.0
10,176,7.3834032357036845
10,177,10.0
10,178,10.0
10,179,10.0
10,180,10.0
10,181,10.0
10,182,10.0
10,183,10.0
10,184,10.0
10,185,10.0
10,186,10.0
10,187,10.0
10,188,10.0
10,189,10.0
10,190,10.0
10,191,10.0
10,192,10.0
10,193,10.0
10,194,10.0
10,195,10.0
10,196,10.0
10,197,1.65306846273928
10,198,0.6908305306097191
10,199,10.0
10,200,10.0
10,201,10.0
10,202,10.0
10,203,10.0
10,204,10.0
10,205,10.0
10,206,10.0
10,207,10.0
10,208,10.0
10,209,10.0
10,210,10.0
10,211,7.387526980145408
10,212,10.0
10,213,10.0
10,214,10.0
10,215,10.0
10,216,10.0
10,217,10.0
10,218,10.0
10,219,1.8109444327788333
10,220,10.0
10,221,1.5554722034165351
10,222,10.0
10,223,10.0
10,224,10.0
10,225,10.0
10,226,10.0
10,227,10.0
10,228,9.97461826627582
10,229,10.0
10,230,10.0
10,231,10.0
10,232,10.0
10,233,10.0
10,234,10.0
10,235,10.0
10,236,8.998198699749437
10,237,1.65306846273928
10,238,10.0
10,239,1.65306846273928
10,240,10.0
10,241,10.0
10,242,10.0
10,243,10.0
10,244,10.0
10,245,10.0
10,246,10.0
10,247,10.0
10,248,10.0
10,249,5.367899325921819
10,250,10.0
10,251,10.0
10,252,10.0
10,253,10.0
10,254,10.0
10,255,10.0
10,256,10.0
10,257,10.0
10,258,10.0
10,259,10.0
10,260,10.0
10,261,10.0
10,262,10.0
10,263,10.0
10,264,10.0
10,265,10.0
10,266,10.0
10,267,10.0
10,268,10.0
10,269,9.556646604122989
10,270,10.0
10,271,1.7328644777164388
10,272,0.7566739199590782
10,273,10.0
10,274,10.0
10,275,10.0
10,276,10.0
10,277,8.998198699749437
10,278,10.0
10,279,10.0
10,280,10.0
10,281,10.0
10,282,10.0
10,283,10.0
10,284,10.0
10,285,10.0
10,286,10.0
10,287,9.922046536603542
10,288,10.0
10,289,10.0
10,290,10.0
10,291,10.0
10,292,10.0
10,293,10.0
10,294,3.136034713943287
10,295,10.0
10,296,10.0
10,297,10.0
10,298,10.0
10,299,5.367899325921819
10,300,10.0
10,301,10.0
10,302,10.0
10,303,10.0
10,304,10.0
10,305,10.0
10,306,10.0
10,307,10.0
10,308,10.0
10,309,1.65306846273928
10,310,2.33681548681898
10,311,10.0
10,312,10.0
10,313,10.0
10,314,10.0
10,315,7.387526980145408
10,316,10.0
10,317,10.0
10,318,10.0
10,319,10.0
10,320,10.0
10,321,10.0
10,322,10.0
10,323,10.0
10,324,10.0
10,325,10.0
11,0,10.0
11,1,10.0
11,2,7.020975937485165
11,3,10.0
11,4,10.0
11,5,10.0
11,6,10.0
11,7,10.0
11,8,10.0
11,9,10.0
11,10,10.0
11,11,8.508893689220804
11,12,10.0
11,13,5.394960057590212
11,14,10.0
11,15,10.0
11,16,10.0
11,17,10.0
11,18,10.0
11,19,10.0
11,20,10.0
11,21,2.822729594504274
11,22,10.0
11,23,8.458943528670547
11,24,10.0
11,25,8.647746991367677
11,26,10.0
11,27,10.0
11,28,10.0
11,29,10.0
11,30,10.0
11,31,10.0
11,32,10.0
11,33,10.0
11,34,10.0
11,35,10.0
11,36,10.0
11,37,10.0
11,38,0.5434846713677485
11,39,7.499176111682915
11,40,8.458943528670547
11,41,10.0
11,42,10.0
11,43,10.0
11,44,10.0
11,45,10.0
11,46,10.0
11,47,10.0
11,48,10.0
11,49,8.690180507931892
11,50,10.0
11,51,10.0
11,52,7.831561730588091
11,53,10.0
11,54,10.0
11,55,10.0
11,56,10.0
11,57,10.0
11,58,10.0
11,59,10.0
11,60,10.0
11,61,10.0
11,62,10.0
11,63,10.0
11,64,10.0
11,65,10.0
11,66,10.0
11,67,10.0
11,68,10.0
11,69,10.0
11,70,10.0
11,71,10.0
11,72,10.0
11,73,10.0
11,74,10.0
11,75,10.0
11,76,10.0
11,77,10.0
11,78,10.0
11,79,10.0
11,80,10.0
11,81,10.0
11,82,10.0
11,83,10.0
11,84,10.0
11,85,10.0
11,86,10.0
11,87,10.0
11,88,10.0
11,89,10.0
11,90,10.0
11,91,10.0
11,92,10.0
11,93,10.0
11,94,10.0
11,95,10.0
11,96,10.0
11,97,10.0
11,98,10.0
11,99,10.0
11,100,10.0
11,101,10.0
11,102,10.0
11,103,10.0
11,104,10.0
11,105,10.0
11,106,10.0
11,107,10.0
11,108,10.0
11,109,10.0
11,110,6.0993827073948825
11,111,10.0
11,112,10.0
11,113,10.0
11,114,10.0
11,115,10.0
11,116,10.0
11,117,10.0
11,118,10.0
11,119,10.0
11,120,10.0
11,121,10.0
11,122,10.0
11,123,10.0
11,124,10.0
11,125,10.0
11,126,10.0
11,127,10.0
11,128,10.0
11,129,10.0
11,130,10.0
11,131,10.0
11,132,8.647746991367677
11,133,10.0
11,134,9.596307368061726
11,135,10.0
11,136,10.0
11,137,10.0
11,138,10.0
11,139,10.0
11,140,10.0
11,141,10.0
11,142,10.0
11,143,10.0
11,144,8.458943528670547
11,145,10.0
11,146,10.0
11,147,10.0
11,148,8.458943528670547
11,149,8.458943528670547
11,150,10.0
11,151,2.2410744169951946
11,152,10.0
11,153,10.0
11,154,10.0
11,155,10.0
11,156,10.0
11,157,10.0
11,158,10.0
11,159,10.0
11,160,10.0
11,161,10.0
11,162,10.0
11,163,10.0
11,164,7.499176111682915
11,165,10.0
11,166,10.0
11,167,10.0
11,168,10.0
11,169,10.0
11,170,10.0
11,171,10.0
11,172,10.0
11,173,10.0
11,174,10.0
11,175,2.822729594504274
11,176,10.0
11,177,10.0
11,178,8.690180507931892
11,179,10.0
11,180,10.0
11,181,10.0
11,182,10.0
11,183,10.0
11,184,10.0
11,185,10.0
11,186,10.0
11,187,8.647746991367677
11,188,10.0
11,189,10.0
11,190,10.0
11,191,8.458943528670547
11,192,10.0
11,193,10.0
11,194,10.0
11,195,10.0
11,196,10.0
11,197,10.0
11,198,10.0
11,199,10.0
11,200,10.0
11,201,10.0
11,202,10.0
11,203,10.0
11,204,5.516560440153845
11,205,10.0
11,206,10.0
11,207,10.0
11,208,10.0
11,209,10.0
11,210,4.459205228369438
11,211,10.0
11,212,10.0
11,213,10.0
11,214,10.0
11,215,10.0
11,216,10.0
11,217,10.0
11,218,10.0
11,219,10.0
11,220,8.647746991367677
11,221,10.0
11,222,10.0
11,223,10.0
11,224,7.020975937485165
11,225,10.0
11,226,10.0
11,227,10.0
11,228,10.0
11,229,10.0
11,230,10.0
11,231,10.0
11,232,10.0
11,233,10.0
11,234,10.0
11,235,10.0
11,236,10.0
11,237,10.0
11,238,10.0
11,239,9.527661147052525
11,240,10.0
11,241,10.0
11,242,10.0
11,243,10.0
11,244,10.0
11,245,10.0
11,246,4.459205228369438
11,247,10.0
11,248,10.0
11,249,10.0
11,250,10.0
11,251,10.0
11,252,10.0
11,253,10.0
11,254,8.458943528670547
11,255,10.0
11,256,5.516560440153845
11,257,5.516560440153845
11,258,10.0
11,259,10.0
11,260,10.0
11,261,10.0
11,262,10.0
11,263,10.0
11,264,10.0
11,265,8.647746991367677
11,266,10.0
11,267,1.8250082242564911
11,268,10.0
11,269,6.639501554885335
11,270,10.0
11,271,10.0
11,272,10.0
11,273,10.0
11,274,7.020975937485165
11,275,10.0
11,276,10.0
11,277,10.0
11,278,10.0
11,279,6.0993827073948825
11,280,10.0
11,281,10.0
11,282,10.0
11,283,10.0
11,284,10.0
11,285,10.0
11,286,10.0
11,287,10.0
11,288,10.0
11,289,10.0
11,290,10.0
11,291,10.0
11,292,7.831561730588091
11,293,10.0
11,294,10.0
11,295,10.0
11,296,10.0
11,297,7.020975937485165
11,298,10.0
11,299,10.0
11,300,10.0
11,301,10.0
11,302,10.0
11,303,10.0
11,304,10.0
11,305,10.0
11,306,10.0
11,307,10.0
11,308,10.0
11,309,10.0
11,310,10.0
11,311,10.0
11,312,10.0
11,313,10.0
11,314,10.0
11,315,10.0
11,316,10.0
11,317,10.0
11,318,10.0
11,319,10.0
11,320,10.0
11,321,10.0
11,322,10.0
11,323,10.0
11,324,10.0
11,325,10.0
12,0,10.0
12,1,6.243337764988499
12,2,10.0
12,3,10.0
12,4,10.0
12,5,10.0
12,6,10.0
12,7,5.217432303350173
12,8,10.0
12,9,10.0
12,10,10.0
12,11,10.0
12,12,10.0
12,13,8.462827804760465
12,14,10.0
12,15,10.0
12,16,10.0
12,17,10.0
12,18,10.0
12,19,10.0
12,20,10.0
12,21,10.0
12,22,10.0
12,23,10.0
12,24,10.0
12,25,6.3213697216899964
12,26,2.0487423835673106
12,27,10.0
12,28,10.0
12,29,10.0
12,30,10.0
12,31,2.0487423835673106
12,32,10.0
12,33,7.518988019422018
12,34,10.0
12,35,10.0
12,36,10.0
12,37,10.0
12,38,10.0
12,39,10.0
12,40,6.544478704922293
12,41,7.518988019422018
12,42,10.0
12,43,10.0
12,44,10.0
12,45,10.0
12,46,1.1856157021983935
12,47,10.0
12,48,10.0
12,49,10.0
12,50,5.392287991330876
12,51,10.0
12,52,10.0
12,53,10.0
12,54,10.0
12,55,10.0
12,56,10.0
12,57,10.0
12,58,6.3213697216899964
12,59,6.3213697216899964
12,60,10.0
12,61,10.0
12,62,1.1856157021983935
12,63,8.076202609947172
12,64,10.0
12,65,10.0
12,66,10.0
12,67,10.0
12,68,10.0
12,69,10.0
12,70,10.0
12,71,7.870468234698458
12,72,9.118138993832405
12,73,10.0
12,74,10.0
12,75,1.1856157021983935
12,76,10.0
12,77,10.0
12,78,10.0
12,79,10.0
12,80,6.544478704922293
12,81,10.0
12,82,10.0
12,83,10.0
12,84,10.0
12,85,10.0
12,86,10.0
12,87,10.0
12,88,10.0
12,89,10.0
12,90,10.0
12,91,10.0
12,92,1.1856157021983935
12,93,10.0
12,94,10.0
12,95,10.0
12,96,10.0
12,97,9.393182371036136
12,98,10.0
12,99,5.997493925473231
12,100,10.0
12,101,10.0
12,102,10.0
12,103,10.0
12,104,10.0
12,105,10.0
12,106,10.0
12,107,10.0
12,108,10.0
12,109,10.0
12,110,10.0
12,111,10.0
12,112,10.0
12,113,5.392287991330876
12,114,10.0
12,115,10.0
12,116,9.393182371036136
12,117,10.0
12,118,10.0
12,119,10.0
12,120,6.3213697216899964
12,121,10.0
12,122,10.0
12,123,6.544478704922293
12,124,6.3213697216899964
12,125,10.0
12,126,10.0
12,127,10.0
12,128,10.0
12,129,5.997493925473231
12,130,4.658975888659542
12,131,10.0
12,132,10.0
12,133,10.0
12,134,10.0
12,135,10.0
12,136,1.3898317576036943
12,137,10.0
12,138,10.0
12,139,10.0
12,140,10.0
12,141,10.0
12,142,10.0
12,143,10.0
12,144,10.0
12,145,10.0
12,146,10.0
12,147,10.0
12,148,9.393182371036136
12,149,10.0
12,150,1.1856157021983935
12,151,10.0
12,152,10.0
12,153,10.0
12,154,0.4076390058908135
12,155,10.0
12,156,10.0
12,157,10.0
12,158,10.0
12,159,10.0
12,160,8.462827804760465
12,161,10.0
12,162,10.0
12,163,10.0
12,164,10.0
12,165,10.0
12,166,10.0
12,167,10.0
12,168,4.658975888659542
12,169,10.0
12,170,10.0
12,171,10.0
12,172,10.0
12,173,6.243337764988499
12,174,10.0
12,175,10.0
12,176,10.0
12,177,10.0
12,178,10.0
12,179,10.0
12,180,10.0
12,181,10.0
12,182,10.0
12,183,10.0
12,184,10.0
12,185,2.0487423835673106
12,186,1.1856157021983935
12,187,10.0
12,188,10.0
12,189,10.0
12,190,10.0
12,191,10.0
12,192,10.0
12,193,10.0
12,194,10.0
12,195,10.0
12,196,10.0
12,197,10.0
12,198,10.0
12,199,10.0
12,200,10.0
12,201,10.0
12,202,10.0
12,203,10.0
12,204,10.0
12,205,3.3901997612299173
12,206,10.0
12,207,6.243337764988499
12,208,10.0
12,209,10.0
12,210,6.3213697216899964
12,211,10.0
12,212,10.0
12,213,10.0
12,214,10.0
12,215,10.0
12,216,10.0
12,217,10.0
12,218,10.0
12,219,10.0
12,220,9.393182371036136
12,221,10.0
12,222,10.0
12,223,10.0
12,224,10.0
12,225,10.0
12,226,10.0
12,227,10.0
12,228,10.0
12,229,1.1856157021983935
12,230,10.0
12,231,10.0
12,232,10.0
12,233,10.0
12,234,10.0
12,235,8.076202609947172
12,236,10.0
12,237,10.0
12,238,10.0
12,239,10.0
12,240,10.0
12,241,10.0
12,242,2.257545098679303
12,243,10.0
12,244,10.0
12,245,0.47553689592167625
12,246,0.47553689592167625
12,247,10.0
12,248,10.0
12,249,10.0
12,250,6.243337764988499
12,251,10.0
12,252,8.462827804760465
12,253,1.1856157021983935
12,254,10.0
12,255,8.270221912106335
12,256,10.0
12,257,10.0
12,258,10.0
12,259,8.462827804760465
12,260,10.0
12,261,10.0
12,262,10.0
12,263,5.997493925473231
12,264,10.0
12,265,6.243337764988499
12,266,10.0
12,267,10.0
12,268,10.0
12,269,10.0
12,270,10.0
12,271,10.0
12,272,10.0
12,273,10.0
12,274,10.0
12,275,10.0
12,276,10.0
12,277,10.0
12,278,8.662836767300591
12,279,5.392287991330876
12,280,10.0
12,281,10.0
12,282,10.0
12,283,10.0
12,284,10.0
12,285,10.0
12,286,10.0
12,287,10.0
12,288,10.0
12,289,10.0
12,290,8.462827804760465
12,291,10.0
12,292,7.518988019422018
12,293,6.544478704922293
12,294,10.0
12,295,10.0
12,296,10.0
12,297,10.0
12,298,10.0
12,299,10.0
12,300,10.0
12,301,10.0
12,302,10.0
12,303,10.0
12,304,10.0
12,305,10.0
12,306,10.0
12,307,10.0
12,308,10.0
12,309,10.0
12,310,10.0
12,311,5.997493925473231
12,312,1.6113624036481675
12,313,10.0
12,314,10.0
12,315,10.0
12,316,10.0
12,317,10.0
12,318,10.0
12,319,10.0
12,320,10.0
12,321,8.662836767300591
12,322,1.1856157021983935
12,323,10.0
12,324,10.0
12,325,10.0
13,0,10.0
13,1,1.771193590573496
13,2,2.993704851268014
13,3,10.0
13,4,10.0
13,5,10.0
13,6,5.013097259567957
13,7,0.10121586303840939
13,8,10.0
13,9,10.0
13,10,10.0
13,11,10.0
13,12,10.0
13,13,10.0
13,14,7.044710381195543
13,15,10.0
13,16,10.0
13,17,10.0
13,18,1.1582452462748132
13,19,10.0
13,20,10.0
13,21,10.0
13,22,10.0
13,23,10.0
13,24,10.0
13,25,10.0
13,26,9.92152866248403
13,27,10.0
13,28,1.0728606313316233
13,29,10.0
13,30,10.0
13,31,10.0
13,32,10.0
13,33,2.6626547081808676
13,34,10.0
13,35,10.0
13,36,10.0
13,37,10.0
13,38,10.0
13,39,10.0
13,40,2.325253448708088
13,41,2.993704851268014
13,42,1.3875834443177386
13,43,10.0
13,44,1.3875834443177386
13,45,10.0
13,46,10.0
13,47,10.0
13,48,10.0
13,49,10.0
13,50,10.0
13,51,10.0
13,52,7.044710381195543
13,53,10.0
13,54,10.0
13,55,10.0
13,56,10.0
13,57,10.0
13,58,10.0
13,59,10.0
13,60,10.0
13,61,10.0
13,62,10.0
13,63,10.0
13,64,10.0
13,65,10.0
13,66,10.0
13,67,9.92152866248403
13,68,10.0
13,69,10.0
13,70,10.0
13,71,10.0
13,72,7.944596600904417
13,73,10.0
13,74,0.10121586303840939
13,75,10.0
13,76,2.325253448708088
13,77,10.0
13,78,10.0
13,79,10.0
13,80,10.0
13,81,9.87506814776686
13,82,10.0
13,83,1.3875834443177386
13,84,10.0
13,85,10.0
13,86,10.0
13,87,10.0
13,88,10.0
13,89,10.0
13,90,10.0
13,91,10.0
13,92,10.0
13,93,10.0
13,94,10.0
13,95,10.0
13,96,10.0
13,97,10.0
13,98,10.0
13,99,10.0
13,100,1.771193590573496
13,101,10.0
13,102,0.7180511025535136
13,103,10.0
13,104,10.0
13,105,10.0
13,106,1.3985493737237584
13,107,10.0
13,108,10.0
13,109,7.944596600904417
13,110,10.0
13,111,9.453790947003053
13,112,10.0
13,113,10.0
13,114,10.0
13,115,10.0
13,116,10.0
13,117,10.0
13,118,10.0
13,119,10.0
13,120,10.0
13,121,10.0
13,122,10.0
13,123,10.0
13,124,10.0
13,125,2.325253448708088
13,126,10.0
13,127,10.0
13,128,10.0
13,129,10.0
13,130,10.0
13,131,1.3985493737237584
13,132,10.0
13,133,10.0
13,134,9.92152866248403
13,135,10.0
13,136,10.0
13,137,10.0
13,138,10.0
13,139,10.0
13,140,10.0
13,141,10.0
13,142,10.0
13,143,10.0
13,144,1.4609619812775527
13,145,10.0
13,146,10.0
13,147,10.0
13,148,10.0
13,149,10.0
13,150,10.0
13,151,10.0
13,152,10.0
13,153,5.013097259567957
13,154,10.0
13,155,10.0
13,156,10.0
13,157,10.0
13,158,10.0
13,159,10.0
13,160,10.0
13,161,1.4609619812775527
13,162,10.0
13,163,10.0
13,164,10.0
13,165,10.0
13,166,10.0
13,167,10.0
13,168,6.717804034874473
13,169,10.0
13,170,10.0
13,171,10.0
13,172,10.0
13,173,10.0
13,174,2.0615272423211715
13,175,10.0
13,176,0.35555290441288734
13,177,10.0
13,178,10.0
13,179,10.0
13,180,1.3875834443177386
13,181,9.453790947003053
13,182,10.0
13,183,10.0
13,184,10.0
13,185,10.0
13,186,10.0
13,187,10.0
13,188,10.0
13,189,10.0
13,190,9.92152866248403
13,191,10.0
13,192,10.0
13,193,10.0
13,194,5.013097259567957
13,195,7.944596600904417
13,196,10.0
13,197,10.0
13,198,10.0
13,199,1.3875834443177386
13,200,10.0
13,201,6.685654767398277
13,202,10.0
13,203,10.0
13,204,10.0
13,205,10.0
13,206,10.0
13,207,10.0
13,208,10.0
13,209,10.0
13,210,1.4609619812775527
13,211,10.0
13,212,10.0
13,213,10.0
13,214,10.0
13,215,10.0
13,216,9.136184941942183
13,217,10.0
13,218,9.847843752491572
13,219,10.0
13,220,9.92152866248403
13,221,0.11461616762887232
13,222,10.0
13,223,10.0
13,224,7.059158489748173
13,225,10.0
13,226,10.0
13,227,10.0
13,228,10.0
13,229,10.0
13,230,10.0
13,231,10.0
13,232,10.0
13,233,10.0
13,234,10.0
13,235,10.0
13,236,10.0
13,237,10.0
13,238,10.0
13,239,10.0
13,240,10.0
13,241,10.0
13,242,10.0
13,243,10.0
13,244,8.524379285535446
13,245,10.0
13,246,10.0
13,247,10.0
13,248,10.0
13,249,5.013097259567957
13,250,10.0
13,251,10.0
13,252,10.0
13,253,5.013097259567957
13,254,10.0
13,255,4.096214432358143
13,256,10.0
13,257,10.0
13,258,10.0
13,259,10.0
13,260,10.0
13,261,10.0
13,262,10.0
13,263,10.0
13,264,8.632609000390715
13,265,10.0
13,266,7.944596600904417
13,267,10.0
13,268,10.0
13,269,10.0
13,270,10.0
13,271,10.0
13,272,10.0
13,273,10.0
13,274,10.0
13,275,6.717804034874473
13,276,10.0
13,277,10.0
13,278,10.0
13,279,10.0
13,280,6.34989339976263
13,281,7.944596600904417
13,282,10.0
13,283,10.0
13,284,10.0
13,285,10.0
13,286,10.0
13,287,10.0
13,288,10.0
13,289,10.0
13,290,10.0
13,291,4.453932784906705
13,292,10.0
13,293,10.0
13,294,10.0
13,295,10.0
13,296,10.0
13,297,10.0
13,298,10.0
13,299,10.0
13,300,10.0
13,301,10.0
13,302,10.0
13,303,10.0
13,304,10.0
13,305,10.0
13,306,10.0
13,307,0.35555290441288734
13,308,10.0
13,309,10.0
13,310,10.0
13,311,10.0
13,312,10.0
13,313,10.0
13,314,10.0
13,315,10.0
13,316,10.0
13,317,9.92152866248403
13,318,9.92152866248403
13,319,10.0
13,320,10.0
13,321,10.0
13,322,10.0
13,323,10.0
13,324,10.0
13,325,10.0
14,0,9.176704766314316
14,1,10.0
14,2,10.0
14,3,10.0
14,4,10.0
14,5,10.0
14,6,10.0
14,7,10.0
14,8,10.0
14,9,10.0
14,10,10.0
14,11,9.645899000139897
14,12,10.0
14,13,10.0
14,14,10.0
14,15,10.0
14,16,10.0
14,17,10.0
14,18,10.0
14,19,10.0
14,20,10.0
14,21,10.0
14,22,10.0
14,23,10.0
14,24,10.0
14,25,10.0
14,26,10.0
14,27,10.0
14,28,10.0
14,29,10.0
14,30,2.1845098295875913
14,31,6.279727966820108
14,32,10.0
14,33,10.0
14,34,10.0
14,35,10.0
14,36,2.8908010761199217
14,37,10.0
14,38,10.0
14,39,10.0
14,40,2.1845098295875913
14,41,10.0
14,42,10.0
14,43,3.779980885633354
14,44,10.0
14,45,10.0
14,46,10.0
14,47,10.0
14,48,10.0
14,49,10.0
14,50,10.0
14,51,10.0
14,52,10.0
14,53,10.0
14,54,10.0
14,55,0.5441668037935893
14,56,10.0
14,57,2.063426804943537
14,58,10.0
14,59,10.0
14,60,10.0
14,61,10.0
14,62,10.0
14,63,10.0
14,64,10.0
14,65,10.0
14,66,10.0
14,67,10.0
14,68,10.0
14,69,10.0
14,70,10.0
14,71,10.0
14,72,10.0
14,73,10.0
14,74,10.0
14,75,10.0
14,76,10.0
14,77,10.0
14,78,10.0
14,79,10.0
14,80,10.0
14,81,10.0
14,82,10.0
14,83,10.0
14,84,10.0
14,85,2.1845098295875913
14,86,10.0
14,87,10.0
14,88,10.0
14,89,10.0
14,90,10.0
14,91,10.0
14,92,10.0
14,93,10.0
14,94,10.0
14,95,10.0
14,96,10.0
14,97,0.7305158692467018
14,98,10.0
14,99,10.0
14,100,10.0
14,101,10.0
14,102,10.0
14,103,10.0
14,104,10.0
14,105,10.0
14,106,10.0
14,107,10.0
14,108,10.0
14,109,2.1845098295875913
14,110,10.0
14,111,2.1845098295875913
14,112,10.0
14,113,10.0
14,114,10.0
14,115,10.0
14,116,10.0
14,117,10.0
14,118,10.0
14,119,10.0
14,120,10.0
14,121,10.0
14,122,10.0
14,123,10.0
14,124,10.0
14,125,10.0
14,126,10.0
14,127,10.0
14,128,10.0
14,129,10.0
14,130,10.0
14,131,10.0
14,132,10.0
14,133,10.0
14,134,10.0
14,135,10.0
14,136,10.0
14,137,1.5005907107679364
14,138,10.0
14,139,10.0
14,140,10.0
14,141,10.0
14,142,10.0
14,143,10.0
14,144,10.0
14,145,10.0
14,146,10.0
14,147,6.260660403998851
14,148,10.0
14,149,10.0
14,150,10.0
14,151,10.0
14,152,3.1137101165441545
14,153,10.0
14,154,2.6947108217220404
14,155,10.0
14,156,10.0
14,157,10.0
14,158,10.0
14,159,10.0
14,160,10.0
14,161,10.0
14,162,5.744246913990432
14,163,10.0
14,164,10.0
14,165,10.0
14,166,10.0
14,167,10.0
14,168,10.0
14,169,10.0
14,170,10.0
14,171,10.0
14,172,10.0
14,173,10.0
14,174,10.0
14,175,10.0
14,176,10.0
14,177,10.0
14,178,10.0
14,179,10.0
14,180,10.0
14,181,7.533694036750587
14,182,10.0
14,183,10.0
14,184,10.0
14,185,10.0
14,186,10.0
14,187,10.0
14,188,10.0
14,189,10.0
14,190,10.0
14,191,10.0
14,192,10.0
14,193,2.063426804943537
14,194,10.0
14,195,10.0
14,196,10.0
14,197,10.0
14,198,10.0
14,199,10.0
14,200,10.0
14,201,4.293522940725138
14,202,10.0
14,203,10.0
14,204,9.75046372603645
14,205,10.0
14,206,10.0
14,207,10.0
14,208,10.0
14,209,9.645899000139897
14,210,10.0
14,211,10.0
14,212,10.0
14,213,10.0
14,214,0.5694404529391479
14,215,10.0
14,216,10.0
14,217,10.0
14,218,10.0
14,219,10.0
14,220,10.0
14,221,10.0
14,222,10.0
14,223,10.0
14,224,10.0
14,225,10.0
14,226,10.0
14,227,10.0
14,228,10.0
14,229,10.0
14,230,10.0
14,231,7.533694036750587
14,232,10.0
14,233,10.0
14,234,10.0
14,235,10.0
14,236,0.5441668037935893
14,237,10.0
14,238,10.0
14,239,10.0
14,240,10.0
14,241,10.0
14,242,8.425700309242973
14,243,10.0
14,244,10.0
14,245,10.0
14,246,0.5441668037935893
14,247,10.0
14,248,10.0
14,249,10.0
14,250,10.0
14,251,10.0
14,252,10.0
14,253,10.0
14,254,10.0
14,255,10.0
14,256,10.0
14,257,1.0221418930675934
14,258,10.0
14,259,10.0
14,260,9.645899000139897
14,261,10.0
14,262,10.0
14,263,10.0
14,264,10.0
14,265,2.2773551930327596
14,266,10.0
14,267,10.0
14,268,10.0
14,269,10.0
14,270,2.063426804943537
14,271,10.0
14,272,3.610455588409788
14,273,10.0
14,274,10.0
14,275,10.0
14,276,10.0
14,277,9.75046372603645
14,278,10.0
14,279,10.0
14,280,6.279727966820108
14,281,10.0
14,282,10.0
14,283,10.0
14,284,10.0
14,285,2.1845098295875913
14,286,10.0
14,287,10.0
14,288,10.0
14,289,10.0
14,290,0.5441668037935893
14,291,10.0
14,292,9.75046372603645
14,293,6.737841519158853
14,294,2.063426804943537
14,295,10.0
14,296,10.0
14,297,10.0
14,298,10.0
14,299,10.0
14,300,10.0
14,301,10.0
14,302,10.0
14,303,10.0
14,304,10.0
14,305,10.0
14,306,10.0
14,307,6.191246598040162
14,308,10.0
14,309,10.0
14,310,10.0
14,311,10.0
14,312,10.0
14,313,10.0
14,314,10.0
14,315,2.1845098295875913
14,316,10.0
14,317,10.0
14,318,10.0
14,319,10.0
14,320,10.0
14,321,10.0
14,322,7.328506234900741
14,323,10.0
14,324,10.0
14,325,10.0
15,0,10.0
15,1,10.0
15,2,10.0
15,3,10.0
15,4,10.0
15,5,10.0
15,6,10.0
15,7,10.0
15,8,10.0
15,9,3.3749970712283512
15,10,10.0
15,11,10.0
15,12,10.0
15,13,10.0
15,14,5.079791135412159
15,15,10.0
15,16,10.0
15,17,10.0
15,18,10.0
15,19,10.0
15,20,10.0
15,21,10.0
15,22,10.0
15,23,10.0
15,24,10.0
15,25,10.0
15,26,10.0
15,27,10.0
15,28,10.0
15,29,10.0
15,30,7.910473692718828
15,31,10.0
15,32,5.457817984352078
15,33,10.0
15,34,10.0
15,35,10.0
15,36,10.0
15,37,10.0
15,38,10.0
15,39,10.0
15,40,10.0
15,41,10.0
15,42,10.0
15,43,8.917771798612591
15,44,3.401729155268909
15,45,10.0
15,46,10.0
15,47,10.0
15,48,10.0
15,49,10.0
15,50,10.0
15,51,10.0
15,52,10.0
15,53,10.0
15,54,10.0
15,55,10.0
15,56,10.0
15,57,10.0
15,58,10.0
15,59,10.0
15,60,10.0
15,61,10.0
15,62,8.917771798612591
15,63,3.3749970712283512
15,64,3.8402327757953154
15,65,10.0
15,66,10.0
15,67,10.0
15,68,10.0
15,69,2.3352789685144058
15,70,10.0
15,71,10.0
15,72,10.0
15,73,3.3749970712283512
15,74,10.0
15,75,10.0
15,76,10.0
15,77,10.0
15,78,6.5467956703258094
15,79,10.0
15,80,10.0
15,81,10.0
15,82,10.0
15,83,10.0
15,84,10.0
15,85,10.0
15,86,4.715763395359002
15,87,10.0
15,88,5.89949989221307
15,89,10.0
15,90,10.0
15,91,10.0
15,92,10.0
15,93,10.0
15,94,10.0
15,95,10.0
15,96,6.446108478417458
15,97,8.79847170682394
15,98,10.0
15,99,10.0
15,100,10.0
15,101,10.0
15,102,10.0
15,103,10.0
15,104,10.0
15,105,10.0
15,106,10.0
15,107,10.0
15,108,10.0
15,109,10.0
15,110,10.0
15,111,10.0
15,112,10.0
15,113,10.0
15,114,10.0
15,115,10.0
15,116,0.8052980334735842
15,117,10.0
15,118,10.0
15,119,10.0
15,120,10.0
15,121,0.48407717447940507
15,122,10.0
15,123,10.0
15,124,2.045249599149476
15,125,10.0
15,126,10.0
15,127,10.0
15,128,10.0
15,129,10.0
15,130,6.445124885871023
15,131,10.0
15,132,10.0
15,133,10.0
15,134,10.0
15,135,10.0
15,136,10.0
15,137,10.0
15,138,10.0
15,139,4.0593321686534
15,140,10.0
15,141,10.0
15,142,10.0
15,143,10.0
15,144,10.0
15,145,6.445124885871023
15,146,10.0
15,147,10.0
15,148,10.0
15,149,10.0
15,150,10.0
15,151,10.0
15,152,5.89949989221307
15,153,10.0
15,154,10.0
15,155,10.0
15,156,0.48407717447940507
15,157,10.0
15,158,10.0
15,159,2.045249599149476
15,160,10.0
15,161,10.0
15,162,10.0
15,163,10.0
15,164,10.0
15,165,10.0
15,166,10.0
15,167,10.0
15,168,10.0
15,169,10.0
15,170,10.0
15,171,10.0
15,172,10.0
15,173,10.0
15,174,10.0
15,175,10.0
15,176,10.0
15,177,10.0
15,178,10.0
15,179,10.0
15,180,10.0
15,181,10.0
15,182,3.3749970712283512
15,183,10.0
15,184,10.0
15,185,10.0
15,186,10.0
15,187,3.3749970712283512
15,188,10.0
15,189,10.0
15,190,0.13446412636589772
15,191,6.639065975478632
15,192,10.0
15,193,10.0
15,194,10.0
15,195,10.0
15,196,10.0
15,197,10.0
15,198,10.0
15,199,10.0
15,200,3.3749970712283512
15,201,10.0
15,202,0.48407717447940507
15,203,10.0
15,204,10.0
15,205,10.0
15,206,10.0
15,207,10.0
15,208,10.0
15,209,10.0
15,210,10.0
15,211,10.0
15,212,10.0
15,213,10.0
15,214,10.0
15,215,10.0
15,216,6.5467956703258094
15,217,10.0
15,218,10.0
15,219,5.89949989221307
15,220,10.0
15,221,10.0
15,222,10.0
15,223,10.0
15,224,1.7132533013238789
15,225,10.0
15,226,10.0
15,227,10.0
15,228,5.079791135412159
15,229,10.0
15,230,10.0
15,231,10.0
15,232,10.0
15,233,4.642368443599055
15,234,10.0
15,235,10.0
15,236,10.0
15,237,10.0
15,238,10.0
15,239,10.0
15,240,10.0
15,241,10.0
15,242,10.0
15,243,10.0
15,244,10.0
15,245,10.0
15,246,10.0
15,247,10.0
15,248,10.0
15,249,10.0
15,250,10.0
15,251,6.445124885871023
15,252,10.0
15,253,10.0
15,254,6.446108478417458
15,255,7.910473692718828
15,256,4.0593321686534
15,257,10.0
15,258,3.3749970712283512
15,259,10.0
15,260,10.0
15,261,10.0
15,262,10.0
15,263,10.0
15,264,10.0
15,265,10.0
15,266,10.0
15,267,8.917771798612591
15,268,10.0
15,269,10.0
15,270,1.1932343583385334
15,271,10.0
15,272,10.0
15,273,10.0
15,274,10.0
15,275,10.0
15,276,10.0
15,277,8.917771798612591
15,278,10.0
15,279,10.0
15,280,10.0
15,281,10.0
15,282,10.0
15,283,10.0
15,284,10.0
15,285,10.0
15,286,10.0
15,287,10.0
15,288,8.916041563857082
15,289,10.0
15,290,10.0
15,291,10.0
15,292,10.0
15,293,10.0
15,294,10.0
15,295,1.007644134461579
15,296,10.0
15,297,1.1932343583385334
15,298,10.0
15,299,10.0
15,300,10.0
15,301,10.0
15,302,10.0
15,303,10.0
15,304,10.0
15,305,10.0
15,306,10.0
15,307,6.5467956703258094
15,308,10.0
15,309,10.0
15,310,10.0
15,311,10.0
15,312,10.0
15,313,10.0
15,314,10.0
15,315,6.993720029439711
15,316,10.0
15,317,10.0
15,318,10.0
15,319,10.0
15,320,10.0
15,321,10.0
15,322,10.0
15,323,10.0
15,324,10.0
15,325,10.0
16,0,10.0
16,1,10.0
16,2,10.0
16,3,10.0
16,4,10.0
16,5,10.0
16,6,10.0
16,7,10.0
16,8,10.0
16,9,10.0
16,10,9.205560604072348
16,11,10.0
16,12,10.0
16,13,10.0
16,14,10.0
16,15,10.0
16,16,10.0
16,17,10.0
16,18,10.0
16,19,10.0
16,20,10.0
16,21,4.34924978753015
16,22,1.2276834313947538
16,23,6.75593040984112
16,24,10.0
16,25,10.0
16,26,10.0
16,27,10.0
16,28,10.0
16,29,7.8455082446292925
16,30,10.0
16,31,10.0
16,32,10.0
16,33,9.205560604072348
16,34,6.75593040984112
16,35,10.0
16,36,10.0
16,37,10.0
16,38,10.0
16,39,10.0
16,40,10.0
16,41,10.0
16,42,10.0
16,43,10.0
16,44,7.8455082446292925
16,45,10.0
16,46,10.0
16,47,10.0
16,48,10.0
16,49,10.0
16,50,10.0
16,51,10.0
16,52,10.0
16,53,10.0
16,54,10.0
16,55,10.0
16,56,10.0
16,57,1.2276834313947538
16,58,10.0
16,59,10.0
16,60,7.189367596695632
16,61,10.0
16,62,10.0
16,63,3.13734397274696
16,64,7.991091827255517
16,65,10.0
16,66,10.0
16,67,10.0
16,68,10.0
16,69,10.0
16,70,10.0
16,71,10.0
16,72,10.0
16,73,10.0
16,74,10.0
16,75,10.0
16,76,10.0
16,77,1.8327707582553203
16,78,10.0
16,79,10.0
16,80,10.0
16,81,10.0
16,82,10.0
16,83,10.0
16,84,10.0
16,85,10.0
16,86,5.172389722440946
16,87,1.8327707582553203
16,88,10.0
16,89,10.0
16,90,10.0
16,91,10.0
16,92,1.2276834313947538
16,93,10.0
16,94,10.0
16,95,10.0
16,96,1.6390613226525026
16,97,10.0
16,98,10.0
16,99,9.205560604072348
16,100,10.0
16,101,10.0
16,102,10.0
16,103,10.0
16,104,5.172389722440946
16,105,10.0
16,106,7.991091827255517
16,107,10.0
16,108,10.0
16,109,10.0
16,110,10.0
16,111,10.0
16,112,9.205560604072348
16,113,10.0
16,114,10.0
16,115,10.0
16,116,10.0
16,117,10.0
16,118,10.0
16,119,10.0
16,120,10.0
16,121,10.0
16,122,10.0
16,123,10.0
16,124,10.0
16,125,10.0
16,126,6.474190232418141
16,127,10.0
16,128,10.0
16,129,10.0
16,130,10.0
16,131,10.0
16,132,1.8270860103701738
16,133,10.0
16,134,1.8327707582553203
16,135,10.0
16,136,10.0
16,137,10.0
16,138,10.0
16,139,10.0
16,140,10.0
16,141,10.0
16,142,10.0
16,143,10.0
16,144,10.0
16,145,10.0
16,146,10.0
16,147,10.0
16,148,10.0
16,149,10.0
16,150,10.0
16,151,10.0
16,152,10.0
16,153,10.0
16,154,10.0
16,155,10.0
16,156,10.0
16,157,10.0
16,158,10.0
16,159,10.0
16,160,10.0
16,161,10.0
16,162,5.684545294376106
16,163,10.0
16,164,10.0
16,165,10.0
16,166,10.0
16,167,10.0
16,168,1.2276834313947538
16,169,10.0
16,170,10.0
16,171,10.0
16,172,10.0
16,173,10.0
16,174,10.0
16,175,7.8455082446292925
16,176,10.0
16,177,10.0
16,178,10.0
16,179,10.0
16,180,10.0
16,181,10.0
16,182,10.0
16,183,10.0
16,184,10.0
16,185,10.0
16,186,10.0
16,187,10.0
16,188,10.0
16,189,10.0
16,190,10.0
16,191,10.0
16,192,10.0
16,193,10.0
16,194,10.0
16,195,10.0
16,196,10.0
16,197,10.0
16,198,7.8455082446292925
16,199,10.0
16,200,10.0
16,201,10.0
16,202,10.0
16,203,1.6390613226525026
16,204,10.0
16,205,7.991091827255517
16,206,7.801643659368055
16,207,10.0
16,208,10.0
16,209,10.0
16,210,10.0
16,211,10.0
16,212,6.474190232418141
16,213,10.0
16,214,10.0
16,215,10.0
16,216,10.0
16,217,10.0
16,218,10.0
16,219,10.0
16,220,10.0
16,221,10.0
16,222,10.0
16,223,10.0
16,224,10.0
16,225,10.0
16,226,10.0
16,227,9.83617633687619
16,228,10.0
16,229,10.0
16,230,10.0
16,231,10.0
16,232,10.0
16,233,10.0
16,234,10.0
16,235,10.0
16,236,10.0
16,237,10.0
16,238,10.0
16,239,10.0
16,240,5.172389722440946
16,241,10.0
16,242,10.0
16,243,10.0
16,244,10.0
16,245,10.0
16,246,10.0
16,247,10.0
16,248,7.8455082446292925
16,249,10.0
16,250,10.0
16,251,10.0
16,252,10.0
16,253,10.0
16,254,10.0
16,255,7.991091827255517
16,256,10.0
16,257,10.0
16,258,7.189367596695632
16,259,10.0
16,260,10.0
16,261,10.0
16,262,7.453134834326081
16,263,10.0
16,264,10.0
16,265,10.0
16,266,10.0
16,267,10.0
16,268,10.0
16,269,10.0
16,270,10.0
16,271,10.0
16,272,10.0
16,273,10.0
16,274,10.0
16,275,10.0
16,276,10.0
16,277,10.0
16,278,10.0
16,279,10.0
16,280,10.0
16,281,5.172389722440946
16,282,10.0
16,283,10.0
16,284,10.0
16,285,10.0
16,286,10.0
16,287,10.0
16,288,10.0
16,289,10.0
16,290,10.0
16,291,10.0
16,292,10.0
16,293,10.0
16,294,10.0
16,295,10.0
16,296,10.0
16,297,10.0
16,298,10.0
16,299,10.0
16,300,10.0
16,301,10.0
16,302,1.8270860103701738
16,303,10.0
16,304,10.0
16,305,10.0
16,306,10.0
16,307,10.0
16,308,10.0
16,309,10.0
16,310,3.373200726882508
16,311,10.0
16,312,10.0
16,313,10.0
16,314,5.653700875867754
16,315,10.0
16,316,1.2276834313947538
16,317,10.0
16,318,8.62802906567874
16,319,10.0
16,320,10.0
16,321,10.0
16,322,10.0
16,323,8.62802906567874
16,324,10.0
16,325,10.0
17,0,10.0
17,1,2.1379658540354987
17,2,10.0
17,3,10.0
17,4,10.0
17,5,9.845490075160717
17,6,10.0
17,7,10.0
17,8,10.0
17,9,10.0
17,10,10.0
17,11,10.0
17,12,10.0
17,13,10.0
17,14,10.0
17,15,10.0
17,16,10.0
17,17,10.0
17,18,10.0
17,19,10.0
17,20,10.0
17,21,10.0
17,22,10.0
17,23,2.3563611457709928
17,24,10.0
17,25,10.0
17,26,10.0
17,27,10.0
17,28,10.0
17,29,10.0
17,30,10.0
17,31,10.0
17,32,10.0
17,33,10.0
17,34,10.0
17,35,1.2563206531611033
17,36,10.0
17,37,10.0
17,38,10.0
17,39,10.0
17,40,10.0
17,41,10.0
17,42,10.0
17,43,10.0
17,44,5.28200441515061
17,45,10.0
17,46,5.28200441515061
17,47,10.0
17,48,10.0
17,49,10.0
17,50,10.0
17,51,10.0
17,52,10.0
17,53,10.0
17,54,10.0
17,55,10.0
17,56,2.1379658540354987
17,57,10.0
17,58,5.4274312744663415
17,59,10.0
17,60,10.0
17,61,10.0
17,62,10.0
17,63,10.0
17,64,10.0
17,65,10.0
17,66,10.0
17,67,10.0
17,68,3.101884014659802
17,69,9.877659425559505
17,70,10.0
17,71,10.0
17,72,10.0
17,73,10.0
17,74,10.0
17,75,10.0
17,76,10.0
17,77,10.0
17,78,10.0
17,79,4.6610163230886466
17,80,10.0
17,81,10.0
17,82,10.0
17,83,10.0
17,84,8.904994197038006
17,85,10.0
17,86,10.0
17,87,10.0
17,88,0.019164955509924708
17,89,10.0
17,90,4.763538101296025
17,91,10.0
17,92,10.0
17,93,10.0
17,94,10.0
17,95,10.0
17,96,10.0
17,97,10.0
17,98,10.0
17,99,10.0
17,100,10.0
17,101,10.0
17,102,10.0
17,103,10.0
17,104,10.0
17,105,10.0
17,106,10.0
17,107,10.0
17,108,10.0
17,109,10.0
17,110,10.0
17,111,10.0
17,112,10.0
17,113,10.0
17,114,10.0
17,115,2.5236614594340008
17,116,10.0
17,117,10.0
17,118,10.0
17,119,10.0
17,120,10.0
17,121,3.101884014659802
17,122,10.0
17,123,10.0
17,124,10.0
17,125,10.0
17,126,0.019164955509924708
17,127,10.0
17,128,10.0
17,129,10.0
17,130,10.0
17,131,10.0
17,132,10.0
17,133,10.0
17,134,10.0
17,135,10.0
17,136,10.0
17,137,10.0
17,138,0.7748605216317379
17,139,10.0
17,140,10.0
17,141,10.0
17,142,10.0
17,143,4.769186274012263
17,144,10.0
17,145,10.0
17,146,10.0
17,147,10.0
17,148,10.0
17,149,10.0
17,150,10.0
17,151,10.0
17,152,10.0
17,153,10.0
17,154,3.0271917374974477
17,155,9.123926064956498
17,156,10.0
17,157,2.1379658540354987
17,158,10.0
17,159,10.0
17,160,10.0
17,161,10.0
17,162,10.0
17,163,10.0
17,164,10.0
17,165,10.0
17,166,10.0
17,167,10.0
17,168,10.0
17,169,10.0
17,170,10.0
17,171,10.0
17,172,10.0
17,173,10.0
17,174,10.0
17,175,8.999055036626727
17,176,10.0
17,177,10.0
17,178,10.0
17,179,10.0
17,180,10.0
17,181,10.0
17,182,10.0
17,183,10.0
17,184,10.0
17,185,10.0
17,186,10.0
17,187,10.0
17,188,10.0
17,189,10.0
17,190,8.880728666764362
17,191,10.0
17,192,10.0
17,193,2.827586567257402
17,194,10.0
17,195,5.4274312744663415
17,196,10.0
17,197,10.0
17,198,10.0
17,199,10.0
17,200,10.0
17,201,1.9860701025412326
17,202,10.0
17,203,10.0
17,204,10.0
17,205,10.0
17,206,10.0
17,207,10.0
17,208,10.0
17,209,10.0
17,210,2.0986000863163876
17,211,10.0
17,212,10.0
17,213,10.0
17,214,10.0
17,215,5.4274312744663415
17,216,10.0
17,217,10.0
17,218,10.0
17,219,10.0
17,220,10.0
17,221,10.0
17,222,10.0
17,223,10.0
17,224,8.880728666764362
17,225,10.0
17,226,10.0
17,227,10.0
17,228,10.0
17,229,0.019164955509924708
17,230,10.0
17,231,10.0
17,232,10.0
17,233,10.0
17,234,10.0
17,235,10.0
17,236,10.0
17,237,10.0
17,238,10.0
17,239,3.101884014659802
17,240,10.0
17,241,10.0
17,242,10.0
17,243,10.0
17,244,10.0
17,245,10.0
17,246,10.0
17,247,10.0
17,248,10.0
17,249,10.0
17,250,10.0
17,251,10.0
17,252,3.101884014659802
17,253,10.0
17,254,10.0
17,255,10.0
17,256,10.0
17,257,10.0
17,258,10.0
17,259,10.0
17,260,10.0
17,261,7.292696726860126
17,262,10.0
17,263,10.0
17,264,10.0
17,265,10.0
17,266,10.0
17,267,8.880728666764362
17,268,10.0
17,269,10.0
17,270,10.0
17,271,10.0
17,272,10.0
17,273,4.63408481038592
17,274,10.0
17,275,10.0
17,276,10.0
17,277,10.0
17,278,10.0
17,279,10.0
17,280,2.0986000863163876
17,281,10.0
17,282,10.0
17,283,10.0
17,284,10.0
17,285,10.0
17,286,10.0
17,287,5.28200441515061
17,288,10.0
17,289,4.763538101296025
17,290,10.0
17,291,10.0
17,292,10.0
17,293,3.101884014659802
17,294,10.0
17,295,10.0
17,296,10.0
17,297,1.9860701025412326
17,298,10.0
17,299,10.0
17,300,0.11350757890179995
17,301,10.0
17,302,10.0
17,303,10.0
17,304,10.0
17,305,5.4274312744663415
17,306,10.0
17,307,10.0
17,308,5.28200441515061
17,309,3.101884014659802
17,310,10.0
17,311,10.0
17,312,10.0
17,313,4.769186274012263
17,314,10.0
17,315,10.0
17,316,10.0
17,317,10.0
17,318,10.0
17,319,10.0
17,320,10.0
17,321,10.0
17,322,10.0
17,323,10.0
17,324,10.0
17,325,10.0
18,0,10.0
18,1,10.0
18,2,10.0
18,3,10.0
18,4,10.0
18,5,10.0
18,6,10.0
18,7,10.0
18,8,3.4028314072164654
18,9,3.4028314072164654
18,10,10.0
18,11,10.0
18,12,10.0
18,13,10.0
18,14,10.0
18,15,5.930632345584524
18,16,10.0
18,17,10.0
18,18,8.414786844346876
18,19,10.0
18,20,5.930632345584524
18,21,5.930632345584524
18,22,10.0
18,23,8.414786844346876
18,24,10.0
18,25,10.0
18,26,10.0
18,27,10.0
18,28,10.0
18,29,10.0
18,30,10.0
18,31,5.419772438525385
18,32,3.5204673422532036
18,33,10.0
18,34,10.0
18,35,10.0
18,36,2.2275326256312233
18,37,10.0
18,38,10.0
18,39,10.0
18,40,10.0
18,41,10.0
18,42,10.0
18,43,10.0
18,44,10.0
18,45,10.0
18,46,10.0
18,47,10.0
18,48,10.0
18,49,10.0
18,50,10.0
18,51,10.0
18,52,10.0
18,53,1.2769089522379786
18,54,10.0
18,55,10.0
18,56,10.0
18,57,10.0
18,58,10.0
18,59,8.414786844346876
18,60,10.0
18,61,8.414786844346876
18,62,10.0
18,63,10.0
18,64,10.0
18,65,2.9598038345728797
18,66,3.4028314072164654
18,67,9.58051549904003
18,68,3.504832618593707
18,69,10.0
18,70,9.484483723209458
18,71,9.90060095405749
18,72,2.537503145647283
18,73,10.0
18,74,10.0
18,75,10.0
18,76,10.0
18,77,10.0
18,78,10.0
18,79,10.0
18,80,3.4028314072164654
18,81,10.0
18,82,10.0
18,83,5.930632345584524
18,84,10.0
18,85,8.414786844346876
18,86,10.0
18,87,10.0
18,88,8.414786844346876
18,89,9.484255850703468
18,90,10.0
18,91,10.0
18,92,10.0
18,93,10.0
18,94,10.0
18,95,10.0
18,96,6.780365812587854
18,97,10.0
18,98,10.0
18,99,8.414786844346876
18,100,10.0
18,101,10.0
18,102,10.0
18,103,8.414786844346876
18,104,10.0
18,105,6.780365812587854
18,106,1.2506452708403322
18,107,10.0
18,108,10.0
18,109,10.0
18,110,10.0
18,111,10.0
18,112,10.0
18,113,10.0
18,114,10.0
18,115,1.7345273815214777
18,116,10.0
18,117,10.0
18,118,3.4028314072164654
18,119,3.4028314072164654
18,120,10.0
18,121,10.0
18,122,2.83363033687206
18,123,10.0
18,124,3.4028314072164654
18,125,3.5204673422532036
18,126,10.0
18,127,1.2506452708403322
18,128,10.0
18,129,10.0
18,130,10.0
18,131,10.0
18,132,10.0
18,133,10.0
18,134,10.0
18,135,10.0
18,136,10.0
18,137,10.0
18,138,10.0
18,139,10.0
18,140,3.4028314072164654
18,141,10.0
18,142,10.0
18,143,10.0
18,144,10.0
18,145,10.0
18,146,3.4028314072164654
18,147,10.0
18,148,10.0
18,149,10.0
18,150,10.0
18,151,8.145989152049507
18,152,10.0
18,153,10.0
18,154,2.537503145647283
18,155,10.0
18,156,10.0
18,157,6.780365812587854
18,158,1.7345273815214777
18,159,3.4028314072164654
18,160,10.0
18,161,10.0
18,162,10.0
18,163,10.0
18,164,5.5415904804512195
18,165,10.0
18,166,1.820037606727578
18,167,10.0
18,168,10.0
18,169,3.4028314072164654
18,170,10.0
18,171,10.0
18,172,10.0
18,173,10.0
18,174,10.0
18,175,10.0
18,176,10.0
18,177,10.0
18,178,10.0
18,179,10.0
18,180,10.0
18,181,10.0
18,182,10.0
18,183,10.0
18,184,10.0
18,185,10.0
18,186,10.0
18,187,10.0
18,188,10.0
18,189,10.0
18,190,10.0
18,191,0.2740872254817659
18,192,10.0
18,193,10.0
18,194,10.0
18,195,10.0
18,196,10.0
18,197,10.0
18,198,10.0
18,199,10.0
18,200,10.0
18,201,10.0
18,202,10.0
18,203,10.0
18,204,10.0
18,205,3.4028314072164654
18,206,10.0
18,207,10.0
18,208,10.0
18,209,10.0
18,210,6.480123404371713
18,211,10.0
18,212,10.0
18,213,10.0
18,214,10.0
18,215,10.0
18,216,10.0
18,217,10.0
18,218,10.0
18,219,10.0
18,220,10.0
18,221,1.5018578756964485
18,222,10.0
18,223,3.4028314072164654
18,224,10.0
18,225,10.0
18,226,10.0
18,227,10.0
18,228,10.0
18,229,10.0
18,230,10.0
18,231,5.5415904804512195
18,232,10.0
18,233,10.0
18,234,10.0
18,235,10.0
18,236,10.0
18,237,10.0
18,238,10.0
18,239,10.0
18,240,10.0
18,241,2.7911932405891227
18,242,5.930632345584524
18,243,2.349862830401085
18,244,10.0
18,245,10.0
18,246,9.90060095405749
18,247,10.0
18,248,10.0
18,249,1.54833476851061
18,250,10.0
18,251,10.0
18,252,10.0
18,253,10.0
18,254,10.0
18,255,3.5762761269229726
18,256,10.0
18,257,1.820037606727578
18,258,10.0
18,259,10.0
18,260,10.0
18,261,3.4028314072164654
18,262,10.0
18,263,10.0
18,264,10.0
18,265,10.0
18,266,2.2275326256312233
18,267,10.0
18,268,6.794629298729301
18,269,5.930632345584524
18,270,10.0
18,271,10.0
18,272,10.0
18,273,10.0
18,274,10.0
18,275,10.0
18,276,10.0
18,277,0.057340647530447805
18,278,10.0
18,279,10.0
18,280,8.414786844346876
18,281,10.0
18,282,10.0
18,283,10.0
18,284,1.7345273815214777
18,285,2.2275326256312233
18,286,1.7345273815214777
18,287,10.0
18,288,6.794629298729301
18,289,10.0
18,290,10.0
18,291,10.0
18,292,10.0
18,293,5.930632345584524
18,294,10.0
18,295,10.0
18,296,6.780365812587854
18,297,10.0
18,298,6.780365812587854
18,299,10.0
18,300,10.0
18,301,6.480123404371713
18,302,10.0
18,303,10.0
18,304,10.0
18,305,5.5415904804512195
18,306,10.0
18,307,10.0
18,308,3.4028314072164654
18,309,10.0
18,310,10.0
18,311,10.0
18,312,5.930632345584524
18,313,1.7345273815214777
18,314,10.0
18,315,10.0
18,316,10.0
18,317,10.0
18,318,10.0
18,319,10.0
18,320,10.0
18,321,10.0
18,322,10.0
18,323,10.0
18,324,10.0
18,325,10.0
19,0,10.0
19,1,10.0
19,2,4.3952517119198635
19,3,10.0
19,4,10.0
19,5,10.0
19,6,10.0
19,7,2.5923255064846713
19,8,10.0
19,9,10.0
19,10,10.0
19,11,1.7169960613849582
19,12,10.0
19,13,10.0
19,14,10.0
19,15,10.0
19,16,10.0
19,17,10.0
19,18,10.0
19,19,10.0
19,20,10.0
19,21,7.409087894735116
19,22,10.0
19,23,10.0
19,24,10.0
19,25,10.0
19,26,10.0
19,27,10.0
19,28,2.4038810380796085
19,29,10.0
19,30,10.0
19,31,10.0
19,32,10.0
19,33,10.0
19,34,10.0
19,35,10.0
19,36,10.0
19,37,10.0
19,38,10.0
19,39,10.0
19,40,10.0
19,41,2.4038810380796085
19,42,10.0
19,43,10.0
19,44,10.0
19,45,10.0
19,46,10.0
19,47,10.0
19,48,10.0
19,49,10.0
19,50,10.0
19,51,10.0
19,52,10.0
19,53,10.0
19,54,10.0
19,55,10.0
19,56,0.9388721614469853
19,57,7.409087894735116
19,58,10.0
19,59,10.0
19,60,10.0
19,61,10.0
19,62,6.790786816920248
19,63,10.0
19,64,6.507665498155443
19,65,10.0
19,66,10.0
19,67,10.0
19,68,9.462013448432364
19,69,10.0
19,70,10.0
19,71,3.6533200919124234
19,72,2.4038810380796085
19,73,10.0
19,74,10.0
19,75,10.0
19,76,10.0
19,77,6.790786816920248
19,78,2.4038810380796085
19,79,10.0
19,80,7.409087894735116
19,81,10.0
19,82,10.0
19,83,10.0
19,84,2.0456685126028957
19,85,3.110589649373191
19,86,10.0
19,87,10.0
19,88,10.0
19,89,10.0
19,90,10.0
19,91,3.110589649373191
19,92,10.0
19,93,5.2866442825150095
19,94,2.4038810380796085
19,95,10.0
19,96,3.110589649373191
19,97,10.0
19,98,6.790786816920248
19,99,10.0
19,100,10.0
19,101,10.0
19,102,10.0
19,103,10.0
19,104,10.0
19,105,10.0
19,106,10.0
19,107,10.0
19,108,6.935587123051029
19,109,9.60450285326504
19,110,10.0
19,111,10.0
19,112,10.0
19,113,10.0
19,114,10.0
19,115,10.0
19,116,10.0
19,117,10.0
19,118,10.0
19,119,10.0
19,120,10.0
19,121,10.0
19,122,2.5923255064846713
19,123,10.0
19,124,10.0
19,125,10.0
19,126,10.0
19,127,10.0
19,128,10.0
19,129,10.0
19,130,10.0
19,131,10.0
19,132,10.0
19,133,10.0
19,134,7.409087894735116
19,135,10.0
19,136,10.0
19,137,10.0
19,138,10.0
19,139,10.0
19,140,10.0
19,141,10.0
19,142,10.0
19,143,10.0
19,144,10.0
19,145,10.0
19,146,10.0
19,147,10.0
19,148,10.0
19,149,10.0
19,150,4.864499493820843
19,151,10.0
19,152,7.409087894735116
19,153,10.0
19,154,10.0
19,155,10.0
19,156,10.0
19,157,10.0
19,158,10.0
19,159,7.409087894735116
19,160,10.0
19,161,10.0
19,162,10.0
19,163,10.0
19,164,10.0
19,165,10.0
19,166,10.0
19,167,10.0
19,168,6.935587123051029
19,169,10.0
19,170,3.6533200919124234
19,171,10.0
19,172,10.0
19,173,2.4038810380796085
19,174,10.0
19,175,10.0
19,176,10.0
19,177,10.0
19,178,10.0
19,179,6.790786816920248
19,180,10.0
19,181,10.0
19,182,10.0
19,183,10.0
19,184,10.0
19,185,10.0
19,186,10.0
19,187,10.0
19,188,10.0
19,189,10.0
19,190,10.0
19,191,10.0
19,192,10.0
19,193,7.409087894735116
19,194,6.790786816920248
19,195,10.0
19,196,10.0
19,197,2.5923255064846713
19,198,10.0
19,199,10.0
19,200,10.0
19,201,2.4038810380796085
19,202,10.0
19,203,10.0
19,204,10.0
19,205,10.0
19,206,10.0
19,207,10.0
19,208,10.0
19,209,8.345657811471495
19,210,2.4038810380796085
19,211,7.421253743515614
19,212,10.0
19,213,10.0
19,214,10.0
19,215,10.0
19,216,10.0
19,217,10.0
19,218,10.0
19,219,10.0
19,220,2.4038810380796085
19,221,10.0
19,222,10.0
19,223,10.0
19,224,10.0
19,225,10.0
19,226,10.0
19,227,10.0
19,228,6.507665498155443
19,229,10.0
19,230,10.0
19,231,10.0
19,232,10.0
19,233,2.5923255064846713
19,234,10.0
19,235,10.0
19,236,10.0
19,237,10.0
19,238,9.828354588948002
19,239,10.0
19,240,2.4038810380796085
19,241,10.0
19,242,10.0
19,243,6.507665498155443
19,244,10.0
19,245,6.935587123051029
19,246,10.0
19,247,2.4038810380796085
19,248,10.0
19,249,10.0
19,250,10.0
19,251,10.0
19,252,1.7169960613849582
19,253,10.0
19,254,10.0
19,255,10.0
19,256,10.0
19,257,10.0
19,258,2.4038810380796085
19,259,10.0
19,260,10.0
19,261,2.4038810380796085
19,262,10.0
19,263,10.0
19,264,10.0
19,265,10.0
19,266,10.0
19,267,10.0
19,268,10.0
19,269,10.0
19,270,10.0
19,271,10.0
19,272,10.0
19,273,10.0
19,274,10.0
19,275,10.0
19,276,10.0
19,277,3.6533200919124234
19,278,10.0
19,279,10.0
19,280,5.2866442825150095
19,281,10.0
19,282,10.0
19,283,10.0
19,284,6.790786816920248
19,285,1.7398237086056103
19,286,10.0
19,287,10.0
19,288,10.0
19,289,10.0
19,290,10.0
19,291,10.0
19,292,10.0
19,293,10.0
19,294,10.0
19,295,10.0
19,296,10.0
19,297,10.0
19,298,10.0
19,299,10.0
19,300,6.507665498155443
19,301,8.345657811471495
19,302,10.0
19,303,10.0
19,304,10.0
19,305,10.0
19,306,10.0
19,307,10.0
19,308,6.935587123051029
19,309,10.0
19,310,10.0
19,311,10.0
19,312,10.0
19,313,10.0
19,314,10.0
19,315,6.507665498155443
19,316,10.0
19,317,10.0
19,318,10.0
19,319,10.0
19,320,10.0
19,321,10.0
19,322,10.0
19,323,10.0
19,324,10.0
19,325,10.0
20,0,10.0
20,1,10.0
20,2,10.0
20,3,8.455683215915512
20,4,10.0
20,5,10.0
20,6,10.0
20,7,1.4257912998779294
20,8,10.0
20,9,10.0
20,10,5.505553317235764
20,11,10.0
20,12,10.0
20,13,10.0
20,14,4.0024152997692735
20,15,10.0
20,16,10.0
20,17,1.7027976842399095
20,18,10.0
20,19,10.0
20,20,10.0
20,21,10.0
20,22,10.0
20,23,10.0
20,24,10.0
20,25,10.0
20,26,10.0
20,27,10.0
20,28,10.0
20,29,6.600103917164381
20,30,9.858892288512237
20,31,10.0
20,32,10.0
20,33,1.7027976842399095
20,34,10.0
20,35,10.0
20,36,10.0
20,37,10.0
20,38,10.0
20,39,10.0
20,40,3.7498257169826976
20,41,10.0
20,42,10.0
20,43,10.0
20,44,10.0
20,45,10.0
20,46,10.0
20,47,10.0
20,48,10.0
20,49,10.0
20,50,10.0
20,51,10.0
20,52,10.0
20,53,3.5867482180637813
20,54,10.0
20,55,10.0
20,56,10.0
20,57,10.0
20,58,10.0
20,59,10.0
20,60,10.0
20,61,6.70442461263399
20,62,5.505553317235764
20,63,5.555899129137711
20,64,10.0
20,65,10.0
20,66,3.2651817625404616
20,67,4.0024152997692735
20,68,10.0
20,69,10.0
20,70,10.0
20,71,10.0
20,72,10.0
20,73,10.0
20,74,10.0
20,75,3.7498257169826976
20,76,10.0
20,77,10.0
20,78,10.0
20,79,10.0
20,80,10.0
20,81,5.508057250463693
20,82,2.494449400194448
20,83,10.0
20,84,10.0
20,85,10.0
20,86,10.0
20,87,4.0024152997692735
20,88,10.0
20,89,10.0
20,90,10.0
20,91,10.0
20,92,10.0
20,93,10.0
20,94,10.0
20,95,10.0
20,96,1.7027976842399095
20,97,10.0
20,98,4.0024152997692735
20,99,10.0
20,100,10.0
20,101,10.0
20,102,10.0
20,103,10.0
20,104,9.869065420761196
20,105,10.0
20,106,10.0
20,107,10.0
20,108,10.0
20,109,10.0
20,110,10.0
20,111,10.0
20,112,5.508057250463693
20,113,10.0
20,114,10.0
20,115,4.0024152997692735
20,116,10.0
20,117,10.0
20,118,10.0
20,119,10.0
20,120,10.0
20,121,10.0
20,122,10.0
20,123,5.505553317235764
20,124,10.0
20,125,10.0
20,126,10.0
20,127,4.0024152997692735
20,128,2.494449400194448
20,129,10.0
20,130,2.2262349967961717
20,131,10.0
20,132,5.505553317235764
20,133,8.99710981686278
20,134,8.99710981686278
20,135,10.0
20,136,9.869065420761196
20,137,10.0
20,138,10.0
20,139,10.0
20,140,10.0
20,141,10.0
20,142,5.505553317235764
20,143,3.5867482180637813
20,144,10.0
20,145,10.0
20,146,10.0
20,147,10.0
20,148,10.0
20,149,10.0
20,150,10.0
20,151,5.508057250463693
20,152,4.0024152997692735
20,153,10.0
20,154,10.0
20,155,10.0
20,156,10.0
20,157,2.2262349967961717
20,158,10.0
20,159,10.0
20,160,0.010951403148528405
20,161,10.0
20,162,10.0
20,163,10.0
20,164,10.0
20,165,10.0
20,166,10.0
20,167,10.0
20,168,10.0
20,169,10.0
20,170,10.0
20,171,10.0
20,172,10.0
20,173,10.0
20,174,10.0
20,175,10.0
20,176,10.0
20,177,0.9905006524600674
20,178,10.0
20,179,10.0
20,180,10.0
20,181,10.0
20,182,4.0024152997692735
20,183,10.0
20,184,9.842941615987275
20,185,10.0
20,186,10.0
20,187,10.0
20,188,10.0
20,189,10.0
20,190,10.0
20,191,10.0
20,192,10.0
20,193,10.0
20,194,3.7498257169826976
20,195,10.0
20,196,10.0
20,197,10.0
20,198,1.4257912998779294
20,199,5.505553317235764
20,200,3.5867482180637813
20,201,10.0
20,202,10.0
20,203,10.0
20,204,10.0
20,205,10.0
20,206,10.0
20,207,10.0
20,208,7.6302653655135995
20,209,10.0
20,210,10.0
20,211,10.0
20,212,10.0
20,213,10.0
20,214,10.0
20,215,2.3104393196992556
20,216,10.0
20,217,10.0
20,218,10.0
20,219,1.7027976842399095
20,220,10.0
20,221,10.0
20,222,10.0
20,223,4.0024152997692735
20,224,9.869065420761196
20,225,10.0
20,226,10.0
20,227,10.0
20,228,10.0
20,229,10.0
20,230,10.0
20,231,10.0
20,232,10.0
20,233,10.0
20,234,10.0
20,235,10.0
20,236,10.0
20,237,4.0024152997692735
20,238,10.0
20,239,10.0
20,240,10.0
20,241,1.7027976842399095
20,242,10.0
20,243,10.0
20,244,10.0
20,245,10.0
20,246,10.0
20,247,10.0
20,248,3.5867482180637813
20,249,10.0
20,250,10.0
20,251,10.0
20,252,10.0
20,253,10.0
20,254,10.0
20,255,10.0
20,256,10.0
20,257,10.0
20,258,10.0
20,259,10.0
20,260,10.0
20,261,10.0
20,262,10.0
20,263,10.0
20,264,3.7498257169826976
20,265,10.0
20,266,10.0
20,267,10.0
20,268,10.0
20,269,10.0
20,270,10.0
20,271,10.0
20,272,10.0
20,273,2.3104393196992556
20,274,10.0
20,275,10.0
20,276,6.600103917164381
20,277,10.0
20,278,10.0
20,279,10.0
20,280,10.0
20,281,10.0
20,282,8.402076841801982
20,283,1.7027976842399095
20,284,10.0
20,285,10.0
20,286,10.0
20,287,10.0
20,288,10.0
20,289,10.0
20,290,10.0
20,291,10.0
20,292,3.7498257169826976
20,293,0.9905006524600674
20,294,10.0
20,295,10.0
20,296,4.0024152997692735
20,297,8.455683215915512
20,298,10.0
20,299,4.0024152997692735
20,300,10.0
20,301,10.0
20,302,10.0
20,303,10.0
20,304,10.0
20,305,5.505553317235764
20,306,10.0
20,307,10.0
20,308,10.0
20,309,10.0
20,310,10.0
20,311,10.0
20,312,10.0
20,313,10.0
20,314,10.0
20,315,10.0
20,316,10.0
20,317,5.505553317235764
20,318,10.0
20,319,10.0
20,320,10.0
20,321,3.7498257169826976
20,322,10.0
20,323,10.0
20,324,10.0
20,325,10.0
21,0,4.289426160935413
21,1,5.608154153288763
21,2,10.0
21,3,9.101108138774945
21,4,10.0
21,5,4.546416476169007
21,6,5.087756970186205
21,7,10.0
21,8,2.5550831407134513
21,9,3.8529105027010226
21,10,10.0
21,11,10.0
21,12,2.4395266771739315
21,13,10.0
21,14,10.0
21,15,10.0
21,16,10.0
21,17,10.0
21,18,10.0
21,19,10.0
21,20,10.0
21,21,10.0
21,22,10.0
21,23,10.0
21,24,10.0
21,25,10.0
21,26,5.087756970186205
21,27,10.0
21,28,10.0
21,29,10.0
21,30,10.0
21,31,10.0
21,32,10.0
21,33,10.0
21,34,3.8529105027010226
21,35,10.0
21,36,10.0
21,37,10.0
21,38,2.3947596801083724
21,39,10.0
21,40,10.0
21,41,10.0
21,42,10.0
21,43,2.3947596801083724
21,44,10.0
21,45,7.971012091973639
21,46,10.0
21,47,2.3947596801083724
21,48,10.0
21,49,4.289426160935413
21,50,10.0
21,51,10.0
21,52,10.0
21,53,10.0
21,54,10.0
21,55,4.289426160935413
21,56,2.3947596801083724
21,57,10.0
21,58,10.0
21,59,10.0
21,60,6.516545077436158
21,61,10.0
21,62,10.0
21,63,10.0
21,64,10.0
21,65,10.0
21,66,10.0
21,67,10.0
21,68,10.0
21,69,10.0
21,70,10.0
21,71,10.0
21,72,10.0
21,73,10.0
21,74,10.0
21,75,10.0
21,76,10.0
21,77,10.0
21,78,10.0
21,79,10.0
21,80,10.0
21,81,10.0
21,82,2.4395266771739315
21,83,7.068130394963549
21,84,8.882249427216426
21,85,10.0
21,86,10.0
21,87,7.068130394963549
21,88,10.0
21,89,5.2467403563395925
21,90,10.0
21,91,10.0
21,92,10.0
21,93,10.0
21,94,6.516545077436158
21,95,10.0
21,96,8.025004355589795
21,97,8.882249427216426
21,98,9.101108138774945
21,99,2.052027171855751
21,100,10.0
21,101,10.0
21,102,10.0
21,103,10.0
21,104,10.0
21,105,10.0
21,106,10.0
21,107,8.025004355589795
21,108,10.0
21,109,10.0
21,110,10.0
21,111,10.0
21,112,10.0
21,113,8.882249427216426
21,114,10.0
21,115,10.0
21,116,10.0
21,117,10.0
21,118,10.0
21,119,10.0
21,120,10.0
21,121,10.0
21,122,10.0
21,123,10.0
21,124,10.0
21,125,10.0
21,126,10.0
21,127,10.0
21,128,9.101108138774945
21,129,7.068130394963549
21,130,10.0
21,131,10.0
21,132,5.608154153288763
21,133,6.516545077436158
21,134,10.0
21,135,8.869446079299069
21,136,10.0
21,137,10.0
21,138,10.0
21,139,6.516545077436158
21,140,10.0
21,141,10.0
21,142,10.0
21,143,10.0
21,144,10.0
21,145,10.0
21,146,10.0
21,147,10.0
21,148,10.0
21,149,10.0
21,150,10.0
21,151,10.0
21,152,10.0
21,153,8.752489826008935
21,154,10.0
21,155,10.0
21,156,10.0
21,157,10.0
21,158,10.0
21,159,10.0
21,160,10.0
21,161,10.0
21,162,10.0
21,163,10.0
21,164,10.0
21,165,10.0
21,166,10.0
21,167,10.0
21,168,10.0
21,169,10.0
21,170,10.0
21,171,10.0
21,172,7.859982375833055
21,173,10.0
21,174,5.087756970186205
21,175,10.0
21,176,6.516545077436158
21,177,10.0
21,178,10.0
21,179,10.0
21,180,10.0
21,181,2.4395266771739315
21,182,10.0
21,183,10.0
21,184,10.0
21,185,10.0
21,186,2.3947596801083724
21,187,10.0
21,188,10.0
21,189,10.0
21,190,10.0
21,191,10.0
21,192,10.0
21,193,10.0
21,194,10.0
21,195,10.0
21,196,10.0
21,197,10.0
21,198,10.0
21,199,10.0
21,200,10.0
21,201,0.791076706519042
21,202,10.0
21,203,10.0
21,204,10.0
21,205,10.0
21,206,10.0
21,207,10.0
21,208,2.052027171855751
21,209,10.0
21,210,10.0
21,211,10.0
21,212,10.0
21,213,10.0
21,214,10.0
21,215,10.0
21,216,7.360556776103944
21,217,10.0
21,218,10.0
21,219,10.0
21,220,10.0
21,221,10.0
21,222,10.0
21,223,10.0
21,224,10.0
21,225,10.0
21,226,10.0
21,227,7.134096964573678
21,228,10.0
21,229,10.0
21,230,10.0
21,231,10.0
21,232,10.0
21,233,10.0
21,234,10.0
21,235,10.0
21,236,2.4395266771739315
21,237,2.4395266771739315
21,238,10.0
21,239,10.0
21,240,3.8529105027010226
21,241,2.4395266771739315
21,242,10.0
21,243,10.0
21,244,10.0
21,245,10.0
21,246,10.0
21,247,10.0
21,248,10.0
21,249,10.0
21,250,10.0
21,251,10.0
21,252,10.0
21,253,10.0
21,254,10.0
21,255,10.0
21,256,10.0
21,257,2.3947596801083724
21,258,10.0
21,259,10.0
21,260,10.0
21,261,10.0
21,262,10.0
21,263,10.0
21,264,10.0
21,265,8.882249427216426
21,266,10.0
21,267,10.0
21,268,10.0
21,269,10.0
21,270,10.0
21,271,10.0
21,272,10.0
21,273,10.0
21,274,6.727652320818443
21,275,10.0
21,276,10.0
21,277,10.0
21,278,10.0
21,279,10.0
21,280,10.0
21,281,10.0
21,282,10.0
21,283,10.0
21,284,8.025004355589795
21,285,10.0
21,286,10.0
21,287,10.0
21,288,10.0
21,289,10.0
21,290,10.0
21,291,10.0
21,292,10.0
21,293,10.0
21,294,10.0
21,295,8.595420963439054
21,296,10.0
21,297,6.516545077436158
21,298,10.0
21,299,8.752489826008935
21,300,10.0
21,301,10.0
21,302,10.0
21,303,10.0
21,304,10.0
21,305,10.0
21,306,10.0
21,307,10.0
21,308,10.0
21,309,10.0
21,310,10.0
21,311,10.0
21,312,10.0
21,313,10.0
21,314,10.0
21,315,10.0
21,316,10.0
21,317,8.025004355589795
21,318,8.882249427216426
21,319,8.025004355589795
21,320,10.0
21,321,10.0
21,322,10.0
21,323,10.0
21,324,10.0
21,325,10.0
22,0,10.0
22,1,10.0
22,2,10.0
22,3,10.0
22,4,10.0
22,5,10.0
22,6,8.503338804248566
22,7,10.0
22,8,10.0
22,9,10.0
22,10,0.13025830405070765
22,11,10.0
22,12,10.0
22,13,10.0
22,14,10.0
22,15,10.0
22,16,10.0
22,17,10.0
22,18,10.0
22,19,2.7591921421881813
22,20,10.0
22,21,8.503338804248566
22,22,10.0
22,23,10.0
22,24,10.0
22,25,10.0
22,26,10.0
22,27,10.0
22,28,10.0
22,29,10.0
22,30,10.0
22,31,10.0
22,32,10.0
22,33,10.0
22,34,10.0
22,35,10.0
22,36,0.13025830405070765
22,37,10.0
22,38,10.0
22,39,10.0
22,40,10.0
22,41,9.993269081822143
22,42,10.0
22,43,10.0
22,44,10.0
22,45,10.0
22,46,10.0
22,47,10.0
22,48,10.0
22,49,10.0
22,50,10.0
22,51,10.0
22,52,10.0
22,53,10.0
22,54,10.0
22,55,10.0
22,56,10.0
22,57,10.0
22,58,3.7526819882691496
22,59,10.0
22,60,7.145857569516728
22,61,10.0
22,62,10.0
22,63,10.0
22,64,10.0
22,65,10.0
22,66,9.993269081822143
22,67,6.05118438468016
22,68,10.0
22,69,10.0
22,70,10.0
22,71,10.0
22,72,10.0
22,73,10.0
22,74,10.0
22,75,10.0
22,76,10.0
22,77,10.0
22,78,10.0
22,79,10.0
22,80,10.0
22,81,10.0
22,82,10.0
22,83,1.9457720394625537
22,84,10.0
22,85,10.0
22,86,10.0
22,87,10.0
22,88,8.503338804248566
22,89,10.0
22,90,6.05118438468016
22,91,10.0
22,92,10.0
22,93,10.0
22,94,6.258481812884217
22,95,10.0
22,96,10.0
22,97,10.0
22,98,10.0
22,99,10.0
22,100,10.0
22,101,10.0
22,102,3.179583764204676
22,103,6.258481812884217
22,104,8.503338804248566
22,105,10.0
22,106,10.0
22,107,10.0
22,108,10.0
22,109,10.0
22,110,10.0
22,111,10.0
22,112,10.0
22,113,10.0
22,114,10.0
22,115,0.8562587692729425
22,116,10.0
22,117,10.0
22,118,10.0
22,119,10.0
22,120,10.0
22,121,10.0
22,122,10.0
22,123,10.0
22,124,8.60127627173091
22,125,10.0
22,126,10.0
22,127,10.0
22,128,10.0
22,129,10.0
22,130,10.0
22,131,10.0
22,132,10.0
22,133,10.0
22,134,10.0
22,135,10.0
22,136,8.121511838309027
22,137,10.0
22,138,10.0
22,139,10.0
22,140,10.0
22,141,10.0
22,142,10.0
22,143,9.993269081822143
22,144,10.0
22,145,10.0
22,146,10.0
22,147,10.0
22,148,10.0
22,149,4.694594410412987
22,150,10.0
22,151,10.0
22,152,10.0
22,153,1.557878679269575
22,154,10.0
22,155,10.0
22,156,10.0
22,157,10.0
22,158,10.0
22,159,10.0
22,160,10.0
22,161,10.0
22,162,10.0
22,163,10.0
22,164,10.0
22,165,10.0
22,166,10.0
22,167,1.557878679269575
22,168,10.0
22,169,0.8562587692729425
22,170,10.0
22,171,8.60127627173091
22,172,10.0
22,173,10.0
22,174,10.0
22,175,10.0
22,176,10.0
22,177,10.0
22,178,10.0
22,179,10.0
22,180,10.0
22,181,10.0
22,182,8.121511838309027
22,183,10.0
22,184,10.0
22,185,8.60127627173091
22,186,10.0
22,187,10.0
22,188,2.7591921421881813
22,189,10.0
22,190,10.0
22,191,9.528371612017324
22,192,10.0
22,193,10.0
22,194,7.391127245054285
22,195,10.0
22,196,10.0
22,197,8.503338804248566
22,198,4.694594410412987
22,199,10.0
22,200,10.0
22,201,10.0
22,202,10.0
22,203,10.0
22,204,10.0
22,205,10.0
22,206,10.0
22,207,10.0
22,208,10.0
22,209,10.0
22,210,2.7591921421881813
22,211,10.0
22,212,10.0
22,213,10.0
22,214,10.0
22,215,10.0
22,216,10.0
22,217,10.0
22,218,10.0
22,219,10.0
22,220,10.0
22,221,10.0
22,222,10.0
22,223,10.0
22,224,10.0
22,225,10.0
22,226,10.0
22,227,10.0
22,228,10.0
22,229,10.0
22,230,10.0
22,231,10.0
22,232,10.0
22,233,4.694594410412987
22,234,10.0
22,235,10.0
22,236,10.0
22,237,10.0
22,238,10.0
22,239,8.60127627173091
22,240,10.0
22,241,10.0
22,242,10.0
22,243,10.0
22,244,10.0
22,245,10.0
22,246,10.0
22,247,10.0
22,248,10.0
22,249,10.0
22,250,10.0
22,251,10.0
22,252,10.0
22,253,10.0
22,254,10.0
22,255,10.0
22,256,10.0
22,257,10.0
22,258,1.9390801946312548
22,259,10.0
22,260,10.0
22,261,10.0
22,262,6.258481812884217
22,263,10.0
22,264,10.0
22,265,10.0
22,266,10.0
22,267,10.0
22,268,10.0
22,269,10.0
22,270,9.993269081822143
22,271,10.0
22,272,10.0
22,273,10.0
22,274,10.0
22,275,10.0
22,276,8.503338804248566
22,277,10.0
22,278,10.0
22,279,10.0
22,280,0.13025830405070765
22,281,2.1221184432893008
22,282,8.60127627173091
22,283,8.503338804248566
22,284,10.0
22,285,10.0
22,286,10.0
22,287,10.0
22,288,10.0
22,289,10.0
22,290,10.0
22,291,10.0
22,292,10.0
22,293,8.60127627173091
22,294,10.0
22,295,10.0
22,296,10.0
22,297,10.0
22,298,10.0
22,299,10.0
22,300,10.0
22,301,10.0
22,302,10.0
22,303,10.0
22,304,10.0
22,305,10.0
22,306,10.0
22,307,10.0
22,308,10.0
22,309,10.0
22,310,10.0
22,311,10.0
22,312,10.0
22,313,10.0
22,314,10.0
22,315,10.0
22,316,8.503338804248566
22,317,10.0
22,318,10.0
22,319,10.0
22,320,10.0
22,321,10.0
22,322,10.0
22,323,9.993269081822143
22,324,10.0
22,325,10.0
23,0,10.0
23,1,10.0
23,2,10.0
23,3,10.0
23,4,10.0
23,5,10.0
23,6,4.955392834020038
23,7,10.0
23,8,10.0
23,9,4.754910946305616
23,10,10.0
23,11,10.0
23,12,10.0
23,13,10.0
23,14,10.0
23,15,2.713236716027409
23,16,10.0
23,17,10.0
23,18,10.0
23,19,10.0
23,20,10.0
23,21,10.0
23,22,10.0
23,23,10.0
23,24,10.0
23,25,10.0
23,26,3.0786175506788465
23,27,10.0
23,28,10.0
23,29,10.0
23,30,10.0
23,31,10.0
23,32,10.0
23,33,10.0
23,34,8.909190925468812
23,35,10.0
23,36,10.0
23,37,10.0
23,38,10.0
23,39,10.0
23,40,10.0
23,41,10.0
23,42,10.0
23,43,10.0
23,44,8.909190925468812
23,45,10.0
23,46,10.0
23,47,10.0
23,48,10.0
23,49,10.0
23,50,10.0
23,51,10.0
23,52,10.0
23,53,10.0
23,54,10.0
23,55,10.0
23,56,4.955392834020038
23,57,10.0
23,58,10.0
23,59,10.0
23,60,10.0
23,61,10.0
23,62,10.0
23,63,10.0
23,64,10.0
23,65,10.0
23,66,10.0
23,67,10.0
23,68,10.0
23,69,0.032604572616272066
23,70,10.0
23,71,10.0
23,72,9.847859645262629
23,73,3.0786175506788465
23,74,10.0
23,75,10.0
23,76,5.041797361581118
23,77,10.0
23,78,10.0
23,79,3.1208651104608327
23,80,10.0
23,81,10.0
23,82,10.0
23,83,10.0
23,84,0.032604572616272066
23,85,0.5069131807846197
23,86,3.0786175506788465
23,87,8.909190925468812
23,88,10.0
23,89,10.0
23,90,8.909190925468812
23,91,10.0
23,92,10.0
23,93,10.0
23,94,10.0
23,95,10.0
23,96,10.0
23,97,10.0
23,98,10.0
23,99,10.0
23,100,0.5069131807846197
23,101,10.0
23,102,10.0
23,103,10.0
23,104,10.0
23,105,10.0
23,106,10.0
23,107,10.0
23,108,10.0
23,109,3.0786175506788465
23,110,10.0
23,111,10.0
23,112,10.0
23,113,3.1208651104608327
23,114,10.0
23,115,10.0
23,116,10.0
23,117,10.0
23,118,10.0
23,119,10.0
23,120,10.0
23,121,3.0786175506788465
23,122,0.742931999624036
23,123,10.0
23,124,10.0
23,125,10.0
23,126,10.0
23,127,10.0
23,128,10.0
23,129,10.0
23,130,3.8158739440081333
23,131,10.0
23,132,10.0
23,133,10.0
23,134,10.0
23,135,10.0
23,136,10.0
23,137,10.0
23,138,10.0
23,139,10.0
23,140,10.0
23,141,10.0
23,142,10.0
23,143,10.0
23,144,10.0
23,145,3.0786175506788465
23,146,10.0
23,147,5.658961386043921
23,148,10.0
23,149,10.0
23,150,10.0
23,151,10.0
23,152,10.0
23,153,10.0
23,154,10.0
23,155,10.0
23,156,10.0
23,157,10.0
23,158,4.848513353314234
23,159,10.0
23,160,1.1615285409762102
23,161,10.0
23,162,10.0
23,163,4.955392834020038
23,164,8.909190925468812
23,165,10.0
23,166,10.0
23,167,10.0
23,168,10.0
23,169,10.0
23,170,10.0
23,171,10.0
23,172,10.0
23,173,10.0
23,174,10.0
23,175,10.0
23,176,7.9358591710826385
23,177,10.0
23,178,10.0
23,179,10.0
23,180,10.0
23,181,10.0
23,182,10.0
23,183,10.0
23,184,10.0
23,185,10.0
23,186,10.0
23,187,10.0
23,188,10.0
23,189,10.0
23,190,5.041797361581118
23,191,5.001680169498311
23,192,10.0
23,193,10.0
23,194,10.0
23,195,10.0
23,196,10.0
23,197,10.0
23,198,10.0
23,199,10.0
23,200,10.0
23,201,10.0
23,202,10.0
23,203,10.0
23,204,10.0
23,205,10.0
23,206,10.0
23,207,10.0
23,208,10.0
23,209,10.0
23,210,10.0
23,211,10.0
23,212,10.0
23,213,10.0
23,214,10.0
23,215,10.0
23,216,10.0
23,217,10.0
23,218,3.8158739440081333
23,219,10.0
23,220,10.0
23,221,10.0
23,222,10.0
23,223,10.0
23,224,10.0
23,225,10.0
23,226,10.0
23,227,10.0
23,228,10.0
23,229,8.909190925468812
23,230,10.0
23,231,10.0
23,232,10.0
23,233,10.0
23,234,10.0
23,235,10.0
23,236,10.0
23,237,10.0
23,238,10.0
23,239,10.0
23,240,10.0
23,241,10.0
23,242,10.0
23,243,10.0
23,244,5.041797361581118
23,245,10.0
23,246,10.0
23,247,10.0
23,248,10.0
23,249,10.0
23,250,3.0786175506788465
23,251,4.848513353314234
23,252,10.0
23,253,10.0
23,254,10.0
23,255,10.0
23,256,10.0
23,257,10.0
23,258,10.0
23,259,10.0
23,260,10.0
23,261,10.0
23,262,10.0
23,263,10.0
23,264,10.0
23,265,10.0
23,266,10.0
23,267,10.0
23,268,10.0
23,269,0.032604572616272066
23,270,10.0
23,271,10.0
23,272,10.0
23,273,10.0
23,274,10.0
23,275,10.0
23,276,3.1208651104608327
23,277,4.35825872171831
23,278,10.0
23,279,10.0
23,280,10.0
23,281,10.0
23,282,10.0
23,283,10.0
23,284,10.0
23,285,10.0
23,286,10.0
23,287,10.0
23,288,10.0
23,289,10.0
23,290,10.0
23,291,10.0
23,292,10.0
23,293,10.0
23,294,10.0
23,295,10.0
23,296,10.0
23,297,10.0
23,298,10.0
23,299,10.0
23,300,10.0
23,301,10.0
23,302,9.847859645262629
23,303,10.0
23,304,10.0
23,305,0.08372406355072406
23,306,10.0
23,307,10.0
23,308,10.0
23,309,5.041797361581118
23,310,10.0
23,311,10.0
23,312,10.0
23,313,8.909190925468812
23,314,10.0
23,315,10.0
23,316,10.0
23,317,10.0
23,318,10.0
23,319,10.0
23,320,10.0
23,321,10.0
23,322,10.0
23,323,10.0
23,324,10.0
23,325,10.0
24,0,10.0
24,1,5.828336788241377
24,2,0.10282529871956075
24,3,10.0
24,4,10.0
24,5,10.0
24,6,10.0
24,7,10.0
24,8,10.0
24,9,10.0
24,10,10.0
24,11,10.0
24,12,2.0010801001743794
24,13,10.0
24,14,10.0
24,15,10.0
24,16,10.0
24,17,10.0
24,18,10.0
24,19,10.0
24,20,10.0
24,21,10.0
24,22,10.0
24,23,10.0
24,24,10.0
24,25,10.0
24,26,10.0
24,27,10.0
24,28,6.421927399137403
24,29,1.7914901755168868
24,30,10.0
24,31,10.0
24,32,10.0
24,33,10.0
24,34,10.0
24,35,10.0
24,36,10.0
24,37,0.16146802313584505
24,38,10.0
24,39,9.411378393157028
24,40,6.190397930026672
24,41,10.0
24,42,8.373119926189139
24,43,10.0
24,44,10.0
24,45,10.0
24,46,10.0
24,47,10.0
24,48,10.0
24,49,10.0
24,50,10.0
24,51,10.0
24,52,10.0
24,53,10.0
24,54,10.0
24,55,10.0
24,56,10.0
24,57,10.0
24,58,10.0
24,59,10.0
24,60,10.0
24,61,10.0
24,62,10.0
24,63,10.0
24,64,10.0
24,65,10.0
24,66,10.0
24,67,10.0
24,68,2.471800921298434
24,69,10.0
24,70,0.10282529871956075
24,71,10.0
24,72,10.0
24,73,10.0
24,74,10.0
24,75,10.0
24,76,10.0
24,77,10.0
24,78,10.0
24,79,10.0
24,80,10.0
24,81,10.0
24,82,10.0
24,83,10.0
24,84,10.0
24,85,10.0
24,86,10.0
24,87,10.0
24,88,10.0
24,89,8.373119926189139
24,90,10.0
24,91,4.045222990353638
24,92,10.0
24,93,10.0
24,94,10.0
24,95,10.0
24,96,10.0
24,97,10.0
24,98,10.0
24,99,10.0
24,100,10.0
24,101,10.0
24,102,10.0
24,103,10.0
24,104,10.0
24,105,1.762714062748641
24,106,10.0
24,107,10.0
24,108,3.07726212942096
24,109,10.0
24,110,10.0
24,111,10.0
24,112,10.0
24,113,10.0
24,114,10.0
24,115,5.2881982352865595
24,116,10.0
24,117,4.9149696393444025
24,118,3.8298213648385624
24,119,10.0
24,120,2.0010801001743794
24,121,10.0
24,122,10.0
24,123,10.0
24,124,10.0
24,125,10.0
24,126,8.643747679969595
24,127,10.0
24,128,10.0
24,129,0.10282529871956075
24,130,10.0
24,131,10.0
24,132,10.0
24,133,10.0
24,134,10.0
24,135,10.0
24,136,10.0
24,137,10.0
24,138,10.0
24,139,10.0
24,140,10.0
24,141,10.0
24,142,10.0
24,143,10.0
24,144,10.0
24,145,10.0
24,146,10.0
24,147,10.0
24,148,10.0
24,149,10.0
24,150,10.0
24,151,10.0
24,152,10.0
24,153,10.0
24,154,10.0
24,155,2.0010801001743794
24,156,1.326589364677761
24,157,10.0
24,158,10.0
24,159,10.0
24,160,10.0
24,161,0.16146802313584505
24,162,10.0
24,163,10.0
24,164,10.0
24,165,10.0
24,166,10.0
24,167,8.55101003188748
24,168,10.0
24,169,10.0
24,170,10.0
24,171,10.0
24,172,10.0
24,173,10.0
24,174,0.10282529871956075
24,175,10.0
24,176,3.07726212942096
24,177,10.0
24,178,6.421927399137403
24,179,10.0
24,180,10.0
24,181,10.0
24,182,10.0
24,183,10.0
24,184,10.0
24,185,10.0
24,186,10.0
24,187,10.0
24,188,10.0
24,189,10.0
24,190,10.0
24,191,10.0
24,192,3.07726212942096
24,193,10.0
24,194,10.0
24,195,10.0
24,196,10.0
24,197,6.190397930026672
24,198,10.0
24,199,10.0
24,200,10.0
24,201,0.16146802313584505
24,202,10.0
24,203,10.0
24,204,5.2881982352865595
24,205,10.0
24,206,4.3299268044424775
24,207,10.0
24,208,10.0
24,209,10.0
24,210,10.0
24,211,10.0
24,212,10.0
24,213,10.0
24,214,10.0
24,215,10.0
24,216,10.0
24,217,10.0
24,218,10.0
24,219,10.0
24,220,10.0
24,221,10.0
24,222,10.0
24,223,10.0
24,224,10.0
24,225,10.0
24,226,10.0
24,227,10.0
24,228,3.07726212942096
24,229,10.0
24,230,10.0
24,231,10.0
24,232,10.0
24,233,10.0
24,234,10.0
24,235,10.0
24,236,9.411378393157028
24,237,10.0
24,238,10.0
24,239,10.0
24,240,10.0
24,241,10.0
24,242,10.0
24,243,10.0
24,244,10.0
24,245,10.0
24,246,10.0
24,247,10.0
24,248,0.10282529871956075
24,249,6.421927399137403
24,250,10.0
24,251,10.0
24,252,10.0
24,253,10.0
24,254,10.0
24,255,10.0
24,256,10.0
24,257,10.0
24,258,10.0
24,259,10.0
24,260,10.0
24,261,10.0
24,262,10.0
24,263,10.0
24,264,9.411378393157028
24,265,10.0
24,266,10.0
24,267,10.0
24,268,2.4624991399883207
24,269,10.0
24,270,10.0
24,271,10.0
24,272,0.10282529871956075
24,273,10.0
24,274,10.0
24,275,10.0
24,276,10.0
24,277,10.0
24,278,10.0
24,279,10.0
24,280,10.0
24,281,10.0
24,282,10.0
24,283,10.0
24,284,10.0
24,285,7.54502291255704
24,286,10.0
24,287,10.0
24,288,10.0
24,289,10.0
24,290,10.0
24,291,10.0
24,292,10.0
24,293,10.0
24,294,10.0
24,295,10.0
24,296,10.0
24,297,10.0
24,298,10.0
24,299,10.0
24,300,10.0
24,301,10.0
24,302,6.421927399137403
24,303,10.0
24,304,10.0
24,305,3.07726212942096
24,306,10.0
24,307,10.0
24,308,10.0
24,309,10.0
24,310,10.0
24,311,0.10282529871956075
24,312,10.0
24,313,10.0
24,314,10.0
24,315,7.587435336194367
24,316,10.0
24,317,10.0
24,318,10.0
24,319,10.0
24,320,10.0
24,321,4.3299268044424775
24,322,10.0
24,323,4.3299268044424775
24,324,10.0
24,325,10.0
25,0,10.0
25,1,10.0
25,2,10.0
25,3,10.0
25,4,10.0
25,5,10.0
25,6,10.0
25,7,10.0
25,8,6.391946193158927
25,9,10.0
25,10,0.23445975126364052
25,11,10.0
25,12,10.0
25,13,10.0
25,14,10.0
25,15,10.0
25,16,10.0
25,17,10.0
25,18,0.23445975126364052
25,19,10.0
25,20,10.0
25,21,10.0
25,22,10.0
25,23,10.0
25,24,10.0
25,25,10.0
25,26,10.0
25,27,10.0
25,28,10.0
25,29,6.391946193158927
25,30,10.0
25,31,10.0
25,32,10.0
25,33,10.0
25,34,10.0
25,35,6.391946193158927
25,36,10.0
25,37,10.0
25,38,10.0
25,39,10.0
25,40,10.0
25,41,10.0
25,42,10.0
25,43,10.0
25,44,10.0
25,45,10.0
25,46,10.0
25,47,6.375511679731184
25,48,10.0
25,49,10.0
25,50,10.0
25,51,10.0
25,52,10.0
25,53,10.0
25,54,10.0
25,55,10.0
25,56,10.0
25,57,10.0
25,58,10.0
25,59,10.0
25,60,10.0
25,61,10.0
25,62,10.0
25,63,10.0
25,64,8.207328627342536
25,65,10.0
25,66,10.0
25,67,10.0
25,68,10.0
25,69,10.0
25,70,10.0
25,71,10.0
25,72,9.561325941700813
25,73,10.0
25,74,10.0
25,75,10.0
25,76,9.312573895759616
25,77,10.0
25,78,10.0
25,79,10.0
25,80,6.1647271166431254
25,81,9.312573895759616
25,82,10.0
25,83,10.0
25,84,10.0
25,85,10.0
25,86,10.0
25,87,10.0
25,88,10.0
25,89,10.0
25,90,6.391946193158927
25,91,10.0
25,92,8.859591186708753
25,93,10.0
25,94,10.0
25,95,2.1304997338239984
25,96,10.0
25,97,10.0
25,98,10.0
25,99,10.0
25,100,10.0
25,101,10.0
25,102,10.0
25,103,3.1337223101740257
25,104,10.0
25,105,10.0
25,106,5.153155831743582
25,107,10.0
25,108,10.0
25,109,10.0
25,110,10.0
25,111,10.0
25,112,10.0
25,113,10.0
25,114,6.468112772145026
25,115,10.0
25,116,10.0
25,117,10.0
25,118,10.0
25,119,10.0
25,120,9.561325941700813
25,121,10.0
25,122,10.0
25,123,10.0
25,124,10.0
25,125,10.0
25,126,10.0
25,127,10.0
25,128,10.0
25,129,0.16077420259909886
25,130,10.0
25,131,10.0
25,132,10.0
25,133,10.0
25,134,10.0
25,135,10.0
25,136,10.0
25,137,10.0
25,138,10.0
25,139,10.0
25,140,8.218096051316753
25,141,0.23445975126364052
25,142,10.0
25,143,10.0
25,144,10.0
25,145,10.0
25,146,10.0
25,147,10.0
25,148,10.0
25,149,10.0
25,150,10.0
25,151,10.0
25,152,10.0
25,153,10.0
25,154,10.0
25,155,10.0
25,156,6.375511679731184
25,157,0.16077420259909886
25,158,10.0
25,159,10.0
25,160,10.0
25,161,2.1304997338239984
25,162,10.0
25,163,10.0
25,164,10.0
25,165,10.0
25,166,10.0
25,167,6.468112772145026
25,168,10.0
25,169,10.0
25,170,10.0
25,171,5.153155831743582
25,172,10.0
25,173,10.0
25,174,10.0
25,175,10.0
25,176,8.207328627342536
25,177,6.391946193158927
25,178,10.0
25,179,10.0
25,180,1.7296136605364116
25,181,10.0
25,182,10.0
25,183,10.0
25,184,10.0
25,185,10.0
25,186,10.0
25,187,5.286120496104482
25,188,10.0
25,189,10.0
25,190,10.0
25,191,10.0
25,192,1.0782723438945552
25,193,10.0
25,194,10.0
25,195,10.0
25,196,5.3062020667084955
25,197,10.0
25,198,10.0
25,199,10.0
25,200,6.1647271166431254
25,201,3.1337223101740257
25,202,10.0
25,203,1.3539659018873629
25,204,6.1647271166431254
25,205,10.0
25,206,10.0
25,207,10.0
25,208,10.0
25,209,10.0
25,210,10.0
25,211,10.0
25,212,10.0
25,213,10.0
25,214,8.599789374182075
25,215,10.0
25,216,6.1647271166431254
25,217,10.0
25,218,10.0
25,219,10.0
25,220,10.0
25,221,0.14982520689132578
25,222,5.153155831743582
25,223,10.0
25,224,10.0
25,225,10.0
25,226,8.207328627342536
25,227,8.312450206584675
25,228,10.0
25,229,10.0
25,230,10.0
25,231,10.0
25,232,10.0
25,233,5.3062020667084955
25,234,10.0
25,235,10.0
25,236,10.0
25,237,10.0
25,238,10.0
25,239,10.0
25,240,10.0
25,241,5.480457734820654
25,242,10.0
25,243,10.0
25,244,10.0
25,245,10.0
25,246,10.0
25,247,10.0
25,248,10.0
25,249,6.391946193158927
25,250,10.0
25,251,10.0
25,252,10.0
25,253,10.0
25,254,1.0585512437139106
25,255,10.0
25,256,10.0
25,257,10.0
25,258,10.0
25,259,10.0
25,260,10.0
25,261,10.0
25,262,10.0
25,263,10.0
25,264,10.0
25,265,10.0
25,266,10.0
25,267,10.0
25,268,10.0
25,269,10.0
25,270,10.0
25,271,10.0
25,272,10.0
25,273,10.0
25,274,10.0
25,275,10.0
25,276,10.0
25,277,10.0
25,278,10.0
25,279,10.0
25,280,10.0
25,281,10.0
25,282,9.312573895759616
25,283,10.0
25,284,10.0
25,285,10.0
25,286,10.0
25,287,10.0
25,288,1.7296136605364116
25,289,10.0
25,290,3.1337223101740257
25,291,10.0
25,292,10.0
25,293,10.0
25,294,1.7296136605364116
25,295,10.0
25,296,10.0
25,297,10.0
25,298,10.0
25,299,10.0
25,300,10.0
25,301,10.0
25,302,10.0
25,303,10.0
25,304,8.599789374182075
25,305,10.0
25,306,10.0
25,307,10.0
25,308,10.0
25,309,10.0
25,310,10.0
25,311,10.0
25,312,10.0
25,313,10.0
25,314,5.5900983078454445
25,315,10.0
25,316,10.0
25,317,10.0
25,318,10.0
25,319,6.1647271166431254
25,320,10.0
25,321,10.0
25,322,10.0
25,323,10.0
25,324,10.0
25,325,9.59825090130413
26,0,10.0
26,1,10.0
26,2,10.0
26,3,10.0
26,4,10.0
26,5,10.0
26,6,10.0
26,7,3.8207886561773865
26,8,0.4085752908299064
26,9,9.674328019660011
26,10,3.8207886561773865
26,11,9.404415191034326
26,12,10.0
26,13,10.0
26,14,10.0
26,15,10.0
26,16,10.0
26,17,10.0
26,18,0.3205938140006507
26,19,10.0
26,20,10.0
26,21,10.0
26,22,10.0
26,23,10.0
26,24,10.0
26,25,10.0
26,26,1.1248964825754508
26,27,8.573796828275437
26,28,10.0
26,29,10.0
26,30,10.0
26,31,10.0
26,32,10.0
26,33,10.0
26,34,10.0
26,35,10.0
26,36,10.0
26,37,10.0
26,38,10.0
26,39,3.1329387530409796
26,40,10.0
26,41,10.0
26,42,10.0
26,43,10.0
26,44,10.0
26,45,10.0
26,46,10.0
26,47,10.0
26,48,10.0
26,49,10.0
26,50,10.0
26,51,10.0
26,52,10.0
26,53,10.0
26,54,10.0
26,55,10.0
26,56,9.465517581976316
26,57,10.0
26,58,10.0
26,59,10.0
26,60,10.0
26,61,10.0
26,62,10.0
26,63,10.0
26,64,10.0
26,65,10.0
26,66,10.0
26,67,10.0
26,68,10.0
26,69,6.727325334611409
26,70,10.0
26,71,10.0
26,72,10.0
26,73,10.0
26,74,10.0
26,75,6.727325334611409
26,76,10.0
26,77,10.0
26,78,3.8207886561773865
26,79,10.0
26,80,10.0
26,81,10.0
26,82,10.0
26,83,7.374060865421748
26,84,5.673764486020276
26,85,5.295198391042301
26,86,10.0
26,87,10.0
26,88,10.0
26,89,10.0
26,90,10.0
26,91,10.0
26,92,10.0
26,93,10.0
26,94,10.0
26,95,10.0
26,96,3.8207886561773865
26,97,10.0
26,98,10.0
26,99,10.0
26,100,10.0
26,101,10.0
26,102,10.0
26,103,6.745812468113503
26,104,10.0
26,105,10.0
26,106,10.0
26,107,6.745812468113503
26,108,6.727325334611409
26,109,10.0
26,110,1.1248964825754508
26,111,10.0
26,112,2.035001559115618
26,113,10.0
26,114,6.994256317108752
26,115,10.0
26,116,10.0
26,117,10.0
26,118,2.2268688434752018
26,119,10.0
26,120,0.11687851185876312
26,121,10.0
26,122,10.0
26,123,10.0
26,124,10.0
26,125,10.0
26,126,10.0
26,127,6.994256317108752
26,128,10.0
26,129,2.035001559115618
26,130,10.0
26,131,0.9940517755613376
26,132,10.0
26,133,10.0
26,134,10.0
26,135,10.0
26,136,10.0
26,137,10.0
26,138,4.991580589939272
26,139,3.6720861074426554
26,140,10.0
26,141,10.0
26,142,10.0
26,143,10.0
26,144,10.0
26,145,2.2268688434752018
26,146,10.0
26,147,10.0
26,148,10.0
26,149,10.0
26,150,10.0
26,151,10.0
26,152,10.0
26,153,10.0
26,154,9.404415191034326
26,155,10.0
26,156,10.0
26,157,10.0
26,158,10.0
26,159,2.2268688434752018
26,160,10.0
26,161,10.0
26,162,5.295198391042301
26,163,10.0
26,164,10.0
26,165,10.0
26,166,2.035001559115618
26,167,10.0
26,168,10.0
26,169,10.0
26,170,6.6243047681917755
26,171,9.404415191034326
26,172,10.0
26,173,10.0
26,174,10.0
26,175,10.0
26,176,10.0
26,177,10.0
26,178,9.717423698384723
26,179,10.0
26,180,10.0
26,181,10.0
26,182,10.0
26,183,10.0
26,184,2.2268688434752018
26,185,10.0
26,186,10.0
26,187,10.0
26,188,10.0
26,189,10.0
26,190,10.0
26,191,10.0
26,192,10.0
26,193,0.19522677114109546
26,194,3.1329387530409796
26,195,10.0
26,196,10.0
26,197,10.0
26,198,10.0
26,199,10.0
26,200,10.0
26,201,6.6243047681917755
26,202,10.0
26,203,10.0
26,204,10.0
26,205,10.0
26,206,3.8207886561773865
26,207,10.0
26,208,10.0
26,209,10.0
26,210,10.0
26,211,10.0
26,212,10.0
26,213,10.0
26,214,10.0
26,215,10.0
26,216,10.0
26,217,10.0
26,218,10.0
26,219,10.0
26,220,10.0
26,221,10.0
26,222,10.0
26,223,10.0
26,224,10.0
26,225,10.0
26,226,6.4999827845701095
26,227,10.0
26,228,10.0
26,229,10.0
26,230,10.0
26,231,10.0
26,232,10.0
26,233,10.0
26,234,10.0
26,235,10.0
26,236,10.0
26,237,6.6243047681917755
26,238,3.8207886561773865
26,239,10.0
26,240,0.9940517755613376
26,241,10.0
26,242,6.745812468113503
26,243,10.0
26,244,10.0
26,245,10.0
26,246,9.674328019660011
26,247,10.0
26,248,10.0
26,249,3.6720861074426554
26,250,10.0
26,251,10.0
26,252,10.0
26,253,10.0
26,254,10.0
26,255,10.0
26,256,10.0
26,257,4.607151052660852
26,258,10.0
26,259,10.0
26,260,10.0
26,261,10.0
26,262,10.0
26,263,5.295198391042301
26,264,3.8207886561773865
26,265,2.035001559115618
26,266,10.0
26,267,10.0
26,268,6.6243047681917755
26,269,10.0
26,270,10.0
26,271,6.994256317108752
26,272,10.0
26,273,10.0
26,274,10.0
26,275,6.570646849748441
26,276,10.0
26,277,10.0
26,278,0.9940517755613376
26,279,10.0
26,280,10.0
26,281,10.0
26,282,1.1248964825754508
26,283,10.0
26,284,9.21374830291735
26,285,10.0
26,286,1.1248964825754508
26,287,10.0
26,288,10.0
26,289,9.674328019660011
26,290,10.0
26,291,10.0
26,292,10.0
26,293,10.0
26,294,10.0
26,295,10.0
26,296,8.333544725513276
26,297,10.0
26,298,6.572070659983446
26,299,10.0
26,300,10.0
26,301,10.0
26,302,10.0
26,303,10.0
26,304,1.1248964825754508
26,305,9.404415191034326
26,306,10.0
26,307,1.0174631874167448
26,308,2.0688596082892814
26,309,10.0
26,310,6.6243047681917755
26,311,0.9940517755613376
26,312,10.0
26,313,10.0
26,314,10.0
26,315,1.1248964825754508
26,316,9.674328019660011
26,317,4.607151052660852
26,318,10.0
26,319,10.0
26,320,2.2268688434752018
26,321,5.295198391042301
26,322,10.0
26,323,6.727325334611409
26,324,10.0
26,325,10.0
27,0,10.0
27,1,10.0
27,2,10.0
27,3,7.892070808223103
27,4,10.0
27,5,10.0
27,6,10.0
27,7,0.9930119476934302
27,8,10.0
27,9,10.0
27,10,8.571648079920397
27,11,10.0
27,12,3.170655296001207
27,13,10.0
27,14,10.0
27,15,2.0055124968055478
27,16,10.0
27,17,10.0
27,18,10.0
27,19,10.0
27,20,6.653207699183555
27,21,5.726037210141309
27,22,10.0
27,23,10.0
27,24,10.0
27,25,10.0
27,26,10.0
27,27,10.0
27,28,10.0
27,29,10.0
27,30,2.0055124968055478
27,31,10.0
27,32,10.0
27,33,10.0
27,34,10.0
27,35,10.0
27,36,6.653207699183555
27,37,10.0
27,38,10.0
27,39,9.96647258383952
27,40,10.0
27,41,1.2381366949074273
27,42,10.0
27,43,10.0
27,44,10.0
27,45,10.0
27,46,10.0
27,47,10.0
27,48,10.0
27,49,9.839384738795978
27,50,10.0
27,51,1.1346522409047715
27,52,2.0763398813903047
27,53,10.0
27,54,10.0
27,55,10.0
27,56,10.0
27,57,10.0
27,58,10.0
27,59,10.0
27,60,10.0
27,61,10.0
27,62,10.0
27,63,10.0
27,64,10.0
27,65,10.0
27,66,1.91132503547671
27,67,10.0
27,68,10.0
27,69,10.0
27,70,2.1237653577409366
27,71,1.91132503547671
27,72,10.0
27,73,10.0
27,74,0.9930119476934302
27,75,1.7417716208526925
27,76,10.0
27,77,10.0
27,78,10.0
27,79,5.200386472041808
27,80,10.0
27,81,10.0
27,82,10.0
27,83,10.0
27,84,10.0
27,85,10.0
27,86,10.0
27,87,10.0
27,88,10.0
27,89,10.0
27,90,10.0
27,91,10.0
27,92,10.0
27,93,10.0
27,94,10.0
27,95,2.0763398813903047
27,96,10.0
27,97,10.0
27,98,10.0
27,99,10.0
27,100,10.0
27,101,10.0
27,102,10.0
27,103,10.0
27,104,2.0763398813903047
27,105,10.0
27,106,10.0
27,107,10.0
27,108,10.0
27,109,10.0
27,110,10.0
27,111,8.571648079920397
27,112,10.0
27,113,2.0763398813903047
27,114,10.0
27,115,10.0
27,116,10.0
27,117,10.0
27,118,10.0
27,119,10.0
27,120,10.0
27,121,10.0
27,122,10.0
27,123,10.0
27,124,10.0
27,125,10.0
27,126,10.0
27,127,0.9930119476934302
27,128,6.873876352859246
27,129,10.0
27,130,10.0
27,131,10.0
27,132,9.08621668469424
27,133,10.0
27,134,10.0
27,135,10.0
27,136,4.696965862075839
27,137,6.400230173274568
27,138,1.1346522409047715
27,139,10.0
27,140,9.839384738795978
27,141,10.0
27,142,10.0
27,143,10.0
27,144,10.0
27,145,10.0
27,146,6.400230173274568
27,147,10.0
27,148,10.0
27,149,9.18256655904948
27,150,9.96647258383952
27,151,10.0
27,152,10.0
27,153,10.0
27,154,10.0
27,155,10.0
27,156,2.0763398813903047
27,157,10.0
27,158,10.0
27,159,10.0
27,160,10.0
27,161,10.0
27,162,7.944422135236883
27,163,10.0
27,164,10.0
27,165,10.0
27,166,10.0
27,167,10.0
27,168,10.0
27,169,10.0
27,170,2.4750050969798227
27,171,10.0
27,172,9.08621668469424
27,173,10.0
27,174,10.0
27,175,0.7601308190389972
27,176,10.0
27,177,1.1346522409047715
27,178,10.0
27,179,10.0
27,180,10.0
27,181,10.0
27,182,10.0
27,183,3.7453611594799017
27,184,10.0
27,185,1.2381366949074273
27,186,10.0
27,187,10.0
27,188,10.0
27,189,2.0055124968055478
27,190,2.0763398813903047
27,191,5.200386472041808
27,192,10.0
27,193,10.0
27,194,10.0
27,195,10.0
27,196,10.0
27,197,10.0
27,198,10.0
27,199,10.0
27,200,10.0
27,201,10.0
27,202,5.49125460246607
27,203,10.0
27,204,9.839384738795978
27,205,10.0
27,206,10.0
27,207,10.0
27,208,1.2381366949074273
27,209,10.0
27,210,10.0
27,211,10.0
27,212,10.0
27,213,10.0
27,214,10.0
27,215,10.0
27,216,10.0
27,217,10.0
27,218,1.2381366949074273
27,219,10.0
27,220,10.0
27,221,10.0
27,222,10.0
27,223,5.8674609194461596
27,224,10.0
27,225,10.0
27,226,10.0
27,227,10.0
27,228,5.8674609194461596
27,229,10.0
27,230,10.0
27,231,10.0
27,232,9.364872318480888
27,233,10.0
27,234,1.2381366949074273
27,235,3.170655296001207
27,236,10.0
27,237,10.0
27,238,4.4462438845050825
27,239,10.0
27,240,10.0
27,241,10.0
27,242,10.0
27,243,7.9780322694226555
27,244,10.0
27,245,1.91132503547671
27,246,10.0
27,247,10.0
27,248,10.0
27,249,10.0
27,250,10.0
27,251,3.170655296001207
27,252,5.763058414848445
27,253,9.839384738795978
27,254,10.0
27,255,10.0
27,256,10.0
27,257,10.0
27,258,10.0
27,259,10.0
27,260,1.91132503547671
27,261,10.0
27,262,1.91132503547671
27,263,6.400230173274568
27,264,10.0
27,265,10.0
27,266,10.0
27,267,10.0
27,268,8.614722984090204
27,269,6.400230173274568
27,270,10.0
27,271,10.0
27,272,10.0
27,273,10.0
27,274,5.49125460246607
27,275,2.1237653577409366
27,276,10.0
27,277,10.0
27,278,10.0
27,279,9.839384738795978
27,280,10.0
27,281,10.0
27,282,10.0
27,283,9.839384738795978
27,284,10.0
27,285,10.0
27,286,10.0
27,287,10.0
27,288,10.0
27,289,10.0
27,290,5.200386472041808
27,291,10.0
27,292,10.0
27,293,2.0763398813903047
27,294,10.0
27,295,10.0
27,296,10.0
27,297,10.0
27,298,10.0
27,299,10.0
27,300,6.400230173274568
27,301,10.0
27,302,10.0
27,303,10.0
27,304,10.0
27,305,10.0
27,306,10.0
27,307,10.0
27,308,10.0
27,309,10.0
27,310,10.0
27,311,10.0
27,312,10.0
27,313,10.0
27,314,5.896849518966396
27,315,10.0
27,316,6.2128883931462555
27,317,7.892070808223103
27,318,10.0
27,319,10.0
27,320,10.0
27,321,10.0
27,322,10.0
27,323,10.0
27,324,10.0
27,325,10.0
28,0,10.0
28,1,10.0
28,2,10.0
28,3,10.0
28,4,10.0
28,5,10.0
28,6,10.0
28,7,10.0
28,8,10.0
28,9,10.0
28,10,3.409277772616642
28,11,8.915197445505887
28,12,4.938624563198729
28,13,8.63334860668194
28,14,10.0
28,15,10.0
28,16,10.0
28,17,10.0
28,18,10.0
28,19,10.0
28,20,10.0
28,21,10.0
28,22,4.938624563198729
28,23,10.0
28,24,10.0
28,25,10.0
28,26,10.0
28,27,3.409277772616642
28,28,10.0
28,29,2.8870158275645275
28,30,10.0
28,31,10.0
28,32,10.0
28,33,10.0
28,34,10.0
28,35,8.80884211774329
28,36,10.0
28,37,10.0
28,38,10.0
28,39,10.0
28,40,10.0
28,41,2.8870158275645275
28,42,10.0
28,43,10.0
28,44,5.262723551449444
28,45,10.0
28,46,8.80884211774329
28,47,6.9349528740383395
28,48,10.0
28,49,10.0
28,50,8.690114387872852
28,51,5.899099790049167
28,52,10.0
28,53,10.0
28,54,10.0
28,55,9.636932306207646
28,56,10.0
28,57,10.0
28,58,10.0
28,59,5.330430777790925
28,60,10.0
28,61,5.262723551449444
28,62,2.8870158275645275
28,63,10.0
28,64,10.0
28,65,6.59019625115846
28,66,5.899099790049167
28,67,10.0
28,68,10.0
28,69,10.0
28,70,10.0
28,71,10.0
28,72,10.0
28,73,10.0
28,74,2.8870158275645275
28,75,4.938624563198729
28,76,10.0
28,77,10.0
28,78,10.0
28,79,10.0
28,80,10.0
28,81,10.0
28,82,10.0
28,83,10.0
28,84,10.0
28,85,10.0
28,86,3.188646675725093
28,87,10.0
28,88,10.0
28,89,10.0
28,90,2.8870158275645275
28,91,10.0
28,92,10.0
28,93,10.0
28,94,10.0
28,95,5.899099790049167
28,96,10.0
28,97,10.0
28,98,10.0
28,99,10.0
28,100,10.0
28,101,8.80884211774329
28,102,0.9484746716941513
28,103,8.690114387872852
28,104,10.0
28,105,10.0
28,106,10.0
28,107,10.0
28,108,5.273089124997222
28,109,10.0
28,110,10.0
28,111,10.0
28,112,1.9508968373181956
28,113,10.0
28,114,8.80884211774329
28,115,10.0
28,116,10.0
28,117,10.0
28,118,10.0
28,119,10.0
28,120,2.9231303875363865
28,121,10.0
28,122,10.0
28,123,10.0
28,124,10.0
28,125,10.0
28,126,4.938624563198729
28,127,5.532417912005811
28,128,0.9484746716941513
28,129,5.262723551449444
28,130,10.0
28,131,10.0
28,132,10.0
28,133,10.0
28,134,10.0
28,135,10.0
28,136,10.0
28,137,10.0
28,138,10.0
28,139,8.80884211774329
28,140,10.0
28,141,10.0
28,142,6.59019625115846
28,143,10.0
28,144,6.9349528740383395
28,145,10.0
28,146,10.0
28,147,4.4588546261682325
28,148,10.0
28,149,10.0
28,150,2.907081013092513
28,151,10.0
28,152,10.0
28,153,6.4526661141986565
28,154,10.0
28,155,10.0
28,156,10.0
28,157,10.0
28,158,10.0
28,159,10.0
28,160,10.0
28,161,10.0
28,162,5.899099790049167
28,163,10.0
28,164,10.0
28,165,10.0
28,166,10.0
28,167,10.0
28,168,10.0
28,169,10.0
28,170,10.0
28,171,10.0
28,172,1.1977877100586163
28,173,10.0
28,174,10.0
28,175,5.194746724378315
28,176,10.0
28,177,10.0
28,178,5.194746724378315
28,179,10.0
28,180,10.0
28,181,10.0
28,182,10.0
28,183,10.0
28,184,10.0
28,185,10.0
28,186,4.4588546261682325
28,187,10.0
28,188,10.0
28,189,10.0
28,190,10.0
28,191,10.0
28,192,10.0
28,193,10.0
28,194,10.0
28,195,10.0
28,196,10.0
28,197,10.0
28,198,5.273089124997222
28,199,10.0
28,200,8.63334860668194
28,201,10.0
28,202,10.0
28,203,9.702524990414632
28,204,10.0
28,205,10.0
28,206,3.409277772616642
28,207,9.801913076833298
28,208,10.0
28,209,10.0
28,210,6.9349528740383395
28,211,9.636932306207646
28,212,10.0
28,213,10.0
28,214,10.0
28,215,10.0
28,216,10.0
28,217,10.0
28,218,10.0
28,219,10.0
28,220,10.0
28,221,3.409277772616642
28,222,10.0
28,223,10.0
28,224,10.0
28,225,10.0
28,226,10.0
28,227,10.0
28,228,10.0
28,229,10.0
28,230,10.0
28,231,10.0
28,232,10.0
28,233,10.0
28,234,3.409277772616642
28,235,10.0
28,236,10.0
28,237,10.0
28,238,10.0
28,239,10.0
28,240,10.0
28,241,10.0
28,242,10.0
28,243,10.0
28,244,10.0
28,245,10.0
28,246,10.0
28,247,10.0
28,248,10.0
28,249,5.899099790049167
28,250,10.0
28,251,10.0
28,252,10.0
28,253,8.690114387872852
28,254,10.0
28,255,10.0
28,256,10.0
28,257,10.0
28,258,10.0
28,259,10.0
28,260,10.0
28,261,10.0
28,262,10.0
28,263,10.0
28,264,3.188646675725093
28,265,10.0
28,266,10.0
28,267,3.409277772616642
28,268,10.0
28,269,10.0
28,270,10.0
28,271,10.0
28,272,10.0
28,273,10.0
28,274,10.0
28,275,4.938624563198729
28,276,10.0
28,277,3.409277772616642
28,278,10.0
28,279,10.0
28,280,8.80884211774329
28,281,10.0
28,282,10.0
28,283,10.0
28,284,10.0
28,285,10.0
28,286,10.0
28,287,10.0
28,288,10.0
28,289,10.0
28,290,10.0
28,291,10.0
28,292,10.0
28,293,10.0
28,294,10.0
28,295,2.1611894680427683
28,296,10.0
28,297,10.0
28,298,10.0
28,299,10.0
28,300,10.0
28,301,10.0
28,302,10.0
28,303,5.899099790049167
28,304,10.0
28,305,10.0
28,306,10.0
28,307,10.0
28,308,10.0
28,309,10.0
28,310,10.0
28,311,10.0
28,312,10.0
28,313,5.330430777790925
28,314,10.0
28,315,8.80884211774329
28,316,10.0
28,317,10.0
28,318,10.0
28,319,10.0
28,320,10.0
28,321,10.0
28,322,10.0
28,323,10.0
28,324,10.0
28,325,3.409277772616642
29,0,10.0
29,1,10.0
29,2,10.0
29,3,10.0
29,4,10.0
29,5,10.0
29,6,10.0
29,7,9.30247406465015
29,8,10.0
29,9,10.0
29,10,10.0
29,11,10.0
29,12,10.0
29,13,10.0
29,14,10.0
29,15,7.720902929005005
29,16,10.0
29,17,10.0
29,18,10.0
29,19,10.0
29,20,10.0
29,21,2.836887061023406
29,22,10.0
29,23,10.0
29,24,10.0
29,25,10.0
29,26,10.0
29,27,10.0
29,28,10.0
29,29,10.0
29,30,10.0
29,31,10.0
29,32,10.0
29,33,10.0
29,34,10.0
29,35,10.0
29,36,9.140044079305854
29,37,10.0
29,38,10.0
29,39,10.0
29,40,10.0
29,41,10.0
29,42,10.0
29,43,10.0
29,44,10.0
29,45,10.0
29,46,10.0
29,47,7.904718434712266
29,48,10.0
29,49,10.0
29,50,10.0
29,51,10.0
29,52,10.0
29,53,10.0
29,54,10.0
29,55,10.0
29,56,10.0
29,57,10.0
29,58,10.0
29,59,10.0
29,60,9.30247406465015
29,61,10.0
29,62,10.0
29,63,7.904718434712266
29,64,10.0
29,65,10.0
29,66,7.904718434712266
29,67,10.0
29,68,10.0
29,69,10.0
29,70,10.0
29,71,10.0
29,72,10.0
29,73,10.0
29,74,10.0
29,75,10.0
29,76,10.0
29,77,4.66633488507113
29,78,10.0
29,79,9.30247406465015
29,80,10.0
29,81,10.0
29,82,2.8833764000633266
29,83,10.0
29,84,3.3657208311913154
29,85,10.0
29,86,10.0
29,87,7.358983701852294
29,88,10.0
29,89,10.0
29,90,8.550643550807372
29,91,10.0
29,92,10.0
29,93,10.0
29,94,10.0
29,95,10.0
29,96,10.0
29,97,10.0
29,98,10.0
29,99,10.0
29,100,10.0
29,101,7.387446759910254
29,102,7.397043889293299
29,103,10.0
29,104,10.0
29,105,10.0
29,106,10.0
29,107,10.0
29,108,10.0
29,109,2.836887061023406
29,110,10.0
29,111,10.0
29,112,10.0
29,113,10.0
29,114,10.0
29,115,10.0
29,116,10.0
29,117,10.0
29,118,10.0
29,119,10.0
29,120,10.0
29,121,10.0
29,122,10.0
29,123,10.0
29,124,9.30247406465015
29,125,10.0
29,126,10.0
29,127,10.0
29,128,5.8521277891540695
29,129,10.0
29,130,10.0
29,131,10.0
29,132,10.0
29,133,0.7920421528106016
29,134,10.0
29,135,10.0
29,136,10.0
29,137,10.0
29,138,10.0
29,139,10.0
29,140,10.0
29,141,10.0
29,142,3.018622117366353
29,143,10.0
29,144,10.0
29,145,10.0
29,146,10.0
29,147,10.0
29,148,9.30247406465015
29,149,9.531649849091238
29,150,9.795462658306171
29,151,10.0
29,152,7.358983701852294
29,153,4.694969994270262
29,154,10.0
29,155,10.0
29,156,10.0
29,157,3.60945766294406
29,158,10.0
29,159,10.0
29,160,10.0
29,161,10.0
29,162,3.018622117366353
29,163,10.0
29,164,10.0
29,165,10.0
29,166,10.0
29,167,10.0
29,168,9.795462658306171
29,169,9.30247406465015
29,170,2.836887061023406
29,171,10.0
29,172,10.0
29,173,0.7920421528106016
29,174,10.0
29,175,9.30247406465015
29,176,10.0
29,177,10.0
29,178,10.0
29,179,10.0
29,180,10.0
29,181,10.0
29,182,10.0
29,183,10.0
29,184,10.0
29,185,10.0
29,186,10.0
29,187,10.0
29,188,10.0
29,189,10.0
29,190,10.0
29,191,10.0
29,192,10.0
29,193,10.0
29,194,10.0
29,195,10.0
29,196,10.0
29,197,10.0
29,198,10.0
29,199,10.0
29,200,10.0
29,201,10.0
29,202,10.0
29,203,10.0
29,204,10.0
29,205,10.0
29,206,4.694969994270262
29,207,10.0
29,208,10.0
29,209,7.387446759910254
29,210,10.0
29,211,10.0
29,212,10.0
29,213,7.904718434712266
29,214,10.0
29,215,10.0
29,216,10.0
29,217,4.495556263923441
29,218,10.0
29,219,4.373065194573944
29,220,10.0
29,221,10.0
29,222,10.0
29,223,4.495556263923441
29,224,10.0
29,225,10.0
29,226,10.0
29,227,4.495556263923441
29,228,10.0
29,229,10.0
29,230,9.795462658306171
29,231,10.0
29,232,10.0
29,233,10.0
29,234,3.3657208311913154
29,235,10.0
29,236,9.795462658306171
29,237,10.0
29,238,10.0
29,239,10.0
29,240,10.0
29,241,10.0
29,242,10.0
29,243,9.30247406465015
29,244,10.0
29,245,10.0
29,246,10.0
29,247,7.397043889293299
29,248,10.0
29,249,10.0
29,250,10.0
29,251,10.0
29,252,4.694969994270262
29,253,10.0
29,254,10.0
29,255,2.3843992222138386
29,256,7.397043889293299
29,257,10.0
29,258,10.0
29,259,5.8521277891540695
29,260,4.495556263923441
29,261,10.0
29,262,10.0
29,263,10.0
29,264,10.0
29,265,10.0
29,266,10.0
29,267,2.836887061023406
29,268,10.0
29,269,10.0
29,270,6.144065086580759
29,271,10.0
29,272,0.7920421528106016
29,273,10.0
29,274,7.397043889293299
29,275,9.30247406465015
29,276,10.0
29,277,10.0
29,278,10.0
29,279,10.0
29,280,10.0
29,281,2.4620010688799456
29,282,2.836887061023406
29,283,10.0
29,284,10.0
29,285,10.0
29,286,10.0
29,287,7.358983701852294
29,288,10.0
29,289,10.0
29,290,10.0
29,291,10.0
29,292,10.0
29,293,10.0
29,294,10.0
29,295,10.0
29,296,10.0
29,297,10.0
29,298,10.0
29,299,10.0
29,300,10.0
29,301,10.0
29,302,4.495556263923441
29,303,10.0
29,304,9.531649849091238
29,305,10.0
29,306,10.0
29,307,10.0
29,308,10.0
29,309,10.0
29,310,3.3657208311913154
29,311,10.0
29,312,9.30247406465015
29,313,10.0
29,314,10.0
29,315,10.0
29,316,10.0
29,317,10.0
29,318,10.0
29,319,10.0
29,320,10.0
29,321,10.0
29,322,10.0
29,323,2.836887061023406
29,324,10.0
29,325,10.0
