record_id,1,2,3,4,5,6,7,8,9,10,11,12,13,14,15,16,17,18,19,20,21,22,23,24,25,26,27,28,29
0,0.5817637083370334,0.44417700897950446,0.4445455196479509,0.6542539525250967,0.622846679359458,0.6346098139592996,0.3820708179289703,0.3799888519725148,0.413865965251226,0.461709757964732,0.4573549663538793,0.4848836903597702,0.5321833342547517,0.5134120707849567,0.30434394422609756,0.5904425009809845,0.6440250173295283,0.4201724186934422,0.4193108042539608,0.5444200732628076,0.5166934631905781,0.5248746680577482,0.326996522893728,0.5178090301445635,0.5620705414070548,0.5616097948627657,0.5478345371302472,0.5065009597465782,0.47864852995981855
1,0.3843642037963934,0.3376464476472423,0.33880590099348107,0.3354235948512539,0.4627123576396615,0.3695116510032948,0.31844240654092576,0.27579419771748476,0.4249276910517244,0.2957903459373667,0.47452623022461227,0.36597596191533255,0.4194818438265847,0.4179165592512616,0.517930387671575,0.4525038401319279,0.37257886548663793,0.3436750259718187,0.41379658598393904,0.24202556592020835,0.42180482929171464,0.36309415919789084,0.2803064332203917,0.3743867409045193,0.42326231273354403,0.5436002024785248,0.2707992645627862,0.267492477125749,0.3118731122434084
2,0.19498278251859244,0.2912826608736382,0.38173378338780584,0.29953845952174324,0.3545306380122471,0.39728137161797455,0.31878070528931923,0.5174643886917325,0.41486761590617083,0.4075653173276885,0.36544327944563487,0.347855891991006,0.3059894151365363,0.40175834399140575,0.4091685406221235,0.302805138932415,0.27862818725619837,0.45108925543800116,0.4020502939913149,0.43429781827455094,0.4222642743226131,0.563496562405593,0.5264507342008602,0.42846237135174847,0.28563357960850094,0.4901736951153774,0.2532907300173179,0.38632500630345407,0.2765195339156828
3,0.3363319059027479,0.32368797812674854,0.1711404882037321,0.14691516815144454,0.5512863664859254,0.06908828653094361,0.2289680310401406,0.372226767050943,0.4749217402140828,0.40572483503234164,0.38955285598442013,0.21531618482557682,0.1501134510426079,0.07171331212091671,0.39879879662638973,0.11684364800146026,0.09909445805383822,0.1898268689213991,0.19698854986382644,0.28344743146831547,0.10667547375094018,0.3255801274018179,0.3312593199842455,0.04764407886952099,0.054894751410679,0.030021411202729498,0.20007092421049189,0.1732643625033754,0.04086214901719632
4,0.5293277790056707,0.3857886417104841,0.49272796605167324,0.46917124235186786,0.41339757162581015,0.34545731797862284,0.4617461628912754,0.4713318365421427,0.46268714753860835,0.4432098090719925,0.4244449219205326,0.4731361931794886,0.42711704169664855,0.44564507896757194,0.5685462638572145,0.4947430748475177,0.460026379408075,0.41601721382737455,0.44423561995200556,0.445021110737748,0.4416518879843562,0.5372518081064175,0.34178138484625176,0.44225741944700825,0.45414901227745225,0.385163399728191,0.4306593156800314,0.5549800420455339,0.3812832822046411
5,0.2958937170621723,0.36006844932281884,0.3419379069401194,0.3925877067700697,0.5736876044163354,0.38408849853561794,0.24102763012448414,0.3659573967441256,0.27245085911642253,0.452444037382061,0.39342392264552123,0.33889233042756417,0.3966756256023835,0.30985140073949796,0.18425543922027435,0.24337203847189245,0.28495433743983234,0.4720628000044316,0.3193857165749761,0.40304432482768815,0.3230865284744312,0.2771129765304439,0.3312788179124326,0.38554028273558305,0.2785715471724662,0.23751848454842708,0.42779898791901727,0.20985301120812666,0.3166738146010997
6,0.4281379775878817,0.38864161819511317,0.3968576652017768,0.3222684116210263,0.4082582560820479,0.4707441671174954,0.4089662754377786,0.39886819249808503,0.4309239656818466,0.37028156156673525,0.5052551443614398,0.33782645849072235,0.3137801202015458,0.448283621152836,0.44874789259955705,0.379676346413694,0.386036226746627,0.2548534822222005,0.40624424236267986,0.41768993112358577,0.38935136969110185,0.37978060858290175,0.4643801163692744,0.38291220183660735,0.4038000533664343,0.39108676286572464,0.31144647342306625,0.3871695471909699,0.4355809367252837
7,0.4407713117219691,0.4605770632802831,0.3793211485706095,0.3027286803786152,0.44816773801451726,0.4527818176729322,0.3765994811338786,0.5334501220782703,0.40602057833439437,0.44174604352090063,0.5198218713722605,0.5534546081767097,0.33265644058947835,0.4760690875224944,0.4221403786831031,0.4247549038541132,0.44300422799591455,0.3503945445153403,0.32855966083614785,0.3150097667849152,0.45063839080776635,0.4608044474966342,0.41185576854675715,0.3259607795316163,0.4723443475494952,0.42749486906869283,0.460578244844592,0.5534378941134506,0.4938343692033417
8,0.36926957202770405,0.40358630427125314,0.45664102514897437,0.46531859749014426,0.4786965595006719,0.45226929864872123,0.4069035598437283,0.4225483637998553,0.37557917421546233,0.4207402359408472,0.4661532749033912,0.3830916982120887,0.3975916084595796,0.49866469479537895,0.531120571778923,0.3967013783754326,0.44794084716751464,0.40551433349301635,0.44538295246939996,0.3874786076993345,0.47681767810848663,0.47978532147690056,0.3872949182221789,0.3853061454067124,0.4441903327432686,0.47338480581650333,0.310989871651117,0.42024100207596093,0.41391854568308206
9,0.4529760450482186,0.37124265041812815,0.3069610185145483,0.390136437144408,0.3274524851311781,0.49648476498820193,0.41015772071449363,0.36191939536706447,0.423750739367653,0.3035119620619645,0.35373712805464463,0.2993967709337323,0.33931790515202276,0.4801423696825607,0.4095115888435515,0.2748282020066005,0.25166234867076753,0.35684040383549276,0.3276805203576561,0.2808241893077409,0.2526736034973458,0.3598577291319285,0.36961518226633844,0.367958306571778,0.4431916315997977,0.31377645718582126,0.34402663432927155,0.3122999881541507,0.31750073692522945
10,0.2049919738641147,0.317493626718457,0.24228766161007173,0.424098814812146,0.5861388308580914,0.5532903951929109,0.5918039042391462,0.6650012397981202,0.4460308276346363,0.20962954381514237,0.41675279363251944,0.3598355099775978,0.5906136493474249,0.2544919412903854,0.47016721025871794,0.4950103389401203,0.7059990506686123,0.29651304065207595,0.3108546086615169,0.667609102871548,0.7412147339490985,0.8004717787223138,0.43515984221540793,0.6421147987159443,0.42617904477749174,0.7788242214653356,0.5562446351963807,0.4343733234404904,0.4213013278300396
11,0.7294776007165803,0.4922943203920967,0.5909864805812977,0.5180777649390772,0.6832995069328679,0.694692122024387,0.5822774061858271,0.39790082956542105,0.654242838438922,0.37146135488554305,0.6412211441607791,0.6755661847355205,0.4831667126519056,0.40976048543298615,0.7425582799578034,0.5968094172117439,0.566774708880297,0.41057172543329684,0.6889381652851215,0.3070001895773798,0.38379832207262365,0.7413112252452432,0.39791900505197036,0.46925268493390315,0.4644371422646324,0.5750421578816146,0.509936120867716,0.6503067115222463,0.3217607028396877
12,0.7649308675706885,0.6223971920253598,0.5785671473157055,0.5593958942223435,0.5154906049240956,0.7140584849038388,0.6153951158026245,0.7050816925512751,0.7634575432942118,0.6031651314995107,0.7309588638128421,0.583230020952274,0.7559684567514416,0.6552288423373085,0.5710716972388193,0.7317937551630211,0.6958302674290613,0.5639240683070782,0.7429188142303375,0.6503048144987236,0.5127370151815828,0.7193938156611314,0.7652913050498981,0.5845064643628798,0.5342863628312997,0.39503480647044886,0.565225256074614,0.8480587473927862,0.5523916339960234
13,0.5965926615140401,0.560315751084881,0.17663222362971714,0.3421994740710629,0.4940791720208971,0.2233620849369145,0.3866630311224237,0.26248128674515275,0.5687656106946005,0.5182768424552601,0.14111004904589203,0.5396300541584856,0.6189281849334737,0.339929500584031,0.2386712092615932,0.3904697648519278,0.5860216407633576,0.6831369864898763,0.3412391045923423,0.44653990537665006,0.29091225659306275,0.4514399037933158,0.28051289454092015,0.5474686447862219,0.4805851732966879,0.6215412708718763,0.45869648695440957,0.41009155034348493,0.1960513931266806
14,0.3427145996900046,0.34579564485440883,0.41889785839137367,0.451743686813745,0.5101164442045458,0.45479596447654813,0.5316354826401177,0.49483395033527283,0.47529488792241587,0.45739481989797814,0.4557517576963918,0.4667319730779509,0.4624839313395986,0.45413178040045477,0.5489028696579872,0.4432052658261544,0.4355476434474642,0.4687086646989315,0.5189232280082622,0.495208623485572,0.415319349325953,0.4832345936552317,0.45996476628166,0.40488865944575353,0.45470082600712575,0.48362717808814165,0.4637343313648829,0.48242127227464804,0.4199335960603027
15,0.10367104525912652,0.17718822886734648,0.28820359011827207,0.2439307403812469,0.4403337985035676,0.14974389913862501,0.4594009243443816,0.3432301700888731,0.1380738244468698,0.10097805726721763,0.24279378440176375,0.17927652060848412,0.19208127109608014,0.08161633661257205,0.1199003821022548,0.11433690350055092,0.3128264024715184,0.1156919315177054,0.019828751678885637,0.8181735062036438,0.83221859198608,0.352527113584693,0.1745275247724503,0.17277243521174931,0.29219957389685997,0.22886995668951637,0.5596041697200675,0.5162261485150198,0.06138631319054901
16,0.3949066974850539,0.4861540501349297,0.41143875285355197,0.4208083824676951,0.42327796219089053,0.42538316712858687,0.4050180611310672,0.36476614825807474,0.4176215549950561,0.3454726869817454,0.40798477607102895,0.3753929159882177,0.4436042681608315,0.36939579233660375,0.4680779109835984,0.3864451826253309,0.365579929255277,0.39085143036214054,0.41304509848089604,0.3710470234321335,0.421353396703392,0.46439656053731526,0.3728366492322085,0.3870832463733296,0.4039855648602009,0.4173604847744033,0.2452252970620295,0.4239190527835669,0.39298797473665725
17,0.45340877518713174,0.3125510549380015,0.5407481098418093,0.44132611510390585,0.539943150139067,0.3983636131989647,0.42219982714863463,0.4697072140308523,0.4791115609521668,0.48191704929567347,0.4155334789898254,0.4855297793291777,0.4859200344738594,0.41961911420021847,0.3282316579015342,0.46068290846662835,0.5271995880746112,0.3255863192347512,0.4931910854144304,0.41114558677833335,0.4852581497769342,0.517469034607497,0.5043207273805491,0.541712587695198,0.427099838292217,0.44149764100175776,0.595439995445626,0.30655624150730415,0.5402895120584654
18,0.2763695534688725,0.2412465560432581,0.29737023006457175,0.41658183042198077,0.266558289715417,0.2743679287449593,0.23531268048443696,0.2516686324636841,0.2052279835560993,0.34427713402864696,0.42527950654903623,0.3578257122187746,0.3087114082346133,0.38560679135983383,0.2721557172898403,0.3234714003817489,0.1697870815001893,0.2796569348375208,0.3830183782409652,0.2192284555848911,0.38821575031544453,0.34830738470022155,0.5243876839572403,0.2485153630210896,0.19479135278068344,0.22130794281247038,0.363985857380333,0.2627763673894604,0.37478711968738393
19,0.42064523048705366,0.33172595757434054,0.38411932645932473,0.3460002290406284,0.316393256625431,0.39640457485814634,0.4001198918509665,0.34407656365544587,0.3612347762007446,0.337229900352368,0.43352584053923643,0.3884463322713981,0.3207563693983902,0.4735180575867844,0.395057341727216,0.3629871525698581,0.3365211662226392,0.3196290735655736,0.38645594976556763,0.27016715018658155,0.3444153105972298,0.37144310693186505,0.42178050229834624,0.3367409614235629,0.3912123814896517,0.3546143715790685,0.42083848258174733,0.3937707096865316,0.3637184348796764
20,0.6772029133743414,0.5149749499656177,0.5989025390949563,0.6347322437460994,0.48677731992618045,0.8147329473181457,0.6648461663637073,0.6040064888659463,0.6892386019164995,0.4441769381759989,0.6886789200945859,0.5524006558563449,0.4408421487759112,0.47468647401315067,0.6945825711679394,0.6004128667791518,0.6285492244317659,0.5094392526348944,0.41151839717027583,0.7760596545747307,0.15435732122255758,0.46792021212770724,0.35534385830138654,0.4411097315700257,0.6989938956113968,0.7803440204993879,0.5909344171310078,0.5136365980106191,0.2919782856196197
21,0.31993111744753244,0.3362382980801382,0.47611278813725744,0.4171050426660127,0.41100962218382237,0.4813675887018051,0.5373440256448959,0.45478576431815826,0.3984729889531701,0.3963233140592806,0.41328887543303494,0.3849745077350053,0.3349655215264365,0.38463459247978815,0.46065703127491264,0.4316036576792307,0.4545748259048482,0.3353257299325105,0.455765701142271,0.4431250276528597,0.4154519740402802,0.3406315109952863,0.48947596638740554,0.26650594503530073,0.37643532207475433,0.3446703514739162,0.39209278637533973,0.4984104440192156,0.35806409288386554
22,0.2836925510425645,0.2844398803670593,0.37843994720057217,0.5477617783069599,0.5438180251620364,0.43977788089890163,0.37255045963196787,0.3746119458113594,0.4566113605492262,0.37095544549745696,0.45086569226784373,0.4684427474979436,0.5477004125295064,0.3886682749422823,0.5227303485297756,0.3669567979118233,0.39989397693091866,0.4258191970463769,0.46065922790302055,0.43319610456573854,0.3776685700333373,0.4957771000693751,0.40480400340644546,0.3406363636613204,0.3848652391265274,0.4410477424882647,0.35160119193493883,0.46085490560866554,0.30818143161873157
23,0.4322062978221045,0.35075869312985986,0.27642789206060725,0.2849017029566551,0.40380280792935247,0.3709125446263681,0.39182619510839317,0.3835408693571575,0.40642191675514006,0.372445088640424,0.4586948265832774,0.2582651470435277,0.273686599548958,0.3416838000863354,0.42955777997735634,0.24073895771828774,0.34716780281764503,0.32808383733169405,0.40327447768282076,0.3958898130877626,0.34920219707448946,0.31299542768674027,0.3350764891010616,0.4324631908239347,0.464669183322078,0.3707651710756311,0.29491558397953177,0.36623230113570965,0.35942733741928506
24,0.30292995398584976,0.47948581960189357,0.5005267828754664,0.3218555933608116,0.4125412675052829,0.4784537370308925,0.5351125590419575,0.4980660833176238,0.4576105656120634,0.3378740386927105,0.47939319794949437,0.3770465532401672,0.4019786467235053,0.41785048297060284,0.5522570782372558,0.42861586935368906,0.41440962525201724,0.3175980674831683,0.3987453760998744,0.38260896086116947,0.429088132761702,0.4030081224703265,0.4622645630038209,0.3182263157588197,0.44192036422511355,0.39945087727025524,0.4645479495544462,0.4187900564156533,0.37518879581058473
25,0.5617660722430167,0.6784454302156064,0.7817548966536612,0.5037594766332634,0.49117075558354845,0.624158404360898,0.44452910426201764,0.5080719304370069,0.6063909470736272,0.563592273192817,0.7200273289981935,0.6388539385369029,0.5822193494813109,0.5790357822457894,0.5115985510345916,0.6158986856278001,0.5199610540652388,0.6304786376428818,0.5705488789319954,0.5177322171036652,0.5504103882047163,0.7076084140226194,0.6285854509658322,0.7753055935426051,0.5029294573919098,0.7568691944770964,0.7012374191827715,0.3909837533994536,0.5077944668540445
26,0.2289253575312122,0.24687756358085988,0.384281816792812,0.03078683908614225,0.6015329052402905,0.06020808546132015,0.11784757058840839,0.008027281754897152,0.004214333621634023,0.525565637645356,0.10892623591759858,0.24662567032551866,0.3562029693809313,0.5521743407236753,0.5829924164575511,0.4133603944299057,0.007188352560764675,0.2406315701131813,0.10294247047466185,0.23529989488099834,0.03531657385006707,0.1510655558904642,0.46037894494690507,0.07790128975417196,0.08679054605420754,0.15738693488514824,0.30988914870001266,0.11195524665055116,0.054263171907755495
27,0.4151632355615441,0.4519134931603746,0.21556952669084103,0.20171786826481622,0.3944389757242939,0.6921929974200052,0.522701625710187,0.8778789921406119,0.8377069654000971,0.3260212149861739,0.8867946671131591,0.6491511601359253,0.3477720847809211,0.8251447860065989,0.6974063070680749,0.5677979376362847,0.8783379470461657,0.7912313630335319,0.7865105783107187,0.8436649399399304,0.29463446775221735,0.6843224890145718,0.31678638184686436,0.8245034717211903,0.774011887620983,0.5060451890340883,0.8317638684113388,0.5808329673693498,0.786379548336636
28,0.3628146369929134,0.44702344908023134,0.40434879404148577,0.46611382418292296,0.4910409623881057,0.38495699648989096,0.2778315445573983,0.42138706086373173,0.3966205719896191,0.3866558558923606,0.3695190594611641,0.47209370662269673,0.4206707237532936,0.3868744082973849,0.452712119890172,0.4389739746987147,0.5105693480713316,0.25525189105693413,0.43453491703838004,0.3224396666479456,0.3265150351967955,0.36835640656576746,0.3719854525371646,0.3440566419792706,0.49537988590917137,0.24487264886379614,0.3668946769812954,0.3446007278555984,0.4919038658053436
29,0.4637134927367188,0.41999612452052476,0.253066540573004,0.31613009791787317,0.20934179935286595,0.2585404928042517,0.33362167883215754,0.2716810536371234,0.3080567066779896,0.259369347110069,0.2743254464619642,0.3572995418722534,0.19239075720734766,0.1743857629868771,0.38901986627080315,0.3290814643540164,0.3732772872855743,0.43778674778613436,0.4939110990686325,0.400730332515854,0.20002223007065284,0.4060890073742893,0.24348398289027776,0.3155970216953569,0.17794909038974704,0.49594301322515105,0.20448148638685307,0.12226160359743143,0.20153616529082363
30,0.4008542329850942,0.4033522061622358,0.3872048233674565,0.3254928129058917,0.42275216580076647,0.42004468026203995,0.4030763966112328,0.3797440368346854,0.39384914683211586,0.40637799708917416,0.4678812232798613,0.3980230491476559,0.34891024261101683,0.48240482617973734,0.45476892376248673,0.3140773565984799,0.3627980400866838,0.30829212103675974,0.3975947732124915,0.3177004399717737,0.4693583837187483,0.43314725614272837,0.42593208931870935,0.3873413927149351,0.3864845344897507,0.37591133348714567,0.3988819972087771,0.36511583034573686,0.4874703417740692
31,0.7401676112567022,0.45988780638521165,0.6633439649281341,0.7180125784973976,0.801494410550204,0.5782874453785454,0.795859460102312,0.6695779384554631,0.6934463002086163,0.4805115239965323,0.5663484178894682,0.7295786288688693,0.737845730071,0.6226207527055649,0.5265169156535984,0.47999938517905355,0.6597079937490873,0.7748598710921842,0.6972226283817728,0.6346093907103196,0.5238404899133204,0.6431144209682126,0.5846395383326519,0.7097376705038381,0.6643379453822414,0.7283157089150507,0.4747512701217249,0.6737169053108674,0.3755017516261061
32,0.807953290942044,0.01213928613193376,0.8714442366970907,0.5664600731343145,0.833519592463776,0.9261920936631536,0.8550489776081709,0.07488132487398418,0.9473152080917107,0.7281623551411842,0.8174014791424302,0.6234643872084293,0.4568504382239064,0.09311599880930813,0.14170275438232338,0.23605448734348564,0.9907156607307309,0.18659890897556863,0.21068805254034972,0.936795171569637,0.7737909127866258,0.8401509491321489,0.1573556796680214,0.40135146666767735,0.992017624029803,0.113513263862845,0.6286814127046055,0.7146868512346526,0.2941008968305935
33,0.42178135908605346,0.45820393314773383,0.3928361308811489,0.3637740186669695,0.4204276856557343,0.4155582755443815,0.38231960064357484,0.36638502613617246,0.5073739487938347,0.32313546559927286,0.33370560962454393,0.3687962150738786,0.45145934940434435,0.4000926607704798,0.36057051975199483,0.40004047823976835,0.33526352210765725,0.42198086132424756,0.42229506469095207,0.34255040605910664,0.31645237255796543,0.3823221850499731,0.3204464803577139,0.42048005404480115,0.34142547715306687,0.4469466381309285,0.4028335950587869,0.4689885649916542,0.3676313018567815
34,0.4256094711521111,0.3229508317745895,0.33928172444455584,0.5793290134269444,0.46613307474102644,0.4830235553442995,0.400936767854703,0.6203923400453363,0.6312950130435677,0.38047511428539976,0.40849706420362464,0.44339247218320654,0.4390682742117324,0.37665185583744326,0.5943184285081828,0.39404323062237034,0.6206963873737616,0.5208058843259444,0.533704143741162,0.3844122755193209,0.5525716975000268,0.43575662164959156,0.5364222839776824,0.5860378880887044,0.566488934720417,0.40960546915447144,0.4303469485288918,0.4816343180767545,0.4758982994787816
35,0.5269194303900477,0.5094812985084907,0.4619864839271239,0.5483074157883479,0.7021109746228,0.5772273684368047,0.6119760647541397,0.6180592247870129,0.7281633075185469,0.7691027848605121,0.6960123216980646,0.36982576399846373,0.5495828495932151,0.5498234208307989,0.7813354752830909,0.4819256352947767,0.5791313021424844,0.6122632853286719,0.6545211352816523,0.43344613065101,0.7442330419684953,0.3550081879484537,0.278643892617461,0.6689792745730168,0.5922699370039989,0.5796396001566197,0.6241526958192041,0.4056510740010736,0.4106467186800699
36,0.3197281453457538,0.4708722146091286,0.45262791432663174,0.5048716990783527,0.5986835205806288,0.523799522054691,0.4379993978334972,0.5006637610243959,0.41721843956662497,0.4747688550474127,0.5167417756603043,0.5101285348932431,0.48326894233226525,0.5769631799671506,0.4483620215806337,0.4918110300977341,0.4957093493315232,0.48912380892734736,0.35702494633455606,0.5206793187932718,0.5253608140277739,0.44176890656195583,0.5004098683016746,0.5282689529727593,0.4899022108238666,0.5573199159788067,0.3965032489084505,0.3444475784687924,0.3848868448581241
37,0.4815475427416978,0.4615553536000451,0.3994746200073588,0.4949131004879138,0.49316877608890464,0.41465200508609323,0.44094571841553265,0.43052819335599407,0.4029643437068798,0.4837920153536753,0.44029338518305966,0.41639787697727193,0.37591936443064006,0.40624195990947204,0.5386975017456296,0.42979986847223023,0.4259047998140216,0.46330657509601564,0.4980126672750734,0.4026007328457851,0.5632800681973329,0.4517872321158533,0.5281259100032751,0.5016683707980198,0.3714762747001418,0.3964983232285125,0.3804095579940221,0.46243527301137877,0.5113372001077401
38,0.4229103738448821,0.2840182271909393,0.3274327548378665,0.3456455257712963,0.4431634171687656,0.4787205629497383,0.42044473106080293,0.29235876620980555,0.41502710173349283,0.3168372610406602,0.2683899788539895,0.3452622522530214,0.3111722310286818,0.45474759347050175,0.4047063062185347,0.35884122430840015,0.40357618050674804,0.3809537729105281,0.33830436291244637,0.29002002322736303,0.3991534637727814,0.24293740712351936,0.282736970156265,0.28744988527843207,0.3112660725742219,0.31301640528761915,0.3892443824099657,0.41533896535529513,0.3853298717259953
39,0.07313677396913681,0.07171984105916063,0.34979567476385903,0.31843918300023566,0.30217365416714476,0.15602524613458504,0.280198596179314,0.4115704240295028,0.31764721551241765,0.24103341504009068,0.27369976752424885,0.3467551186651382,0.39561359430448373,0.10183639660548742,0.14697534538069285,0.43301983968530255,0.43795222362280534,0.21692324707702476,0.10173113348232883,0.3813377894146222,0.6151659780082602,0.3436135185896351,0.17325429476859805,0.38659740371519064,0.3427460594321399,0.35032649012348793,0.42663384089220396,0.26562723860267606,0.2396930929027416
40,0.483135610035404,0.40307128796194247,0.5167895511245192,0.48355214798756674,0.4945055881006036,0.5232171773001493,0.5966669816574931,0.400148419662573,0.5509547247243898,0.44953829591338573,0.580919378820914,0.3989200317667391,0.42940192214967104,0.48270500179726905,0.5305417619731244,0.3316623510084041,0.48536816346423983,0.4327538584870966,0.5620218344000374,0.5154881176439341,0.4071615776327831,0.3961070074263049,0.5408603935682633,0.365131347261493,0.4825147316237631,0.4308155007550796,0.3802881203540769,0.5623157787041663,0.5004886365008366
41,0.20796260246839396,0.4025353327188565,0.29293087799610795,0.3502552058596611,0.27779019650940634,0.2555523744634521,0.2994375647109959,0.23958628590322367,0.27485557781945635,0.543900450579076,0.3011417733794539,0.2791891876888381,0.42323940367627605,0.3330228596887282,0.11805620472308948,0.2918304936820687,0.346790134394403,0.5734408469048387,0.17178714324673905,0.2538447020435252,0.29655347088911277,0.2048176007626923,0.47138497304066657,0.3326313227850961,0.36539721542108655,0.2639216912852518,0.4002971943720377,0.13818244916277223,0.22089680470014456
42,0.7702287654821295,0.7893617708627784,0.8395099513062672,0.4429023382388199,0.9130469054110656,0.9562728682022426,0.9352181680591231,0.9211069570388236,0.6153511099259129,0.8570665512708909,0.4111238815306904,0.89147655959983,0.8665736261058514,0.8808820189964255,0.8003511487022577,0.6496338231146048,0.6071622242025617,0.7711323319122433,0.8534390004898216,0.7968972725193618,0.953921661080386,0.9122113007541058,0.575492548502432,0.8257562071024752,0.8680632009926609,0.8292679958892019,0.8779810592567685,0.8515770322437504,0.5571537118537483
43,0.4281284595537047,0.6681293339571386,0.7146694073696283,0.5775502957994451,0.5611168191189695,0.6309054508916412,0.5236351857472402,0.5554689857127516,0.5649832285432705,0.6247735189036366,0.512681973047221,0.43976603393555697,0.48642020663215746,0.6558254408163144,0.5483136473098776,0.4378606684538109,0.668385156092629,0.47804049352648775,0.3166492988143393,0.5546409046404084,0.5359915544868403,0.3830126286831883,0.46966386855189723,0.5107464097725114,0.5989411361594896,0.44977450394364576,0.698585590801925,0.526555377031142,0.556147722464909
44,0.39473962029799287,0.6253670001304301,0.3576234502670994,0.49042585859784654,0.5086554881124798,0.46759189308750837,0.521753818997821,0.5358600814682835,0.5129060648663594,0.39124409323622755,0.5991738853088715,0.5849931664957679,0.501398450289045,0.38193427943888436,0.5326878464995091,0.44766704647696287,0.493269454850622,0.5483559643741012,0.4789489653355148,0.529355974570988,0.5976037387729348,0.5373364071875958,0.37193749536388443,0.5146231329715412,0.4771341551155592,0.44489433783482135,0.6046610601198608,0.5941100564608066,0.45810640550149256
45,0.7515487980506008,0.37791764445128395,0.5496420180281978,0.7408049048650246,0.41634031336466293,0.15629314614578688,0.3276583866241635,0.6975617808387514,0.16292373186555198,0.15309496930318844,0.30042272322948615,0.4407968828971059,0.3384975805824163,0.668318980370553,0.3122190296547332,0.24551402917732623,0.676148543465974,0.5131117742114332,0.2636860386424129,0.6906603183246594,0.7307625399069181,0.4340614999390186,0.2602055338761508,0.6631143074015099,0.5935295960378254,0.49641348892902926,0.5135544686376993,0.05671416904751694,0.3904849620399409
46,0.6336052543682056,0.5186347912637335,0.3351427046118272,0.31950671581698203,0.44306909870421857,0.36099586102445774,0.34102266635858425,0.4365693940243381,0.47809167687800214,0.4086823544889481,0.27057688939907015,0.4792364118454686,0.44021120657986884,0.5772965629880163,0.4143716315598423,0.6500675273955658,0.47707515041324244,0.24663149439187285,0.37940915118382373,0.4875057051694159,0.3171639369439074,0.40146247819818615,0.5765956111111896,0.38454727982311154,0.48726235671853135,0.5476788515714562,0.5162679162996384,0.5102079792961294,0.3423646874496992
47,0.6505106253757731,0.9160899122798992,0.16067843672747809,0.08307325959686088,0.8849221426274192,0.35866567002149097,0.11648896309926089,0.4810361000186807,0.13804758053487123,0.20844139663808253,0.13473234530052208,0.9440174872035217,0.24844913364243082,0.07152444468453815,0.06177368982172127,0.5690325668450151,0.39207941730821483,0.2126032689275906,0.4513086929456805,0.3144630208643599,0.09316381791457119,0.06099843193415461,0.13735933424958632,0.19850774654839354,0.0487121354951561,0.40249329657794786,0.2655060914463062,0.18005663886828063,0.0788723051232684
48,0.30055898344095655,0.3623280256117257,0.31722920658652565,0.45996849628130704,0.3262831766300989,0.2582853427395376,0.3863115445898531,0.20423804120034356,0.26666375976517637,0.22378936945357997,0.32794424236017866,0.14096092413924421,0.3034723465526834,0.480242392189123,0.3404000124595025,0.1519836961875468,0.16579266307879786,0.35570239600758774,0.3698581264563087,0.22738838612501508,0.27737783195349625,0.2525735802581292,0.3560266358895005,0.4665959879701348,0.30492198395130005,0.23752991224846778,0.34919528833961966,0.17628420787798213,0.43732297594593383
49,0.38911985986666897,0.34465529282664725,0.28398143125562547,0.2058655689116717,0.4197225324926949,0.3623608403034463,0.4768211649349006,0.2743417796720257,0.38699667105887375,0.331842784502966,0.43252295812646774,0.25718186994739556,0.364838365825729,0.2905117471723988,0.23682557078089775,0.2912639169036876,0.4041391455599301,0.4464349842396591,0.3954707106003027,0.43477364061202456,0.3434746281995998,0.34645710807740643,0.3819145536693649,0.39357756991024545,0.37549571756563044,0.29936416790692344,0.3929686995130645,0.2812858585352917,0.4585392621120759
50,0.49284826872815696,0.4432928286901386,0.5749637608297068,0.5422947739687908,0.5887883247453926,0.5234100373212504,0.49458113260087083,0.5013241868414448,0.5850495836901783,0.6189970723506005,0.7937800567120795,0.5476790797885719,0.4690587116682905,0.5497920856229741,0.4909137748363211,0.6196869288209028,0.6104961171595842,0.5134797413917029,0.4694363445863973,0.633371794373301,0.544619981201865,0.623427733473396,0.49257381786075166,0.5482882925211732,0.5493676958998532,0.40190209662961607,0.5710937912422904,0.6544384737041318,0.6020118734869562
51,0.5988988723115506,0.49006470185862794,0.5616115688823998,0.6657796950095858,0.4576762167234279,0.3902405647774622,0.7298364573047543,0.4949347665386169,0.6411561527287263,0.5787160391137308,0.6448938439787053,0.5373641823692014,0.6216211317798153,0.5428683547196705,0.5023723644789838,0.5375403039752723,0.5554380962506326,0.631178775924653,0.6188360315725604,0.5846631613462162,0.39777236692563056,0.5590943598602666,0.6861981579472894,0.5184344079134823,0.5482451230807636,0.6486222847271601,0.5061612802557625,0.6424769022673995,0.47444796200143136
52,0.3183123005569904,0.3712625250468322,0.46114908551367656,0.34088112474136745,0.4542528457976693,0.4114648359053786,0.5073623668001953,0.3438387377114829,0.4470245180823365,0.3896094847941586,0.537269237293256,0.4409941674861903,0.4271952176631016,0.4709229448539687,0.44555589564968207,0.40915592216098395,0.37962746605277276,0.38864910411267,0.48701334404882196,0.4274741360206919,0.319207804739583,0.4616456787349322,0.4321889907340158,0.29459536688285703,0.43659851511996506,0.4377569420941617,0.4593155091802628,0.4903443938975686,0.4463334887237315
53,0.4543576741326994,0.4401249264992459,0.3888852477963539,0.311102946858605,0.31406780150474756,0.5850187028060405,0.5269614833950592,0.43449756397049555,0.4266079128924706,0.18021403773681174,0.21851234538124678,0.520732543128359,0.49271906229702933,0.3652528310384265,0.39071770585887805,0.41471048279284456,0.520978596855529,0.1058726536004039,0.28001950910763956,0.3098933844807817,0.5861648196286787,0.24032557810259253,0.28460508556336156,0.47531508116207166,0.35435261043854704,0.4083938141295947,0.5113933641372356,0.3634498363911777,0.46960589952664056
54,0.43975639585454107,0.3548963996843727,0.28840171632940254,0.34421284029451393,0.4393918751995717,0.4043338558951777,0.39737864770967696,0.409049383727364,0.44252404357481384,0.4206353797873211,0.45768714082182305,0.32646923315011206,0.2846117290344402,0.35625620563535393,0.4482604352793965,0.23438517004800533,0.36832917014555183,0.3483846933964108,0.4288252402804072,0.4444502004030794,0.3335603307567333,0.3281766217791749,0.3600560355074293,0.4910424822171515,0.4613803397830707,0.39211067222288076,0.30636950539190166,0.4079850001171625,0.35933593260558766
55,0.3640390230880316,0.35328313917456394,0.35774590108490284,0.4223214975794681,0.3740591449629959,0.46815337881847546,0.39558668954311227,0.3437898474434631,0.37149721281191195,0.31812137256405426,0.3150443643262025,0.3512885122338878,0.35194553899327596,0.4412899214010081,0.47615530354147123,0.3440240419045488,0.37316367100850845,0.3482944298983089,0.3469017454771124,0.29105552819107505,0.38381958291812657,0.3159133661192482,0.28710557437986184,0.32468804032886367,0.3282958702439179,0.3383040989612763,0.4171622791195383,0.35685259760958854,0.3458480891270489
56,0.44421599002705153,0.39932614238574315,0.46483269226458024,0.5314369382595334,0.425322294951387,0.49807179114175715,0.5129243345749573,0.4561661747708023,0.40716422742579916,0.4018495342167482,0.4443571640018846,0.35236252638457777,0.3351479546137626,0.3940543213841681,0.40496874808778,0.4212878127970229,0.4737436994569678,0.34380657443855944,0.4503264557739268,0.3878603350224692,0.31440540801671557,0.37713057599818534,0.33917982343466624,0.4178007789064904,0.49367415467158304,0.4671109327041064,0.391430819789575,0.36902008333169717,0.31627285417543144
57,0.3811092696776286,0.49124254432845055,0.36146332577298873,0.5739419635640755,0.5737387606878808,0.44244443752946944,0.6072110459992214,0.4320383360906347,0.516241747776316,0.3176609582948022,0.43185285550340813,0.4352184857293231,0.5237019878520894,0.5043987825603726,0.3468104500131517,0.29837122590839993,0.3533543077476402,0.3744575322348444,0.5110441929000792,0.35324861233574356,0.37532051558189955,0.2523377886187083,0.5400881271997826,0.3645627619894642,0.3279520004253396,0.32193769595309113,0.37452906115175844,0.5703982719838425,0.25797886917510193
58,0.25602748576934986,0.2050395987459382,0.34503684503450105,0.26047626087132697,0.30328437806284536,0.18667933747278587,0.6282558091925872,0.08439252520277873,0.433156167762084,0.4111547363184998,0.3915953707145787,0.44416586713517003,0.32212571544282326,0.629240736215863,0.5947213354557033,0.2129586336486261,0.3651188144421741,0.14300864669708846,0.2668780948950685,0.632897058222083,0.5487350466211235,0.15718615155350021,0.41285969516334914,0.5050990756643351,0.19216321225263322,0.6513014457284523,0.40880546864695,0.1771686427468354,0.2189615894333539
59,0.28116555731544657,0.1996727624231857,0.5041532298398014,0.30161429214382474,0.39163887601448283,0.4384598615535444,0.16398358532803495,0.2406193239246556,0.3864224439514184,0.26836609897472746,0.3800648092625185,0.29366059404902545,0.3822529920005545,0.14620615540949214,0.45805000616681735,0.25415832749861716,0.3176848097761786,0.1933181282629106,0.18952758572452863,0.3625791994423212,0.4990266335544261,0.38567508164346337,0.3993988479894207,0.29496413786236353,0.28980583264528653,0.5534674309138974,0.11766803328696038,0.21272767967506048,0.24495545616351516
60,0.3890416556347903,0.5763824263372803,0.5713096315668055,0.5582889108457892,0.4931391492165576,0.4038311587526622,0.4918525344088722,0.46611746950333255,0.3833747176060659,0.519032997534108,0.5516950295384907,0.5190438469286288,0.4508074458711359,0.48889948838025243,0.582050391709819,0.5637212131183267,0.5253678361287215,0.5272293540068688,0.5102976875397026,0.5731010042806726,0.5825653089962665,0.5340477638725961,0.3687019087102004,0.37217406566823974,0.492607539991307,0.4973991366669584,0.45664815128484265,0.48159342237092934,0.5346678491601646
61,0.3685573435118671,0.48023557849525267,0.4504149213775462,0.3167379673563726,0.5020706568806772,0.25028002726400145,0.49271927151127237,0.32286037167040166,0.39261517223737746,0.356072890239411,0.5224512854598697,0.41777407544607054,0.3203016772317251,0.3527938368051666,0.5010472879739712,0.5072101041679669,0.39664532675990116,0.3245400999905696,0.44412898096843245,0.3299452880015438,0.4391082090092322,0.38691363932246997,0.446462743818854,0.25334492941768266,0.37593660631829523,0.3982039940382471,0.5470998821427,0.5108484176382921,0.4238752934796106
62,0.27777307078572555,0.3161611898156235,0.15939515655389844,0.49489150037972385,0.2314691721534401,0.18333418342289937,0.3012231266210708,0.2144089716896083,0.11935857641390227,0.4522727690075596,0.28336664446418836,0.11745719663231338,0.24787796132439244,0.3898360220395353,0.26726578190166506,0.14813672195489197,0.16309705822397624,0.3585371944462092,0.3252246959754344,0.3103359649129781,0.3302090870762025,0.34601964782172895,0.20736423002782142,0.42996900243971675,0.27993697209385426,0.32333365766950495,0.22357655740257334,0.16010137253284876,0.32484138424788767
63,0.31041805560640595,0.46344655518421446,0.4384680584002544,0.41608014772068197,0.2974680991334422,0.33554350502586444,0.4160906597344299,0.32481844240181745,0.326571891008208,0.2932103932708076,0.3118275906395909,0.22220840365820446,0.345037907455653,0.4181429565853769,0.41502081744929614,0.37041683425041844,0.2377778640930146,0.4196328946331168,0.3705898560359035,0.2666946881961888,0.29675904145807,0.3029235937593383,0.41434075343760934,0.47086078894099553,0.40965517361147274,0.34108092054285544,0.5474385291624675,0.2900479366949565,0.4172304968580737
64,0.4802015930015223,0.6135483984224634,0.3390140325954768,0.3936715819715826,0.4445354854109415,0.6087282324761929,0.5056178925058806,0.4623259551141335,0.5375790641454232,0.3887779761263131,0.459030425769901,0.3825054865201547,0.4058581018980647,0.5555516632358812,0.13030339993535325,0.4652401126712898,0.5605765769981486,0.37853097408795483,0.6339643011079683,0.4793447541212325,0.2859733794846481,0.5758793198532736,0.4499701556312781,0.614720538031052,0.5365901181304106,0.36694231431682045,0.6385000203155092,0.3618604041277407,0.46213236314161343
65,0.486245604512296,0.4474535268995879,0.4674006491318734,0.310465047530379,0.34281771566886166,0.3668283590329939,0.3329069399412319,0.28042274897797714,0.43338730399533676,0.41324615477500953,0.36926282442799996,0.40722044006796515,0.3498127112356664,0.3612619157989388,0.39368337276139326,0.306607925594607,0.25188261756558883,0.38757808980328706,0.32581144619464975,0.309186126710236,0.3477412814848709,0.377227381735434,0.2904706317376277,0.35372874318341774,0.3549630527405936,0.3106370284503085,0.3554957642836373,0.4474801466782635,0.39568994508560773
66,0.7102740867245175,0.7703982838803007,0.6281420201181221,0.803914537294179,0.6809147079673498,0.6863794156993469,0.750320797139346,0.806313750298713,0.42256283497520214,0.7827866255486009,0.7352467123028774,0.922891459994136,0.6951310773127307,0.26502287634925364,0.9098641649945597,0.6835795846499123,0.9636252664134919,0.9078687413458714,0.6781966536846488,0.797154796364146,0.49810591731517295,0.8088683090517003,0.8083160518000202,0.9336606172941229,0.6536687753205623,0.8746824965401153,0.871666885207812,0.8159931420392309,0.9142233062756769
67,0.3464746416318878,0.38263088033116177,0.4276124563641134,0.3665876951919845,0.41424027238985306,0.43607723093245315,0.3155103244241604,0.4020794837101203,0.4014754852841108,0.4084068552308543,0.4128148429723756,0.328315689999555,0.33831415515663726,0.34276805683297484,0.5738911560722001,0.34870389439524135,0.3833900793720549,0.3758768134379138,0.44681242466324933,0.3061557621532447,0.4724265465718752,0.38134051662331125,0.4436790433356112,0.4045358916086155,0.30963381683072255,0.4502077542810834,0.367393755036307,0.3890886054173354,0.37701783038744024
68,0.5136763066869392,0.38544725074091607,0.46062635453126594,0.5287956222690594,0.588800593356873,0.5287442772144072,0.7755761843457752,0.6987031751261527,0.5946731273873638,0.4248414621765781,0.7448851137049479,0.4990113395044054,0.5429295400793774,0.5975957618575903,0.42387564852607784,0.49820109495771236,0.5407883769807901,0.5904395139279532,0.5624813127289505,0.4263511642064263,0.5362973895990394,0.5670568758975887,0.48689857949532295,0.7094272638782304,0.555721039558396,0.7392646204572831,0.5868882396360222,0.6286371205396762,0.37176652319890957
69,0.36562961443678554,0.39001044575920313,0.403885321390734,0.32641679801788753,0.33315438312497947,0.3677076302204311,0.46183826473635237,0.4144214743654203,0.2551404299039378,0.3808407411317413,0.26434495226211285,0.37748982443856566,0.2891192155037532,0.37379776282385707,0.43817308063698934,0.4306192578979599,0.37560805692216814,0.2607727595542754,0.35598609561733635,0.34051468192602563,0.28010637948566036,0.38598961748351823,0.2640815178014984,0.41634557739211703,0.29621830824471435,0.3767171842850479,0.32274945037415637,0.45767053419850234,0.29885857960245743
70,0.16281874480753336,0.32858806224294496,0.35258034696651414,0.24703559170106004,0.3664637916603703,0.47411609683296824,0.32717639274233723,0.34695332266755846,0.4105137764543024,0.35989532874265256,0.4643226584420615,0.3383808186391439,0.37429802056297246,0.25340402248058375,0.2955631450259896,0.4784315231942966,0.4393000712128184,0.1981385660077914,0.3660280522913587,0.35777426753394304,0.29539623238706436,0.3241906363774051,0.3571927794820028,0.31148231818271116,0.5208264680703857,0.22528503692283042,0.26089606316775676,0.17428282487494712,0.413372665369634
71,0.2816635376341244,0.1515262337174888,0.15422848649005944,0.26097269685155045,0.15882042381593028,0.15248985602921244,0.1547301201695709,0.30541669075826056,0.3125430193810492,0.28466808287137085,0.249730927566936,0.20587734056612805,0.4357396743551482,0.2489103878862745,0.08939019534620406,0.5274825752857301,0.36553189721160323,0.36032267212067237,0.13440928368606,0.3841745430245709,0.4845403546755819,0.4438110050748876,0.40703228569497546,0.19005630107001395,0.3260986763976874,0.32576316567084984,0.33174321577376564,0.5617475299240821,0.23848292113962583
72,0.4951415984969342,0.4266138975258689,0.4003175944069515,0.4897332470016933,0.45223888446264365,0.4236828432934909,0.3857232899122618,0.3967287213460997,0.4483992697701084,0.4396971828951065,0.5194532895298838,0.45563684742312865,0.48898717469383657,0.49205452176587133,0.5370912816993798,0.42806307367445956,0.4692755345567059,0.5061213501948988,0.41846521310070783,0.42994529986765884,0.4170280678144371,0.4580339674918723,0.341842508749939,0.5373368318170793,0.4259356557375479,0.4258676527694762,0.5100273016418773,0.46297497675638377,0.31286186530437204
73,0.3800066333492682,0.3926962128603398,0.196144570857321,0.32522858254419207,0.3639194875819081,0.6444454019836452,0.3307367804801468,0.5331850295659741,0.37558515762170747,0.22692937163479268,0.41485822267053235,0.5124686286638905,0.49197203991264155,0.62241484717047,0.3650496123836586,0.5569355245034794,0.8004555890298662,0.6810303039141837,0.20909171184727623,0.5218727963300245,0.21930187813424012,0.13155272047312425,0.7008928458966295,0.40761714983073416,0.7285816234457624,0.39746613105995493,0.5891086187901875,0.27606232706641676,0.12659611549074537
74,0.3391842226475235,0.3610121853177339,0.3779916996286085,0.5066998228743473,0.4737563655241399,0.47440384950671577,0.5654833865363434,0.395635058742472,0.44171348334607874,0.44481982443786533,0.464306043389457,0.5026827401112628,0.3862789334453451,0.4498175151358494,0.4808686264643255,0.4792040310989015,0.4243856192107666,0.4481054091546147,0.5027722085686124,0.38565809663094547,0.4145795953467094,0.5074841432745195,0.4172505424627212,0.4368715745187092,0.5691404614501795,0.44563318804425384,0.5849835521188449,0.4453751452244495,0.5539242211411848
75,0.5600209291078408,0.4896492323431077,0.5060861302909578,0.5208073238093105,0.5003844208972665,0.45943432945134527,0.5088159859614787,0.4267083820473153,0.5020793342431135,0.5017263132707799,0.4565673182989812,0.4119419560643292,0.43204241949381905,0.47291837797591774,0.5128849905135734,0.4000233639272962,0.5315926533670587,0.446373531275105,0.4884839801711101,0.5177023219646412,0.4894554577257318,0.4804583956295027,0.4064291470709982,0.37594144955211706,0.5109711240678849,0.4785121396820059,0.41919558016109654,0.5716493274415934,0.4720095223122868
76,0.6410690441476052,0.19330138721879675,0.4228249221165141,0.7019822250642417,0.40531564013180166,0.7226071426260948,0.6406069710185764,0.4256243523471072,0.1901293120008494,0.2506285801565355,0.42899691794783923,0.6719840251445904,0.38018410318841744,0.3345643860298733,0.5722777253369017,0.8536137088851382,0.3931586685382481,0.3131841285315787,0.5250331433196458,0.48735790026554243,0.652722690946457,0.8028497152497669,0.5763861120512822,0.6084386459733998,0.5228769756319634,0.6528607262878381,0.36555294827350243,0.6137632562835218,0.3663229146786539
77,0.5743515217852879,0.7240193668199848,0.4073713563290623,0.17265524637675994,0.47346174498741567,0.11878003369630179,0.6035007870226787,0.3035038943458868,0.4157148770999986,0.6517992854013386,0.31257071124253616,0.5509811844340835,0.31341810001301945,0.28205122116845505,0.33316188181102896,0.25671069515265615,0.22805165352922815,0.4800079224755014,0.20579485653922544,0.31019245266305034,0.6228863140203522,0.6155335116296647,0.39620342611108184,0.40179310091561093,0.45857799672561766,0.2382871466889028,0.4027676690816134,0.3129579219854176,0.32603275709842316
78,0.3676230351534206,0.3700775916614743,0.3123770937389402,0.33428457230408,0.40497790007503487,0.40830804390766795,0.34290787660920974,0.35800705044784054,0.2888839644349508,0.3160382356714628,0.4082362661891039,0.34480851337109014,0.3275506992990853,0.3553038072661776,0.5154748504572063,0.2542347460186323,0.33379109615516417,0.27891566405423623,0.27653172982715685,0.25407803347706304,0.389733726355425,0.3600869549986802,0.37063922566878665,0.30628152625925076,0.34874372392285174,0.43437929629527866,0.2081571120129617,0.33209966972173993,0.33636341815983023
79,0.32558155512952625,0.3233580959621391,0.24991601494009374,0.27904305829764875,0.48524458996738873,0.1818977233737629,0.4649998648245906,0.3691896800366198,0.4513881488720393,0.16079478558134624,0.3948698905219461,0.5061109666325562,0.3658767516447267,0.15010229540793738,0.2132998161424589,0.4064647470356536,0.3771391220241496,0.5134581762508091,0.38439831455565593,0.6531042136684385,0.4944514753756221,0.667657819016479,0.24996350315907034,0.14671925567087973,0.32215531262696384,0.30384611274281254,0.39736447639326505,0.6124058318582625,0.2854837883454294
80,0.2885669674111223,0.2816121974157328,0.30845582255996506,0.2763735875210388,0.2904721616400102,0.2398312652378338,0.19714753077875197,0.31975690100318616,0.3253761644872931,0.23480251865901497,0.24555286648698188,0.33416633851578215,0.31272603174008246,0.2806123979768619,0.32012663266490743,0.3217942668416746,0.36826979459186054,0.2335144891804142,0.3547288130514052,0.28339872265438854,0.2673858218296514,0.22840819708866988,0.32940667251307376,0.341973753260472,0.48168531628445205,0.19442371765293842,0.3183479726969677,0.3619028259033064,0.28280407001138086
81,0.5359823395334429,0.3946372417283289,0.48271910170770926,0.4003288233765361,0.40817223894911503,0.44735685017088395,0.46309712888942206,0.43366136673785805,0.4626540204655679,0.4113739374223482,0.4946049851521259,0.4760945236763639,0.43708364040563996,0.4524664492484244,0.4830649159808364,0.43582137630269036,0.4658840649096055,0.40782991082461856,0.4975433705392863,0.46099809829459937,0.43745638600609993,0.5009626549896828,0.46041675589318787,0.37725935328018917,0.4173815416512114,0.46125306111487874,0.4324423717114983,0.5068075769044801,0.3956473832790882
82,0.4851847548315922,0.4371288770823308,0.456210699833374,0.5344014893722104,0.39733434111556715,0.43672167258417827,0.4622501444288672,0.4861783737440967,0.39209436630803873,0.4335991588521613,0.47426189508019195,0.4131442780610509,0.4077500957705452,0.4441728871609081,0.5428250636025712,0.38176914355508934,0.5026184166215042,0.4435168443099842,0.41955862818610906,0.41464767127712393,0.41043968955924776,0.361572901121617,0.38262916273004993,0.43063007373186535,0.4740788587901709,0.4804159027916667,0.4115017562863968,0.3312098342722049,0.4347401816161158
83,0.35973049947003877,0.3834277116519512,0.3724548677627774,0.35909427194671467,0.3568589448262144,0.45832134158475585,0.36376524895282464,0.31401825212378126,0.3774529834763921,0.33799375553697925,0.3382094732716307,0.298227209790133,0.33761372116459404,0.44450986554412647,0.5055380653057104,0.32739560845398485,0.3821150479050071,0.3141676622954133,0.3530948583676631,0.2581728031174013,0.3921251455868991,0.3475798272980854,0.30403573595780375,0.2801781826093405,0.3962979477900449,0.41895416348848297,0.36754902043281734,0.32227025642167834,0.3545037640094128
84,0.592536664735775,0.5138431893817648,0.12907845763980638,0.23997769194268365,0.8846317894412026,0.125789403523036,0.7077618775677559,0.23348132583555034,0.5319295088940071,0.8424138751409999,0.3898952953688798,0.6316300746183727,0.22311982983186127,0.27177722083205774,0.37205619496973896,0.03931098301883223,0.270174948470356,0.5857942987127933,0.1473308654489923,0.25809538500794854,0.24342980573860465,0.41376328449929095,0.26731412244573716,0.24900629585994596,0.4063927969964263,0.37036278287290564,0.25875439957195895,0.4089915762056119,0.5027571196828566
85,0.6356544798606671,0.6138594406393928,0.6589786292237511,0.5577251776594175,0.7170807516122049,0.5904647237458134,0.6989623251628823,0.5944654336404734,0.5276564117294968,0.6454069744157371,0.6246796415941971,0.4382549075441823,0.6273537378901713,0.5588692864104889,0.6427558750091696,0.5658468800374038,0.6048669290638724,0.583654709101573,0.6349888992247555,0.6077948618598304,0.5435582139975763,0.45692981973431257,0.5252435132408801,0.5181101549495924,0.47240211072905053,0.6505153438162734,0.48934502363298926,0.6318407361271094,0.5523058423042957
86,0.4266612141169637,0.25554668159737526,0.3893806939906695,0.3569170177683239,0.3636919267577067,0.4846289559359327,0.33317384563082875,0.2738875943353834,0.36006159353880857,0.31697127378354095,0.2002852453295892,0.27551412991136753,0.34542488351430134,0.4029247112901434,0.4095412613241598,0.2877111181895367,0.351956329491708,0.3397128715926106,0.29753732563681995,0.1931359266467893,0.42389177925494587,0.35540372873961895,0.3048192409475943,0.23125777056033575,0.2934126701520329,0.2652387891853444,0.3473032415263844,0.31743503894427033,0.4298940113528738
87,0.29566865985172863,0.4394463580993465,0.21111397501499948,0.29616100514479615,0.25581773777119354,0.16040823759702458,0.4068103279104636,0.3833971246517538,0.30165282619598877,0.2771499103684054,0.3333847226961025,0.30722708805394433,0.3446262355637875,0.19412600996235,0.3932266981178465,0.271334182149522,0.37404451935994604,0.5235518418274471,0.1704803268745651,0.4509651884797298,0.40716909074122803,0.20918092536748334,0.35815707820228665,0.42712273382140065,0.18924864261856048,0.07211930972786307,0.2717190910909803,0.28136892883743164,0.25920662240689385
88,0.5482967334669525,0.3805629713928907,0.3544191840565368,0.23508643705574434,0.3483869208552987,0.37199152102867966,0.4518225320966624,0.4645282627011147,0.18765132095418477,0.49620139125645424,0.2723957606043933,0.40408908733537613,0.14144157542251623,0.35452019263904355,0.4700550720306832,0.16501778069004092,0.3805761772740566,0.23754252692202033,0.4042956831281367,0.30491848503927893,0.29731701993058574,0.28237994782167875,0.5964316911728333,0.4784092752420347,0.3679200727177202,0.5008054603521219,0.31250855700696334,0.22159345356399304,0.33330472428712765
89,0.37800895735612783,0.5063391183604755,0.5604249270296502,0.5556508617940548,0.4441123740298254,0.5162802636408796,0.48159146246936485,0.49034208444379274,0.5430372443085418,0.4287368023799826,0.5112420132787145,0.4489948041358271,0.48115968809981685,0.571723885524356,0.5390035612023285,0.5350611577060248,0.519920470511441,0.46918832983414577,0.4131771858976748,0.474582397225741,0.45239973160556507,0.4937080762318301,0.41846997312701545,0.6082570489010356,0.5317622150030754,0.4132700013774528,0.5500896161786581,0.5167719560054305,0.6269351771113219
90,0.7173245453604212,0.5368756746253667,0.7260767679436761,0.567056539749572,0.658241793096831,0.5999120238167024,0.7525093542637141,0.6037826025635412,0.7332834450398615,0.5324064275405361,0.5961346177187837,0.5324160094610783,0.6793578943289545,0.6634260503488096,0.6194633425012142,0.662552165667742,0.5723079309024814,0.5444085522408516,0.6260278261025056,0.6192293893675856,0.6900924390831824,0.5516540524617272,0.709017335768905,0.4622649436508557,0.6781954368884608,0.48973730939092763,0.6529565413366671,0.7330104194825108,0.45018285764887317
91,0.44009745713443804,0.48530859794387454,0.47348760845845234,0.45036460017679253,0.4032232483295773,0.43805099328977315,0.45778473702822287,0.48001136212635226,0.4212482419590824,0.3089791851139112,0.4926363234526209,0.4733273253453872,0.33481456437594914,0.41104748112518874,0.4711096006079026,0.22897161168902458,0.3230199065242696,0.35498861568906315,0.3756612607605976,0.3222918300551422,0.40395545307001623,0.3821401456596417,0.48747937378291656,0.4341534745460222,0.4151687876674171,0.4358471548523374,0.32134569246800093,0.5187993772937269,0.47906078281223713
92,0.46438517801934326,0.4814250593379993,0.4569002823977196,0.40122410707143863,0.44498869616102443,0.5217108701656479,0.4175320685174446,0.43575147159502065,0.4408385491613535,0.43443069130864687,0.4653820789212934,0.34522849166417946,0.3544254886782221,0.43869695267514297,0.4894022912345167,0.2830660685572273,0.3722177764415376,0.362506659160723,0.5033147437157677,0.302061095085196,0.3931632186619505,0.4647915795384638,0.37641872457915904,0.3941650190818793,0.4901942609410164,0.44395375693735256,0.3735016754493096,0.4229049770628357,0.35359129424515534
93,0.5159990449373791,0.47775807253855335,0.3692972914404288,0.39337149423084233,0.22587776994591058,0.3780529425422782,0.3669066184855602,0.2969037414819509,0.49719444739728796,0.3142904031476348,0.41559947497356836,0.3546435616121434,0.2882462473503641,0.4519095958757217,0.450410967695593,0.28759128133153494,0.2590226914631242,0.41162633047543595,0.5055710626482391,0.30624120188529524,0.2559234781148742,0.39635515838857655,0.5376894842651958,0.3482676827468248,0.39815978475758645,0.29836478946572853,0.3368984773531642,0.4094746882465184,0.45195876389711354
94,0.3997211050553647,0.4403477213297603,0.41371073782397383,0.24383197011669772,0.3918921920794512,0.5152771103175565,0.2805899141913381,0.3061260928284786,0.4597786589312662,0.4043524740093341,0.3405131453346491,0.2370912271543302,0.5558101598779387,0.3741183477484939,0.3371741559524921,0.27643817765018863,0.4531574163151977,0.3443368785465099,0.5268952060200918,0.1917970569576043,0.37163171778310466,0.4505160567236255,0.5296093739804975,0.5046073370583259,0.41409028916109075,0.4081050626248564,0.47447105922589067,0.5141701720136322,0.24806934232337213
95,0.07426538953181015,0.5296628596512746,0.42200592147189697,0.4084053154717191,0.09330628042275281,0.1304580662469517,0.1994694985161523,0.33432257922848285,0.6505588633199778,0.2521888096104485,0.3157842895693628,0.22547854832652886,0.7429672328670831,0.5854703179096519,0.4868831676961873,0.21053045795754688,0.522206735146871,0.19482610632720793,0.21541012062200413,0.5202523609878581,0.4333233323038255,0.47870759268890617,0.3239505740098608,0.5159370808223048,0.17759324384942793,0.30262337483565155,0.3921001738349643,0.3842245278990124,0.5884488328927344
96,0.24362610793101888,0.26850740353212704,0.740143458028321,0.7452970578209221,0.6644136034592335,0.49841245025101705,0.8550018684756898,0.5323146889373668,0.7742846796894347,0.43922780059973393,0.2930452948856979,0.6200863278331176,0.5120206098689541,0.2402381194052325,0.6728058292990641,0.7978540308422335,0.7338884352195805,0.7816659369435965,0.6518868049619214,0.7349344913809838,0.6252217051085818,0.882454878348075,0.6045038676822929,0.7765932561186981,0.6001399819337688,0.5035733703197084,0.7516406670764461,0.7399099963543372,0.7604728233813348
97,0.4309167165926847,0.3070610888868777,0.151370374175918,0.35768450258013745,0.2879679648684266,0.4872026756027215,0.41956505551708667,0.3549890143418161,0.26320006912795013,0.48974453263791384,0.3556783825895938,0.4102300985769064,0.5608387547700591,0.4401706857087852,0.6035219611211965,0.5519094686984699,0.4536318356571063,0.7773869474280303,0.44498633851920827,0.4174171870459712,0.15847364724765253,0.5868876390928892,0.5240149565403833,0.6472132393962403,0.22549416707371833,0.5505394762858418,0.20194576619446747,0.3371611311965727,0.5613208763678657
98,0.6220727156377482,0.5550809553388155,0.6368503930239434,0.5935774348734247,0.6594427900671217,0.44916203774102326,0.5904501726716647,0.4531373103088715,0.40219840099066595,0.42817005520064816,0.5970850437647796,0.38576837826682325,0.5763427386407933,0.392337951047714,0.5000854670431332,0.5540783652092209,0.641777336660537,0.4550366043842671,0.6818884586544135,0.5483534622559717,0.4605892174336951,0.44065905120377863,0.5462658393272908,0.5225864125582456,0.5431979920800116,0.5673226242714056,0.4356164136269801,0.5509484436899393,0.4836603280393587
99,0.5826755678721196,0.3683145349501901,0.49625607286853834,0.4260341639012057,0.37538167458954375,0.5749094907325832,0.4363623818430888,0.453679625368906,0.4372292747161726,0.5271986031290414,0.5072364771393598,0.43840346050067996,0.5464706084168084,0.45933391434474785,0.5022864149692132,0.4807685632628166,0.5040670337067857,0.48668647600745385,0.5363903420554296,0.47970561026528635,0.42820537119947777,0.4730603361377085,0.4731536781377389,0.5459224516586656,0.4852309933961636,0.4068328546767345,0.42803605885780255,0.5310112810984727,0.41736954987406516
100,0.8007448358197614,0.5987961578814764,0.5850255671870027,0.5895694863250677,0.6620669265483345,0.558576155788025,0.674577842073925,0.6926782342963503,0.7297926196045657,0.784546343259136,0.6086479123284929,0.580903337946609,0.6675081364754609,0.4892652703778108,0.49719204056267174,0.42646679039153546,0.24571065328562003,0.4922578132853519,0.5671616542365067,0.5157373218426555,0.7254006309661826,0.7059726433817174,0.8530202148906797,0.7016054654301195,0.5735243344096954,0.7685061171448732,0.7065031486102876,0.4813586627904855,0.6950747511554087
101,0.38426752487521504,0.4057162237402874,0.396804452705348,0.329779570418139,0.43541961992055533,0.34339839016231044,0.49376269608642825,0.4379637002123677,0.4189767189689327,0.4697260939146938,0.5285678454889952,0.3900164398566953,0.3733767165972279,0.505206991889152,0.5416952419654875,0.36161831680911044,0.5117498287825238,0.47353185489712096,0.4612818138234523,0.4470869239371481,0.3409978291469841,0.43420073878283433,0.41776841392134223,0.4576212509545423,0.47912576115066086,0.3935550317898776,0.5699952370036486,0.43359069365668856,0.5547217355922613
102,0.5028240220661966,0.44028370094545455,0.47258137857860355,0.5633959454789879,0.49321843336263643,0.46859077178382547,0.4555293606838406,0.4702085448933273,0.49804262987951375,0.5119797477318961,0.5296051400075371,0.49215687082631415,0.48225006194209874,0.5666460924481339,0.5391422555522789,0.41002830861225753,0.5211440039084756,0.5500202456847484,0.4582873158399673,0.4885458642448723,0.43843536834405855,0.5107857665091493,0.3929756395586838,0.5191165693302601,0.4459698112615906,0.4996362773096108,0.5453736976201573,0.5170003598148242,0.4021201994693719
103,0.8347254845841577,0.8561626995742555,0.9655595674562051,0.8016237094859869,0.9805392965131082,0.9407442067300948,0.6970941291919744,0.44141259508456493,0.8865680653368326,0.47727759274648096,0.9086251908853943,0.9041905102630522,0.6251888497300964,0.8117942479297746,0.6712720608464976,0.6230665907539837,0.8181017080844356,0.7300157941326062,0.8333565024698714,0.8947592739734439,0.9493636574748648,0.6864452083761438,0.571566304521447,0.5952764421322441,0.5193837501415912,0.876147955335696,0.662334436260872,0.18008530358807454,0.6841176475063752
104,0.5352290216439719,0.5407126206175933,0.6257195240883423,0.2948093116951668,0.45695383658949673,0.7157486996704301,0.6941183075800489,0.49233522969517907,0.5066811427773823,0.3260214420004088,0.5003040692090556,0.6392188136531792,0.755915296432376,0.570436108391053,0.48742601116566414,0.6572590307565728,0.8027069555151262,0.3570866208678787,0.6994809646960971,0.5641048983903084,0.28976152833507596,0.6939037155920731,0.3741111065259913,0.5086951094219984,0.41319085915754106,0.3528442824528733,0.611297453968049,0.5581369785851363,0.4813086004907954
105,0.46409259631321736,0.45044806787959474,0.478889633826232,0.3836305433230276,0.49858273062178127,0.4819392259712363,0.4906227541533478,0.5511090664284979,0.5054865676916038,0.47267679833611637,0.5994623335318446,0.4964497108490326,0.5910688382853909,0.37319127191285667,0.5513596927009766,0.45837934032650296,0.588515714123607,0.4659548093586784,0.4764787905861543,0.40523871329118344,0.4730245661064494,0.541580568165705,0.46752331103084394,0.5466750948282015,0.4544654417032809,0.5420196332357765,0.46383181968801945,0.43751088142228767,0.5321958878701998
106,0.705886691811286,0.6117589405036161,0.6103861628703623,0.615030340658116,0.5155990049625142,0.57595986551796,0.4816310087079247,0.5569174698483762,0.43292528462865026,0.5864574268268761,0.5497730515189551,0.3954077953217651,0.40511050701465795,0.4570721960032924,0.5966678961114855,0.41294907500883704,0.5855935360687373,0.6011915429581763,0.46332606435970275,0.4627698508349812,0.4476731350664732,0.48882010610814786,0.4103666307017049,0.47947721277410443,0.5763292740833289,0.5457872489211597,0.5865499531162344,0.5425250204304914,0.4482083950071003
107,0.4041853879390809,0.23764241199328734,0.47699392372302457,0.4589834166895338,0.47977424452638606,0.4574082367895166,0.4228252315111177,0.43454943208664215,0.5129141294728067,0.3732246968161711,0.4595966115814769,0.4694711633142355,0.33775382494839645,0.41020604270584876,0.5212489974625641,0.379034450680683,0.3974601302839091,0.438163563125,0.4765516846326056,0.48818698636474106,0.3676070422409008,0.49585007995939107,0.5540359615613406,0.4566222242591265,0.4063410536290989,0.3947601450259817,0.5597689863669221,0.4351384054814523,0.4649476920318933
108,0.41312186588351035,0.24970236296696155,0.35606049363347936,0.46422867627855163,0.33196425451535366,0.24617760231583666,0.4774114136482844,0.28746866759791373,0.4792234023961386,0.17076521709640008,0.43984593889764534,0.2055743874379432,0.19388574850036844,0.254240076111473,0.34918840896369724,0.32266462245961197,0.2987208520972095,0.3605186963293379,0.3494994901608719,0.43702740150572017,0.11866809401294749,0.30731385689696483,0.2734173270126135,0.3102487760590878,0.307387847579738,0.3896750659578845,0.2510178145058707,0.16314856837987016,0.18087961696848015
109,0.4918172281313406,0.3891630040304268,0.4255353649209783,0.47284926071470873,0.44276323651347527,0.4465186544090094,0.39520050100429693,0.4205817073025382,0.4827728235392716,0.46047721379376694,0.4357898254991796,0.48171087933128376,0.4325578380144011,0.46636974066116793,0.5480279621968062,0.4269586531982632,0.5080637398142402,0.48586667373554504,0.38597801472351884,0.4149540939167944,0.361971965617928,0.3987192888274763,0.32172541897180496,0.46154332751260574,0.4187897897841192,0.3840512847433471,0.470208303571615,0.5107127577980191,0.3578614589547914
110,0.4831865372897106,0.4834194377497672,0.4910426489135596,0.3373156145281479,0.4445810642069878,0.3674224445463894,0.44083240902404297,0.46634589317076286,0.4928069037462735,0.3653995642239041,0.4857612820858281,0.49753669462181765,0.42820917870675157,0.5117349407475128,0.4983513144104085,0.41391741603625815,0.4902293460190891,0.3763577266920261,0.42787734826578455,0.3883624682970071,0.3524670905565495,0.4644471031003297,0.5556852155690156,0.3467749175832365,0.4708183378671389,0.4717501975151278,0.3562396489409589,0.39782293136863994,0.5462328097002653
111,0.5343247388827567,0.4509084074409964,0.45045528233297727,0.3591168414475436,0.33957691191614287,0.6125410255404821,0.4459133073929658,0.4780360527302584,0.46162166660883514,0.36933184463287405,0.5820686576764227,0.38378281360336247,0.3760250668452926,0.5511340821125873,0.5547031908691631,0.6227016197052119,0.36527495580593505,0.49671239919787724,0.509473292637229,0.36898076804135516,0.4350890872510819,0.6254283521450134,0.5128506489997969,0.34896015297961486,0.6311056361369828,0.4911538896783041,0.4043017164986502,0.5730045873742097,0.4469340072512365
112,0.47670359211228286,0.3865420984704265,0.4296701265423032,0.39799295989726174,0.5765567594677599,0.33859183073767984,0.3454526323942192,0.3157050485711394,0.26892216291774607,0.4169064548371803,0.3778330042874047,0.3484375473804945,0.18608128677807997,0.40395228928183485,0.50984672839843,0.326752549583467,0.28370532038044344,0.3122449845812154,0.3704606230608085,0.24234318992243242,0.426146151516814,0.3627161082845173,0.5856647427443405,0.5127560519626785,0.48785449018324656,0.5557798057532742,0.3566915581520279,0.38726539785770253,0.44867304151376847
113,0.48442566434753453,0.38154309633233074,0.44645511177021224,0.44100304778253135,0.3601064066126415,0.4521078100566915,0.45519182414761705,0.43922570850259585,0.38944382345246337,0.4277941216798241,0.4674201016316,0.47915547057242075,0.471510959572623,0.4788880492922712,0.4806563006061805,0.4657642662520079,0.3456444160681836,0.4688788361439466,0.49518635658825183,0.3589452370688512,0.41064789269157165,0.4733459865477342,0.45688218874018877,0.528129048006474,0.38927742975876173,0.40433966083498774,0.4681508226843415,0.47627569155261273,0.34746313468993967
114,0.36644580844927727,0.39006012837940296,0.3964752757116624,0.2628455287120244,0.3269946331025041,0.2999928632808871,0.33716434868465384,0.2958214122444162,0.23132598632853732,0.3175870650149006,0.2929418006797655,0.41446109952718785,0.41825336610389297,0.43163898346839896,0.46254553112341146,0.2352671550871604,0.2325593978788918,0.38364430963106566,0.3220495379184189,0.19650172342482947,0.4808054087299734,0.26298332674732483,0.34888563334437567,0.40755042702673333,0.1927992121611082,0.5206848333767327,0.3255772274622027,0.49513615923564774,0.2099336771586332
115,0.34662433746448484,0.37189656917669683,0.32945671402696847,0.25608973067054025,0.3145903367501072,0.42406711579229167,0.46381384646845203,0.44968907619359044,0.47018689444675676,0.4232488206676427,0.3208583069385065,0.33849566989202196,0.41687874609583314,0.34784902547101004,0.47269720133400145,0.4704013660665116,0.2985430928585214,0.34672688726826645,0.2576848440909475,0.36217194510161477,0.2980013026414773,0.35690965647421846,0.2829467116734191,0.16205268927696914,0.3552569991569904,0.3064985065321109,0.42200146395290244,0.36015719524443096,0.34459389176695476
116,0.4747861133219478,0.4453044257070678,0.43269373942433065,0.3679944973800846,0.5050628758147108,0.6753774095284926,0.5278710598702953,0.5796611227523757,0.43505314168616366,0.5793903647318797,0.5763577531245331,0.3034609542781994,0.3055657208701529,0.5239116765008345,0.5677291324269049,0.4952516544065827,0.46734571635315203,0.5133711432949428,0.5275484705376704,0.44610900367819106,0.5003461407265561,0.36590946076278963,0.6181328329025569,0.47951492501345516,0.48148774839232783,0.54181294297284,0.5282182855634368,0.6052308514232678,0.46681782461812893
117,0.44025154203131506,0.4758243718729197,0.2776852200752647,0.3525589483867276,0.3414669691982033,0.4674915200578902,0.42446519960777185,0.3208241999183853,0.2953628416040672,0.27133489169044545,0.37632181171883133,0.37470546115848274,0.3474061931697927,0.44741638357803487,0.40075684096038056,0.3093615771582754,0.38185951235777654,0.40122008348507365,0.4332785375259365,0.3069330785049881,0.3718709637678001,0.6072558383185113,0.22531082816070522,0.590497129884362,0.5406045786496105,0.4136089907856816,0.5417932050473039,0.19332248793850967,0.38967043956505376
118,0.35769169910858023,0.41900455033847006,0.46623756945931727,0.5658294824532996,0.5242634452500837,0.41086721154313627,0.6209170152682364,0.5251843058264999,0.5003130002881707,0.556242577133159,0.3919990543391231,0.4323847633561351,0.39149538805239115,0.4032236138532498,0.5146364471348104,0.5285677823845718,0.524128563895435,0.47509842741343955,0.5240474992034276,0.40708134365899756,0.46873351890111165,0.5388295190146906,0.4197183420151666,0.4481740521361165,0.5065518757381898,0.5181070195338823,0.5653676489176855,0.5750627314842972,0.4064241978522687
119,0.5258611869689819,0.4379419371105897,0.40080052851453835,0.4003551781395144,0.3062159099266811,0.4418382600876479,0.2984718757179987,0.2943236877408376,0.3894803727795357,0.23977526982233419,0.3082227431160811,0.3635749791577432,0.39603840498413234,0.47945112854728344,0.3207997572780382,0.46664772683009115,0.3715947951011625,0.290431024720367,0.49960464151124756,0.3986945966244737,0.33195250851590935,0.4386315352725608,0.5088541346585413,0.42252208019666254,0.4774379776499603,0.4328605953085869,0.3721336887855912,0.5235545490644452,0.30992492665354565
120,0.3113616407226191,0.4243516882846043,0.4884129407687947,0.5150485258758914,0.4629202011030187,0.4648929649880673,0.5863826733589212,0.48870329185761036,0.5680929512662755,0.5242823973822601,0.5649606348254149,0.36308061977978817,0.4743865269625273,0.48985200561883263,0.5072320938945893,0.4055560385691188,0.5483760061347634,0.46632571482908874,0.47610553534383226,0.5151994773431451,0.3761252990310195,0.491946982697378,0.40375263018592217,0.5802378952306206,0.5211298045051107,0.4786046077652789,0.5482243172127567,0.49614484777565826,0.5350232397751439
121,0.46663027951473557,0.4112370808491142,0.46225039119177236,0.44510775447017153,0.39895248254271887,0.4536642759405786,0.4426531807775709,0.34767689116179007,0.5012167449849081,0.36495435661636777,0.3481609696650527,0.36244140904858,0.37451712190802405,0.43944664643895714,0.4520118507497262,0.3458261609135893,0.445983679363256,0.36704249995488125,0.3856117925284285,0.4273530194859936,0.41014855544816314,0.4286745027053238,0.3901357030717255,0.35170681745390353,0.425054378505752,0.3841672008446404,0.42722075004738735,0.47569284857991223,0.41117682325656846
122,0.3826794614868034,0.6887928157050625,0.3448232615449913,0.6559157964476022,0.17639127505482985,0.1726900898323066,0.38965969151539487,0.5738228687732947,0.4776368800425456,0.7211785377157248,0.5871093949610322,0.4254949429653547,0.44258017753827217,0.15629780850560296,0.22731755270531695,0.6058656032192491,0.4783222454837865,0.6312955149360996,0.5229646572995429,0.5731315240207193,0.23404477497570914,0.2853506696698215,0.3544376522652492,0.5200918535104023,0.2859710132763373,0.3995012623940873,0.27402594339673747,0.15875080402605632,0.34894361784082845
123,0.9948289303093436,0.10389937105513312,0.24635700671209707,0.0017535144646006972,0.49755334304783005,0.25940183561309205,0.7778151336536167,0.02762077905315728,0.12837158269780238,0.08647104639005898,0.4885844112187356,0.24147541153693852,0.12615582689072696,0.0005677221673087341,0.01433417877220816,0.2737261647378937,0.004437262546998281,0.9640800280749926,0.004149067614199155,0.850438746866419,0.625061613658896,0.05853020430571253,0.039679465489070434,0.45066837328787196,0.004717791716605582,6.390065105460161e-05,0.650041272998483,0.10648325313902837,0.002193023034730416
124,0.22901288961647343,0.04805295141079899,0.16181655981298548,0.5309576415339202,0.7547564533136811,0.3026258043084065,0.7735604699755898,0.15569109979374304,0.7919848008882594,0.4385056555682393,0.5442992060413595,0.5335103018767766,0.5425457296143973,0.4116560878358821,0.48293154939869787,0.24932820688680493,0.5074213272781718,0.1993958630334406,0.34332901794815285,0.5999745924715885,0.09929959392529257,0.5985852692875361,0.5126217967783585,0.6693269348522385,0.8627695615126566,0.5761572199455985,0.5897554300319122,0.19457167565384745,0.9037113995738452
125,0.598057117300742,0.7844186071412077,0.4572047391323382,0.8302671733786866,0.6377112482433347,0.563704827867129,0.6295519846124306,0.2707646417368261,0.7498371295851809,0.4712595216732226,0.3987764870845938,0.5763031725274312,0.6860492941917714,0.7822215241215326,0.5568200462712999,0.7763752704842207,0.7214855313154913,0.32351321311220355,0.529635201038463,0.5769918598944128,0.7138412328305765,0.6029344595296061,0.4316914832541001,0.6328705835166235,0.7262995709120712,0.6534333108626531,0.7372993439932589,0.42913429983247625,0.5948045791200312
126,0.5385627027290896,0.5441008926170898,0.2658061883368044,0.722365681979116,0.3605506280713381,0.7166300017030761,0.7491308937108184,0.5488387315654323,0.9194411321724093,0.7033106018133701,0.7445531934485256,0.6102557410216797,0.6671214889531,0.43961017560632565,0.33246116853396335,0.6789051082645631,0.6586960805555537,0.3619975338453266,0.13775972792174,0.4844155553890443,0.712751556332622,0.3159324719507739,0.14560268414273508,0.9141773982861255,0.41664432277096836,0.9728349660311923,0.6094905370047647,0.43143557327937593,0.859337201986374
127,0.4517552748996909,0.4548949457004266,0.3649510722900239,0.3487093041753233,0.27426021011483986,0.5177290672104783,0.36626708443135214,0.30826678964839377,0.44637899310848017,0.2242353066929864,0.3317581267623666,0.34571529705382986,0.30535135973895694,0.5117153097897135,0.3909562000932479,0.3822473820377935,0.37788171143874116,0.306977551235943,0.4019497330400211,0.3733311325263134,0.3402054261284459,0.4240230313819848,0.45411798218187566,0.42511514505517595,0.38969737298197027,0.3759172735867994,0.37359374725327726,0.4154917800336291,0.3185187286443774
128,0.5155645996314194,0.794528443855052,0.8732682919252787,0.782751669225051,0.21271546904666094,0.31698183976095196,0.664838297691454,0.5434078942768095,0.7805265045241727,0.21121534975891437,0.5049803088384651,0.7707478022337544,0.16924430855835976,0.28691702920369483,0.758634802019663,0.41288467529932765,0.42577046917991807,0.4070759205764669,0.8007603625435505,0.4746296651314436,0.3600328812187024,0.2229334187042801,0.5502739722185918,0.4607212711472638,0.2167479173830635,0.6138731011182924,0.41856164769913934,0.7513929546791837,0.5095826726341869
129,0.14699744923355604,0.07437616372514257,0.26077260468429053,0.151148469895548,0.576084092403169,0.40190621754501216,0.3761615645343103,0.7887356359751524,0.19306326570827356,0.5018508860391423,0.7575800030208047,0.8033750610301171,0.14889618502006394,0.11747886414570036,0.07303302225015114,0.22834983132699593,0.653476395906962,0.29522527654519237,0.45556851772076035,0.26542834032367446,0.5238296308303457,0.7342311603125787,0.16632615356133792,0.36367889116115176,0.2551064311421279,0.5596602366448175,0.7966643354856946,0.24192338672709038,0.8252236930482267
130,0.4191096377087195,0.35437668734179334,0.3220414308730358,0.411726464327403,0.23876132466697444,0.4540116426381836,0.3574591914978164,0.42199951946574105,0.34909931932328425,0.3914824284981324,0.30677122065862716,0.419938153154806,0.5151506016198194,0.24545095377290344,0.37325570721740636,0.24728991725777527,0.2808455840606355,0.47424139726241954,0.32026369400281784,0.47459258694237966,0.4181812992296791,0.42355255534778885,0.32575819164292646,0.4387986796707928,0.5273287884770947,0.2678127385313297,0.4404309606507719,0.5166186899912177,0.5419752618349052
131,0.19443107143012087,0.3210314287257782,0.3828741817404366,0.35479649095754173,0.38833485682592345,0.5481707733170552,0.3034858228355855,0.22849981943624276,0.3125230173699515,0.3310857626297552,0.550973397754003,0.2873994829388359,0.36164304812353987,0.5099245655404077,0.3623964007604946,0.373088195108666,0.6321619579572958,0.3604627237209316,0.6416451518975985,0.5178449391855103,0.2529204900359735,0.2435860867009163,0.44078749450266563,0.2615091134400265,0.4129805014008662,0.45301382182832806,0.3570738538958009,0.2711899945991799,0.38207954533562344
132,0.3805981362934513,0.32622627352267874,0.29404469099953434,0.2727587898153889,0.3037675289588168,0.4359968250178908,0.3718685368936161,0.3334389631941523,0.36535250357089355,0.3291767745428982,0.2862013452769895,0.23331108627675354,0.3210754230501811,0.33886018844886945,0.4211764536210911,0.25185390859002826,0.27880297825425054,0.27418368217557176,0.2792162606181705,0.2996047555399438,0.26348747409475165,0.33038658839107415,0.32611987034688195,0.2826316335701734,0.34047864320110327,0.22231891938763987,0.32153312821151103,0.23410908739176758,0.2865760649270537
133,0.5165491512949643,0.6731869322600372,0.47296834272051436,0.4888139199481432,0.26304862441690774,0.4837401620596231,0.3567093422542519,0.4645849351213311,0.5150210251520849,0.41899952816239766,0.3644515102148828,0.34840127693288664,0.3054674083732861,0.5480997726862186,0.372250762422595,0.5389423473894974,0.3140394361224381,0.3626631212440304,0.5782431084833822,0.4333375486634508,0.2469968634889321,0.482981092693924,0.6341769474519282,0.257605618216899,0.36955153475792774,0.3418895507410609,0.3524291199024548,0.5091858490131709,0.4157991544721235
134,0.408028140409944,0.3948487331784777,0.32566680426152156,0.40592984194148035,0.2948579809323022,0.5150314030097134,0.31541698530138434,0.31682344700186854,0.35652675598909916,0.2558952544419299,0.2383293253787624,0.3433100979638504,0.32434700776803216,0.3313204652077749,0.5022901574248365,0.25684911753918127,0.30932742534226865,0.29117019049127846,0.3352170919924266,0.2602842915488984,0.418558445636616,0.28671200428434823,0.24954309411859205,0.23459448119595513,0.44347816305820137,0.2350012369015211,0.3183364350456208,0.28602798475638186,0.36512878012819144
135,0.25389992737782646,0.36642224668992973,0.47944865266637915,0.19686752064131166,0.38968724882613837,0.41355428551088425,0.2424414225428139,0.36693871691829083,0.2787661316470311,0.4723981570683009,0.17844380410477384,0.3134535504585384,0.16590593446645854,0.4322702304009513,0.34915440796802977,0.3179439881105353,0.1602586875630688,0.16920591792157025,0.2797801445174709,0.10927715838628599,0.5612637422639434,0.2786528349089344,0.185885785664937,0.43045569128992917,0.22086101191610258,0.35680479687995137,0.34311602428792876,0.16146165137868904,0.4612030097271204
136,0.21184131309306878,0.43458539696229087,0.36449830672946687,0.5424309066493425,0.5093365854516143,0.4485239258445794,0.3621849896785339,0.44436757174506414,0.39996005270393353,0.5525084804247243,0.4134285320049135,0.3346018233008186,0.5386890109048604,0.4307292206771283,0.5948723249034374,0.43558362030427455,0.5034157411580661,0.4309505511372845,0.37010290373669263,0.37333473911509374,0.34984835050726765,0.5004669870004069,0.4042866163439017,0.44161601030051156,0.375934533014008,0.4526775372279611,0.3934271071246208,0.35519875000143586,0.46384174853700105
137,0.32035526676345005,0.4639946489925603,0.4844443537487868,0.39507526941724946,0.46564586147332265,0.480584231920622,0.48948511939910067,0.3424723132341672,0.48895461086179526,0.29661444506316587,0.47292738080784497,0.40759969258219136,0.39981630800405044,0.2579560630697819,0.34255672473444326,0.4077546249033036,0.37100400641532955,0.28053395928970626,0.39170963041435747,0.3443276082172819,0.30584980486976737,0.43785679544856265,0.35655956639243247,0.5187773816991483,0.42039412715215957,0.3418752540382684,0.5310516674128625,0.24068197837378655,0.494947571947403
138,0.46815255029749053,0.294661405778097,0.383102872388727,0.3803242418347818,0.32772199868630314,0.3131660744297649,0.24781008096520252,0.48459457941201733,0.34208013499985934,0.3604232057798652,0.47317537630832013,0.3706056688444434,0.44034140143508943,0.3114241937396451,0.26824664437825524,0.40779114699087304,0.34401086394249525,0.35802378870524376,0.41121912819740697,0.3620428951669015,0.5788577591450518,0.48069349261162864,0.34735882691073194,0.4047012820502817,0.3530155423793418,0.43695980412410035,0.32777881456730246,0.4191798374584789,0.4990798784781822
139,0.6148658797061468,0.5014388934831415,0.5966559410993538,0.45915345218381637,0.4820305050965241,0.5817903682135944,0.5676793990059393,0.4663972681699443,0.5231348820148797,0.5037864223251051,0.48468446819679334,0.4550832029439973,0.4761884032215433,0.5736772673118055,0.46860517377004024,0.47962672001815615,0.5123197533884702,0.5165956394473906,0.5288209490105805,0.4982142124432915,0.5419293210897235,0.49054734113708864,0.5612312932564543,0.3401517013650622,0.4088725700497187,0.5244133275207746,0.43413026888131984,0.5120883686548435,0.5052190107813503
140,0.8588014867794279,0.6546179526899347,0.5223581372600231,0.43339336997853617,0.6378352426528345,0.5273640483725218,0.4724597112616538,0.5477146348327381,0.8374516643446496,0.7036704297595703,0.49635250377835277,0.708624037147491,0.8696884972535597,0.6918041666039861,0.3986593530372344,0.8978892973967165,0.6163808931299889,0.4688704117859858,0.7571576548160865,0.8668663672380145,0.4627063099072129,0.8908070510984079,0.5500931316220288,0.7340596395923775,0.5783072924819088,0.3273651847527403,0.39784510216099234,0.4462698513871568,0.6619657458628293
141,0.3971184614310277,0.4536774607124975,0.32380411387920416,0.3910306570996513,0.3693517128768094,0.46374464702697177,0.4204074496778933,0.39179533981433545,0.3769685136149056,0.36493747935965964,0.3930318951129158,0.3703703441737717,0.322784741459221,0.4931544865554112,0.48142545207299253,0.42025570347345514,0.4247563897644796,0.3465712799241984,0.4148996370332971,0.3211001178607525,0.3077125983322292,0.38377396331317265,0.29873816597449593,0.34004234173482856,0.41955899377159517,0.44583766780096146,0.4511618276433722,0.41539868770718474,0.37504194538450625
142,0.4761334366165902,0.44921403962820466,0.5476545018570363,0.5457443975559244,0.532907292889115,0.5160921712848082,0.4454541917404678,0.6409158014420615,0.6263833323324932,0.432837112412851,0.5012730754549294,0.4403242831895674,0.4586670128229774,0.47888738985160184,0.5592263496324071,0.4682290359300191,0.6481587846296782,0.5811746307601473,0.5520490991004026,0.5580273788475444,0.5384087557689684,0.5696726866406464,0.5144089155688639,0.5803914493396891,0.610250767462508,0.47687241628468807,0.5530628565309973,0.4751616895961544,0.5433673453507755
143,0.49749652484142537,0.4267891595149443,0.4191040708434061,0.5929266555229824,0.6520952765204262,0.5007216900897263,0.39534985754229324,0.5010599057161143,0.4949918652934973,0.39143087402537174,0.5300813084876154,0.5911529289800725,0.503361893287737,0.47829664378088216,0.6373722734962717,0.4790387332217464,0.5102161930650903,0.3977813692719863,0.3973578746800827,0.5316364916364823,0.6862808855451328,0.42628033157651773,0.616161779540032,0.3911507295760415,0.6039694013062026,0.4836681267750747,0.38137038033124027,0.38710004440565604,0.42790862334113605
144,0.4355365778490845,0.48739877097553136,0.7108373907878666,0.6503794939204988,0.4491188319896259,0.3771343605981151,0.5224565064625342,0.45866389212272407,0.30110942642771815,0.22930935973308847,0.2285284940854948,0.25689369247143956,0.31224240544318416,0.5517075962605004,0.46637964092797085,0.45289981410548336,0.4421255006116325,0.43900556080593095,0.44542250448873877,0.4601441640839211,0.4442670751336186,0.559651545493644,0.5040763777347287,0.2998669587660569,0.6794844863378071,0.5325624527996877,0.4467208023350147,0.6134859161916376,0.2951392338534996
145,0.3939836200115849,0.6905655492869704,0.6522214030972929,0.6920043966530272,0.4723443491886016,0.5975189161542018,0.6063970326031354,0.4341553351687166,0.4691356918710809,0.5358588439017752,0.6300343142327468,0.6861360170847425,0.635398711268386,0.6598218271710976,0.7530874508597452,0.5511104316252928,0.7490543622246595,0.6867675445169722,0.679867266976329,0.6384203894143798,0.7180505428794368,0.7399584680734409,0.5521200961584394,0.48051289894463345,0.6865045315441929,0.6936479210072342,0.4215230847901702,0.555505283334636,0.5722782409509047
146,0.30458649895362255,0.3502598579735621,0.3962932365781776,0.4851366128141917,0.48595427680421566,0.47894530719668227,0.46397661500196413,0.41824279394832176,0.4398769108877842,0.3727940215892136,0.4579962640755346,0.4445750833530376,0.4617696974072087,0.40789403548899555,0.503123902131152,0.47507731454505503,0.4138275264655336,0.44395570156176395,0.4864424267905317,0.44269770461854235,0.44126054277034893,0.470595686937829,0.4242898305726439,0.4444682923567741,0.4662789825344052,0.4278957995183797,0.3646645496711391,0.481928677055783,0.40914812289962543
147,0.3825368926270698,0.3613893996250925,0.39088067917558406,0.369070975153471,0.42664116383043216,0.5056086183242154,0.3702788677764859,0.3596935421563723,0.37750463292821673,0.4800263216292717,0.4847645592748022,0.3947296974971299,0.4063739668905115,0.47560584691340146,0.5522241485362117,0.3880626198378809,0.40867556992320253,0.36943282140955913,0.4355345047454696,0.38197920858785006,0.500867723102512,0.34874434171797525,0.46535995802692237,0.3941528522325268,0.35552835442599345,0.3362124548047796,0.2983197107897623,0.37860754244321104,0.44673622805374974
148,0.7163645665883908,0.5187828071131703,0.46889576818597856,0.6453352237188191,0.6125417278375875,0.4208212873389795,0.5477003328004489,0.40140448227141656,0.3415218525122524,0.561070258035621,0.6288632896019114,0.45064453953925254,0.28920871615580646,0.4681519916769138,0.5724094739139177,0.4045552217270168,0.5527235023361573,0.5884719706461699,0.37082670419802555,0.5483777776533885,0.507372647823894,0.39054888301451685,0.4239998134014225,0.5206692196373942,0.4584353341994294,0.4538389287312901,0.4449577804849435,0.4878817764591186,0.2832572799818893
149,0.6277307832222575,0.8975082442442489,0.3725866855603684,0.785498913844901,0.2501840482792991,0.6856807233951271,0.30249076350513876,0.5183107507617131,0.699693078819951,0.4320012923971263,0.7562352273661523,0.3223058422470303,0.5335807459195886,0.30851526149032965,0.5089905694427437,0.281848137117642,0.22426974220308396,0.7474205757591702,0.793847875867515,0.6927113489323525,0.25716929656087895,0.7613681993812279,0.6498721734985723,0.8896068654312628,0.36508033300811027,0.7011088357803686,0.22161520148083955,0.34797487450850545,0.5626895950731663
150,0.0007898956824988112,0.0029608290080765333,0.08739468057743612,0.003296760368814848,0.0021272692398775456,0.0034843803423797014,0.0009840693723119753,0.240938896410348,2.1781423090842265e-05,0.07163065035251766,0.00031401398932406807,0.0028015412185586424,0.001014071883265344,0.05480451167310147,0.04379788929114796,0.00018769321393091428,2.8494275239028826e-05,0.0006268228906543596,0.002879642137479897,0.022554476292730198,0.009072451693357034,0.027015869194584125,0.00016306079264432772,0.0004893257267739785,0.0006602146834621233,0.0013376700929794616,0.0003566866121242794,3.0554221654523274e-05,0.004591417558702215
151,0.3398153590532684,0.4360522599916474,0.45483148979503846,0.29443471727347525,0.4021223270790834,0.40079445393599733,0.24721477414140383,0.31423321709443797,0.24720889527190773,0.40343580456924594,0.320981209457576,0.2585322214910244,0.20858415917627596,0.4137196740073455,0.3806731161527242,0.2856637182116721,0.25892594005919445,0.20594474775370286,0.398870636033067,0.12132325148718369,0.5368470193517298,0.36418991115550964,0.34026376096610034,0.3754605202072926,0.3044298103344056,0.41575410638183435,0.32374497797963026,0.3307392162092915,0.40637556074230646
152,0.5231476595192689,0.4943477263769828,0.47496081920119315,0.4444834493113641,0.5079428351717442,0.5425633545820364,0.5259144188160433,0.5561746337949329,0.5453519480238057,0.5158363692706625,0.5931573972044678,0.5237415941184735,0.6144422248869797,0.4424604689723315,0.5396596620372682,0.5035727547597303,0.6627101172789155,0.49371790869803794,0.5596211072772145,0.47983070645453463,0.515436587997912,0.6104700227662381,0.4441108406067817,0.5764257891188372,0.5048179372623987,0.5096364709521009,0.5899425324723048,0.5525196256964574,0.5386709605019067
153,0.37264763062507195,0.7442942323907347,0.8777736820100882,0.36097208129604097,0.7222671870649328,0.8749481467420935,0.7446976597912033,0.6620436051667227,0.8066402173380177,0.9281601081313336,0.4806959441353069,0.6736349461470945,0.8601819128600121,0.595409344095627,0.8844904939345279,0.7006363441401978,0.7080271349708912,0.9376949485472428,0.8137960843882823,0.8506808579619911,0.9172882596378076,0.6426596553540073,0.7245375598267532,0.8500315637393997,0.7746538308486118,0.66293629533536,0.916613549337426,0.23978172190841215,0.8327984765871137
154,0.23591827004907984,0.30619470171628277,0.24115023780826214,0.11791061873761614,0.8174114188694649,0.7797150455490649,0.7684379320930298,0.44004442418923184,0.8118832646826238,0.6349381931763592,0.4736619693260993,0.4953528517569784,0.2991349354947208,0.5575634395440641,0.8296184168040375,0.38077382758769446,0.5782966988180764,0.38542789030399144,0.31851912580653496,0.7121046639061245,0.7456526049044947,0.8811630345137241,0.8886239926146077,0.3759075588988763,0.4715310931168852,0.788889625891788,0.4515621212941297,0.6997419215442441,0.45945844155106313
155,0.5073524550514776,0.5022508884565218,0.4936548254896329,0.5105138513888984,0.3802809453638405,0.49180973847702936,0.5762105890280901,0.49613103242792495,0.4594693346005077,0.554791834093726,0.48707688936931576,0.4488858119965379,0.4534577333397093,0.5206462710517445,0.48107367619280916,0.464236643730081,0.4762201692747179,0.4464966051625122,0.5699373621738812,0.4963795230643818,0.5234361838453552,0.49038804159954164,0.5288979604581966,0.5444301976547838,0.4588849588247897,0.5161377676099915,0.48687332240561876,0.5630398663051784,0.5346352271592412
156,0.45195369925150286,0.3481651733091208,0.36666206552536856,0.3264386702880305,0.31129548842702043,0.44042483798191184,0.4649115171754912,0.3869330326181477,0.424737471267695,0.35743928859255186,0.46236190654724646,0.26391762986359624,0.28350158813356924,0.3700407635486536,0.4267025072105763,0.3856907297445078,0.405888078169792,0.21994275761796078,0.4279927018925691,0.39284533179928427,0.39572728497473586,0.3150627661609005,0.4893341746807454,0.30863761101370113,0.3909512139095181,0.4035227113190439,0.29827010736969,0.34795638857493544,0.3648123993292415
157,0.5599809835446973,0.5346968010546143,0.4331313618597918,0.584542180950927,0.47559297820232366,0.5174902374537027,0.49210044704930617,0.4309927658372859,0.45682024461783693,0.43347339602212653,0.5156927081682653,0.38574252176089724,0.32259657553087373,0.6244569835885243,0.5901950744723042,0.36217828855350404,0.5887463854855013,0.5256362493472234,0.5625422742617385,0.5361852762137399,0.4982547826366821,0.3872591264718048,0.4914447065856572,0.5778028192288568,0.5386250582625574,0.4823076481056693,0.5190663373822592,0.26480515557466583,0.3519934740149624
158,0.5700161106117377,0.4269191280140917,0.5158087282968192,0.5759681244185565,0.3874996570994386,0.49920635073800057,0.5932284451759722,0.29599413717892203,0.33642062710438403,0.6134229680943111,0.6532090008807276,0.621989018330364,0.4588166702115869,0.6258765973487506,0.34378356177969266,0.7122636968083386,0.5644587323301252,0.479728301685191,0.5569341279571598,0.5666449584126457,0.680798233049911,0.48053241388485807,0.498497933480013,0.6363176309758348,0.5949022427862313,0.4971564576512247,0.6102650551639568,0.6288691842871382,0.7366060855179802
159,0.3163710568088772,0.18467756017172918,0.2542701099498096,0.22484139949646062,0.31954576158797776,0.2894714086557183,0.47727435072431534,0.3140136145406664,0.3318665884276529,0.21626494258655027,0.2920403919002793,0.2626728826872981,0.2356364765301768,0.32825788702053177,0.23318998713813557,0.27615547884359537,0.39372293511282563,0.48405928263691766,0.46960947934498654,0.35346280719216655,0.5315206471993524,0.20633063321263562,0.4432800185099731,0.15217142905704856,0.3718550866472295,0.1792417015959877,0.3923097934478632,0.08242358714822558,0.21029589246950536
160,0.5356470815563119,0.33266603740861067,0.5461571009152566,0.49136477845735105,0.5581149272678474,0.57770982880134,0.57067577908433,0.3349254249533778,0.48766991952581,0.3861133035163934,0.6678941436221987,0.22721347668167288,0.28314720368260055,0.38848899221202493,0.6667568671109517,0.47185130586104046,0.4748218043453864,0.5338517817378271,0.442762242327398,0.33756250753369504,0.5383353596006121,0.32392800768326185,0.4521617171045594,0.4409851667875461,0.566706232635073,0.4620543135901363,0.511475732903809,0.1393826064486465,0.18226592210609924
161,0.5237773593172923,0.6576182241666575,0.3019935297638913,0.27174555224010716,0.33558934242665767,0.6042153873970902,0.14864629315606068,0.4394978915313316,0.44481817862139245,0.28060309639829484,0.32141518028512817,0.28763729915141795,0.5382936810764732,0.5405969314810849,0.2679009725522178,0.6566277420406164,0.17297354403750834,0.19217110654262448,0.6779130185484878,0.3703132728728539,0.33567467586228344,0.3467168746997861,0.45728197208194243,0.35096759387271137,0.5430680225187183,0.14303475745319932,0.6035535339628392,0.6512572446774019,0.48459872035899154
162,0.40622854222159765,0.5544514302741442,0.1999985897706529,0.5600186776688894,0.1608506291418712,0.229080493648871,0.6337901988733308,0.014331017849464995,0.01818846963792066,0.45644854158361114,0.19188846132207768,0.47156553633749965,0.2210324801949238,0.43444942339556897,0.628491814002926,0.1398820629507814,0.30204349076804154,0.14720841236590615,0.2653999120859186,0.6554101962130648,0.6565600800064181,0.22799080073453387,0.5877946542168189,0.39408452346400674,0.2636738627229499,0.25915878936340103,0.14550962308505105,0.7085740996540876,0.1144050508726266
163,0.26851508558199744,0.3014183861440579,0.2612138058887562,0.34222067899040765,0.30845246364496337,0.4467116084886437,0.35775477664103794,0.49260567342739464,0.4090892090587093,0.23213569244523694,0.3095384698387524,0.23872688861518682,0.35841639915342094,0.2891047024811063,0.020326417204079867,0.4019872013503386,0.1945510180759159,0.34930295022895724,0.40933454415832193,0.3733645370425215,0.11016434293198246,0.2372013403985625,0.3408241240318524,0.6359989746669532,0.3210111524895905,0.1342356237615928,0.5635210374936936,0.33088412539848483,0.38594386076088677
164,0.5546466927063132,0.4571011686701171,0.5184753857523846,0.39674220322225884,0.3357306520471259,0.5692639723799207,0.45216897938692563,0.46030527810525534,0.4536955299037356,0.4870621249468923,0.5058708462307223,0.4554550933609783,0.4259796650778064,0.537029678486753,0.4565529652578723,0.41747752977987473,0.42296255318293224,0.41679648599451163,0.4220714517300504,0.5322671933792322,0.21367088525075684,0.4896667598172232,0.541318555218876,0.42148630425910866,0.43633162716143115,0.4752725261465684,0.6814004228768131,0.4492036311825634,0.26030432952787874
165,0.432195059029892,0.4074080321329711,0.43902194681503587,0.5684048931604762,0.35885071840202826,0.2824032197391054,0.4157469666563686,0.5102474494251406,0.57485289205814,0.596445321881281,0.38652417542767875,0.5989962931789587,0.1594715283349577,0.4639434725906808,0.5634724704360438,0.5438990305253714,0.37968226084187556,0.3691273186995993,0.5593749396986966,0.5188629378125806,0.5562377150258785,0.4680763620630228,0.5228848438024027,0.7105214785801527,0.5302855697310783,0.5120823833829684,0.47867539768468625,0.6461243895312961,0.5126271032997642
166,0.36990095834703485,0.4619930205304579,0.3767826203740278,0.39780777105304155,0.23706501244543718,0.3835416619730479,0.40232640801587854,0.34589932759584274,0.34706441655631737,0.2960368328937465,0.396096902822651,0.2882507594638058,0.3323437225939135,0.43741931883878943,0.5473148477122303,0.3534066816985791,0.35778118578744184,0.47061916333345816,0.5130774933627712,0.2625800276718292,0.4679080989288098,0.43568423628353115,0.5042873651176258,0.46223900394541667,0.40263382056243396,0.33019992904090517,0.49478135718492083,0.36396055618831136,0.42879764273751825
167,0.3484160696015798,0.4461713628819389,0.31644106461006,0.13786775145160401,0.28984964555342185,0.34149885367984517,0.32696643138228043,0.33221262075457453,0.30477103598021593,0.1790867134037644,0.2755293431546723,0.37600153311436285,0.44193333521854633,0.2471786078505262,0.48982009950679845,0.544255656926513,0.274946459669285,0.15661839360368557,0.22018147443207134,0.34500900062890644,0.18534456879879718,0.27955580733503804,0.4599939839359552,0.3173152101497849,0.3327582851048746,0.37089514751837316,0.2750491673218267,0.3563984447548379,0.24790065516199075
168,0.3670855595770966,0.37177318380610314,0.45335975260832645,0.4358843689533489,0.40071262429869886,0.37241361413049556,0.35991724697999855,0.37755524447850203,0.38796139780119976,0.36411357919812837,0.40561492227404444,0.32624029545224736,0.35664280918153457,0.4547244409510234,0.4802085783226283,0.3599852288935728,0.3764332490716194,0.3687068148229435,0.38743545369317944,0.3650199193794214,0.4041896323226972,0.4192755742896995,0.3769837534157141,0.3543863289404997,0.41685463677287227,0.38986971692655353,0.28681148169895637,0.42693780977760887,0.39957093309230607
169,0.6937105684356155,0.22710047313111223,0.20967604732450731,0.3886397433653885,0.2226383037801765,0.3017922635536508,0.3019579502210773,0.09786461214927626,0.08416303588026361,0.2842311351392503,0.49755476878996435,0.2650293793913701,0.11717873892273156,0.2933670522648029,0.24772263309587617,0.5437346773428184,0.4715656821227268,0.24953337539432588,0.21400321887280582,0.17329506181608023,0.1563927721513267,0.6870674409716543,0.5714177600912987,0.3059543452162536,0.30805913946235036,0.5931003134578458,0.3046076674926967,0.314869307358282,0.3157264457960635
170,0.3968962812910844,0.580201534126682,0.5379824527391578,0.5405281535337924,0.45255584860185655,0.3294161173595975,0.4693626145159621,0.5825832261595129,0.4733287306350288,0.4723462156440698,0.5155361019212912,0.6668274993494191,0.36516559717947183,0.6627054057043982,0.5665005047792172,0.37878996297776557,0.5710628941935242,0.5965385345038,0.41291750210668965,0.5771423216789515,0.4174758051977183,0.52559015342079,0.3541540539464466,0.36411379098471475,0.5201193402027301,0.5843429508409692,0.5247957578611082,0.549928724976532,0.3680957892268775
171,0.3561023055665674,0.33275947690233293,0.42129242655038135,0.3617176431368052,0.41313517391151955,0.44350575993552344,0.33347358851107367,0.36438673662100796,0.38876087809802967,0.3868139937618626,0.3669221983366773,0.38022671672935543,0.4042822334300254,0.45098219229786346,0.3835343993717111,0.33148919806186633,0.39354500038865436,0.3748473859852433,0.3610356278962717,0.3533541520451631,0.35894026271458634,0.39049942667814924,0.2749611499718797,0.36974978656614366,0.33635153554742436,0.3945072806960681,0.3626268133248293,0.45805902353758765,0.3112749847929066
172,0.3267409820458532,0.3891501261379323,0.305769724550907,0.3534428297397224,0.47197192938609883,0.4322570439583908,0.36200254467087767,0.4198762906636406,0.40185566344651663,0.3474004002699287,0.3521091462514932,0.32079138188834866,0.24937053361649383,0.3648600924131048,0.4404046381526489,0.291770745990147,0.2567891456247535,0.3478194548955984,0.30090506178278215,0.34572102806806426,0.2842902113953818,0.2958648432799192,0.3656116301018629,0.5109349866990078,0.3109478099458185,0.4792198632540028,0.303014585953043,0.36257976106421885,0.3483374274370954
173,0.4904199296632108,0.4167153069215873,0.4901886362652443,0.6353567390482978,0.4344488628198155,0.34627930175444505,0.6628651949924043,0.5216220970558035,0.42875222242786465,0.4770818075781518,0.4254275106248879,0.5645133381890877,0.46325860539595104,0.6275314355494072,0.5814010281951544,0.6183075921611553,0.4299924710473965,0.5829217254101453,0.37392591687555504,0.4896127306295155,0.5819482798030962,0.3496433730063691,0.5630601135038928,0.46123178508405055,0.44555929614675144,0.48592198440654655,0.4494180445703832,0.5338005382167069,0.570897664013713
174,0.3937112203850957,0.6023894594296099,0.3076816048573853,0.19179331533954053,0.09370338572769875,0.16177383142666105,0.13625101103538778,0.06053494801538933,0.20847536677713302,0.2982075186200592,0.4672479331921013,0.1041860208930183,0.4434465999787298,0.33782178359511567,0.2812886375912408,0.30838069820976033,0.26733411679559616,0.2805357947406075,0.4749867344823724,0.23531239477211846,0.28146872021733244,0.2877452525524593,0.4306294474563161,0.35489700587961964,0.21961434747759045,0.09950191328985553,0.4306854121536968,0.2269220371194736,0.37331700348821156
175,0.3369545135369562,0.3811067409964161,0.37762958248283407,0.3429634243668335,0.3931643594749871,0.3749585743349734,0.31857457837707664,0.3666218771662455,0.3864604077721576,0.36623545025725524,0.39956729335062785,0.3080740723148252,0.33763160226648087,0.4698350042382656,0.49554549591747754,0.3437390262308682,0.36961074172480723,0.33294427926174136,0.4186588458966673,0.23330591473825485,0.365028275182145,0.3794769823588389,0.2857100522984123,0.31032884299755276,0.3436024786715497,0.4187096064654001,0.3213455610974164,0.33105862438487,0.3510564000834837
176,0.4132276554935919,0.3772050656063636,0.4278024122584961,0.40396654201828963,0.3287788268351524,0.480513975490046,0.3950366335354809,0.3410920207699959,0.4350093702924089,0.305369828327542,0.35277746267970433,0.3246999039055619,0.3301000004480263,0.40622368218514815,0.49692495097201134,0.3268556448836682,0.36809846109068106,0.31560896719951553,0.3323676251072777,0.31566118563409984,0.40364379435120123,0.3723598269389475,0.3372593981564947,0.24738835299550171,0.4064132543634824,0.34710144332567405,0.37101794956963446,0.3284851051531446,0.3762953001331547
177,0.42159656094388054,0.3279581192427347,0.37811801877962725,0.3793289853729146,0.3913409157577732,0.4509704781123477,0.4133623812380025,0.3055447012152566,0.4273228001645816,0.32622493709463224,0.3039946936100014,0.35331520191589644,0.312488945331398,0.4252990905760716,0.45957077388491874,0.3438483630876505,0.40337993821975904,0.3604672885218025,0.32967798377755597,0.35195442069884475,0.3910500245187694,0.3058495306704734,0.31037924921285165,0.2997664611486526,0.3438523881235725,0.32602594732095336,0.36803872428347384,0.42357225266210485,0.3827460414647816
178,0.6004683326905843,0.5496964289371774,0.5668014971191052,0.3989393044086633,0.5014475614738372,0.6970642601546067,0.38800142159591966,0.4268748409938993,0.4506237698019014,0.5298945307151155,0.5149894224858765,0.5167855050168649,0.4666553538342542,0.47757912088940735,0.5828406417588955,0.49744599890973473,0.5666092695968223,0.6340228953201108,0.5868449401693897,0.3711600382144353,0.37864465443475137,0.5307095372561441,0.5150588424576823,0.46983591773643263,0.5462194283206804,0.5392861341328805,0.45279355154516465,0.5838182467811742,0.45889450478337174
179,0.5208634825772085,0.4726872234397886,0.542157256193708,0.5151861232743921,0.53265345149296,0.478971149687707,0.5933827318854907,0.5162626364950161,0.4627163358698024,0.48458770307758187,0.5261658324502332,0.48699262835723794,0.4098248110889429,0.3918305086214373,0.4491303768955332,0.4973407756711927,0.5790683142304395,0.44589105631982257,0.45787063694836977,0.4782444705446485,0.46017953348477975,0.5339082521966741,0.5115179171370359,0.544690478019199,0.4733973159468008,0.5106793840431517,0.4844895941800061,0.41433028566403174,0.567183542819307
180,0.39205646954243717,0.4097266932357705,0.43913580369086347,0.3709026427790036,0.3866259044817124,0.4424787095701,0.39814320692720173,0.3289007123542971,0.3664238781365071,0.32696245511641475,0.36802524351632354,0.3370062689924766,0.39124457260626533,0.4674632840455258,0.4309144436250115,0.30569996850805925,0.40332136101209465,0.3451924996774907,0.35557827845779116,0.3480252636093703,0.4119687638379171,0.4592469091617891,0.4139038881399647,0.3513309710584968,0.3930574584367177,0.471268369933313,0.3830701942781867,0.4227557602455434,0.3615038429861283
181,0.3441511824189705,0.3522558004127689,0.38564412549948984,0.36324898490385477,0.39203960867887117,0.42999887955267674,0.2868392197171903,0.38988779816789293,0.3510737133887664,0.3059555485688608,0.21077701954895517,0.32104143660795065,0.3904276491054415,0.32442143680253105,0.45055178333470897,0.2427342382557122,0.4350744044867805,0.30309475829961013,0.3102273878245523,0.28527990195003494,0.31159594320008743,0.3203922948073207,0.33514419682204083,0.36537121182818366,0.43455295283480616,0.3513275564612234,0.39130186818757046,0.29636769659234097,0.36579034009920813
182,0.41203174433178624,0.3270136075106052,0.38273507408411994,0.4319320620180952,0.4575914750742767,0.4677627738733275,0.43399329298444717,0.3552805960902088,0.4343542423086334,0.3982974075735819,0.3495915586470037,0.4291531526228056,0.3679469893900759,0.46099767873173175,0.44207429508651214,0.38707590592528707,0.469394777626773,0.40923351120816565,0.34761982984460665,0.39060375214280607,0.3717208203995935,0.3233330183161416,0.2971274538295797,0.3487091232300595,0.3617089471868374,0.3675434160560683,0.41553349282558566,0.49426902666839295,0.3556699278611369
183,0.45595983738580437,0.45621906550375874,0.1946741481631447,0.4010665192627687,0.5097541656521295,0.4959905466028678,0.4759744279285306,0.3070376095724235,0.3875066438056318,0.4055093047127814,0.4743924680222193,0.4645236361232686,0.5713243411013712,0.42932405679648494,0.2950996657022098,0.36740306935056577,0.4108001755353915,0.39999530727630506,0.4334392123560635,0.5325316754406175,0.30544489003869674,0.2901192991023132,0.35405431744922494,0.3831187412714077,0.43784646590689685,0.2888858797117126,0.3488273974148265,0.4388074988079082,0.43195162364968664
184,0.2659585179377947,0.5161136808649176,0.3205364571735012,0.2872937844073217,0.36229499386526837,0.47763304198427886,0.4993697635684177,0.5576743784282002,0.28484695977736224,0.5899774500787892,0.4468679756541303,0.5764863931070431,0.48845223044590547,0.5980027720580263,0.3616039474663923,0.4938675901742753,0.26279998879896826,0.6190622470271766,0.41507995160638433,0.43047421437614714,0.6846973868519566,0.6053361918602361,0.47947829763396727,0.4695025512286746,0.43028565442876965,0.609471509003669,0.3904219527401394,0.22682431350102294,0.31492641820869
185,0.3544723684030294,0.4036708448297613,0.2531742403643757,0.1670339658652823,0.33380611511047975,0.46108554952046915,0.2597172555706213,0.3003098785913208,0.29130115897221437,0.394383544137665,0.2939273928508493,0.21831640426811502,0.21929197757591484,0.33005037982476887,0.1673612790744796,0.31261875295680625,0.36282601749554,0.22032727041161876,0.3411326522244536,0.3043140740635456,0.3047759345216327,0.4800950924479655,0.324751526754067,0.38836549411676186,0.31251575031384043,0.20215268889245988,0.3891595538056729,0.3303486432643917,0.27036388835037345
186,0.441355910876284,0.37406408258992363,0.35021099982612475,0.38315710274794534,0.3771376755933891,0.6699745390502674,0.5446367062569104,0.5648565592349652,0.1593108681590955,0.4495069075307198,0.41007606764550497,0.5159239657403527,0.30959774345856433,0.5790271601959227,0.15730028724952447,0.3900349186796789,0.4718076068095434,0.5405019614044324,0.6301397680756389,0.4096581182516712,0.5312932698460615,0.5063943390201654,0.581015442039138,0.21944770931563104,0.6074908893693503,0.45791839625510017,0.48598001074760744,0.2392991205107287,0.3775563556047208
187,0.469141477916574,0.5094327766885285,0.3400799381434889,0.3842458400986411,0.6028908377250534,0.46615447939069643,0.6159674490916398,0.47915945945837085,0.42747107336038775,0.4354854038469085,0.4624145529670918,0.35588883135044597,0.2314400912273419,0.30007280837536876,0.5299723604088706,0.545103721429518,0.357900702065559,0.37025822971793265,0.4749565482327536,0.32270698734141745,0.44412120785681114,0.27716250374588897,0.5452052275342865,0.3010233659969522,0.5734884238563025,0.5466319956815636,0.3413127634738072,0.37180799660523006,0.4773895233307342
188,0.4969884312344627,0.5298182592164298,0.597378015733833,0.6068450967789467,0.6080073053072739,0.39446916890094097,0.5361539433999665,0.32739352982822684,0.638625342767187,0.73576878069845,0.5741062655915292,0.5891622065387356,0.3623157089292032,0.2755412380829666,0.4767072895294423,0.4551845678401973,0.5444089700277828,0.521343255354198,0.6524946038941657,0.6138182149312226,0.5170251111561923,0.37727992718098335,0.4909623940006553,0.7452060571141167,0.5310353996094055,0.6125129011659114,0.5193906988431294,0.6489251586833715,0.6284107436508332
189,0.5806299128947023,0.6511228294551511,0.39527126975317617,0.6321257327735758,0.43914780200947845,0.5659285726580661,0.503616409328776,0.6728524963962789,0.3806596858935843,0.3697713737543416,0.6400418201451478,0.6411517398924227,0.45189603588692284,0.5409854496004791,0.6153715622199912,0.6264430381958901,0.5226262850942569,0.40866636220210306,0.6699552612665364,0.5777647967635291,0.6310822825448977,0.6220008604322915,0.3844422217312505,0.7117068001909406,0.6565764487403783,0.6726279455644754,0.7369149949810279,0.43174650908927326,0.6705478433771311
190,0.42202669002846416,0.34783322964801205,0.3881535608408927,0.4294906325023723,0.33767802441843253,0.34075300774237455,0.4129325144023192,0.3769494552780737,0.36486846508851967,0.38154213564254524,0.44881658360394705,0.33737756815970954,0.37522938723013527,0.4831706997755243,0.4487081388553897,0.35283710811757024,0.3667523314535068,0.32461068115555586,0.3351650758083396,0.3000812100866327,0.42390421337717393,0.3650193429014602,0.3860273474137049,0.4048002910639214,0.38789767461998703,0.38348925993183913,0.3846864108662724,0.3768862150570795,0.3848182107661153
191,0.3511703970297322,0.3904700036173331,0.4304350855657057,0.39867942801890144,0.466884487864483,0.511739158660063,0.41243462290208005,0.366400015634753,0.38557214327774325,0.45729698950589814,0.455970666986833,0.4022000273915041,0.4062008259683327,0.49550427558548116,0.5509881217780266,0.49563189810880814,0.357302422392741,0.41957964152599964,0.3575025406736872,0.3960268831834097,0.4432770348455133,0.35360346151584077,0.4432875277861047,0.4175826231524605,0.37326459228245834,0.43569665970394544,0.33676656759598333,0.3842648411939333,0.3471179785434658
192,0.45301303437985374,0.2815119574844442,0.47519997844263984,0.45762151345511404,0.42099262058663706,0.3367295372875725,0.42158883530055713,0.3753748539537922,0.3546175196902214,0.47209122489559535,0.46844591113354733,0.5699302553987835,0.3760220460457691,0.34450096585108136,0.4222685236427107,0.4019142973968125,0.45738956850318013,0.3592268078958929,0.4447672856081733,0.4392601673651603,0.31672553922757324,0.3588542561941346,0.36140953709693113,0.5006652094481142,0.5660120138530556,0.4512604071468113,0.4751193272803097,0.32832065073714944,0.4057869941067375
193,0.8044560331290935,0.7685921408468318,0.7375293712785861,0.7329632882482641,0.8201367111819311,0.8938310555047866,0.8292506913672447,0.5993245908393812,0.6469974048633279,0.763149446373305,0.691962263217446,0.8161146795575455,0.7423177910311922,0.7802338092721333,0.6661861272157217,0.7776063455128793,0.5002616453195401,0.551782944857961,0.5978599021336396,0.5770154679449742,0.5644077395045505,0.754689182690139,0.67479146504171,0.6511204230144013,0.4318066605031862,0.6238062841174447,0.802188551959134,0.8231268573553799,0.40028584460963346
194,0.4013972052207075,0.3376043868671998,0.3516033714053715,0.3486325132349698,0.35483554559266517,0.38859628423395026,0.47958734281025095,0.3578679555501678,0.39962728546262555,0.3189114596757357,0.4353435074308078,0.39998440888818904,0.3752426582993357,0.4123820837331844,0.30739093040028137,0.35593852161050366,0.40708297612425154,0.3519333872948464,0.46642693400617496,0.3981075305534391,0.37987750978732054,0.49983917093779606,0.3879599387136775,0.4897647252110483,0.3820487766893047,0.2610099749135072,0.45923805998098416,0.38784264776406796,0.37598989136351313
195,0.3490745824096129,0.34490553316789274,0.38002137702645117,0.39427369573023535,0.3502711794277897,0.4890842841132073,0.37779498852482096,0.3750243829257924,0.38762894343812565,0.41924230834887316,0.3030034927327402,0.34174931270944875,0.4279787001462013,0.3048895026082944,0.440745284737506,0.4127598872424996,0.416826444473014,0.2973421323921634,0.5800234175498761,0.3901860976994129,0.4356611745473964,0.32001834616659924,0.3483673326816279,0.5098888360611297,0.42710479547298663,0.3575513515512949,0.3912049924213314,0.4987197216485686,0.43570361468678476
196,0.3314575783637317,0.36724437375926544,0.3791365485222435,0.446147235763842,0.514695524068475,0.4429966685058559,0.5271044030063999,0.47683975392650674,0.4625471489145913,0.3586232468765224,0.5100640240687693,0.5303723950525517,0.4216790606455498,0.4795574437535449,0.5158884588143875,0.4281506230727326,0.38333503827390303,0.4499064317492047,0.4418703562855379,0.4954125343003544,0.39433285550324276,0.5488490349490379,0.4342580027592866,0.45632201821830315,0.3992211263885801,0.4603138903407726,0.4091848780595212,0.4992086224139027,0.42574885912734534
197,0.4962255395265547,0.42574312296743005,0.4894764918942035,0.46906996529487255,0.37988623296698354,0.4046454560838471,0.4343232010471927,0.3922365871299111,0.4862925351720075,0.3843972956418338,0.40991295281141227,0.3567247887794371,0.3216720190716809,0.4445971361508031,0.4688022198807985,0.37524369100308513,0.45118525720178904,0.4052255337691777,0.407669474811513,0.4354963774403206,0.4062616300308712,0.45326698343505323,0.3977964667413246,0.36204861797125104,0.4362656648941163,0.3853417872154714,0.41533172403359003,0.434486641534326,0.3730029203275966
198,0.50057856011364,0.38932812874646194,0.30533578836822406,0.14971707839978837,0.39283280042656343,0.48459873790743235,0.3035377033942473,0.28752227932491486,0.3464606340536724,0.36002479632854356,0.21926226098696225,0.28029126898834883,0.19017264350519508,0.33118298427941506,0.34279424324248803,0.4473552124247721,0.4340385263453269,0.33540749432638195,0.43976651930350935,0.30346488598900245,0.29843010807904236,0.41132325223285576,0.32551929716401046,0.4140995060970843,0.3518754784740963,0.2965527086607271,0.3537062243152497,0.4364708622360172,0.3272336778946806
199,0.36556968176326593,0.36359123257519727,0.4249509140222736,0.45513829849993853,0.4911482217833215,0.44413740722215095,0.5558444101923161,0.4216096498019694,0.47255038973051333,0.4047064937893121,0.5168901947048256,0.4535972912724806,0.42352396855229063,0.48434509474689064,0.5207170577375029,0.44172251575001625,0.3828056914105202,0.37263175702182605,0.47470011859172045,0.4455474690331214,0.3943472203134753,0.42279279148162285,0.48818134017654335,0.2791674563108003,0.45837751344049565,0.43971813207651306,0.45482970119609506,0.4984221857876416,0.38538854041692
200,0.3837679987876023,0.41711391870394,0.4472285217918823,0.3795038974454624,0.5559779950520483,0.48642274914659056,0.4556124310354144,0.37540953311337993,0.46655318843368165,0.3847400058873464,0.47450055849584516,0.4335412826148179,0.3953365193723534,0.4093136118820936,0.4521644192991811,0.4314766780707948,0.4192241902738792,0.31544496733880856,0.40495732971595716,0.30702070626973527,0.3988400895683628,0.35524290015405635,0.38350785244406776,0.4543500719281548,0.3486475940252139,0.5355645702636199,0.47817525764189794,0.5032257373593091,0.3910018353314045
201,0.5146946558517763,0.4223619050602058,0.4917629755842648,0.5166142884825836,0.45808469041713684,0.3957822933318817,0.4583863550607454,0.4982479805761913,0.429658245721224,0.39271905867436196,0.4921805475173311,0.34128965386379356,0.4086426069089238,0.4996522754075559,0.5059352988490015,0.3902607614701703,0.488973344191993,0.45307801108675005,0.46382571241520903,0.4538275808418756,0.3906216409891842,0.43326153055397937,0.40177947659904023,0.4936110232721073,0.4201189477265749,0.33398408974877825,0.45624901517401933,0.3759653127888937,0.4639962665322738
202,0.4511958438202233,0.49997018149428496,0.7038728717417441,0.6398598653241304,0.3663893078896283,0.5011889539415403,0.35459823319124695,0.32998879914383267,0.4241957050930052,0.6258574877228141,0.40885434544287214,0.5039668792967168,0.42993615224665244,0.42085440407397445,0.49472475516887066,0.501664110235329,0.35599959105440154,0.5925112568882211,0.43462016177290586,0.40694993508840643,0.4819208941814984,0.451760480682842,0.3445042513288663,0.39922343385582076,0.6260394221110622,0.3599399258054485,0.5812619542079337,0.5493001880924676,0.44855215637159584
203,0.5324966152122779,0.36890217964601274,0.535333821197473,0.4593450044550876,0.38241553915381093,0.3881481218443904,0.30147798276335636,0.4445544817619681,0.4842019235295684,0.49866943899544086,0.39126708923794357,0.3669538677086608,0.40480151781193585,0.3915935624555933,0.48018343785461876,0.5239476068985319,0.41780633440160414,0.4751895619982082,0.37524382495490677,0.5635681305060529,0.5297620470783696,0.47608017642974354,0.4140343062644202,0.48560424421446574,0.46982038010096333,0.3101957747774791,0.41955709784755996,0.3147531461181612,0.19265124092332053
204,0.4556738278838577,0.49884241180858196,0.39262309069518214,0.5035585539864911,0.3613412010518842,0.36433730526524777,0.4143421541731035,0.3844227663308068,0.4054875808339808,0.3843009021368692,0.4874863991252312,0.5466682517695639,0.48534088082630844,0.4398085653131146,0.3967490984619891,0.4792317590680569,0.4218887367749462,0.4504632616915328,0.45348459336461444,0.38727476621132345,0.4143470748598037,0.48229606130702196,0.3759571644500871,0.469934874555899,0.44207297012475777,0.33127741411886624,0.5290981646868493,0.5453196130732382,0.5040644723385416
205,0.6610869872868583,0.5741603164962166,0.6095020135563108,0.6424931573031073,0.39792399689293634,0.6183995181281676,0.46670772764416174,0.5734834521470449,0.28121282372668427,0.4483764822785638,0.6937342398879508,0.2707638333574955,0.37373578240981353,0.37683107891497053,0.6018303821338081,0.26817796301448826,0.46675574454540214,0.5192583280715191,0.5669262189733446,0.4410867046131197,0.46612517489688976,0.2893694357918817,0.4065267173400907,0.3515638301091539,0.5861905638874401,0.5786470515506379,0.4900135146916637,0.3842621126856513,0.3123410779821339
206,0.3283934712267632,0.3530330857281604,0.18763301502486052,0.3516281901649564,0.4311263932406776,0.4512347471363217,0.28446825890211885,0.3578463715694661,0.39334954311480486,0.37015177494585366,0.39372799246983897,0.34666190370883276,0.22169270475377711,0.41066555427267704,0.4240522099406644,0.17230680144729432,0.45484675973614985,0.31417890420962047,0.3440735579599702,0.41913667491543144,0.25375813179202905,0.3233792880264145,0.31805277442420393,0.4629534060957449,0.4173626584280671,0.4086707584717728,0.2776595752650478,0.35994710425458587,0.2969183770532323
207,0.4176262138373625,0.363468526283925,0.3760765872367819,0.36992648588098315,0.353199574988115,0.389510404886827,0.38108604937200957,0.36847097811041957,0.3712277573137703,0.3464652011531484,0.47900170882193427,0.3700131155714903,0.35932173043178234,0.5021641445784987,0.44720454479334143,0.3685619849694329,0.32851263942351094,0.297265662224104,0.3484128478532502,0.32709395186298623,0.3877406898364635,0.4004241006641302,0.43053749044336415,0.3670669522163843,0.41196329604295184,0.37983740797447946,0.39460022414359547,0.3761167810778378,0.407930476667022
208,0.5074271487205377,0.5837826049058774,0.4875870599284266,0.5066385744654718,0.30550035832615674,0.33556094296335714,0.4359757118163264,0.3834365683893303,0.44462513794503067,0.478461321795795,0.3883744481463511,0.5651821113092222,0.3379158785101515,0.46979356327613697,0.4477781481633014,0.3145268870882807,0.4890852828479656,0.45942314435051357,0.46518011060748204,0.42899502573891984,0.32921925349696074,0.5578262148364375,0.44210750488745965,0.2979837359821363,0.44171875021692125,0.4277241800115336,0.32586237388889017,0.5463114434090256,0.4437313071536229
209,0.6364789211558547,0.6521785799699789,0.48411329689798915,0.3187975219563918,0.4201534655544279,0.33278343830227375,0.5059352710650626,0.32183984600273413,0.3177176603955042,0.6833412663646018,0.6612089474913116,0.5443070980297827,0.3227646213484628,0.6029087965219896,0.4773456545242154,0.35363530089118783,0.32889373475814754,0.40513536108067555,0.4551468539735638,0.24150771308309057,0.3558707336214399,0.6279553954378349,0.38032171674410425,0.4245496182616947,0.1883231918190544,0.3005341198283437,0.25754689964751654,0.5190130836656145,0.45629857401345075
210,0.48228802684518285,0.3567006260297108,0.26133458063642695,0.34370062038300514,0.5012037038148025,0.3692424712578182,0.37832056269731773,0.33864874640888437,0.37021363712286354,0.523149227059618,0.41279783945738,0.37255965584977335,0.3455156968401992,0.28037650850022167,0.38354439788763994,0.2783936255578638,0.31298110251837946,0.19451728198211993,0.34505775197738764,0.3966118819347727,0.4116529112243899,0.4169046701887851,0.46153144271388363,0.2372531819285358,0.39466449654758073,0.39387954145808207,0.283314823308042,0.39146499875389984,0.5079105422948943
211,0.31958789585992753,0.3850840009311578,0.36996903169267387,0.29479743231806976,0.4098427248404169,0.4182085218127604,0.30330885354769344,0.3643428631291213,0.4675903916862607,0.2708344039744589,0.5277241982439307,0.3360810285947876,0.5474159945192913,0.3720751695494572,0.08792360621492644,0.28076866125550143,0.45781528716724895,0.4831937890265868,0.4552089966658751,0.39581516564651736,0.49535031764724524,0.31908598782907105,0.26549817333267134,0.43062281766901317,0.42972553711807315,0.4834399718332428,0.40146394846542216,0.6742922530860627,0.40014135189037714
212,0.5533553555465974,0.549463306581535,0.6759330818584363,0.7060685670356762,0.6146916401109236,0.6603807797070497,0.5846930049158022,0.6632428117403614,0.3112800325160167,0.6127000174567624,0.5550842431701145,0.29413203249402164,0.6727369638189807,0.3576817769309328,0.4731222807660004,0.5908979781165004,0.6641909206235663,0.7161778626308237,0.4790794872156351,0.42736447622703466,0.762590959692832,0.65642787244463,0.5893375471070782,0.46048453833511926,0.4184739697066738,0.6611983571442145,0.4652679921083918,0.2075380217067856,0.36731852169807033
213,0.6266969086358345,0.43898399855815984,0.5462090574898699,0.5140329191573145,0.38793447654394475,0.5601167920440169,0.7189388786822349,0.44063477619047237,0.20123557197327632,0.6620424926101042,0.45972667127178524,0.2127197498920161,0.5450869482257931,0.6621249527575608,0.21464023824133768,0.5211341765901679,0.6089948545791366,0.48673893599858625,0.6835432946496045,0.4575325983811363,0.55643409276619,0.4128777207256846,0.35413676117395365,0.3710099729595066,0.20976881144388818,0.6271435510889809,0.31447845988788076,0.4691194496271613,0.5704619850065797
214,0.5110546742798358,0.42876679640634646,0.4818564478526406,0.3785920599232121,0.49854917721641356,0.553240154335256,0.6612969790547393,0.5991440885850384,0.35131374172494506,0.604840492937404,0.32369036050757233,0.4247015152934613,0.36013215695152806,0.47087676700085934,0.40110246524466525,0.5732767914908983,0.5099304225384226,0.3542462132008867,0.6217832180474647,0.5074778329604905,0.6136188664749246,0.46814437037663553,0.3314645186528184,0.48557429908937016,0.5053041488882772,0.41368200058671145,0.5872687484993498,0.5397099788451605,0.4511669354813446
215,0.4344085389012282,0.33763611495076434,0.40395782506061156,0.652697067994603,0.2495427848562185,0.4779006858776609,0.49426839225401814,0.3964224145330909,0.7147913441008982,0.5432136828552088,0.4367632341072983,0.5616034563705702,0.38425032871250325,0.378471537786081,0.5740964723375925,0.5054447138211707,0.5214403682938135,0.4700300871359892,0.32751195191641314,0.34761734988700027,0.6441367184309932,0.4423646422890952,0.4760353058754061,0.3593080646618276,0.27371420871715324,0.3105019287522585,0.5017733998682974,0.5464156398368818,0.6454539726427109
216,0.4347920669396829,0.48689819064157663,0.4053074586123932,0.5101439954822401,0.4274762286218836,0.40496469446379163,0.5290643458729339,0.4108260983842376,0.4347783458517285,0.45503280642237715,0.5105451745248305,0.5019792587078526,0.4603089552845223,0.5689467164792615,0.49961734860575296,0.47813767988909284,0.4739100452820667,0.543472000188941,0.50815661860572,0.41796871225453797,0.45727966911283513,0.533633634283241,0.452756718277196,0.5203025295195887,0.5260836444740661,0.4294564704796581,0.6177598912149209,0.5252194749841154,0.5441628632580686
217,0.5992730562269387,0.5333815320097532,0.4018381183850289,0.4583977740948299,0.3207993614896922,0.42779841034698546,0.4578811055977817,0.5496439707931234,0.25545960567261233,0.5911108738619186,0.5187629159296278,0.3199314652641254,0.4727620850934135,0.3126523662144993,0.5751366790895489,0.5018874518138798,0.4249518859072066,0.5258546611162859,0.4805769251388526,0.3036735712453479,0.42032804666402457,0.39945320223761793,0.5330543802978597,0.5872035415137203,0.4196965124514904,0.3298811399492468,0.43830034033594056,0.536951900941358,0.48774481599504127
218,0.4830070789936396,0.5870320172380942,0.5372202959284013,0.528984977722524,0.6026385073803525,0.45268943319441257,0.6040025652270182,0.5347802207442988,0.4245004018460896,0.45045488955642116,0.5455939051262357,0.3925308923347731,0.52293095506146,0.39251411578557277,0.5040805220535083,0.5062776709987106,0.5452031245094945,0.4941523199312127,0.5121077151434688,0.48058380919423727,0.5529066963957622,0.48571786842441805,0.35900823521039904,0.5548638286526753,0.5092506036572322,0.54685098036018,0.4575902831284622,0.5314430992542426,0.4905971429151553
219,0.4629626048486981,0.3522152764263647,0.6121205803344939,0.3122123600514954,0.5354932132527669,0.49486934694543233,0.3281553291713713,0.5360219235409954,0.5253862968378117,0.5005375485793673,0.25974049494444806,0.5068434334444631,0.43171355052573995,0.38134791273100693,0.6217719520130562,0.527032257680708,0.49750980091033664,0.47366640778637314,0.43888337568993663,0.5071541040712795,0.5888505639687229,0.3905626140036562,0.3869603130772265,0.49801535116095835,0.5850941206810918,0.4898875726241577,0.4301413305236154,0.5713083797301383,0.2916907302085839
220,0.46217440223293893,0.3182980801670498,0.402357474919359,0.44599380701851515,0.39927984542149497,0.4814486238711562,0.45476012650784664,0.38782847155402145,0.4489171880044507,0.4083521070810398,0.3938424884204793,0.444213989780288,0.44943510179424395,0.4677305311056715,0.49359781675207204,0.4449441650717148,0.47759029580246787,0.39045626148389223,0.4479938491313229,0.4957795755767827,0.35555266644917355,0.43092972882530767,0.40910826035375625,0.441810785942411,0.3644254507784945,0.3892915317568135,0.4490279680019865,0.45752401742599536,0.441468770439664
221,0.38555638032343104,0.34872635647979616,0.42191685364908155,0.4121501019191029,0.43084263432698783,0.3696125926196023,0.45141379456615566,0.3745608508098698,0.373160209185059,0.373586949875308,0.44610152180125584,0.40929952227279676,0.42804896143806215,0.4778494015494254,0.2666467684591632,0.3663874220769309,0.3161992729864438,0.3040769757523218,0.4074855155309888,0.2940188946759397,0.33880941027746386,0.4490676347157814,0.32263912577475706,0.39932079698002476,0.4813751504014308,0.5139696802348873,0.5141042917938723,0.3402829194925453,0.4771706111708489
222,0.47984781264301235,0.4694167649757046,0.33348071704239807,0.36538685589965014,0.33244812273140506,0.43463221841547217,0.36084344388551143,0.368946945322528,0.34919258661725416,0.43371253757475414,0.34362123151107926,0.26995402512513633,0.3181254828212105,0.448929551030841,0.4679863044416521,0.3496785300679343,0.30477389058612364,0.444796159979483,0.4415491260555831,0.2914620141860306,0.41564803426884367,0.5310533090344115,0.43914750467638547,0.4459366400396404,0.2786156002531015,0.4402928688006472,0.4447319937253524,0.3598001729709534,0.3921518886791373
223,0.3529314151186542,0.2641977077896525,0.18874081061683884,0.48267122749697927,0.17914136960217883,0.33730561410272347,0.3875520258884881,0.09408795108420026,0.45604339630379426,0.3087452245273469,0.43089766323554346,0.29229852019429514,0.18674117652264796,0.37786106637426725,0.23303729330002992,0.31289719592728377,0.24315262644785057,0.28981818366276163,0.30980119484549556,0.08720198463335546,0.3228925571553754,0.4816215544428378,0.23599886752725446,0.2883386854577866,0.2990908438823796,0.16014007233041852,0.3892504907609909,0.22796470156984022,0.11056646314749342
224,0.4938375770231604,0.5153951192565476,0.4752663427410476,0.4762131172518882,0.3493917393058968,0.4696965251492836,0.6583274155347484,0.5871232994002156,0.5863575799128649,0.6492207318554422,0.5169614188558751,0.5124181635255259,0.3056668340252899,0.5434636940423132,0.5030884260218519,0.7043407436141956,0.48216626808341195,0.6188274671329264,0.6717187670695068,0.6418217551249604,0.5101792330519813,0.6220825242953165,0.3942268142268969,0.6960022265507521,0.4887751579792341,0.6064890870023006,0.3956668454499679,0.3728878498809436,0.5227157146818288
225,0.3606433521367205,0.3887273399336611,0.5746179125924241,0.18359164333725983,0.603441278164274,0.11779929149345313,0.6215716418356723,0.5148490281438066,0.4965273675598617,0.1758637616901439,0.7291422375729713,0.3602994754055444,0.6909609083796304,0.24553236438487364,0.576719306271917,0.6900109382927078,0.4624962378278068,0.3899987922863634,0.1334615519599392,0.6733381406378293,0.73982593317902,0.46548682916823203,0.626949455784381,0.29526902890660794,0.5003210010164018,0.5053448467881635,0.31008920487231767,0.4155343660061756,0.5243090761890846
226,0.5556180832458557,0.47472540508725714,0.3123301033015815,0.34916646978428856,0.2916289666009587,0.5107267019277771,0.2864478101749274,0.3365690565707216,0.4377938213430034,0.3516066965762512,0.29897319306430353,0.37269308332341505,0.3127813326056826,0.4179214651164506,0.3280426304910025,0.2367025288447503,0.2976887763481122,0.4463854270412638,0.49586790572995154,0.25419316911205075,0.3942483176445178,0.4445148368126407,0.4117507197915483,0.27871824890185065,0.3741217921670179,0.3758245885249002,0.3293659399100843,0.3930805533001106,0.4772629132293491
227,0.6260985066386047,0.5936141355982826,0.5339751433334002,0.6988110404178192,0.3549317190109675,0.6189192879421808,0.519143819966525,0.5508200301231773,0.5779489972782861,0.5636877208573975,0.6321502878401389,0.5967558190337984,0.481358277409739,0.6272813802844159,0.5474836896157733,0.6029813183282648,0.6204975643432968,0.607260202854837,0.5889554336606928,0.641356766792818,0.5889348830895184,0.5687421131829967,0.7180346315356417,0.43913237993322923,0.6096882503764021,0.6808064623732667,0.6378543777783299,0.69572614799269,0.5621846643962731
228,0.20828369927376025,0.2685036182160346,0.39808712978992794,0.28719311861454216,0.42047685717815214,0.34560964605444744,0.27665518081820656,0.44426857661950014,0.3676226947896192,0.4044918955979513,0.4233271226773184,0.43362807393198455,0.38738438599733444,0.3744838758272925,0.5660948119290926,0.3682671112649007,0.48964586832549695,0.323236150765942,0.44122611044119775,0.27053605431640304,0.4762587257539984,0.3683075814430616,0.42963639509805424,0.22746760210149025,0.3159042833878205,0.3166187595269125,0.34135355532819156,0.4812475934307012,0.36277413968075733
229,0.3441627863287529,0.3676207207941979,0.41329705616045015,0.3539802756853472,0.38468469598029414,0.40371240612506654,0.4083669549887782,0.4050716526808064,0.29229999816747915,0.3797434117770241,0.390003817742552,0.3604333898741191,0.4646503234384603,0.4907709022527382,0.3912131895287436,0.3676891104029105,0.3015941200561191,0.3492145891555828,0.34754052518145384,0.27376895327559275,0.44747861098995423,0.4364133759889255,0.3067172502578843,0.3933649877752078,0.3559050831741006,0.4721405801805446,0.368740001906862,0.3836751514880229,0.39869696911276015
230,0.44275163995348465,0.39873813590618024,0.3978430071426774,0.4821319387594381,0.38233437240133333,0.34568523541776985,0.4289725588279251,0.41726714777416496,0.37461485858036364,0.4615718131702889,0.45293535964454384,0.46634827656081834,0.35932555644729214,0.4791004259411056,0.29950070543580287,0.32609091230330517,0.40977088548218005,0.43991067288175995,0.3968376133183498,0.4585379821925276,0.4614647096664782,0.3726079293479559,0.42015687672505364,0.4772665072662248,0.43392510910689275,0.40487215297063767,0.47556870620627856,0.43596333136660365,0.38749223127644616
231,0.388659871435258,0.4609854093679093,0.3373468533339445,0.3264661138409255,0.3514860843824533,0.30084011576186226,0.4864285372534953,0.409640791959767,0.42602456066763505,0.48791133222851235,0.46680398468131806,0.2970375602390148,0.31898710164831695,0.5023634418548885,0.5474805365710821,0.43815914158094704,0.467624430181679,0.4019417746370203,0.5634841867682788,0.3946693625892011,0.41562754661674906,0.4865852491234538,0.3878810402093189,0.48451712343427544,0.43909560191992014,0.33558864151352724,0.5405534329730183,0.37141494829382954,0.37501383401003757
232,0.41372695623718364,0.36383439901360104,0.37885860111891595,0.409945796336077,0.29362876736015775,0.3702803730638597,0.37019367871966613,0.34523633737419035,0.3850883919096747,0.2892043525546233,0.39012949509813705,0.3219896449390843,0.32950316674488755,0.4567223945486158,0.43584918915411697,0.3322141819530977,0.33729571221936033,0.28685744558040294,0.37481273283820987,0.3006924543831414,0.3742075825264336,0.35619285794767785,0.37378115070017015,0.34208512947548236,0.39067772752527435,0.3080701286559886,0.36560935308103387,0.33273192365389315,0.3725147990401207
233,0.4631394576637032,0.4388920406100744,0.476046997805437,0.4850050574979253,0.49017871747221586,0.47819759771170933,0.498505892816779,0.44400817370226975,0.4639348844132239,0.4913246895719554,0.43047515973055933,0.423173506552474,0.40790425843726863,0.5036652089379663,0.5008395889215966,0.4204167762846027,0.498650388755074,0.44267424845685155,0.42860504479082495,0.4679275261217437,0.46434634123678814,0.45653831006039064,0.38563805723294253,0.4009335132523146,0.44414980395227466,0.4808550819977055,0.44005002821426253,0.5579649822119839,0.42582421780109886
234,0.4751971787318549,0.3605161623314209,0.5348033557336852,0.6603075818605509,0.4608673062861133,0.5272935787666841,0.528280725613419,0.4223889449889742,0.38273021208668834,0.49610982196000963,0.45869845012326915,0.7108107283683232,0.5668361343512972,0.5583510812405912,0.5383509375453793,0.48888189824893213,0.6320372330056627,0.6137368836107387,0.4145468529652578,0.5469854619810873,0.5560073702598796,0.5097498771126457,0.5624466061566724,0.37292108938402196,0.49603493414074784,0.4558040429116242,0.43949321725701723,0.4567762560904379,0.4754930826273487
235,0.43618779968326954,0.5937433445342959,0.5260932033511735,0.5608398484019962,0.5937169470866882,0.4624548447030186,0.6020568449848298,0.5624594863676746,0.4864776469639302,0.4809418198638561,0.5511934643253853,0.46987516990554296,0.4703147744571542,0.3855594036213502,0.4989831235639645,0.5211972947354039,0.555101697209643,0.5188003019201012,0.5064901360918093,0.45528028412490956,0.582030232713707,0.4896119388119849,0.39057233120749624,0.5325094403807011,0.5161978842074189,0.567140886845299,0.47653661763350136,0.5361942371740561,0.4908157963274989
236,0.3449152494240846,0.40357474050041425,0.4848276126219988,0.24091040093644883,0.27032090918029755,0.2284881164375795,0.28770471120241187,0.31397790818654886,0.24737988494932667,0.2237797346333849,0.33397987780375793,0.1994747713946745,0.22414629043501264,0.413973351598101,0.38092598120581994,0.29501790161440505,0.24055308171803186,0.2371204123466715,0.33339411495185045,0.26976842458605327,0.17764753734616884,0.256849630082208,0.3699344280595475,0.3360767353438983,0.35682046618558105,0.40367478152431785,0.3265710254765516,0.280735972613792,0.33654251496944365
237,0.43850331177930435,0.29778481553089997,0.31420063429771244,0.39393551691453227,0.501564643268752,0.48775554630188034,0.47934602715465957,0.2910549663640669,0.40624715016351226,0.2802958877078563,0.3504276947834799,0.47081729082157836,0.47494933949285373,0.3110181627081999,0.3579512534652611,0.3946649963900997,0.4707500547508461,0.25918353575165226,0.3368595697912416,0.470075974266806,0.41824857625410017,0.49091156986492107,0.44030886809503617,0.4474250703703822,0.3495786721886333,0.4153503002961381,0.2619284766402168,0.4375074487829053,0.5677289240912936
238,0.12905921969900938,0.8199969800682871,0.36462107849036424,0.4464294806757019,0.7745930102618066,0.620390581168591,0.2989967116251306,0.5749057220570696,0.551153811509081,0.6042872060184785,0.551280255076682,0.5637869709920305,0.5567069303459694,0.479811418716007,0.5142709869357472,0.2870799001814024,0.41386379496702297,0.691057844074047,0.5059093929272614,0.2607225335422006,0.7270911527957783,0.9181469329823397,0.5571688920788198,0.8614954448021255,0.7260278311624089,0.5737119177498493,0.7648626360128196,0.3321344426102744,0.5914541594608926
239,0.42729843231155024,0.3185333418310371,0.3952897222030994,0.36744411083504475,0.21845487165099708,0.392502398315963,0.33379836616663805,0.3554607301740951,0.44834095204003294,0.32610507386310555,0.40912544918296456,0.492426793835856,0.3406597608471732,0.3653631886627142,0.46681910599959336,0.39115390007204753,0.3509043354361913,0.35412659078209724,0.32747537346133376,0.40627800657039054,0.3469038332935409,0.5312195548481721,0.5582118305275887,0.35006788970929753,0.2644828329994637,0.3717932266582819,0.37154707644249824,0.39081642717645965,0.4622844594502039
240,0.6442582041466,0.4645488550877037,0.5408972770873505,0.4353473867723666,0.4203601587325311,0.5827569267919785,0.37799558629353586,0.5509028677521016,0.6012398433461039,0.35462449259747797,0.5911784362494257,0.433814025916923,0.4939348737636355,0.48400105724308723,0.5578003024634817,0.5404051651041512,0.40554697628222225,0.4168005809200433,0.39542917679583295,0.5599203480715077,0.31881128099997824,0.46190033263906444,0.5604445377338466,0.48697903462377073,0.43322398170685406,0.4485031005984014,0.5790137549509623,0.5314701396759467,0.5063175886486174
241,0.41007355477213114,0.6064142731570658,0.5683646095861044,0.6526940634726083,0.5684427767029486,0.5964907930310621,0.5221142064710314,0.32794237948963617,0.5759503737718226,0.5901171293624421,0.480904910889798,0.5576682475980891,0.6301532267817797,0.6060874076796928,0.3745775720581293,0.6494958100177443,0.49647715892717026,0.3810942480490626,0.4207387586816406,0.5447015170354671,0.6094406749685409,0.46567525726108794,0.43865650932888095,0.42874692305161877,0.4090274650082137,0.5337089905555149,0.6017626161579742,0.46148872224164705,0.6513118667512257
242,0.7211580818543136,0.7227171268229855,0.4772787750641713,0.47535592585179925,0.6816082323886793,0.483167839450219,0.6184490989957677,0.6961857196302079,0.5999395796731932,0.7638682927986201,0.7231449715541085,0.7733856345896469,0.64402670615911,0.6037178118173956,0.6898499880380395,0.7584556056280499,0.6771608982034358,0.48673256147631533,0.6943068841427987,0.7302526237448713,0.5775009514730765,0.5558817783527972,0.6592576991619999,0.622122404897822,0.622593066337955,0.7683969676091801,0.5860976531814427,0.6276746138436529,0.5903438503362247
243,0.340601869009354,0.3614265802017056,0.20184926241234255,0.30566392248034324,0.32308006366916864,0.45353519110807133,0.22536231404071685,0.3104139007650438,0.3861745736353351,0.31855121307552936,0.2587807723126178,0.30418391420923413,0.2690937919125041,0.36486379183249157,0.3958023904862711,0.2401772622920363,0.34963264254559845,0.2895684517594213,0.28430130748162125,0.38571524122871875,0.27071782510130055,0.2951598560213902,0.29339562255330365,0.30694160692071504,0.3606952231870622,0.36963744623333794,0.2662056638353091,0.2464535350728373,0.268445454734586
244,0.4482390418694829,0.5885490687446228,0.5743784694154642,0.37732991113975656,0.5700188583749625,0.4251213994738162,0.6265122676084834,0.668604209168242,0.5266929007880181,0.5809861447381051,0.6340205490363063,0.5550425703352215,0.43586949452380475,0.42495976823357307,0.3749136137759549,0.6523785433432243,0.4035223376771841,0.4707451673671927,0.6139026106186163,0.46895598030954727,0.6758851087672266,0.6743372127219506,0.40406886202271697,0.2622090873466842,0.3591312938182724,0.49829977804156766,0.5299550657631525,0.466543454520534,0.49425404891214686
245,0.39849154339546417,0.37989791178386156,0.3632522108063943,0.375802823284799,0.46218626713822575,0.4357651421518861,0.4188052924960073,0.3553469532997792,0.3911810040039668,0.4050264149280956,0.46818931452462603,0.34663162233638417,0.34956386567637154,0.463924724570113,0.48393328832176574,0.29769372810355577,0.36129763048747565,0.29527880650799354,0.43391577907253653,0.37633099603610387,0.44221359653734105,0.3554826617289081,0.41224272019429536,0.36659589252187336,0.4238792452932412,0.40004739750956536,0.39002589840532154,0.3713275325020823,0.4733113624476958
246,0.4246001210285049,0.48893700678479146,0.2357119068525225,0.29702605367782414,0.39228598489670863,0.5415754041945328,0.46349850564167033,0.48490119200262444,0.28353990282241,0.36104008400064524,0.1724672998327804,0.36223924952398,0.23813657464910049,0.3111431158883108,0.2153312089142071,0.623161243108433,0.28250684742452425,0.3756102743341495,0.34963184237300127,0.461921797492975,0.34283976920975856,0.4709257437106074,0.4742180359469371,0.5329976765023382,0.373903247577472,0.41001735448117965,0.2465424917494986,0.5974673527002085,0.35651379661977056
247,0.36599055964969274,0.36423177112784305,0.26812238529120275,0.2848174216959245,0.4208791686363981,0.4272435630731284,0.3124383446089996,0.376067953781624,0.4143024800517817,0.31082896814128347,0.35437279535512156,0.3208335217432808,0.23557856206094555,0.3416401855531191,0.40084608777468067,0.2569472332341674,0.33008192475398246,0.29291309765490503,0.3521864551079926,0.36375328067120377,0.30947020493565974,0.28434430152811246,0.3356847972998871,0.4227133922631087,0.35966247351875974,0.3933153108339615,0.267640081437885,0.32374676306889255,0.324255584451418
248,0.6531484404433551,0.6180567030629862,0.6038950271973329,0.4779615219152793,0.4982690457378392,0.42419337546890407,0.472480833346297,0.46033953654963344,0.34235434166561457,0.5585646776654389,0.5590856408776151,0.3787810600373974,0.6132121162700886,0.39896452481874095,0.6187542326269951,0.43419699788538646,0.3066861585275226,0.4402528588751716,0.41160479185007354,0.4597200218227572,0.5327777869798951,0.3328231684900581,0.4037756293235716,0.4394697253640417,0.26753431679953715,0.5090534256647906,0.45933657314063464,0.5708588458125854,0.4894371471972146
249,0.4354838794643804,0.4550804731069423,0.38921149749161693,0.3220466232035172,0.27728686865779056,0.5616719608253365,0.4317198731942285,0.37963884321046154,0.4736590885577211,0.34050968963949985,0.4410366310969651,0.33337549970691677,0.28665070472751686,0.44705380960703583,0.4025341381128976,0.36257846123777876,0.37331146240262336,0.283996832904828,0.4662260397626245,0.3589274224664974,0.39258434617795746,0.44635680599471866,0.4778633218598171,0.3806946833474114,0.4845232854271183,0.4076026474563171,0.34046743395316587,0.5110182903405767,0.3513505871324667
250,0.1984463222323287,0.5048768198317204,0.3304655119420612,0.42474602651017374,0.3007192998329152,0.3113946887524523,0.4422857224891406,0.50645084674312,0.26394998402894243,0.4265376207626839,0.3340713935704709,0.6182644241531234,0.3022228375328475,0.21104479675401264,0.6039278569956553,0.26182998986626355,0.29013475379977394,0.582301811553686,0.31746042196720914,0.2647054076922769,0.46436982509287256,0.5305951582456737,0.3235766595841204,0.21034921694173792,0.33549380929852973,0.6502938531546898,0.5765100132755431,0.20632724776041556,0.2881878732164913
251,0.26261641359356747,0.3408494258932796,0.4796663249573935,0.5185342630061934,0.558035456211057,0.5116923285152626,0.4205048951051943,0.5151613720027141,0.501486704507402,0.5779462208228535,0.6810632687905683,0.511443262980785,0.5865809548602164,0.49251864173993587,0.6957578650628687,0.602410300234919,0.4831128114071278,0.4802235601493558,0.4815579756040393,0.3856443273874108,0.5955742482461581,0.4791117039075835,0.5686577504411096,0.30371609923286874,0.44018242390805085,0.4150444050223889,0.35766049768802205,0.6781807116845425,0.48358976736704795
252,0.40432529754992236,0.33474650348077817,0.3598612627466474,0.6166886605303722,0.6387194027819124,0.5733955013831448,0.28059430144008524,0.5074187019064049,0.4731597655579548,0.4155972365502909,0.48411141872875646,0.46623465780454326,0.5275198834608503,0.5622734832933863,0.5315751812629678,0.47526302442179647,0.4574312126166309,0.5235409209893904,0.5221928534925723,0.5164619044288402,0.4850542975352764,0.5449217268037074,0.35749420016479116,0.4479316781448927,0.3520679474356524,0.35723280476330505,0.40182617416546956,0.4547223491207972,0.4071049300871005
253,0.5256603886871838,0.4162404756179155,0.46514466487252976,0.3726083439003335,0.37415584276181363,0.5143768621072922,0.49357432545166,0.4119866629980858,0.3990506940499809,0.4563699113136048,0.48473541415996846,0.43381114447911334,0.3536610299454499,0.4396360070733335,0.42227504098242885,0.400266558410746,0.35687565490090545,0.38325201626626526,0.47205042697172866,0.2528629302850367,0.3452934158309922,0.42494075427985106,0.47577579196886743,0.4544600747948937,0.37878517538043754,0.3984796657280944,0.45533926895122956,0.4614505977244954,0.36410329970088895
254,0.4177767046988499,0.40388092243647383,0.3902319454237845,0.5612913952074486,0.4730011822083984,0.4577394585234434,0.40643760926581946,0.3749118725995128,0.4059102377310792,0.35046307938860666,0.3799031344448992,0.4696265135301317,0.5212765310395536,0.43216035412540643,0.4857181380372889,0.4718236172955807,0.47124032363978363,0.4260489891061785,0.4647311086191373,0.4070257112488347,0.4854032526241559,0.31774814428865356,0.4463503348019354,0.4817266986038985,0.39369454441916135,0.41854126796018637,0.4566832936140833,0.40007815873450586,0.36120421121085944
255,0.14499431005032679,0.24796801253547882,0.38979697858074763,0.3004399804562702,0.39082670123021285,0.30863341636900377,0.276457691291347,0.43773268129227044,0.3713181729867888,0.3292103531201797,0.20844302229024775,0.45846765868015754,0.33101174363927105,0.30099175236848685,0.45653405240554806,0.3270681564456655,0.480784965184307,0.267452613048396,0.31905381135092786,0.28985577150477587,0.39897965308713923,0.34124958333654,0.39971349953511837,0.2409779326576187,0.31134324635506255,0.36934874562336845,0.43326073948663324,0.4482459322244654,0.32016330400312326
256,0.4181700262650587,0.4456410854705575,0.40226730010149486,0.35046219104038906,0.41028240136338834,0.5608636000239198,0.44706199730965196,0.4861162918590556,0.4585856944933364,0.45735532959553377,0.49276764247423566,0.24985918181291797,0.5636612256162645,0.4737257612305952,0.41974154825831866,0.3156940860048028,0.3985812280332977,0.29934047128707914,0.3862086398342374,0.29448635422692343,0.5231709512669969,0.5231950241081488,0.4071514452231403,0.38422379059994033,0.406821141506136,0.48475541362254265,0.41736031931950845,0.31987072803162536,0.4046736860729495
257,0.7810593258674755,0.893978241193379,0.9431338226704751,0.7144796274051846,0.060409775751872216,0.5422737085669991,0.17488428232119457,0.16579672616560753,0.07645001817167216,0.2763383082662386,0.7357202099961458,0.5595713173980075,0.6611395259118108,0.14274954350603114,0.0920756610183113,0.8286402436249893,0.8851061413645769,0.2923788939561586,0.09269925894222052,0.29768754850933415,0.1371456698180419,0.34213890427828153,0.13123963449809842,0.2649000736190647,0.3190082731549812,0.8968453861148621,0.7098792728456805,0.6415782366302125,0.7420460037315737
258,0.34339234607458546,0.388936114768709,0.4316162346659726,0.31640601986951067,0.49045732787162144,0.41658227802981523,0.3958956440893237,0.44716904536553154,0.4158457804824093,0.3280708660176817,0.397703892600759,0.3956368445456782,0.4107027505763421,0.4974821703712258,0.5826467704399573,0.40988490793606397,0.3918057475172628,0.33130661185104077,0.318197183645765,0.38449680012400334,0.347178975390073,0.4511523722614586,0.4598642422395959,0.3489957835112297,0.4001565910151868,0.35037538419179054,0.41165234586496663,0.45869450663410716,0.5035282895692834
259,0.23656207149260652,0.38821843628064706,0.4996482552941863,0.2938491855194748,0.28921104925867924,0.26166451753774683,0.28380328922773274,0.40743502513753926,0.2376493245915057,0.29763621617819663,0.43574940961370767,0.4567225684953017,0.4108891863828661,0.35431348935004026,0.1795536851076423,0.23750278436909433,0.20997986435982843,0.3798537902932323,0.2754435567890315,0.39398109527296366,0.4083893706041015,0.3344200434370887,0.254267221306807,0.4168176655570101,0.363358942630067,0.32103872069543504,0.4562277798041714,0.5051128906003195,0.20164358692390175
260,0.4237587976789912,0.3863732392823216,0.44916549766953434,0.3867958137478669,0.35433444116241075,0.4495839332021824,0.40784154291403046,0.3152062396893261,0.4485706044181157,0.3205804244798871,0.337619838555432,0.328052594133986,0.36412694582702954,0.39723776528028654,0.4589255113743513,0.29940889338551296,0.3840040983323284,0.3190135720063841,0.3281853327114576,0.3771889972630382,0.39950831804301884,0.40778645642619926,0.38751776354528783,0.3126207214058726,0.3915082996222913,0.35534328486614336,0.3896525964640005,0.39452472540619193,0.3863628112927989
261,0.4732802886530399,0.3350937555482273,0.48664928133058577,0.5132658445083881,0.4535026986828408,0.5186402697114137,0.4883811841001097,0.5168556559204046,0.5628178298545037,0.3807424042859513,0.5671050477570933,0.502868356146499,0.6260709722412883,0.4304690554877845,0.4970929325468182,0.5675926935539194,0.478902264664862,0.43529560590181576,0.4310553778615573,0.34812039911152537,0.5538986149085631,0.6310517052276957,0.39865512702071737,0.563416875033375,0.5605317482508476,0.45189060112252616,0.49389911111139606,0.5187598532317778,0.4681343456069491
262,0.46057109347514924,0.7351230106699606,0.5257670673713605,0.3476680562844792,0.30376073119768326,0.37647654031667294,0.4586829282026892,0.4174125840956216,0.4596124174856211,0.32249976233116473,0.6225260264111522,0.6898582912237696,0.38518531329216316,0.48381837313264797,0.5704502940318713,0.45279653801362424,0.5597983343449129,0.4756634046404715,0.5195224504995599,0.23066433016144475,0.6478371170267717,0.21641642788213056,0.4675344193881984,0.46317005811901685,0.6070240704010976,0.6504806937616335,0.5929831224658448,0.5978973865587063,0.5374270531044221
263,0.7067362646868395,0.37796199094146676,0.40738126386643264,0.5467468010566169,0.41603997797205317,0.28606362650922995,0.4180981166512737,0.7300344832421327,0.5604183230413528,0.6271443865654531,0.41132425399119854,0.6785161822523738,0.44484777645874873,0.581690736291467,0.46536546174112814,0.6424824648509416,0.4094362580567555,0.6065791943517893,0.7185193300564714,0.6793333602779611,0.645619230612885,0.5571298415383272,0.6222211066005044,0.5353512746779492,0.4344539412591711,0.4997928631419923,0.5254120456556363,0.5004688464433669,0.48863066199920985
264,0.543978769134851,0.537078267425103,0.5816119982299089,0.6444379808269747,0.5829235157069724,0.6209188903295978,0.6060550374010308,0.5108466475801443,0.5047640341885474,0.535921150526208,0.5353005151003098,0.526154439668346,0.5126475728416039,0.46705917447385276,0.4190723254549678,0.5469417182804606,0.5411456007661767,0.6289331159240378,0.5182315915375232,0.5669976598037643,0.5598936990547178,0.6156825940668831,0.4770611628988622,0.487077963227493,0.5001711371813695,0.40206955181270587,0.6281193286641042,0.3882710866610451,0.4728698391135783
265,0.25522387596972995,0.5320166039989541,0.5442983377714888,0.6584448375963939,0.4185039358682409,0.3391539196414017,0.4082803848437649,0.6562877359685132,0.6574293690287666,0.5508010509041604,0.3961439115423842,0.4637836554147249,0.351005231480432,0.28180511222784693,0.5819184613457107,0.4848383061761746,0.5507543296093347,0.4481983685523855,0.4298084295141874,0.766213086200308,0.5392717177161196,0.20144793671012798,0.6851442050965316,0.5341309004658694,0.6907062958659985,0.6542024803387703,0.5899905010191997,0.5295500325283271,0.5136401956058771
266,0.3356870179924968,0.33567507509718675,0.5239630182478922,0.32472491757031535,0.45997030151589624,0.3644577956280999,0.3693409240120368,0.4944885759135648,0.3078572316976754,0.4792821551941356,0.47544372567315696,0.4368279186317532,0.37888191427115026,0.4155065515934704,0.32819480784831606,0.18515003403891028,0.3419194967519793,0.42720449943384475,0.34373389846406227,0.39872909096565157,0.3626534642098088,0.3264102890032847,0.4855689679441129,0.5398564434406442,0.43398821224857864,0.2855160124694849,0.3960965361390427,0.21291308227457398,0.33280432160701084
267,0.4326068890268726,0.2717359534709496,0.4335001712315196,0.39857270946359585,0.4381535005748933,0.37583534861645634,0.319039930972418,0.3349488212557217,0.39790937994288816,0.4167583348022834,0.46452705858057913,0.45534705740934805,0.43607659669947807,0.38443293882426327,0.32036350182631473,0.37663440750427357,0.2918102181234419,0.4629901494839766,0.46828971205084186,0.4697638663384136,0.36039817628935056,0.40276472377151823,0.3427297815199507,0.37830697282575776,0.4584797324217668,0.3278163217749579,0.5281769017112824,0.368001184234139,0.2956458902731867
268,0.37398915717226805,0.4176994748764989,0.4096342339094943,0.33882014808625344,0.40381241003597645,0.48415120684108887,0.2768901539709116,0.4593137671750831,0.5036531673181477,0.3867959346383823,0.2858333828271401,0.4583849919337509,0.4232673293555719,0.35037361800779476,0.5797213652682791,0.40423171475650715,0.3506354706739325,0.4533801281830327,0.6153291559826223,0.35978488033816997,0.4397077635041466,0.41887044967808107,0.5097762609548978,0.3913419952022889,0.34171653635304067,0.4675265465207824,0.45708911583746076,0.506929413923076,0.4494653662071347
269,0.3477258777315517,0.38277801586351307,0.3953747482467701,0.32631138714953184,0.34713480197620356,0.3649843789726725,0.21167504248062127,0.3811652050164793,0.4254200511618136,0.3613662045982427,0.25453892237021863,0.4101484079503519,0.376230602463692,0.23602051988657965,0.2977114324724715,0.3081626637488045,0.357557668062552,0.33402691902010134,0.2840620659549716,0.24766489234401368,0.22889844511778928,0.3076709228432139,0.3215037154868796,0.32774708275963405,0.33453631259757177,0.34421991040359085,0.4050854814034892,0.2793527899518136,0.3190990399346142
270,0.38694585431952305,0.3271919416962393,0.33454576490990595,0.34560076475047996,0.3666933114498877,0.43008553749477696,0.3043739447671049,0.4060765814877932,0.4071495713973408,0.3732505089503616,0.3058112136223588,0.3103130895869674,0.32059555427137865,0.4004465751873132,0.5227101871312969,0.29536034833306574,0.269930212773311,0.3340843782955071,0.3599332151244688,0.27126013623441453,0.34694325154041045,0.3271956944667704,0.3833144150544901,0.37733910789740494,0.3062104180606596,0.3464217384733473,0.365638877336942,0.3583357966060433,0.3392898678256366
271,0.4334733669639464,0.6114206991878036,0.41317560172556894,0.25322877691833,0.541863469541505,0.4898656832834696,0.4428008245591037,0.42363735054793267,0.41959367297105465,0.4644531247503553,0.36581111700482755,0.5082364575631737,0.5006327955539432,0.3764442609595768,0.45979790303549345,0.5999243114418662,0.5944652409407353,0.29627691502519826,0.537688609520656,0.4170841614406611,0.5099848039333508,0.5185233051983309,0.4288209550268801,0.3857657380272626,0.4671750963347406,0.3259122408502301,0.49790479778458524,0.6496765140720113,0.5133278984246177
272,0.41740984912519913,0.3827173752570743,0.33957035371443756,0.4262072219809622,0.4061799485829067,0.5520699506619516,0.41595307163909584,0.4246985070440434,0.4771000242984826,0.3708132201780604,0.350285349114803,0.3503833217294563,0.3834819491514584,0.5152533978418921,0.4219303654190885,0.2824338418016915,0.2628279620533494,0.3993360498970268,0.3026818249306241,0.3329614071875763,0.27650028869921667,0.36091990893455683,0.3835648197444119,0.40437015157226314,0.4685450425141654,0.40673622972246476,0.41251207820828745,0.35235251171343346,0.3715424728727996
273,0.10459698367506844,0.09401667467334449,0.2586047100132341,0.12192332548056438,0.127327277335672,0.16055927039454482,0.214773938265373,0.05394531532948219,0.1046937690234039,0.22256314621882345,0.11325741471361664,0.24092862687117214,0.0942449650055241,0.21525068493711016,0.04391449803318012,0.06206832288799925,0.27709336760164244,0.3169118754397469,0.04773641939469984,0.1486811203641671,0.2470992771815533,0.0841320538329818,0.1992773372984419,0.24826201294753825,0.3563530569344238,0.16537250084911073,0.23945588066847256,0.055033095020693236,0.08674644956092648
274,0.3363819419119128,0.4465178349861253,0.21123619591642245,0.20911894632797232,0.2209867486821044,0.5197317482694268,0.34468937630122887,0.3884865307483566,0.4961980442956078,0.49654964903165244,0.32147929899840944,0.2284779419541968,0.4409569552761541,0.44442688027441574,0.5984101114953017,0.2890223540808302,0.20163188657985204,0.3679815319674938,0.17403449753961336,0.4559692040201456,0.3984978382436248,0.3218225233069163,0.5119083515903768,0.3183070246432011,0.23038698409505418,0.36779445600836047,0.4822036257098219,0.23634037624668636,0.4859362631799356
275,0.5037870868743536,0.39587125302347803,0.44334419986574947,0.2091338409077604,0.28783845797653707,0.4764181602596538,0.23660525531420273,0.29582239783745584,0.3998992921470767,0.5158096952178423,0.44689502264975267,0.3511284458000238,0.28037016598876796,0.6313719886871997,0.4603873325446391,0.24316397632729372,0.1990309217407346,0.1975357325863919,0.5705324204158285,0.2625133830824694,0.2822740404836869,0.29143367588007274,0.3409390185949579,0.5272801829122078,0.5582363312313208,0.4190631623600853,0.267546330935878,0.30911967005371516,0.4059037085221804
276,0.4277209719959008,0.48804301119249327,0.3868196977263275,0.31328770545196505,0.37680652229362294,0.5298567568847831,0.49920471748813794,0.3651464163457205,0.4240521013810706,0.4285785416243728,0.43001559210720974,0.37124462884777665,0.3066775764296984,0.4563254334109885,0.41637214265313605,0.41432254839467125,0.41458824073574424,0.31348069996212213,0.4014095986757292,0.3431235984298208,0.3925820236608107,0.4496402364673447,0.49464434452312156,0.4012917830343614,0.46777875574160244,0.3340125504047334,0.4320640592906148,0.4366692480077375,0.4387724215477263
277,0.36052037424100936,0.37588227586550893,0.3535954582304334,0.32462280440569974,0.4043664410041629,0.4548016794097469,0.3053545121928345,0.3780476027463153,0.37563887063158014,0.3728473164344588,0.4224949677402973,0.3451778328782297,0.3050345354299771,0.40853055518999754,0.538662861124082,0.328710411053157,0.39593353275092763,0.34089228534418914,0.4260978165125713,0.2681377997461838,0.4507777382976765,0.3520473512113806,0.4292839324675674,0.3941987083874914,0.26557487335573265,0.33584006776981756,0.3196604238773633,0.35155605848740656,0.4221960808639273
278,0.351159169584984,0.4123631380998794,0.37615658628204857,0.43838894572614706,0.42435847302427504,0.4167354642925602,0.4341533716376226,0.3833746475621857,0.5954922821940104,0.267305077977749,0.3465651401984782,0.5427057545217863,0.4354803606306772,0.38998981855922205,0.4637679069386637,0.41313787015605713,0.43704563847230776,0.3301210336439744,0.43327119114167717,0.4451509615511929,0.4365985868003863,0.4597114304080319,0.5218833239155571,0.4504785759600804,0.4860928649643822,0.46953487456448917,0.48024029202991125,0.5523031401652817,0.3885439830782145
279,0.4613342207191947,0.339995713454818,0.4971722742651881,0.43691743860087673,0.4847445251594509,0.49195156590046857,0.5595971496120887,0.46661748560129235,0.5071127381180619,0.4853483594452178,0.413571084781917,0.4691378169035589,0.43188843428741974,0.48522421410145744,0.5764180509341762,0.44432557624343805,0.5382141696658104,0.517409227826302,0.530437901242175,0.4706917713520533,0.5092041990006553,0.47907242766667807,0.47425798065847463,0.4709363431186094,0.46618627846199784,0.5441054796127637,0.4822856207226038,0.5224480948435839,0.4716177647836661
280,0.337932928252104,0.33157403180081624,0.3300435007884262,0.4960695345625416,0.364235075486044,0.3819002700357798,0.4209570022434339,0.33660302631951144,0.401613241865337,0.3319660938779286,0.4280627786033494,0.3550508205917084,0.4362746899949761,0.39450043559425146,0.41343663996377544,0.3620552240533795,0.4009559093641625,0.34030703507356597,0.5020620455179685,0.30904137918372865,0.2951391055674531,0.3836576082224531,0.28744514692976736,0.45136032535988607,0.46242704847189425,0.39259266876156446,0.46362519183095197,0.4009780806330299,0.3520987917936441
281,0.7470152870897221,0.25804832556899665,0.40994790636146095,0.2713599248634272,0.6507949139894338,0.35358890690562256,0.26566717291219055,0.1724207223577517,0.6460038965028367,0.8110849382470134,0.1265144442970533,0.4647885074335202,0.3279307294427657,0.06881977798760747,0.08146669062234331,0.021348486198504026,0.02492267508023745,0.7440618221112182,0.23220609241016582,0.4755759363336043,0.13794560811835543,0.17260450934388186,0.36453642282079024,0.09315658945671021,0.2848448438492948,0.0891955249913717,0.5695563547105752,0.23356633393416307,0.12289617166387858
282,0.35877906465050463,0.3810918448848071,0.3758692359755401,0.36755559923256814,0.4123615500261016,0.47512581127538345,0.41978358882179667,0.35356350590254443,0.4448220393403846,0.45811182419579854,0.5289103926854428,0.4778958197439519,0.3821822612265958,0.45692203464522335,0.500803234789745,0.34491722509437267,0.41277596478684225,0.331151286149867,0.46706175124080673,0.27852470348428987,0.5120630599673259,0.43243476731652297,0.4490431221751171,0.3882252000376734,0.3949910285382292,0.30002679385825964,0.3509137391346595,0.41394266941858693,0.47527581350414355
283,0.5428690032488388,0.5882228181010476,0.5006860104651474,0.44881907977561114,0.6174667585373653,0.47057135531432787,0.3314382561961717,0.3936643643514553,0.6351195513796812,0.47318834597821685,0.59633310985602,0.4815910206368842,0.5433880666071205,0.46629202568616945,0.502384337927704,0.4321201092552479,0.46257755561833064,0.6842347914576639,0.5965387562100604,0.44235569985963163,0.5636353991781554,0.37817574956593414,0.41137219929520497,0.4899520088094006,0.3885535221294157,0.5851662944772555,0.617480543764001,0.5932277360424287,0.5083838330589745
284,0.6264863430083852,0.6485462181099082,0.5207390180999584,0.5824889831212148,0.6248571452047335,0.47373152480592967,0.37899594067117365,0.49215923996631306,0.5130328045379228,0.3873377504783851,0.30381880649640897,0.5183823721950822,0.5380354673911822,0.4058916618299166,0.40121349854136545,0.6695403349796424,0.5593519641937648,0.5573007331455117,0.42521695881605487,0.3982344730078181,0.3223138687132837,0.3959552406283434,0.3661647423229826,0.4709603661716429,0.5303323494651577,0.5102434546593331,0.5947625408662977,0.6465590459000978,0.41590797806049595
285,0.6333908509583941,0.5161653860107744,0.4123259574043099,0.4350438574917044,0.40528333051544907,0.554079613479454,0.4955888371180912,0.33153097952336047,0.5148173183702972,0.3844353131020032,0.3975104005248219,0.38570375296807047,0.39301926341494503,0.4632894243159441,0.4520800272985133,0.3790040568229747,0.4867656091089211,0.5143705280052405,0.5392211675596726,0.4211311173247897,0.5132676469045248,0.5530382938863677,0.4701707024226904,0.24228726502331008,0.4645420485131417,0.5052107840545514,0.4708764805006546,0.44765822766938207,0.46019671163984405
286,0.4439174047390651,0.47119633576301617,0.4421167939810049,0.47911746031477115,0.44727421156328157,0.46801660437404585,0.4022763125515959,0.475515219935803,0.5572311902927477,0.5197615989296329,0.4834300731784484,0.5250827702281768,0.5348745144480515,0.387039930580354,0.607780254683891,0.5296186052037474,0.5333291087811144,0.5568534823406112,0.73860863467282,0.542410076374347,0.6206283109542597,0.39458162660822294,0.5754791025913869,0.5358599551652206,0.4596845845259514,0.47940780193850874,0.4754105140229874,0.5545165664758028,0.46304901228769074
287,0.0757863113947271,0.034809245253894526,0.30688743642103067,0.5721155026357763,0.2119561572902605,0.10935809449218493,0.05361750660421498,0.18470748534565848,0.03000196749311003,0.48737331910617737,0.12372352269170601,0.082156097518944,0.05783453114357956,0.15610830795675626,0.4450414638629812,0.2958090478076841,0.02102698132200075,0.40955280309047154,0.07358674062061293,0.12840429216103724,0.6854405258304126,0.029168816614364868,0.33630769754307926,0.4248448956681435,0.5210077343683084,0.025184510598100684,0.03183949317884506,0.8079085749183332,0.0399137625483199
288,0.3436792655080069,0.4427543627894442,0.4810963004749705,0.39058840822020324,0.4067912606010479,0.47918674132835665,0.433585778152996,0.36528665408545147,0.4986393632840978,0.5109919375381604,0.4062565055323808,0.4173133170222946,0.45850188404886627,0.5799268968989963,0.5211758139225713,0.4312737867518498,0.34107366706973835,0.33004384166441436,0.4174655241233214,0.3538686976466244,0.4726841741354476,0.4328360628801528,0.4491753918811025,0.4068577925225355,0.3481048351288939,0.5194844244814216,0.4210416023597531,0.40087202379398107,0.38162820557254024
289,0.3394033015782696,0.3386310404373081,0.4022152505823088,0.5967039836504383,0.5067534611289962,0.4959767203896391,0.42683543165307597,0.34342007107357975,0.561207799961691,0.5118632848327276,0.6384920466056796,0.5092587822021575,0.4477265361911336,0.4533515164155041,0.6232407988658833,0.5788706945753938,0.46678243425884897,0.3248423446425397,0.37330568514343615,0.39716735927648655,0.5106922171397809,0.5070884381654678,0.5011597717254939,0.37924575736722915,0.5655448105845315,0.3282471760652175,0.39592111103101424,0.5717260290870025,0.28523792870532094
290,0.5299984262463264,0.4199456545856432,0.5121593776068865,0.4849424666082605,0.49199873443177644,0.43134755413324594,0.5098802299028868,0.5118073360044965,0.4827221399496411,0.46663229731243566,0.5482576117456347,0.45940100840556997,0.444505482658487,0.5127133344413369,0.5791091821257764,0.4660169764641754,0.5171052489833902,0.5097730297444701,0.43662063712148014,0.4842137734239126,0.5148908922319275,0.5499954399209687,0.4099604524156952,0.4486043646471044,0.4903153878069157,0.5067438077799483,0.5247732732198985,0.5015558826985913,0.4028161712443224
291,0.7159056910368826,0.7596750980871287,0.695455901967772,0.6088753517932609,0.36286918149505454,0.53404360941968,0.5570222934959937,0.45748199160901704,0.6097774253478514,0.6591761344854031,0.6080066984728026,0.6556087801263324,0.7624274771389992,0.40189960720711326,0.6368539439687776,0.36550770613971084,0.6799997610486558,0.39028341255986077,0.7221431724453725,0.5989729787865186,0.40179936470119765,0.6333809748775537,0.4660271445657819,0.7032517668843339,0.49567091749497233,0.6045414534588393,0.7178722628355799,0.6074637492872765,0.7280788285099786
292,0.647301833091225,0.64550789650833,0.46205596681297967,0.39716379034896215,0.16618807133501323,0.2742225865617019,0.06364732735948173,0.5926577497558485,0.27918794209906245,0.633716152293774,0.6386567365957501,0.6038494357787763,0.3795642787689062,0.14893371273534595,0.2750255461539347,0.4146297176680911,0.11705783861232255,0.04089866544858178,0.29899729240278233,0.3969376715030269,0.21343321793071413,0.12820019105170657,0.5719094096965984,0.08436854299594305,0.49318140238860114,0.2256285290860135,0.187933692634697,0.14852649685014224,0.4777126689768764
293,0.2914524622153545,0.33492581400909244,0.3878053707813767,0.4641301286027445,0.40970339097642133,0.4376733828442117,0.44713151342994123,0.38158016345892204,0.40308165468644425,0.3680242312897536,0.41987242432202654,0.37463276995560585,0.4215939119254045,0.40251975152289643,0.42747567720165597,0.4073820785237568,0.4000342755259127,0.3948891151554273,0.4244140915676146,0.3720697718216667,0.36318644108476933,0.41522260988543963,0.2993107086981374,0.4060964529504147,0.44028335241729016,0.41309278029692303,0.4047014877907382,0.44460274440063835,0.37847857312972577
294,0.4475395625596956,0.2919775171207928,0.5476243782682502,0.19895411798808196,0.27989211746922565,0.48830219245134476,0.4731594713875642,0.4893525266978156,0.4025015011147325,0.4500055717889312,0.59135795766887,0.5552777191280207,0.5025965350533905,0.5226994758931316,0.4082503668166238,0.5016978951374104,0.3206432063589198,0.27536173603771086,0.48535965993205016,0.33093852381981376,0.3777506547606495,0.36534748972001224,0.4683743041200243,0.3887561359624779,0.6294263756824631,0.530290743438065,0.4170352114445307,0.3882564501397643,0.48486436660776217
295,0.556644954339737,0.6239498110729786,0.24907476855181251,0.4334252481990047,0.1581795906041215,0.4958054170581219,0.14566716638918084,0.0925745385041679,0.11640637939812323,0.44847762268328845,0.20134605532613944,0.3254788470824766,0.1350981792932277,0.5744463265457864,0.20482259284025303,0.542283242634998,0.39769373539256025,0.2994937062303593,0.4423827968215985,0.2882520182157814,0.6245321413886855,0.4825257357719648,0.33557503658223725,0.1656924921652208,0.22941887784290005,0.23750493687991836,0.20034169832417864,0.7755389466255269,0.48346320607803434
296,0.4185832987603871,0.44127102138559043,0.49969143138813454,0.359631030438825,0.5248173138677507,0.38444171748278855,0.39968162013610614,0.44529097216443725,0.42770567301504825,0.4457027119561786,0.4218832863192207,0.38203847880880315,0.466243158716665,0.531094133121924,0.5506866884517423,0.4576968018592222,0.37499890637019084,0.3906391783291358,0.423472657193961,0.415323806479385,0.4327600463582281,0.509379862076477,0.4574398280588584,0.5016029176329775,0.4439099026281734,0.4162270838498892,0.3164688777520873,0.44709020336788646,0.49492050506512986
297,0.4642317042584152,0.5468964951252664,0.41197257443268936,0.4904284005775369,0.5725179966561844,0.6227502823575881,0.5047722373703878,0.45537645230085727,0.5389855025709341,0.3333998682918212,0.37701228796175956,0.4860798420651717,0.2985613146102692,0.32541202793757656,0.500649403156223,0.44688603578831265,0.2527746035097855,0.3680492481186224,0.43431887863271745,0.36970063866052016,0.5297027736473924,0.32680224645574435,0.5814908026142137,0.4593425124165162,0.44518228504150276,0.5730945111405408,0.3687642339856893,0.604808684247945,0.480748694460819
298,0.32659139682467164,0.5277272297550337,0.5245365686157286,0.7051268986814447,0.44604154678152846,0.5379503110285264,0.34261809516248737,0.22121829514396138,0.5502821010928183,0.36926818566728853,0.5125668191263191,0.19440554765804605,0.5340523473746133,0.24152777727425018,0.6569687715153699,0.5119770598586568,0.4580275237705355,0.4864956044769835,0.289274777142453,0.35252156146884245,0.5684224527405939,0.6682010990587373,0.2505028500657257,0.7215161254961155,0.710535956538303,0.2558324523217332,0.32237691951406744,0.2643655095872536,0.620190444581244
299,0.4768382943462498,0.19519448808144788,0.25948308063795605,0.3918320159540418,0.22348733247633315,0.46294799564779143,0.21533654028672758,0.628426070727451,0.4213607908366041,0.6489370646936189,0.11875304334928356,0.39201235551077446,0.45367946507439305,0.42894100108995287,0.6543621742419974,0.6871213341854512,0.4331001756287624,0.5932802698754548,0.654311427745282,0.3480871659587779,0.5066918100289598,0.4180796886604688,0.43563626273550093,0.6143238258941542,0.19217043944204987,0.5315162288189715,0.09318666650540976,0.2698496735880068,0.3772735909755072
300,0.0006372488726184414,0.00016594596362283804,0.0037777283782590956,0.16444336383805705,0.006865756480226457,0.25327503006032404,0.594990811472208,8.45104828994926e-05,0.04185585952442497,0.005976720441750313,0.0024965886427064303,0.014458532705829644,0.034969196479540554,0.017595493878938016,0.007176166840657667,0.0002620327673977858,0.011258513626341974,0.05090710054368485,0.1816124809293656,0.06470000023832503,0.0066764019851667565,0.05389101811083947,0.08411168917851486,0.0015721061171289927,0.24996182413201032,0.0509310061624137,0.00682930366160249,0.008696934170781559,0.21750417229363
301,0.25256900557948897,0.2918059488809795,0.021175328725413254,0.017338456261814083,0.002448464708546024,0.006642210999984091,0.0004907226468493616,0.10578952110634463,0.030821188469685762,0.147756098403043,0.003606688516832721,0.14281352314561446,0.043503461184167286,0.22037610750343387,0.01349140502582624,0.1520430525744369,0.0015612819028046005,0.2705132515816647,0.11172539296973294,0.35545483868115696,0.04601291054822854,0.003595849802584031,0.3323531918170079,0.5744276725836378,0.0016088294655243025,0.8027801333146801,0.07706435339007947,0.035380695714392486,0.11255569797786404
302,0.07196232712730694,0.39586087275052706,0.0361241940656599,0.003976951718197902,0.01895927260608854,0.08578208012263311,0.26298321664885793,0.12723592404242334,0.019632895167216797,0.01851485420497586,0.004893622822404725,0.045075597026022055,0.36211885135442307,0.037579206643165615,0.006646129468953834,0.05577534471089329,0.006528509327457516,0.023907313826004348,0.1653737135201697,0.4425605880702059,0.06689320172270886,0.5386565204910619,0.053041958476537046,0.09152924082792764,0.04281465635220144,0.011205560989520339,0.02722665924140998,0.029677456774801214,0.1346759664210821
303,0.00032652707191084784,0.8937061757618249,0.06072709969969157,0.15138533363874862,0.3462131774123453,0.030161851391514914,0.019231944335305208,0.0005494743687516282,0.669070284813415,0.6915396846928548,0.02835824487249411,0.1629574394862246,0.06286162607674575,0.002464054322700347,0.030069878251478912,0.020827978766727914,0.018517533643965106,0.1712882157478164,0.04539500947811015,0.05550932574469228,0.0002454160317891116,0.07700626403296314,0.7106248588353504,0.002512137913639455,0.17472670604351792,0.37113897827775777,0.020785596250090195,0.37085601264527934,0.012271293576532756
304,0.2607309258050345,0.14233897425650507,0.03310661968287917,0.19587503795190372,0.2521626892530046,0.016943439667633352,0.004638993837466296,0.028730883767332984,0.012982271630986253,0.03792828588504714,0.246305616450294,0.026890422220723104,0.10804158666963935,0.04910083292572145,0.0007745613511370661,0.022365134499895623,0.10144235907286052,0.07568940199167877,0.27845211567537337,0.029505951019941325,0.7516980345675243,0.3423977120414568,0.06977239528052546,0.008162080360365304,0.005271479800377692,0.14839283954691562,0.09262457511525211,0.0139531619088169,0.06317962087568169
305,0.3238869270569771,0.36642248972796376,0.6533296136100224,0.4541158701259345,0.10854384206099855,0.5650615393454603,0.08287106257561215,0.43964182463913826,0.6489657202124622,0.2731677247918826,0.2957340617792774,0.7011215653453536,0.04225772584632214,0.19157002316301888,0.04864151648478356,0.974395267626797,0.43300216664143687,0.7485907991405619,0.584113687048328,0.6697494113395605,0.21158864698916316,0.48431244806177454,0.31572236995815117,0.595241438349784,0.05132094142991253,0.23241539677104214,0.7314947052591068,0.2303534819993264,0.6663426616751
306,0.3948812239508401,0.04882916062463958,0.01499676859329906,0.03943175892142,0.03988075797986247,0.32456905178465184,0.4952835243709851,0.011947913327602136,0.4567691891515554,0.08454987137998468,0.34437325464092733,0.008079830047768011,0.07350642524020279,0.1935573418600876,0.41286476703469543,0.08259195285170776,0.06301525453166978,0.006781416248246683,0.1625248528758265,0.019141769292741466,0.10636420335194673,0.13058674051444624,0.05559584619158317,0.3201542919799034,0.0022507609664976776,0.04074763229790161,0.003507018360035722,0.09766654608740297,0.17640035230656323
307,0.015824466236465325,0.06424381429300995,0.0020522644222587248,0.02549295462864272,0.019977970501424507,0.018898925889063573,0.007313018864845536,0.009443882507578672,0.0024950245199820897,0.1360065336024641,0.0017143916791401035,0.18385257003003944,0.054968813414417055,0.2759724476413165,0.08186171823147699,0.06946027090555697,0.014822686818181987,0.0029551379854520607,0.1277208612856859,0.0016196300056387294,0.05889357535918746,0.015561634097300967,0.05222883288563888,0.014094176036081209,0.00868895205105084,0.015607711897445363,0.12307929755059023,0.10921809878115735,0.013362786150137336
308,0.23535437384336974,0.1302067673836473,0.2820109336556262,0.12348721116252387,0.21388589395286636,0.9582843281831358,0.06283941051315264,0.19041413207182653,0.011697679239187317,0.2572261177195961,0.7848382287617022,0.04503817266470843,0.9402009654087484,0.8585415763604196,0.020805392798514188,0.9823690807209867,0.5981769371823367,0.010033472580057568,0.0024401644691642737,0.4971940335138611,0.01709135664531206,0.7765002241756527,0.72594243296473,0.4393730628721143,0.919501990929679,0.5836461347872621,0.18232831536037555,0.44002851728354897,0.4586684502157893
309,0.19668703097057066,0.7534811424403288,0.48353150596759226,0.2606966110473798,0.3686021547344396,0.6273168699125505,0.18923535250077786,0.486256663645913,0.38271533977078315,0.15230692380200095,0.23228970122332165,0.27573514826690143,0.27860727192114654,0.06216353873680227,0.5553287787009524,0.3636870873260449,0.6284233318047032,0.2948147533185938,0.509190534170412,0.7074717641962261,0.6450881890523047,0.14851234307472125,0.5845726995940951,0.2271145295986706,0.49363429537970893,0.6411017681613035,0.3098134341831518,0.39568901175049126,0.2236912140379078
310,0.5784706127491351,0.08840975637869979,0.27558503899697134,0.051292361612244236,0.1576364773693041,0.033419846499192725,0.027012216905933285,0.06649232588676066,0.01605313446319475,0.4541226725876665,0.30157650338104597,0.11840143763152144,0.4060312799153545,0.044027254182438275,0.16193311776054145,0.06944780806390354,0.031942106203601536,0.11272404752368252,0.05748668256043273,0.22841120190067835,0.015528263082773396,0.13452929575771086,0.33179410476647064,0.1278040700177975,0.24864898936760568,0.1149399810292375,0.2704183213199109,0.300865466590556,0.01570601169006251
311,0.17457021949645726,0.3313468970577539,0.01251290066988166,0.019027253643349146,0.04987776461395304,0.03413625482539474,0.05367923286204047,0.19772034192933594,0.023648090605446093,0.10675826309480226,0.0027352141743245454,0.04656959273811136,0.21928663128252174,0.0865604420546034,0.06852976159283837,0.1424658474677314,0.007308929090041289,0.04045677421659653,0.14598118107426164,0.12829178298784705,0.05237667766173767,0.40883382378671856,0.13763114937422785,0.18184096431344424,0.016256511828521114,0.003934036228256241,0.08373966773785399,0.22252814586098113,0.044431388022862846
312,0.27299042042756066,0.02336731536145893,0.002390822325819816,0.04982785736214791,0.00827498313557278,0.06347794402441342,0.3354156610077189,0.024921121080445877,0.5947619182488975,0.5535498489984056,0.01115611943510781,0.06282519565628225,0.013350082113674083,0.017663302986994995,0.014131120947940567,0.032679178026285324,0.017324556742833497,0.0009819354472106977,0.13484349893087955,0.0027075462248798985,0.28380026078656445,0.3502492518289161,0.015447565541810659,0.6306783236442235,0.004766591642911748,0.0010594832484987645,0.001008869611774548,0.005050112736577155,0.06229107051377648
313,0.3960794471505057,0.4501197659282196,0.453329480589919,0.5208427403096543,0.5010179715705839,0.5248266606807683,0.45035483064422444,0.44686877151543813,0.45418480546012896,0.4221807610624639,0.5307497226377171,0.45723947612560867,0.42974343809875803,0.4544094077576605,0.5611191490398736,0.515567822256873,0.479617450219602,0.3564910173826499,0.5586583964300759,0.40149811466443724,0.47385465222295803,0.5109155548903183,0.4434555033068895,0.3441045550636646,0.4858990951494651,0.4996723586270454,0.28995663161836027,0.5270771326276328,0.42179163675710796
314,0.670750062131785,0.6644311394978357,0.6888298298369979,0.49655745349964925,0.6686671224943979,0.5808374133360762,0.6047358229119472,0.5529566522358959,0.6349218724838002,0.6352986308815242,0.5609169815747962,0.5211631745099294,0.46695782789377155,0.6291287401387287,0.6466874227068508,0.5354530405289405,0.5969999456900739,0.6084022055270982,0.5418079457139954,0.5267140937657822,0.5794498891919329,0.4771989633604354,0.4594573902796349,0.48533651307545045,0.48656752771820616,0.5791581266199426,0.42195368107454756,0.634510650259734,0.5510421957572095
315,0.6464103879086232,0.5409365655286897,0.20877530105407333,0.5458830117694059,0.17729695168901655,0.1873946736563209,0.5806308914024669,0.8307306677529367,0.36877454033438173,0.28058188418988006,0.5934445910428816,0.24439032484643167,0.8003389647635452,0.4075377949902598,0.6816183771188424,0.2676940222149666,0.5737479245977788,0.412355964128559,0.4412861895132894,0.3566149674206637,0.3922029570779655,0.5153851214443397,0.4296736513055046,0.3076177846449165,0.2918974339591707,0.5776365489304257,0.812111865118271,0.48407115344361384,0.38889693077750154
316,0.33358811618649636,0.2747108245064357,0.284570649917492,0.28297474585045235,0.41719216399261017,0.29096518383924036,0.2819273241176763,0.43779634268945994,0.4916242077148012,0.33297677128898434,0.4928367736757802,0.37289129084211625,0.3486486024074683,0.30337782296601573,0.1828495859050989,0.34371093361923555,0.4590428662504422,0.450933969390565,0.4585136506433647,0.35212973792623925,0.44771089126907543,0.35692934009546884,0.1620340217373606,0.33875185802187896,0.24672079770720665,0.33785493165770875,0.3262950274955005,0.41661387487513185,0.4652099070055024
317,0.4817266004370424,0.541414832372182,0.6939506905677705,0.4500251151875104,0.5070911814801757,0.4383431415223283,0.5998504887958703,0.32147320346756064,0.2324955348628447,0.3503279825423864,0.3661766646739444,0.4510256510553828,0.2736066652637331,0.2821732091175619,0.4154181931814573,0.4841062473403051,0.2990026594268459,0.2964662844394176,0.3846187185061262,0.26915845465005817,0.35972743103843713,0.602222613174495,0.3463274035500673,0.4653489894855671,0.44368454239263205,0.6744970070119274,0.2887614685735671,0.5594359475774358,0.2883314634832677
318,0.4295255377227917,0.3421244105282572,0.27892873020319103,0.2169417792192068,0.35946803071976796,0.476730759779254,0.5341433481871546,0.47070752711110486,0.3326527991500564,0.33612117590796986,0.42504748167627604,0.34482407205026594,0.10134407356844705,0.30849561077996224,0.29736971711750687,0.21346303932492536,0.24796079575581778,0.2607847744542847,0.44425770982750296,0.28308809220877984,0.31100498673086185,0.3486392047211544,0.5327731365287365,0.2574205247336609,0.3954624095305221,0.42662822438863907,0.2973365622770821,0.4111478439892586,0.2899084135937474
319,0.438944837525825,0.25888136499281666,0.4052221272531578,0.33778453381067236,0.4124000728704463,0.45190407203230115,0.40372859157276725,0.3684179192025069,0.4448949615708061,0.3389742420651823,0.3661997284058806,0.4742725288166976,0.38014250233108005,0.42529607099282585,0.4326501871122366,0.39275372153947946,0.4000714690296791,0.2713701547718682,0.3696341497804315,0.2541615783869554,0.30514846861297645,0.38318846611428,0.3801844836494747,0.3268316539166583,0.39902196839345655,0.3260735704686947,0.35068269743233754,0.48799274073440746,0.3323205662347479
320,0.3426151491634117,0.14473748734600292,0.6116286679611734,0.5176184054458012,0.27982763677022754,0.4603755238532211,0.2383981879262762,0.062406849323090645,0.12924056873024622,0.2939006918775294,0.5316423487214009,0.19680904451363132,0.6633556238400209,0.05335904506461496,0.3856947589143384,0.3519854860523607,0.35019749204544925,0.26521731629300105,0.339874633084448,0.263190003153763,0.6132980986086733,0.17736413899570275,0.10252929522402647,0.4069741374879298,0.12894693907219093,0.25805316028441033,0.10281531049308022,0.2720750005065412,0.6029542230532791
321,0.44712610036499695,0.6185401034813498,0.45710519891146134,0.5497710930782786,0.5140345301751827,0.5955923696182606,0.47574421774149406,0.4039271601660401,0.3023130385161541,0.6101244128310974,0.5966071518039575,0.5026568329739364,0.4600541967175558,0.5798804672680757,0.5870886798983476,0.398727855246304,0.47707586388932405,0.4957230342221677,0.4527469063770796,0.4276156777178737,0.449824810410977,0.5428054352453177,0.4783426346132897,0.6200432488903542,0.4424903225835767,0.424138100105764,0.6050378796102367,0.5050669113077452,0.5094223224978842
322,0.04015831573508544,0.2306200693294218,0.0456872778093042,0.5129226303393439,0.7897545239077125,0.48200287282498405,0.04051362460903769,0.5993643435997733,0.5725893071714797,0.00491716994951125,0.4926075704640624,0.02487903461878398,0.02713829019676316,0.051974735013557254,0.22139938797892317,0.030301823353495592,0.035032566633560594,0.8977057558453554,0.06441088170837476,0.01041355386098878,0.25253780100800105,0.04257837527810725,0.02430546221536972,0.43602074246869466,0.0077132174095906015,0.082447168235802,0.09373757349411656,0.0289556147280543,0.008723198660380198
323,0.5404634365548292,0.40822526207581444,0.5065323265278104,0.4583685683395581,0.4376987647368421,0.4288312887374147,0.512300422655815,0.5589689689661944,0.4846972471081948,0.49068039889395076,0.5034327448983607,0.34267628738341527,0.37420090792482313,0.5785797756517593,0.5160237876812076,0.5181280173758109,0.560020735151264,0.4914337801482267,0.5027539521884211,0.4388399476068725,0.5744924561832547,0.5961899589068852,0.4775972467424538,0.5139853844806672,0.5369298786604477,0.5661998269521695,0.5587120457515626,0.5516794430793324,0.4674885171419918
324,0.3970821951325871,0.4492033638673357,0.40050385414307804,0.5595474996508732,0.4154276558922927,0.38346499502755665,0.4585971879079651,0.41392914675754244,0.38309026422078957,0.34845213727920704,0.45282036003065446,0.45040277764622444,0.4848524752311674,0.44715988068917356,0.43117799659472333,0.4517428352531732,0.4762133299690883,0.4099441494095007,0.5227230522134941,0.3783884945297259,0.3885912306647828,0.3666612438018577,0.38720322492221854,0.49826570165579903,0.4678157893494011,0.47498693791404506,0.5117472789928739,0.41438156597035525,0.3226565898314608
325,0.6510642638339436,0.39226063945892536,0.7085731302177014,0.22482850430723053,0.514263876409293,0.40032516921231787,0.19948272519899837,0.6630935394165175,0.7376012431173788,0.5554648696950077,0.8084094476430048,0.3234907133359812,0.7126500671852514,0.7443323825501151,0.17808450326815886,0.42978565434809657,0.7181397827696037,0.34055674272754,0.37817486089886787,0.1886536430376811,0.7089411847753422,0.4981036447298894,0.6821542130606676,0.3561903366453508,0.7217915162277948,0.426702312802919,0.5749126871421734,0.6072159801575476,0.33762202547571596
326,0.40236063711853415,0.3333579463716808,0.38156031170990273,0.37828025936836673,0.35379553254829643,0.38915816658519065,0.3795666444369876,0.40742436890512485,0.36135238201891107,0.37915625504299594,0.3706739144693355,0.44399601050247656,0.4330957884679652,0.3775565730997918,0.510416881546688,0.3791251646175522,0.3198745387891608,0.34275122473945485,0.27311794699092057,0.42190512863590623,0.36699181712646367,0.4711257694326259,0.510301026757984,0.3348307847230546,0.30619501172148567,0.3641938763289989,0.44683555955151416,0.3933135204148224,0.4010471785779135
327,0.45013395851216104,0.36311868549902265,0.4064781364436102,0.3919726518254178,0.4725547478450759,0.4528619364367663,0.36396288039956515,0.467350445330872,0.3365988471144133,0.3576460943274853,0.4491383959507013,0.41809786425052736,0.400508300473899,0.5316939962579369,0.4489146114916143,0.46808074810534106,0.4242445575761913,0.45463437542781937,0.43620805059766077,0.36561484592048027,0.46508178655455495,0.4957520482074104,0.3951536835419163,0.4180490418848959,0.37061316136272754,0.4562490872784045,0.3049618611269662,0.38834518851384325,0.40611520721469047
328,0.2846659454842209,0.26547083727019954,0.3818008377152889,0.46557709329386837,0.4027697384856806,0.24488676336763224,0.4952627542533629,0.4093460824211407,0.42306745876885704,0.3677606614536247,0.3512206422029488,0.3578188760919519,0.20057146280660385,0.43488598631173897,0.6051667099668303,0.26912727162470024,0.49551633786714244,0.36546368523181694,0.366984537872738,0.456282403426935,0.371025443909973,0.30203777267400045,0.16881717299480342,0.3309359544197748,0.4326983795609257,0.43911278880403387,0.5335983696521831,0.5120163543507174,0.31304790421454265
329,0.37350304359761066,0.3231639662897212,0.37030748082967196,0.3442936488426476,0.420344951629763,0.4377901421684075,0.3756841053443125,0.2940394107234492,0.4891638269491731,0.33942834126036636,0.5003040501565099,0.37338468892715515,0.3072620019992974,0.41426219378068085,0.5442882839684896,0.44262320943391076,0.4320431012692191,0.2698571534520166,0.2899352320937906,0.28133976691129636,0.33946507969025286,0.2802227318781369,0.28937599619941334,0.43267148839226893,0.436931523948247,0.535288276023658,0.39517129254791344,0.36311993760683803,0.3080326979276739
330,0.35145196444194293,0.06668096235453383,0.16663818627919247,0.13024711424498983,0.12332062582650609,0.01821154555480596,0.1384718468199708,0.10253746414434792,0.0952294536481102,0.19096694593546198,0.21861286858368137,0.2173505566537167,0.16185993607184107,0.3212573575931438,0.19662807598997528,0.2846810874549448,0.37921364496624216,0.2317465252130149,0.10834034137199061,0.1624909895127128,0.20109235486151522,0.12708379147084825,0.2348736802897461,0.2861307402434601,0.43540913498951633,0.21906378701560958,0.14697311079790543,0.12098837043381487,0.16882908434941094
331,0.3897440903190298,0.25361259715064677,0.3217889806317996,0.3500625258236225,0.326947173717112,0.44744416010450516,0.3984374217741111,0.3649881975169258,0.29767254042776226,0.31809935006874357,0.24787985365530063,0.4175063701154731,0.34801565926183126,0.40162950148037924,0.4388110002557729,0.3444656549849532,0.38817653039165206,0.2832225577993864,0.3646772485144077,0.3425805911113032,0.22757656096008358,0.28771012545875113,0.29020054299446024,0.33908053983819475,0.30204950920984225,0.3344456571087182,0.4041665932383289,0.4114088011008496,0.3435369729190683
332,0.6583495302939683,0.43409200566603645,0.7186803931524263,0.26169485391325387,0.314084824796959,0.5510991491378532,0.2810639590541785,0.4673000024501462,0.449737045859281,0.5048281875947013,0.42529091474971636,0.43881569463587533,0.357788884805336,0.4090143636245243,0.8314002719601491,0.7930589098420859,0.1858238925730466,0.6335714771707179,0.3226702727724528,0.540856817456051,0.37892528646963486,0.35312708959860317,0.5133210903655498,0.41043223691468467,0.357613494923914,0.3594466428282991,0.40777647232946285,0.6081977453639253,0.34471987135218596
333,0.42177783442689776,0.34253350168339824,0.4406584712519697,0.4767388435549204,0.48423111157821724,0.35836395965235845,0.5570515006433949,0.4665146121576462,0.3437652186811526,0.41967050541171586,0.5568785241743988,0.19402707642176378,0.3066483747509657,0.5255003903009252,0.450151374613972,0.5836684830676896,0.3879020378180971,0.38314606958804615,0.4163713711231447,0.39824911578725464,0.4050639590206031,0.600751532137383,0.4555256116962987,0.3403951179959835,0.47854464119477563,0.4824157971271033,0.22097997851409815,0.27761681809466693,0.49768866156176167
334,0.16835369637220074,0.5447130238667435,0.24742030289476455,0.5109040277727,0.6213612587024289,0.3326170570647528,0.35352515797070067,0.46261574248040493,0.5539402021439036,0.5181196810671194,0.19307676557647807,0.20606946684763175,0.5660296071889297,0.652364303443569,0.5777526222762978,0.7383245451182914,0.48637539752214193,0.5098910131324099,0.5892968340764837,0.31626183694575233,0.3934175228562612,0.5320045655518686,0.454442971123258,0.594217466924925,0.4242524080993202,0.44134674801409635,0.19279896587757103,0.23574775560337682,0.5113758010776233
335,0.4233005372283023,0.4044501552741822,0.4489567746321365,0.3772794133560109,0.33155943004735094,0.3187031561216282,0.36608021463930707,0.36909927238371776,0.4346100705503796,0.3013797676462998,0.38456903524395997,0.45220777125738987,0.3278680021178676,0.44717394546421657,0.4013352851950005,0.4332652982575926,0.4294997300563561,0.3561240060577447,0.39445704693178146,0.3106279267245106,0.30179320226260364,0.38772472297850674,0.49157639974033235,0.2917920097820738,0.3666487089193563,0.3836004976378341,0.3098869458056577,0.4136911144942693,0.43338252614707146
336,0.5616936992513206,0.45367760044700367,0.5479256823575702,0.43036375981173225,0.394981388400437,0.6383625120881592,0.6982705916047157,0.45969964022591814,0.5348522620844053,0.4361991154590026,0.5800177931137749,0.38141501658255844,0.6308192287629859,0.4813699477069881,0.5706871367255423,0.5384673490503507,0.45922218265613063,0.5042100314029596,0.48604872758319606,0.4936578431355686,0.46041214415150666,0.477763567450844,0.5210591133602812,0.6074540028756712,0.6351865487750696,0.6356669972287968,0.5522238297592297,0.5454097801131174,0.6087369413999439
337,2.99108363930232e-08,0.223710653786187,0.00027322973996199434,7.879993435392558e-09,5.279148162775771e-05,5.840544813322927e-09,0.5235962054377887,1.215045454650931e-07,4.153150272533128e-05,0.000942453682383724,0.17099336393797882,0.04094079552192432,1.473037083672186e-05,0.000822340110003506,0.10506165669831256,5.266687093123429e-06,0.0002677321649471056,0.00015716986938895227,0.000395316861902102,0.0001664319795374884,1.3556531225583212e-07,0.0003352672818930678,1.464546505849335e-05,1.2420037348643578e-05,3.6044249383190594e-05,1.4722440595572318e-06,0.003931344667281032,7.161751554141482e-05,4.497150802249995e-06
338,0.4668669401901794,0.4509809723019598,0.5383788908643774,0.40510054727512723,0.4764246555695152,0.42911611950640693,0.5100885166927813,0.4468888019926239,0.4284770060415028,0.48491050684662473,0.4797364992398368,0.40179623871244374,0.40674942342426307,0.38680649818033214,0.5333599816214271,0.3583485717265551,0.4406575857744218,0.4133346315976272,0.5594746999291431,0.30494387860395455,0.2979182229944581,0.4836737334857076,0.4582512282503504,0.44622406719993457,0.42118660877880537,0.47685881505777206,0.4902354457987773,0.41250732371618315,0.37150963738431025
339,0.679123124318797,0.7317010912229382,0.6546110223679993,0.3811855539509733,0.5189246699430534,0.4125194035852299,0.431438045027715,0.6020307503514588,0.303257386855205,0.6778989975327286,0.5508497956253473,0.3796082954524085,0.3819605380246691,0.48739866897202566,0.43882271302422404,0.4350526268700318,0.38221072807435597,0.5210748405717697,0.3066024447832163,0.5032785454236924,0.4509275555851319,0.47521109155314806,0.32071340613204996,0.6193940730110047,0.35470912813849875,0.5374855144603434,0.43422007014731734,0.6502902979799174,0.5890466848081176
340,0.3565479813194914,0.49942940507264033,0.4679210506222279,0.3450576691849723,0.45894478996779375,0.3293919748669952,0.46366048187628095,0.32503322841052257,0.4878220036266153,0.30890989031417276,0.40130318790987773,0.5234767896569678,0.4440700310843925,0.41690558807514394,0.3887472088946054,0.3449418170811219,0.43106464003869344,0.3762696265953894,0.2816907175538887,0.46524216855253386,0.5433908916039739,0.47317990601449095,0.4083746711005608,0.4927101274038534,0.24735770209887836,0.4065220718303971,0.48415555100496843,0.23074326562703348,0.5557944334835261
341,0.49948657746828407,0.23655104702522767,0.18702237229416963,0.3802816186974976,0.4188294437648916,0.3016967630747145,0.3191090013409361,0.40032210668599105,0.3511044657338714,0.41109539620490443,0.5950726270560077,0.3154515948882281,0.4260919732088613,0.4554761153831683,0.1834934936730405,0.16276421822770504,0.4580154542878961,0.22605895644528592,0.45498930600768767,0.348266586378732,0.27884615133074436,0.29147722778033147,0.41748877190970207,0.4452399273772365,0.2773737733868887,0.32562291203946553,0.3675483874892643,0.3923066100561066,0.2506262824387427
342,0.5266384541274246,0.3064497774295563,0.6918943203040039,0.3677610154184447,0.2020444247182671,0.4867022211787979,0.48309507032637544,0.4096960608580933,0.3708895376940748,0.45665692831807925,0.5614959498939806,0.19783858764115106,0.6145325438447761,0.40231411476204093,0.37438755248765976,0.33265873375984323,0.5712518360673593,0.5106979821677363,0.5219860137584627,0.3348143014455103,0.42356845797966236,0.5364986543367865,0.18444155370868584,0.2868596840944679,0.26935011913971557,0.3859361362204012,0.5904313006495309,0.5348065168538816,0.565096652890488
343,0.3649311530859558,0.31700988060019614,0.355590373947483,0.3649803353985977,0.36915896255364006,0.501155314097737,0.3489577189858847,0.41946551330630655,0.43579095173357235,0.4350610341768373,0.25052612265121926,0.2924779903671225,0.38911675781099603,0.3844917925959951,0.5157632317776659,0.306249104062334,0.26155258637472206,0.36809029172731883,0.3065267952933721,0.3220025876105929,0.2455894451904449,0.3500740996262577,0.32121630833850473,0.3316341541064846,0.3260804717786309,0.3312564489225935,0.3988269835553317,0.33413896037253316,0.36305084433416906
344,0.5681807823373444,0.6607447253524205,0.6161153236011198,0.7430907392241987,0.5610460660874316,0.5185087918456508,0.47979684632498454,0.5585589399639056,0.485462500027678,0.38070607843168786,0.5647258074686209,0.5443089875090616,0.38592401679477206,0.5449086028627113,0.5363600161586615,0.566795700847546,0.36108377111816087,0.5019628682178833,0.6229046959375689,0.5664946150071388,0.5766266674638126,0.46508778360782865,0.4850852301452629,0.1753346476329883,0.6582065177122088,0.48278123583814553,0.5069583450163534,0.5667784114162159,0.6038263730219772
345,0.20751915529763565,0.3514471041339032,0.4378199952160431,0.45177395316694224,0.8150377192417074,0.23754690409202886,0.18041887824120575,0.2799150578336912,0.2860038946882907,0.5598715577408787,0.21911496114122864,0.5285570747875143,0.5258217684600074,0.3429054090307387,0.4329362247886362,0.5051567676543244,0.36027012415573373,0.4522091358618367,0.702872284843591,0.3387706727800065,0.6942595713430082,0.5541209346317791,0.6312909485673193,0.482938632393218,0.251128535328229,0.2752273960991461,0.3326994436084575,0.3286295986189721,0.6347342496958879
346,0.2243098658415478,0.32320501813301333,0.4506790569629746,0.7936945258877857,0.12230140129478849,0.36432733788972693,0.6583186574462851,0.8269788584313353,0.9061126829738201,0.36180584812543765,0.4318577965970646,0.5271344967037946,0.3970774081268264,0.2464673791400035,0.25924385421880675,0.6702794320309889,0.3857377555500138,0.8200676895074843,0.7806519411497295,0.5903012512476129,0.4405012320237405,0.2867427524062332,0.46924870126142343,0.5055359666103143,0.3892541423297881,0.39272022706391546,0.8461820366930255,0.603914468862398,0.24501132994233965
347,0.48175352440347535,0.44555687095289814,0.6373063273248137,0.3968708328169991,0.5522953968413292,0.5935513925224917,0.5505950248974952,0.5094935981736909,0.4867235941537177,0.49400124692759334,0.6053520651513212,0.41095457423771026,0.4595557288164502,0.3192347308802326,0.3632034631571502,0.3176219882268157,0.6152324975738025,0.5343805823898289,0.6765535534516239,0.6590521686012815,0.5796024372645397,0.37047733802939165,0.6152755794109368,0.49816558138062833,0.48326609779219964,0.5895034451505377,0.4481924026604317,0.36126724906105717,0.5398070886024986
348,0.21466374694250245,0.43070783587358624,0.5373104630189308,0.5042236419129418,0.5515401807350854,0.580151445889554,0.4200855317109693,0.5048233926050316,0.512637497581712,0.521930214197437,0.35757945579362255,0.3527256247424877,0.45656546266888187,0.37505272824412106,0.5962322697641076,0.4581620020797164,0.4547256302061388,0.4777663587154008,0.4871498649869453,0.39394007885988686,0.48253136028658805,0.5390628161852081,0.422048083650228,0.5252896903002449,0.37550747895477077,0.46290387529376426,0.4511543607796743,0.45128798183735125,0.40532930466109396
349,0.5710388731459044,0.35478599917896547,0.5700088678330429,0.44162962881,0.4633100745102771,0.5724264698381397,0.40565830309947715,0.34152458294776983,0.3524811598429822,0.3174866029521019,0.5421453121032502,0.5158482453934977,0.5223977409856065,0.359128868933985,0.48248748322206736,0.42681225537076334,0.27739276541343694,0.3434685688257929,0.40974188365027703,0.2811051628599952,0.43603945529197946,0.48345364431330695,0.33068395116087956,0.5065092203973252,0.320836405077421,0.3753153982148546,0.4396122623544332,0.5434125277477296,0.4173137533108667
350,0.4458262677554247,0.39890716989173003,0.41636681661674724,0.4378736269875962,0.38418526419756854,0.4121781018134748,0.4259117451659116,0.3959661770097549,0.424886246234767,0.4858481933131199,0.5014045481285172,0.33704509604452604,0.41146338849539993,0.4859573127195709,0.4995083991889954,0.4120205189374425,0.38844871275978415,0.29385641342535523,0.4387977083039975,0.2580186788545081,0.5138120621036195,0.4572690719922866,0.3703871889950346,0.40327869279893774,0.44371841261259903,0.37601781643145077,0.40726364042722135,0.39068536562853207,0.3916587414434231
351,0.35233209972671453,0.235606603464673,0.21390445066821717,0.31783936868461815,0.4448598415642302,0.14059772400930537,0.2579511226117669,0.2594625022858914,0.46483660317319314,0.26041140807734114,0.3622260916278517,0.40813444199559806,0.3140270999795831,0.2673310772377059,0.2689794190475846,0.21034459993668672,0.33168085285749815,0.32993590339414053,0.2777022487025356,0.3184434844667209,0.38814147268697535,0.27039521743154377,0.25454106538052473,0.2526846788909531,0.3044940962760223,0.2392409159881919,0.21109336628155756,0.17670943855802665,0.18195656567582486
352,0.3359510868755983,0.5561552825218932,0.4444119221662549,0.5151282101732998,0.5572109494341007,0.5384744442834792,0.40121818858028285,0.5053096412869046,0.6316093668081599,0.3295538636801019,0.5085464720278481,0.47849801254634994,0.2932779789770537,0.32187757707060527,0.3879827282972497,0.5265325327798676,0.45151641022679573,0.39842841227944,0.34719002001155386,0.28850847877731095,0.4929261467555432,0.20112711333715177,0.4497897428195591,0.4496901932112999,0.4049544288830228,0.43186961693668435,0.31674079820153755,0.49957598646011697,0.39249587766519034
353,0.5005420437471447,0.2844697012513126,0.4361739805642802,0.3495248389053286,0.28674115333270983,0.5465624044622018,0.5475476752471015,0.3037915958590066,0.40222309251849975,0.4809330299720683,0.3776381158428315,0.4684079243067546,0.3034265459385324,0.39051494018297167,0.37395914899465715,0.293304918981356,0.5011963726950732,0.34655577797878845,0.3529455005553157,0.5259613775150404,0.2700880051814779,0.4089600324001293,0.2856912752211234,0.4487203446964441,0.3348686685843315,0.29474898940923133,0.39140907036972367,0.25029031895070586,0.5402944662680121
354,0.7664728575921368,0.6507350122490839,0.4378272369965926,0.4590305614550482,0.4995996471062557,0.47966096234950056,0.4082754638909089,0.4069562234615969,0.6423259781811567,0.4392467074139418,0.4141470006061562,0.4711056802244611,0.5073751585249758,0.5352634200292661,0.5288076364474841,0.4829994305505041,0.5218858539689077,0.6600750761570057,0.7165941871613171,0.35530205728560554,0.5230700222732371,0.4993940900876166,0.43950262818744945,0.33763949974080265,0.6038490547541446,0.6032190015428209,0.44759230217262347,0.5206197655119339,0.5903307386957239
355,0.43527531363834226,0.5604017238567954,0.5062866888153056,0.38735817987338106,0.14290679746367888,0.5227582686514323,0.519726176942241,0.5158395244691468,0.550886232108232,0.4583986970161256,0.6881709312060116,0.6267546662870572,0.49253557169885553,0.6713696289669451,0.6803028337762188,0.49427159541906623,0.2837402408868726,0.7735569394669064,0.5494610269755744,0.5732032713834208,0.6354152881983682,0.32636883863158633,0.5669545346313744,0.4227764134116919,0.752290157690294,0.5029567866235377,0.7434207752827492,0.5369517957978962,0.6487931372596935
356,0.7145023504999208,0.7188934830409227,0.5295161725433196,0.5879565134440073,0.5864448801612995,0.5423883657492855,0.5810003774193878,0.5420678531702041,0.6171579332643201,0.5433218493231533,0.6397371922687621,0.5397506754086356,0.5734356935273635,0.6074092244871341,0.5476992253997569,0.395257494760414,0.632511491239815,0.5249544145021944,0.812880902074193,0.5165853339017475,0.5747987217614697,0.5865625882410733,0.4655560068922672,0.6083997282770125,0.7323431837204817,0.5389667952607923,0.45717688343582114,0.5422700955982249,0.5186870473029603
357,0.3442243539092656,0.3839750955544113,0.2983288748975072,0.25587482302299613,0.41630912656905317,0.4080130106684158,0.29666895138332433,0.3858780290622653,0.3632403664775531,0.3398527277891306,0.3917132200445313,0.2882557573511167,0.21129489245605154,0.36692069312227904,0.41541886140055795,0.3061165792961217,0.3404060418490528,0.2778748617454917,0.3440073381634691,0.2948323616083115,0.4029721112276456,0.3209340225676522,0.40022325834198613,0.3266064748785196,0.2947939572445493,0.33332684096205434,0.28638506280280324,0.33301865234444583,0.39661278502633474
358,0.4229275880195426,0.427268187745019,0.30856540780551994,0.4489550028519497,0.40615607988368263,0.6139598782089022,0.22433749403338346,0.4726377922396121,0.5873810662103894,0.22206472360306218,0.551975670641484,0.48884813818527234,0.16921944128121402,0.64454198863449,0.6466393294521718,0.3235235927615481,0.3712923206345598,0.2737117149904827,0.4136128346706853,0.3115606467440214,0.5282322179732857,0.6482747359955013,0.21114971342445757,0.1140156850900695,0.43453929795800894,0.2891921301154972,0.31857291793632186,0.5151185479642882,0.24652459057378687
359,0.6372445616214092,0.6367102975466402,0.6315910797793007,0.5977467739769653,0.5803947818744251,0.5829021884639695,0.5671792234860838,0.5812866534765602,0.4598576441696921,0.40460661383404506,0.7816035054485755,0.6268969410417649,0.5107476172963723,0.4595735740700648,0.4257296983373086,0.5003791053174953,0.761582369916325,0.571963346138026,0.6131369851816671,0.5929786747981292,0.48359436013307766,0.5708307616095123,0.6745250353676348,0.4061864633129244,0.6537540233862249,0.6711343874287008,0.5054198650539404,0.5886411967398121,0.586006235210141
360,0.39506820648082347,0.5555844756040594,0.4331012232147322,0.4557813052171534,0.44430122589725074,0.38538883701354626,0.3745386625735763,0.330575146579638,0.43438142055445,0.3870657941069473,0.24001409543071014,0.40411892634599483,0.4432239824352394,0.2311284639171458,0.4465364109395142,0.3283120939538597,0.3671160502536139,0.38851796360807767,0.28966283644518104,0.339073773969829,0.49422104934228156,0.32709902129695295,0.3682089677358433,0.4416335858794727,0.35685369465301725,0.5920054823163653,0.30245431106817694,0.3333927732785869,0.3965971543648049
361,0.34078359731301194,0.434892377937994,0.44791362035655724,0.4315512690048819,0.44223861391198344,0.38569276187522644,0.4918883968226482,0.27684304328878334,0.4726835592012441,0.44928423323426675,0.3772560608341856,0.38064131109744614,0.3819448820867375,0.5079835557733711,0.31475309522609735,0.3850838442517485,0.3423558153134597,0.2796019224298028,0.3897627082938372,0.3572582765275659,0.5029978125625536,0.4980003997760495,0.2748546139275871,0.4200384609668662,0.34750029511635716,0.5297751693515141,0.4671954799462882,0.4698724478261802,0.4660472224462489
362,0.43884128308115533,0.3625913185108151,0.3929178056650187,0.3914403620216873,0.28063440808115775,0.3867964266450742,0.40273365355948604,0.3930940052884473,0.40872614357149845,0.3374674514991067,0.36400391612393523,0.29822665226736134,0.3812303054443355,0.47871213437150734,0.4740212725256263,0.37032299618452735,0.2946096367649331,0.2732108903780577,0.38249368732972744,0.24772535882869925,0.32837225581063195,0.35476331250853954,0.38880950970064154,0.28970697421814495,0.46545168354092553,0.3522457626726204,0.3716081813103766,0.36364198986418456,0.3468866746373664
363,0.44294214756966394,0.3336331432882901,0.3704903926704465,0.4181736970495543,0.5155737008165671,0.363749327034469,0.2860514063522887,0.42191023655737026,0.33416401833535003,0.30117318072920407,0.3504632349150919,0.42231606957906653,0.4215136557527497,0.4679034048706212,0.5096079453995016,0.3542359065938867,0.4924268941900628,0.4334671198146911,0.3010171399129387,0.38903380527478887,0.5387173946313112,0.4222650866608959,0.4184865149499813,0.33511208698328065,0.37485066772989956,0.45610026110262936,0.27567614442042276,0.2830267985931518,0.4146181422959956
364,0.4495961785951951,0.5947615282872482,0.44663084326705127,0.4351388610161556,0.22083297583092937,0.23412699711797805,0.4784265005774959,0.3082887189291888,0.09886407046353024,0.5116216066236922,0.49211188669394945,0.12648648680773758,0.5298510886641207,0.4936813754907479,0.29775038944529025,0.5069600041024387,0.3433557644613996,0.44685981573860317,0.6164351023998261,0.4775693338520256,0.4841199902557671,0.39394374390765413,0.25305025969702377,0.5192225984753647,0.21590821654273085,0.4181940810657075,0.28892379035480154,0.14703050817207441,0.3717178400715475
365,0.41062864585825604,0.457346406726309,0.3062147170930897,0.3616937577770524,0.4306581262929482,0.5281803447602068,0.4745251151890925,0.38952120486422664,0.43342055215573894,0.4243642144206671,0.3281134577209612,0.33057986556104824,0.3979790418919779,0.3770499911884396,0.5623996455442615,0.33165233518649745,0.2659932422560654,0.4848198861779273,0.38735448580807635,0.2557110119810436,0.4400883135729605,0.5514077435548804,0.4036578479802954,0.4217364540538328,0.4102966353821244,0.4077944186521427,0.42069306454083,0.4112008793378049,0.44440916677789005
366,0.4927517289351601,0.38601600526554886,0.40533318429094733,0.3695201360086699,0.35146928995729926,0.5221397692585824,0.4801272991551703,0.38555973283282574,0.3974053208391154,0.4201902911101808,0.48000973703763883,0.4336060938867395,0.36507191919143595,0.4837758711989684,0.3927121418568351,0.3970074952931901,0.3750939211034686,0.3792914622468266,0.4699506048143999,0.2678753041304893,0.35673836191538744,0.41222215482428687,0.4552656397942444,0.4351852517521071,0.4043482477079809,0.355375612781867,0.45524931510707173,0.4555757386452621,0.36675227102971414
367,0.5489458440056164,0.38974892610003364,0.4238277130275916,0.34325791259202376,0.430155301279111,0.22544339915419165,0.29267871503883686,0.4458044101531626,0.22643652858024224,0.2970905142964283,0.5217544215805554,0.5646918252518212,0.3816772255063546,0.4944433128506534,0.3110223611369265,0.5661925962579312,0.26050535915222783,0.25887452197502153,0.5418843002896562,0.4547251669062755,0.5170006026132193,0.3795199068576245,0.3715140664280698,0.26403714965658975,0.3073940983113106,0.3632107679741394,0.2882202151156055,0.2516830461532275,0.333808391616841
368,0.30959787623753365,0.49373049712033956,0.3688489192824244,0.1785997268523999,0.23498109203624742,0.257064317228787,0.3431222414718281,0.2572529559238958,0.22681682998175048,0.19607289800358083,0.35249283513763374,0.2842137979706953,0.3373467141491963,0.3079809768993152,0.3859879983228833,0.2402722552204959,0.2340027838123271,0.2517823615927172,0.325046712411024,0.2762686120449627,0.2056966975930785,0.19339324540433805,0.2740385111966251,0.3182649625539554,0.39443499430751905,0.29088937388967206,0.27191773113600176,0.16123386298838352,0.24298306394752572
369,0.3053977621635372,0.5715002606609878,0.4346739317741801,0.5125658103281501,0.44397892987333004,0.25497587783158043,0.3338984587807324,0.6300866369514692,0.25239058259515734,0.27159819732872953,0.2849163680289325,0.27592409400426077,0.47703736090931853,0.5946989857992437,0.48732423395498164,0.5708654143744207,0.5949653590477123,0.6184205655172884,0.2581641023352612,0.47750027432318193,0.5025637767697811,0.561530635164296,0.4470755982340784,0.4100641752184954,0.35429050660290917,0.27822038579708847,0.32156145734612074,0.49045218308301763,0.2321283136499591
370,0.48882447628905357,0.4384684108312026,0.44277134952629776,0.4856335593618522,0.3614080416690666,0.30897250902993506,0.5009672356639858,0.36435836157379453,0.36789350954470873,0.48911778907476106,0.38396722630793617,0.29049051737280557,0.40003252060844646,0.26321259715212725,0.6018842047359255,0.3521673969952158,0.3767577915012715,0.5352007158634398,0.4832069274032785,0.3220279066569808,0.5161108715042868,0.5109531677641092,0.5332375346324042,0.5032439852772138,0.3274658154161105,0.32872683206607206,0.36732903115947335,0.40076169347365614,0.4555050773391726
371,0.5789629491136487,0.494638043611105,0.6442133224711049,0.4139735715269658,0.15746794542864564,0.4203970025244003,0.2701587730893024,0.4462663362496137,0.6354007220837884,0.48384218103612336,0.49312247974039153,0.2617749673544713,0.5710536289747635,0.4804900229635288,0.627542477380451,0.6271699235619054,0.717782342756118,0.740070692973294,0.7004688544573301,0.3138347345678697,0.8309205930990446,0.6510865937225929,0.5655006122704841,0.6503442830539788,0.4349915819911536,0.48783138012763205,0.3425172529932557,0.46232772789466,0.666750886372394
372,0.6149702310387122,0.5777317867897801,0.41331381959986596,0.41327489053418864,0.5564828643872822,0.35962281662133644,0.4961349645768754,0.5086007556589511,0.4778949506703854,0.5038217774780605,0.38088434757770123,0.4884963125552648,0.5786660239173794,0.5354793725237009,0.39322284655573114,0.42597280318040187,0.45494340353654583,0.46573225303141114,0.4597472080083499,0.3006763285840372,0.5018787587480226,0.49066031364193274,0.5210445418169943,0.673572840967617,0.5120035019159249,0.33633304428293037,0.5630391587081811,0.5080430288248862,0.41754364039901015
373,0.6170890860701567,0.5601903511781114,0.5808884538902522,0.6345987930257084,0.5138979389317109,0.5373347238667869,0.6049913808952021,0.4537715508836096,0.6731991854090414,0.6235410740505171,0.6434384701452314,0.544115676764042,0.5100186171777275,0.5916954105053379,0.4951368018220065,0.3814465377500577,0.48901884835626575,0.45838653117147754,0.5456632918615946,0.5833248466292283,0.40903822201603934,0.5203173725561504,0.6494592892230754,0.3260308718729168,0.6333074315615776,0.6335655687811869,0.44113087686722924,0.5267313155653155,0.5566528714078869
374,0.22614058738784343,0.1397980824665277,0.33505301235200013,0.28642093569229216,0.19513823092194876,0.3091640305533526,0.28241030993494604,0.09972209034581424,0.32795843349816045,0.291326577371989,0.17684983631717435,0.2293218758004335,0.19421332733116206,0.4583512546347479,0.14219121909802337,0.07256997417556876,0.24411519315922708,0.2534359373160186,0.2067986144121893,0.30805710870116193,0.2829385843399648,0.08791591916541736,0.4542979650919845,0.4652249539754506,0.15256399783715943,0.05971879090093668,0.19357602007328328,0.276967712467493,0.21827323820815736
375,0.5248869115410715,0.3964087462157829,0.5001366305118894,0.31252961621097225,0.4219291068947816,0.40044584274164324,0.44891135202168636,0.504925457081945,0.2761405568674305,0.350591590686262,0.4145514921506753,0.17057506258855423,0.14413449081231366,0.5643065927243223,0.6513703775623764,0.46727946149983013,0.6725910662403973,0.182571708399589,0.1597338928673698,0.5381302201568798,0.4507116069642914,0.769068286622414,0.2109390317625871,0.158556415773307,0.3696460764866392,0.2600676600137416,0.121212842994245,0.5075990788479129,0.26044618266251507
376,0.44059601103441237,0.5351873468289641,0.3091665557163522,0.4283076106479536,0.45279049971400265,0.4220856799228329,0.2897650333651095,0.5197504381807123,0.31197606095802827,0.401680815952101,0.38996692016387746,0.2670796912398902,0.28067819181498915,0.5326871027470603,0.4264340229021691,0.38781414462121866,0.3048789489718753,0.6335623579402537,0.3493799634598938,0.36761193151470534,0.545296153906685,0.6089573971631231,0.41948592857301537,0.5439702460925244,0.31042085693531,0.531876329649444,0.5069821744828616,0.22461975493874808,0.36365246108707905
377,0.5353871528144213,0.4466326319897274,0.615333740866804,0.6513127752397535,0.7081066415443681,0.4850051249151069,0.6644159811705941,0.6017339676354009,0.45484659598458815,0.5486193422726912,0.5956870051832653,0.4417073470770586,0.5692955833125174,0.5597163842916519,0.49977869488698545,0.539393833651577,0.5144283491459465,0.5340314646984596,0.5830799075048549,0.37150911966149147,0.4290720748319005,0.5099992647723357,0.6620556108545733,0.5760568529421582,0.7085910429319928,0.6114446146085056,0.5221584665543958,0.31785380380997463,0.2850868666407623
378,0.4372395309810604,0.46480270050400024,0.4879784929599318,0.5216275445724946,0.47189814717140044,0.40283975500376124,0.44598716130144445,0.4664956072452243,0.4329276692715923,0.4464661310688621,0.45574367584247066,0.3716392482878204,0.453560591039666,0.49666566404435947,0.4658185977901542,0.39464891598195456,0.47503475463153044,0.4836484404065073,0.4325447561689484,0.43838551402437254,0.43809883362449437,0.5119688390040592,0.386376291584652,0.4648544903008369,0.44144216582566037,0.43568049434275324,0.4096237587286103,0.547778528622156,0.441946610421636
379,0.6366429685822412,0.5922789082134671,0.5142138180185187,0.28373749756224914,0.5860315713769155,0.6634533062292296,0.3987286309163914,0.5802582265228676,0.5557251970973984,0.11327527781288842,0.6919829412900871,0.6559222781946407,0.4478602643932564,0.6290668456503906,0.7440925820736827,0.39845599035337176,0.5340071516570826,0.5767618828009446,0.7572869113084926,0.6272433099165383,0.5915908974837004,0.45820370060205995,0.5020020936344086,0.36041874753175446,0.6005594769649208,0.465670941277322,0.6398931292426538,0.339814183869597,0.4892850789479178
380,0.39885123150814544,0.3518934930112068,0.39119279229447196,0.37704864183291303,0.3770418470449182,0.37967793153601725,0.3962172085306039,0.36401549395751104,0.31685641736563214,0.4111897922707883,0.34608587077601055,0.3541536229978361,0.35387286187893197,0.43961065357605694,0.4762584889126274,0.3878101255865854,0.39219192950258774,0.3771085935801451,0.4784803829495911,0.3672419527367263,0.25806290843948976,0.38386703131981575,0.3276282197379571,0.4223069733273976,0.3909912591487522,0.4187552362312527,0.4546460691733796,0.34707229497989267,0.3049333467231006
381,0.4206472463781777,0.3936559405759614,0.47364594102726104,0.3569699159809333,0.42485444083298984,0.5741929851187432,0.43432119325355106,0.28063400995882215,0.377371095368498,0.4750907853084234,0.48077114355385825,0.3836525468454477,0.41691481721909,0.5049626595071558,0.48443459177031106,0.5677584709516397,0.3635519069848064,0.4266848947119036,0.21596758675802963,0.32870677656915986,0.4502145937405278,0.3545685516134007,0.47877948129089143,0.35670960099350896,0.4097316557683658,0.312848717403369,0.36952083735739705,0.4812640583476446,0.24774278664750918
382,0.2779678953022545,0.402790695723294,0.404368111312837,0.2627295019780151,0.5183337721727366,0.4313269092863683,0.4396454495065983,0.38028738780514854,0.4366720875040865,0.45431957906595927,0.49223878991713216,0.4352780112603204,0.3487564732830158,0.4845057517160035,0.4122690127634432,0.4133164256857421,0.4760018378965762,0.2740109023391285,0.44000244969496305,0.299204965472218,0.4744696181257065,0.40285277487265686,0.47135570814269234,0.36953030285347027,0.4616543425302166,0.3599478729439204,0.4273655895739171,0.5064928017196654,0.5231181225381901
383,0.7475033722698864,0.4858896175774671,0.41422157924862535,0.5088621818759219,0.522274437145033,0.30321855038517165,0.6392582054027951,0.5363230325852789,0.7147589765632232,0.4125256970580343,0.561544760152178,0.7093279616321451,0.7324113337679643,0.4131694510436316,0.39972480020767737,0.7184697033199111,0.7336029472506798,0.7952684864142125,0.5048813753044955,0.6842103991924676,0.5338881491765141,0.8389334707805235,0.40597310333572484,0.5614846520793491,0.34174081126232464,0.651400322180919,0.5355431900366109,0.6886382053802798,0.2184636948569292
384,0.37816079976146477,0.4303050363316411,0.40059205971657363,0.543785462485281,0.5314363483578821,0.5053912988587634,0.4549362495345568,0.41188202789912276,0.4676383738080284,0.4547371875632176,0.5302198464715171,0.4117401759116246,0.44699376875453106,0.5188818006028335,0.5325448551381379,0.43437225026376286,0.4739768572921643,0.3713960858044267,0.5098158942642788,0.42768683890910264,0.4568207806242281,0.4712082788226879,0.4551088145044703,0.38164424609037034,0.4502913748361428,0.41401864811733885,0.3624570723164645,0.5047677115356465,0.45387498164468626
385,0.002499900859544436,0.04933906529769111,0.03612692955804479,0.021250815871749342,0.003925211222177377,0.0012761100068288784,0.005554405460033252,0.03447905391479933,0.017583822057049864,0.01688419311941497,0.009657916176545133,0.25142895325507836,0.027693129786301826,0.02834150901415013,0.06705078191683635,0.001298423266753433,0.4459124642190539,0.003930208659854711,0.27147706094438745,0.12438077394709691,0.384427984340199,0.005867618156110909,0.29516140460744605,0.017894345603466033,0.011027409153547916,0.009621929061520365,0.06007953068035026,0.03580916958175001,0.14693647085703707
386,0.405680262872752,0.2828170619483925,0.7897749828278513,0.5130504944266743,0.7346719342140364,0.46158587867137313,0.6675393392124603,0.31775853500812173,0.4211896758002218,0.31732944593583484,0.7456507423886414,0.483469065198296,0.631637287525531,0.5549785675975247,0.44923069457749765,0.8942756884247152,0.40691580841869585,0.30041153364557127,0.21136494570905234,0.8687561306796738,0.7153903684811591,0.43214255660104295,0.6871789057346562,0.7390621935922307,0.7895302415107585,0.6359617845558165,0.29536939983848626,0.6331874139911995,0.6614881028380236
387,0.4802754417233676,0.4007942255945607,0.42221563900176784,0.4625683754842187,0.3837106764539974,0.44222508324006476,0.4291727196795443,0.37143943364290777,0.4304365981548016,0.4504220795839899,0.44144507421223395,0.4099374287804547,0.43422529677207544,0.5157489988456012,0.45603427697264537,0.4003426200325132,0.3886975739461921,0.442170799386103,0.44832652594384204,0.35258359125116706,0.37952321367460773,0.4235030727249608,0.36472648177204986,0.44131469057722955,0.3873796498295541,0.44683742159398315,0.4902579422631796,0.46384297955424636,0.3729051863069082
388,0.4216423834766529,0.507111785180716,0.5759133362904448,0.42251273470469985,0.2641484299868242,0.6290680917766331,0.5244882685350787,0.42878603165362233,0.6817406808896666,0.3674357048412664,0.41106403227401217,0.6674513040244103,0.5752235549292398,0.5467177283701079,0.491094709286727,0.45165470314658407,0.36030906346542774,0.4175610866919463,0.40703885329086215,0.6256411313776543,0.5905543668271198,0.6120326479210855,0.6172221734501704,0.33695231802490344,0.4800988032204214,0.5388770447798222,0.6570797586436615,0.5164224119208793,0.3795028073531162
389,0.5761069722708315,0.23272275833157552,0.49619778361872957,0.5867144077586305,0.702460275333647,0.696821088320575,0.5729698978811277,0.6977617596849177,0.6123390648692747,0.4938720597001277,0.3475046714173237,0.6119970727072319,0.524092484353838,0.49644295590838666,0.7154739489951184,0.655445250699319,0.6737728037542341,0.6422068052453647,0.5932448237116963,0.6877534069673562,0.759975695583916,0.6975278020321071,0.6281694515343549,0.6905832878008135,0.6398652254244352,0.6507307923742104,0.5886667633206426,0.688863072522905,0.7177322395442665
390,0.3846221433599888,0.35212966253678174,0.3633037426901907,0.34413198080214225,0.4013736571110823,0.4544038179535874,0.3458211121606689,0.388253267762607,0.42468092836072385,0.32789087805302336,0.44782557810190776,0.3362861810889556,0.3217745270602931,0.42926034701768695,0.4790101114720934,0.3118512884414567,0.3273404891248468,0.26986570466761495,0.4181348028635179,0.3740294854723416,0.38372415803988963,0.3493575526593154,0.4180344010878575,0.3806315487707693,0.38671338009751943,0.34943571950754215,0.2768397453788712,0.3284492815825149,0.38728048261774334
391,0.3257095494191102,0.14653626420788446,0.38432580020573126,0.6022354307271444,0.3382924471605635,0.3848877929296658,0.33023446443256316,0.368547901571504,0.5376443996291209,0.4626946417495938,0.6268270421134098,0.5218094575178965,0.48348747165307937,0.4372305073212492,0.5588467821312897,0.5034967407957139,0.29038756952746986,0.236053432912583,0.3092620438922352,0.32227480706339573,0.4524680701060551,0.4080796122291749,0.4755544940971958,0.21785761994974268,0.5528090763672422,0.25224556569238993,0.20083649728333924,0.6395748986855188,0.30653323519692266
392,0.9577943572010115,0.8609892204767658,0.14304240740116086,0.5924926441288743,0.7011392994125579,0.7276885841977377,0.8823631862098061,0.30350127355216,0.8574474146007278,0.8087611472169526,0.7874933216714811,0.8689989500487193,0.8392815556342952,0.8566363903086485,0.8807640098609865,0.9033961408635043,0.9498241562050214,0.7868523041153623,0.7166758259999668,0.41235662560381514,0.6701180409036269,0.5559007725866147,0.853760419199198,0.8956511312651044,0.4702995709230936,0.9222905797980233,0.6830171096286208,0.9450742811283153,0.9435182941667664
393,0.4497733590234026,0.527749608237816,0.27747150467029835,0.3833517164324903,0.4302808941670269,0.3721293514988501,0.5965147642730907,0.5596251076626936,0.36046513313729384,0.433324621140097,0.5546151671834445,0.21943699285264368,0.2992644847277748,0.3296390952553203,0.1844239164927164,0.4104885730888609,0.361872018177974,0.5048151497688393,0.44210546052189675,0.36259918995580803,0.2715730454635817,0.3623800957599176,0.4705374143716282,0.5582239049829251,0.4495182083983158,0.5653709724534394,0.28658141555178734,0.22715120632922503,0.46077266256734456
394,0.3974684516234475,0.38670502993506733,0.45498599406434953,0.42585495363448334,0.4207892602730459,0.4448466496499751,0.38206501903803697,0.35083321928373595,0.34654604601797656,0.363663321282761,0.4057163555457598,0.31482982596766196,0.3753474849521985,0.48142359230851356,0.4862410973257319,0.3663573002999636,0.39663413117830004,0.42549370305779183,0.43331664810072684,0.3837820656371681,0.417797835388421,0.49897899327427553,0.4362620550627021,0.4070651315469132,0.46642713824352533,0.47897527272036433,0.33219369289398837,0.41718871790173684,0.37349286892437544
395,0.09398253934209051,0.14391802463563813,0.15402651224133587,0.37194586976313854,0.2585600204443923,0.34351198869112776,0.12956480892734937,0.28484659774865306,0.28078155900256335,0.34438371300996823,0.3011651466453015,0.30704579844802227,0.3110010202097164,0.2648159143025383,0.6320304338507718,0.2942528079975832,0.40243754481269006,0.3554881793772488,0.2528889998193835,0.20299651604076058,0.36389113731235845,0.22215680666270118,0.252333324880926,0.29095848552644554,0.271015599011113,0.240920270378183,0.32038750371644587,0.25106740769225405,0.371246607516902
396,0.334749096381188,0.8713132575648923,0.8396396015579408,0.6878923713021377,0.8001579444471444,0.7452268344380338,0.4820596450820819,0.6166533447984963,0.6367671933597945,0.5421668026491474,0.679260254757469,0.4309727598399198,0.2803272877346867,0.5354042021475505,0.6471769392145246,0.8539389393551909,0.8419622572311755,0.5093393590450079,0.7832439485088677,0.6088410201395241,0.32090544060667575,0.4669992638368181,0.2392109332415326,0.7601765895079567,0.5750762444120971,0.6740104852290557,0.6071617919544937,0.5169763253153348,0.7291550070353546
397,0.44218333629622014,0.47107673356338475,0.45426564553217613,0.30748811958464517,0.5285219682021723,0.47582538441291833,0.37616572910653373,0.48724864827248554,0.48421944367633757,0.32117256845349457,0.4517775136802902,0.49274576643212736,0.41284971950597815,0.4802207526584008,0.4971851986543896,0.4605697665980872,0.5082579288315828,0.2676405145328201,0.34630072386606015,0.26238069549006027,0.4483456863899514,0.4641539986706133,0.3252039720890408,0.3245145976667278,0.4767375566374816,0.45149918338491224,0.3842971512815453,0.48324726643691346,0.5868128263100597
398,0.37110414571130407,0.507593048762106,0.5373229915355044,0.5465784099076947,0.4401711021924603,0.5043298796529311,0.4586030509510675,0.6711862178879865,0.5854970296848685,0.4152055373767072,0.3090465866470762,0.5046690280299061,0.36452728573447785,0.36628536961504166,0.5619524946046519,0.4485272298700534,0.530499404630724,0.2920193226999312,0.5658813080517857,0.6366451356211934,0.5141690965869233,0.387291087780714,0.5269147962999321,0.49255068330947643,0.5580366929048709,0.5795643268589447,0.4945953326291006,0.5387509788967503,0.5760720298723648
399,0.3931178455177238,0.47223370490330124,0.5267015006638225,0.3924640810569798,0.40482154211997917,0.4897299474275428,0.38019795028475484,0.5149285245439543,0.6378306256192059,0.46271546862679136,0.5147603801993134,0.532132456134378,0.5760099228100519,0.4618193815908683,0.4646243529849473,0.36025219679336695,0.5076749709828542,0.4707688641351877,0.4409248130045821,0.5430097428888315,0.4514447338062108,0.5748700635776203,0.6410107083729607,0.42223893046850886,0.32349449374406836,0.3484550478159037,0.5470949617212001,0.3971237330569528,0.4339142293748145
400,0.3726858753474813,0.4856730987824425,0.4518059431512872,0.4279121996691194,0.4878563233307135,0.43176190928310565,0.5921108964581077,0.39981223028356405,0.36296005650353563,0.22721648136864167,0.4238913627533766,0.3468165420303868,0.45885890104982313,0.508160872284722,0.4531729017370715,0.3309586862541269,0.2969617398184914,0.5291691822289999,0.5658056226346392,0.3301758271684377,0.41947618531585806,0.32122884432448595,0.42483557506879827,0.4197551664357287,0.5261500581864493,0.43331216102746023,0.549594607896558,0.3215380945874762,0.4307767136028772
401,0.3051004539817486,0.6000871231948998,0.27319264354484674,0.3567358007420778,0.35584293510542747,0.4059044330997869,0.48058872361424854,0.37138397660153694,0.41953495780073724,0.32948397956175274,0.4390816201068992,0.5069962557160501,0.549759532703416,0.2756210699514053,0.5265876260141714,0.5851377376985651,0.5037299465395496,0.6159685914911226,0.42778426782391693,0.3605636463898437,0.6116734479334767,0.5203981917983337,0.36542777339176463,0.5746728500351029,0.2053554246852402,0.44449629386678086,0.5856811490745243,0.3945895951491147,0.6476807657928545
402,0.17596573618831632,0.3331154318436348,0.16268071440658893,0.2500067951148092,0.22427530206303212,0.1946003160401377,0.18051174406346102,0.3114143042785736,0.0632093594855184,0.22165608923637573,0.25910649175867795,0.09094432786537823,0.29973875461178057,0.5982441441798895,0.15879799049055118,0.40150985660698324,0.3252899233000734,0.4375837333490122,0.22818951030270493,0.24806077069993812,0.6293932725678789,0.42407961890224677,0.19341848457510966,0.21339107532773283,0.259171713990876,0.2748085042394355,0.21301751564340532,0.13392302058788952,0.2838997729187315
403,0.3367022742889565,0.3869403648885802,0.385224893833458,0.5424827824892626,0.4924196840493989,0.41105804904899523,0.47130817069791514,0.4243201241818107,0.3913025632071356,0.4102444536620883,0.44790387354029554,0.4611231030585718,0.4954680038898623,0.42594489809764935,0.3868387042510756,0.4115974856633528,0.44782242509203773,0.42151330799486936,0.4635838003490604,0.42200477103419554,0.5226038990197495,0.44985668345155594,0.4526516239290638,0.3803346780918174,0.4958079488041229,0.41400514151536827,0.3708966485999736,0.36535817532578424,0.3849538670088773
404,0.31461082123877876,0.3734867697632387,0.36428796138609815,0.34726814781223353,0.3764626609003617,0.43438590784668535,0.33401660307176784,0.33393303210897307,0.40851330043982553,0.32588887681666473,0.3302689786409315,0.34137177047734163,0.34874985196968095,0.3665853263239526,0.46844887128409474,0.29030382220034767,0.31948849630692805,0.3084055527294733,0.32292821678707384,0.3433663416592648,0.4103769136803242,0.32553983487763744,0.3508277466627751,0.33446212201431375,0.31142752570685883,0.3249399641543086,0.21621256381460732,0.3256181981075334,0.34604174183014336
405,0.27342587492132425,0.32807725395132864,0.35495561450418933,0.49244514280338925,0.4393373991928948,0.42141766032879957,0.45358200425421163,0.3880195154652089,0.41683989222154627,0.35119593121838205,0.44849003998998177,0.3911770829937199,0.4262233247317928,0.3298820792564764,0.4397756791308091,0.41481992026383613,0.38574462363571455,0.3827756143080319,0.4587329118107265,0.43197528200195545,0.3664021075220408,0.4327752148525488,0.329871536513673,0.4372460462364397,0.46027375274126353,0.3834761752145868,0.37244380311616837,0.43348458446366456,0.38160140600497006
406,0.7497615125714965,0.09861477797957591,0.02289753622175718,0.13309144493992703,0.11306714735814986,0.052509811421778345,0.09290250636372985,0.04095078426069364,0.2179969047683603,0.04798778740759484,0.03870438815478608,0.03896290827130507,0.23963530184061554,0.07153797238678199,0.004178859594284835,0.6409327753087573,0.1187991570861772,0.34243407572758633,0.08068551449111803,0.19843977823517772,0.11421647187470552,0.05684225332506073,0.43560922211693126,0.7711387957821391,0.06402865676987303,0.07486726998467486,0.04142920939986816,0.12318540282237589,0.5359140038216432
407,0.442494137214317,0.47215871674593207,0.35088367350859506,0.5108439925663159,0.31848203119594604,0.4106833271092758,0.5073338688498655,0.2594093352951015,0.435835693654248,0.5599606285204829,0.3085617354084441,0.40802396391778384,0.34320994553695444,0.3901408204517491,0.5015216014354452,0.5280924867407679,0.3994347278123692,0.43950224620440925,0.5086290808010955,0.37779471759137423,0.41370024375410125,0.39788564559005013,0.4280851633831359,0.5226527584672279,0.470350012873925,0.42691563350711825,0.4985180436147503,0.34329155075718565,0.4198229674040043
408,0.6121289359986223,0.20464306810277597,0.5010762441098141,0.27104902470639675,0.6070772284963804,0.5939825093418931,0.4996002648825297,0.2560104749407501,0.15920875468535275,0.30868062265464463,0.4082403900134182,0.3582544057770733,0.37729487691056496,0.44448209459318455,0.20189610423919338,0.13501388566754857,0.32606989971937367,0.28115293655644946,0.5649555138289083,0.39625672880389334,0.6434105356764309,0.23325977125043043,0.526115764783413,0.6588140124745084,0.22334838440943397,0.19966404906242913,0.4703783926030305,0.26790083551066507,0.527711645355086
409,0.4259792934166428,0.4478086503348186,0.4329675091099245,0.31306830809606484,0.4200809834553748,0.4265667523423903,0.4699806271717732,0.43135868436976865,0.4517571832676816,0.33083729945383916,0.48126994919926025,0.37733251240118293,0.34717433309079476,0.4402457350791345,0.50860942279901,0.35075558910309124,0.4049439609433637,0.3300810706624421,0.4063642855533916,0.39239574736725186,0.3644096409608728,0.45213263881254534,0.47829490513914497,0.3383230215290428,0.4248363599423357,0.41970571613697405,0.32907270946094463,0.3536350826051909,0.44584816583380027
410,0.6641826520826192,0.8735219094269209,0.9448725815213559,0.9891857773354227,0.30867664294986513,0.9464244504241988,0.05554919717457847,0.6239839650649197,0.6791690223131027,0.8197540385337757,0.1400253481132279,0.8375455551841161,0.2579051714377175,0.7732341332737664,0.8609761533164083,0.9662045623645338,0.7955690536882186,0.6861414418318643,0.4834408524437018,0.6445627186117834,0.9840254939539598,0.8000524207840775,0.16352740482439507,0.3464405468125989,0.7548729843325988,0.37288201895838563,0.5593855934110353,0.9783965947699176,0.9717330035237081
411,0.3973438800808353,0.45087018986240074,0.3483011938365856,0.5427164063853822,0.32463641330806364,0.5200000215363407,0.35544208800858296,0.34157001111775176,0.3199595900936374,0.43217555148327086,0.5111667251147769,0.4434664357028809,0.19209924780494367,0.38547060196105687,0.31384747214032205,0.4368732254078063,0.3951982408736113,0.44366936862847167,0.368966546348779,0.3772616147170366,0.3985702563856432,0.3696281207799476,0.36538614900307914,0.28552830913658006,0.30369669153313994,0.34469320079676724,0.4394554719081766,0.4072861452255631,0.46270630752081443
412,0.4181139092529966,0.40339734509022257,0.42318070272224356,0.5163940922349062,0.522168098522677,0.5064374024385885,0.5251677056788024,0.4517709011403513,0.4949408534239367,0.46383817155963775,0.42405796146622615,0.4632672269140985,0.483588646894331,0.48988418376995896,0.49492557684624444,0.4928249848576628,0.4696825899303783,0.4618059011054374,0.47514061476372565,0.3841009467422742,0.43776984974683586,0.5230549395252029,0.3561629817912852,0.46042088601663,0.4189534051055635,0.5182547275255271,0.5403714076515492,0.565805301265039,0.3922158199288023
413,0.4558629363008789,0.5309300025981518,0.6919119107901531,0.5027935913299824,0.505579174039906,0.5996224965495041,0.058569012692321586,0.5193619108685559,0.2577285329241778,0.6595351752313494,0.48463316121266536,0.2648671158891109,0.526491740325115,0.4007003667754438,0.485118012041577,0.48443795907612036,0.5444156782306743,0.41472573910790134,0.3793415661061959,0.15159147158704295,0.6143922306326817,0.40304593227006863,0.5489962868679065,0.5120217482746063,0.3715021449674798,0.4883345471909186,0.31771393194588593,0.279575640256745,0.23261065767866854
414,0.3592447235541583,0.31935664448850887,0.38818624391143125,0.43157554331874626,0.369004635929454,0.5179183392820025,0.41163204408082016,0.43577283451876203,0.3167572227434335,0.3683551196263328,0.24892188802326257,0.3795698037981702,0.44580777706047947,0.4041962583817795,0.44148913851757005,0.37476882046728305,0.39852222684031957,0.3566079851186013,0.42986005842719965,0.42524913034919637,0.3571076280993308,0.33075221793879434,0.2802586674173329,0.5253024492577745,0.4622154425932643,0.3715969702155375,0.35219924377038286,0.3434801734362416,0.2386029640337356
415,0.4889163334857505,0.46493700485136485,0.45030775669575784,0.3853266416552337,0.4646321835251257,0.5225046810845498,0.4105271500844304,0.39109379540280864,0.5289349251775758,0.4196110291508937,0.4272265959995029,0.42627663787734543,0.4150234549603779,0.43557712114871744,0.5001820263671959,0.34749617927351967,0.46666545570846807,0.4400457869443647,0.32986721293808796,0.4029782676125138,0.3830903747067009,0.3577472950626165,0.37727655348877537,0.45382426468484355,0.4082984951330232,0.36213826741842225,0.4626981645301667,0.450113397268352,0.4218874934176047
416,0.35166535161500323,0.34793501953888456,0.3396708316377466,0.4229983039738995,0.3836802338422417,0.5573184547931456,0.42412249456785317,0.4396541423119597,0.4205084049207526,0.46754559490897596,0.25986288254623535,0.608031545486557,0.41441631947513136,0.528261541189783,0.3845506175084731,0.3096032227374967,0.4160317949216993,0.4033991874882125,0.2893549016404052,0.5318481070369447,0.29602435696160445,0.5629209386627203,0.49742388330905757,0.42804120932431944,0.4901544260966441,0.5776234895329508,0.5709032428413802,0.23360468779780985,0.3871714597065981
417,0.41848634200477325,0.36667652134045015,0.3649350365560483,0.31257082772988554,0.4067813832160786,0.3708548063008181,0.45314646360788,0.3081086385452053,0.3260655446033993,0.29934767319744626,0.31609203710698724,0.37646732471418193,0.40458232168185215,0.3553326852795679,0.4251656514139798,0.29906523288912107,0.3326525807798232,0.30945194655548214,0.31755080206721187,0.2921887638191458,0.3931657852903206,0.4311733494931397,0.38408527998750963,0.3567543187977122,0.3544171324872161,0.503584552076246,0.3043246511139882,0.44564579509384494,0.29648455941599294
418,0.03050270105169948,0.09938035553088172,0.04431378172922957,0.6236849440200796,0.010550757377397338,0.14128694541828724,0.00038946932118982266,0.03249272876065071,0.3931108324183599,0.986723284674908,0.0025974680554201575,0.15213362276795547,0.7629580046355219,0.0478850619778515,0.06113904901721942,0.4336593514013605,0.0408443462207202,0.002865730970750029,0.14281575464376295,0.1934919699025813,0.7737847078062723,0.3531141558996678,0.3500242222802164,0.32701515154779065,0.04922210317948867,0.142586284176262,0.2184045167471557,0.6206679335962901,0.723256488511663
419,0.19152760768673296,0.376434226465749,0.46900321697707276,0.2604261082014159,0.4898453911144838,0.22307431048591794,0.3562284106418384,0.5223511319182791,0.25274083545197723,0.36732751377130185,0.3826102949854026,0.2948460206794134,0.35140006446954625,0.3808367752429873,0.42658646523047206,0.5921977326565014,0.47937400500784166,0.44185226145459766,0.45829279652209204,0.33921452893303283,0.3396702954653662,0.3706862570422082,0.3348667203365242,0.44247310875129764,0.519119575743447,0.5334888476390175,0.4593849005069111,0.4089867957428667,0.5679450192928391
420,0.4723708422984001,0.3910855102636815,0.5635810411207374,0.4788393696394887,0.4378202264244971,0.426858574565093,0.3001475962141724,0.39840116084050603,0.40609111223063005,0.49272107310425606,0.4419386668174239,0.4254097777655975,0.39451693089387363,0.4447371649501951,0.3088098914635636,0.43802730708539533,0.5069713484072919,0.47809656221291813,0.49993465521429303,0.448485026522301,0.5152043084410083,0.4694600268363029,0.3797793910712031,0.34863528161249596,0.39258372586461554,0.28992480242750646,0.3528699485076499,0.45811519970914033,0.4623857198842925
421,0.41598956170367285,0.4313833981040849,0.4612735817860526,0.42336424764161906,0.37630139142490965,0.41421879778565734,0.5303131278700922,0.415702524354444,0.4702824718463326,0.4578338194938375,0.46181810641997595,0.4361956017833683,0.4934951035731961,0.4708899058237174,0.5065060480088346,0.42094635214428555,0.3743305668382332,0.4129857891762773,0.44544496713524323,0.4804176693610231,0.3763461126592536,0.46610966778169677,0.5413258852380068,0.35087353292862333,0.3898833468407833,0.4270223159001711,0.42037845037108146,0.49223444985912546,0.39962623678647796
422,0.920293218022113,0.9650541617775104,0.8824707358471925,0.9115744679311794,0.14323958764816414,0.9045408050441818,0.3721614914690617,0.9747009955254934,0.9225267027383464,0.8823029492286639,0.876321391710352,0.7592378598373851,0.7958594638989738,0.9674253825145132,0.8064420569421776,0.7210185954664701,0.7288111719875204,0.9611635596892534,0.9047209869549806,0.9507626238625874,0.9141144683743633,0.7698784207787224,0.9715502229566172,0.938225576885108,0.6688112251262147,0.6905346324293035,0.9565363986747611,0.9460074995771399,0.9355139718341925
423,0.452767883192772,0.3358044498083133,0.25629147890280546,0.4144469224457655,0.3069034260373435,0.27304199569211096,0.36956571311696157,0.3862521549765127,0.3035312040766323,0.3097949828744428,0.2038056274104273,0.2725682666298089,0.41819126922755917,0.45081782714941276,0.538460392465763,0.2529578737490186,0.4497951216865978,0.4039486535974413,0.2989634757156793,0.22099987447101732,0.5975312635102095,0.3838927316965275,0.36844882852781324,0.2962294912893229,0.37573473585730177,0.5126230438630258,0.25433898135315935,0.21607801538032148,0.35761351154251053
424,0.38185208457804254,0.8038418577846778,0.3052096342670936,0.17034218624701947,0.6783238385991063,0.1776158291413887,0.20899827609612098,0.31607259625041234,0.1338650087913623,0.22443741063331565,0.09413703966853751,0.0899510336229598,0.45700691802967325,0.774482007671353,0.06884010868014974,0.2948956934200579,0.32247598982764814,0.3250518858851515,0.3324103395343929,0.7969310249761465,0.0772480570845614,0.05073301396808373,0.4988099378935895,0.5498889485859569,0.1307045690749053,0.37521627650007916,0.3414683018623201,0.09654818430602587,0.10948276373463665
425,0.4466564162794703,0.5119382136858976,0.44315707699104817,0.605974960344567,0.5956212108965506,0.5813058211306287,0.4802749152465242,0.5769658992821924,0.5145487661091407,0.3080928136830194,0.4235883773720437,0.5733899668551297,0.4779227357272949,0.4519514583544805,0.4537789978341604,0.6124606925180253,0.49760592153644156,0.6398220474071513,0.6074492672684934,0.5222393765789054,0.6213337532897885,0.560012650995569,0.4548237967826521,0.35786127934384654,0.6060257445448304,0.4972014680127401,0.5392637580882955,0.4961092969099146,0.4885043746373551
426,0.5733631039058734,0.325539990289896,0.3970129961620964,0.5640892610067985,0.5480387961730974,0.3554350528282146,0.4463391845048805,0.5033561243916678,0.4701897848483846,0.5845298912768616,0.4567446375495333,0.33498366137236146,0.45126459437192873,0.512892139985389,0.507060314959604,0.3058996533158377,0.5351193664087037,0.6061746442365863,0.46199763358598966,0.37964239045669645,0.4187966123793875,0.4335657658800882,0.40804122353439937,0.5341160688264432,0.4310124932056616,0.6742207381395317,0.4382303862043965,0.48614959626030146,0.48863415994089954
427,0.4472377146404822,0.3876860191963132,0.5086642774366346,0.49684167030177284,0.579876782545138,0.5771190531444591,0.6166541137332344,0.5387065392779256,0.5232555200988971,0.43090255640960073,0.4438041750941658,0.44156568657967726,0.5423768960746652,0.5095911298520708,0.5403460627668327,0.5857730867873427,0.5567019772408723,0.5619025069242364,0.507698356740694,0.5071718097039849,0.5484531907540942,0.5726421395077069,0.47588098249066385,0.5449714514304907,0.4878132552136545,0.6037865553357884,0.5304432243644149,0.6308256938522835,0.47024340620046134
428,0.49673934134636044,0.15106735620140516,0.47196429948529184,0.5702576390139814,0.31792828384484995,0.31499724529273354,0.13981462649928306,0.3394978480089721,0.10995764544914138,0.4540493338237048,0.5030079808173796,0.5127204540287442,0.44433414075130634,0.4530038586251829,0.25100368481182883,0.5146358787871107,0.2513766592865556,0.325237496114489,0.32235637534838607,0.25828226537931953,0.6312263524718695,0.47820172179555764,0.5256531333664948,0.4382227195072834,0.28782883800187714,0.31597178827246786,0.32038060141472563,0.37720948414117206,0.33457156250902237
429,0.3988687059896424,0.4494345658231522,0.37327798573760695,0.42334655930262377,0.454659357551235,0.4372312922155567,0.5213108823112653,0.4080433915007142,0.413846390960408,0.46113970927029374,0.4651245796970563,0.42160655596611213,0.33212001319594364,0.5044830739986773,0.4229487666655884,0.4676194497953591,0.4465740085101596,0.3503653479938327,0.4468147454201119,0.31778042583290816,0.3089199662655574,0.46452945714297017,0.30437616873143525,0.3745936322244129,0.479937177680513,0.5292099111455993,0.49533459913590955,0.45725975361035626,0.42115958095464595
430,0.23404614721312386,0.3189733298207025,0.371899363006424,0.17514199362740432,0.346993918437682,0.5015833571270828,0.20956443005866812,0.27665249435599554,0.18102214388030582,0.3806752826636931,0.4302469666908255,0.314157237898686,0.37012283140879737,0.2931627376985588,0.4619396688410456,0.29164350220351587,0.5216227680670489,0.2738534368764796,0.11342929078269004,0.32555587445294015,0.4832061792353948,0.3115702233105108,0.29374199788646865,0.2895220172433439,0.16883212177872858,0.20573350034479568,0.317893863050512,0.272339726355986,0.2112441774241887
431,0.3986275450169261,0.38932207640767746,0.3993335518905765,0.4877359508379897,0.4310957950101902,0.43040223492633706,0.4406787325932755,0.41887206513337044,0.41471952276314084,0.3947611471216354,0.5238415768609157,0.3737336604599499,0.4309074750539124,0.5408647085649404,0.47499519473191587,0.42154475912809836,0.41268070880223856,0.4035120773355474,0.3542326266210132,0.37073530382408704,0.42320730765070863,0.4453234131235856,0.3815685643091897,0.45733311554881834,0.47142107920850873,0.43612519160665464,0.4984517358493654,0.4642716386308027,0.3894574558516593
432,0.5862379820300319,0.49114167591102764,0.3772050711383352,0.36882919595229263,0.39099119213830974,0.4045704728871737,0.40319002990253444,0.389354790374748,0.5466342887980906,0.33301021528143343,0.384547800535885,0.4106120510324219,0.4704509174839294,0.3996075359609968,0.38785993895129295,0.3754284922494474,0.42867401667352095,0.4557925359735382,0.5154118765418293,0.34189416528457517,0.3960468217677967,0.3916673306556142,0.3868142836419781,0.34195221714863505,0.3861734347663123,0.4786461833146258,0.46868528676207744,0.5437897399314482,0.46333012429091974
433,0.40087959605254453,0.3878717068583154,0.4070870332137485,0.41375509392889326,0.4140529320512785,0.4744618887950941,0.4751586433892906,0.4801255969767225,0.47792874752472947,0.42134809626075337,0.5527084359304881,0.44262747755695536,0.3934545623470471,0.5157185982871223,0.5712504028836494,0.4197161583241993,0.4702157406457923,0.4376667366779404,0.41402259554725085,0.38151160949546536,0.3514619641426653,0.5138193090274464,0.4129004866344709,0.46633948155116756,0.48268417334307784,0.4624612325824343,0.5565272113024607,0.46938382187950356,0.3955298302869685
434,0.40756903941440226,0.3434466529315435,0.4477351932787892,0.41657148541004474,0.27691012589407876,0.3751728986936656,0.43054794617164477,0.38249137025433444,0.5755232919700329,0.4522275038834596,0.47686568152678854,0.48157615788707886,0.48303022591217387,0.3732548979820039,0.46940295391156567,0.4114907399017606,0.33371396920648455,0.4408881770053464,0.23686597433674744,0.4548341728878799,0.3274502557478497,0.5659785393075529,0.6164968962400813,0.3312780868142571,0.3357431977576312,0.26215390592248816,0.4620148107455821,0.45704038851509604,0.31979545270477633
435,0.36747369660221285,0.3526685650140538,0.3188586436957312,0.34152999729285793,0.34973338185012726,0.4493913672449982,0.361418478592957,0.3740318912478527,0.2956905168568993,0.32520640888420016,0.27625309013878685,0.3764207549765081,0.2976201755564939,0.4088935965546622,0.4720277175775387,0.35697339899939207,0.38738502798239843,0.2679805841883442,0.3811440068485789,0.3112311144095816,0.2316773123206656,0.3502830658361691,0.2857071880955764,0.3031697405992971,0.3134390862093511,0.3531894777533737,0.3775523209136703,0.4047606850818147,0.3248126481655662
436,0.7980638227352688,0.8840093149557833,0.5805447242597718,0.8558485371630731,0.08171313582230097,0.598736704601057,0.7090022422547622,0.7815682893167941,0.9565218758040611,0.9553493293896539,0.9095162709933353,0.8047631417706875,0.8435054367135765,0.7574405859658687,0.7147816254152082,0.7886724662766331,0.8608588804397,0.9279938625013822,0.9311061107804074,0.8439999703857678,0.8062674210220458,0.9194478223966954,0.8495417358113968,0.8510813850339549,0.7509552352884044,0.9388661404713251,0.7986211646121507,0.9295094965346599,0.6645437687046599
437,0.6406719481635513,0.583608092098846,0.9220719449184779,0.2845530656544987,0.5603814562356497,0.14819060048822538,0.8353711360167871,0.08379440642934795,0.5479453947524694,0.9261852143047535,0.6589379502730099,0.7594886637814345,0.5656739460967517,0.5443367156350348,0.6004597730329913,0.571341087752485,0.8533663551890406,0.30702011966908455,0.08326031983519232,0.7927367645108384,0.6806583604848335,0.7598325861430127,0.5160102419575908,0.929099639904135,0.40687449736336817,0.7346566096633699,0.8117815955583277,0.3710777878608994,0.7939525166423547
438,0.32061871969653316,0.38777549848220894,0.35313274554789614,0.33854809600468555,0.3711157889011405,0.3863848101268766,0.34887016804138443,0.3727765462232934,0.22632117078502662,0.3657306220886825,0.32164208057910276,0.2925899544068022,0.4158528938017004,0.4460524788930559,0.43995821243062866,0.30945284083611546,0.2701618329762772,0.31235732977542946,0.305714687133252,0.233228029671647,0.4105969306257744,0.4280292746046524,0.3420915866836814,0.3341775103784517,0.3007685926136208,0.4721099513459836,0.2635780767735563,0.3088763644082604,0.31193377875477996
439,0.46238472512116774,0.4798720669211613,0.4323855278082414,0.44597178580037067,0.464141006115536,0.2781124691020408,0.5378713645226507,0.2929466016720192,0.4015906064998406,0.39402730916049644,0.573187936029462,0.5207938347966576,0.3855341841777273,0.29285986276012754,0.572501512850615,0.4124000576742581,0.4619292398084871,0.4571495156255544,0.47450389292583767,0.4278779711136651,0.46400521197288475,0.5327070956816625,0.3962561738249239,0.35613762645451325,0.4746166377612594,0.4411125926008353,0.4537193813644713,0.43790529159868186,0.4423766909326867
440,0.5000647531590018,0.3852437507661395,0.4239489933324412,0.4944341135702468,0.4111924669583206,0.38841890698132026,0.38279382996451494,0.49773988172734435,0.3532886279110576,0.3894187020280382,0.5816814053147153,0.41920169468837204,0.5100631330360555,0.3548928279789385,0.3523718601151477,0.29038635716361005,0.22360582916903834,0.1317616395429442,0.37338944587160594,0.22364502199553682,0.20809637224510835,0.3287523342417239,0.40374432042032876,0.43427245784702245,0.5641428430423421,0.3281975195320635,0.30964989804318893,0.2663011892396803,0.3572159608994288
441,0.3732058332200081,0.5318517788059957,0.3751290899220628,0.7321935222440387,0.5796572386553225,0.5501610094213275,0.592674782418207,0.7551426744904732,0.4650307726005788,0.2008066198468964,0.5181131716228381,0.6182192163769702,0.470633123133727,0.26665013761894135,0.6697272302558525,0.5546885563913873,0.642535776409226,0.45567438135010574,0.6155732138916392,0.6209565386998082,0.5656950510873956,0.5773726948017176,0.31258711725458393,0.5892760584510695,0.5423624357724351,0.6797962729060651,0.6743967420173266,0.6249840886537291,0.5887436032916563
442,0.4149006315727035,0.379439351454722,0.4350228968665286,0.3229278604171137,0.3623032492359603,0.5948244434174412,0.5098187219054722,0.4784333939638287,0.4736402296019537,0.39013101776427683,0.4901701474067623,0.39469117255952624,0.2831725612947291,0.436050894913546,0.4041162883095107,0.29266672667440563,0.3343057585747688,0.31962267461728927,0.4242784090760134,0.3776500694097485,0.3113622615471705,0.37567860810959885,0.4083565671936237,0.38758246344856107,0.4264121092160805,0.46580654949521255,0.32657455521032375,0.4309665068664914,0.40867453498644185
443,0.42222021465795195,0.34772938530804726,0.29286359576231386,0.3647668704474077,0.3234771292522186,0.44031613464203073,0.3553214996658881,0.34104680315955627,0.37586632476793747,0.4969941938906972,0.40983439161587976,0.3723839031422767,0.3437135951267377,0.443525601490539,0.5674818559909192,0.3292676731264877,0.37982077131324654,0.3555545579653576,0.45302392625987276,0.33366990742720926,0.4838618148714548,0.38135212558986337,0.3709553306519714,0.35535960807118216,0.3180373030152407,0.29988175276748474,0.32489527103299715,0.30642885083265475,0.3737921495499463
444,0.20964055001796694,0.3081775886288595,0.29068103501556414,0.3776212445783317,0.4393538431092943,0.39377616031891255,0.49426183677431484,0.3765557818636898,0.30676948787602437,0.28612226914770067,0.444929752643859,0.47123876325999475,0.4305049957989805,0.44418388326322344,0.33954892454366215,0.3504956021770619,0.3111354585810528,0.5050358993532865,0.4347607622428282,0.44340694492679333,0.36855603768622763,0.47171411887028875,0.37721218153258784,0.37054836480212017,0.26817667266483064,0.4613733748706977,0.26660835959035534,0.3411290993770922,0.28860875215978554
445,0.3591054057245845,0.37179045925861226,0.26000849131262216,0.3313917336855129,0.3280790028376889,0.23191815428242282,0.2159060233192166,0.19783189887501518,0.18859381689890378,0.20677335679068232,0.27437003069341104,0.30505472674984996,0.21782332355668763,0.2908409107970224,0.46073358173657974,0.18131327263078936,0.16559503957473795,0.24381877915041056,0.4417593842955099,0.10987487994327122,0.2267236275825098,0.2561936890947257,0.2384165045417791,0.25760099392777314,0.2894734034147114,0.2497963879975587,0.24343947639971206,0.3788907994982107,0.22197798795402773
446,0.5387251690255209,0.422744427047793,0.5996277383851865,0.5723511975822113,0.6932708426250996,0.4895890774518663,0.7615132564677641,0.7762583906707212,0.47017557460368337,0.6094851850056033,0.7308349822916974,0.7797232316878244,0.6535314775834182,0.707069728513129,0.7172271285702563,0.5133751751483439,0.700235567239652,0.6634747913456742,0.5506287275671164,0.6494350942219306,0.7978791159808041,0.788142548682518,0.7205622190504618,0.78142576049522,0.6460719217944495,0.7063182747019142,0.7471721225192316,0.716044606210455,0.8116977784305668
447,0.5871309465784794,0.4820348764778401,0.22696129753050737,0.35014928116932637,0.38656469565295803,0.3199749322614756,0.30387917524216873,0.47000495618213234,0.3243715757664028,0.43888576813036057,0.223608237828994,0.3086614447423977,0.46655190944374314,0.3457241758623335,0.5725319390095607,0.3942582819287263,0.35315136696974525,0.3470015622836995,0.5904048015989816,0.3602936563404809,0.4525946598594522,0.34605237729830246,0.43958689758939035,0.5065697657637227,0.5392263947208654,0.4683751633594068,0.39774062961710627,0.382642804677028,0.6304477939923224
448,0.29218417896420823,0.331647791452939,0.3382524074670753,0.149589088037878,0.2766998063378201,0.2166106962617518,0.5760824065360357,0.42985094514487204,0.5452325256770859,0.5053598517504158,0.31920042274822635,0.25604605764093236,0.5029339355813138,0.31411844887107715,0.23260422350332854,0.5850139012774913,0.2848657584152216,0.4057400993274181,0.1728674972422611,0.622679334535216,0.22183945921324036,0.3573688259335695,0.4682082234257321,0.44852605149608565,0.1770020148216634,0.4212513238618314,0.6010605310343081,0.17741355765351283,0.3056374373425354
449,0.41430926652153355,0.42527584862788986,0.24274329001291922,0.38274641371421536,0.45117954186325643,0.47323712021229725,0.6393506868313122,0.40604752369177666,0.578591412725735,0.5575984516205055,0.49997569237662526,0.2766554174446983,0.43005843872717214,0.3674520804435418,0.43507199702829896,0.3388118810520558,0.44916962755818873,0.42673063464636674,0.5000379611587211,0.5279168881904072,0.4428571427942892,0.3584693995492882,0.30085870673438514,0.5202613898587382,0.5540092844851147,0.49646930548281,0.4684821516279164,0.5029607733141213,0.38103164471074824
450,0.44854801646649234,0.3876614901070514,0.23644209923182075,0.3719765040491028,0.33781684123732875,0.35159169290862674,0.29817909805731235,0.349043245278351,0.3261706057602561,0.3606998440631918,0.36925407566503005,0.28352739292892043,0.26557730890573,0.4104841878344405,0.4156026191646688,0.2805740813297383,0.3470070697307426,0.27264626424561905,0.3368311322619177,0.3674027557304532,0.4397170280907824,0.3854498887807438,0.4341628139556457,0.36085163617935784,0.3494830239331025,0.44250059534952113,0.2859346298087884,0.3782846796179915,0.3410812877644078
451,0.45105261145751296,0.4271319343635482,0.5517635626257408,0.4686349513141391,0.40175433845137726,0.37920967688559654,0.47188677224523057,0.4311731061980871,0.4516180156396436,0.41632733578670017,0.46969994312102226,0.529317579338928,0.33353139825147465,0.42690787767188987,0.47416650412117395,0.3842929939860877,0.4847992673945653,0.42810103110520914,0.4923937679626902,0.4583464014569226,0.379107766333976,0.4990517154631355,0.48867722664790125,0.31455964809318276,0.4637886532092578,0.4810589881557797,0.3461229167007042,0.46494452491811994,0.41012431490708023
452,0.37833926999333256,0.3979436913399711,0.41781441324935537,0.348474502573922,0.42746376618313925,0.45834120079310003,0.4145083115411315,0.40869638054800944,0.3416012935870583,0.3500798147551801,0.34902383344985116,0.3130743807113194,0.4216791617122278,0.4296729984107541,0.4590990241820841,0.4405229377100658,0.3629067408290819,0.4099007504502713,0.46597386290018633,0.3283519273922966,0.3630210475930528,0.4953738124802576,0.3926460088112109,0.4189240777331836,0.4157319809438393,0.5428946691812865,0.3980818923655,0.42275322219374684,0.3301915937886344
453,0.43890391483631885,0.44752644486028187,0.4845206628028393,0.5799714969012848,0.6323275157589742,0.4946314726188634,0.5187814563142698,0.5437916603579106,0.42695276297403056,0.4338790635315911,0.5832292318558067,0.49624357134991565,0.5110973233003079,0.5716843083853547,0.602273555583136,0.5476336127617566,0.5308634077384313,0.49202090422834455,0.5058318765937956,0.4828966668802323,0.5844551041925743,0.5277973201909493,0.5253693912488147,0.5255050127358134,0.49498668153195285,0.5856428437208162,0.30829438581312163,0.5115387174390486,0.48754342445724774
454,0.4431756788542998,0.4494236708608598,0.4529406457258763,0.2876975095735888,0.4424301003763005,0.47285298539898324,0.36431071298452494,0.4253539616302357,0.447989271240753,0.35612134731852624,0.4522321872862254,0.4170404306874744,0.2785460725059678,0.4065181187686991,0.4574132792303326,0.3316209400222365,0.4188808391316939,0.31770872982970333,0.43661060866577445,0.30293051440838975,0.33283271931502584,0.4544657613762233,0.36848499885198616,0.36146619425671855,0.37222417399035457,0.4452425646512914,0.391156186282588,0.4079101995623267,0.38601374745041844
455,0.07491860430373679,0.022044417963472188,0.9158931366341989,0.4472494784193785,0.3349935562086806,0.002839320598148947,0.5573714453384522,0.007604430616243358,0.9455842374814741,0.188774624527278,0.5539048908180721,0.2624810807108301,0.03891131990674344,0.03433911964764813,0.29482126861875985,0.1228123300601633,0.21359456071416105,0.27827964391638277,0.65261228226658,0.8866087678411101,0.2751941259181797,0.4198825593828538,0.35306787637019454,0.10908149664556542,0.3045034861688523,0.0008638785924744121,0.25161650053727097,0.04471604476237906,0.27036573191752095
456,0.37605559826159307,0.4952961331883912,0.4363352766097092,0.6266507329708708,0.644116711366444,0.4979300723644524,0.47753955204922166,0.5291984910813518,0.561435189519011,0.48064160965234426,0.35606552701015154,0.6660185042957907,0.6269475309438591,0.32579704412321536,0.6357872434482285,0.4927617583659736,0.6689922817250306,0.6274445529794965,0.5367713145310893,0.5781599800154124,0.5602496192766382,0.44995769009275,0.5049093222082247,0.5036436472960797,0.41749418560294155,0.4330535006598212,0.5258850468738544,0.6494188825543394,0.42733708919485197
457,0.5280401539006936,0.4656852932193623,0.4991501137525268,0.5600971956965315,0.4884812046316456,0.501999943717964,0.436415425411563,0.5387080801754265,0.513691496630132,0.46620687404015815,0.5267334454771673,0.4479905035042102,0.49852906534756997,0.5221009085706095,0.5929372125508965,0.46257427041616955,0.5630335861785148,0.5581045926587337,0.49108983473010653,0.5293007992713542,0.46264309411848836,0.5656182709687562,0.38785644167187844,0.6024852500293594,0.5407140860327465,0.47097569749448187,0.5798018270885347,0.5068606129597633,0.4300632709896532
458,0.3333525462005261,0.27615279613929583,0.3552940536542362,0.3605918411814724,0.3363493839467203,0.39301657461262285,0.3884721191508467,0.27649312293624295,0.35627570737476494,0.27037210816348756,0.316924076961489,0.33537731212488525,0.27960863149143705,0.3673924082255766,0.3707980404426942,0.3882804293032356,0.3506615659096667,0.3251938184567024,0.3653202627690314,0.29345312960044434,0.35694887522959606,0.2697589993460653,0.3001486968042487,0.29214734372632417,0.31285876511828825,0.2856752922619519,0.3462705262720989,0.37803180800542985,0.29859709703469234
459,0.37562328909545245,0.6082329549773835,0.2548729840568099,0.3347310189646343,0.2583303003810557,0.489154387180073,0.5099017393255624,0.26226249235621774,0.24846511970403426,0.29900495021609785,0.45456488012424673,0.5794949905217981,0.3895031061177934,0.38341101293839536,0.2520673519350231,0.4519506723121462,0.5027529174781573,0.18652530636407216,0.30648317088056226,0.1438408673747884,0.42052499079827144,0.4904176542546745,0.3016773031522884,0.2590783403733034,0.43334576032270417,0.530305499053696,0.4146103822828669,0.33385533618047686,0.37789092383530154
460,0.4351309046161508,0.3725292655535712,0.4520029188650946,0.4150880524433971,0.49478018410164104,0.44907081549809785,0.4993194499945658,0.4878430402490278,0.4331454925619703,0.4213461967440486,0.5128145006043568,0.46996834393408127,0.3474536679948721,0.4342150149010556,0.5057941744075884,0.39776952885009276,0.5490453837419446,0.4114253916913832,0.4643314703441497,0.49006266142102023,0.39227726368833865,0.3858102238232175,0.41918719941567323,0.4730095821577763,0.4861034218333178,0.4703306599011117,0.5757510206474488,0.43403486903198235,0.5401512656641652
461,0.4274975124505179,0.39099743224680644,0.36445430659810535,0.3783598363983348,0.40346082555952983,0.4387534897501574,0.35544587916584597,0.3445743955424624,0.36769544373049395,0.40542402403558664,0.44282848475477726,0.32659417457139645,0.34300647516413013,0.46219736748349377,0.4575558343299361,0.3461652283199986,0.346951181222289,0.28166337952693166,0.42171183859700445,0.19534561888126029,0.4856015984436327,0.3972785509164766,0.4073802100175614,0.4252698204422871,0.33100602654849104,0.3413419143449516,0.3367426155327029,0.4275650928025909,0.4289096545794502
462,0.25302417275944217,0.2696547618986346,0.36735100575175583,0.567606123458601,0.414045619490484,0.4014423959762422,0.44012243091748854,0.09999153223643067,0.5488006205589964,0.4109734608421147,0.2924445702238293,0.5537895347675719,0.1905481024955515,0.4289339608159501,0.489079786674756,0.5218010561556216,0.5661155896179618,0.5135835106693138,0.3583391010863467,0.32896850468971595,0.4778654657523614,0.32965908349985623,0.18268673338726377,0.28152552324422897,0.640358774855551,0.5860897060510564,0.6608377801922237,0.176530077291223,0.7092089934436656
463,0.40955842483972643,0.3154881998966368,0.29631274031578336,0.45509990040055537,0.291449053614671,0.4565655965288879,0.42017901314618,0.31327451238324244,0.29960596579279236,0.4164187673878487,0.4690334254729705,0.4088769170163555,0.46202308145177623,0.40784285151164823,0.28571871012844346,0.313294544552857,0.497434655932425,0.32108292506173675,0.5484156978339041,0.31539714298063837,0.322516212202474,0.3072251414756566,0.3643778667161088,0.4633638449860753,0.38016714177842253,0.4024144408513864,0.36336438287628914,0.5105594777031042,0.2661343812118909
464,0.5430938116295521,0.3922975657993021,0.3955136204497376,0.3326752507989869,0.30431053389168977,0.4480085398771962,0.38531685567167856,0.3206078118165586,0.5077977416603345,0.26699070815101184,0.2939829040943864,0.343421280757049,0.39251259719035,0.42934537425341374,0.3432787910660852,0.30068657603836646,0.3957553055828263,0.35664769649269645,0.38241482524625175,0.3343844104843829,0.43015993168956645,0.4591753867920422,0.3501631399478837,0.2530940023679391,0.3866573272618647,0.3843475005630144,0.4005655122469842,0.4783414410942312,0.446305065271041
465,0.29424125759037006,0.4112368470970739,0.4205722145461814,0.5368478155283589,0.5288906959433421,0.5288745966087881,0.38830481898355124,0.4589862697985939,0.4729781466694355,0.48929305139983187,0.5393377004710541,0.3841932813553858,0.43898730769433586,0.5224668209904715,0.6203585725310166,0.46382735587695695,0.4872059472204113,0.37613449462403975,0.45640986657161836,0.4291702932121113,0.4488842909792284,0.495049231515422,0.45392327124268,0.4221211446138419,0.45021277170369856,0.4774769210180023,0.33500153564366536,0.4628421066516806,0.43145402522500403
466,0.35539724584275173,0.34862159822874034,0.29498665196350743,0.20898738926407476,0.6020656906267491,0.47882480994872634,0.5006388270607456,0.35401826720071095,0.42427199723805475,0.4777921823607477,0.3819680339202705,0.28303716770547954,0.4074227390676255,0.35341587939352254,0.43134964099498274,0.38051030372565514,0.39212128796557644,0.43634251126020235,0.41492676352444174,0.28719731402113124,0.25971607750651116,0.3457192622855487,0.39069258655987626,0.3932592388039472,0.44630004260021017,0.38814768338253697,0.39322215389763054,0.23315644623212753,0.4620175681051129
467,0.3506705300807826,0.2533033715862297,0.35800261303199915,0.3350208871578232,0.3426651330900686,0.45178642392752916,0.33341763815071357,0.2872401026278255,0.3360267623574963,0.2731083069172363,0.21921734142938068,0.2867931777797586,0.3123157571504388,0.3725120256898153,0.44828852760428284,0.3007742247685481,0.3156441071790188,0.2972719543500316,0.294705050670566,0.236202128174613,0.3747532522472011,0.28482445905537773,0.2769036184803668,0.26525489953182246,0.29750328053557834,0.2562301180822148,0.3198920777147638,0.3076146883981397,0.380448327038459
468,0.6769344790805965,0.8731178093197296,0.8691478581231978,0.6628683865395021,0.8540364353600884,0.7025089285646939,0.8834966698711564,0.8039498812649947,0.783965848038358,0.793013334121374,0.7071416294922436,0.8121205626108212,0.8479942980611436,0.6498241405925312,0.6423488194315291,0.4935489132503731,0.8216273214939579,0.623764958302768,0.620490709650574,0.8211999809195744,0.833658272178326,0.6974738367606865,0.783988019192362,0.8124452827689582,0.8798684407247135,0.7957250628247131,0.7424996821197674,0.7345262470449888,0.7531451301904504
469,0.420101077301953,0.6855173461335449,0.5876350529028141,0.3051887147195511,0.5232562171225557,0.18960305906577488,0.4734431278452177,0.33593747440880706,0.22429045209831855,0.6570780328757087,0.12195431006018327,0.3067741989764631,0.20598126997597224,0.2251491190909122,0.30716945134519025,0.3565116397217644,0.3118377803199182,0.7396788505657413,0.2710093583060763,0.44873043926863354,0.3974481716157461,0.42152221675545926,0.614596468387054,0.1378782116331118,0.15536198856249975,0.5322091835064431,0.4476342329465913,0.5697107347021448,0.09431706568889563
470,0.529552006622069,0.41900302366276065,0.5259100058190709,0.514397127964937,0.4374435853055444,0.48469890817082606,0.5615229023905368,0.5586797247432677,0.48521854320941366,0.6133366454199404,0.5318017978411804,0.4048638457128895,0.4086020304481911,0.36660069770396403,0.5597244320349248,0.3837483006582536,0.5075443237145383,0.347516793687472,0.4797198561578991,0.37240287031616665,0.5440275018054052,0.4411820857628326,0.43503330367277737,0.6271761761703822,0.5468719758067392,0.5491983192121017,0.5256338337417702,0.4149326283801264,0.43071002775132117
471,0.47920626081340595,0.9185423740615853,0.8927942756562764,0.7027979767422933,0.696129203208525,0.2918706646684557,0.8894805008382268,0.7437091774689074,0.7735805247834616,0.648444661182866,0.8022475105737659,0.39997013792083663,0.45682176722384277,0.2571934543430294,0.6158068505249803,0.9246057446155624,0.9493979858124721,0.7465994422919475,0.5840133889758111,0.7688637788971862,0.576233075102487,0.7617406162155704,0.5096481244932823,0.7361352681567743,0.7969282694873652,0.6196627313473765,0.8489450103144712,0.4922034420611787,0.5026420463499299
472,0.29597490991720043,0.10642865173160555,0.27383338423271175,0.3247075415402317,0.42022498034497696,0.09880882799372538,0.16930280448895035,0.2406986761650391,0.3110678551941747,0.09542360437670155,0.38459322982231353,0.3599900203066115,0.1672905459772661,0.06879794147991018,0.4044333458183679,0.25735519898017195,0.2572677241619249,0.22138401563990312,0.15554072703570676,0.3971906596613763,0.4726882104984386,0.5015359267091678,0.19792546285526072,0.1032851672098774,0.06928452831093951,0.28563934613537845,0.3134779244850517,0.3608384723827739,0.12154303637879495
473,0.4625514190174316,0.4333234001259125,0.3678962609398877,0.43482003100094857,0.43456798659106033,0.4794136462498332,0.40528261683436717,0.3982781604779356,0.4130847460275463,0.4539068807343166,0.38914218692704305,0.468698239627494,0.4317057799015484,0.3985184618637596,0.5292683014597639,0.35575488395274885,0.35600394099973665,0.44118976535944204,0.46424323259288774,0.4334184666348642,0.4466638097450993,0.48632517306746736,0.4657754090256371,0.3531526825483029,0.4204444010221443,0.5248632566077369,0.4669223033256114,0.4815702456931106,0.3056118386694563
474,0.4914843262977607,0.5372626913050631,0.5650769215565299,0.500931693613099,0.5974410319094046,0.4720005803714471,0.642167787450316,0.5394407844154612,0.585435383798923,0.4650539234476425,0.46450522455850946,0.43433997414153513,0.5734831577925588,0.5132005822973832,0.6201183244934982,0.5195143022343371,0.5443467394992829,0.4206138061005121,0.4606459882042116,0.5541766433027442,0.4940807514023956,0.4727215568268691,0.6761191289169295,0.45064255972139733,0.5146576453681561,0.45819901730610363,0.4734818587875229,0.5941197189217847,0.4804915975732674
475,0.34804018401969183,0.5967008533442497,0.6735122961746162,0.34848899024597446,0.6316148750766339,0.539705579403485,0.2844175119280201,0.45627317751403423,0.5471174120235482,0.3402040780552043,0.5503792967634357,0.18780095506891137,0.5304130884197452,0.13087104053217785,0.5505169613812743,0.3332340183343099,0.353814849437916,0.577697787046529,0.1738243325019514,0.35633550618610943,0.3624901458137045,0.31923327998048723,0.25476147542082966,0.5853864630625002,0.6147276586386756,0.46504875887286085,0.42827396122173295,0.4324537928391984,0.3688121373769945
476,0.40232796571438123,0.36085448569559647,0.391326076521148,0.4322385591052031,0.35813874369721876,0.3638863503767533,0.39303809699055636,0.36784914431400645,0.39767917286020144,0.3523851750070265,0.45043112005254676,0.3687043332717335,0.3534135440300939,0.47303395532019205,0.44199363172780337,0.33933435067916196,0.3777141797529083,0.33101297104581706,0.37226559970458634,0.3573907752882742,0.41085505700864905,0.387591576338768,0.39498373875124687,0.36739621151426105,0.4141413845338821,0.3519766755681266,0.37053360448619804,0.3844200470579573,0.38217850544885357
477,0.48528645064700376,0.34111714007377303,0.2046082614091774,0.3589202957199316,0.5467680609873029,0.4087002583886655,0.4989541553813474,0.5815278478280044,0.4362619358184658,0.5790114082018597,0.6938590914084807,0.6234245442022819,0.27553097452391806,0.35308195818223487,0.2437051154130007,0.5489367887568048,0.448569338686613,0.41871582008634145,0.7941910796813786,0.3773753159358014,0.3767501815748682,0.2602959622815258,0.6538704503496656,0.7375708569418,0.12803196685745247,0.6535925985222358,0.5263444176945593,0.31793053012446426,0.47118811830141244
478,0.3533555707601258,0.42247218882763665,0.3624713644973958,0.3073683367212522,0.2804572572156072,0.42154522026478547,0.4322080297878972,0.25036279367980857,0.38992580172284264,0.2218549009167328,0.27659720679061034,0.32110113773531596,0.2987693101072487,0.3766710128793798,0.34862793423961486,0.30293437199050666,0.30316886854097164,0.27068214326330364,0.2919697176177885,0.35417957191162286,0.38939480145700306,0.33800143302405206,0.3578522001728332,0.3550913164994994,0.3446670192365323,0.3691363060070492,0.2586994947046246,0.34331835335457533,0.3860920927866043
479,0.4916981089253024,0.2831288356563676,0.33207863391900466,0.33065748211675167,0.3667388333224611,0.4844469776682289,0.33607749021699224,0.2982669062245534,0.43724942604559514,0.32256935081829285,0.26581182888027866,0.34116571259259343,0.31558874650113,0.38232319039766977,0.4202145238079083,0.2854764578334625,0.3899312048979565,0.402454176654448,0.3607049171208785,0.24899621475200046,0.3622337948216493,0.3479738308299351,0.3406312573350638,0.264519474053202,0.3441497860311803,0.33375561486120714,0.3179983339183032,0.38499227116141294,0.4103464059556667
480,0.5082670332905641,0.11470204490864697,0.853936911778452,0.4124529371043583,0.17520386050890413,0.044479781244973655,0.3042189296441039,0.40021351648824066,0.5214740879511542,0.3869397956755841,0.45921575294939304,0.2075483497856948,0.3875382224357604,0.7339044967669892,0.2215187718453555,0.288830406387783,0.36688396414127855,0.46255738487453485,0.2198019204878636,0.7733761822398457,0.2879690992770863,0.28600963663732065,0.17104207553723397,0.6953469498762765,0.6317793385046252,0.0103209213341444,0.0546494663980303,0.8671093533462986,0.5323087370824812
481,0.5387922482603895,0.5468253034938415,0.46376527065415435,0.41580353750551496,0.2741134712571669,0.33471419040188577,0.43275968173044593,0.35849623246943435,0.5159391094407618,0.4695077647127926,0.39828901931258137,0.4913120252178308,0.3615036739913861,0.45269184943452206,0.44808963094253323,0.2899334099940411,0.4444335828613693,0.43626434957806304,0.5148796685435899,0.40681247951515975,0.3084869976411356,0.4802478691705647,0.5169208919957369,0.2753554322243461,0.4209440915860555,0.40505933388585197,0.3428304393589831,0.48436399852780704,0.5067383285062121
482,0.49664625071456275,0.33386281488573194,0.4843105300784152,0.45197839992100336,0.46581332606658593,0.4565391330099715,0.56167777530252,0.48841155192845515,0.48073196670599605,0.49050295849878073,0.5196015597593288,0.45129504625889205,0.3851339736111616,0.42143035917494553,0.4886540782555604,0.4734208232985146,0.46658131058064956,0.46684242352430194,0.45579097394520074,0.46615875121474476,0.4762924101613414,0.43906770075704576,0.4169126801903104,0.3908901335029364,0.4919351652742276,0.48049474388828367,0.5284805760199428,0.4886358560218362,0.3993404412033596
483,0.5224616027214046,0.640700565251747,0.6262016646008784,0.6040051276121547,0.6686593521854544,0.4648552114445016,0.5778777384990152,0.46871343525163334,0.5665088780831725,0.6031435410138913,0.5808352611594866,0.6335060054257288,0.5827177418670463,0.6616079987294663,0.40984896117017694,0.5967685769493658,0.5668727371668693,0.6354433185059621,0.44560558690626,0.6316363629201165,0.6478380350741899,0.5581096579981725,0.5933719393200644,0.5970556378821456,0.598675861753822,0.473281858479271,0.5008416502754305,0.29800422227633505,0.6083572019104382
484,0.4114909087622831,0.43850462636872256,0.4780717922919837,0.49359756849887915,0.5232772588845893,0.5324936210589073,0.5502669074565244,0.4664377990769528,0.4889568054392952,0.4675179011731203,0.530695965680373,0.4675495288925495,0.39260410578284316,0.5183214395121604,0.5551627724740653,0.41596215788117513,0.5314474947932425,0.4831559061405631,0.4262834764218293,0.4781346306824876,0.4803347557946385,0.4507608961918998,0.42024344840912775,0.47994594898308424,0.5357348751909684,0.4665209718717641,0.5207041452343998,0.5563524711253074,0.41421577367256296
485,0.3422910442646444,0.6068897144623153,0.4394876934808103,0.28412749232987633,0.48815047148884216,0.3912442256773291,0.3701004551483387,0.4824717826277375,0.4892668237912707,0.557068597611612,0.3323433616747812,0.5321670991082094,0.34473110092234655,0.5070045738878698,0.40863537522141474,0.640586791828298,0.21114151010853183,0.33897849829907306,0.42458045129677774,0.4083553968206589,0.3377216243484104,0.4617981755264527,0.3931795693059805,0.34689645306516936,0.5923285975822882,0.5039388389651812,0.5687478576332292,0.4870901581861488,0.24289376975982532
486,0.4399163814866188,0.44122810574784505,0.45996628123568617,0.5029141277322058,0.5013055273719769,0.43988586564785864,0.5173760904550448,0.4490535920312981,0.4688868990266989,0.480959593128953,0.4384602234602585,0.44449580225089963,0.4565770726062603,0.4845087483152832,0.4867294033761022,0.46150657367043907,0.4505252108639462,0.44664585103207244,0.4701163306961747,0.3576392072607406,0.4193919941088588,0.5247081427032293,0.35032239092198475,0.43439972191484316,0.4524500136134461,0.5264244862489774,0.53602240536857,0.5084770045682733,0.41266411602939046
487,0.3658564751301603,0.38534833009919106,0.3029744482249562,0.3136037626429107,0.34873323558356006,0.4592406890781601,0.29179350472903354,0.3668285515474596,0.36477364371538756,0.37671737285952467,0.41162772490917177,0.34027075584874966,0.2691426692605555,0.4196234685612097,0.5310869630832981,0.29805428605825823,0.33670458361123856,0.31596761841476045,0.40380929842600266,0.19424253336780314,0.5091670519578427,0.3676617392429386,0.3657233504877473,0.350117384042418,0.3141490070329789,0.3046072837463518,0.28466373315516247,0.30906628421510035,0.38616337979902743
488,0.31385336649156714,0.4410206631029997,0.3987008440816875,0.31013508092996944,0.49023007013236675,0.47959986130807497,0.4673880885764519,0.5126034167356425,0.47960571071688796,0.3608655023622735,0.3394987404973203,0.33148688809969373,0.42704927239275087,0.4981671061023415,0.6086505821732274,0.481335119124806,0.4215579555822986,0.3687162405004623,0.3626019760649833,0.4257244195809132,0.33367239415548194,0.4250899397957361,0.4969850516875894,0.34900566150118,0.47010529943277257,0.3333980948309265,0.3786426865361736,0.46668224761839067,0.40567012588917883
489,0.3447582180404665,0.3617167349349345,0.6886846795148154,0.467157748390706,0.25308864724758784,0.12860087492748934,0.5128227715529663,0.7555903036836186,0.5828144829915427,0.39651404253542377,0.23746942083859887,0.3171651244427889,0.35343232013720877,0.2850951272389206,0.5306999536855612,0.7488882346040447,0.37439821380291627,0.411984919262776,0.2878522355334028,0.3501824717604341,0.39190264057179475,0.29692190678861236,0.5433092374832068,0.29211792552172733,0.48817276660943976,0.5026579798710987,0.22220689034494578,0.4194456337580109,0.31203860141825435
490,0.6927660311723715,0.4772779430473302,0.3892069665397422,0.22185710501097217,0.4168163970911733,0.419631247436005,0.5939625688569825,0.8444387265934117,0.6797795342401721,0.5980249918912095,0.4281944095003763,0.3713117022784648,0.4497219549395915,0.5090253316455102,0.19823035903016759,0.6235334277417752,0.7614167769031956,0.32772438346943966,0.1195371181610166,0.8627066185644434,0.45043604375695284,0.3629964476063388,0.8346271546980689,0.6296730004061545,0.3104210939485548,0.3165480975046211,0.16768086890368675,0.546391759933197,0.553556690938222
491,0.4499384237599359,0.3408907756226429,0.5768937793287643,0.39956524613752986,0.5526956052500412,0.523792746710129,0.47019102027861504,0.4701676082977544,0.38755349190103544,0.4548355050163423,0.4144008416078491,0.3874006172470954,0.453422970375681,0.4970902858083647,0.536497618340399,0.4473996034136286,0.5173771535391137,0.499594586051953,0.49825817175150966,0.3674927464231047,0.4412039806328582,0.48824932180224,0.44939188368675675,0.4367620659054177,0.42980660316705804,0.5577381759951336,0.4087323147615036,0.5461704049365652,0.4202871907072254
492,0.4453321229133811,0.3826438951699296,0.4249742464774319,0.2727791392421707,0.3833217023985101,0.44486334422271245,0.35395623618198035,0.4006541303996894,0.4117427645530842,0.33996086385152197,0.4002180658640411,0.40370343167676814,0.28269595542734294,0.4014910142378584,0.45069318203209613,0.3219515262050712,0.3050092549488896,0.31269020837926725,0.4113985762365066,0.3233926450124658,0.3168107506761799,0.3965509976648564,0.3929066787048987,0.3170797898036335,0.31247127496566185,0.41837878829034664,0.40574493993640814,0.4159573516507321,0.36129708292905954
493,0.3947753172553044,0.40501904932765875,0.34645352180637523,0.38243458581959683,0.40119042104173175,0.4938669339689407,0.5193992314825325,0.41745816431091093,0.3881950493257819,0.4608826374514864,0.5131504618901788,0.35129925767829917,0.3274412722212872,0.4922547856292963,0.4551413527800299,0.37855277577435537,0.47179505592974363,0.4257012736240147,0.33922795947935264,0.31757874838583333,0.38645235306081366,0.4599216922085522,0.4040102343126697,0.5190647216325566,0.5194604084898639,0.4233146126527768,0.4750894416669221,0.4569635187963091,0.47868564660768165
494,0.41083845930996526,0.288174094050724,0.09897909002564802,0.3444713584015163,0.1638243334266972,0.396204770644576,0.2283879142833051,0.1116564622985503,0.14054574964061728,0.357730672109807,0.06505193992899877,0.48597542145231915,0.25888341098628176,0.3139276650885989,0.5081820654344648,0.30983739927163173,0.22805688001123522,0.08025508305334006,0.30931394383620764,0.12182399525461693,0.12795736690218085,0.2983169969539425,0.1751370134142159,0.20389804165823133,0.30275860372984253,0.23816003125976085,0.3575060211334158,0.48342686066060025,0.19970906377660838
495,0.5756326906141462,0.5297463708961531,0.5360578083430836,0.38581899869802977,0.45535900663486434,0.5926035117845203,0.6206731735992451,0.44276576136473433,0.3803942042227839,0.5833739119866607,0.5737071389132863,0.45380427730524675,0.3510157640278362,0.49909170597270575,0.489994969275393,0.5081719319152943,0.3759014289082131,0.4640048387484677,0.48239998945705953,0.31934462907234823,0.40852867553299976,0.477524921496009,0.49450710171020296,0.50037204314692,0.4641459083575639,0.5492392214803314,0.48840697513548387,0.5979742984500518,0.39373484903543243
496,0.4169769421205386,0.5558910030526166,0.4225686182176545,0.24762637471838284,0.4533616949938155,0.32145259948944915,0.4229948289928563,0.4378124266022445,0.3203053552989043,0.5758360977678633,0.49042400087287175,0.5787851877321569,0.34390413967307665,0.374514132442404,0.48818546377974553,0.4740390903570956,0.45404565872425934,0.46262783948627917,0.5531332295921743,0.347287979583301,0.4800804822463535,0.3904339669415438,0.5511054543051481,0.36088421448987285,0.3237917810389778,0.4570723679175617,0.4933153740581975,0.48363016803887465,0.46673086998542884
497,0.012491742808088669,0.02539329497382166,0.45676508332894966,0.9771811689820761,0.40316443466246654,0.22775381246663404,0.5041711999570773,0.875297215255277,0.5473375622386153,0.05828582716909323,0.6318922547682486,0.22348138052263422,0.24619889538408082,0.8851024855330366,0.018666837526227883,0.20203015264709245,0.6108397278571671,0.09441005259620783,0.019729548081291938,0.16139414291192142,0.012499080209694159,0.012783806847027282,0.688300922400625,0.029428987713822543,0.0639149036197608,0.009774287244978691,0.057647808416239295,0.388604183498405,0.007609022362157806
498,0.6876705666240664,0.673061581030725,0.48718425212725736,0.6413106777390392,0.4877382841210312,0.5863533125501472,0.7139179986167965,0.57906062863685,0.4712928810857022,0.6784756227717722,0.5344615985612821,0.5743406525221562,0.6169584990934981,0.6003248116405708,0.5852955506265143,0.5871175840377014,0.3981386407290808,0.5700140477595617,0.6245371775138958,0.5387017752613934,0.6735658537996217,0.759830150603798,0.6048290809647767,0.5979668457869346,0.6025380962186349,0.6764508826641124,0.5551181857274295,0.6160955800235101,0.708925404279056
499,0.4341330889512861,0.3899035224095197,0.4227326991974049,0.4582521929302229,0.3811535592333633,0.5156149306981868,0.4988209182996611,0.4674604211829076,0.5223258941875297,0.49446583540732114,0.49146467234411595,0.4008322880359999,0.47648384233234875,0.5028335270038216,0.4513778228822711,0.3712571754768878,0.3934434989381955,0.3292885086365912,0.49344197052067834,0.4996210709470001,0.4387798369483497,0.43064779601771713,0.6253489879337745,0.245364715734956,0.44948789436060205,0.41840130760517524,0.36913546274085923,0.41600697763544525,0.42863391946503937
500,0.5626580040835041,0.4366786167823925,0.4782513656205703,0.528916484360454,0.47743770907327393,0.5660855876673514,0.5160650558799366,0.42188934352664437,0.46086888610385013,0.5123353742054414,0.5394135100597944,0.3971687968703506,0.43081801371987244,0.41332618282672484,0.6208834735191455,0.43981491713031945,0.5208590818656459,0.4550814830885812,0.5706419702239554,0.3928520518520022,0.46549394658186977,0.47725123293032534,0.44555355192599444,0.511990883805234,0.5190995372339228,0.47418638360069143,0.42864751657287303,0.3514086419192328,0.36840332190153535
501,0.4530759815586992,0.4890371844150197,0.5913783371080218,0.49693310932703716,0.2817882961891815,0.7596184531993071,0.4578531416818366,0.47208161201021814,0.5013129407933729,0.617077131853953,0.3695160472049378,0.41580470352981225,0.3014284112149814,0.4235366085757507,0.5769115763467632,0.543995700148823,0.7288603980603174,0.5241157022354579,0.584829145048104,0.47616619406178246,0.3703305657863801,0.4050116876372418,0.6283533364118185,0.6104030592110679,0.3712234399927837,0.67439344086456,0.4443142881013218,0.513748692791961,0.5097662534690055
502,0.20457767961736661,0.3161774377529524,0.5545563467407725,0.9701950027889759,0.23044220035724974,0.519782936150819,0.5674154232992985,0.15859758358730122,0.9494129099840163,0.610214727470788,0.6971854130150982,0.9316373684805284,0.805474096649917,0.01247138596086213,0.6064395891066106,0.04064750614705355,0.5278568642854082,0.676272959115142,0.492347627217918,0.43549286311941915,0.5458474793268939,0.985224340752902,0.929148033563667,0.8974444252717011,0.172457549188435,0.9468084908034697,0.11378254019453166,0.7127252001547719,0.700992976074494
503,0.40033951592106204,0.47484448241133587,0.28560883964401235,0.6119570570040309,0.37093992458116276,0.7589007287001689,0.3325913636604415,0.6093236766974216,0.9411659224443408,0.258118250725129,0.7557338006296018,0.32205432973070375,0.8273268902435797,0.697315895363183,0.3580227254347352,0.9672665974589114,0.6670072064684437,0.21905376650155922,0.9459137714947011,0.6124868332140027,0.9146480488310407,0.9301488199687014,0.35173878396182406,0.9555139079655827,0.8209181542242583,0.538125612110909,0.19301043198389178,0.8083123550276753,0.9137164736318482
504,0.47728464290447303,0.41945488755014676,0.5246279112641695,0.5186482981791903,0.6196140794824606,0.5750425554635921,0.5767104830748659,0.5344441125726707,0.5437523653032813,0.4858066752763903,0.4712449011038718,0.46159127779739145,0.4321304291570795,0.46198943269068776,0.5932047947297313,0.5387730071303554,0.6364511149472596,0.5056850726525964,0.43696686715278155,0.5046452795655797,0.5474101819204262,0.4127540015280856,0.4880306351771266,0.4320245052198878,0.4526368316772164,0.4695142739068682,0.3816016207977381,0.5469551915379042,0.5262272662450017
505,0.31544984671869003,0.25571556571842563,0.397289523967316,0.2814893273308406,0.34369521909760353,0.32128080676115234,0.31562096186571953,0.27503677082092515,0.32082368842246306,0.39596290840926524,0.34554143992919356,0.33327445677682704,0.4365176310073665,0.33587474111642507,0.16044530697693393,0.3488712044940811,0.3010838779814746,0.4234532844387596,0.4133146676129167,0.4528838596036968,0.30333463593155474,0.35369021761858255,0.2519098380708701,0.3666902526084702,0.33014407821093794,0.24423973556798814,0.46042843220523766,0.328632957188547,0.24304723449084534
506,0.40260015766710766,0.37606665191651556,0.4088926843551768,0.4946897857817963,0.4723517349486779,0.4072024754024409,0.571279359375019,0.41854909624002007,0.5269357976303342,0.41405326492740446,0.4054950567467471,0.42119846515476733,0.3881473859466266,0.4881740009827541,0.3885066305804953,0.377186201224097,0.4442160476802276,0.40406177709315644,0.41313422204816597,0.4222284056522741,0.35238815113830824,0.490056211231037,0.34391331362226746,0.3626310676392326,0.4698372499359698,0.5226812737474726,0.5787553573608482,0.3750658029371385,0.5230947542829293
507,0.5052167070052582,0.5905737754864153,0.4206014008714292,0.4357019725333968,0.28475878503281044,0.5171578474797349,0.36516205726648165,0.4348964718305561,0.49908537983374407,0.3233612833078159,0.47099274962998255,0.356775866643479,0.371500176028412,0.5178331234744511,0.4975852102245616,0.2487299806648959,0.35012343979657434,0.3131302116371637,0.5621920654845995,0.3276192364095532,0.45573676181326994,0.47893243774967575,0.5849835712985297,0.5098383194463492,0.494785064647145,0.43964444528666824,0.4127865925552267,0.49057459597494607,0.6098970456767915
508,0.65966322887819,0.5736405470102951,0.5790482400756619,0.4981251132595836,0.5409208535973357,0.46921142684866984,0.45629907820607163,0.48874492695784344,0.46575257647018886,0.5786618880170116,0.5358921416532019,0.486776191953565,0.49336111258232923,0.5087283355936827,0.4507230398491966,0.5202106354113394,0.6330772475804318,0.5233973304176491,0.5596398751794689,0.4779235831408216,0.4948912856071483,0.5032013376007737,0.5173859741456431,0.3896330739303652,0.477127161110804,0.5074832139560653,0.471705313127663,0.5646682888459775,0.4845271014219206
509,0.42689397539210977,0.3532862282251258,0.38719097956311993,0.2752797662891144,0.409994545717483,0.5117049767841444,0.44631387667281214,0.35628960137739735,0.3850613655027127,0.3764647056657615,0.4828869251937468,0.30988374175190003,0.2761382901304203,0.4420597306020245,0.4568561368977098,0.36515906351049787,0.4388260752597898,0.2309098996708744,0.42282416898531805,0.39418167791062275,0.4425437490754765,0.4012046690413063,0.4525126832160065,0.3145384126150526,0.40455516173695394,0.3959052487254837,0.3626532965663253,0.4605166782250761,0.47406574036152027
510,0.3273160513589231,0.5007399227597582,0.3775173509802525,0.314598318697839,0.3630848792832552,0.40047693632401377,0.37842235597415047,0.5703744490936897,0.4321072694197963,0.3302348987256807,0.38762573964208547,0.39809171365170937,0.3665370466362778,0.4569720507536283,0.5386807285360022,0.5093462521870948,0.5475949842897244,0.5330652119665104,0.41323962322945645,0.327758405340942,0.42771845002366904,0.5178971624505652,0.4473583347943009,0.42502097632496105,0.5180931775939877,0.29263873065287355,0.47188928591936596,0.4840659174693752,0.41004008606705045
511,0.31553000457782837,0.46422203827601005,0.42568925410415753,0.30756147895988684,0.28857253708243097,0.538131445328858,0.5689804270437819,0.4648490149412256,0.29591242355294145,0.3250191727585741,0.3814815698548237,0.2986632209836926,0.21134873349573835,0.33948305766580145,0.4513030876505816,0.34940782430852046,0.45167091393267333,0.48407781753886187,0.5683892493080647,0.2806667997640599,0.49609881755507024,0.27350815157620334,0.5548331113100757,0.16197096064898672,0.4973222267720388,0.16739619706785838,0.36800612926488335,0.36894248603057384,0.3923158169383438
512,0.3690679192108286,0.4711249896204069,0.41906778386681504,0.39105683012046993,0.43107137765854525,0.35872100234669446,0.24405228129327966,0.3048938903001178,0.25087341228219223,0.3649513845731167,0.4412782552061013,0.3099326826269173,0.3383258750111908,0.37535661785534236,0.29664170707915516,0.29153046239009345,0.33337138296373314,0.22427482796595238,0.4869475965094315,0.2032791425207172,0.4908370686865468,0.37318726861816215,0.4012952606813947,0.35504877338107377,0.3930424959236713,0.4515085944724953,0.27299956461549013,0.31259574974732307,0.4534928652396727
513,0.4260239875664849,0.46868895023515994,0.5375215263170481,0.46396826092306465,0.5846806500584384,0.5710894897853458,0.4076919001935707,0.497828294852716,0.5194690517749075,0.5764181328390261,0.6183111242836823,0.6507825166160498,0.5325508689396847,0.5539469594905936,0.7649066090496515,0.49509936910122554,0.3678240250343273,0.4903467705656097,0.6311200133074134,0.3170543789122922,0.5582247681964803,0.6182766756666505,0.5007918345312637,0.3270112190126807,0.5738781113348701,0.405584523110387,0.6183434330296058,0.6012085705841688,0.3765816359344853
514,0.4621661706821977,0.46351712567347775,0.4582756775974346,0.5144584930614399,0.373041683748897,0.34615685789880846,0.3776290433518399,0.41980100849908636,0.4081100407716298,0.537126894236629,0.4195082492067136,0.4095368923927384,0.4364554618069175,0.5145544719699513,0.34501786526886813,0.39327486767488967,0.3624303933126336,0.47438648113811804,0.4480351635654657,0.4664140698441591,0.38479175446292063,0.4299337373030224,0.4795019339736273,0.49820662606885,0.44970955964535886,0.3758606848883668,0.4686334647174816,0.4586179068776945,0.37093601348160204
515,0.535641194582972,0.4423309423489197,0.4504004214165064,0.38839861243701834,0.26807686319133023,0.4228580736210834,0.4721085162834769,0.48305542141561136,0.4072305394469649,0.5542320718021788,0.34969036811156473,0.4174566528319191,0.43947980049215973,0.4854460322184833,0.6738832102026039,0.5029379833982242,0.505446052654766,0.5537456102195495,0.7118406180686906,0.3463501687560341,0.5550193015333936,0.4563478041976346,0.5761449703699467,0.57725441683475,0.3964060959352417,0.5349672827775279,0.4085408722154332,0.4201001582148478,0.3631260158583019
516,0.5845316405369907,0.26333997283045746,0.42055838532226547,0.4209118468781113,0.4386746138153056,0.3029398386414395,0.5467255827793426,0.21217769164790784,0.27376084808441653,0.24161114473044587,0.2392618291568378,0.3596569091313774,0.5243107402727036,0.4068734584140156,0.26480491774497034,0.36246895507708476,0.48460791360579025,0.5088930001197768,0.3571192494214187,0.349325998282668,0.6901078013352945,0.5635022463006353,0.2913566005695309,0.1851968497350971,0.28215883104045286,0.3490369652142037,0.15705420962762637,0.336077342296701,0.4264401418247707
517,0.45108880593548617,0.4582710517403852,0.5298626887558344,0.5694220383826136,0.48021296231607863,0.4415860370385233,0.5490335212120357,0.3820214734615063,0.528200942737258,0.5542693780949908,0.5373144547486921,0.5164845876107923,0.5162591477253411,0.474803354666772,0.3370549316001661,0.5123702300337036,0.4353221233602808,0.4981780988267498,0.6120858825051759,0.5899113873153796,0.5460586140481312,0.6378479788141628,0.5151531400456237,0.6024760640342501,0.5799041792595725,0.32880167825951706,0.6075332124383109,0.518050669503896,0.44906508900411
518,0.5225807875571264,0.42660707755535054,0.4583031492514181,0.4780680879631371,0.43131273181561297,0.5697570324292097,0.5075812345530585,0.38897084859731623,0.46676843713627786,0.46334282197653226,0.43400000442752834,0.3799661305734547,0.39614373582573587,0.4846255113297044,0.4809461262578003,0.4273812853197174,0.4639396451901696,0.4366430079414461,0.4735561972927232,0.45543047155894917,0.5025386922101266,0.5578544872155532,0.44930133325894017,0.3109512856305061,0.4630846755325973,0.4908532264465243,0.4252478772065711,0.48157764308185314,0.44071844634071133
519,0.7245684088711785,0.2213786250626149,0.4424791762662446,0.47680799009374264,0.38289906227826564,0.41679332193420204,0.3482765764778162,0.7175409858022153,0.3780755551780771,0.341167138716017,0.4023533395479239,0.3458090987616624,0.7672803592581741,0.3955947935502974,0.37922748537379164,0.7600349601558432,0.6604477174032523,0.3825489094411769,0.18972577932810503,0.35576278438405623,0.6664298272681625,0.7181408572477762,0.3533023844855873,0.5652579343679608,0.2734780166861016,0.5238657912387259,0.6733776637972874,0.7299495198390779,0.4201830110170571
520,0.3416773517397453,0.35839677528784925,0.411478742729792,0.40479232974169016,0.4068956836436073,0.4940930121725375,0.5044299151695675,0.49210294284977746,0.4594121023014724,0.4590660177576658,0.49715715074672634,0.4491356854618492,0.3846197223846743,0.47294873032176893,0.5955747978002707,0.3694633312470658,0.4532750471880062,0.41762051043225695,0.4036356629125083,0.39560605124117215,0.37613302593745296,0.4392345349218155,0.44822988374100736,0.4021541559251844,0.5094000975837072,0.5189308799798756,0.49919284758418403,0.48022323808552825,0.46463878702284106
521,0.3678785777810961,0.36082237408134255,0.342148072605436,0.3939811994274312,0.3960150207352907,0.38627254156617463,0.3821150884533936,0.3519792631184918,0.4094977068350663,0.5084858763817595,0.3502202133036672,0.35491144688709275,0.4528817356355347,0.44543190466600113,0.1581747615054613,0.35748672055861314,0.3961035277240297,0.40367380801058167,0.4190900414464527,0.34876937029937655,0.300702123763445,0.43626208722678816,0.37672770541240164,0.3791524934453224,0.3243359855310579,0.3367203611647848,0.42724319515387954,0.340149740472142,0.28535509754527183
522,0.6745375639564511,0.3496202264796989,0.5492167167191739,0.7496495879230203,0.5822967729934546,0.6509389433233623,0.7336319320981041,0.6399145423935056,0.5112172136998375,0.6138761419256121,0.7454486900364257,0.6764045730860766,0.6859541071095906,0.7424705713716947,0.6623749967634412,0.6745418196942641,0.5710357312496266,0.5554322197973633,0.5046950727013836,0.4258385075435475,0.5504483931325107,0.6702875863831943,0.6838964234982812,0.5348455616332105,0.6186140412598585,0.7142939396237141,0.6351180371672067,0.6959870886925525,0.5026527354355322
523,0.3642529559549286,0.5099761129589843,0.5091240130111919,0.5422010572291255,0.5032963514045369,0.39897963165253925,0.3537513819446605,0.4349557183393491,0.4737512047646768,0.48214524135399583,0.4451104060002404,0.44016025249190044,0.4627279357127257,0.5047312574522715,0.4812172301522311,0.43494867014966543,0.29818615637305795,0.5666827770840456,0.6113872430579189,0.5062094252319299,0.4119187809087822,0.35357428842328736,0.4338249452547238,0.35149355603053384,0.51225307800691,0.44136630895438156,0.47659867830670816,0.41956048872579593,0.42711321020804044
524,0.4477007933300506,0.3586790848244384,0.30329209509128147,0.3181507203382723,0.2615049007863397,0.38493233977863694,0.3984863979137472,0.30538431941241606,0.29839178433086266,0.36000609247616283,0.4472482112980062,0.3347375885246322,0.2572290390517327,0.35430256333297794,0.36772093300452263,0.3151186827485984,0.3397875246586088,0.2796399648946149,0.4079099083487763,0.35034913825187464,0.3896270363150525,0.47304262012284476,0.4144318978202863,0.2888708910850002,0.43127461519029636,0.4295609584458978,0.3227273734442894,0.44079078137729494,0.298556827770981
525,0.36513473578749905,0.09022790864302704,0.19660246088159325,0.0015602067101953795,0.48525033620933844,0.8318686839321513,0.4855963175529391,0.6406041219764684,0.6674230568985442,0.9296326437700884,0.127070412451133,0.8505409674066187,0.3735044110340539,0.23732254392773172,0.41843942790968397,0.1800912638467138,0.7807480203638166,0.394333765326056,0.6817032545592593,0.9515935542951324,0.3582645123709029,0.5779029599747754,0.9280101348636507,0.8847211119567259,0.315858239362186,0.07060223029399987,0.27140410751224253,0.03461312230757266,0.16323809500797792
526,0.4313684465823298,0.3509962601464568,0.42627754637855,0.42365986250252036,0.47936701905543705,0.4635387915684396,0.3420520501916668,0.4417517714656236,0.35328476536790837,0.35833168447575153,0.45558683368752395,0.3496312997657907,0.3838237818210864,0.5401530721838982,0.4549859941374488,0.4684854263493218,0.4313754818246684,0.4474760642812907,0.46634254956848803,0.3632734386153672,0.4405601408546809,0.525829536346692,0.3742256336945085,0.3996562101399125,0.3884581688299088,0.4554164203094129,0.27936222891057816,0.3887335185426049,0.4333779680714278
527,0.7120490505685824,0.46538993502827924,0.660103333483773,0.35124238659600254,0.5197425681950537,0.42713615914756164,0.47335996880713727,0.5006702363321017,0.5281360819670665,0.48238254215654497,0.5665072577611726,0.5296430681364656,0.38632625749075167,0.45913168808530175,0.5118055698638041,0.563897122932414,0.41335327421647416,0.5649939919713887,0.538951744350753,0.3940630852096008,0.3772534972563357,0.5810992868507395,0.647625654266272,0.48916234843036255,0.5294109827089656,0.48128349671926046,0.5587440631444717,0.5664762694353395,0.44994793957375806
528,0.6248992292161334,0.5154847366951804,0.39860164971763073,0.5296176868763398,0.5496283696352963,0.6285893637355129,0.2554600752400459,0.28571256345886625,0.594760944420351,0.6403805506625254,0.5680611726434979,0.4208942230160959,0.7990332669926283,0.5974360136274941,0.4711075244403013,0.7871779023637462,0.6567206755130562,0.46613556935283507,0.3662358898859952,0.5910667428709929,0.495158931926004,0.8189880788344265,0.4430308943338904,0.710479484905427,0.6138104521543283,0.25588606288186033,0.40805359844149197,0.5653432518899729,0.5739268427609727
529,0.5568298879560515,0.49104885654788666,0.5511600016361806,0.3886226016005193,0.5304573591607948,0.5990570039789306,0.43506810091178105,0.4643011774774867,0.4207452169545497,0.44816094267270323,0.5854345738410042,0.48291059478934406,0.2810998709908913,0.37435579073734776,0.34983041607707144,0.35258084831696085,0.33267635099797976,0.36779257051801467,0.5634593340753128,0.3487482369087323,0.4367648229371426,0.5966410377316178,0.4732926971318446,0.469309281826164,0.3276486836015716,0.5406588431957241,0.4141115483751148,0.422667323481697,0.24257340814499492
530,0.3389408073793211,0.40447367512758703,0.2601962346060865,0.38631424611942017,0.535290879613381,0.4820979639894902,0.2757778351897564,0.3456394621147241,0.5018737305722718,0.3192498155864756,0.43983667015140243,0.5974056135257941,0.3187317023060163,0.34538212616930325,0.4581370236842734,0.29414018045404944,0.3641432310284907,0.5149132385431506,0.6124985780585739,0.4321140750987283,0.2234940700733232,0.4715411898947838,0.33539666100717413,0.34974041936859124,0.3842563284751186,0.34502120796444535,0.5650837551862495,0.36620826460690836,0.3462215428712707
531,0.29926303404404514,0.33404229550653336,0.2034181936695919,0.276805221332586,0.36635306943728496,0.41289881942871937,0.23874170338372258,0.3706184419463035,0.34557821966635405,0.3249272851388987,0.2678541722802253,0.28037064587817573,0.24982526652935225,0.3388871752274913,0.4959737493315227,0.2327089127453987,0.3182609938891448,0.32533499764714796,0.2864289692235234,0.2982730998566684,0.30298591780188494,0.31378492700830923,0.3271280143482081,0.35267064957719635,0.273272076640763,0.32971480513161877,0.30489273922231236,0.26523822614063847,0.31975117053828894
532,0.3934419778093125,0.3602086596034203,0.3466170086971758,0.3609845878902378,0.28628073846420243,0.4746242204957148,0.3368901620800105,0.28056165213738954,0.3662583406320025,0.24607933598296503,0.26649665316503734,0.2822696489035739,0.29485493222871406,0.33471187506702615,0.4490051640611655,0.25970506078202277,0.33436787611748964,0.2620178139000853,0.29601890978274903,0.2978338766011305,0.3874856524446922,0.3338149716078366,0.2640530630087493,0.24085868963702034,0.3754766747756169,0.24842615239676694,0.3371733023143956,0.2700257761555698,0.3318430015669249
533,0.5294614225280623,0.4617886085285637,0.5098477967786008,0.5577295524773015,0.4345496994790065,0.4684066856466973,0.5019482716702265,0.44346719209994023,0.4406255034809496,0.3562495444922441,0.4855119414111306,0.4355235165898723,0.34175646912361374,0.5119555359084734,0.5140211543334338,0.315239043876205,0.5287814317486803,0.4424476592996793,0.5106481948187851,0.5101131171654726,0.3500559137317632,0.42860861274376405,0.4399339792133036,0.38502390912723106,0.514330839421337,0.3435887185512043,0.47106817820455493,0.3807596899812843,0.44945543263528726
534,0.44392683786485226,0.6877338802068258,0.35436545472294917,0.5039614068945815,0.6146542090110659,0.576303102203267,0.6507225424319804,0.5360273119654984,0.5561420567837635,0.5441416678383711,0.5106166386158466,0.5938652006757253,0.5440655917007375,0.37945039194248165,0.6198165113781485,0.4385383304149764,0.37772068115304014,0.5600906705965133,0.5586981613758127,0.6208672603320552,0.5724998765568585,0.5946663315855962,0.592717758970905,0.524328421850918,0.5182892713751219,0.5595753982326911,0.6077575532073155,0.5109680271105446,0.5060690402266709
535,0.40718850797693645,0.38928672720580737,0.49189950375404196,0.5491628472971869,0.4155055972993277,0.43451792473340684,0.38863621021028644,0.3873445018945087,0.40483876421570136,0.424153621657043,0.38995303764828704,0.4041829496086235,0.39784100280476725,0.5245326784660975,0.5368294917216292,0.3542141859821858,0.47395794677489744,0.323813738862288,0.4598923253410113,0.38381671124895655,0.43820127262672876,0.37345665379692955,0.46950977076474204,0.4858749805862842,0.426161397455988,0.42057655415885187,0.2590323773417805,0.3712464913427583,0.29837431435810063
536,0.26396469388619376,0.3576094951299977,0.34848721708865066,0.40964952768247376,0.44804846369013246,0.3704608684025782,0.3786762495397675,0.3966170703699504,0.36050244774165413,0.3889317829238049,0.44520762006215114,0.29991248423068295,0.4657554090899706,0.327605650201594,0.4248855802589312,0.2906940953365146,0.43299015263668644,0.32140836999922073,0.4625761637596947,0.3444456814243126,0.2399140775735557,0.47083021787563906,0.2522703718102077,0.389872434610588,0.405922208194252,0.3012294122670698,0.3842833574747124,0.4870532294123447,0.4563491387733775
537,0.3677947214061953,0.44859955026985937,0.39644085688757147,0.3938915391367133,0.291486243238698,0.44281356296272123,0.4353752911066384,0.38074365098028046,0.4118412355840131,0.35096171026174994,0.43597149662242163,0.35800985920258166,0.35654790565183186,0.5056724978092704,0.5961156869488766,0.40434540639896177,0.3687294053772651,0.4861716379446782,0.5259292003783742,0.28837313831488687,0.5214608829664461,0.45484579009271575,0.5646261391625369,0.45415798016465736,0.48280193819814377,0.3901224196259674,0.5392901428146689,0.4547720198690983,0.4156237199800256
538,0.38319881086489016,0.3913044836135205,0.5014467667342386,0.4169469487589153,0.5724988220373897,0.4311552365683712,0.24044674688779438,0.3153654584763072,0.33485751010880704,0.3436662311080316,0.4269832826629902,0.4358797764092143,0.4646003941719645,0.34293959346347735,0.4085575248613702,0.4203332429546247,0.42514482424567157,0.4104550602060486,0.5570069639449443,0.30327069783133775,0.3356601761712233,0.404253199020214,0.4809028427009456,0.2955821622261879,0.3711422648558998,0.41040117911866075,0.2833242790572995,0.39339727428869664,0.41278478859993684
539,0.33565911016628164,0.3199797123014502,0.3639719210541167,0.32712242224977056,0.4032923102538027,0.5104535190255381,0.34946729870227367,0.3480562816851644,0.3152516826959625,0.4146079212372471,0.4510939106547639,0.3869689818218284,0.2960739281607633,0.45343832171996434,0.5419113906514808,0.3984264331979128,0.30635743086532635,0.32256243924781963,0.3570478779085359,0.2993542091464933,0.4385360439665706,0.3350990954824951,0.41846130754098504,0.30951790778083726,0.29164904512679884,0.32444791955770885,0.267046655442494,0.3386096575206266,0.36250137254957604
540,0.36623445212684963,0.5892643185150428,0.548396227947641,0.8418386812564056,0.3404733271947138,0.35462495128215654,0.5816454577474813,0.36417966940264734,0.11090783506708178,0.7978011558065957,0.11451088313187642,0.6008894829155196,0.4870288403947653,0.5663084060330589,0.48147231391424455,0.30952443523913786,0.422150499799199,0.4148942336150608,0.5612610205554298,0.37108846232214676,0.23881144866613233,0.11440830426600959,0.07268298912192148,0.6285562024531111,0.7666845040059248,0.7931557831382299,0.5120091047185844,0.4902311490227754,0.1121568065267709
541,0.44750282746841724,0.391613336843801,0.4083869450467878,0.3783753167035241,0.4423528038508989,0.4744852621297583,0.4433860939344348,0.32797964788819783,0.45628175122056586,0.37769008409218013,0.34726432352000375,0.37277724067112583,0.32136308493999255,0.45983465215989583,0.47085956579121346,0.3546149875910517,0.4162502323724508,0.4073252555924876,0.34224710891422705,0.3533671200560834,0.4169134183264562,0.3193527149392107,0.30923720210632094,0.3400000510976036,0.3463313092872723,0.3783772583840207,0.39097723576826976,0.4685325121947624,0.4248772663029542
542,0.6774557021513756,0.545904557193092,0.2646312687653741,0.4361771908175566,0.5637831755999557,0.4716213750780455,0.3114828556080154,0.2838160264200433,0.4092604561204085,0.41855750147798015,0.234653974727406,0.4197160476958728,0.4664279231860422,0.6869766602702831,0.3390191955563382,0.4431614375251895,0.5240851284380543,0.5084935514166053,0.5784825321490475,0.2944196966743903,0.3643926113627419,0.44499045579023294,0.28102372567256445,0.34494718457493645,0.66302659608048,0.6118754223581926,0.3501046420985597,0.6320750996515826,0.454646358650283
543,0.3641109434424192,0.6595039165040754,0.3577381986130837,0.4492041521763731,0.2530486039253557,0.4742344958569848,0.5266587079840931,0.5021287672817358,0.6558185781389098,0.6157576890552336,0.6051064801676717,0.5510695960593824,0.6014511365561116,0.5818329211634692,0.654781644510423,0.6581515407623262,0.39550827402031064,0.5249673971617591,0.562643040187184,0.501097806110023,0.6608560274766627,0.3602613790976763,0.3817779706693335,0.36261661776217824,0.6269434186031024,0.4137332295057552,0.5128021289620873,0.4807010925235138,0.3663468689448719
544,0.23578373372877848,0.3026685997169187,0.376704174204871,0.31550892199125335,0.3385344646314097,0.3141488273251649,0.22796437978706077,0.10558863008143382,0.47106228411474144,0.1610034342261974,0.34574048853517125,0.4063853521033585,0.29520057676117906,0.43210025764925736,0.3132191694354359,0.26094701510089857,0.3178381899818414,0.5459297667139892,0.520928998039258,0.3954640981691145,0.3404697615743729,0.4550082964539756,0.48513024302778707,0.5157740322949406,0.2732572102617524,0.3235025415461678,0.35341908170484665,0.12768856262084546,0.4608745214242835
545,0.2489992517929688,0.31023843171455406,0.2874459598355104,0.336542178119496,0.2821782456504406,0.46831765504229456,0.36820131514035676,0.3989763797082292,0.4026684469773079,0.35139290707822196,0.35912585925423063,0.48211262977151187,0.3705597885384843,0.38674062186223657,0.31480349814770586,0.4486682779107106,0.21087392331308571,0.23432372658402206,0.4600553686393457,0.35507426410850856,0.3421948112970461,0.4449549730536181,0.38374729148038683,0.10943870290666659,0.39969278287579085,0.3396106983054919,0.26476604414237587,0.4325803442937093,0.279612200197094
546,0.47270500764997536,0.5217582798005989,0.5553242563885714,0.5306821398443591,0.7367974642932935,0.34062441570843566,0.2578565636884397,0.4585807551643996,0.6264388391700865,0.3727800072726244,0.40761202962966714,0.3996323830202924,0.5230181815546584,0.5132735970476863,0.6567074735233681,0.4929929390195559,0.6727109183997511,0.4264900364502099,0.6035211830356468,0.49399137218546496,0.42011030937582083,0.6501092132909854,0.5384335175014049,0.32823694530501035,0.2529171605321329,0.7135610370879514,0.42047316022766296,0.2787960739796166,0.4983310794973225
547,0.6578171423135913,0.672207607772711,0.31619796456392385,0.6273937501211267,0.5553763522025409,0.6872199225299728,0.5610600342334324,0.7285450992240546,0.36388363193691176,0.5632083016356759,0.6692289060058023,0.39369195497411896,0.6289218590355967,0.7153611770660172,0.6456343916565177,0.6358649139650789,0.4449269046088349,0.5731691456396119,0.5525600348596877,0.530690760935435,0.7776831561276525,0.6507364580818595,0.5938485049226598,0.7635678878138238,0.6848563232366988,0.7197574795048154,0.7174323929271244,0.7186369841660316,0.6565175441472711
548,0.2852792963660657,0.40132683866096613,0.40393644323829603,0.39907477867264574,0.44880191988271695,0.39867113354331185,0.4410694741885527,0.36299159930373043,0.36061572790499047,0.3732199279409483,0.3743475843837367,0.2772261053375063,0.4106283281821944,0.3832415044850676,0.40908963805425835,0.32112695362069116,0.47222344637011476,0.39607234575118605,0.44596694452283675,0.33172409591112856,0.2988735515456188,0.5235957509592813,0.3002357484794666,0.40395201268110975,0.45100385006082233,0.3720874769849606,0.4567924806192614,0.48906881669805524,0.3779535727268221
549,0.33483431833860144,0.6078358370261583,0.1713829481342599,0.397303310855825,0.2645891960039013,0.33304771299328073,0.5544257757028234,0.7743602538285138,0.7748793083677652,0.7678048181658101,0.3686925655105948,0.5251104292113835,0.6481357979924064,0.7100140808472405,0.5988456880054847,0.5842832561158162,0.31690981022636244,0.7582921915282023,0.6787241926631788,0.6530718117664664,0.7596748898616367,0.36459164603522404,0.78628078136797,0.5581762565472206,0.37108026668915384,0.4141635399168058,0.765073091678732,0.16331884799685406,0.3694726144208375
550,0.4516225347665069,0.43373998620941984,0.42171036336588635,0.3903982109640532,0.4708798727806635,0.5015722774810968,0.42443786068293227,0.3858010476993924,0.47019237272281966,0.4449533599901002,0.4432628599502764,0.41494206322703747,0.3972844616869538,0.4777987076378371,0.5073068568780786,0.4000383949169079,0.46623759512119595,0.4411194683905098,0.3732277880800033,0.44288097939089643,0.40337476399241917,0.3377172937648439,0.3008790570685913,0.40744986634179076,0.3744638472609582,0.38918520141576096,0.4283746763014271,0.45723064111138645,0.39480714562420455
551,0.20348982394802573,0.3477105322708473,0.5538987609661213,0.15737773085523718,0.29141492991511464,0.6551590084974825,0.25483604389968256,0.21847552928734648,0.12268811762518726,0.5406642097859437,0.37683172265392056,0.11376523330664207,0.313047657784273,0.44224423237388577,0.49864170753643605,0.19371950254656098,0.39023689402856204,0.36375622043404354,0.05536024829520242,0.30991901082447176,0.49711702489650017,0.2730608071489491,0.5459758575231595,0.15791878016031227,0.21449221042992242,0.33537503738115926,0.46339446667585965,0.38876454864697074,0.19185223327080808
552,0.1796671465883847,0.3937046267772095,0.07742076788853362,0.15583176695509623,0.13188018857803316,0.3907890168657934,0.2810998163537987,0.13390183153430232,0.15672695592224267,0.4083370246218676,0.27789524942349647,0.20696537419887795,0.27826249773852785,0.32760662065956786,0.35841652220703446,0.35483685772381895,0.4552169087360277,0.32430560951547766,0.2811859104314416,0.3061951311407544,0.43212257248282393,0.16897230275424016,0.4707983886437704,0.23198123310404944,0.18079911219230585,0.24687837848585806,0.3729832567369587,0.3138699457626195,0.4069832775143716
553,0.5919786735043646,0.019998096191696194,0.34339318466201446,0.11330350736005065,0.5816840092421436,0.8838128506160234,0.9115517926967743,0.08919762227219646,0.24317239715049205,0.9502263379805859,0.23222822673688964,0.45963270125515865,0.09204730000024228,0.5828553946952106,0.08333056962101816,0.46243080283339405,0.07028871894812917,0.3541658615773252,0.3435665271565478,0.2836639627485938,0.05163123077348591,0.055316950611226566,0.524321382754746,0.000998152647057857,0.07169170171480851,0.642738650707833,0.23647876891817154,0.28132539397968126,0.0309877697589197
554,0.4016539718976159,0.42006217224383574,0.41736560620682145,0.45343860486702586,0.5246403524679084,0.55204155965587,0.3875339737675568,0.4657750465001189,0.5000374680784515,0.41577024532706625,0.5165892111858433,0.5293611125339509,0.35879652889492847,0.3466555326893575,0.5138060768130123,0.4894763582223455,0.5033305146651469,0.36855999177993615,0.3747484824107655,0.4150065162660246,0.3131852573115959,0.3936739604206201,0.34835446456682473,0.43375588886707733,0.45843335306398975,0.4680964542358236,0.4248654631422721,0.47118760605322757,0.3502187668448403
555,0.5205892137504912,0.5038136747235423,0.32559864810121597,0.24739912132290556,0.3465049837162615,0.4695807643367878,0.29707836453123204,0.27509471479776393,0.280068105576288,0.2269394782482873,0.31163586496280454,0.24570526673009896,0.303711384840343,0.3702300454815862,0.12987208927580327,0.2285387312312273,0.13846526394851852,0.2984686779067076,0.406930092713996,0.23253553433721932,0.307020861095217,0.43648268011915325,0.38425600580407143,0.29882654975707534,0.38821796947437653,0.2251089058917962,0.26417808166185097,0.36420415984623633,0.4270779138428931
556,0.31262072950379777,0.34234904942827044,0.42379732039637485,0.4215761409506632,0.45870876059027343,0.477806080802355,0.44827529031950064,0.4091450271099552,0.3601671520457463,0.35949188370433977,0.5267219008125777,0.36710725752607204,0.37856796566797146,0.372723377643573,0.4708548924764325,0.3491178036136249,0.41853657747719486,0.33503826257939284,0.3414086769125411,0.3679891503599753,0.3172964391566786,0.504246692175889,0.35481226977412633,0.5294384939848916,0.36190092852176003,0.3818871396432636,0.37096485911171334,0.47421053889147846,0.4246723049072691
557,0.3967469053014795,0.6479724253175106,0.47441695455488847,0.3989936753467989,0.5367675591456135,0.546849473965934,0.6125957393161097,0.4748749873253605,0.38779056884871393,0.5345417128260542,0.3657309841388676,0.388307738374113,0.41502982991666854,0.38461076891882845,0.6098994970584116,0.5834745045300812,0.38603992152440153,0.4940591867547696,0.4773056634640353,0.5117698877275806,0.4668626970539879,0.5663732621578076,0.33182054825869284,0.5790424325508967,0.5180530253609489,0.4558559607051974,0.44004928444675717,0.49947226396308264,0.2980955013818541
558,0.5025391477163615,0.40686442509200094,0.45706595573322145,0.31943396927984324,0.5501415361857964,0.627322178370065,0.4169640521999717,0.5414236996484115,0.4277844028996715,0.39315729074953143,0.453128874842051,0.4275310239879343,0.37821715400977957,0.5916569222704205,0.5965981185923399,0.5301328590125134,0.4361580467985168,0.5593310794499105,0.4386150246315668,0.49069918601000434,0.40722168088245936,0.41746510983881124,0.6319639681925259,0.44302644476598374,0.48491942938219795,0.4186608171540633,0.4627354102254961,0.5428978849083247,0.44706376309476475
559,0.32952451877303757,0.2943993501415212,0.36693830141260997,0.3474319637762189,0.3389780916027863,0.43115163184677535,0.4370057199356547,0.36084270750249314,0.373962088559964,0.3763572266345548,0.44290431030768246,0.3297807789204476,0.24997894343560476,0.3079816006730624,0.48617288852176954,0.3927894763642723,0.33998313387992657,0.2255965571644359,0.4516409637865406,0.3452272161818311,0.395525197495231,0.3337494908472939,0.4878412187813232,0.22164457551764466,0.34948431645822386,0.40287679429240786,0.36458490619429157,0.41173350003261733,0.3397875660253069
560,0.5302691449104961,0.5355449793077892,0.4475808350255761,0.34548101815929366,0.3464835257919312,0.5491166767880045,0.5065477231409768,0.6176836235097055,0.4763674420414278,0.3844509378112619,0.5991745469666586,0.40548031612518637,0.2939691185888908,0.2919570291820225,0.48108270081225457,0.4220702520865698,0.6689745334874068,0.3919824915107091,0.40093179281815977,0.46333932434835706,0.4178235783241956,0.4942835359942986,0.5213839809508006,0.5036863840570627,0.5345309382322406,0.7008655479921769,0.36469832885381737,0.3190985013462132,0.3813740022402438
561,0.4055106608455726,0.37632856349352517,0.38378437853978525,0.2760501645430899,0.4155585853005528,0.44626394730035823,0.3871579232534626,0.4201170332481012,0.4125698222212972,0.3377644817856506,0.35902564093957606,0.3567558739623251,0.30765678053901324,0.3233852058082962,0.5051006885645747,0.2528889326892061,0.32369364807596873,0.3374918013477676,0.431160544014805,0.395649775516353,0.3636705047722576,0.36375198500562383,0.4811094358923159,0.3921973048251765,0.3269479851369199,0.4308787685422115,0.3459841738028338,0.3400806047560158,0.3469578482967846
562,0.5095707575850353,0.35604776132205473,0.4926600848317047,0.4444118603756281,0.32727279424765393,0.33163305743903654,0.3711197234357059,0.32588267564280393,0.4481797636629444,0.3880143182684773,0.3732121299238902,0.36514192443614596,0.5370083305463083,0.3529531018463889,0.17949585316291855,0.38247935305940167,0.6137832885165768,0.4367346986292825,0.5173070935853108,0.3560766018131846,0.3852882409621405,0.3533737992261915,0.4730494343143544,0.25548387963069275,0.550873441508039,0.36924705337092123,0.4238061940698464,0.43981436011471786,0.4263708234561942
563,0.4600130725573382,0.43483578948157026,0.5261166784872601,0.5479107855765776,0.4599212061295791,0.39386362081198056,0.3899140866776598,0.5233708524980105,0.26267008132045977,0.4058503548233069,0.39015717264131483,0.2536887162183578,0.4993490031805278,0.5536177425614721,0.6530699369640135,0.5374927116093992,0.3064014612411457,0.422366360685157,0.5023243905797592,0.29514484686719195,0.560162440921349,0.5102911540584254,0.5238728989823991,0.5388026244887446,0.5666817266413344,0.47600282893117185,0.2412873184656204,0.3688368384357535,0.4108572024391897
564,0.29267897082035477,0.3099551636105845,0.4324662603400603,0.3479707113805787,0.3763929634034075,0.4590714263183933,0.48104571442046423,0.38036306488968635,0.36645647486284577,0.3725924984991483,0.39579378591894093,0.3108641555869812,0.269706405834751,0.38943654112690723,0.4247702765628025,0.40196394960092424,0.40884414208503456,0.29076913106874597,0.4044098935033071,0.39319523011470076,0.3863793041547075,0.30019635116142956,0.44935896828720157,0.21730686995356963,0.34346354127767836,0.3189314059479989,0.3526227776799655,0.46159568761975844,0.347666713052811
565,0.5532148543649823,0.5296298121140821,0.67448064316311,0.6878977705305147,0.6904696753456456,0.5899194309539094,0.5776100875788097,0.6839333128583847,0.5370425290312211,0.6546562086696992,0.5959495486840182,0.5644374020840702,0.7365161566906153,0.4360213341895611,0.4983558298458817,0.6073991545543715,0.7026678670125954,0.6979608517835139,0.5635194035589068,0.5402048548410479,0.7231875559177439,0.6533765721778181,0.4863201803317337,0.5491512748793351,0.47500902577215226,0.7596911624814299,0.5758354739045857,0.640803636209334,0.6960744563829194
566,0.4222615775082238,0.49115242687802313,0.5068657052912996,0.6150970803205419,0.6215657383192231,0.5458027217224249,0.6498502547848718,0.6249225698556115,0.5973736887091189,0.5529536865294822,0.5100871285372552,0.5539086610580465,0.4965211385080009,0.5139838365971264,0.6079828100639113,0.502865734869021,0.5650184382805025,0.5178335971905815,0.5547685047790166,0.5246002419733268,0.51128633179091,0.5691079954267856,0.4485212796837746,0.5627089878428373,0.566105495559178,0.5602610447343335,0.5867844438964376,0.6687597333333303,0.4505461227342388
567,0.3224556461319752,0.34571585401398647,0.5578424962929089,0.16097849399221392,0.4198503478846226,0.07705212044441494,0.30171988593504934,0.1619137570746672,0.08497499513680026,0.5081187436407124,0.2762202761244855,0.11213253485951931,0.204582471306806,0.5980560920761374,0.34985764586180096,0.3150617455710603,0.07110515867703394,0.32750266398741534,0.045183600209344775,0.4192724097032851,0.10658209125754275,0.5048228467044775,0.427111145212167,0.327393147143948,0.19031276564911606,0.32790237522075116,0.3291614375599786,0.5077573606495449,0.14386366215405716
568,0.3870399713409453,0.4637648561178559,0.511645935520633,0.3080193426063448,0.4725372448554731,0.3786983218958976,0.5989491237612482,0.5566783104911175,0.49827699192093894,0.3312292695689132,0.5681548970158026,0.5216842185645368,0.3710075410878647,0.6903624556946156,0.6594582867816979,0.5739535527065973,0.15011877767685763,0.466183552469416,0.6677362144866478,0.49125203039039883,0.33234851059654785,0.31389941152066275,0.397870597781999,0.10035652285223609,0.6608418975018086,0.2819316631440132,0.2865018786434853,0.5067358213137962,0.5622330965404408
569,0.5051129996831928,0.6624986348430751,0.5306669815278222,0.3037914632527618,0.6563712898816759,0.6075749716353374,0.6309336154459368,0.6052760846812643,0.7039250938104875,0.738079864918361,0.6849316015779747,0.6068105122532181,0.7727398829681968,0.4999850788283877,0.4343234927813772,0.48863485349763675,0.6265501447682321,0.7855241562539432,0.5222311983620879,0.5779030730116509,0.5524302554388016,0.5347178327963666,0.7262285354046181,0.40866089540823486,0.7503068562364607,0.5416590767683765,0.724859566680055,0.6400861995089432,0.5140624227851266
570,0.4327925759264026,0.4079400393394893,0.43724867150490176,0.45539284705637645,0.4645695651128419,0.473282642395043,0.4720287810355198,0.43221688332096475,0.47869090069539655,0.3675120211394417,0.5085733269418095,0.3873671885027041,0.40000957345021493,0.44879423383797235,0.5071557212059543,0.3164752495599786,0.43733783912406604,0.34732057792661025,0.5231543055558026,0.46291885806959254,0.41676714414033206,0.3999008284470361,0.46276113087043197,0.3962853360151644,0.4734063611626039,0.3972533686075838,0.35116193266882645,0.46253013289852013,0.45537705870356904
571,0.4822649927259389,0.5603085869880878,0.6305291224028104,0.56285537592383,0.6270483760836466,0.5365449468678314,0.39018638530234084,0.37896639336413607,0.6811384301729656,0.3743778163267301,0.5954117705995866,0.47514130819468914,0.5168773286183557,0.3643195971992529,0.44071230683467244,0.3100188435064353,0.5918802454711384,0.24990033005824325,0.4217424302490534,0.3664102169177585,0.41867952355767135,0.42318321225948646,0.42634545108876787,0.45927895851076084,0.49216663401888666,0.4506701476195113,0.3321085145006422,0.2974517582149521,0.4141943908939128
572,0.544196715250437,0.4480667032725751,0.524269383182998,0.4152127800998573,0.47921579428840155,0.4875455354468122,0.48524036031619433,0.4506950961412734,0.41814642160208704,0.4789818017776601,0.454772160017576,0.4201255016709738,0.4693770921196127,0.44614214622051396,0.434059411981069,0.4925340498042741,0.48089807618530184,0.48939833716336184,0.47234060574113024,0.40621596193013415,0.5120753989567411,0.504111458090906,0.4925773779151621,0.42207102776636923,0.4426338825167068,0.5064621678111458,0.38163450087996237,0.459220094198755,0.47689207975411646
573,0.17223813376813535,0.22508128144938758,0.5647719306179995,0.7288097320930967,0.24100757479408721,0.3879956213498198,0.5356580779502899,0.39862665261235014,0.44581155258705096,0.25830383580169924,0.8573288391181335,0.49061705632327207,0.36364821477544973,0.3650700472025549,0.37814777667125254,0.4341834070155764,0.41382039244660673,0.37962485114695244,0.16903739282135302,0.3996197875291835,0.35182004679532014,0.20692598704150705,0.7604440766849415,0.7444027551722958,0.16958638285145589,0.30477431857112225,0.4691139852815829,0.2998366282793795,0.5114731532860394
574,0.4648352499726169,0.4156443983332002,0.397949598439798,0.275290192666608,0.4396933284577821,0.5015745843425372,0.420346472725794,0.33939299305936177,0.5248342506595537,0.34353390430889674,0.36197560324734507,0.3637571934166842,0.3416994011506426,0.49078420558356484,0.4644234711245124,0.2974416110256517,0.34939038603247985,0.3823560808973927,0.33478660284439604,0.27674886507805546,0.4416052300147171,0.28847981293098784,0.3271987970917906,0.3037291875648806,0.3249862949049689,0.4108564216274157,0.4437973826686974,0.4652597338128359,0.4433639149042144
575,0.4965919170196639,0.5116131409193873,0.530539565199324,0.48369776614041204,0.40097789019510577,0.41612915505031856,0.4969307136394891,0.3686292961220948,0.43772300733229835,0.4270073499754096,0.47967610819235995,0.4795698087619777,0.3273097046315369,0.48798797605434185,0.5293552578304211,0.31272519004730465,0.503164596262091,0.5012614278570323,0.46853189915751114,0.5183521340334386,0.3978750735485856,0.45974050895557705,0.3808224160966611,0.28958567631163534,0.5366625794327238,0.43211623096501056,0.3425835693653947,0.5039544395224335,0.46576106552967644
576,0.31268907021678005,0.4388304709697794,0.344991250435476,0.18005980521976017,0.3857421762579476,0.20897293123511604,0.13778892060109676,0.3561851881716663,0.2717438027488043,0.5717212331265085,0.38729686590280094,0.21181763817619326,0.21566798106323307,0.49910502925844347,0.4113376392066754,0.4846069317016604,0.2844511674248182,0.3501826495589686,0.3359272481595076,0.37647907364676075,0.4286205351410447,0.6877291260675554,0.552620345768464,0.3897091735102957,0.31682363358105986,0.4861649663739922,0.45614484091074947,0.5503280625412404,0.6302358287827763
577,0.08949332138162029,0.4689594272005452,0.22959409436800557,0.3734117021915008,0.07191417825293236,0.19155320767640996,0.044452147634417516,0.14808838990440032,0.7894473292623724,0.3266430876019841,0.37346017253320407,0.3538986287565879,0.4604448760495698,0.400343071435388,0.1518528524543347,0.48217990723448223,0.3353230150510601,0.34706815194088503,0.11610605373278933,0.06848212154659948,0.10759574074306269,0.06491330397884344,0.7099296937295921,0.3046123194581471,0.16114056683594566,0.03002174517158096,0.6491307714533278,0.23276928727410842,0.04366586875453141
578,0.4209430470641593,0.4048461658188416,0.4189025835434976,0.4036210775678754,0.42655083018967044,0.375581251540488,0.5646387115560051,0.4482285195473675,0.46076275946541634,0.4266405518125958,0.48939560994317616,0.3819391414420557,0.46627364808922844,0.453835919736343,0.3841755388833411,0.38217503010280124,0.46694972177968436,0.35312979256820143,0.5598425208699829,0.43959126005677573,0.4592576834429154,0.5165062485568828,0.44420758211550004,0.5230253245912395,0.424237821935071,0.4035974830928407,0.5426003082787267,0.3543446583496238,0.42697551917287463
579,0.4269427180642942,0.3814499991898881,0.3814598833472563,0.3888183059476485,0.365539559068883,0.42424387634191135,0.4902586551640364,0.4052440206098653,0.37907714792619396,0.45254754287339255,0.3765331945977547,0.4773719706593035,0.42424719685937334,0.4402415855213728,0.5691099228980943,0.3226403529908355,0.36111101194766787,0.4116778881592054,0.48335274948382867,0.43295208136494945,0.4065538591441856,0.40132842957203424,0.49789240015262265,0.367031865349301,0.3660436022804307,0.5201996424067563,0.4903350712729402,0.42777026025862414,0.386569780718458
580,0.3557106176119342,0.4243169596477558,0.40638417215859873,0.27236794258923547,0.4324810025514325,0.4696074600132191,0.40703634920350534,0.36426413688166875,0.3646525733752533,0.4244871591594473,0.48166877124256813,0.38518425873371115,0.3295899414796636,0.4979255265197409,0.40413610539722894,0.3775381938201197,0.39078398810706394,0.27438018532409564,0.3746530203914581,0.3272390196343919,0.4509180962507246,0.4825081485402622,0.42394147112472513,0.36529820890506737,0.389790376401458,0.3452994621365934,0.3964057449799494,0.4659539667918306,0.45802100827786846
581,0.46503049652451695,0.44654714207833884,0.41976823914868616,0.46775626790195896,0.4547580644509266,0.403493627726553,0.4373148019898724,0.47685734784999195,0.47294434964264676,0.4800530436844192,0.4330414478584899,0.4774647032757262,0.5089481248300437,0.4877700741739519,0.44224901637466596,0.42040102852313543,0.43023432658256877,0.502383381999335,0.4608583549269867,0.39915434099363034,0.493381886317732,0.4957153987583734,0.3791780277506625,0.5067052263209869,0.38790374073921,0.3903642574032736,0.5196559985582703,0.5163790083740338,0.45226536116743177
582,0.43398380261955977,0.34989628827062536,0.31827363111987794,0.3313394633394256,0.29324418375055944,0.35719446192733895,0.4302296943769588,0.38674225515078225,0.4490416538196028,0.35991583927153337,0.4569414177557933,0.2598150508426761,0.33662511148636504,0.38810495999243266,0.4463152875264337,0.30557427247041974,0.34931176664944574,0.3168442614221829,0.39344998510110546,0.3827292998181713,0.32701015422568647,0.3308451691783739,0.44903528387993374,0.3424606062388544,0.3735231357291545,0.3657208225807392,0.24823816230214474,0.2960499527252915,0.3653003803070916
583,0.2684860783950931,0.3036826267253616,0.3352537996048171,0.31924448910541114,0.4747720046462605,0.4592309627392723,0.29468891926596746,0.3006501271481303,0.3608760451838029,0.4279820556234785,0.1991962111373172,0.48943288070629776,0.38101777773827616,0.3943200011920897,0.4462299302980537,0.446713802632613,0.35824667056746595,0.38424810726469233,0.41543188761733174,0.3780668026433376,0.41740923110479844,0.5493613170765764,0.5042827762593347,0.2517475379019419,0.23640844233925412,0.49731395380895815,0.3597249661074708,0.5153885332489018,0.2744691676761927
584,0.37320847456952283,0.3250245284390932,0.31821792694023865,0.3120196823702738,0.40674142311122885,0.22823333032430249,0.500572455635118,0.44968812543371256,0.4741875974020193,0.4122075372358151,0.4964053351800022,0.39342835783213986,0.4302958493305672,0.3042400041476818,0.3636893764406545,0.3297257209771801,0.5290635391091819,0.3804369527566856,0.4292582980204594,0.4566665222915976,0.392071536967924,0.36252787478020476,0.297922639299193,0.4974493887637587,0.3088868958489506,0.4660801553764924,0.4631092973549269,0.4265044192171404,0.4469300307424397
585,0.5595856537009309,0.5518875893469093,0.5014991838011305,0.6079094461545573,0.5795000024978225,0.594351139373946,0.46582560243910826,0.5472324833851931,0.5228182023371907,0.6569651450872311,0.6306162055322043,0.5276385948629273,0.5602374272842628,0.5097669958849039,0.560687416535992,0.4760821489088115,0.5777002101349696,0.6048540610399021,0.5290329761621857,0.5068648038915389,0.61970733472643,0.5744375794703578,0.4651755351067782,0.5032481632458458,0.4525996084287867,0.48233331084683667,0.5694874347506966,0.5406764096841469,0.5724242008194851
586,0.5294359805173942,0.6945467184249987,0.5804843821160974,0.6809020181605503,0.6719382288646908,0.7041125006644122,0.679974743477624,0.46712257872342255,0.5904958358276319,0.7221181793863132,0.6827227801429276,0.5639117481987861,0.6075719079489043,0.7478434112431219,0.6591297686871637,0.6788655332977243,0.510827052119787,0.6407118198470075,0.6613537955207903,0.7208595593364845,0.6159059405306121,0.7582787639734007,0.684475541297573,0.6517534931118286,0.6834755449018836,0.568243617188446,0.6112767236551938,0.5820412923206291,0.6471084492881995
587,0.5582244131667093,0.4726563442935889,0.5913634895099196,0.49451399862782,0.46188343180476704,0.4257772415685219,0.38760653528734185,0.4207196473392464,0.48410021543676235,0.515223887372542,0.444263425171168,0.41829022297987484,0.41143011561280224,0.4185330271722189,0.48659010435788214,0.5177075471606264,0.40749629592629977,0.5807347326038916,0.6253638600528484,0.468963348272392,0.48238644934324276,0.4557688089166931,0.512391105196714,0.4633629070129775,0.47511259584667714,0.4786163982683048,0.4590316427149867,0.3717950414452975,0.6001460782895892
588,0.4383832467076899,0.4791234396710085,0.3676216207854709,0.3599125906602818,0.5570544811792527,0.48144353799552553,0.5326735905585707,0.3953947819860732,0.4537634625023953,0.251701993930627,0.3787585351775854,0.41206697131676695,0.37229897919046967,0.5772657540030013,0.5664961429483933,0.5344947237932494,0.44875144711702875,0.5028657344696413,0.3108197209191535,0.44720750811933896,0.3778617404378639,0.4170231846327322,0.39000616045393294,0.3947078707344776,0.449422260019639,0.5019609744363231,0.4403356601925643,0.6093723983746145,0.3708129961036745
589,0.30901348713063076,0.30886198887390676,0.30560135917939296,0.3974988778519504,0.34565651076924847,0.3846974903961135,0.18748096390966673,0.2969799500843819,0.3523744018309913,0.37864464330799186,0.40931971129769523,0.2723321708497778,0.4170991257168809,0.4818784334565348,0.35596470564099236,0.18839919694306345,0.3933406188956751,0.3567653777172988,0.2601060335450301,0.1668324968227272,0.33642496233742103,0.18779509005653675,0.35271641799547016,0.15800465673953645,0.46181123850267436,0.2273281021145841,0.3633093029827924,0.19843329130511347,0.4771269230483652
590,0.6477424668729359,0.5884458241531655,0.44253588508044317,0.6751618850161895,0.5581265959342704,0.6170730207876955,0.4444257656994149,0.4761604625414093,0.6537000811509427,0.3687408647889586,0.47548737690874027,0.6403021108872298,0.6715896138836357,0.36495583028540723,0.5965431630944824,0.6072326804803047,0.5897264242571668,0.652466027811984,0.5284288446366513,0.5834055045136057,0.4936545925978526,0.7005102704242413,0.49061662835483105,0.6666951414761669,0.5419716201273264,0.7245183527324173,0.6837239902607409,0.3569182068844507,0.3740058791137021
591,0.35629208097511805,0.40628585553343144,0.35262697716373276,0.32242277287346216,0.23399489447671998,0.34115738540471435,0.2705489865859759,0.36644788098462067,0.25310240164960796,0.29046950761558227,0.4424596255728841,0.36986237352375567,0.39702435038395234,0.24576052814034027,0.42109738109063455,0.279006878432506,0.22822836941712016,0.32405644244638415,0.3539250621868308,0.30589698129045995,0.39332979284100056,0.29453955915838215,0.31586179460589636,0.336319577966162,0.39866301588389136,0.39162966798212046,0.3599830031525831,0.31893681684240505,0.32295410720946954
592,0.5681451956154038,0.4309234330669097,0.32781127554709444,0.38461595269122867,0.344920093741822,0.3364357246891289,0.42588017401681466,0.23155779727734893,0.4039173480542127,0.32250795241192887,0.27326136785494715,0.40331617328892594,0.4057104834092516,0.29380557954100417,0.4164907332114747,0.4607927267616037,0.19462500574878494,0.26596867999428686,0.37473071155692744,0.20299358183544947,0.29904101460860716,0.2581549348150889,0.22780852784843844,0.23177589784644734,0.67984924193927,0.4053875895783163,0.3450776703231215,0.4223070272751666,0.2438871549206093
593,0.8854947272950279,0.39899838828915135,0.3301296374135519,0.3422739306703085,0.7979975610730283,0.48282509238084304,0.5506143196739419,0.5089595398218237,0.5429021187236278,0.2841490814167469,0.6899013806929593,0.3187753546421255,0.6137041272530623,0.7452698287095968,0.3688387939791511,0.45606830430526346,0.45343073217352486,0.715420156073733,0.16201427503680518,0.5921591872216823,0.6702749404032421,0.7301932915911664,0.5770332944805436,0.6984387655305574,0.6519843530181921,0.20614454657842313,0.5646158003640654,0.40584313969754765,0.6665092130142314
594,0.8860174739455544,0.9997524417916667,0.99262654247766,0.9233371321339078,0.06689865079176707,0.256653651923896,0.9915569005078827,0.9912465636448693,0.911098367701241,0.9672525816185414,0.660016014768238,0.9863308401372511,0.7001407459358062,0.9991325982450464,0.9458380672882761,0.9989564551854424,0.9994947252815417,0.9897011922084633,0.9606524664070774,0.9977415923591212,0.9972699796028259,0.9987181334154348,0.9984400646669883,0.953057703971724,0.962900485011927,0.9994702588787925,0.9944501010582787,0.05761120593154668,0.7633731583013936
595,0.20690087399186816,0.1909761502260878,0.6629881149932878,0.453941304988981,0.5620470594815885,0.20746649323182928,0.3311911554127072,0.6381961475496626,0.6349582248725744,0.6664360522102589,0.5868287980865748,0.8143285991854984,0.1029989885533471,0.254699360408293,0.8382482226434199,0.3132119376725744,0.5270233298535859,0.3611745436590934,0.6549540511405963,0.6438171662733587,0.5642279162524373,0.4851927186376965,0.6511767449084966,0.7047670522949692,0.6397789463868996,0.3891898528123383,0.2680707273835545,0.5560087109258759,0.8083359443222383
596,0.40655655284064035,0.3136265796526207,0.2424509198904233,0.3943543230629059,0.30716570237099083,0.4530970240436979,0.30089927506282027,0.30693214609284913,0.3445548195611944,0.3566291129363569,0.3503688925464567,0.3558695440458001,0.3526469805624509,0.38194996658251756,0.48818324064622104,0.2490952062084586,0.34334200622228367,0.3274254962186336,0.4853089527803667,0.3181836153903745,0.3546173351192284,0.34404149876941825,0.47427026448150356,0.43074710902267604,0.3728072441483109,0.3764629788628103,0.39076230808088686,0.4146508905870347,0.31471978358238206
597,0.372294411797747,0.2618722176820216,0.21726961845951115,0.43598271444632797,0.46663610901557223,0.16609657405779177,0.21302408311212925,0.3108460116463324,0.22480490202375888,0.2071371382338759,0.2579888237908799,0.4646224222714261,0.35764059462403147,0.2691083221812695,0.3696105482457417,0.48565521984211607,0.4425331251212114,0.45407879921141625,0.4274695963386054,0.3342189810749433,0.4487130820035878,0.372544023892677,0.22088738282622286,0.26217966114797936,0.16443567778799448,0.4501608117046447,0.2782219582173114,0.2925903723755156,0.473610873744652
598,0.5674948532210773,0.4322445826142079,0.25585612521609397,0.6064214677263212,0.35958203657180093,0.6876758618489192,0.5375432879906741,0.6200040129095649,0.30969623503742916,0.475999910122836,0.2978735362321776,0.7335248090528128,0.4592141379366628,0.2062941607728448,0.5714487722563107,0.5297548133818795,0.4890511337135703,0.5994562483315847,0.4838335669454209,0.2448247595718599,0.4769260715616977,0.30992556450492675,0.311279344005089,0.714278631661448,0.7130894213015632,0.21909970779445864,0.5298556668350473,0.41011445998740065,0.51762668610447
599,0.36687982278308184,0.3278807095852395,0.3384068727446473,0.2966691512587234,0.40311939695591836,0.441151850159223,0.3656729155326905,0.3758710140464018,0.39652456103082256,0.3620489933841425,0.38282366656655703,0.35925310286777157,0.25681198684548134,0.36831144643580316,0.422241855187349,0.3034367233173801,0.3452808511361773,0.2606336680073153,0.390143405858279,0.3640370044874714,0.39298161470123577,0.36330441326738994,0.4382331142466694,0.3571133662713177,0.3555398252609068,0.3849945018010155,0.32543461051098177,0.3587968028735332,0.40972793477138275
600,0.36654114602379784,0.36312459230137323,0.3432908819849846,0.4152330523542353,0.4212854578885995,0.36702659744946436,0.4800790406779004,0.37698865187657205,0.3754366839286092,0.4220065298738823,0.37849857612044563,0.3231429994223188,0.3363734124637251,0.4070015023744157,0.4435089960611186,0.39501812842302847,0.4242036097166895,0.4065182672226421,0.4706972687242661,0.30341056070002886,0.37840951718328536,0.46850998439425356,0.38225283766501006,0.42258707449170396,0.48309182338571544,0.42376548307800155,0.5400998797486228,0.40458226097104155,0.36699388143619743
601,0.30347009176719075,0.4373259829317874,0.19991300956482433,0.5001725691523042,0.43079299698215545,0.32804872930119444,0.338791328779009,0.4823293321031077,0.45109105598127675,0.2793234931727694,0.5715942206366413,0.572742689350187,0.3944941794809286,0.228609748919783,0.39323736480602683,0.3385611864919437,0.35390340410747184,0.4964461794232227,0.5596036989634131,0.6105674503878482,0.6323249132756007,0.5270465819234463,0.35412253042340824,0.3935529350887009,0.38997242419681505,0.39902142340642993,0.44687067733592833,0.6084792837030613,0.3057363928975899
602,0.43378232604393413,0.37050893728234574,0.4686058320947509,0.5495138373913776,0.4340805876974652,0.3826813473918567,0.3596756088469081,0.49372265626826634,0.37254858770924354,0.4308486615823522,0.4222459574358247,0.35255412228273203,0.46918896268965404,0.47744494064921195,0.5811376681885023,0.42149872843927955,0.4830509329648986,0.29007552831442446,0.48862525584312655,0.3073785185143085,0.3611771793737101,0.4015894288756854,0.48720262160615196,0.5619435789599938,0.407552745595852,0.4062593668008987,0.20925917920811815,0.33437639062038343,0.271201465244779
603,0.5481438974945414,0.49075366022325484,0.3066336933857322,0.40176669534309256,0.31978741067123345,0.5979850198504207,0.2742094115271729,0.49190748691791136,0.43634552151880635,0.3329161285693862,0.5350301647546447,0.5798607593555966,0.47020130760587625,0.563019810398375,0.715547024945805,0.498874580994752,0.3135233557548713,0.6629439574721537,0.38567782070186013,0.5046034454412426,0.3612750566242868,0.5134458821398646,0.74747756370643,0.5436905801816828,0.4531541331913665,0.5615835091852754,0.6274823458106982,0.6053370098557299,0.42087927495062377
604,0.47039544896749264,0.6103979523107063,0.5982038698952188,0.6556644513224298,0.6553679261959137,0.6093394717185144,0.5984309524254374,0.696091950291033,0.5696484188743106,0.7076559607983858,0.6203104501662606,0.7660700916609388,0.6771024326285542,0.6484193295073781,0.5625531994267242,0.6114192546397087,0.7305131239004801,0.695778668131451,0.5429261172072555,0.6187841725215495,0.7257152992770015,0.6527966736621925,0.4525150160005383,0.6252671838121825,0.5974267120027859,0.6732124473231906,0.7166003273855791,0.5606083357377158,0.6375473876025322
605,0.31908595576510845,0.22957882342839983,0.19450307669423975,0.17236026156019377,0.12205653544572162,0.18343172796388454,0.10614690742125595,0.42606367799262146,0.14218272374446594,0.11051223534362276,0.24497847845614817,0.13515061650677446,0.16768936219270633,0.3423813240776686,0.34260625005912626,0.37556628257906993,0.28127695826710625,0.1480345070096561,0.2085799191238746,0.13060690609939518,0.31735414281295116,0.22564414803888366,0.3890056881128986,0.2452630523896019,0.3168295202645797,0.2460978073770797,0.09588121685562555,0.35168143082293896,0.45420052280053347
606,0.4935338330530471,0.4211728858938831,0.5269081251741847,0.41902585458963626,0.5254596017811086,0.5797612855579258,0.4751576602016006,0.42189076957396743,0.43704219156848945,0.48815331727255884,0.4317844572708607,0.35576470884903466,0.4372257615371681,0.5186809627589692,0.48991627296205503,0.44799303313807787,0.49327427879285424,0.4511180102688539,0.4435902414518756,0.39522305208798597,0.4558295886147494,0.5058580170390061,0.4390807675726952,0.3697508145931245,0.4343908669212569,0.5309411709890525,0.42234309984715734,0.5162163159650209,0.4449931203083568
607,0.56991009139577,0.27984497715281864,0.5009838646356864,0.578467254348062,0.433392713055511,0.5564446396214957,0.36930416387429776,0.52179032173521,0.5250912683544534,0.3162473765918481,0.5462865706328843,0.24361920171869494,0.5384961355812204,0.3918948506647332,0.49044008975396464,0.6077243322961595,0.5368768367029423,0.5673094682450212,0.4429223610787591,0.4696310135957046,0.5835334176043203,0.5934589178622399,0.42223616753044135,0.6873322599649834,0.43058567252145036,0.5111742691306705,0.39344938766510146,0.5091286666331588,0.4671953198012633
608,0.6811561388152648,0.3678930973359225,0.18689057020861433,0.5122721488853876,0.3322676396090094,0.8616680268439265,0.6553417347248544,0.5780529397374579,0.6141716002472484,0.5017096565546953,0.2429332788090923,0.7211064155371393,0.8073924010188683,0.6516763400471974,0.9019346489013397,0.5875522596644387,0.771768821939692,0.2603534449919235,0.28410403384002797,0.5915510969664595,0.43808270695919327,0.6316750092204821,0.3173067878762007,0.6010285518628776,0.35219173516663643,0.5119994943186624,0.28662952671029496,0.8292054737051244,0.2564062386572788
609,0.39790022645940926,0.3656559699157684,0.4073781365082453,0.36886524247288244,0.37707448494782136,0.32529328073611474,0.4029945397855455,0.37591918137771757,0.3125894269409233,0.4213854050341311,0.4608183290777034,0.3487562049707413,0.34769022301788893,0.4492348582262909,0.4799233395119072,0.36447005253203646,0.34778311583504773,0.32317518195196926,0.3065948882000622,0.31197061403781084,0.43263414949886797,0.3744771839606041,0.363486768341818,0.4260669103781498,0.40217555436183705,0.4045893421677138,0.37693151742832093,0.3167244627349779,0.35912630284912594
610,0.22177865355294793,0.4030137484195299,0.46177845310924154,0.502286708820382,0.5226244070525321,0.5585914745903159,0.411622126631953,0.47759848201774163,0.6067639294717796,0.4502242992025917,0.4985697992233862,0.3255644986052564,0.41807233673132194,0.49717869654695585,0.5295749513198359,0.32858610846514097,0.3632325728793952,0.3435531330391581,0.32641827323078365,0.48127067660723916,0.48483330314840073,0.5174869038922747,0.3479332743644736,0.4332113986150527,0.4586799126686028,0.4686278735721001,0.5616843957564442,0.360725559314834,0.3548612800940285
611,0.3588324995198897,0.30703923080686063,0.3189015247182783,0.36086362189926097,0.3513343425082491,0.39501784054602596,0.3541788317129594,0.5092222267932666,0.2924018702117617,0.35612318618508676,0.24095033414544378,0.4832673824553113,0.4207811940189877,0.4364831230928489,0.577887215748121,0.39436436370390066,0.3437472999018137,0.37110118835359296,0.3646132106583271,0.3899286913287661,0.3954275409756743,0.41181641189989726,0.5166854254743822,0.31067724632095506,0.24613209094438232,0.4224244244356839,0.4393723236237773,0.472844395293438,0.49852047663190124
612,0.5793368860757871,0.4452893313033042,0.48531821587502544,0.46125673963039177,0.527071876724514,0.37099139537048437,0.574335373934471,0.4686211713843762,0.5340205085648851,0.4135598519241851,0.5125695627985343,0.5228202214229077,0.45637522779833195,0.5385677151220879,0.36837048012339574,0.4641004645517888,0.3701793191178563,0.39826123094295474,0.5319450020019975,0.36971776827775865,0.29603109775039016,0.4753621054168409,0.4049747479285833,0.3715269290933572,0.669211783627307,0.5103751937557537,0.6962814969305998,0.3972449522488657,0.5280282038925308
613,0.2893960757798929,0.16098659517802633,0.25508554524942045,0.7719641890793691,0.09572039059458463,0.6660980635678974,0.2513413572958507,0.4379570989457762,0.6310474291566238,0.5563544070524225,0.19581182746834735,0.22423058902420218,0.567117003473594,0.6474273296065444,0.5968067317396424,0.32162741045252463,0.29363472702218124,0.35057091649186184,0.14924156217261558,0.6696613904168526,0.17699364315427527,0.4633487164886509,0.324044831930169,0.2757635956919627,0.5997139139918467,0.1092112196676271,0.8065660205491479,0.4902444990520404,0.8878560070546696
614,0.32649560689953494,0.33110112376459,0.352982559149094,0.35172371115921724,0.3331346629906701,0.25641493348765904,0.3876591451511923,0.3046665069174854,0.3507832107459333,0.4187142278842679,0.4443080956523858,0.18742025243380653,0.27300782336008944,0.3107005961457286,0.4375847210163454,0.3387704423552627,0.29631833948275665,0.31248314925806253,0.3608187992026175,0.22207573957594,0.3349308635274529,0.2871981605615562,0.34282336374951444,0.3003716411665066,0.37613230780494766,0.3407472189700077,0.2252173918245302,0.2848430054405419,0.5352829495573445
615,0.24705441653054447,0.34208276836596124,0.4528447231064691,0.15607017690270636,0.3436170352837755,0.6543589637674089,0.25705270947026587,0.1278667446156537,0.17202733017826136,0.44975047168671756,0.21170380516198983,0.11189844145382584,0.3468041891018579,0.339976442087841,0.3073314255707864,0.29841258757226075,0.31245216018581345,0.22389319232320629,0.05746683189877581,0.20687137601607206,0.4092284466005045,0.20276945693476084,0.5059410752783216,0.1659870835942143,0.2708631498787318,0.17952085211178975,0.2885538323903722,0.20516042500984724,0.11771890371240605
616,0.5716265319688286,0.5506440904955926,0.4901676188942632,0.6188725257694306,0.42569073936193125,0.4797968492497653,0.5466493628960468,0.49251020348453023,0.5260370113753728,0.44529810097209366,0.5689729450654948,0.47478767429999014,0.49154525070687344,0.5758945467713426,0.5802172228561371,0.48826828228327435,0.47471417917555275,0.4769549601868251,0.5569411448148281,0.4591585465679888,0.6005529420294214,0.4752593751256225,0.5642092684809633,0.5429867932750082,0.5237314181807285,0.5223770455256577,0.5435238569035381,0.5164283461767696,0.5117507359530618
617,0.5549260110455726,0.5657153894945567,0.37659977057324295,0.45510153045247714,0.34626066432255775,0.3962304806724918,0.3514909621265042,0.4851943786059658,0.44003896810443777,0.47350283442498675,0.35122085700540495,0.4010041039133539,0.36424587939377195,0.3281491803235777,0.4599289901707678,0.4879665235949462,0.4263432538147678,0.40596921150705795,0.3820676224519724,0.3749433645512698,0.5181046468734962,0.577125159683804,0.39285638629935693,0.3910270458993993,0.5513794943342392,0.47403813996743205,0.5411209814698007,0.465173206301662,0.3105918577152725
618,0.533838680798618,0.4859725984251419,0.5669508086424225,0.5593942961265197,0.49353716571314055,0.5023066132229846,0.646877727064234,0.5540281195153821,0.5491865987624198,0.6331915584983233,0.46755250500178486,0.4798455800275689,0.5883092497605726,0.5363675694320152,0.5042929024121184,0.3983179909442756,0.5780697597881773,0.5479291695161018,0.6235093211501418,0.47129916726075566,0.5036944299652112,0.6507180537033439,0.61856514675688,0.5030546277153477,0.42171611744269255,0.5719139201223797,0.57696132272724,0.40701148370074863,0.44305399849032073
619,0.7524958213777275,0.41457390729765836,0.7080908018479629,0.6827113764146361,0.224704645806799,0.4681301971941126,0.35557560331029536,0.3966055034804745,0.6764301193602185,0.6042414181559086,0.42547440940750325,0.3330064635572913,0.7043292483571442,0.4383960622806229,0.4873408507858093,0.5021055056188153,0.6663369496575136,0.7383815792584615,0.32316045470965526,0.6426141865986061,0.5421005122921791,0.6584842910351594,0.3717815482999034,0.5694659667887573,0.19038234818890062,0.26461102732132946,0.765540531473628,0.5293797551297723,0.7537583379229866
620,0.34235730785403684,0.33383629509547236,0.22739831720268328,0.2789140689763222,0.2762314099040787,0.4401772503079468,0.3499770533726392,0.23827230603371227,0.36147000845926947,0.31168373868878724,0.30699477179731965,0.2663313936922141,0.323467184174734,0.32749443953979657,0.2672546016461851,0.2271367031620448,0.27123797858240767,0.2762963590436729,0.2392854097526252,0.3163448063941713,0.24027198422681173,0.3396498828171727,0.2850992483333427,0.3173865490839644,0.29121824585625683,0.22126036647463743,0.3507970422484108,0.2355707674062634,0.33831337972910186
621,0.2891345018335585,0.35963851276101144,0.3261577992006118,0.40401042043358415,0.32394391540759687,0.28459784399367605,0.4077267863346401,0.3528250152171911,0.2943079040640259,0.3349248877849195,0.4281490867266133,0.2760644979198578,0.3721522120432357,0.3263218950654001,0.1149382285624879,0.3343418971277533,0.47394946973236446,0.2803335316708383,0.46402201321110004,0.3528501344452142,0.231906500334928,0.4713910147745486,0.3473933285482113,0.37236284733708813,0.3504451187000251,0.28655743212388335,0.41012691692805653,0.33821106333484285,0.24157803220308277
622,0.24921625490072072,0.44201335185232443,0.4101002820776082,0.5136007846552266,0.3776282327451638,0.7033451374222075,0.15027319030296796,0.05118747831688265,0.3863166436328641,0.5392233270400794,0.13510014411230745,0.19286872430397595,0.23597243210459892,0.1109631795525925,0.2786850912794162,0.40452925158942554,0.28966331433696973,0.19483678876940047,0.06828672892110631,0.3666234994480575,0.36639593214715366,0.13699250337273222,0.09208976524634363,0.35131850143740023,0.35232583255544403,0.28950000942236237,0.11485808744610224,0.19356557584489104,0.1843289098557333
623,0.2747599211067796,0.34097473787844307,0.304692085206056,0.3925279480103575,0.3913878534542549,0.3513659668233608,0.37615932509694355,0.3922451731059111,0.3464907518232616,0.3405681915824542,0.41927912222632674,0.29043420201714654,0.435566358619455,0.3429495063636213,0.43198064917559387,0.2979842713819528,0.39570300300921485,0.30794539380879504,0.45337185396467383,0.3028228696151659,0.26599722998933056,0.41808494103055754,0.2676734421376021,0.4132628142720459,0.4257821421706619,0.3119808573946337,0.42627133529029687,0.41088280975737324,0.4244036022497601
624,0.37863120244490456,0.37944399670356427,0.3530366038882581,0.27011098881441037,0.416225341694396,0.4172425546632256,0.3947807476990993,0.3770624832730469,0.3982693956400979,0.3836412183136423,0.3861042472950569,0.39630636973431344,0.30218347867046236,0.3964595512943633,0.47008716807024525,0.2457359453888218,0.3909716236355178,0.3147432638209687,0.4604321745919393,0.3485093174519155,0.44646349065608243,0.3652242068926343,0.45265385215723014,0.3867725856733663,0.33555156494642485,0.34766266420892034,0.3583984188969284,0.3116259059562196,0.4366962916266515
625,0.4582691258957179,0.40187457842291,0.403621857832311,0.4691971457160663,0.3995185460430116,0.4382608409849985,0.4332566523335858,0.36483319224487687,0.4141507300694211,0.4379404836128132,0.4298675074917704,0.4072679832677243,0.4164845232546712,0.5017594791393937,0.4508513553801941,0.3972073119340208,0.3860020424150356,0.44393479933754776,0.45063444605867087,0.33880268393438406,0.37751944951469135,0.4235142710584145,0.35447802365734227,0.4315521463883226,0.39392952700873146,0.43783552799544373,0.5068147432642715,0.4616679727068261,0.36185665299341796
626,0.25481502648275667,0.28160135719510726,0.3847841888359792,0.2574741980385893,0.2553809901343583,0.31734132585896113,0.3243406766537368,0.2716086510805104,0.2686709384361569,0.3357276044465102,0.3870669861312077,0.30709552731834744,0.3716811349460064,0.30354100654755456,0.24737246921867595,0.3920843290248313,0.368840225312479,0.29172548851046604,0.40085328508388657,0.48952673605540653,0.2725272292895306,0.44005998791043105,0.3656896144793136,0.33651960066672654,0.40058309577964807,0.2238616496955834,0.3865575004895397,0.21051752873486904,0.39306024221540764
627,0.4875544658458976,0.5522504755079655,0.43293709951687104,0.3358905449509668,0.27942850798491947,0.49608335732970943,0.45849065581051734,0.39095044340961993,0.5121829673713392,0.47306944314855975,0.5722482589090538,0.5633947805845143,0.22505870031943892,0.3792759681559411,0.24886894815897714,0.45436044875724546,0.2722597595835878,0.44713402432129457,0.30960403952379845,0.2994609312566568,0.43677954330615865,0.39430026096337817,0.30818107548024604,0.3899723313698981,0.5100283295818956,0.43366180663312476,0.46020157585020893,0.6325170768836577,0.3754954054457423
628,0.2994753137452625,0.5259643725038177,0.3743454142708246,0.2816096847904766,0.39536100766281657,0.3621351510107711,0.5157185934915726,0.6815147339141885,0.49087803267311814,0.2811601749764918,0.19905381735099278,0.3660795680752934,0.33574053456498953,0.34664949474005025,0.30529143558789434,0.15385748003627803,0.44070595727200623,0.208269285223202,0.23805624167573705,0.5615730873600863,0.3247101371269739,0.3393150966349843,0.4330754430424869,0.5884885988536154,0.1927281454997587,0.22012473017048553,0.39548069461392,0.35082903977924523,0.3379220234581255
629,0.38653066341451386,0.5477378869289663,0.3139852670098579,0.3421353758401965,0.3084020915827386,0.4047388646402015,0.4975853278073216,0.3666393867087205,0.3275169063486936,0.35322667173697486,0.4381376420756527,0.4592021796958858,0.21745108654814121,0.41804531053971244,0.4486077335146953,0.5194495989398502,0.4475824627286231,0.41116382053810646,0.4363358119641259,0.3806298411740582,0.1638217126975518,0.4227755878830195,0.36853946593055675,0.3066251273853358,0.4746800098077153,0.5113758496380417,0.5177372211593241,0.5292709108956606,0.33091594410438213
630,0.5964271113294534,0.5182764227197937,0.5418154987170852,0.6398331273800552,0.5045845291283603,0.5220558967073415,0.5760754136677423,0.5651124070762432,0.6066359226250754,0.4441073165692883,0.5605678427194191,0.5919417502843415,0.6237571482786838,0.5473843929853921,0.4131336996544496,0.5394201105498797,0.5255126226364889,0.5412307732436946,0.391893245522019,0.5971631987180551,0.5824736704205239,0.6568539417328443,0.3345824534460107,0.4860792125008355,0.6041099362779977,0.6275171649996962,0.5980305817824999,0.6474856314080645,0.43066414793320174
631,0.37704531190024937,0.34707226278707587,0.20131777661862357,0.2578044126612826,0.2938890087463376,0.40772635900637655,0.3574268651576208,0.25844927741070645,0.3784191899941618,0.3280975301691636,0.3053704465699032,0.4096540115863939,0.3548016625017712,0.2950631708955922,0.3873853962381875,0.3253425788000701,0.20730137770512738,0.2592072353331945,0.1878762377278417,0.25066422264208954,0.343257495149212,0.30986027181389747,0.19015444406564092,0.14884660881778075,0.4073982894521447,0.2184615342299281,0.31822493419617487,0.3087982271109565,0.2753381514178626
632,0.4088112821222898,0.4155474432175199,0.4401080478920742,0.5584730684441637,0.4418571161544445,0.39938374567844465,0.5234458753448673,0.4959930329538984,0.524513968137842,0.44559996297040366,0.5110067681530653,0.6712500149701509,0.46548755863098595,0.4920127859519982,0.5607201239629772,0.387644408901063,0.5609637037174525,0.5498516796964994,0.36576284187610847,0.6456457782001426,0.6249535420763869,0.524177399733415,0.5611130709306343,0.53313790356694,0.45761346655319024,0.6419999164101351,0.6262783072235981,0.4007016303704335,0.5431324629381282
633,0.2944383429839369,0.2117317474220374,0.3154189187651447,0.3440303301815074,0.27045714650437425,0.23008001565376876,0.30218709403306737,0.28378065638916594,0.2499169612989235,0.27452858160339977,0.4682733787687151,0.2378339010167526,0.3724576307496803,0.39870801688713287,0.3689325698394188,0.13374966455724469,0.46175999804249757,0.3192916947543229,0.5089677742597998,0.30501964448857183,0.29446879590401537,0.43741251109436374,0.2454780730093889,0.3724986478295862,0.2619783548108782,0.27625252852970283,0.42487142018675417,0.2543517749611434,0.29402601642780674
634,0.3715147683411751,0.1211566106834745,0.8923252204231876,0.40517972761527987,0.869251184958766,0.4484293283749821,0.05319166016865945,0.4640216645272112,0.7299047004552726,0.19083110018164484,0.22033238947951528,0.7801387567939978,0.41714464305674454,0.4299986056221972,0.3646961062356852,0.6052177151178402,0.111648601604496,0.7927761069697593,0.5258968066754325,0.5973921526452323,0.5753958482765155,0.741862013389564,0.18039609319605462,0.1286425500866686,0.43161452985001675,0.9385273820294885,0.38614933672616936,0.7870450464131099,0.6955053184308023
635,0.453726782116679,0.07476827331630227,0.38972547166605404,0.008654932818153315,0.08166975548647679,0.08506156042196099,0.13128385242800206,0.008843240987006755,0.034709337826976175,0.22983544852784304,0.12362428176824095,0.30887830053290083,0.06239252098510181,0.03394922899772011,0.1337929975624386,0.012243103763685046,0.004483883078997121,0.017250581872775953,0.06990932898851875,0.1261340236665256,0.09482451623507297,0.08521443697428546,0.0022518049099012403,0.013825481551863701,0.03756021949583778,0.0719973908283855,0.0751360167622434,0.03226476085093209,0.06002605391038025
636,0.5799228472604332,0.6123702029964077,0.5419566990530119,0.47829673721233346,0.5574451920280575,0.2542360817651291,0.5416944968918728,0.5257512602383517,0.4846480089481176,0.5020531060546136,0.5065052481433021,0.5653295082384472,0.46440434876180303,0.3291023010259807,0.49929571983236465,0.5403680916716724,0.3968021878713381,0.423449329412734,0.5881201259114065,0.48277651272673955,0.5491291482702196,0.5825536487982041,0.4525661217798932,0.32701591567153443,0.3713660239702344,0.5564110612967731,0.6071283867399067,0.5656843321534633,0.48987264698570726
637,0.4260095299757245,0.42883145338219486,0.42336041135447855,0.49139113260765577,0.4391315773542348,0.36270909522659733,0.44067790188905326,0.5067299327414807,0.5961922964892464,0.6180985459445745,0.4145605413364908,0.44061903843489486,0.4886046999005703,0.4270639570940473,0.34111264528051416,0.32779338516947293,0.5411209829844711,0.4823493947913908,0.3955759580887886,0.413205762484739,0.430905898657739,0.5282327159882295,0.5293783459963906,0.6119120901804721,0.48831229038772606,0.3260782047751673,0.41355291667322575,0.3743962089017629,0.37459256933461094
638,0.46179665296430716,0.3771745391097411,0.4135359371848396,0.33742757594676664,0.3768193057965212,0.5269229668859517,0.4709286869129814,0.43442788952900735,0.5031292349363593,0.38443100533483626,0.5081591014730665,0.34528490549562535,0.3130694017989469,0.41292291822290106,0.44257042198178026,0.37321017051993116,0.4161241927967294,0.2654781486447259,0.4155470805899351,0.4384146127127807,0.4058236726173471,0.37954553508929834,0.49159000066455333,0.4096932116066587,0.438780611130014,0.3975929929924021,0.31862069192325665,0.4057257324055662,0.4187940254843531
639,0.42891514546897236,0.2694623286003167,0.36342995118537985,0.3307151265417567,0.518558875563706,0.2446541401583719,0.37421013117615765,0.3848872722837689,0.3519912559936724,0.4792664285407391,0.47601626869737396,0.4602523605938466,0.5898990200538757,0.44276517180481545,0.3184076352244446,0.5199389968091235,0.25999987424104726,0.4703577001232124,0.3980953098554919,0.38544523626746513,0.47874041284135144,0.5576560770726637,0.44873695990558726,0.45201936691330774,0.3076705507562807,0.5499257164429234,0.4532845601868824,0.311287307686579,0.3059699737564801
640,0.19023154856607405,0.43909319529327706,0.45539336904194616,0.3367445127690771,0.28176265461660654,0.2756252365099533,0.44997975229496323,0.3766959364667908,0.3448893234207947,0.3976125321724844,0.4706562719768706,0.35174071224813935,0.4087263607626492,0.4289942192203842,0.5573108773502109,0.24366708217588823,0.3647928019367808,0.267688256720981,0.24248977823906828,0.292243405158422,0.39493714506136635,0.4054661802030368,0.44352197014189415,0.36640370784812676,0.3848196602625355,0.34874160609519733,0.44293568269592193,0.45473764916748605,0.4272083328958467
641,0.14536789638920797,0.5150099746191172,0.31843457688842286,0.20033553530333836,0.40759077794658605,0.4138151259066238,0.5245254878407298,0.35994774021611053,0.5897304549058898,0.19238250479565103,0.4397137113771001,0.20698623024818305,0.3272962164621721,0.6652935803671307,0.13355650512394154,0.15181444279359094,0.30733009844147324,0.5026365401855369,0.3441621996023241,0.37091914056254527,0.43933673897761916,0.4947445070799844,0.18274228710171983,0.46652953833309446,0.23188569116976693,0.24768963187729337,0.4525681471565847,0.16272651931076018,0.4002684221392177
642,0.6809500126358481,0.4754395468594565,0.6464806935091983,0.6382806610625237,0.3550924826133563,0.6574932003530045,0.6737194251978857,0.3844411537179051,0.6940712502397405,0.45211401885217883,0.6122511158908545,0.5317954747741727,0.6169969688096157,0.5981450042116306,0.5598177953493144,0.5226704599190624,0.4169030856756773,0.39999068099468305,0.5089909104042626,0.523701080731531,0.43608704640450796,0.4509616380970112,0.6449320913747898,0.38949483830877407,0.40061267381255516,0.5542759433835869,0.5519616386082544,0.6687406737571363,0.3870555142003509
643,0.45590616612057705,0.5425940247430341,0.5073833045503917,0.4180200225521593,0.28793873156815253,0.44682905685715124,0.4982462961085821,0.45582679400127335,0.23100776806181544,0.22669832517395483,0.5381754631132163,0.5144585644139568,0.21969959399250555,0.4063492226725725,0.41196444008719385,0.16232839623211964,0.29925199869663494,0.29243074710679134,0.4268723702218962,0.11390962509930123,0.44836167669271654,0.32186249767427255,0.3327978336105985,0.4265446480549803,0.4095535531178216,0.5021234166626607,0.3361053613774062,0.38005561596950127,0.19876623672879026
644,0.14993010950567934,0.2000255229594714,0.311166594873044,0.6105011839201815,0.7582855367142022,0.02323618811024444,0.7383488396057776,0.34193832250005884,0.27337298097936813,0.3369200995694627,0.16270769196996335,0.2689675376714564,0.19160140343857,0.13140658234686986,0.5424838910901569,0.5050604187052793,0.5473124074849399,0.12088641131177942,0.3758132385067376,0.37912143273809507,0.3266187786157522,0.16293218245996402,0.1585381583223023,0.5666985240374086,0.21540568676715885,0.5219584364846553,0.24588979611430403,0.4654790120746201,0.19808932233210233
645,0.33407472375687486,0.39690075269116204,0.6014342843719424,0.32875690064589247,0.2008887002521709,0.8679027162220159,0.1951373836979495,0.10228840179131152,0.30117477252799624,0.2574540406486562,0.2989243990344021,0.10521802100932647,0.26772812094141324,0.0976269748840428,0.18899494295500824,0.4142905364338492,0.5875525948106858,0.1507926367718754,0.34181508679504713,0.34292848066804726,0.09810893504591757,0.055683237700241715,0.040996740129288604,0.27995720282642805,0.27239643607686864,0.265147605915735,0.5191701631113439,0.14827917971598562,0.18126025630624806
646,0.3803888904699327,0.3571779647714582,0.5487880534826189,0.601341508138537,0.5490445098831938,0.4749392509495905,0.7381309803277297,0.6201916791316016,0.5137906929053154,0.5704625739639626,0.5393268068718704,0.29525826533317345,0.3211226545020999,0.3592838211906193,0.38989550408540147,0.5970465593802858,0.6522794014244164,0.40667203152720816,0.4164056634150492,0.4010880972984006,0.3158947542638723,0.3825343159938712,0.39756556497908785,0.6096854523910186,0.5291313268478626,0.6109713527556634,0.5155816578711179,0.47358234693573575,0.6931543055872815
647,0.309033523809878,0.20385767953143627,0.2834819414238492,0.2465460948650512,0.39009900359572014,0.5496059924717377,0.2930036732615575,0.43626120482083597,0.3537432118046454,0.414336760426272,0.1281410020279108,0.3035090990245025,0.39369497766036127,0.4691607356746375,0.36961321719464907,0.3442658477778262,0.4992773372805488,0.45210121651445245,0.3485285238975687,0.5590560683016177,0.3626116454137874,0.6436261925568475,0.41323989945304834,0.22209459918056024,0.2859162552187228,0.5258458560562694,0.18795015433729398,0.3086494131175247,0.17415910744892574
648,0.6453387131927035,0.529114382037834,0.8122413303271181,0.7114662718003044,0.703148007953656,0.4959708213230648,0.8122297196471915,0.7513539489198745,0.710367428900502,0.7532114958877925,0.6317108323849959,0.47839538325654457,0.6459818091068456,0.5231222051502016,0.759011704856389,0.5745147945617156,0.760012749378712,0.4590188069338096,0.6506548517920998,0.630988226466801,0.7082297122615552,0.6699259504723958,0.6665368515835274,0.6732470359669546,0.659796918378506,0.6485863989836653,0.48102143321101254,0.5990273037745105,0.6905199859951741
649,0.26418074239807077,0.18409668683283384,0.47054751705714287,0.11588633877910746,0.5042354971102225,0.4628419176417982,0.3962053709124086,0.44958677783158185,0.5026210143644617,0.15727296660841456,0.564876342442354,0.6414682820859827,0.33229996934062384,0.6277616659207207,0.24038880054979989,0.2589272655577503,0.19187623169593668,0.27914122824773724,0.4958958656625789,0.34961854960438693,0.1999075013424963,0.31959575924621003,0.2789501095201848,0.2552356231218818,0.24578508373518843,0.331178281962798,0.38659472532359507,0.2788234820134885,0.4563697805381092
650,0.226512200537739,0.2904646889375984,0.3712812185487316,0.19754185236996624,0.3516741781747761,0.31745085767658954,0.5067834327190575,0.2567008373044418,0.3644019208270708,0.23765677188395362,0.3189325840253867,0.3757794338471325,0.27722252379617224,0.326186305733391,0.34604267179781106,0.3388478696396004,0.451176323691303,0.4732797083220107,0.2445021921347622,0.3582571984308729,0.4804809149327109,0.5021527472610928,0.21782088622742565,0.3826054558476169,0.4935315337145164,0.3378632921799766,0.4484063923387395,0.32815322692102245,0.3223797267606854
651,0.1515587166514682,0.6526021023009199,0.26629614333874824,0.5369370956051995,0.32968745456087506,0.20762646221553302,0.4422284711783308,0.28162816118758516,0.35397628011943855,0.22325634160214028,0.3516887285711507,0.6283469207935547,0.12700623957941906,0.22711317976099057,0.23832491049862176,0.16852376721804513,0.30307158029658676,0.4743862812347467,0.5507928141692744,0.5667396138098842,0.4021078087794501,0.585219122845968,0.8846444713327355,0.5446707078318491,0.18482824081186994,0.5013088989499414,0.3613203291272067,0.3214952664814246,0.5467551900120817
652,0.3167361483706321,0.6802344142179371,0.4984099868860309,0.7791323263129826,0.7497685405508647,0.18262133527942295,0.30617119372072826,0.42075210088621284,0.7373372685828571,0.6204323182187071,0.573016697824415,0.7862302791261638,0.6392871527415774,0.010605392601600705,0.735660341502349,0.3557552849894884,0.10346117720910546,0.8169075328408919,0.4263826615811189,0.06495006725679071,0.02932253774226078,0.06299428693991238,0.31763700824852176,0.6969739452522451,0.49291049207792453,0.12483595816598017,0.1852005935484758,0.6007515709611972,0.3620764200108933
653,0.5238446199446457,0.5025501603363104,0.5781337541523249,0.6130904341254428,0.5391087178012547,0.5626201591355813,0.5959992292570766,0.6138505955080131,0.47517031409068905,0.5350518535314522,0.5657016800767245,0.536011562060838,0.6153458174058213,0.48073929406702076,0.5127396150482117,0.6027681206740523,0.5762029297071192,0.6284948861031185,0.5577636194966247,0.5550000925223318,0.6003633965460663,0.5881120799821629,0.43615091757882385,0.5046976997657615,0.5439033277795873,0.6107560571403545,0.5657431098887941,0.5701643889432059,0.6318319488420766
654,0.343279780946511,0.34300791733241864,0.43381577829395823,0.4091259929540416,0.49732434059921554,0.43054106562384764,0.39484437561887276,0.4906829484958616,0.3431943781228272,0.3611442803817495,0.4469302577354094,0.42635990555363906,0.4836057044451907,0.4520211751372331,0.4717277879417252,0.4503192775636957,0.40861528897768323,0.42835764150395533,0.40512165648120135,0.34560094189229174,0.5162330890094836,0.5221475577175791,0.45044984251188525,0.42993349746743,0.3728801735128989,0.5112675272850444,0.3197317433176484,0.4502290212092405,0.35877364469407724
655,0.2102894531151188,0.37226746051407866,0.21421843169949498,0.3385772920797047,0.4019333639032901,0.348960087804836,0.16029544612793356,0.4029968495837605,0.1478452844620997,0.3995709980519679,0.22884923172157298,0.2989578255292608,0.312829869747118,0.326533716621266,0.2645327961104436,0.29637757934117487,0.10874550971246008,0.3772365788382947,0.18346310795083462,0.3161066759649888,0.36733486232576956,0.4278246139509914,0.2542977747697581,0.49702350531888995,0.4402603185485766,0.4384193062521426,0.4018037597626667,0.12691013272891447,0.5045694661576746
656,0.31012998684417603,0.3142877399431321,0.37759460393154654,0.34856004835459,0.34892876718210314,0.42358959946850416,0.2745361993529151,0.3687720051378545,0.3220782792186871,0.26912660969564317,0.219463825396176,0.27301516265676046,0.3803033208394746,0.36880024297609076,0.45023133416013644,0.19031371314431353,0.4351885426036591,0.3341577031930579,0.301166055620506,0.2704825640691194,0.37336489397278877,0.29338883332995924,0.3119779141495696,0.31437046362342547,0.4708824140447854,0.34440452406498945,0.3505951815638194,0.22602235922040642,0.40927561097119675
657,0.3962363109594119,0.3573268432374797,0.3150050533033765,0.29032723633948576,0.42128944326425183,0.44726422017346273,0.29415404363177633,0.32129189860163604,0.39093282171938215,0.3069084992192566,0.48168407649935063,0.3656220607852845,0.3091431024257426,0.29373984980151924,0.2827012853596599,0.29593406429923624,0.3603462858181809,0.27049592378428533,0.34459116576290516,0.21653738220311017,0.3371795597425429,0.44536501708650517,0.37306548258374594,0.3432464650445951,0.3204025660507166,0.3775617309426341,0.35875440745908094,0.35662903285103087,0.35272266385572504
658,0.42916899391274627,0.3587338065637941,0.27431134478257496,0.4356995072184824,0.2969317316564241,0.4266809484076194,0.3587074130749784,0.2914587857375322,0.3723871454720218,0.38550928595170675,0.389538306363969,0.368620499740788,0.2860676874760711,0.39384454046048645,0.5050828864922942,0.31079281822230154,0.36451335507117044,0.35733410090244394,0.46934774776028126,0.32384948533792624,0.44235541603402845,0.36960113322786114,0.5256390376611119,0.44844254324074106,0.388232403914851,0.40176797792326663,0.40824970675957645,0.4260007253875147,0.3682704725512302
659,0.506301830873874,0.5875859874867521,0.4983072771495864,0.4708967520237787,0.3752882783983456,0.46887792985605675,0.4473741661340108,0.47154804507237763,0.38609200789441794,0.5052447841287075,0.4070120321917716,0.3518249532819744,0.3771329243082099,0.5239698270145042,0.5498316011004567,0.46352886412943806,0.3603860364206083,0.508595574265596,0.49730330063055195,0.34150934034112335,0.506294504861723,0.5844185726800887,0.5428653094917805,0.5113526108597077,0.3724221589772769,0.5039632507851052,0.4813638534912673,0.48647649148620425,0.43270240095118817
660,0.22287845302978598,0.0665072729101876,0.1844705848222341,0.30284833312766035,0.42007008899852194,0.33370624548635947,0.38973586596479937,0.2243341441303448,0.19645044384008276,0.31899791438967456,0.4233112649806363,0.1505059411482597,0.16267931924455012,0.33562129542062036,0.3869549397091188,0.20268341630346248,0.15561118664062257,0.6443710718702743,0.7367683058487268,0.11841735625951678,0.6673926580011976,0.26105685762687264,0.2652096182811578,0.12834548580003963,0.3560860821833199,0.3916476873172388,0.42648147057519326,0.19238826616809793,0.11473804312973362
661,0.457811415832852,0.4593145547833175,0.45656142065103617,0.5179562153592341,0.4463025421403925,0.39517307048054706,0.483643090914236,0.46398403936374416,0.3939889463007897,0.4942471302265479,0.49072088210820625,0.41493200164762795,0.3952933052504333,0.5175534082556004,0.48041753399513515,0.34232839275270327,0.4409425765345186,0.4327938263140175,0.39354277765207085,0.4530089709980985,0.4489709420812114,0.37691543589514265,0.38924357156384476,0.4585163356972117,0.45938502998950126,0.4059598036209426,0.4510312860924998,0.4236032671385362,0.4580184029638519
662,0.630728632026513,0.20693411769387457,0.5152704080253165,0.7704445912119587,0.7447774735481825,0.8872763870134964,0.9044681747580741,0.9259632651496983,0.8928708369530324,0.5790931634877912,0.780951127384777,0.4555123050668455,0.8639895594521749,0.7717244103405577,0.7276419779141188,0.8728790206631359,0.9347514901586208,0.8680378346069466,0.6319373077276075,0.7268995839796552,0.9096730854435653,0.8028519845502663,0.7035512617518545,0.7468181676754657,0.401211726060159,0.5110759219201317,0.3468797588709816,0.7215193575378239,0.8026896993602597
663,0.4451812517854043,0.43518567195319363,0.40235120046982376,0.4954537292293617,0.30064724511019963,0.5006188360971017,0.47862238061032286,0.3520342519618649,0.4291055177510051,0.39445302378274366,0.5346593696381675,0.5143273301083046,0.4484572917083209,0.43321027750210855,0.236946339632698,0.4725069879335062,0.46710064821441044,0.39520904847913896,0.4227969563339621,0.44618585861720955,0.30571830108339393,0.5410757645232287,0.35419938295493,0.473568185281262,0.39633455457130495,0.28034864815352956,0.4757339762788536,0.3832507984289991,0.4778485951098371
664,0.4118246364923238,0.507038442464059,0.47115210728037066,0.30036431215407433,0.36050922774896416,0.46588218883622,0.6067719342551233,0.3559870859409741,0.5839720578616758,0.5445083560464565,0.28148526435511123,0.36382927634611,0.382450793456209,0.3652471826431647,0.32655411038433924,0.3548528204265706,0.5637549389059855,0.7036918522719503,0.16474234366981744,0.2469005372331967,0.27309649377209444,0.36922617978240957,0.30294322002288376,0.447418023810417,0.368965191493958,0.1508869975872076,0.42342458597142096,0.32073719722333355,0.23160241817071064
665,0.5375987871780452,0.7330441438187631,0.3499132461757195,0.5099691605943284,0.559352948240849,0.3669486569581415,0.2194765109510224,0.46979515577377173,0.478356634304006,0.30271482451292975,0.3634413541922423,0.5519669185351073,0.5188094025752855,0.49999308686978533,0.5440377704572494,0.6000709786982528,0.3323651724218961,0.3812340408820243,0.4339804639971263,0.4322706912140148,0.3352136849337221,0.40307112188304467,0.44674782819948883,0.379525563708345,0.5906905199067418,0.4789723552710586,0.6401454405462004,0.5703422151970587,0.48430298406528505
666,0.4999524901050457,0.41168030298552194,0.41573132069625574,0.39499826970809687,0.5123552997843783,0.4936821778273579,0.3930771990556311,0.3906314880435198,0.4584705274488684,0.4476395873891033,0.39059134888873015,0.4355050750745703,0.3710642501712845,0.49373700497426026,0.5046868941470887,0.3984438429521547,0.4998047930123436,0.4502850577560168,0.3469508707752844,0.39058165854649424,0.4025870893341277,0.3341839712387185,0.32800856428212444,0.4025020217402441,0.3901433085667425,0.3735571524244735,0.4069774238674592,0.5329471195955987,0.39396085374719564
667,0.27808721646511264,0.28983615248214084,0.22182830364000503,0.24694801752377554,0.3782271208915085,0.39941958174198167,0.42949090394014094,0.32668852591216774,0.2275094395951577,0.3329360038705143,0.5610805757698497,0.13592958759799448,0.23474045413973055,0.23594482355053537,0.3418275021364751,0.4073077923359873,0.17778782929986184,0.24279883235563773,0.32570221801539456,0.2444510441591562,0.2979007037407937,0.2299370934363236,0.36980269316831216,0.32685063139809195,0.36060993335917746,0.24805960644117986,0.16716631996137452,0.23174415380398622,0.2232841123267285
668,0.3847425881773145,0.33420581558728624,0.3300315825158296,0.3790168131496198,0.3430705166433523,0.34494562350233815,0.5466926323171448,0.2856178675845879,0.4226668979999633,0.4173487540375839,0.5002141188683802,0.3221120588391964,0.31929657574182807,0.3899668045452254,0.4271850357406593,0.23789427460200455,0.35873984200515774,0.3881827708420415,0.43726808767516273,0.4586197991084613,0.32392423633187767,0.4641392645325003,0.3747744205766455,0.4370667459393899,0.4379367965090625,0.3339292260648406,0.4238174538822383,0.4647253160769205,0.5051005894546434
669,0.47044218428355167,0.5096942061210941,0.4430768051641288,0.46754278832129326,0.31862635090270086,0.4809307219984002,0.44747279617175995,0.43474438669105336,0.4515627774091859,0.33104728378155096,0.41130629618721887,0.4112705140164127,0.3358277796636183,0.417175482659663,0.5268305666671311,0.3354633394861253,0.3857941006645095,0.40241037748440545,0.4460981841383822,0.3919594936984446,0.30791447021998736,0.43948935552982776,0.4134367788382382,0.333697035491409,0.38872992600775047,0.35341767476384517,0.33484070823682854,0.3873141949547903,0.4367382962219116
670,0.26569294599420157,0.3263448091668657,0.38844373362995394,0.26562954790664656,0.5200564014798258,0.3258896410672911,0.5259982987410297,0.6464187300894955,0.2653428543716984,0.47907849840256767,0.3521797779670499,0.5492370938721383,0.5580527395907833,0.5062492112064703,0.23512570335051558,0.4162582766582724,0.46476649806109555,0.22066470764210666,0.26060457318916047,0.2448191893128924,0.2589065056479915,0.20169549715343893,0.3217340726603086,0.21576885642263757,0.48579263106262893,0.2720335510941493,0.5028606511575962,0.556425927905473,0.12741355978585078
671,0.44162297690485214,0.37872371589348464,0.50467265820765,0.6551100623543088,0.41785744130354247,0.24550435699992026,0.31461919288657547,0.5111085817599078,0.610069380900572,0.43818875425751336,0.49336131336371986,0.44714277379048945,0.491184847271059,0.34292758776044446,0.30364613127061496,0.46669734643811184,0.5326850776829168,0.588101548144008,0.4901165376847077,0.516365922934272,0.6190743457004226,0.4512785998423125,0.6443822110001266,0.33773603137798563,0.41649627577108456,0.7249948504693069,0.5901198746440549,0.3167885453775897,0.3419121588295742
672,0.3648567157964755,0.4994517760834236,0.28515605249283876,0.46116059409292576,0.5355109472215235,0.43814044230218535,0.42944466660344033,0.34702359705465297,0.52017483313624,0.323114166602984,0.3998555767474015,0.32021355605719115,0.343894409200412,0.41033481492120855,0.48868702277512477,0.23776460230409246,0.18268126546318042,0.4649592611213089,0.37730570133347746,0.3037761896622606,0.3571676667679261,0.3823450400636117,0.4767635574412185,0.4234760348064674,0.34719051159063224,0.47268067105287703,0.387800441181421,0.4206367341375116,0.462306632134055
673,0.35420751499841924,0.31434661476451653,0.3918240814892113,0.40988611350454535,0.4095400219724104,0.4549020728755966,0.46636498420529987,0.35153955520100355,0.3886322436991733,0.43870937665434423,0.40652599981108734,0.38066801465346944,0.3665448231226826,0.42631905261079417,0.4850748455416158,0.3777944673112422,0.4532915869331951,0.3966428769300768,0.4489078831235509,0.36042218482591665,0.3705724322853086,0.37075535549308786,0.2854486483626681,0.46004291963951577,0.3839151581359927,0.39109208923509414,0.42204133857993514,0.41596880878792364,0.2674920403140301
674,0.5655939919711529,0.38020852842899544,0.32764744057396233,0.2977804992355495,0.3292667049935843,0.3542575106915833,0.36319552398290206,0.49677499628578997,0.38108368842185564,0.2510592668926399,0.4867524152885176,0.2973042540938409,0.25288186382680183,0.18144405755829449,0.5044336098249312,0.4657423951933069,0.536279667528763,0.5147893377305952,0.5995825302315736,0.49384653639933285,0.29054335954410243,0.459042552113749,0.41250983149197845,0.3155565820985919,0.23691712240460994,0.6559353355784661,0.25280842734481834,0.1795037438341816,0.20372309521487655
675,0.49230397896104955,0.40488712093916396,0.49964219134449217,0.5082749172715645,0.4491832067655035,0.46389238834002583,0.4022977694227409,0.53527943429347,0.44027102835247384,0.4283721232122349,0.4409955038994198,0.4186253884149161,0.4841783752429609,0.4837793852415863,0.47714664050889316,0.4544239214926927,0.5311130435982737,0.5180590089595636,0.44496910582109267,0.4308830768879755,0.4572755946800737,0.5723264718496379,0.37172059463014806,0.5387915641138356,0.5088644564722646,0.39186854922200964,0.4704330805086932,0.5370742030745693,0.403928851925207
676,0.41872019255099163,0.31895358088520404,0.39893284526070694,0.2805616015713237,0.33340066261390533,0.32297741561234955,0.443403902991893,0.3119951248555824,0.42595081100828164,0.2563483875071026,0.4528411843288517,0.37573550097083475,0.40092656544593863,0.31310633558048,0.33806212242504824,0.30863072471850883,0.4557096169791814,0.4595154630999957,0.44329223645009813,0.44757749144261544,0.32834163771609576,0.3740923114613505,0.3099791078525972,0.40431306587906773,0.36819637281285367,0.3190912825186045,0.40923260324184835,0.39863633182831787,0.42586576704145956
677,0.4020695443483871,0.3580858320278645,0.33605545023387,0.5053406398771288,0.25501566948347676,0.3983597897561735,0.45741863805226335,0.3591946746721954,0.34516609608683846,0.27746938465454324,0.46597187306035215,0.47695740173811235,0.3150931524383501,0.6341995214964531,0.24401217201202463,0.49050658750942316,0.39507509280300784,0.3253367726162925,0.43751103333609337,0.1460189326752699,0.49415221365168005,0.2697317115809703,0.5466491234149273,0.4346698468724904,0.449202517325507,0.2517274419384695,0.21340916013391445,0.3205878590908719,0.2785127103646933
678,0.059362671865828394,0.7298205841271009,0.18451076779723713,0.026831019454420065,0.050502334721405556,0.10002268325358149,0.7536435921679313,0.1369157788970806,0.4851658642307813,0.7910759081141229,0.7699842835789198,0.07051216769984962,0.5101917428576102,0.4011263236322163,0.73261712923198,0.5608669137591892,0.7906827436014224,0.18596977584559704,0.8328852135971675,0.6877372002584105,0.4637010198279938,0.9441023749065791,0.016990351718331534,0.1108509992511301,0.3508676626687308,0.5483220187078999,0.1589919670770595,0.24663269211637895,0.3544802153513779
679,0.4531169228449853,0.4017963787970729,0.33104493642066424,0.3745514407064646,0.36980333321110737,0.45897834868326187,0.373058971817179,0.3391996719143557,0.4734044145426843,0.2751527049825639,0.469202461972017,0.4180453841517862,0.22136931046744424,0.45863522766084425,0.42188463876575244,0.3243295597413484,0.3056838817616321,0.3708568317589085,0.42499043340372017,0.43168985641483276,0.2524699204353293,0.31875388642923436,0.4109398219030852,0.5055037094868503,0.41422380369778733,0.35473934568399307,0.3328135835913245,0.3870987417066017,0.39097010588135506
680,0.6498519513595334,0.5481773787990613,0.4103909938036795,0.5436538408561666,0.5241609967708315,0.612327746293661,0.4161367384648422,0.320050031762605,0.4221971945801045,0.4580414924755872,0.4315558332243666,0.43129547176422783,0.40192612473020284,0.5799282108749271,0.514900217880613,0.48000743165027115,0.5319475628982162,0.506610799098278,0.4749117438847218,0.41853546459397273,0.4324514611144255,0.5642742442764059,0.3916752431726174,0.29308540591517307,0.4316688948737834,0.4550730313078305,0.4193762088819326,0.5142947688936214,0.5544737644979516
681,0.5970256867544832,0.5080776042040143,0.63360293899732,0.5090452061503717,0.4423714251290835,0.5201789569358963,0.47123179688379435,0.7017543712290307,0.8565116401308001,0.4174707850889355,0.8347933901010723,0.7557714951769854,0.6204337309161928,0.6877125547893879,0.8041533940813393,0.570905515766634,0.518256729685325,0.8529703816834989,0.7313767975130295,0.6972572280021955,0.7536140515221907,0.3827082717025477,0.7661072587235067,0.5008883155206578,0.636530320274081,0.5400780662317973,0.5999690269662735,0.5186498535140175,0.5418304523620454
682,0.5977099656864446,0.373417722459848,0.3718771495691071,0.45178115075786773,0.4604368358753195,0.4829779046293,0.5139743613350488,0.4518302803943334,0.4174326178778028,0.4934917912891566,0.46512997987552374,0.47349257853467086,0.33818037631371567,0.5079072777798975,0.533224285388483,0.3877217186895831,0.5026821064502129,0.4646737508864685,0.5104038086716575,0.40178074102697486,0.5825458217631365,0.4706946369745699,0.5137886086666438,0.5387735776748332,0.42703904864234166,0.4702241385540196,0.3920476351144173,0.5352988351317033,0.5441859947601173
683,0.37944537476508333,0.5701709511838563,0.5611385959643456,0.45643815504861196,0.4276350916470948,0.39055033926890825,0.5342600904824858,0.3790851500573822,0.5086101424279966,0.257969228967046,0.4281395625169391,0.45502027682103685,0.4144817922413213,0.5405163477154437,0.5290776377347748,0.4363109757265017,0.3794605333178164,0.5371782298207125,0.6887923765720753,0.41724862373932503,0.36207112628674887,0.4131717045655137,0.5749413719539395,0.43808256468708806,0.5702608044103933,0.4551699426595531,0.5540131123344719,0.45348966248801137,0.3792184783127682
684,0.48955055767189815,0.27718484967236356,0.3394027986275691,0.4681891081950744,0.4410294288478405,0.4330004814297744,0.2821794379694058,0.2589854803719697,0.2557347142394235,0.3549001325441886,0.13341643883881266,0.21462180718913193,0.24844150888708108,0.372756926752906,0.5277741287098022,0.3055864663065773,0.28252076607242377,0.38911053103653676,0.21600725579884825,0.11307020843368737,0.25090680794965114,0.3285995822593793,0.26741200482893174,0.28981108537988587,0.35174455896342816,0.22102010540118813,0.4162564141253991,0.23779014492565986,0.2633109235997392
685,0.402186526882057,0.4100335424769297,0.47263379424445434,0.47920901968951335,0.5010672643543825,0.3863685395435012,0.37957436726817306,0.5320302379750294,0.36146488070566424,0.4523220711895753,0.46289090303946573,0.29399412652235324,0.44583758569744764,0.5910200841168758,0.695507289827636,0.43025706843556477,0.33645401000818287,0.43663062969779354,0.5054780313627754,0.3051971351021595,0.5537314315334784,0.547265073177668,0.5180917623280193,0.5569086230906806,0.4740743258029768,0.47143841387003105,0.26132699666399034,0.36696954416068317,0.46757407474332624
686,0.3707973467884277,0.3851736674945287,0.3913017776050926,0.4513049968794764,0.45448766550533987,0.40656363558561237,0.5039416195274244,0.389120209997134,0.43348279471738227,0.4077522989559965,0.42146814258886156,0.4178858783385495,0.3839766509006254,0.4729412272102834,0.2920983216117523,0.38028113308313427,0.3880997365146788,0.36430720099570074,0.4390353054539064,0.3967528974950684,0.42885470302229023,0.5072418744415642,0.3154225809203705,0.4338159296729423,0.4541730849914528,0.5224288433748498,0.5242672149593046,0.3981807971093286,0.44932677581760155
687,0.299760021323412,0.3270570287849422,0.30221097735484487,0.1878375685467423,0.2734748053142942,0.38560969877490386,0.2692912181388984,0.3675023890955351,0.23467087992289998,0.3816502946544991,0.33575768408187595,0.21819300722888058,0.19613502128586963,0.2388328242906478,0.6176019679809489,0.2507499292137371,0.26854801122359406,0.3341160179097653,0.223043563945381,0.26249927871416245,0.38719546648933356,0.2997904466393142,0.37831027331465356,0.25724241121238567,0.17365821313312396,0.3497393479101461,0.29038968252644665,0.16354412092376402,0.274797735612012
688,0.5979229685008339,0.7192890665088278,0.6974033895912989,0.7735468815375783,0.6065883200564153,0.4591299885294323,0.3462004491018005,0.6898245878332068,0.7086611525191552,0.6781871892305932,0.5790018980740151,0.7171694172729232,0.5820772615395168,0.8372081050231165,0.5225849924957188,0.6103767736072208,0.7218723378044909,0.6080796153389746,0.702867838545881,0.7604542554610332,0.6802009432953364,0.5242457386882909,0.5134582373192094,0.46122193262201133,0.8023828724165092,0.8603856641598102,0.6037724806422824,0.5457829922890568,0.6867503296934371
689,0.4493957734853525,0.40236423005587907,0.4574763510777323,0.36775455618023695,0.45664640585430344,0.4604582260738543,0.3976559036471498,0.4775135182447041,0.49324457219352025,0.3476581242270679,0.4467717777284574,0.4042999762847612,0.3867731507852575,0.3681260580962998,0.5076110698806505,0.29228604940372,0.2765372874749511,0.3972881249465327,0.41478922406331536,0.38429107473008284,0.3393194959865685,0.42905641957739576,0.4670901410800245,0.43472545207225605,0.38882052043750187,0.43607172364250196,0.3846263588740217,0.3849266753400055,0.3827461346090786
690,0.6106630878371926,0.3884907152568148,0.5399752204736415,0.49131188003953297,0.6664664095170996,0.5192129175880211,0.494861870837321,0.5585391879901209,0.4588227727715682,0.4883275700357332,0.3983143945557931,0.4323152682719682,0.5688514528912263,0.5589794704629996,0.4703218403975061,0.5422017383850428,0.5863464238383717,0.5109256077778072,0.5165484886242341,0.4813199017635738,0.4029470482761857,0.6454552852429555,0.41690644950280026,0.5503644342272891,0.5286778430461059,0.48373623226374796,0.4656818845860102,0.6046541978022549,0.6122502780814291
691,0.41838497635931243,0.4118440349085828,0.41825657593579374,0.40883679143812496,0.5509156083409765,0.47613703477615504,0.46253582171747015,0.4156172418983272,0.5251682169868968,0.45676797757882387,0.5796678677264239,0.46551349863118135,0.3526192420035394,0.38559015540120667,0.49942263186167285,0.6086076984980086,0.4438230479349884,0.2422889827267268,0.3418409589348215,0.34199524581728613,0.33261030400457003,0.3423568828108335,0.3311555245390988,0.39927437610050587,0.38908050568374375,0.5259248125842392,0.45655036323665527,0.5211279379772285,0.3897167357772939
692,0.5612826943336269,0.39537311731493857,0.49158353072295496,0.46498582197604943,0.49494845501261137,0.5618581338968988,0.5073166931257892,0.3954770296833637,0.4821653185332444,0.47764528923267086,0.38942077113378754,0.3997830172555987,0.389684472472189,0.49440626764463685,0.4769891522568738,0.402093543556376,0.5114334821972284,0.4464292927530267,0.4414197218845287,0.454249579027644,0.45714716346845086,0.5132952066184722,0.42460485494948447,0.31568085108765864,0.4373960214912523,0.4716138735223729,0.4173903555900213,0.4954920351808379,0.45023895412778436
693,0.5167956023756474,0.4152256047076591,0.5026922017362205,0.45066910882906014,0.5197198651939136,0.5418473266834848,0.5265041136540516,0.4965876465992139,0.44733763070981486,0.40600485552055177,0.41714443100508053,0.4593238745544318,0.4162718176565918,0.38611939985194177,0.4410458049153953,0.481161848830494,0.4658073554393643,0.41121585772080177,0.5027615047624556,0.3853166653617973,0.46495456137689,0.3882965439444693,0.41332736786149205,0.3504224442101292,0.44758090311465426,0.42265088022913555,0.3816006919207828,0.42887287918837,0.4219911085563323
694,0.43055451658379756,0.4406085512551626,0.4786231929441208,0.4199939986788453,0.4169748969198125,0.4675185469032846,0.440641651580081,0.3866430061791686,0.5286618039281734,0.4283186686617521,0.3964566520687914,0.41194513258493665,0.46568074918510727,0.39900440499434775,0.4400436824941204,0.36367402907044766,0.38744292197996044,0.4321687788760951,0.36552041499627663,0.39397506738603655,0.41345692707738474,0.3722043307967265,0.43814317006608366,0.43028112235824234,0.39888154653754065,0.3581294672213455,0.44465149287578853,0.4140932928043279,0.41470062017319015
695,0.43094342402059993,0.44183750094011975,0.3480864368579949,0.4111484457476585,0.39611869384491183,0.39503211438615066,0.49045081728678985,0.39407848960510844,0.3096339108203728,0.4315575301684872,0.43147249998845216,0.3438457085376651,0.3417780998426647,0.44082680212170317,0.4817648832279412,0.38539610300432614,0.40473047217163416,0.4571191120839448,0.48284774647414735,0.317556840543807,0.28740477062313524,0.41604248971610563,0.35978637728779167,0.5085011800725547,0.4767604985817112,0.4683893482517409,0.4679502917413588,0.3988382925274248,0.29668955014082066
696,0.5920115778041763,0.46919439196599766,0.5121462118701093,0.5251067848989764,0.5994256475966326,0.5429730350751529,0.4624343824609612,0.49574223746539586,0.5954917120831617,0.5436543705579951,0.600317883454315,0.567352099465765,0.5535924754602002,0.58403248789254,0.6009988849349206,0.5075392114737556,0.5431500908271116,0.5777269436108545,0.554619324916672,0.5622625728678994,0.47512034235516115,0.53172660550638,0.3825517356082518,0.5566266931265607,0.5222226897954594,0.5638112410508526,0.5884445821437346,0.5824778925914482,0.4147765710654901
697,0.4198221391545357,0.4426731670875037,0.40236086437035934,0.4721215120460461,0.46815671387566193,0.47424033456522213,0.5943749958097151,0.42697722769560215,0.40636025376068424,0.5251737461915442,0.5030228974071962,0.4129091864610485,0.4051743092889432,0.44503368992292713,0.46845880820764213,0.46365771667382866,0.43279183079320055,0.42772008922656685,0.458527879629602,0.36432003802162505,0.46866800451432183,0.5427924202384238,0.40775329679189887,0.5625348398582433,0.5152706039821136,0.563513478857646,0.5173841705048385,0.4920662587236783,0.43488487130684217
698,0.061221256617318,0.3065660916085199,0.262887257346282,0.48158014688513084,0.22592502898676936,0.12600123294231327,0.20318233875409902,0.25326852821620105,0.22925491705220943,0.2075384545934227,0.4250776773748258,0.44379709724361466,0.28217681261819816,0.20387760579335118,0.3465735952350661,0.35441423589467985,0.5014080320017554,0.3616215875354715,0.07134753243018217,0.3613067514442544,0.13048125428793625,0.11297299486799754,0.30153423697719295,0.4367933069175439,0.2161001185073481,0.36866900499610006,0.29673565958965975,0.21217714406408572,0.48782227260472427
699,0.38970722091425464,0.39331786483633996,0.34246885711504516,0.3395726546680862,0.3836615562658554,0.45283534809889014,0.3494131928913549,0.36256440322276273,0.422966587409922,0.4352129997233276,0.4866166633454708,0.39838782311650855,0.33923372466816887,0.47251908240173773,0.433390259153594,0.29388165905661173,0.3724470768205957,0.2748921572334293,0.437065562186428,0.2177485092709813,0.551479676261953,0.4423292107068637,0.39877900638613145,0.40795619329086263,0.361911949898489,0.30029056302520296,0.33953534080018927,0.36294311192547757,0.46809779201456286
700,0.3222605788326987,0.3908258284092372,0.38987709600485276,0.4067169586485397,0.33909045658728876,0.3515416320565586,0.5128789096877613,0.30149181282519233,0.30929928929713324,0.24717696532636088,0.3885175469343821,0.21688277846753243,0.3419902759033136,0.5046937017122125,0.28599732748133366,0.2404282630955379,0.22530968811236984,0.3992767841672424,0.4610737637486548,0.27288054999212025,0.30141490418311706,0.3114503843570432,0.29740593380777913,0.39294541870833033,0.3326911819943579,0.32239780222823994,0.4624218826526607,0.17009422181888267,0.48081287252521016
701,0.40122588362804384,0.4065048463577162,0.40053636275158205,0.44643439962216475,0.410967464374724,0.5607245593485095,0.45018324323093933,0.4640925258530612,0.4785876246906388,0.4453751471543123,0.5052615432083281,0.46856707659977326,0.4030579706532118,0.4472074160433397,0.49161944408938196,0.5166352656887222,0.46463817936563645,0.30118658491954114,0.5425125317958227,0.43771719285428085,0.45595435351356034,0.46061278698702995,0.4897306865165937,0.30814256080593777,0.4458591670782167,0.44096712263742294,0.2905068689911082,0.502488482240367,0.41418972934405135
702,0.44635868158114334,0.4078789281861174,0.4399475558083343,0.44589963604112737,0.49989185034149797,0.46764736725989564,0.5061083166533711,0.4066998902109878,0.45870369138121697,0.4348553324796854,0.5138060454204096,0.41279972808600873,0.4074299863149112,0.49707622190056533,0.4791553531589218,0.34646744034567045,0.4434262062050684,0.3185150345763814,0.5012644903378545,0.4517462990188314,0.44596100190815147,0.43450048673770364,0.4515928083207538,0.31439743517229485,0.4703724013524428,0.42228152173569883,0.37667608390458845,0.5046159418908058,0.4461704457548426
703,0.46570799282795927,0.25382218919022764,0.19744014367492627,0.28265561652881666,0.17376667432273651,0.17698050399868112,0.4258199098779123,0.4748764622281222,0.193770736799926,0.18688280063057086,0.49807351058031685,0.32699097044787756,0.5700590095237085,0.17926644112296947,0.3182681698492501,0.4677828574327601,0.1935735934477012,0.38332449000387153,0.28188394974291114,0.4012800972673623,0.49150792802927784,0.49693228216315066,0.35294750628883365,0.5404269091887708,0.28119170319751385,0.26632361827018375,0.5603365424351344,0.3374775462302519,0.35519963394689497
704,0.2349186363494081,0.39380623210252247,0.35168544614331426,0.3396615995410211,0.2727643309895851,0.24768072717521988,0.361151759027801,0.330482745089465,0.37968832669597374,0.3941595539494286,0.4245166439132068,0.18020055758503054,0.27202852162473107,0.2821600657129876,0.5054854043678318,0.3606985986542898,0.3203635553541057,0.2464742848872728,0.40427237445884656,0.22033747410895796,0.29257182768472867,0.20250007507749507,0.3576074891051602,0.3560359929033621,0.3452499036426681,0.2910646140001173,0.20743893378130174,0.19411032884824456,0.3657238799806862
705,0.48033400038617646,0.3541540804714376,0.2975612516988672,0.2226970904280765,0.3917810197512893,0.33287009036714676,0.38251298609973067,0.26643628521376006,0.3676161773128268,0.28131183841947555,0.3215314009051854,0.3926779911873953,0.4112394387495273,0.32003383843246325,0.3853074058481976,0.2419277536650209,0.3478856040576318,0.3030609847859025,0.3284841034073272,0.25032465063002995,0.36752426420097944,0.27753100221021193,0.30241008539119063,0.23529372107053845,0.2924185580680206,0.368337720665891,0.3545505040186451,0.4388815995116507,0.394712163998761
706,0.3410973710651699,0.09200196291533903,0.05900394611241942,0.11836845441018515,0.5988650372818181,0.1630215482007634,0.08188235010326904,0.03422418911351673,0.016418789276265777,0.5414158276019999,0.1820046178492954,0.17481143910709465,0.12324534242085629,0.24235432126377215,0.020530524482550997,0.04546300131208866,0.2312115610293591,0.24218992051160013,0.2637151743913505,0.25995281102431983,0.054964166107147217,0.019498254267984957,0.06463241074635324,0.2382284359085671,0.28650686703569644,0.15620704030165555,0.09034147493662582,0.09784742908385143,0.01616743782394932
707,0.4318277756587419,0.34817801179693997,0.5003451282110553,0.41657099067496994,0.32613591160575744,0.4084057424082574,0.4193796550584178,0.5209348399398114,0.3996369448090999,0.3854625011869116,0.39110531076008404,0.36794888542481774,0.45875143081708675,0.3781172879301938,0.32778958042482104,0.36218800846081745,0.44623093738179653,0.4405835512783075,0.4563923415502406,0.4232010019522115,0.39103042846261177,0.5482854023374203,0.3920704363195718,0.5114117651265315,0.4215116225948377,0.3006489777226979,0.45719983060399405,0.41191723078954595,0.3948133315387245
708,0.4382827984763767,0.3718344074218998,0.2514473900180175,0.23322664508969432,0.5136157893905154,0.26261315690264186,0.21188827341161137,0.30683017518817346,0.23141312524356275,0.30057806174405094,0.6701747526646392,0.6780829728703408,0.317921642263574,0.38042758275524796,0.4452783778251229,0.34229542082727465,0.16219923961118834,0.40430247006695313,0.41314649360054334,0.3777325020385903,0.5385073575117234,0.23462724361410484,0.3151026320176376,0.2871771573360651,0.20449364670027934,0.2497014934414086,0.4089632733931764,0.20122144923448143,0.29005157575664586
709,0.4551199193064236,0.4555270758010251,0.4531139871308347,0.5024585759243058,0.4609619844910624,0.43247341858215316,0.5241820175369218,0.4077541563579812,0.3789192960370439,0.44571797158909127,0.5008452937518456,0.4928525271346325,0.41373713944297985,0.5241881141846246,0.4463805018604585,0.470576484063246,0.40687204040701863,0.5361683141973483,0.49943165352805,0.41453720699988106,0.46150342867731053,0.541410304866136,0.449140196896426,0.4935801172001594,0.5635368985358208,0.4601249818275179,0.6001022135801853,0.5266818029806363,0.49611408710950916
710,0.3406863745649498,0.3696511734442642,0.4162169309856874,0.3606032067643893,0.39749039959885873,0.4206656016146733,0.35925892519247327,0.36664608793517844,0.3563203601393406,0.37884356541485625,0.3472149741796809,0.32802490624274094,0.4028093911500269,0.44797175530210087,0.43221988030566943,0.3392902325444641,0.3725727107067954,0.4037708715695082,0.3685081498612282,0.35776836206778717,0.3827494645439926,0.44781288359244736,0.346123568688445,0.349210018597826,0.36741830903553013,0.462852086025314,0.35643973049770244,0.4262770015338238,0.3608054974176092
711,0.42745188310596566,0.5379120145719983,0.28586968426955045,0.37063443630177445,0.5056576685121991,0.5337633857204481,0.5356797571137552,0.30341189215812986,0.4557535850703092,0.484062222440353,0.37786934632497826,0.36959529495387666,0.376757794730347,0.4337816004951967,0.46736251070783963,0.45494545443936096,0.40036558816491624,0.4477572237326293,0.5657443179495972,0.3850545916963423,0.34451543341584895,0.5616941063012936,0.4613581969727673,0.5212230229686595,0.4080520733826706,0.3908795379795419,0.5446204384177987,0.4436737413512655,0.43637013401781755
712,0.6965243303033297,0.2637875549077998,0.021573130799717913,0.029582993824100106,0.645230479223208,0.10467402238117737,0.10553406586572996,0.08275759168336005,0.47561181444538697,0.033673523231180925,0.13688211334500647,0.18751739888505073,0.11276300861696233,0.08979833497351655,0.1399648864774241,0.5895459269638333,0.44211160579473285,0.48085361307589275,0.31298436721367834,0.20692496725785794,0.2204379578443873,0.17911868949690807,0.3695861723642587,0.056175981722815314,0.1866735582808041,0.14436554147824582,0.3563708283753534,0.38251213939370665,0.32786980034049085
713,0.5086883929467566,0.50316712656767,0.5905110416883697,0.44615154381866967,0.6020175433927076,0.5241950335169002,0.5578133530932945,0.5726174387214628,0.5233848666552784,0.41287044188136385,0.4839006667094307,0.46484536874771143,0.44598805421927606,0.46892540014690326,0.5555340323652198,0.5306136095773292,0.49896831258641544,0.4472605554593863,0.5776054101814043,0.5188046032200676,0.5313154639911086,0.5147794485472612,0.6187808048079428,0.482542345075059,0.4720983451874234,0.5035827361721391,0.4204125016589017,0.5376889096588747,0.5412393147358
714,0.2704581102512405,0.5839784310112255,0.4577271623606249,0.16674675958174645,0.3577242374900491,0.6310468641068454,0.5077650047035307,0.5402745121487442,0.4177798700805792,0.3888127463446306,0.27528880297735686,0.4303960569332989,0.46816067242734205,0.49632329670108594,0.5664327856898884,0.5567130661911592,0.5056196482468687,0.30986461204225146,0.39221511012405547,0.45981342932697755,0.38910530774497487,0.4028060822215711,0.6219101807441243,0.49423183469558796,0.4037383213924065,0.43187591101383044,0.3998685093295786,0.3963752168678467,0.35927246538385904
715,0.6412212478817928,0.675870995966451,0.7231106262048841,0.7155103273870825,0.6707879532988281,0.6572699115434707,0.6238923383290989,0.7414977122687916,0.5993534685359581,0.6939976295095446,0.6573819700936548,0.6053227929794389,0.7661907639343936,0.5271651475652865,0.5224521670480011,0.6332356641497654,0.7166057615861025,0.7341780656361704,0.6336400555664892,0.5901423707113229,0.7913217893539588,0.7321971099265061,0.5770412588257362,0.5820642588568242,0.5717518204057089,0.7855523015539108,0.6001200213663364,0.6268114527951875,0.7762553269798155
716,0.12487370395652532,0.4714043390335587,0.872989255619218,0.4296858887024137,0.4402675536930447,0.43269719765634446,0.6949338827677427,0.5585878260213606,0.5612751873006849,0.4210647215906888,0.6321746762794923,0.5706668463676718,0.5502409728838566,0.15750587177126296,0.5692058706009504,0.5613346125211981,0.19182252602098898,0.049873990534869427,0.1265519229994671,0.28357770450779374,0.4652108091522812,0.7127640441927517,0.8681883895121586,0.2542567090646619,0.4555825965397282,0.5416576599004544,0.2165396534190087,0.6345290621328834,0.14143948257007036
717,0.5060076353143133,0.29856338761624795,0.24966093835513295,0.3112464179617847,0.4398166563271312,0.6403972216956195,0.5301495301242083,0.20820166970302345,0.39940782881098774,0.28658353153011223,0.3379992625381414,0.23016778928353065,0.2580740468949544,0.2648538197491213,0.3306651417230696,0.376727942525832,0.4316401389482057,0.26091034494991405,0.5052699460686807,0.2186630478364533,0.2882021497975381,0.4387094360418059,0.36041258848250807,0.3780042545207306,0.4011435174939599,0.43014333236953084,0.3119337784812049,0.4281300107407289,0.23194329859441173
718,0.4840093090393908,0.38506906654921197,0.4448846400092543,0.4694989497629222,0.4659540811419176,0.487782046975947,0.4306551684345063,0.411993761017948,0.4602138658246819,0.4705128071020135,0.43085876649121874,0.4856026785876361,0.438513425188473,0.5025166518561945,0.49259877128240687,0.42239756973129583,0.5020224030473788,0.4971037618552196,0.38326238978774013,0.4174031421873692,0.3913213737090623,0.42610375370921916,0.329670476619239,0.47230083106460397,0.42965056593530576,0.42181728190507,0.4790753275264398,0.5484447224981391,0.3716136622107552
719,0.3442736931007499,0.37333696057734,0.348168430270854,0.34771063956533416,0.3743455720136635,0.39298482947416014,0.3476818078738124,0.41413520761329226,0.23127347678405355,0.3754088560075237,0.3012620056656984,0.3148677685217508,0.42009704179345086,0.4143864017358968,0.4549961315822232,0.3378338714126893,0.25088023064560316,0.3061728859749682,0.3233224870739942,0.2549351338706185,0.4367804076300473,0.44024848600980837,0.3480156021196575,0.3481608313486733,0.3221725049054818,0.4813700145036345,0.25082277102695466,0.3170216284014958,0.30203424447691934
720,0.4229773123458942,0.6470057642322347,0.48166819452219184,0.46167567445676033,0.46874682399840983,0.4529258988795302,0.5234305512229712,0.3018546848658048,0.42376087740974094,0.4108295701775141,0.44384883507915296,0.47396834905089447,0.419743165008641,0.547240194436298,0.6515491966750565,0.5016220004035974,0.4240771351920705,0.4791725383028878,0.5610185244274366,0.4631246463092139,0.5395848475519527,0.45130423043,0.3939186344494847,0.5026250461980726,0.5337227471347019,0.5233154573173825,0.5518900757189176,0.5195169317414193,0.46581391468970457
721,0.7096713771942793,0.6949743190972668,0.9344703817032328,0.9360358055140112,0.7872670841411952,0.572750514495552,0.8062197492277149,0.851795831199252,0.9655360766236184,0.7635628852123024,0.8944926295809137,0.933484674694193,0.802273210573328,0.22599404180310917,0.8463429054327253,0.7875304203203903,0.6622322529365258,0.8871380242194657,0.5299451772263758,0.9425705947545231,0.8495351287006053,0.8193250564999833,0.8133947671766348,0.5877642307214843,0.8905937031416562,0.9486100500359648,0.7265546113874912,0.9358415784273207,0.9600285774554205
722,0.3613936386059285,0.2647883570796543,0.19597820454532533,0.3749555381925426,0.08631177310909514,0.43957219841065104,0.34913329844627633,0.45679379025301237,0.33634600705027295,0.4406194185444667,0.3450566182040871,0.5590655135366087,0.45311127634582193,0.25638395963876687,0.4297337907029776,0.4175541320787314,0.5709118900384909,0.28261814680109454,0.31731759891428785,0.6485964703788896,0.4268715408115976,0.5251640635063537,0.5928223174546859,0.4218239273385601,0.3397461532132861,0.3315458421859584,0.53409368703286,0.5636896957769645,0.2531230515271674
723,0.5556850586717894,0.4873812036185983,0.3648409425593146,0.45980913783264815,0.5156177413260414,0.48903647661466376,0.33639052619969595,0.30743470417855884,0.5121638228111591,0.4392263658473858,0.501682580918174,0.4725502205826151,0.5164075470331451,0.45846686394124897,0.5226947548350395,0.4582123194280034,0.48614794387089877,0.5169213142868361,0.4042842657480764,0.4371746697413839,0.37111866622888434,0.35146142941262076,0.331794684435061,0.5435987054593427,0.4243987416255974,0.4154448986518267,0.5222804572965585,0.47920832732905455,0.3186478371484358
724,0.572279876547081,0.6741149449380746,0.5429081059681001,0.4263535506188689,0.4409906155904088,0.4287574811969634,0.5175176455428718,0.5441338104241056,0.3183617275232341,0.6560617663020276,0.4937456045719747,0.4059707745260626,0.5277321105663556,0.4559638784414478,0.5759713137080742,0.46966926114478036,0.4508213137285631,0.5145226536272117,0.46360964931962784,0.46591037498978255,0.4601029208320951,0.5536464238638026,0.3465009695681227,0.5595635497627436,0.4320710162598996,0.5124530273547756,0.43110338675296633,0.6153837333829114,0.6070509559599121
725,0.46352223754741206,0.549710826117076,0.6925606462812296,0.6406362108791738,0.7618759201487544,0.6509388190849414,0.5347793948588958,0.7039058746898963,0.7723020188737907,0.854124598464893,0.7497013406175143,0.7886331435008367,0.75507577004596,0.7558297976211164,0.7266803182564374,0.72850151926775,0.8968605711001482,0.8378649600008755,0.846341610982028,0.7323995464925335,0.7990426426308194,0.8564103781250183,0.6891902917563764,0.9171939536116988,0.6632172857878085,0.7590423449455194,0.8282786356588939,0.6568086786717968,0.6590318122370441
726,0.17549198312218722,0.5415239492782153,0.5511024428025295,0.34184898512692585,0.6161344030639606,0.2698092829309132,0.28774262159899827,0.3631537744036322,0.46624059920460337,0.15309111711289364,0.315800907493517,0.2883820688719797,0.33580193884846626,0.09849486223840483,0.5050391849453034,0.3027758939849439,0.38275955317040106,0.4395456411914602,0.17938087367326627,0.5310363161619365,0.4852058827476354,0.397347791446146,0.3690763664195189,0.5833405226886987,0.47665000724648715,0.3716070196248696,0.34658013326606035,0.29790614571504836,0.4888140731409365
727,0.46959951042612885,0.4184563163534448,0.41935291313932643,0.4260882141895559,0.36862837114667435,0.4108720611292083,0.5078852103341118,0.4130162443322108,0.38278406225220013,0.4289604802434872,0.5060449117821263,0.42867465444357883,0.3849094062496552,0.5621323121792677,0.48330164564897843,0.3907427179817856,0.4136378074955573,0.4047620450657622,0.4184285593794557,0.3895111869735684,0.47279452012297407,0.42281326356403265,0.5024208132389114,0.43489120378556834,0.45775151771164746,0.46050069317551,0.5075721018797329,0.46524919286853544,0.46907999350366003
728,0.4473780335615311,0.4438153317144708,0.2762028729393083,0.38623695893704374,0.5126813475066553,0.5212353716677628,0.2846247863461208,0.5534155558755885,0.4753983841151377,0.3970680651981464,0.5007693072128144,0.3388233614527432,0.5774878271830423,0.623809237389992,0.5810874215710291,0.38288445615706546,0.36108893775941137,0.519024521085723,0.47056095986105856,0.4516687354660528,0.5272148308631658,0.4181017394093026,0.39170159822760586,0.5441635426129248,0.380689188315115,0.6320133118656692,0.5511815458843837,0.37786758193418685,0.5885616525411005
729,0.12323155801207253,0.23793689980164953,0.0978004863041386,0.5281351882392159,0.3178897234194596,0.05090763435564831,0.36443287969770566,0.04844383707206596,0.3663675333925682,0.04784467163469825,0.04013728287712019,0.10653517452852596,0.3668680223744251,0.16526174843466002,0.037142674472558715,0.1874760367166836,0.18350477575197047,0.3434916452106686,0.190418487087095,0.0405902473213415,0.10668511279402487,0.058850414941183336,0.03662988755207168,0.06279325536449921,0.10539215159300072,0.029029135508775977,0.11890776396309843,0.08345099155577293,0.017308081608947798
730,0.4740717341442885,0.3742859424285221,0.39904094635642895,0.32679194588444305,0.33701095743631887,0.5082299474900206,0.49406593412048566,0.40080953116633145,0.5023411585098152,0.38289303982478917,0.5619101718078083,0.30957668112098014,0.44268366877654386,0.4752659337621607,0.461143948463489,0.47154218762427375,0.2934224867693977,0.38538301692262833,0.5412381299440614,0.4144067399981528,0.4246269170844295,0.3559366775580477,0.5913206687731569,0.1982529954679728,0.4694390794636776,0.4234698412737101,0.3367193968505216,0.3869902410045189,0.3433571000501074
731,0.4081970486475076,0.3430011965025183,0.376091009035291,0.2578298777563569,0.230056679078103,0.4054676675927088,0.2363599463577837,0.29533424871334657,0.2680455944910465,0.3763949163134277,0.3475274092537457,0.39448152909359735,0.42616283765504426,0.299965403604143,0.4201820993771913,0.17306135409840226,0.27263631953120915,0.29218517719634424,0.4591436684099943,0.23828346868824082,0.22431932153241868,0.341605239194591,0.3399349776069294,0.5076126826972748,0.40711960050998014,0.30871234615223575,0.31958253063046765,0.33431829190200374,0.3446741622434435
732,0.3850729004856431,0.24004646521085077,0.5489421081756903,0.27345115012305793,0.38663755749365936,0.21737972856006113,0.2279659688340467,0.343610698468236,0.25749713165293403,0.6681217420003936,0.6833719519172399,0.3908564793267263,0.2620871580121796,0.3980060025009925,0.34285159532450543,0.1581810577046956,0.29679806138932757,0.4059393955720679,0.6192120179467447,0.5027437511702747,0.4398986493915788,0.08591971266115907,0.29684942850072316,0.37951622587262385,0.40345615408914465,0.5044609530369027,0.36654548929593533,0.2926537706345559,0.31404467311192824
733,0.3084160869327446,0.21676837062046864,0.2668847409700821,0.20509675570774372,0.2612104059127271,0.16145256572500866,0.2356862069330085,0.33398617003722614,0.4765477336918404,0.31118415998483584,0.2155162956697334,0.34214297389405524,0.4599174716970081,0.23495231363418406,0.44362146957007864,0.15113897347454044,0.11899883629185748,0.2852271330667941,0.510085995372451,0.29069423967033176,0.2537009065884836,0.20256382147503146,0.42930989656710583,0.39310661579249845,0.288435533145305,0.35525550928426725,0.3641931823659401,0.27234663658133007,0.3200788352319666
734,0.3066841246234814,0.3963891552451562,0.3882384030969969,0.43963488236315607,0.42452859923565234,0.44909564357055004,0.44025254498593636,0.37982520649566204,0.3232656809025718,0.3575285206323478,0.39446803846736667,0.35750235097179933,0.4221803603844367,0.48280666821940393,0.35285022078543465,0.3360412624457145,0.3588688777453936,0.38151838240953073,0.3639760029950104,0.31144041943118905,0.4209167082637645,0.4030097645964072,0.29126002258119027,0.397141557901506,0.3603732834210865,0.4630068244639803,0.4118359044646102,0.36171629577206577,0.39509241617832597
735,0.5020395708918652,0.37548415937560803,0.36580386719497265,0.4929711027259706,0.4680961607561518,0.48258925155430293,0.3975060828368347,0.39515934278008186,0.469937238798781,0.6002825000101829,0.4871281495457996,0.5969584343569886,0.557173891730727,0.38615629526341494,0.5745730743305524,0.6216447479391909,0.2691684473762542,0.3824317579238418,0.7232317582062189,0.3913697398320764,0.45386481870723555,0.3759280967492522,0.4097502119076315,0.447075474004367,0.42387562564306774,0.4362963739867742,0.49610830531452677,0.6680009867331033,0.6146390605934537
736,0.4937651100270486,0.44998444428786916,0.5069964899978096,0.513309079963822,0.5067107511585658,0.5363692249834539,0.5257631570428003,0.5420871673955369,0.4044808026888355,0.5005245222730154,0.478206839614245,0.5347598131982444,0.5669387703471644,0.5203972072462905,0.5870881220413066,0.5134329619873661,0.39323561612758673,0.5099761918568291,0.6234408906578791,0.49992766647297215,0.48031605532077376,0.5455685613140339,0.4404115936629087,0.6204107959201328,0.44024682217493794,0.4303809372945958,0.5884300510035486,0.5346281891128445,0.3728637349401872
737,0.5306857278914328,0.5061712223515629,0.6382858120139626,0.17806455996095366,0.38130297223373544,0.6950380406611049,0.5760444029730574,0.7647499789427429,0.7385770287971856,0.35393127936657176,0.6690308201488638,0.5016088477405443,0.6386902679059374,0.36482336246496744,0.5140804040875357,0.43605093614119705,0.6029870409198235,0.24985919121604377,0.2636074096262189,0.7366283783155969,0.6443886956086121,0.303717262903172,0.6946492436701647,0.6353612952542809,0.5165723187532499,0.4275974907353857,0.551803415851951,0.6546215728236514,0.7578610390177132
738,0.4941803044097349,0.3201878880155826,0.20894070433453082,0.46255724974009516,0.24966627749060313,0.5019043805417043,0.2868426973651016,0.25519423008382885,0.3144794205827608,0.32371279176478057,0.18013709200062103,0.4671755469443081,0.20977054009679208,0.39634073607819714,0.555720171089837,0.2779355977471928,0.3940055300014937,0.3131405500104979,0.5048981289112693,0.2860622816251652,0.3279986913480414,0.49041868370346886,0.32025862975208375,0.17110611244568055,0.4483067975686642,0.427077481304576,0.2508017494453903,0.5356838227505117,0.3853613844383547
739,0.04137465111068795,0.38180134434003016,0.4197341969293004,0.34357988036522613,0.6653181004213978,0.9594422690400553,0.9714523530761819,0.4714290467115546,0.9934322508425674,0.9640040607140351,0.22125370931135788,0.061304527377760515,0.9941645514974923,0.870489770597637,0.7859553750663637,0.9795291847959093,0.9953634882837636,0.4750500250732001,0.0520992773536292,0.3019706929287229,0.02030009043588558,0.22273227174355084,0.8962173560345631,0.7088260902109053,0.9979734853768494,0.9326630354428748,0.9175237097728306,0.9272216246846829,0.18851749180987784
740,0.49402795013023765,0.36582026015734287,0.4524397258863554,0.5075674054691462,0.4719541354088346,0.4110955170960578,0.42699897029194267,0.6691981376196595,0.3862508562499336,0.49070486086491816,0.6061002569976426,0.6270318901338067,0.44123487219123914,0.42064081568007494,0.4769936951341205,0.37444304439532433,0.47564447614690325,0.5606083053255669,0.5333890920805092,0.42353941317115845,0.6425258370070078,0.49710335538347084,0.523674841677688,0.3509035529291287,0.646412951092457,0.5686249615254994,0.4048813560863907,0.5322760162607839,0.5322988945963417
741,0.29776716517450574,0.41347038892055615,0.4019160631989036,0.5075263456972138,0.43374272774744405,0.518909557926532,0.44462012774367093,0.39996734921763544,0.4113324003892077,0.3459489548738067,0.4405462295808562,0.43855194159671845,0.4332385043649901,0.513510663497001,0.3552169757200225,0.4577151576156381,0.419048372454066,0.4046124506270058,0.3483079899494838,0.4552659646838765,0.4158172117645977,0.42188730429958354,0.348652467652689,0.4447613525863248,0.37666150656162034,0.43409585332749967,0.38215998695137715,0.3857890888643307,0.4595112567454715
742,0.4536618986201984,0.4300016838381631,0.25334689154444634,0.5691704400641605,0.22989851884475698,0.37867576073608294,0.3412320629091233,0.40645845292473354,0.3455247625853429,0.3786579807468677,0.2554108288732018,0.5691354539186037,0.1830965137744985,0.48810661913920966,0.5501719385740761,0.25961804206955624,0.3824295757075258,0.3394663452493514,0.5391848498568796,0.518264097997148,0.3572499524465017,0.5758365240837378,0.46989475885028303,0.15520213090317922,0.4061829696109068,0.5866601065636133,0.28874174052701945,0.5347134609820349,0.43487797622324414
743,0.34124955326181733,0.3716952447818,0.44680557579202074,0.35962564357575194,0.45741996026546056,0.3844919566329385,0.4121954642619998,0.3812760379527565,0.4303846837494386,0.36437050298293805,0.38588172091106365,0.4675515436413626,0.4060245186312281,0.45935835877329,0.5087063562436355,0.3199978474196751,0.41979551189847664,0.3493077785074642,0.45716583325768234,0.3814095825310874,0.40344631451831064,0.43152290944942306,0.39364613816037086,0.29878608848072674,0.4106337906758273,0.3707411905270504,0.4111676082776057,0.42831068845895887,0.33987562576078684
744,0.506451744186207,0.48486731109113895,0.5418755124100096,0.5150196610815306,0.4004413076754117,0.478457392107397,0.44366925297026083,0.4777769952441936,0.4828262940973426,0.505293998972987,0.48080952851563324,0.4501024978448853,0.49919184123727944,0.5372346701747821,0.4622556565030489,0.41525173571832846,0.42543767229367613,0.49584407850196843,0.504921345934374,0.4291262626840733,0.45957634108073786,0.4866158723516317,0.4435484809174573,0.4640999141723797,0.4582226861492586,0.4462212717965632,0.4814928737284481,0.5184267285631688,0.48333495474354865
745,0.5031066772821325,0.4563658196033107,0.5690331744496055,0.4441699304962788,0.4436389260637499,0.5421979750384092,0.4016606622435758,0.45531551516538216,0.39904620954023373,0.4190561244054303,0.4643467837687982,0.4330743962793178,0.30592134339833893,0.431173470443595,0.4222704006325367,0.3522990784780702,0.2887604579377692,0.3887656860924391,0.49709746072247246,0.28429604033571537,0.28633324802990223,0.4812027480272961,0.407828717561862,0.42762877497836116,0.32942151132764824,0.5055657980210841,0.3910268499946377,0.4706656194503934,0.27867753981330906
746,0.3678340932884884,0.30971860546511126,0.35588723463588195,0.3422000726977084,0.3017748394487442,0.39109135852756804,0.3146350617896935,0.3078321072386445,0.34203369650787796,0.24668517371715715,0.2639466133779344,0.35644417502992576,0.29491177435574933,0.3421358591991519,0.44767116114005084,0.2979538402164131,0.31021593071701176,0.2931247987112036,0.34669601065757744,0.2054854911431902,0.30040720772474705,0.24447745490432013,0.28985082117460675,0.32992994208682364,0.308102373835585,0.2744222826185163,0.23871163740035167,0.3862469518215965,0.38706221418667713
747,0.5052567916428243,0.6589449810499006,0.5736123545009149,0.5890986303391835,0.550455394530239,0.4603804365597376,0.610309976216348,0.4828830704219079,0.5146314903813151,0.4807577824716259,0.593408018619875,0.588703307795676,0.5248712166451199,0.6813996183883395,0.7640365280965018,0.5542742657008879,0.7317543780191897,0.5901142479074418,0.6067804688517472,0.6069492922596355,0.6681460533655895,0.6442275702366569,0.5874221106680879,0.47678083911363706,0.5721438532846362,0.6908400833280455,0.4714844908993307,0.5540582366626142,0.5806370517857331
748,0.6214548508068609,0.40278092293056766,0.2262788298056838,0.4288315065071128,0.31334623126414873,0.36413791640583987,0.22241729226412715,0.5272589896406252,0.5925876254004483,0.30965888085254045,0.4791472061536385,0.37036504125992803,0.5629032431772166,0.5742022194222554,0.5686476049653253,0.5896281430512502,0.243763522946047,0.29048933090096063,0.5813376130784172,0.40982977176460145,0.09460688973578806,0.3653604894432774,0.6095882841005856,0.5127112706343011,0.5525956621105321,0.5361940056913145,0.6293954427952264,0.394866143804987,0.3815206721059157
749,0.38338846989360675,0.34202115170310193,0.42156280140539254,0.4236070940182062,0.35454848512503706,0.44936151860049683,0.35973238976214994,0.37633038804872326,0.3994570317622696,0.3616128121399106,0.3803187254483461,0.3997244905724034,0.44908650099449315,0.44261572938473726,0.3907260822299713,0.33913462875062966,0.33242704401609874,0.3622240973787171,0.39492529710187213,0.2809382592457382,0.3964384937921441,0.4203442634641615,0.2810192821913891,0.3838244355216667,0.40134068273314394,0.4048536622886621,0.3937078561091053,0.3997278758985685,0.3876410118090837
750,0.44937060955059066,0.3663913149515521,0.7343025321438348,0.3643184966352752,0.1985643573371042,0.15872574035906561,0.15369999878312807,0.1815276646796799,0.0659753942426205,0.6802754867908617,0.6436839273702181,0.17560733301416276,0.39623013257540346,0.5151091688141664,0.24155271691636482,0.5304762453476035,0.3435689121842532,0.29486549922852806,0.05428273352015705,0.36175976895374123,0.21256842702220016,0.5413998209294985,0.5021996870688931,0.5367118568655701,0.20757867504236607,0.547422865986185,0.6513324559552719,0.3311043814627328,0.7039774852332986
751,0.5307963831598205,0.5677846257112746,0.5939725189752301,0.4694479139197234,0.49917762346062466,0.46466560240530264,0.5625334629731341,0.4651072702014496,0.5546033221405419,0.5777811447255825,0.49634646783707015,0.4490853618694531,0.5165412383516138,0.5614869304639931,0.5659433239370336,0.4716926032672162,0.44343787604191626,0.4450774434301821,0.5772478706171338,0.4880801679575856,0.5712191036548383,0.49369207376436053,0.5402224636098746,0.44012473085405873,0.4086734868039042,0.5618031320593075,0.46684116248953467,0.5589427228649634,0.5546808901639991
752,0.2619472818545827,0.34295445096028965,0.3270273216051567,0.33382429601158975,0.3864222393655942,0.2401275012927454,0.4314593562108151,0.2772058518174597,0.1806851105230996,0.23597865718643918,0.34940050402173917,0.12391734571909309,0.2534254139509316,0.4414575759038963,0.3643864966226194,0.27310655067500056,0.2081407102868078,0.3909995139830421,0.3779010726998883,0.21353410504301507,0.21922018995655732,0.24899659357808182,0.27475573682745197,0.4287149018757847,0.2725534804371448,0.4359784152941373,0.5107467605061069,0.1572544660877265,0.35631497329554385
753,0.3006616957855179,0.28739903928098876,0.3733935896303961,0.43074371067186834,0.4014797294298851,0.47106291802917166,0.423972042023684,0.3507812515460668,0.41905704774487923,0.2925004940128713,0.45486742128284785,0.4412295289469794,0.4088894817618248,0.4271551062720588,0.42708904087393046,0.42454819193248733,0.42991220536746155,0.3946380535901804,0.39836902221514187,0.4458688371086825,0.36275721167233327,0.4599965461735694,0.37810781877775707,0.49341377902416733,0.40238730514280696,0.29838137033198225,0.3549156675385642,0.4112136385188365,0.44451858103782566
754,0.5129590999439012,0.3278499251044319,0.4425899009415724,0.31520919899084243,0.3515045198509769,0.2983713494020368,0.3880790753549898,0.2547019615450625,0.4246674989120923,0.4486045976020869,0.42748771362047777,0.40432033132341877,0.541619962586606,0.35478596096987697,0.526564226838109,0.1727951328050536,0.39362034318645556,0.32004763552373905,0.48692374232416213,0.3562347867595046,0.3254580610334047,0.4879613222106184,0.43240563356556727,0.5550867901091862,0.4383816123439815,0.3864488414683675,0.4143997760285015,0.23073718592685755,0.2242136078761449
755,0.533970828487272,0.6052262375124184,0.6316297443022925,0.6261284345746048,0.7437077862137754,0.6273503884901941,0.7271530627945002,0.681982441228283,0.7059995437336807,0.69425768001268,0.5819153745864929,0.5685837572585559,0.49262544244870266,0.6070094647791171,0.7640077077924038,0.6624918419556121,0.6949294588645311,0.7291356359835023,0.7309566667772641,0.6562146353484305,0.5846412530374042,0.6163002699774531,0.5755030200633349,0.6625839943372652,0.812265968105718,0.6251858231037065,0.6599936895236381,0.53172471632179,0.5721020536245907
756,0.682100534239819,0.6138846197849123,0.5588357862655401,0.2590319107278181,0.25882438132356655,0.2913626528544636,0.23461954733361157,0.38563966047007203,0.20922989249137963,0.609682604639326,0.37951146772336525,0.6550197501591138,0.31279462037719974,0.2612346227672425,0.5415461816223016,0.6981103705264403,0.4428807646069294,0.6451532019651789,0.820431253595176,0.5520537630931402,0.622872480312826,0.399898160489034,0.5339437195563358,0.6970788427279121,0.22017836721421286,0.7055420702419669,0.4830496054876405,0.5506035527386578,0.36991506976203525
757,0.3682592824780247,0.3173226055658708,0.5062279204023659,0.5679007390962527,0.38794877090936,0.7301872114826375,0.47623413962217753,0.48510008848309405,0.6004158305997076,0.7291302080079981,0.6598583761750156,0.7130335770657966,0.6206473193664794,0.6258669678622727,0.6498279501675507,0.5318632937597376,0.768816012477423,0.6122425596453882,0.8561613386635114,0.6007034860954461,0.5519709738670985,0.61857181168993,0.45928774763558217,0.7969241869630636,0.47009578467126645,0.7548855574920501,0.6316192996940089,0.6422208217814013,0.4158571144323345
758,0.4261335353635128,0.34128009328355075,0.3543170964189452,0.32991115223863327,0.2873245272573754,0.35166365079856354,0.412165248132047,0.4072284080660365,0.4190514743398389,0.2890154683007845,0.4178808088438405,0.3202642023149061,0.33699746232926425,0.34125015118973534,0.45061458035876084,0.25672784875396637,0.3051947911004689,0.3055314313370139,0.2935482305260971,0.34135272273142725,0.29544917073160176,0.32389865674820345,0.4617592092512376,0.34139676096696475,0.3468490137960162,0.37959736070546185,0.2774047810346576,0.3501789846945855,0.3236950824162978
759,0.5209955003798236,0.3563675164598577,0.46727112889526473,0.4488570799573882,0.35408456619344253,0.3568202048212369,0.3864062631247198,0.4922221379445115,0.3783706949693329,0.2629274294388023,0.4309366411478498,0.42244387230782826,0.39436045374167694,0.2920315410812177,0.3737322455860333,0.3979363011744765,0.46891850670175567,0.44182922912016986,0.4535351233490528,0.43655858077503495,0.4672527093770526,0.5660654836701938,0.37202225186365206,0.39007200250622964,0.46674425812274334,0.36079315175529647,0.46927649294632645,0.37808327664079977,0.5575633884575659
760,0.37583930070608484,0.4075853389719738,0.3403983558336253,0.4293363365245635,0.5869637910706954,0.4894048421722687,0.631013158864238,0.5103970879707163,0.632503733244426,0.2181906322526609,0.5079081744487366,0.49655105924736787,0.4460286691356051,0.5080901465854875,0.27328369063299907,0.39531084614131723,0.5284111676116627,0.26467948614913966,0.48546987520795437,0.6346852390488235,0.36275678747195195,0.4942876319719654,0.46156151921928107,0.6434118040296151,0.5367956079911093,0.4144148919321455,0.6678695689377433,0.37305436833105815,0.47076117825067887
761,0.412634895854811,0.38898064642740465,0.6010450830132557,0.38082525113848387,0.4699835025195256,0.3953557785675122,0.1666914033345426,0.4856637294308607,0.3173426802034315,0.21732877703596068,0.5362030061395843,0.4400275448418729,0.23106546975690426,0.38385011449462925,0.5089510586001532,0.43637686064769177,0.4254070048757235,0.6035506569744897,0.41721171546399427,0.43607377663632013,0.5569912684460819,0.572122817087668,0.5954261855060922,0.31607176285739763,0.38687461093555503,0.3680435190678668,0.3840822503543103,0.3154131614737806,0.37058348274446506
762,0.06065246850471482,0.09824540248494414,0.06685649002079787,0.22210587585263947,0.04345376641115454,0.7109685528221557,0.3578413877675712,0.15595497714150383,0.09018850866541522,0.2298748984857769,0.12132963264594336,0.3926232307437502,0.4066397407811251,0.5692545424266313,0.12288575498728366,0.38727409136652785,0.29704419770337054,0.2253082205833495,0.5350506328971507,0.5805412748039426,0.3594446454825381,0.10371178423608698,0.06750061781011331,0.1967860655236873,0.14775089232099026,0.19528459256812591,0.2706822727718766,0.30407355213669224,0.4180090313772408
763,0.3315564647688129,0.5098756148399478,0.49108219564823197,0.29244258670013645,0.3747313296988503,0.39053478961533666,0.4420333364449877,0.5231387992341021,0.33539428634552737,0.4772596324537078,0.3715784022146103,0.5243982276007468,0.4297928843775086,0.4502132100073023,0.5757481387215786,0.638438462196217,0.5047980273598492,0.48298190166453253,0.7064338723317504,0.3722314773804496,0.4842636910235909,0.4094015829276121,0.48393557476639326,0.5439856257324971,0.33393554150722077,0.36344862766882374,0.48379210272189743,0.5097993686624439,0.4194474383682469
764,0.2797017444298238,0.32847000283810074,0.2956458647921884,0.24568709750726717,0.31918914381865776,0.3693635123461015,0.2662430510206418,0.3280923350576225,0.3348901548154819,0.29480447873240145,0.2264558012662809,0.2786626289397154,0.33552100464924983,0.3825978711674323,0.47035795490575,0.1740137941742274,0.439346524690459,0.3031310613207815,0.22542942288496423,0.2523964334446262,0.29939828999942575,0.2579487492288624,0.3065257249459326,0.31629123047951363,0.43617094818425917,0.3095823219082389,0.39218831935644777,0.24325211822616366,0.3490791478210958
765,0.3195331567161993,0.3402438793493,0.422276675425401,0.42711338681010025,0.3293028223349266,0.428196944756766,0.4304040063018403,0.3881618463767203,0.3222937221136579,0.30698092099557367,0.3814005653890574,0.22609129571884615,0.33784054652763634,0.23360216104839207,0.4616802320816308,0.1986786556956713,0.4019874836440166,0.18580127301673097,0.3361825858857233,0.25545573784381226,0.30073487206401284,0.25010462031390734,0.27336439777170796,0.37056772390597215,0.340147395561161,0.3957471701230634,0.4243993375414746,0.4254575507966414,0.32762116873248237
766,0.37890108414758483,0.37845511185293634,0.459677787297614,0.502762283834266,0.47683811537574033,0.47792960646750327,0.45678911423631335,0.4370553218603989,0.38848127001668326,0.3967579102835111,0.5128520260739847,0.39965309253397674,0.3641361500075034,0.47293689663844474,0.47507242475088646,0.5479171179478828,0.4106430424288679,0.3907532516626364,0.5313294249223296,0.3761769585530431,0.4168676757985355,0.5450259583409724,0.3965164391888122,0.28949869537023676,0.5210911701618086,0.4920524224095687,0.3031219808411513,0.4607910684156385,0.3876072851692776
767,0.8420741100195585,0.59141968683317,0.29726698605424895,0.19054063870937293,0.24215176991678378,0.24993890803398808,0.5411019530400362,0.3661411045185889,0.4111989318277423,0.7642972540104607,0.5347160498518316,0.540585916338324,0.32004870516407374,0.17392023426605976,0.5246182974402295,0.34797257747013893,0.3090935988742584,0.3869356588524378,0.532504591443238,0.15461225106301713,0.47019788948550967,0.39523339521781287,0.40637563077168565,0.356413619288681,0.25331307576353607,0.40923559697142026,0.5541157035594043,0.685840993822504,0.6427229527060905
768,0.48491710321958476,0.4627899720465975,0.47806151191826035,0.4845175891052626,0.5272867112412498,0.46974914574660853,0.5281720318750242,0.522336585122675,0.460091602073725,0.4531064181718523,0.5132786662768906,0.5470703108429629,0.6021638774387403,0.3718456341654812,0.45445003042879234,0.502791614699318,0.5382432436043116,0.539872916366153,0.46159325345476127,0.49666233646164276,0.5540834598981048,0.5545376348709948,0.29121636321414757,0.39461455954790775,0.44706304451021345,0.5355720207610652,0.550040707394604,0.5071251017445372,0.5522780146871844
769,0.39809755971885774,0.45667818989781267,0.45740741065244883,0.4208546911846386,0.4474642506934594,0.4095279771336754,0.37035814702635883,0.30958715195810443,0.32290394465036676,0.45066496820358654,0.3990424889054668,0.32437967976023585,0.3096089365369833,0.49182374416426955,0.3655639868309755,0.3534232540603531,0.3078378243164172,0.2475799568351834,0.4287128325337349,0.17032465522562884,0.538112467644738,0.393198933921329,0.3591463009705235,0.3966653008795992,0.3287467249406983,0.44122940846646985,0.3835445345919106,0.4290798764459693,0.43254191000061065
770,0.2757918316047963,0.4176360824111276,0.4795010899205881,0.3460551412841857,0.4559067314185839,0.48133691988428956,0.5026246941739879,0.3910264124748638,0.44386922059843503,0.39011161586446536,0.3842164367895387,0.3160064069323008,0.39791025639360866,0.4227346879125244,0.5168050785254747,0.4096710004599736,0.40644770357617804,0.302217882587222,0.40232080769575024,0.3698384561177669,0.35199950838199623,0.4078339039346288,0.48937369550670934,0.3543813474912456,0.4561775857123529,0.33079445791506185,0.35351015996967766,0.44407896839074185,0.4587597554320753
771,0.39237869906068157,0.3856643888882033,0.41549330355851954,0.39593950419865337,0.42967910435357004,0.40696171694823535,0.37552231065249636,0.41098699627780905,0.2944730412031597,0.38303527105104795,0.39359506845180653,0.32044564408884935,0.41503617679577404,0.47154765114045083,0.550682332081603,0.31295010492636777,0.3475129887881497,0.30346556446225187,0.38604446658518643,0.3230174131595647,0.3825560708822959,0.40761825132505425,0.4321220338899154,0.4483140491986853,0.3805268582228109,0.45001497595188344,0.22338059404968982,0.3599604284617785,0.3214658534265608
772,0.4967528478936579,0.4142461094747416,0.20797585242000954,0.43366889311302637,0.25976067253876384,0.2145390990812751,0.3909673855759109,0.5115885359589835,0.30762401144941176,0.3971975216282265,0.3466434447128971,0.3368818442728986,0.3334313805094702,0.4414407048154341,0.497668205693338,0.22465765686975103,0.26770786847808503,0.31963180803188707,0.5104956898407506,0.41118429342403945,0.3635695432229398,0.30944928035125635,0.3728256644537041,0.32248087937993175,0.29440300850742807,0.3702103300361578,0.3365497332372971,0.36949939964592754,0.1968694797947591
773,0.6073451571359764,0.3075557945971318,0.6040417791845162,0.36057192320424375,0.18868256872601463,0.6044169174668494,0.6649316752399842,0.49175278037386716,0.5918442241362841,0.5167872744711045,0.5425162309848477,0.34941187744540547,0.5569975456695159,0.4950881426538665,0.5430420478658345,0.38225299448011785,0.6422272940887316,0.32177529208668293,0.3243208913394461,0.48441207141504455,0.28690930301642587,0.4537168786393897,0.568776414756001,0.3265660468072119,0.34406528842253653,0.48823855927629933,0.6102528570455593,0.49506584397844555,0.30133258247514766
774,0.407365586128631,0.43800736745787633,0.5224374982350164,0.4050031488560997,0.3343979422754906,0.3907575845042547,0.4630610751638611,0.4238003917005456,0.4274739035090755,0.4881613298854811,0.43614533940470895,0.3501090390064362,0.4492328243449478,0.5558211685652328,0.4512124380194244,0.42416669566062903,0.34277395536561617,0.32752081032725466,0.44711384947369054,0.3871086831264348,0.47055704844677976,0.40610932577179876,0.43775383684843644,0.3331202301989277,0.3411237360101793,0.45792584689589194,0.3607678602283733,0.5016681368507571,0.4408824603694681
775,0.3314598090529542,0.29415105107716427,0.4497109377452502,0.37621782372372586,0.19462368592624096,0.47484644815390736,0.8134256206671823,0.3264401834472568,0.8610961994040488,0.5617146666408707,0.7010525434593323,0.22003966833644975,0.7642268721766552,0.8522561494832329,0.4864169528253402,0.46614849142230363,0.6437232921842008,0.8219536499648541,0.7872827870977741,0.37546539933343365,0.25207523563992706,0.6337036992600158,0.21631605406620283,0.47638867412843616,0.4843600598309635,0.7489028468430459,0.5947184692132941,0.6648520465821963,0.5248507513150521
776,0.2758643451629993,0.3630084320995282,0.38985353227375386,0.6676986788791012,0.566708709275011,0.35759021714325595,0.4083821199205771,0.44942243826385253,0.4035801767586351,0.4504743074775254,0.36815015348280367,0.5587119420111445,0.6223022677384306,0.344565556654005,0.5758923289533938,0.43138869392789014,0.6628801861573705,0.6090248928750516,0.5498154561557244,0.4719259617484363,0.5061767570375114,0.4071570713671613,0.4140122878195019,0.4711878128536095,0.3324520808447901,0.40062348995032837,0.4550882202084611,0.5323856932127325,0.3468642901376215
777,0.47937066510414766,0.407246813806381,0.3724588415754667,0.35262852610348416,0.282715857743692,0.40335190622252404,0.41530313257024115,0.4933230374756419,0.3742728758446021,0.44549797820586984,0.5273083694086731,0.3944360972634959,0.30182081457935583,0.43875445268055274,0.4245628686095026,0.46163290760049325,0.20892924785687947,0.3038389247742377,0.38438164935869573,0.4382389399512147,0.3349035572534779,0.42898869777015486,0.6059298496415167,0.26063749433873584,0.5004955962758851,0.545871413919145,0.5214870171239953,0.49575475053023854,0.2633973149017999
778,0.27745835355593296,0.37685982553752756,0.38838761960707585,0.25294585550019105,0.390112466634727,0.4720090951218296,0.4386170158115638,0.3592882267076739,0.5026450585580838,0.3741460218597939,0.2953332582182467,0.4486996642775954,0.28993359780137673,0.34142416055345026,0.4016080196704099,0.3431956256712149,0.24454692266979922,0.36387443865542307,0.44014829883440426,0.3644551716397206,0.31044161176919294,0.39470467879959553,0.5245204552921358,0.2841028177361965,0.3252250687949604,0.4727773861878662,0.32668198391440534,0.40377592463849965,0.29846656226023427
779,0.8591899976250198,0.5539100288289185,0.5540162411897738,0.5839444389923837,0.6499525035136612,0.46298658099629025,0.630568519086831,0.4553084159960616,0.27250261147167326,0.5207726851443351,0.766426196686826,0.2778126747515436,0.3439242996619923,0.5906719093513869,0.371756275344453,0.6302129311992736,0.5390858178773308,0.34213693674725165,0.6425822499592434,0.3732607033546038,0.2409216262808282,0.397223995865016,0.457934809684412,0.5472257713024502,0.6149793037247456,0.533252250322143,0.28030932136703535,0.6541540969856423,0.3714222709878008
780,0.2649280638766135,0.4040073584981808,0.17734001312138237,0.31496011304213933,0.13538490551450083,0.33138868798679766,0.29250475457523084,0.1668767478466908,0.23003492654400837,0.5662651169568935,0.304426042588024,0.21994378982905988,0.2227748648402622,0.2074401379980342,0.20699299831759174,0.3193879144173472,0.35946167916748095,0.4017489507138929,0.25553889481045805,0.1739601863260144,0.354594900494149,0.22027607427699297,0.2448773695505979,0.3680610775251721,0.45501095605845426,0.2677321892719896,0.3221374554478288,0.3695558201900717,0.30457558628614795
781,0.3965024482382097,0.38953867926487484,0.6796943036578499,0.5830200462996517,0.41192835051679133,0.637926986170208,0.7280358318907149,0.7021505781581013,0.3885159229202272,0.4994482625462912,0.6722632573995618,0.4733157165330819,0.4399391834973154,0.7818887283219689,0.5348846109224307,0.47556022524550035,0.6459976450327394,0.6127394782452114,0.6114960157386985,0.7099533753491192,0.6482530132625584,0.755645082190397,0.5483093974663822,0.5428937697037256,0.6592266278624541,0.6050142869358468,0.5364441632696426,0.5658477622982206,0.6222256535978506
782,0.4320561396642655,0.4655529467941632,0.3992445876998589,0.426084561223558,0.501719828191405,0.4373829126849495,0.41509166456303814,0.4827307207268453,0.4424878112025112,0.4334336877773603,0.42229602863435306,0.45345002265282053,0.5075278066572626,0.44239252404584745,0.49575308218007724,0.40070805969019296,0.43711918275866324,0.49096193356398277,0.437575336750669,0.3867075831219701,0.502588024743353,0.4766811717291204,0.3440980206970917,0.477481956993235,0.40413013094022293,0.43950626514610575,0.4784973355100097,0.508102961771222,0.4392852459654748
783,0.3072665239934248,0.30017979082462387,0.15682905380129164,0.3127154767173314,0.3189860762957231,0.17899821056877838,0.10402672195367657,0.18445154647366618,0.287285174228329,0.3229185302158434,0.42049541905928345,0.20177718298773714,0.3226491322409998,0.4286804958337903,0.23318401070225217,0.2933027679353665,0.35381672759351485,0.26259493102332027,0.2341798982266288,0.0866264721541757,0.23242806151291504,0.13017059875375775,0.46188613137142076,0.06937360356372789,0.38377845758768997,0.1934542089935473,0.21502229795596173,0.19214635242977776,0.48276600916671564
784,0.7260285835040211,0.6479035438000321,0.5405468853679116,0.4923444107923997,0.6549486859478875,0.7773429551638259,0.5629817085959825,0.4795095274389483,0.528779608434346,0.5288160354099781,0.5461273378009037,0.4654982803177756,0.6551318635068426,0.6216597368054635,0.5199885254894825,0.5074807571975363,0.655474181495184,0.6153362549879422,0.5679716902207351,0.5017679825172872,0.6996395887316917,0.6842279600561012,0.6318587623228391,0.477241493710224,0.6018433882212626,0.6532002303796409,0.5678495569223596,0.5072996680226773,0.5956847266662136
785,0.299421863915052,0.23582919465977462,0.42422293654171644,0.5864915312311634,0.4526937313109112,0.33328213867108203,0.4552095746896057,0.5039552874117175,0.41020596690987826,0.3752290217580025,0.4432044564529549,0.5078182677351377,0.5375098064757242,0.4615368091449899,0.5554752004165258,0.48037922662420435,0.47873176394699124,0.2413650955000142,0.4660767618870029,0.5111158829612993,0.2777939737451443,0.40174366854743976,0.39268242377081364,0.2919261848421027,0.43003623247444406,0.3445088736949862,0.3497462775549468,0.3887243426149702,0.5951830164346322
786,0.43647095732242447,0.40433402220066306,0.4176567649533372,0.3434322293993423,0.3209198790347984,0.5325596378171965,0.507118140412279,0.42334006958876963,0.4638217085129315,0.4501889365566885,0.6178216407097739,0.45638447528975695,0.4814280262295195,0.5314114457280882,0.5009019395647258,0.563612619830615,0.20852789530169497,0.39937205812042026,0.539455310850829,0.4356682690368195,0.5049878280872461,0.4379692510774691,0.6156188523613008,0.18030786298197668,0.5143153052852818,0.4990742780992292,0.44118766939825993,0.4715458560963536,0.3942879167413803
787,0.36649250783188647,0.4610645330081752,0.5383935421883992,0.4505202224185603,0.32126888307644696,0.516386395647187,0.6249100299603978,0.5636166599138206,0.40568531356462134,0.529365160015005,0.43248689053658684,0.48075045436526104,0.4180792432250133,0.5726174877888535,0.5218407243879852,0.4409101780221659,0.30514237719808973,0.6124697162031649,0.4718354941843212,0.40698680467875403,0.4711346430842752,0.7402425330386743,0.4414880233981188,0.6064287580174161,0.41583696404765896,0.5516101926598342,0.462014179857285,0.502358932817159,0.5519194908206291
788,0.43436666229457743,0.7531761655055512,0.6729300404214703,0.8142639494804207,0.6145802367158086,0.49931787278514994,0.7416693492639987,0.8238630067052719,0.8332322497221838,0.5104081174812081,0.7930127039102008,0.6680188266930289,0.5096526864324064,0.5968605636411396,0.5570761276011029,0.5402314424206183,0.8278938837074029,0.5706928572723716,0.6325339053219293,0.43862219435267163,0.9355572169726735,0.6786290934230479,0.4899308750171504,0.7348858104051019,0.647894700044222,0.6915662363947812,0.7209531269620618,0.7051555031417333,0.5531240577256719
789,0.39311537927638673,0.4036796101455311,0.3620024537457789,0.25634271106320666,0.38629663657345154,0.4031215696191985,0.3735198281309358,0.38660481501071386,0.3840972224051838,0.3324847951434177,0.41300441004984,0.34381696992317684,0.27100561857288674,0.3724945101476781,0.4460082316974842,0.32162604832210867,0.2984365061843163,0.28874342544026177,0.3681910375486839,0.34656126319389186,0.3972082592113012,0.3939237672723976,0.4315863548461942,0.30378331496117317,0.3153501541727967,0.4056504522387807,0.36045863846148013,0.3924776547535413,0.3989400907334975
790,0.4737265128579943,0.6136367655624543,0.5224572065491786,0.6242807605370453,0.5910412966006693,0.640862051068535,0.6053465563405865,0.6155950980380834,0.5150958745738784,0.5492576684189469,0.5448471332436298,0.5619511864432147,0.5862649915824226,0.5485307064357029,0.7055123946184056,0.5195804663938383,0.6484530370047102,0.6481016517023686,0.6306372920423047,0.5728612441668353,0.45258010839372215,0.6800583983693111,0.5414277293499151,0.6823225104584244,0.6480824813657865,0.5471313129275456,0.6880319222347772,0.5360967809517527,0.4685002560797156
791,0.3452177963024754,0.41129859292818677,0.4470630404404335,0.3758700904646909,0.3562052175106614,0.35111632586771185,0.307192449255604,0.3763317603236825,0.4696292093255277,0.42733372149165166,0.2766754333493317,0.31549695754564977,0.2982115817842663,0.435187909794576,0.3849107182008188,0.3538901385396411,0.3466859855660151,0.43959260295403707,0.5047791421183803,0.34066823712726063,0.33061522915583685,0.2715640215705058,0.4181602601305095,0.33557891191150874,0.33544840001983844,0.2943245976878279,0.459231890575671,0.2961475473531601,0.39643468965338496
792,0.03134896976838718,0.023250192247098365,0.04727374335498666,0.29472034467002717,0.10799157801039637,0.03808092754808395,0.12913521880539275,0.16304934661826828,0.5169867671364597,0.011590843718778712,0.025942220111251406,0.12404654188020224,0.014103067922070004,0.3291020016634472,0.0015753254263042424,0.6182803271208677,0.10443830120158565,0.13148548419658657,0.0567727231071378,0.21746992516972366,0.16296871175736724,0.02097019722835689,0.185415649716105,0.017113522807702456,0.07059820900791658,0.4836161949995137,0.8013919965182619,0.05380848315443039,0.0778291548200765
793,0.2981239402476067,0.3738795954593586,0.09772482726532516,0.15856962938736574,0.22914847451486126,0.3569836077887881,0.26114771377691287,0.35246646869454457,0.31302696210076975,0.3916783724280283,0.17764180115986478,0.15802984707466927,0.323122719394789,0.25697441107957275,0.32234970069650587,0.25477335176864785,0.1285575749993324,0.2613799757292064,0.14484264585320664,0.31154983113952195,0.2225505272814641,0.21301900665241524,0.2307445719051247,0.14362941662300974,0.2500774744887385,0.1450106548434592,0.39137303764230563,0.36061663381713255,0.212298500663125
794,0.6087297903231973,0.6626333506240675,0.35778038569534304,0.7792588207125679,0.2523042720957834,0.4366407048174585,0.49637618136376677,0.7622373070567432,0.5301691785265366,0.8408451494486557,0.758182256163818,0.4800505326849715,0.4235193159763158,0.4799921477268788,0.17918626641684668,0.37629598371734835,0.7148191367876967,0.9610599202635102,0.6438856082428601,0.7231073001653534,0.5790309975249432,0.7075982491684256,0.790516637406579,0.8678792125517367,0.4875333294207292,0.38018138884623287,0.16950265098735237,0.6212971000801777,0.6185556143170385
795,0.45253550322245495,0.5017451825713187,0.4964762635976021,0.4347825111568786,0.7204398129148647,0.523857819192047,0.3492140087976038,0.6991474503823311,0.7013831219415472,0.7482390846855155,0.3073971238536062,0.4147699541143217,0.6091739621786996,0.6011084539930719,0.5963487463107121,0.7817998302220213,0.47169636118093294,0.5477308655612378,0.533763852414697,0.5468769154003505,0.8179639229738346,0.19047233153753507,0.11133613909902759,0.685390208385329,0.4856503381527935,0.6078205756406204,0.523657713176559,0.2736214707965731,0.25280478700477194
796,0.5965780095808019,0.11703401036615496,0.46693464475213087,0.6059258220947926,0.41883975965322606,0.328918247132021,0.5768207828715176,0.33542401232233016,0.27541496963572887,0.3319514644208363,0.24368634843049802,0.13847570943564455,0.14650207139928736,0.18979313832180855,0.6632360269384528,0.5491356680618621,0.6805530235898543,0.2403588525102701,0.2888399312422342,0.35989294965263385,0.282113788067013,0.23553152123457244,0.269552375976769,0.4868636842540615,0.3443407823838256,0.46479403122709806,0.44054467394430835,0.14745395667186084,0.49598393788512424
797,0.28812400753960943,0.46328251405300247,0.20150033016967692,0.36373276337878346,0.30889767083188796,0.3363596896940756,0.45757731525871387,0.4690405141130629,0.17542309929584946,0.2920614565406868,0.2527714867469617,0.305687041754449,0.4497836202481681,0.2833001832573576,0.6331405287957185,0.45536197880857715,0.377505942339517,0.5149021128323781,0.18857243232946985,0.30501135349660874,0.29481196034217266,0.2450746178624991,0.41539903916616033,0.5271008437751582,0.23989455754354921,0.2408124088771773,0.1800602274782647,0.485067203870074,0.2335864123656006
798,0.6752127551632606,0.5857403482699435,0.5087829382151631,0.48699305060105175,0.526080961624625,0.6402628262345205,0.4512147366382215,0.41330262414287955,0.5490132599857157,0.4464578120546078,0.5238071997417185,0.4484686955380029,0.6207229542897622,0.5562183712553713,0.5492034971305159,0.5021459994949007,0.49706569888001084,0.6014362400640849,0.5111265104005577,0.5203630150701418,0.5875493042950783,0.6644889597152034,0.6034228743705865,0.5497783417151185,0.5374421770571469,0.664645499200079,0.5910538377095844,0.6004977502116765,0.6073291234836526
799,0.18917226011346844,0.3533895602486873,0.4496797859922166,0.21696069811275942,0.22159103605294847,0.16701128862066575,0.10477125829232786,0.190627690567507,0.1711064026443524,0.23266377742407005,0.22261765313106308,0.2405426014289418,0.356480611822072,0.5241359943727819,0.2846897145440336,0.07068927387851001,0.4583857191722292,0.3788157793004211,0.12639782585248016,0.27217436234555337,0.17523451083669295,0.23590398821044148,0.2924120333464376,0.238447273097897,0.6042303443620309,0.17113975055192668,0.4327189342035915,0.1550512002104764,0.3590506961003523
800,0.5776641376389303,0.5660065849015856,0.5409574118577389,0.48848794518153255,0.4843449805922068,0.5457630177559112,0.5624151719974737,0.48516422376390517,0.5292255591068435,0.3619799647293715,0.4161665329877445,0.41795746455652594,0.333825115983134,0.3829040326898765,0.5708268174501568,0.586136947561609,0.536165912854327,0.4254925216659406,0.37720555389930394,0.6012883770595299,0.3452069983874171,0.41256575723821065,0.353835942497646,0.3719279994605437,0.6785963996314522,0.7379768738765443,0.5051758514868767,0.5060563069251102,0.32379018417833005
801,0.3475405635792588,0.28156286376321893,0.287638703515134,0.27494405028929225,0.3141032895842149,0.3840986825132696,0.2486048862775104,0.35086223391753746,0.3054331677296354,0.3787841876535044,0.3201788006315419,0.2380425334664185,0.26564787254716393,0.29522110479545616,0.6037135408646529,0.3040374585368196,0.2696639284480364,0.3587477576746634,0.3286388242514983,0.27095864741742753,0.37469337869184915,0.3144340036516698,0.3564024795211841,0.3282913414892913,0.1853750461971735,0.31549595631312155,0.37131939230156485,0.2618058913819657,0.2967298734987343
802,0.4073724926029136,0.37228138316079984,0.39922335196863434,0.35856245382048546,0.33885927720632836,0.3918438440255169,0.4031356836254322,0.3506217986350088,0.3347216749515872,0.345087731255416,0.47030013600923326,0.3698379252469015,0.3366722123385896,0.4960713975251844,0.3964088450974298,0.40258671605351376,0.3672007012424246,0.3446796017682066,0.3506342975853269,0.29645141141517756,0.375470668795232,0.39833871692921874,0.396802426134824,0.3887610267268434,0.4375437744627259,0.35034800385917086,0.44803658101436195,0.38166496982166714,0.38089269509922274
803,0.47346472229084663,0.3413457421750562,0.577147938902953,0.516440571505286,0.6104539708663599,0.36525249426397116,0.5698188460673594,0.540538988914546,0.5165053654315183,0.4160702550164887,0.45425555745108215,0.5145561811531032,0.5024639847478793,0.5392263342435111,0.3749662917364585,0.5047419106011937,0.4912834011192029,0.5329775855632867,0.4419780794115902,0.5681704988080448,0.6840746792146379,0.4831136724663289,0.5278743213933251,0.6636660088888029,0.3669026680118853,0.5292246881120007,0.6075200064936201,0.627882167864972,0.5532365797307247
804,0.6350658812889233,0.22712485746139918,0.39256306809535935,0.7669768075778349,0.6202813026920986,0.2532570153361305,0.40601607229474945,0.29241000097047637,0.539853711637133,0.3682306030360347,0.31785478288350794,0.4760000488521855,0.629737856445876,0.21008102992395716,0.5413670513856874,0.8059524765700136,0.4261900033892003,0.5865228700906819,0.7217067388334351,0.4533873259539568,0.676893801778539,0.471201452566742,0.43558872798938314,0.5988910005595718,0.7075363020455029,0.3081312163102876,0.4658587768899071,0.35405568800252957,0.5823967590538949
805,0.26372358363420556,0.47750953310138644,0.32047455842641936,0.3443938402075194,0.3767784148483734,0.49089265027517787,0.47175576698722244,0.34564835035676,0.3484175734477399,0.394631699083545,0.48309601094262505,0.27390763786917244,0.40635059665209206,0.4553826736362213,0.4278696538860057,0.27546972993147123,0.46816658673458894,0.34215955693426886,0.21518179658575054,0.21836769834038133,0.3932520320600429,0.4716857126846053,0.29825631088095067,0.42813852646747463,0.4092806875564569,0.3037073418335716,0.45569764180879657,0.39722779752023185,0.42971295812099064
806,0.40552042571835667,0.28473463243538705,0.4235330993056983,0.4036890052291185,0.30291621250495804,0.4067607084408577,0.537938920683798,0.42805247845836286,0.44478314308705885,0.36575320356794905,0.4732747598054175,0.45111602766922304,0.489176673715377,0.5045391637521196,0.36493302115523024,0.40351743022364744,0.3563299203718526,0.31241236751766566,0.4227329790711482,0.32576343257144486,0.3258731706017645,0.3809814423426478,0.364810845285216,0.41355014065845686,0.4555682148483858,0.4039522745390085,0.47682188816046206,0.3757811344484401,0.4990602863477373
807,0.498541022459537,0.3990240701134527,0.44909249571664334,0.47244746723304826,0.3557588187196114,0.46056029141362786,0.43569869261358346,0.4256664700658893,0.42678995705074035,0.32786669817522446,0.4322347486172369,0.3651209554728487,0.3579753121230205,0.43076965873395745,0.49421120101439037,0.36942634290595394,0.424634366899019,0.39343897273786815,0.40988477024031067,0.3362155330421312,0.3097383505031109,0.41470824490011676,0.4108735516022378,0.3612967765429855,0.42840102607327907,0.36557443954893554,0.34345586324523814,0.3119908001710086,0.40377670833870327
808,0.18045354118476398,0.27878616177868953,0.5354154062761783,0.2514165083613314,0.4405555692929306,0.3842197414235115,0.2126475479471664,0.36262078670997455,0.47743019445512924,0.39889559876435976,0.40000771345087893,0.3814876238658556,0.3578103098979505,0.4760177376149729,0.4149439514849607,0.2881382760636115,0.4524153682138281,0.36198256819245306,0.47537261952478843,0.30139960490786766,0.17007327421301735,0.1567902670163427,0.37140456541900385,0.45719713562968606,0.5643159344464055,0.20744301168428003,0.37049576871000905,0.33202156578267983,0.2697595754243015
809,0.2706290004657466,0.6100714042154274,0.5166016103670295,0.4316215666576054,0.5807533291989564,0.5932909401473114,0.5266866903668247,0.46893132938175924,0.4178152831753051,0.46722723259500754,0.5757665692790991,0.2825105776080691,0.2696934409101819,0.39415530117107567,0.19714419926314286,0.46511065774244953,0.14281133921240885,0.4822357857769484,0.462087191898226,0.30013613822543195,0.5901547331562238,0.4669015305848177,0.5140745604043095,0.49506498297010365,0.3362383669594164,0.4652150692162502,0.21044480435635113,0.5645821316575518,0.466889209877797
810,0.3770914691603407,0.3301791428310283,0.34662769909689317,0.4020125059812066,0.4276143681163815,0.4762551592205721,0.4071558152269485,0.3151967953052152,0.4075921978853859,0.3405871314414411,0.3263048530915902,0.36554328827734367,0.3396987298845841,0.45847459658073264,0.43424718262273326,0.35411274682971106,0.4060187870715226,0.3650062467935235,0.32230872559682194,0.34116455765028325,0.37722760599754956,0.3021065379853899,0.291785577272965,0.31391169992165885,0.3251456018631358,0.3319099808229639,0.4105454106594022,0.43386335457314695,0.34707307221026634
811,0.44365668099441535,0.4075015804305122,0.38068816452421544,0.3309654392114855,0.2688586978764168,0.5249659525091097,0.387340868939589,0.2896423555059288,0.43474989763179245,0.3657572385024783,0.29640224844423435,0.37496990715729506,0.38569288523599327,0.43541453904859784,0.4176614157470584,0.3501115831824558,0.3444118373086474,0.3972020827589261,0.5588386096873117,0.3251231630909433,0.3354943552803574,0.3256999813099984,0.4935530383541651,0.5615491452124726,0.44711408919904533,0.4357318092212149,0.3930071559287132,0.391251318784111,0.34664461590817297
812,0.3907634006136349,0.5045058958531147,0.387794565055664,0.6159571967822088,0.6172376817047622,0.5536821344760361,0.3232594911992081,0.6906680883308159,0.4771180900032793,0.382869495106446,0.6198180180708527,0.706057342009012,0.3874925464127505,0.287043784463858,0.6032619786921394,0.6104312096226132,0.4733136687224819,0.37174523802194903,0.6800540690943062,0.41919652109436917,0.5858643589835967,0.3064874581137918,0.654854571249777,0.6795624722739638,0.34093139481543117,0.7085122669930624,0.5317969054442505,0.38236501393500066,0.4741335301288608
813,0.5009370226464614,0.7157025014504244,0.27640742298397786,0.4450829898881862,0.302811549227782,0.6493434950578091,0.5789680488255086,0.1752817459867772,0.5578249713699135,0.28238518562992154,0.25098501646861837,0.3687219799518706,0.3493689954186268,0.4525679238811401,0.23713249239946216,0.29135425579165863,0.20913108616561105,0.24566407454376685,0.33834475692835286,0.5890135290587782,0.6804048983516682,0.3457053893097614,0.4839036815744567,0.14051514341395402,0.39199267237264096,0.3967028894423445,0.42336465560330344,0.36542278712089904,0.6443546915064068
814,0.36523037748363163,0.2203012183747122,0.3243214738216083,0.3302538718268818,0.42912956838235955,0.3057860661409229,0.4128448009177375,0.2629754598002375,0.4043062973438176,0.21134564908155928,0.400635983728017,0.3755755211466023,0.4026984858383668,0.2643217551167823,0.37080531329637706,0.416707700170044,0.4563190469788429,0.4182400728198112,0.3872292823213025,0.34362392109300777,0.44258791154422,0.47336777431849886,0.29556857423360006,0.3866196157111432,0.4382646495606143,0.33790511829791087,0.46880669447157514,0.4210971116270111,0.4587848454437986
815,0.4937770094932702,0.4215109452832168,0.5429232783802391,0.3978419766261796,0.4226949277328245,0.49482054573442946,0.42553753889899104,0.38904969238862336,0.41998854758370874,0.4009373991479681,0.4165138075257942,0.40320590575100285,0.3359986939938582,0.454357060868326,0.445280530743007,0.3289621635010865,0.33588090066679216,0.3743825778742725,0.489304399259293,0.31891356385276903,0.24178624005680968,0.4620625932793906,0.41298277824134383,0.3811422505349888,0.3657116959167134,0.45090009983252566,0.3760698763146931,0.42641890777376756,0.2878111336488695
816,0.19266110596619226,0.3835365602354394,0.6553906055738664,0.08828659092383018,0.1476061152901668,0.6755514211153145,0.1516178991444742,0.09368076862095692,0.9591122717161125,0.1518838315040903,0.03782583318088928,0.21652969188122403,0.38121763822567045,0.09324184849571791,0.24352287456238375,0.6049370707284939,0.10927669949124295,0.09187641013691906,0.06470739892925173,0.6485348318344408,0.1365083781998284,0.32175554000643125,0.11082586001995634,0.30302197283416055,0.2370087953913918,0.18518119108969347,0.2370017124765575,0.11962581668160475,0.16823998967146872
817,0.1383318099563473,0.19796726022956584,0.44747124350491774,0.2816620720247469,0.4341420706507903,0.4729759022674958,0.1819008729705651,0.10835221653376327,0.43525907804573866,0.6964168065401362,0.29480028521428,0.391163531304116,0.09699116225308183,0.7817731486225398,0.1304654531604127,0.3449731270978637,0.7992780496648731,0.3843036014374747,0.22279957686150248,0.19870134799487862,0.4681113157200813,0.522515249851832,0.577269244930304,0.1967032213435921,0.16866221039891738,0.5901423056340676,0.5156155252832614,0.22767741294491817,0.7269685763899134
818,0.3771526794159155,0.33698441007973695,0.42635051435185495,0.36737066196160734,0.458193809885406,0.5394136122824321,0.4745688108093942,0.427100970281136,0.4296783962163937,0.43680988634903195,0.5150018398594197,0.3087219955233311,0.4357890316092505,0.37722776042315764,0.36505281035577314,0.2613980593203231,0.3465600093319435,0.29381751417070473,0.3533685358661194,0.327400028617268,0.3554752276343075,0.3328800395972752,0.46989949066229453,0.3748537115932128,0.43681765468101313,0.400323918487656,0.5223799322423112,0.32528913000540466,0.30369775038639024
819,0.3576600513014944,0.3218160114553336,0.41359429105995543,0.3743544174407568,0.4403163535336087,0.39404300115679936,0.36591033751382124,0.40315233915875354,0.3615932791397265,0.4236686883747204,0.38942463198109334,0.41965884447407553,0.4438221411384089,0.41094215548688906,0.5061575586066184,0.3730294876914111,0.3739853560093313,0.3025825969567331,0.49474695809638314,0.2950408356027459,0.36572772600482223,0.29585326409220125,0.4147755016527375,0.28491744870400226,0.3701441074446538,0.3616538905891082,0.47358959910576387,0.444823430141559,0.3401251569370073
820,0.4430413672004701,0.4750489767152994,0.32198554845603433,0.43863079274845923,0.42517485175688496,0.4417531246192437,0.4674499177134709,0.5327709602767021,0.5802413123802654,0.4102652518725686,0.5696259287312789,0.4738129891624475,0.5329424716782243,0.4211210778322502,0.4825851514923861,0.44004664719459924,0.5667561677384555,0.34732013585097926,0.5093638525054939,0.4543945244701499,0.4945823346344187,0.5552514780305597,0.35279125112936527,0.49423978547070907,0.46908307125517007,0.43837188174755753,0.5418661074417119,0.37478001283257745,0.4296059298369305
821,0.3966546265453499,0.3491122730996356,0.40529342430273424,0.4429824589931325,0.42009446985444265,0.45790811588716873,0.4069771342183509,0.4361913860766841,0.4227570730594408,0.42450351380455054,0.4640996990464236,0.44231103783491355,0.4551198966609989,0.4957802962514218,0.5022493066858692,0.3822884336190709,0.4097819419835936,0.4388019190399832,0.4970662403365757,0.3798280502918027,0.4349474565848451,0.3995442602961574,0.3756439926339689,0.4753539829878536,0.41797556567151317,0.40273735073871697,0.4973283663123956,0.4582321900947162,0.3139870606831107
822,0.4250395568890112,0.72029410387372,0.5575713803600671,0.601351525384827,0.5813101033207237,0.5001301674128862,0.4884989172298831,0.651523794117437,0.3832991635491602,0.6023151118325638,0.6179115875435442,0.4547575523544772,0.5540478707400764,0.5966612640270734,0.5245043895375402,0.5703094585472465,0.7434659870409621,0.8152925737885667,0.5198842898996342,0.5872398307902613,0.5821915885536146,0.581692843439273,0.4259388572397795,0.6122085557791013,0.6472066095031525,0.4653802178999596,0.5899925492928465,0.5900281578473501,0.4122192675237027
823,0.3933091834475712,0.3845562357885575,0.4067633439355478,0.4538568588108379,0.3497219960087196,0.4378606767142332,0.4014287752829605,0.359643736947176,0.3869233420206529,0.32587137196174487,0.39509110879843046,0.32926494877017626,0.37774577571208345,0.48401976126850427,0.4875929643794334,0.3433741544629309,0.38978155865124103,0.3372562361430504,0.3789609563414099,0.29416512882995044,0.40438415085543555,0.3564907726097323,0.33876292970992367,0.3073032243064269,0.3784506828676962,0.38901381721813216,0.4060497876884474,0.3721604724040252,0.388489818067934
824,0.521752015914075,0.754045508297993,0.6873983615227732,0.4626609908016074,0.4331662608857607,0.5501920942248886,0.482737569339766,0.7366742473754566,0.8089775809708185,0.5803711930590043,0.6540590872977219,0.6154946907201833,0.2826293494513043,0.5878628576833994,0.43969997066880956,0.46003538972702096,0.35746946920130235,0.6791572374201105,0.6445017607886301,0.7582380907963028,0.6206948413684588,0.48991502897739725,0.44279522632991125,0.27937155905808997,0.6875033408190112,0.5087937896501772,0.6650316604338925,0.3974463214741967,0.5660947232676459
825,0.7153697807846228,0.20132229107303748,0.7217552913808954,0.7183067996782843,0.6270189176036635,0.08453185922315286,0.7281011120907307,0.3144800953633851,0.39165845123724763,0.6171974479672114,0.49551864728512257,0.5551656028192672,0.4428511515075644,0.7951011325976504,0.15133131362834926,0.25141603927951073,0.6909201030676111,0.5304848004350516,0.7560506481512247,0.49359154921989934,0.5070239771803069,0.3144133443004874,0.4261387321641809,0.48150328300858275,0.2346839332787613,0.5943759925363895,0.6295870103914177,0.7410626260373119,0.3347315880324701
826,0.7188982614222436,0.6392549274609843,0.5675593928544127,0.4393443889247766,0.5574808994205973,0.6818786514398856,0.6067882407576409,0.34260277039342485,0.5159029812824546,0.5623043472137218,0.46922237630727454,0.4498685411721154,0.4897338050059341,0.6494109868386142,0.5383860363947804,0.49959978324085835,0.545900513562614,0.6263158324634827,0.5296382451248217,0.3834344050020738,0.5539987441960736,0.5177519179219,0.5117841950594544,0.3475470189983623,0.38009119809689146,0.5375768440717019,0.4512014377860769,0.48693740410317576,0.6282570398943496
827,0.36239006214780956,0.2584813666682868,0.36692076105754995,0.30279261309802596,0.3942135374830801,0.295787820370632,0.32319129039332883,0.34161887806223207,0.3852900321741475,0.3629630333431871,0.5577329120898789,0.43401989347781583,0.4263654179499652,0.34410411068912367,0.1705421887588836,0.3393970776595674,0.39479664703424633,0.39729287548251674,0.4956935733028499,0.4844747975736736,0.38083531973752377,0.37108639789525866,0.3700093564993406,0.4573896329818448,0.37228768583099053,0.3657688348354673,0.41093524605288057,0.48590068225889205,0.39077435344590306
828,0.49983018085190684,0.396635124342914,0.4050837726147333,0.22509524692551605,0.30611123712884,0.2908919382950273,0.36474825654147625,0.35386811728928863,0.31021033343351706,0.33592565197840774,0.3656950519629233,0.3323524753007704,0.37852929205610947,0.3920283658417132,0.2940757296281918,0.27958663742699696,0.29484869770452393,0.4811304195447249,0.2637262753421862,0.3989058246510445,0.25644196549450027,0.48252148488629976,0.29868914596396184,0.42056510739578834,0.42077422787558183,0.30810716836821656,0.45659957698119435,0.15645257543410393,0.4628059316361656
829,0.48390045337447385,0.4758623752705311,0.44742798973512277,0.5231203098111097,0.6473302031893594,0.5995931402287545,0.6108622861061628,0.5071781199124901,0.43969861433051943,0.5747148909475862,0.46579802352920857,0.6620269663526648,0.5899156370920624,0.48344696340595766,0.5258659210170984,0.5414134883564963,0.43684326880882207,0.4965425106036286,0.5866736057492951,0.45595074440240285,0.5909141573590937,0.5965454636510645,0.6324059850305778,0.494241521526461,0.42113488106659047,0.518653072516343,0.4627360028293788,0.6306601475783803,0.3817504162797827
830,0.3241658304297437,0.27057300092554515,0.13704596338651756,0.6224826128084745,0.21952729175175797,0.3848349197420455,0.43480760934747825,0.38498757133750167,0.30678013852104624,0.6547410443376576,0.42822573869413455,0.5823983298129874,0.5083662027585495,0.19360817454130747,0.27396575055662353,0.6572223800793416,0.9794968353611364,0.6703721125962421,0.24582327711227756,0.6120390746340242,0.8163983725765438,0.39587938335625833,0.6027339608644939,0.5143851008147486,0.4179202962964138,0.6849446999758125,0.922804308558598,0.5725025305382058,0.3082424750593915
831,0.39337970692574203,0.3903564713854268,0.4308454682205658,0.4015710021515009,0.41838095541344894,0.46949633484656506,0.5125933172544731,0.42214520844799563,0.4282134029557716,0.41527010531645914,0.4409335572481443,0.4110506309704093,0.40941414393182857,0.4529260104242983,0.45638384601828097,0.4023826088292411,0.39987997583491464,0.3319435090430972,0.48082857016276326,0.40927121873227124,0.44206000953630437,0.36234883438364324,0.48497253315569744,0.29245819739410467,0.4052418718695631,0.4015031557912725,0.40248388613189073,0.4849505379747527,0.36497407884549343
832,0.5806841002517158,0.4979909251135946,0.47795652796235605,0.588972709473272,0.4978221834199488,0.49122505028809726,0.5437016138941723,0.5008908400904545,0.665746865741302,0.48730660505497386,0.6571938478194,0.6134943250930587,0.5041893702479265,0.5118213511996463,0.6047156262469568,0.4531988912914063,0.5995751743273865,0.5639335666347969,0.4627384805329986,0.5805052176287865,0.5377774834770255,0.616901294105173,0.5450447787201995,0.6584251871515198,0.6250544557928114,0.5759981770169684,0.6810469597286339,0.563462906486518,0.5942701067881132
833,0.3571774117253999,0.3274625420186391,0.4233988767184467,0.3921399497568432,0.43781537117912184,0.36572491289706577,0.44970634423628025,0.3246251306360605,0.3169363871845203,0.18744744294194593,0.38054847807596315,0.41526725836522405,0.3160222634449987,0.44672239841030026,0.40626169521398336,0.28255408567812396,0.3614678767366118,0.45673587545654504,0.5165105451511508,0.4573986637300019,0.4805796037334599,0.46008316238664665,0.44503034527046675,0.48733782075594034,0.4123081791448911,0.2828981536236529,0.40774051949125495,0.3167556102422875,0.43734240239059236
834,0.4013802187943722,0.23392435812375564,0.4047259025826885,0.25061647632248935,0.3914681227810785,0.2183379855241211,0.7318450454812995,0.6949385658599235,0.528758718614083,0.17657380114687093,0.5003111385572561,0.43861911678163296,0.10058151961641465,0.24528030685550192,0.6110585530142822,0.30566393077216647,0.5502413080809495,0.20822789576319678,0.4775423548550563,0.44113764669071875,0.6843760449468828,0.5182590445986857,0.3948132310690369,0.48435078117265573,0.3967933496083156,0.5430680027802952,0.5233875951518108,0.4749053713480333,0.2630091139227184
835,0.5633257772213079,0.5066019722974978,0.5111573426510775,0.4560537750868845,0.5440946766146126,0.5751966113006073,0.47851238477949587,0.456592554609531,0.5129265728350665,0.5190640249212252,0.4718933976801838,0.43504931146311776,0.5297912918773381,0.5637125044661057,0.5389489340844896,0.4868714615756971,0.5257659459291678,0.5282869087685726,0.47821514788049213,0.46383094074243586,0.55625529732788,0.5663499231042524,0.5261549571713267,0.437995139001127,0.4760441501477735,0.5923334446923001,0.5235794324872833,0.5740730339872503,0.5426091273299896
836,0.6727496213299425,0.6196218832405519,0.4675489790890661,0.6470658217052213,0.3174874666345497,0.49609740408880815,0.6937427194225181,0.3121661867198425,0.4266383038564647,0.44898369446617925,0.45809642761298963,0.4039711415541671,0.7439703156911226,0.4871061486672933,0.37441396385980674,0.4321095751859189,0.5339564494801856,0.4998236489376742,0.7129875659931258,0.6134880213156004,0.4334254818246409,0.6498908521208405,0.6354987736148273,0.5417654988962822,0.7204816121413268,0.4994927563856436,0.44914086971403383,0.519647107885207,0.3154949177806338
837,0.3938196602046818,0.4361853020115082,0.5530754425991936,0.44098337785693564,0.3795783275574112,0.5046969906030485,0.3702318206185973,0.45280434904070815,0.3282208333593017,0.5316063894881448,0.4276512902801866,0.32219852341512656,0.40766301705017777,0.4707109080796308,0.3755948228570812,0.4311242932095788,0.43432370132465414,0.3555374387412349,0.3434088902021767,0.32611140761389207,0.5392457115386673,0.4859440270204313,0.3765387992709011,0.4683836393373146,0.3498890624305957,0.4466740531607327,0.32784589294867345,0.44782004379457274,0.32058812188306085
838,0.0364134552415901,0.054792346210712994,0.027622197489730434,0.0335381787833733,0.40607227686116626,0.12157518182741094,0.021447313589523048,0.12833992960365567,0.23311734135301998,0.0584595845286696,0.2548711732895291,0.09259436494528432,0.3993232696235059,0.05338383555895601,0.0713725181755738,0.024262553144805528,0.037361027027777625,0.08148878926775682,0.010475971263331593,0.04761327651541724,0.025875631446623006,0.016244109746070087,0.12440346301914736,0.07864625830082957,0.0583703747925006,0.027603677761136817,0.033515584958589605,0.10920507629214726,0.13168242484619092
839,0.45947217977044175,0.37824007447629676,0.4149945031495962,0.4160573921214098,0.2772476776405046,0.3884428547998801,0.43270160612887076,0.3184352740908433,0.3575284824973576,0.28815527324093726,0.3501983301172233,0.2991328982409364,0.3695006240372909,0.44607365948272976,0.4249535215867707,0.3560176075948944,0.3492519521384514,0.33302767603894956,0.395733587706513,0.25098273187814724,0.3075107239949811,0.3552776055355698,0.36929901172947066,0.3766215648927618,0.39307040536356097,0.33546176203859723,0.322558178940166,0.3133348540449857,0.36168016334551567
840,0.45612175813272166,0.2734318499195559,0.3194178175388104,0.4601237080425721,0.25677820455258576,0.33375784171201633,0.33909412118165033,0.5196100968872636,0.5622937209697596,0.5511181453441251,0.39367061029143113,0.4579904690821864,0.4847074364325393,0.3359437101519183,0.43880396310075376,0.46085122516758675,0.2922442623556077,0.4495810224712642,0.3103028131514785,0.6319640391903695,0.4028995505800053,0.588525600623728,0.5096128976008367,0.5090264202254198,0.6050656983940105,0.3656476007073926,0.5611256013610778,0.4334147901272416,0.27763311327126916
841,0.43424581648877364,0.68258978321528,0.5157719494601527,0.6812352725544036,0.19936482508617648,0.5004847044984316,0.4322739259172586,0.4074971865357852,0.3514095195185097,0.40190856502618755,0.4607371706222145,0.616901076145789,0.3055819476054104,0.5030606660010039,0.4522969645863168,0.3657505387036181,0.38333538040115056,0.3989161529901304,0.5659387598307296,0.5736892535363317,0.5106016823034178,0.4343833937714079,0.5559204990976658,0.28397512104781053,0.5201934648812551,0.5955893503685504,0.4926975199627734,0.6303611116877974,0.38361020713033667
842,0.6966154635776631,0.48989245039710094,0.5505623232294579,0.5881828174360964,0.37454217332982676,0.6539972398808499,0.10638021877690157,0.37416609048431093,0.5962116144419898,0.3311198363741542,0.20948458625988853,0.6515094132010716,0.7993355696287258,0.4361205026674962,0.3033586934110122,0.32179548943086134,0.45060558788750305,0.06908537920506808,0.48964803654785527,0.3479468108706188,0.3590195418151359,0.6109161996922781,0.2328415862749377,0.19171655964813192,0.4990565729872362,0.5009879791485378,0.39156820335254444,0.2639301405009138,0.28723032068648807
843,0.43189072243077675,0.34295350449465695,0.4632942672640459,0.4317513515137286,0.39471038127926295,0.4376120295745424,0.3552873333896912,0.32900001068885676,0.3567667909298985,0.37169609824331673,0.364757581232427,0.350162516367988,0.2247647052182575,0.42819566046429514,0.43270072862675873,0.32284014981293435,0.32229482107105634,0.3082021263582357,0.3916200578087551,0.26372000427951486,0.32208991784484026,0.27724001270456633,0.5562310884398597,0.527793196358669,0.44631132872904017,0.4015201919808944,0.3284938308768082,0.3435452953721456,0.39304539284445555
844,0.0158743114011714,0.06558152451306998,0.2211157168350205,0.8659829749274399,0.7693369118564677,0.5409203189024189,0.5615183631731935,0.8431328030604573,0.2994651462956731,0.7741660809034984,0.1553965214391699,0.13918856543775576,0.19131963647485406,0.6349806316640136,0.0906697990543621,0.7853880892047734,0.36648781083526843,0.949374108630634,0.2914648831569352,0.9467427800549405,0.7635362850569208,0.8514315470547035,0.9525400546742057,0.9611363173139611,0.4965563936049353,0.36617132334201524,0.9673865194732438,0.21043859502441886,0.9920126785879777
845,0.33417274474746456,0.2693168021356672,0.10234967646794424,0.5802750810453423,0.26374303440474306,0.28262221961756906,0.25012075221255026,0.46360796978908997,0.725155084355284,0.5545413639581482,0.2883621983442352,0.13033533180353177,0.30906716191088746,0.3005587239251482,0.22539371360683844,0.32798166663441897,0.2802809201662811,0.4410940488991809,0.5192605282242214,0.4786684148361299,0.3872479381665712,0.37848375161620823,0.4273946840103756,0.6860840922271289,0.681665455948943,0.23604753594680014,0.6187106557408317,0.16401985162445273,0.11406603218547856
846,0.43719263680985554,0.42712292806570623,0.4465016872349634,0.43425627862975663,0.44020306587008645,0.4172408981075678,0.43211138680608235,0.3959082319038355,0.461652777399608,0.36555643973508717,0.3856634280082369,0.3441121728180992,0.4463150182874276,0.46062030977634627,0.46963748650326204,0.43358968216194077,0.36166046331668167,0.4725740134333238,0.4485557498939025,0.4144678881154837,0.34737852335603503,0.5360718166897294,0.4350209247219378,0.4876740588120732,0.48466630858360255,0.5209672916502324,0.3747485817210827,0.49095194775960727,0.3948246440780806
847,0.32526570199631444,0.4000891422378783,0.37034858000722237,0.46213018388342764,0.4546042628216392,0.43902739350843867,0.41497566798680346,0.4053615289438698,0.41024508263940446,0.3739349120107249,0.5215453994944185,0.33975540929126186,0.4235601615098802,0.49456133495538074,0.45422761950759327,0.4120157765652307,0.397922144398158,0.4050387305406785,0.3554325414905355,0.3417645451537353,0.3780350468844429,0.47619677941430366,0.35920814356722924,0.5496819128768711,0.4847004646737255,0.4049008959571158,0.48672951830172867,0.4962883586477255,0.44580159965494226
848,0.33883187633968204,0.5950789577121138,0.44211031512489873,0.24855400780925915,0.6168691937988827,0.48901181224915097,0.5264503136781274,0.48172180246675095,0.5079517278821903,0.48104071887788574,0.36943813791033575,0.5701575384854677,0.5212330399568811,0.591855204521511,0.6561225504838996,0.6382082520322442,0.6223277228932562,0.33395362017134106,0.38058897299958344,0.4515977140444777,0.6012074806018499,0.4183340881186974,0.6707515946142567,0.44652467341015567,0.4443509079336343,0.3339880752311477,0.3890620449624829,0.673745852787234,0.5464081937025449
849,0.4511136907710323,0.3695503622259247,0.334065139353427,0.4545408069528731,0.4091784451710594,0.4665006432695636,0.42394870976389293,0.5119100112689015,0.6072978910759247,0.37715690991848844,0.32799961645644404,0.5676386869014607,0.40890476562258077,0.2386422896826358,0.5595169556884478,0.4541644455142923,0.44255567967369785,0.5215619020424248,0.5184842716408,0.4100515318618893,0.4572018467241338,0.4040031283737462,0.6006103709588482,0.45811462211914367,0.27645371757544146,0.4548477327659783,0.46642946652737366,0.41305775855125326,0.4894503641417345
850,0.36613443286801284,0.39401417284284146,0.48055919652645873,0.4059670888163879,0.45963170181876767,0.39970097112964564,0.5190714920128325,0.4356807193750621,0.40811366536851224,0.38256105667171925,0.39184939349515036,0.35376424307572185,0.4878057008250972,0.39668630048290776,0.3259618742288333,0.3807274141296758,0.44145351774589486,0.42741935701499095,0.4774475746723724,0.369139757569001,0.30608469578918496,0.4303830725453835,0.4336460936954519,0.3905197700992956,0.3727041528015015,0.4509254059352571,0.4394862354587081,0.3604397198873577,0.3570982794205117
851,0.35791281342615483,0.48010631584830854,0.4616039063970687,0.31070989756364975,0.35067885732697907,0.7561803034475372,0.22733925227914917,0.5009497251232715,0.4587493864849981,0.39494357204716557,0.6387488365739294,0.5152586441355931,0.3763265438876243,0.3356017128997865,0.5813077745679456,0.27183452635749966,0.5262339073781163,0.5212635295240285,0.6445465385038713,0.534040311876657,0.6454447871510114,0.4250135313669216,0.37968864145808134,0.40797394275751236,0.36527383909780176,0.365199650508432,0.49448710884717617,0.5339594945640938,0.4207350624303038
852,0.466358976636702,0.3953413483381286,0.43767691599812375,0.402991400270372,0.3688031757937644,0.4568072159512833,0.41923679929728436,0.32786584906473093,0.4854280689092916,0.3217598541872455,0.33547230979828424,0.3516798927793397,0.38278901153919753,0.460858384726815,0.40373136348482,0.3400902465020235,0.4228218503789339,0.35132676946344354,0.3803755598102984,0.4031962948838256,0.4337432096273823,0.47208780792721106,0.385930597109174,0.3108834718103393,0.42440948963160546,0.4155818343877351,0.4090995371135044,0.4799662474354944,0.40968177519416
853,0.3536828993080417,0.5184297531110595,0.5257861997555763,0.32512991224700094,0.34856839465097994,0.25185667764062664,0.19249441515400262,0.444192709154239,0.3701873452382938,0.17027176698648752,0.47717214683436254,0.3862627112796906,0.28937650704470863,0.3787344319652842,0.27575906471459305,0.23153231226772816,0.3247024738235834,0.3462115850334824,0.46756233989888,0.3689594024405852,0.3698146294976902,0.23078820840757702,0.3350477823451901,0.38270530337494674,0.16075601155463456,0.25916115922927263,0.30349088962675147,0.5075541330712326,0.4685889856421717
854,0.3802263376699868,0.08631406596895759,0.19371300630993527,0.09996991908444722,0.08837544084925597,0.047542356949694074,0.22596851729365658,0.0005693335736535066,0.20042885009914624,0.546208384773524,0.13273274407825744,0.0031121167417259283,0.2711989599856087,0.011209535614505207,0.03568433547005918,0.8969324436315421,0.24879701328823317,0.16485336745061935,0.13772098239163696,0.09322919915539335,0.26436562790799445,0.08306851883875639,0.004204808806449191,0.007819200168598451,0.07899481076735217,0.1071504401572626,0.048582667092164196,0.055710750750190496,0.047560300124972685
855,0.7427405705368768,0.5731972689977906,0.47443297983125077,0.23627957175651085,0.7259590640626307,0.6089950689308778,0.5025664823808611,0.4362228256641167,0.43903357451751707,0.7353863947861696,0.3954531547181647,0.7801386698109655,0.704063163426678,0.6413383113716058,0.7353502921317823,0.7592462714814413,0.8117496112248864,0.15170260299682198,0.5024025325101014,0.7279933102000203,0.70988483611037,0.6551296772117903,0.8536835153890147,0.45480377910485537,0.5088058128646873,0.412511847963131,0.6023108590589474,0.5941123487811076,0.5955101719391026
856,0.4127758307267196,0.3233748392391392,0.37993044592885766,0.36359405443318227,0.24101397640159905,0.3917938934721895,0.3663949590503639,0.2964769591517196,0.3913723596685241,0.26374688263564816,0.2535205839313395,0.3170720596203344,0.26777836994893245,0.3645777438596166,0.41269222391741606,0.3125078453032525,0.3093588684955351,0.30531550688219117,0.3504802833471282,0.3322077300126889,0.3306694171349884,0.34252846432283296,0.3536016836373653,0.2502207332415769,0.3275291880798785,0.24798308670243144,0.3216808053524455,0.3638363994613189,0.36464659000795907
857,0.5707275854632867,0.4674796627296361,0.49044639897376335,0.5377218843948397,0.46748249490346094,0.517720792739273,0.3015389670287581,0.5705545849296564,0.5399651228706727,0.5360322083022825,0.6309964794568665,0.5109838708371606,0.42913618406066817,0.5888592292766787,0.5857488413250361,0.4592972690022046,0.36243592614643305,0.5693900330451225,0.6232310035396995,0.37161731074376514,0.5714914377214536,0.43013560145092755,0.6329855585614691,0.5064494995342924,0.6530590820904522,0.5393152410641306,0.5442022547197173,0.6199744863514353,0.45431756682745295
858,0.7430900678092187,0.7333252341426111,0.5786374311708806,0.7767584888426755,0.7201174511074265,0.5770109413307146,0.5403038740201298,0.5804661704737721,0.7200177215799936,0.5015003229588627,0.7225233385615951,0.7852850274219908,0.7397443300958567,0.7232538126981998,0.8915505581012444,0.6512136579292948,0.837015151361663,0.795417271328385,0.5071398731643284,0.7514386417743955,0.7690732310849556,0.7260484812536594,0.7319143400687472,0.8270316660118242,0.7322238039423088,0.7989790638284288,0.7833115979965367,0.6434879370627732,0.7659325979785939
859,0.314242366572306,0.3497015602276346,0.6251280709456077,0.5376256676972556,0.47976204673757894,0.43608220942312836,0.7198280452413445,0.5074096607076971,0.4741563813023139,0.4054339720665132,0.7324959001490093,0.6218463348054315,0.6568308867699973,0.6217435765830222,0.17992064482262862,0.36770888777620514,0.33944374076403067,0.46477887033059195,0.37931068042653204,0.3459748929667661,0.5514370763549401,0.6796750791286134,0.4321409375231586,0.6447050919410015,0.6080303819881412,0.41545082999907995,0.731751814692776,0.45447717615184613,0.4428762999039639
860,0.32144122790399454,0.5497882516967456,0.43991632586718243,0.2718821946103594,0.5063010802263076,0.3467805584613744,0.47710090493120205,0.36213250830056204,0.45503558961245616,0.5026396819699336,0.463326719418774,0.43784253476746604,0.3966588065802093,0.35196570350531103,0.4662451991393906,0.5530349817801054,0.4994722867510071,0.3584769085714183,0.5652380859141,0.3681580943075061,0.467648122578286,0.46621665514443494,0.41635207821190745,0.3529191956835581,0.41370507653891014,0.3588807082697576,0.4182716393980953,0.6075534619435424,0.5023337198684779
861,0.38563644518006085,0.3740011910460351,0.43634314155113024,0.1719067458347282,0.3540994328447312,0.15646272369718572,0.4304130145656426,0.4624833345299819,0.2907429590582127,0.3156865640609585,0.397304474933002,0.1394432523723058,0.37107465155491715,0.3619219692285882,0.06897808064179796,0.6949681317206031,0.35017531083866354,0.5422809382260237,0.19413203163011927,0.32398430209073725,0.2294504093938386,0.472530891771314,0.2953157508420604,0.3889945143985915,0.38072415795071085,0.5722958747768605,0.19519819257389676,0.09017688868370102,0.3742440948944846
862,0.1702791613744826,0.49950660069186964,0.3347492883236862,0.4866900899503497,0.5048290742362879,0.6276842346463957,0.30158429930667857,0.5642962125183332,0.12510790733251323,0.3805931386102951,0.40206823925687496,0.3509434316779307,0.4534693665818897,0.6842512665392971,0.10808836484181246,0.2909447506118523,0.4316115886124708,0.7788939491723347,0.15883644197900645,0.3229108614253091,0.7990908735095742,0.49227616310652395,0.386459612918163,0.4587414607759319,0.527577392106607,0.33903898991636183,0.39780801598582866,0.22986023560572014,0.3278028840198828
863,0.3100862275400283,0.19262312773126433,0.06255977751459649,0.19046228077472682,0.31400817741145814,0.5646119887286414,0.7402381877498353,0.08454571061545703,0.7544444563386181,0.38825161823603194,0.2111618798527637,0.028241746242518143,0.08765394830571399,0.1554986121591979,0.2196997638111099,0.27758338356792983,0.0807117915820371,0.009424396061420813,0.25401412757965475,0.07979656056628735,0.43721441975627723,0.29347682602809727,0.09383334691362535,0.09377635991136304,0.036470057829253444,0.061193041520323184,0.029694302319198618,0.1001541842306006,0.19575043016834492
864,0.304234582664126,0.4648920806532221,0.5572865903602852,0.35005607097198416,0.5264198176242094,0.35222944011531016,0.4429341119002195,0.528666177615794,0.6706550249890656,0.6398050402697449,0.4530658601885542,0.38716080497631233,0.5257215930570098,0.6278108304808949,0.6555117677453552,0.39714640034988996,0.652057773736139,0.45001849902833435,0.38127330229972106,0.5922871501944352,0.48739483166086106,0.5326577126117271,0.32994950438539133,0.5770161344483168,0.5925810199112539,0.37514799388444897,0.3836044961719019,0.48958277056348337,0.7056539232650088
865,0.5185402457968454,0.45673187826920736,0.7441345381268862,0.5096629500020633,0.7019821611126769,0.5206692278944034,0.5946623246308553,0.6735261902185973,0.7781428770712325,0.5193333256011621,0.5663904799285814,0.4189707410554872,0.6174292380105657,0.6299803146119785,0.7421152441266243,0.6451170064041479,0.6525106938890727,0.44000900612633925,0.4070171843203221,0.6348511798894577,0.5552031551350936,0.44919359112066215,0.6826157748704222,0.5221147050995075,0.6100533695415893,0.6978592794060682,0.4839436050528138,0.6493399479446821,0.7123538964686248
866,0.42885726977418626,0.23055316552135482,0.14813602555722694,0.5891129565723497,0.1227772614564149,0.30330306327194256,0.22627212502782104,0.15997053662000346,0.17498781771144784,0.31784129869214056,0.37659531295045273,0.24154522668411285,0.236584392623718,0.2627778574240201,0.2750359686488036,0.4251481790766101,0.5488356104712911,0.3914094094078334,0.30064020300553923,0.4143693574350033,0.17469177008247874,0.35179398018884894,0.5040920547516041,0.4969513666742883,0.13892129064957642,0.46444948731488894,0.27329853092423906,0.617268770051625,0.5381263768457568
867,0.22167476718336973,0.609418179118737,0.6660121664455678,0.2863309576324001,0.4595172872351645,0.16234103298893598,0.5958233713017937,0.45072621181657085,0.8399963036135502,0.8993964281748859,0.4948461777856291,0.7922387598652832,0.3461475844171863,0.015992888866697724,0.42360333803647954,0.10420935195193913,0.05661750622152754,0.5437625363628505,0.9193030407647376,0.3959835942283533,0.02255041894628586,0.2683318365918559,0.7589001419611969,0.02993450167298696,0.060516391828005105,0.12925556843124023,0.2463466516386661,0.6340331583525551,0.38723676847000954
868,0.09616799910390114,0.04026195749080742,0.1917553193468762,0.13635397448255077,0.10122328705862885,0.1723692947575024,0.037662929471396274,0.11793470368854492,0.12637983649690418,0.11857787382081873,0.21881415085178113,0.2532767417655786,0.05535400543442964,0.10412459424181911,0.11577848109900256,0.10370933104558393,0.1341121774024514,0.13188081249093575,0.25517090344991034,0.13469647608450477,0.16979315437772302,0.1228226382487397,0.11395535659793289,0.31827695414960344,0.3654121793340555,0.11631974854169007,0.23746590919014032,0.06852666704126892,0.07688055494233129
869,0.5078466167672985,0.35631730274890083,0.4627913262496539,0.3924066642148654,0.358547746226573,0.41415119059943817,0.46618509397098246,0.40850469758126007,0.4084562205174026,0.42910595123118406,0.45617131959637097,0.3748689703814136,0.3674505915703746,0.48337203214557467,0.46892853494913794,0.423724998133137,0.31643802611272126,0.2924101114173434,0.40382342893143586,0.281192878879685,0.3868952936707333,0.37904036865344504,0.45817333136674643,0.3876416683860751,0.39999062212392533,0.4699451843776358,0.4196660283346182,0.5184642599661311,0.3791974992381831
870,0.48884314443800353,0.46141660554328695,0.39917565083513074,0.4923843862067772,0.4804032962643101,0.4452731794420532,0.4591976967230995,0.3674710494362461,0.37150429221673964,0.4281419113820207,0.5021232391288794,0.41685284292320807,0.38757150455403566,0.488455341727572,0.3248172128894951,0.3738503927731469,0.4240780972807912,0.35859355269941434,0.4449359447615673,0.19253116819351654,0.4708698768818079,0.46348611053889704,0.39017081740787446,0.4927170435460134,0.41197063768756303,0.3799336897108488,0.37799185467090574,0.45806241617772114,0.4421498697179364
871,0.4721891678343746,0.19809030427975138,0.46655610442805273,0.46988681333798565,0.4074194991150287,0.46263986424126285,0.31966905122402123,0.8057241665413603,0.17929233360362454,0.31558704348452865,0.6312850863000529,0.4470021162919756,0.214264838708629,0.2529829780404391,0.645389935672129,0.3379031909699638,0.5758114361947533,0.35447942840111735,0.4446492869707754,0.2924405466258002,0.22771857897271497,0.4519339570115239,0.38708811248636693,0.5663910921718145,0.5037612911875384,0.6651827303908814,0.22497498358756457,0.3038456364880694,0.342584744103925
872,0.4750367485851625,0.45124390993439834,0.4463203997499521,0.46916303030101025,0.4316585394444464,0.41802446118794306,0.46753951443189684,0.39804622091833175,0.5232043419410785,0.4092805857537078,0.5460607749823493,0.5336642977375068,0.5368941336644772,0.39004829153853476,0.33298318805193633,0.47380285834064684,0.44768109837654624,0.49324411436957655,0.5126383754086887,0.44710983751886485,0.35237624436024456,0.4946443527733534,0.4209630321287907,0.45354837404058806,0.45652233469246,0.2575433275561011,0.516236673392517,0.4998564203412697,0.47912000082887496
873,0.4054168591517452,0.3370390036085833,0.39973364439869574,0.3533287108960809,0.3476245491905081,0.34248007391985785,0.4184132970309849,0.3286552895370404,0.3275412834354758,0.35911222329904646,0.4202728187145099,0.36459310398248984,0.32438711844125306,0.43459505781774893,0.37336848565989417,0.3895835356649539,0.3616961052534928,0.3291836661667441,0.3278121138846037,0.2572157123453828,0.3772006164359057,0.37828855220795776,0.40079397200598355,0.4141392344258906,0.415517948875849,0.3684290984709772,0.4091056136288869,0.3589640977678441,0.3981518861589816
874,0.4909895876789989,0.38500596251557495,0.5275255760811508,0.5492224920102172,0.3831276382990984,0.41449334443757674,0.37509898469031544,0.294163120808036,0.4578020332534457,0.31354471398009753,0.3191575431733872,0.4338650817749904,0.36197178667910224,0.43401532755974204,0.4023835142315852,0.4298263593998096,0.4338276603712637,0.2691823172776357,0.5781624585679044,0.4334987176998515,0.3410037260511833,0.3203686394216551,0.5247064354473705,0.48118620788304306,0.42985587726375873,0.37651284752097247,0.452583171121185,0.41791050655759,0.31652425991483596
875,0.30292746189174163,0.40392470320723584,0.4150976749561226,0.4058907559246026,0.3521284631541758,0.33540664270209497,0.49845743141296806,0.25450065055892507,0.2962401706850815,0.1752686200835338,0.34364372845998986,0.2531201805195661,0.3681207336553345,0.5665941345640122,0.1785148348525196,0.2641289550811167,0.3229846601166107,0.4189611136703635,0.5078184656905749,0.386503711889515,0.34498599718950734,0.3757499446090044,0.5194234564488683,0.48037077767229625,0.5127460577422732,0.28265004476192557,0.5980488382313868,0.1915155791655044,0.4299200264024328
876,0.6682652175110332,0.3031310992827288,0.34034411945813126,0.7902202237993007,0.3933085213978803,0.5535573471062403,0.5203262870506644,0.5089720152509429,0.4904110182115404,0.3270028576129582,0.4010319034740188,0.4429769702113987,0.3808314619199432,0.48050785019154446,0.38956005508985203,0.7711302520854783,0.6690792659999211,0.7122960014169106,0.19956301072725707,0.36773359217893514,0.5910576963381456,0.5096315536688755,0.2617609627398124,0.6374741546680311,0.20904894178744904,0.7612958774624009,0.5331802905896605,0.6353983887865025,0.53792632417926
877,0.2902748138301587,0.2982594214975175,0.10904317022608924,0.09285881269229126,0.10159497484494032,0.782146009728171,0.07360089129889132,0.5801420722662819,0.19829621195222719,0.08223734159147693,0.17900774201640024,0.4748112842603554,0.1519499381793874,0.2689327723431422,0.21250214596018496,0.7813063309435254,0.774756593683331,0.14463625549911974,0.44469438051646,0.521382054242794,0.25441975314063786,0.25350838682026805,0.43782419518876,0.3264499177456138,0.4216035105458692,0.47776275534654106,0.46566320660461374,0.5550828048988458,0.6065218349595025
878,0.3777197978874825,0.33444883150277627,0.25657573838158954,0.28038228006981897,0.238787989456935,0.2808645063316554,0.3410242734237788,0.4204448939794427,0.21022915355436775,0.18703580502855954,0.3149446106991331,0.4266098182446745,0.4534202343077664,0.3320010325014755,0.375385381892864,0.5921548501019942,0.2809954263693106,0.08047772085904387,0.22155358194197716,0.33083670575080987,0.17175203064919817,0.2784252634371853,0.3604495082760223,0.33095042954129417,0.34189744219626533,0.40471681703024576,0.44100171830673995,0.2628661743097727,0.21693099800294285
879,0.5462709643142781,0.4599172376325972,0.4194710417969268,0.3108760818102633,0.47890173051577795,0.556720585109859,0.4157611775095967,0.31677460667542245,0.5460489903052385,0.3842147627509803,0.36665978812058503,0.42233779792224974,0.36841867693783087,0.5332832578327956,0.4191339219921077,0.32806107603154083,0.4238675731357421,0.4460805472028506,0.3553923070170267,0.2999654001240367,0.4729203654203858,0.32639391744647306,0.331076036285367,0.2784349438169413,0.35985437839180706,0.44544908807497596,0.418601312148736,0.5154288500868125,0.4790133020051986
880,0.4108726731786116,0.3677236846454115,0.3603196723815317,0.4160439356511317,0.3971521327128465,0.4080195990270027,0.41867486751387606,0.3534580135252121,0.44405252739582973,0.36687423828833804,0.4096632713687946,0.39528241833834443,0.4242595587715985,0.4419276036295256,0.4356886171980986,0.39120104999063726,0.338385157310763,0.3241295264510211,0.4828599835434327,0.3165154109235048,0.34869185726272345,0.40733509140536917,0.3110348767919368,0.405927100548465,0.43235518965962716,0.39756591896433585,0.4890542509638019,0.40361195487380774,0.3519139343646881
881,0.2695356411374288,0.5816724879548063,0.3467922302701127,0.5075726677017294,0.5779226172193902,0.6356742760913028,0.16525088896805185,0.5032109266628323,0.2714233183158584,0.38792054713974583,0.27716374625370077,0.3895614383158923,0.4953579760325773,0.49280836138351736,0.2228564285168758,0.12219357388109803,0.10201097563517063,0.7376928267300543,0.23155104936100793,0.26869422003277826,0.6775281831020572,0.4678045016134105,0.46522557994981445,0.6575370427713977,0.5167689406707849,0.37057104372976735,0.5483526015078799,0.2606267058299266,0.4869016253525506
882,0.4422584089766296,0.37873626637517527,0.38290238934577187,0.3175599594203749,0.36102206050676644,0.3990079823386739,0.36300253329886906,0.2921566092081156,0.3570463706857306,0.2690246007982821,0.32703243854689396,0.34756988760973945,0.3599221923158601,0.3898492654264063,0.40423909293244614,0.2465149692515077,0.36760047265995044,0.26840043096321425,0.3273607291394256,0.3510442786387661,0.4211395723721483,0.43317470999318675,0.413637464823635,0.3684250589288876,0.38715575891403753,0.42055216320355354,0.32399650669962055,0.4084761684908803,0.34871404064442774
883,0.3731233082033627,0.5223063676392325,0.39787503917205586,0.30429745015381116,0.3188057607400615,0.419286825680209,0.36425315369474764,0.4361658631756149,0.5015353676533926,0.3204019862332845,0.4716150033799195,0.387457166402495,0.3348300807656962,0.5124792557281762,0.5765699932329648,0.4032015302764045,0.5244894246662964,0.36838042376830293,0.31817785256469017,0.4316102050154722,0.26826435063973003,0.3553216280006914,0.3478536707211694,0.4294791927765882,0.5505553013786303,0.648146371264868,0.4492893849984975,0.4179882148666052,0.3442239312570204
884,0.5175839413075153,0.5622349123482226,0.5148497922901576,0.653280373926337,0.7603393095054618,0.5187478830744976,0.6084237546807116,0.586301566884476,0.659972853461721,0.5588729750740331,0.660254686244201,0.6056680216190461,0.46913240085769176,0.5563761463098634,0.652625062184866,0.6707398799436123,0.6518154564315494,0.5518846615743479,0.5333052843473159,0.46578118424261644,0.6513728158557447,0.41956677629464634,0.5968790226406536,0.6165027760477181,0.47299899217824604,0.6311444133579711,0.6848114385789651,0.5413335822977358,0.5389456467461065
885,0.5235385287094164,0.5252790340114543,0.7637042909547725,0.9354976237134608,0.9909925196469698,0.47325569386438343,0.9861948202043237,0.9343498220101277,0.9533274321132188,0.9828464200912669,0.978292588440643,0.9168889245394793,0.6667134589999362,0.6127221409397688,0.9925636348599616,0.608674695125965,0.9885550539103627,0.48350038015768204,0.9775513658324482,0.7806289841782375,0.9479343695577594,0.9139912539370333,0.9966685804900103,0.26733545651256563,0.9095756903671107,0.9955829137565123,0.8288339618406896,0.9449812772169693,0.8684116700177349
886,0.6456051090813099,0.5831857151978043,0.24688093242830578,0.3924748822960931,0.3068809085924839,0.37662721111108266,0.2593703555958131,0.35412262844847403,0.5596833211527847,0.2753655781565798,0.4184015256510585,0.3800904644496585,0.3530181201752961,0.35307780120097043,0.575426612464338,0.44367430523698986,0.4013463027935782,0.5508372781727964,0.5233555132835105,0.2683843859035023,0.4929543467628749,0.4245265550463215,0.4468658025381957,0.24925575585357684,0.450198132201582,0.48439765790614137,0.49336511017144935,0.5943266783078162,0.6177156134960048
887,0.8761868017272174,0.8081694275510473,0.3596951097965367,0.6979214739462405,0.25977082019098274,0.4180469812976549,0.029084009710088485,0.7342355010749332,0.8246881324605811,0.30882114160724056,0.13858383340305963,0.11003569172742361,0.10734377858950235,0.35402494537993673,0.030148211020654563,0.8193116327059711,0.1539168039008306,0.14863380067759205,0.844366583836212,0.2542605610565271,0.41199567227573813,0.2675818638262207,0.7190540434124321,0.12182648499646558,0.4089652259308425,0.1335644127094046,0.8822127626305017,0.5552942987728958,0.3860832545077489
888,0.27150830547654997,0.44383042985387855,0.40477146306944173,0.46615304812735114,0.35266415561163106,0.5296178859809799,0.5263134103245378,0.3036529277514334,0.40268276723272417,0.38088353507833894,0.3951583618312658,0.46625253697314434,0.5082629648745742,0.5059889828421086,0.5744353394312608,0.4265212105875901,0.4462416379917337,0.4292780767330173,0.44039052880728446,0.31492679082393926,0.37234978777277766,0.4349869249928346,0.27932782493105435,0.3226580579588575,0.4678719025711199,0.6182299346807479,0.526442055741673,0.49313335651972706,0.3742092434507304
889,0.33684968099168383,0.15023991144406873,0.008038977460213773,0.03384903866766558,0.05157610491676182,0.055091063251827034,0.6528318127181028,0.007302092992975104,0.42406514010966906,0.010946255743887207,0.27779173879120367,0.061395850292641274,0.06725928758055733,0.07689393973060102,0.0016598461566770166,0.03969732245971168,0.0018661669539387748,0.009247509413530692,0.24460216131655052,0.01766511638984442,0.3028841896941616,0.07431471082130771,0.057856533699082585,0.09195204284253043,0.04594479318084176,0.010065387648715793,0.05781537182815674,0.017804068547301936,0.2509541969724846
890,0.3969315022374866,0.4088883147189425,0.5986838694980112,0.503404465189548,0.3299123735603791,0.2551847546936567,0.39108342373354366,0.725859736755115,0.43329325930555784,0.5568026642303097,0.43942087656532236,0.4647152592945691,0.60785258026019,0.36245298017698846,0.7152286836156828,0.4407679762511095,0.4332739093277032,0.44815363451293155,0.39850293184476204,0.453060349640426,0.5189801283363541,0.5425528836124055,0.40007059251502075,0.34765971882441465,0.6578985944412986,0.6168270311604216,0.40296293077573203,0.7297577701503455,0.528038021922153
891,0.4811209071958367,0.6094670855081487,0.5796828435995112,0.3223696437678637,0.1737532441789704,0.5132143069224935,0.12456236098279598,0.16187205116724568,0.1817914883966111,0.47654298138270673,0.36496266154176393,0.6099246647029193,0.5234327772696904,0.5951411751238137,0.19713468731317496,0.18761454642123718,0.2105748619792488,0.27412683920044884,0.30006124276034374,0.36940761082382,0.4085313079683382,0.44866115506104026,0.7026092616023742,0.12846806285384443,0.2565783781272445,0.5033684717073692,0.17318470662694557,0.2899430515848578,0.5936991111723078
892,0.7406288778187231,0.3114809467660555,0.37799161072911774,0.525140814022741,0.5989619040087887,0.4481774420831248,0.578093155000224,0.5521374981648964,0.5033683590809989,0.4239114748594093,0.7899060466202138,0.7114994686965338,0.5066891196178522,0.721505076883041,0.2495185843330847,0.3897267842945187,0.6549604105357063,0.6939840629945649,0.7841600904373758,0.6436171484416778,0.5367218584924711,0.34010309426666196,0.607101627130658,0.5900367664732739,0.7376755853158959,0.5110781713292519,0.7774403850069451,0.614171951028581,0.6410107356068498
893,0.5901488939446098,0.5227283630384499,0.21455560392046036,0.3474714396565752,0.30684033565030533,0.4424175862034804,0.18506827981234858,0.24144361772219053,0.409277773476566,0.3623907546392954,0.28319490626905636,0.32813753871057233,0.3667494428543102,0.5746886863401797,0.22441375431440375,0.18281018302355956,0.291000458721379,0.47387518316476834,0.471121547414778,0.21897547739425727,0.36736797443768554,0.46357307845593626,0.3240294931379324,0.40007317362134714,0.3082457967543479,0.40868712006140323,0.2983106150147325,0.37433712677394615,0.5434796303377883
894,0.5749799242907041,0.21582629814287518,0.3378136342968027,0.9166294184040914,0.7763181978325275,0.9919800666954903,0.745631410018337,0.9627219601386282,0.46516721954474594,0.8933178614228436,0.7661534428031752,0.9936967894386785,0.8938874576535001,0.7568591130096086,0.9682665411871441,0.5911143237613706,0.4592675709724096,0.8605366566506538,0.9165696901230176,0.3959387472752079,0.15407859514899888,0.6767559400277448,0.9228214197911878,0.9430189162239943,0.06327473102784854,0.8386075677240029,0.4989955745297648,0.7150178779224623,0.7828564391261926
895,0.6300972256618501,0.40873854708418844,0.49722954235112365,0.2747597184761787,0.7845601616261827,0.23695434863713877,0.10285652509595296,0.5482680671203184,0.5712219334513966,0.6363615505216221,0.4069452812188906,0.5205327834929543,0.34715612964561415,0.09023342337975213,0.48100652851146136,0.6200156959387378,0.20752984533287677,0.6014856263512509,0.531507032069531,0.6941313820463166,0.6322073444746882,0.2772067617900113,0.5309673269922436,0.5711472039159291,0.4496562003982604,0.4511974787905433,0.6898115703560829,0.3799047750210879,0.38988616326647696
896,0.5197148017841791,0.5743098125672813,0.48362026548017895,0.4520959658859028,0.4967938431659337,0.6100833883599719,0.564009808687457,0.40571220465551067,0.4788053420995422,0.42654592675236136,0.571396937590004,0.3999248791859804,0.3408196915031507,0.5542042696634062,0.636434118651981,0.5695101202375048,0.43045332849409584,0.34271316952647957,0.5894863129228368,0.39701704410370386,0.441880516540346,0.7348385883637173,0.430560968528938,0.22971523652595055,0.5951000602037049,0.46975130992339587,0.4002436496672139,0.5103517579278866,0.4702672665335378
897,0.09166578437005396,0.2569270618615039,0.20702876453848731,0.3326425495697432,0.2897282645187764,0.32959823121447884,0.2389772848887057,0.3706070419547467,0.41844948726755926,0.20752390366051748,0.4437370355812382,0.3844780168415952,0.2980474734266869,0.2630423385774599,0.3326718929689693,0.46620533291616556,0.168568383691889,0.20556295235092664,0.1773980716107076,0.3541749253376182,0.23458529679318169,0.25356260097302014,0.13112612658447395,0.17521379309253837,0.25183700467299575,0.2294100252947692,0.13335566042059155,0.4851332425677104,0.4174666210228248
898,0.43083594208434467,0.36763054439720017,0.2953119239137388,0.44460851872416046,0.4362239318558975,0.4237260237181896,0.35397680094945216,0.33102581681024795,0.37085392033207354,0.3587224088781169,0.30119739369480103,0.4392224136498087,0.46229372638468574,0.34437124552689535,0.41009446375445574,0.3981540133297699,0.5105055751564108,0.40918641936598976,0.3881525564182921,0.4164373204612865,0.39410798486075743,0.28065201408922685,0.34837889964191854,0.4105467487605824,0.3866939822094335,0.37116461743735546,0.4186418092021958,0.38419807884300666,0.3134488817999816
899,0.3283828049553631,0.3901648928647588,0.3913885606214629,0.3136257815992698,0.40545131900857867,0.3920229464504465,0.4375864117833239,0.4071961433587344,0.3589020277225114,0.3352329149619742,0.41442721541419353,0.29281596597035864,0.31051384280531164,0.3393305184559466,0.5212600801999165,0.3878618397497489,0.3735651739213416,0.2613971832771279,0.40931939140516843,0.37177808589784844,0.4166379238912588,0.3742927048404796,0.45665941561137,0.29200467030840815,0.3244964313815354,0.43341794676006146,0.39217670038767294,0.42213566359084376,0.3587751718779483
900,0.572275410901749,0.41904762491718545,0.604620447397622,0.542595257543554,0.23715031145903415,0.3591565433218876,0.22240208014105373,0.4991464110035289,0.41596586765914034,0.33152274448997826,0.43559931375089106,0.37781003394956647,0.3892421554793219,0.33485548182898045,0.34028037106079906,0.3806431469010227,0.48549781725627716,0.4028459464024512,0.4266240574189109,0.42708344124273134,0.4827503996709054,0.3607543695824452,0.34891379486906937,0.3430380358987679,0.30960308070613973,0.337371508511135,0.43682012874896925,0.5500866387779552,0.5444209991988231
901,0.3528970576631304,0.35351277836645245,0.4344202828730661,0.385072425562879,0.480271394134335,0.4854837435187402,0.3515484354792399,0.5416564319370909,0.46898584403853,0.5513943687984326,0.3202533004127752,0.42300878512872075,0.42569775685507516,0.4001773133368585,0.5702062704202632,0.4564273156770136,0.584198217303533,0.49423742042205626,0.5230893408969614,0.4438116455245509,0.568914138128411,0.39320957832330955,0.47518988274274343,0.5659540512365524,0.2960572008651335,0.44691910651662015,0.2563558204865835,0.376851525564707,0.43710558005794564
902,0.5804141797165069,0.7026661426457929,0.6177540349682565,0.5393712215146532,0.6588595773947518,0.6031773769532528,0.43397931146399604,0.48083612255189156,0.38749772157469026,0.507624932379729,0.5833892589754699,0.42966525400283284,0.5079933820912673,0.5241016218754023,0.4178281809736721,0.33946587993544697,0.606853737798337,0.45285350558411547,0.43443559740648763,0.3072331244068231,0.4561850252149016,0.3639667971382751,0.46636587013278863,0.4547981552769084,0.5489077680853975,0.5340274686883577,0.5380991743233449,0.27872359981043504,0.35268669436061034
903,0.4000178225539087,0.34539292913057756,0.3097003466403849,0.3816452322687072,0.18208989181525806,0.13594260654838916,0.34911542499034703,0.24508561304444118,0.057388584671239286,0.1557681447816702,0.24458557734789949,0.23277019314802558,0.6005210442204181,0.28971478562171904,0.3897181496496406,0.32307722232760977,0.2189997060217948,0.46401588575562774,0.41664731954871825,0.18549382996711178,0.48637678460053957,0.11728649727956461,0.3101826690206213,0.44142668553879355,0.5410637331578851,0.5075143331803622,0.28336247787464725,0.25283716601545536,0.528713672749272
904,0.5981511989245111,0.6507181045397055,0.301177055676594,0.3673172452918577,0.14799223551881222,0.40427293931900404,0.11621131229921819,0.3000096077504189,0.3858529690148233,0.3164113289179257,0.27862080337864825,0.3263337337090678,0.2761536991107159,0.5899768325619513,0.11800258734561875,0.2441152512709892,0.40855765545864536,0.4072096446437527,0.5754400507804206,0.44984314872294595,0.42520255883043007,0.47519830023211396,0.540067224371299,0.32823742193011685,0.28617555176825804,0.3586853988070795,0.6503004843958605,0.5653893991206687,0.4500891831526424
905,0.44597014089255554,0.41342011947800883,0.3743169679626593,0.343168952787598,0.366464994525161,0.45429841197510457,0.3749778767648352,0.39370132742165076,0.3858526035397078,0.42116107842079936,0.41740301414426306,0.4168078597287524,0.3214997350228211,0.4308254609998457,0.3873808638351705,0.3161677755388998,0.3937078483239473,0.31750102797790264,0.41394296254452734,0.25612704829756855,0.5204842692630121,0.45561780274758756,0.44540521756924684,0.4485179522205521,0.351967663451446,0.33759931078405186,0.35122620231007007,0.4424010226270609,0.48412411618843587
906,0.35674969661016426,0.44559995606231756,0.33233084337905155,0.45014632377734237,0.40690340573677897,0.39907145078650735,0.44985155095542184,0.34613506808733274,0.3596753017567548,0.3678721081462504,0.39399428301974504,0.3600934966111898,0.38023831727129287,0.4989785015220128,0.36527058914121485,0.38239162693078416,0.4044825168809089,0.3528149434978956,0.4236809548169369,0.26564194587305456,0.3593782370140192,0.43645216955621763,0.2633941664667212,0.4032185005392288,0.3780247010530788,0.4556410585428082,0.47170367547281494,0.4016195594924744,0.4301008219692561
907,0.6476179717971807,0.5954204916085759,0.7176216486686028,0.44766946714142397,0.6401066583756699,0.6307041099691291,0.6234583850044667,0.5387393557894767,0.37309972340456476,0.6153528264326139,0.6447707740632596,0.6524425338452047,0.4038894703263944,0.5924264186307566,0.42448537629613214,0.5670406667123683,0.41231748918136335,0.47041233953301603,0.5232325845421658,0.3053112317164463,0.35542703994042035,0.6127880111599248,0.5654767360906168,0.47408815014780553,0.47564076914025083,0.6949569022773162,0.5144631098053603,0.6589685916470269,0.3045354510345718
908,0.6741980469160292,0.5015555845306866,0.5797027037363907,0.44315890216779086,0.6379156992818089,0.5322843983579019,0.6298521676753359,0.5681676475686107,0.5445734242965321,0.4111930980224633,0.48930814763663116,0.6040957692889692,0.4967981359653504,0.5550061193758327,0.5486077596423552,0.5658042612700668,0.5209592557657458,0.5972751284597706,0.4680684008435695,0.6275279164804778,0.5338499399786574,0.44603762965602683,0.6688052766000948,0.5647492283547296,0.505008082363233,0.5811827404481525,0.4619047648007994,0.5802573181707807,0.5039181480929826
909,0.591836205218796,0.4991172799145718,0.3272499176179008,0.9404987898789655,0.7571909910880175,0.5326238306623159,0.8189340270733644,0.4851766035803629,0.03135151910018594,0.6144981221692989,0.8043218387517169,0.4370467128912035,0.31362316172335575,0.33616611167432314,0.2446470195238015,0.22990155983413307,0.3374837485380403,0.5901023087531975,0.5901346640675116,0.7578475221007672,0.6080272394830771,0.32862692703903434,0.0815563724061589,0.6159031702949551,0.6787880171941264,0.8730366972514383,0.6432764088967771,0.8631984220503026,0.26936074921411823
910,0.44767462117356605,0.28951405428773436,0.3087969667708765,0.47470847238565755,0.3096659327785062,0.4748170489671536,0.4749505251803366,0.39456018095542045,0.38239058229963624,0.3679755422944503,0.2534543235948509,0.4301391973344225,0.476673079373839,0.40633387378773567,0.4346173378306302,0.4291436198063291,0.48862248956253734,0.4554945444674387,0.4004710787898575,0.4360875583362854,0.29618587177801514,0.29904734840096686,0.3127541180781783,0.4743850491598467,0.31034913160656863,0.3468151556661142,0.4988068058589054,0.4035429112509361,0.37183838499350613
911,0.4362958967092338,0.36042083309535783,0.3327495992769351,0.3768613724334667,0.5035456636804143,0.43709721622314374,0.4166830531105932,0.2994665927311043,0.531235450993468,0.3105622501371904,0.3651657743213495,0.36201700175557244,0.2830835424673529,0.2966329949965912,0.4322660091762979,0.37026323401464123,0.48950910299784167,0.2643490006287809,0.35641010186261357,0.41274974010463494,0.24163993791702587,0.20709772654489553,0.24021855421599828,0.37552657304757775,0.42393761610797115,0.29527137737186393,0.3884614458230213,0.2593075908192485,0.30256696461414584
912,0.4582629616163884,0.4952681331114374,0.5491467865476698,0.38263173444394943,0.5067261103176388,0.5174360641388088,0.5671216294311139,0.47741347293926545,0.45426176405283397,0.41008668853639124,0.5293480683530863,0.42172294901212126,0.4203363781702003,0.4978620688085197,0.47908666153991913,0.44589802560526254,0.48448480630655805,0.4035819857059874,0.5214765140417346,0.47707455312452157,0.4079064498037707,0.4653846927599852,0.5163022107463994,0.43560201583932173,0.46515444881838025,0.4424959189767631,0.4758302915184344,0.49814839445054365,0.48988068217647174
913,0.49077420640652397,0.41979533871343866,0.5083470092064634,0.5040128611281282,0.4992124444672811,0.4276264899329551,0.49720899605597146,0.5136852018329514,0.46285875408290766,0.3880569720675752,0.48664852141340803,0.4222650201868281,0.531007686313644,0.48920183446800153,0.5083219104223115,0.5401117246860115,0.5161785409970479,0.5054645552780715,0.44213845537574337,0.4003198336268129,0.5115818173690561,0.6200467631969663,0.35575378618862286,0.5301755327179397,0.5047286571862863,0.5140232913926346,0.45554447970345496,0.549484199067731,0.40277395070606264
914,0.2588851217522913,0.28450091981804215,0.36977568139919476,0.22341550257784046,0.22524489958124982,0.19649452219479638,0.45452034377745804,0.37883368134808043,0.27749326535274194,0.45376648252427826,0.30637670899580655,0.3839230124949014,0.5095490293523615,0.49160003545807823,0.030204854583674473,0.35923751005689286,0.325214291249954,0.6478068043186065,0.3658964013579928,0.5130757884391633,0.2867318402134027,0.17896162555333137,0.5039828735529248,0.2875889051373821,0.1973392263541111,0.34741851316289063,0.6206677811105394,0.3978599162633417,0.5398339038471572
915,0.9694968505289447,0.5359634511415619,0.25016127089205165,0.42983621470583205,0.012050830767609346,0.09260348063624953,0.23360799993146913,0.0370911696713892,0.9006848149081578,0.5159317209778791,0.9035449785610808,0.18200303401333046,0.7826911197760343,0.9784794818239925,0.5828072338349117,0.1759457462688137,0.9198095838249464,0.8134658982617398,0.10429935584949458,0.15586116636362268,0.12030133448704808,0.7250154739665087,0.8227091563882065,0.9795141775978734,0.0882597691031905,0.2683506950235508,0.8265257849856095,0.19728625029748684,0.5427998077990682
916,0.5038628938961569,0.34286703424558657,0.3829905134287054,0.27064796527093044,0.5522590256351602,0.5256184211669014,0.31403469782641047,0.37032918184555547,0.4558214767371183,0.33553281716032174,0.37662242241007127,0.34244411819966697,0.33898470683432075,0.48656388991545946,0.39348926042608806,0.45689807534025584,0.4742495513986299,0.44774382268651297,0.38150613487193674,0.3177226962191567,0.28705564991222915,0.19421322451464745,0.3479045665437414,0.44897753217580805,0.4772751254084521,0.2662612942320956,0.49433244160497075,0.4190750380073725,0.38688786736091063
917,0.6718640596330255,0.732576383241845,0.48535704945891556,0.6810006148471797,0.3676560340589683,0.5684194511979418,0.5525687764813574,0.853399084312392,0.5701130567887407,0.5809545477747844,0.652484106174927,0.8507614733846895,0.8437500181450972,0.8489211417269533,0.22781494733745206,0.859412613165119,0.7676170668526755,0.6781641762088383,0.5880766382233298,0.7289602848094422,0.5140428706659207,0.6933085162328627,0.8587277925504835,0.6748562234904233,0.6334566351231968,0.5906264138286252,0.3978694165503858,0.4163946946074729,0.4963115510871879
918,0.4666022585466235,0.3317100523943712,0.46838056239934395,0.413603221965101,0.4414318879310545,0.41511099311506383,0.4591887765006312,0.41582838253696647,0.44988269143627635,0.3887169756934004,0.41713661113642186,0.4103395884854271,0.32476353128094776,0.45294731753696654,0.4894256746390928,0.4033991258816541,0.46348072117954936,0.42354103560175466,0.42179392773091756,0.4014952616194617,0.4198239251242603,0.3699111691275675,0.3531661549798432,0.34086020494773334,0.3805124601818788,0.39303283083380663,0.39361069735715476,0.4595867814194642,0.36809119112165367
919,0.3712111161564353,0.42852731743595907,0.3878083123064771,0.35825883757843635,0.4340421449175328,0.46645338394007785,0.4793769843993291,0.37497344216080697,0.39118150769797,0.4492040768184305,0.5106498026769802,0.4146743139949158,0.3467977195262693,0.4957106766327069,0.48208808720317886,0.3930851593505577,0.40756488180043976,0.38267188889905707,0.4078563232395717,0.3333806445921627,0.492233657740988,0.44381318955075844,0.47778888323317253,0.400801591661078,0.42373422952755685,0.3970143079483089,0.43907269765265916,0.48525040535143427,0.4938498600559063
920,0.462114342382704,0.4260356331515294,0.28448552298777274,0.2663800777513064,0.3261478402516825,0.44655472324203827,0.3028198954560702,0.31644128702140856,0.5173907162984197,0.34232944192883213,0.3938061389064194,0.31832356149068275,0.42635788057561,0.4147359069646275,0.38208982123614316,0.19968460838113827,0.3184172187547048,0.35890106975735714,0.3118286922840783,0.28120736891243175,0.35012242152396245,0.29429208077997604,0.29709987157475826,0.2448560883184668,0.32096173980029824,0.39724296592707986,0.39864834198606475,0.4128256919496815,0.45412485546744014
921,0.5151427614208398,0.4270722337625302,0.6176432620303834,0.6884249526933676,0.626278203965904,0.3455137169888564,0.44310888124571995,0.6909022963654845,0.32209659838495314,0.5462326277723158,0.5659584659623753,0.35578878114755713,0.4227782345006824,0.6856469534658342,0.46447417555276166,0.2774420597911484,0.6281289911159015,0.5589484248168776,0.5828693635779353,0.3108513707376293,0.4213224141581722,0.47029402330289244,0.48019139558315843,0.6867703397282855,0.44183740792422266,0.7108506160891491,0.3867697840505031,0.5066998421815685,0.5563616078438782
922,0.37195667597583365,0.297677737263291,0.3788987386375106,0.4329960359988633,0.5387980343681252,0.5597342494971401,0.46384432504231626,0.41496719265972903,0.4413675455268869,0.37543257968168364,0.5203751308543607,0.512551023126209,0.29504397785207925,0.27349061971667943,0.2599278440714423,0.3824923498717269,0.5624199051223596,0.35406050017646323,0.5751460456246834,0.5376662919610447,0.24458320823507781,0.24623464719437835,0.474961238800324,0.6195878343947221,0.4124334354512354,0.46652934925929945,0.5282963005345306,0.44023950266439615,0.4675965942749824
923,0.448147015266237,0.396990728767929,0.30672545648805516,0.3068759821732139,0.3444967018164109,0.33960302875991477,0.40870688237950387,0.37739755510608797,0.34449962138394585,0.29397480918537466,0.4078105494733037,0.28633226123467537,0.4177618714243516,0.3531265878607556,0.3077911986276543,0.3900092238763983,0.3149805241669055,0.40796382462355757,0.3356709610259691,0.3848968832792195,0.3704091502380301,0.41420682150928023,0.36826007165853736,0.3769795610511356,0.35325596244302376,0.30556535210327435,0.27338104705121863,0.40076796241714713,0.37506952546032934
924,0.44492363649468275,0.36598709561786613,0.33070093540083606,0.4313499974799953,0.2904064931578838,0.5529039291334882,0.20246344192396482,0.25236153979043957,0.4199290579371232,0.44299301701920174,0.4317954518712008,0.3016455567406985,0.4379142658523397,0.43556495270951084,0.366109389530024,0.18544369451291293,0.3240297729881586,0.35633422496393513,0.3819903820578387,0.18658342768763725,0.39390174875690126,0.45968708993309315,0.40982700494891167,0.13859447097976316,0.35292767876892667,0.3226016630919349,0.29500341722907897,0.3280742512137716,0.5341112316112565
925,0.5271855238811114,0.4293969484773842,0.38171127382388914,0.3745258288505896,0.2733288616955111,0.3710830290130135,0.20474183881235633,0.3985609856897371,0.4528926147864853,0.29704181058690193,0.5232427948756978,0.39180907114447033,0.32151837155513047,0.371817684105318,0.38744140822528905,0.4301860359027831,0.15043535312505235,0.3050688919115962,0.43551436193811194,0.42254747196450365,0.13446772244821306,0.2692940351884532,0.5830415710537332,0.5133726401831207,0.52684695155513,0.4282550595977345,0.5379245017270252,0.3521678553970708,0.39117864046933926
926,0.46065998359833676,0.35983728673590715,0.4392905225487158,0.46895014633783544,0.36704866357415655,0.47003542939944837,0.39217487719202887,0.42251975632709793,0.5166156240913724,0.5123991771241991,0.4423087117927525,0.5633558283578366,0.5324923732720156,0.42803364837417934,0.5083695049827408,0.5688423666809643,0.3015724155901369,0.5231689089803125,0.25548310366056454,0.49260975379796546,0.41709247723575643,0.5686710490397117,0.6587424132612705,0.3895163270184204,0.32060748365633635,0.34042729536874045,0.5749914267236336,0.5753790183961803,0.4231370621366826
927,0.34301439648635484,0.41322979975321633,0.36771282458284743,0.2862061556587114,0.35307902960215365,0.45976465130872396,0.2883481046178648,0.41070317870978895,0.3500878714844009,0.3799666601536259,0.3601683940147459,0.2694110957056422,0.24453865374077063,0.40132497537702216,0.5780109427374193,0.31367431564526554,0.28022465231594695,0.34053520869851317,0.35978475139050126,0.15825622575254877,0.5089130113923581,0.3698313292328514,0.3292366535213421,0.34453684895540343,0.2741712098804419,0.31400612930459926,0.32205881686981147,0.2777361429381941,0.362915503895984
928,0.5111693905413532,0.46686357666004313,0.5589611711410419,0.4551320098671462,0.4991898649781618,0.5168412007362619,0.4820449435892782,0.43681551647416367,0.44940950792706164,0.4104327725223302,0.509946574550953,0.40422158509806977,0.36500097284671934,0.41164640098153416,0.4997405103300102,0.299680449865067,0.44231351917150774,0.4173499065191779,0.5533905115957886,0.4001655540072641,0.29034403584344326,0.5380035990851686,0.4097140725011187,0.44839917146103697,0.4332186044576407,0.49990596140941745,0.36224602025449487,0.464896042226363,0.3194069415864697
929,0.267140364244675,0.2173587414305681,0.39874740390869223,0.29424370271736006,0.2296313339827951,0.39805518194735595,0.5069390520309921,0.4058390483136912,0.27571569345123115,0.32184336989763085,0.41504873839516865,0.2683503014977142,0.4904443550511681,0.6027839520692301,0.21882893560263253,0.6456128741154362,0.38350079852499763,0.5042057910221502,0.4867867844847945,0.479461016636817,0.1409324307025882,0.4278044107132093,0.45305989265165575,0.24368471237634495,0.3573928099376702,0.1867884003387042,0.39764548419235196,0.4768199049632753,0.2855215628270038
930,0.021472573181136424,0.23508567140282816,0.4527227329413161,0.12092814936966577,0.1504805771016827,0.011846217148430118,0.0720351307640275,0.2358206170266158,0.31652249400420207,0.054771761597263144,0.06494838379783013,0.2632693851102727,0.16867227410064262,0.658694995431349,0.3309078204128287,0.27043610260649315,0.4629246237943921,0.16044148359405197,0.546367833198483,0.499143103730626,0.011942830652786956,0.08136361741546189,0.00741396105858553,0.30397108332461603,0.0906313617658567,0.4176103108282035,0.10167614452766097,0.038363337931216976,0.04896147386076706
931,0.18177181653494537,0.3834291900985638,0.3432000220668179,0.32029805750932394,0.18340208400104252,0.3924220474471262,0.5047625715797218,0.16657033888096254,0.17918238123500266,0.7086397111901857,0.0503508122675942,0.62185571174819,0.5499928167593724,0.7720734164850546,0.46129083232086543,0.2160316340094722,0.437379411247351,0.16885566114793224,0.3880115008662773,0.3130816713638475,0.18067147243051063,0.06982325650327581,0.18222140776819043,0.2850377294843824,0.4190068678246786,0.649557216411081,0.6577160552847513,0.6500814763493362,0.10865607169540058
932,0.4899281195974704,0.4398082595771944,0.48075938437987153,0.49408268069536837,0.5779595837864706,0.6018080967041435,0.48084857339961845,0.5464559423245885,0.5175590355804268,0.507890888606062,0.565341251342553,0.4819899721453224,0.47314330232062074,0.4917380074493936,0.5521269314685163,0.43085215186165543,0.5337749905482413,0.5309955084354524,0.43600008494788417,0.4960053955362551,0.5909779644749107,0.5230111364025325,0.4253668616637296,0.5067061323402879,0.42559549193646085,0.40055599566342304,0.5517391845489467,0.519576283638801,0.5210496496385283
933,0.26170104958563845,0.2559434246241711,0.4510153894567748,0.29082984809752904,0.1661955305368643,0.21614755181983744,0.22168601424631906,0.46152805733558755,0.18766883592597758,0.2800579162235169,0.23885264017400346,0.2996047598040222,0.27910366913479034,0.21667430427019582,0.1071222560252082,0.2544902182685369,0.19121420124884933,0.39592003593888575,0.41382039379380886,0.346534819299087,0.2676538233146969,0.09115845313285599,0.17591629331484673,0.5569926344615601,0.2593273611814371,0.2460424620771986,0.6506034438695126,0.3574369806253125,0.18409337826301608
934,0.2950066967617238,0.3339274594095547,0.40102339476529136,0.3542504255569642,0.4290294995502627,0.46294372499904585,0.39864032015813644,0.43570138036244344,0.38699988844845573,0.4006619676864924,0.3307804712558297,0.37117526722595134,0.4233742337309567,0.36088933383263017,0.48051319105372087,0.36889908623566287,0.3563040725817301,0.30350359005375066,0.4469884459712197,0.3457458673602003,0.41538295628611627,0.3063933414862977,0.4049892556221711,0.2927755040670434,0.4130425222266999,0.35952541013684713,0.5062613290779002,0.4786480647836548,0.3497319645168899
935,0.24834440660801846,0.23457776189892282,0.49173383643824037,0.4442032488295876,0.26363752650158156,0.20741102858490976,0.19032331960035234,0.23639891781632016,0.5199638234905711,0.17342000801673496,0.5323756119174646,0.24119017091512637,0.37645611923745664,0.059630258485778354,0.2292433631794002,0.29278339104028767,0.23723645438723456,0.5273916917942006,0.5289093426447735,0.24009998855187725,0.33623881330584804,0.1892221083738485,0.3654214433162862,0.6604126348791575,0.2225539476645466,0.7095611204731077,0.24712462124646448,0.44891966486911034,0.53690736450529
936,0.6077984144219969,0.43301233757649776,0.3776186862662301,0.2955923139454291,0.288115775033895,0.47740338397827087,0.3491041735472574,0.2940631069892375,0.5253757360531562,0.26504533789874046,0.27316479009384753,0.3549093946710519,0.3827045260527589,0.4371235452129781,0.34714451264955765,0.2809801105913218,0.3815556026639069,0.4497575496279587,0.40624882193098194,0.25281452819417516,0.41845336882821027,0.40074640653958477,0.3191355852137048,0.22672269652589236,0.339295025040018,0.39486531279713805,0.3821066721203049,0.4530755117486254,0.47971002538624563
937,0.2635618975001405,0.19292425419095352,0.3410528047534362,0.5275841098461013,0.25952366886723316,0.14343151433456142,0.4345543008195709,0.2474094190857268,0.37691907327351537,0.5552587060260357,0.31657991180297146,0.5555155983510275,0.13727893432657126,0.25713158964296823,0.3957150408369199,0.34778056342410346,0.5637564553797276,0.38800721443707215,0.44090741348528006,0.44049532377205425,0.28052655005564614,0.41687241316659623,0.4488864878155968,0.5742480103850729,0.30743143582589094,0.2545051339483034,0.43667728309777304,0.2899693467846293,0.29967235164979505
938,0.46046221321178205,0.4150058102667606,0.21690727326831571,0.47768280165285454,0.36346175742573966,0.5262077158337168,0.567805717881438,0.6088302899700577,0.4963688605432358,0.437181529757682,0.5118175778743304,0.3061889430368545,0.32193159636728313,0.3774832119980226,0.5140962533256355,0.3328222006905497,0.406928739898721,0.5220225293776588,0.6600584161452678,0.4719011685360222,0.2753020535530044,0.5099351478252655,0.36416985834469673,0.5106182816783339,0.4823487816263799,0.4477940550967825,0.32448554551736003,0.38330793167039395,0.45195688384652705
939,0.4801191139282397,0.4655613200516417,0.38717398976699996,0.42096373449355634,0.45241325794517356,0.3904050304046592,0.36235070253805396,0.40488117386415845,0.3554446369543436,0.4801198542901871,0.39296792672750813,0.4296015495815934,0.49689618434550253,0.4895221015237255,0.32338884054147693,0.46632078016599643,0.4703472278833852,0.43514364178729326,0.46444973005020346,0.4580121406379223,0.35837824138399116,0.5486505878224947,0.3079043951890523,0.46420312921946816,0.3863927937013017,0.3922445489499283,0.41367377907136493,0.5208158920104241,0.5325036970039426
940,0.28139184924909133,0.4073508182535187,0.34260535765914807,0.3526294264048798,0.38836608605945183,0.43243670203369927,0.3462692076426894,0.3180920880298149,0.33224657916624717,0.3553741222813053,0.3534503742252604,0.3297547353633271,0.36228431084310303,0.48314216741391725,0.4061164233841706,0.31505707947888595,0.35154002799327577,0.29695336804133154,0.32514346534078215,0.23461568852718992,0.38474483270871496,0.41064837553600836,0.30386756523168046,0.30975662411804505,0.26742884062819333,0.46442863548021784,0.3778364799336161,0.35496310959919986,0.3438695897966093
941,0.6106470170410978,0.5723294084072781,0.8518503545299028,0.18380471557658853,0.7750500317050836,0.16076944836869095,0.809209933091437,0.5682542688331846,0.400188582420896,0.7134987135496346,0.13128948480765437,0.44794359591824,0.27344260333282927,0.24056440623742312,0.519818608697909,0.22984791974369698,0.1636122365908008,0.15851644589217875,0.38758367161141727,0.39829146707703733,0.1946032310659067,0.06477138498229465,0.8964644060753734,0.2017071535896554,0.9784025856064118,0.945042863331197,0.2413399331899279,0.8280155621574743,0.3606729057175857
942,0.38536240626985935,0.45293248679901477,0.38590328952936287,0.2452194811910425,0.4110946572821804,0.4269749862422859,0.34165383506409386,0.3665273885324431,0.3766193740879631,0.4191500540301097,0.4218312112071646,0.345106756208892,0.3017928682184725,0.37695871689967775,0.3312543939779241,0.3520996762069911,0.3115509524651169,0.2608900392471647,0.36815805534062984,0.3577755062812997,0.4147078788513643,0.5201167956535208,0.35612246455309554,0.3260083852676886,0.2879347349521375,0.3433358521212539,0.36846472172106687,0.3969948266806906,0.4045324601958585
943,0.43368286255409927,0.4403441714096343,0.5133843281737163,0.4153168870839418,0.35886768004465863,0.4970121759157878,0.5262046139602541,0.46279300289011455,0.5537795951924922,0.42838374120210093,0.49546067627222296,0.40366530007479384,0.4737488312670212,0.46326764687809935,0.5490680762600243,0.42699049501539416,0.44085086285841546,0.38344233155816587,0.4138815229232045,0.5212743504364324,0.4227364491875661,0.4503192761138415,0.5783396783327315,0.37426898344909,0.44938531790370695,0.3354974977468945,0.37146990904487287,0.4318465605562539,0.39245018994944997
944,0.4556090948659947,0.3623221149834572,0.3983557007208851,0.4007644948023439,0.38773471851434166,0.3701066306828104,0.3914806346506437,0.42089099551211256,0.3780099049903315,0.34752948708010406,0.42568600025743586,0.29863416623724753,0.3585428395378751,0.4330035807681338,0.49960177924773813,0.3112440816584629,0.35804184063130096,0.370376860076429,0.3983152435852628,0.3668964920244005,0.35073056103266215,0.36054705527749065,0.3796852347778318,0.3866540867746367,0.3949674111464383,0.28542666418576196,0.35678229706279124,0.28864670363026057,0.4104965405659976
945,0.5441267259777043,0.5408118583588385,0.4984961702966067,0.5874377192439191,0.5247567953221268,0.4717763598056991,0.5477285220625608,0.5134623167010001,0.5185713389367825,0.5576741604047438,0.5692570115191949,0.5585580622502074,0.538624763980701,0.4605588514473163,0.5373571015660199,0.5186252289906141,0.40434670703038056,0.6057246282176278,0.5502299227446218,0.5475196826499028,0.5230685645462914,0.551543587705529,0.44956077518423593,0.4555884073141124,0.47079757544459355,0.45219855747302773,0.5941169370906506,0.5142013150941678,0.48356591708733215
946,0.374787906185707,0.39622794162789843,0.45106360318357624,0.3441922900236935,0.4060160406836736,0.4515386747377819,0.485058805167209,0.3938259021630134,0.40197954956845,0.3637686893959126,0.4757478600963358,0.3953037013840651,0.33944883119114305,0.4524405727257868,0.460054963459688,0.3592286599751295,0.3746422497271873,0.3049130979790543,0.4241062953313171,0.41413004391640074,0.3776066132898556,0.39411235020878616,0.4651250808357298,0.32756550132932455,0.3861875849268939,0.3652993753125583,0.41608895424587644,0.4264129576592738,0.40910359718361733
947,0.35358137136028656,0.44125159163828365,0.3275297998850071,0.4224394689699409,0.3405349189977638,0.36235208474950564,0.3759202847191568,0.415537874601216,0.3277559210455222,0.3105763332632031,0.45151526478076015,0.3337619802888189,0.3898269718231893,0.41434643130032855,0.5077386897573656,0.31577588315073674,0.4433241143330333,0.36894654595771564,0.5005870902148858,0.3165821913096023,0.2713776186773784,0.3467386327303637,0.3093180341519702,0.4812069043059909,0.46391187991585897,0.40941553049784213,0.5233392034257933,0.35946742336900245,0.3397171980529455
948,0.47404760058570966,0.45179820831523776,0.5945245843266616,0.4728370279027392,0.5308315102222158,0.6036239322675403,0.612965418059783,0.47476777090754624,0.4528694300821707,0.5602457634369169,0.365488031856228,0.40264471161454457,0.5187435625885349,0.5462306941310076,0.49233642919531434,0.5875823958568404,0.5956722159135998,0.5282548461399859,0.37652360121100814,0.418688645585553,0.5677228724719637,0.3109166474907753,0.4785369231959118,0.40181476681239037,0.39898672681087316,0.40543553348479705,0.3510547169427391,0.461812726912388,0.5328024661940505
949,0.3326693736509528,0.46946813091653455,0.42004338478560954,0.4446712393293529,0.5073896635064041,0.512951867624751,0.4029971628124419,0.38481495582291064,0.427852625029443,0.48007598257529166,0.5112774916315549,0.322767151870689,0.41760779082606153,0.5068721417407543,0.5719894806661301,0.294284141828565,0.38225884481569866,0.3038333192611495,0.33795624007144703,0.3966859117888216,0.5052523625543076,0.3419255778213237,0.3191618603699958,0.42084448297094446,0.43659963606803226,0.41197978592434875,0.4766173944507474,0.36227561450684487,0.3687664066200716
950,0.4296688207984621,0.4509680562582015,0.4093633430791629,0.3090583914794519,0.37068658217857187,0.43432755018484126,0.35283539520812657,0.40356673828522466,0.4367192513314157,0.4304345034647655,0.36504487158686705,0.3911402608051665,0.3056136001996038,0.405400542935455,0.4491439348853158,0.3053396680370459,0.4027214644418638,0.305546778996639,0.46723792640806644,0.3268889154638463,0.4172751536408058,0.45384682577747093,0.4058501641453729,0.40034216808702855,0.3832341602889607,0.38482225673427445,0.37171869997256496,0.3750658652550619,0.398470167026469
951,0.6307835287929671,0.5037338537967561,0.441908765358174,0.4087301490358256,0.5419449919166467,0.562998359042627,0.3972056885488957,0.34715552640139596,0.5377653215328437,0.42961692241890237,0.3861827485432075,0.4804401937592678,0.3921066191619584,0.5420789618902491,0.46341871421080283,0.37222479977292505,0.4992881089587214,0.5084083706987563,0.44359166796374344,0.34274901336895774,0.4390471329620488,0.4150231308160951,0.3575064741443512,0.31171173612048714,0.41202050697856846,0.4452796393503819,0.392149797442825,0.5137133662318607,0.5044609438249262
952,0.3731420472247989,0.0678733852405156,0.10228172460353586,0.4159349154876104,0.3863652932068847,0.12985346330207112,0.14468034145932304,0.30949392061511816,0.27418372343498004,0.16532347833278022,0.40000965613235123,0.39862669536518797,0.26558744401970685,0.09478449147245907,0.12489768604270489,0.564072228657099,0.43287739336643855,0.2652674653154818,0.23587080509675365,0.41920551989850946,0.4135454760508925,0.6014800738481986,0.18690056484536552,0.08620021790911692,0.1174063514614546,0.30016867721089063,0.4663703580090297,0.5968628977905691,0.1249167796931659
953,0.16118759133070573,0.6890253259566806,0.3236733570399075,0.5294807379801023,0.18776519925545554,0.5357022621582586,0.14534529236394586,0.3095526704946846,0.26108258105675086,0.39971108721175047,0.2642126168529388,0.903316424260627,0.36469244012088115,0.2506408319270634,0.2460842449704699,0.20658826755213347,0.2502295863282043,0.490202736872189,0.5044769815265769,0.414921785397283,0.4741775494895919,0.6115969688152383,0.4430185916260408,0.19976280190084958,0.7127726762131601,0.24107947853294648,0.38659588565096753,0.5392610412771288,0.41600512740960977
954,0.3655697545811758,0.36750887976957364,0.42119213147737894,0.3262690489585353,0.38615164844980365,0.49115179411121845,0.4358267599109662,0.3556678063627306,0.36007460240368494,0.3296488394641057,0.4242620630974344,0.36290695351799596,0.3046750284534995,0.43545074758202557,0.394418842873463,0.3803269191426491,0.3686002079665592,0.3481884706519772,0.4203140339623209,0.2661129005438062,0.3792116928746445,0.397382300750898,0.4071638020596168,0.3666458181692279,0.442379734525204,0.318496444381459,0.4110912861553933,0.42077300954703095,0.38399388568125725
955,0.9048709623942314,0.9889170772908064,0.36220687724368283,0.9999935467431083,0.019789626200206977,4.732511341811347e-10,0.9678469171748255,0.9962189090190083,0.7787013661837009,0.9999152701061854,0.9986461131798845,0.0025058741599243745,0.03748624334636697,7.506653188802322e-11,0.14047999089055052,0.17200481201718737,0.9128186263349399,0.9895809426363948,0.9999731099760771,0.9995247999105003,0.9996282023015994,0.00037352842203705003,7.155507420148014e-09,0.0004021641903611275,0.017041058511607168,0.9878868436012728,0.9558556642758974,0.11677772289384779,0.9973222222188631
956,0.30568921954717115,0.5982069764203448,0.42085055339054583,0.43695015928063263,0.40645909492381055,0.35453119564591185,0.4444241594041885,0.4073620051326824,0.38871218291287873,0.4241124306243191,0.4583813693825408,0.39660552898250706,0.3864774345140151,0.6481594814489241,0.42927743355441017,0.47900576280847085,0.5739866371123766,0.3841226491777149,0.4528559278010089,0.44238065678690797,0.400312446163656,0.4032786550392133,0.4362379670920541,0.5597438790697705,0.46756530242700856,0.3025835920025939,0.4807190602906216,0.32606902443995905,0.44155830617662567
957,0.6445775246027494,0.49421805679883973,0.5476841092169737,0.43674971589456185,0.573712454235791,0.5556129901377885,0.6034371814376187,0.4809801166923148,0.394340448888163,0.3666234288482689,0.46480946936113166,0.46112580863365044,0.6600044976865695,0.6118555155361322,0.4776748143685067,0.5627219952527729,0.5186734244934293,0.5098477326275794,0.5938733817832427,0.49111281455951944,0.6109095498676448,0.6662743842462071,0.48739315100828245,0.5672688395923415,0.5531477164125899,0.5013279181868858,0.5782176395436792,0.6394443474179646,0.4741445938574185
958,0.42449532132017115,0.37297990259584857,0.4429363152053891,0.29719011994501127,0.39646595382002636,0.3614179112381245,0.4079334324973665,0.4336626019538103,0.4494471482291345,0.5099273818557131,0.35782047034168707,0.32833833148834146,0.47430524504423555,0.45075458263147467,0.45158887090000227,0.33646386609,0.42108754746276766,0.2655224979441431,0.449585787838271,0.4219547776498217,0.402967670218183,0.27342554176737854,0.33602055707560635,0.4251973909586151,0.4046621753491992,0.3481657789200932,0.41267274924694886,0.43155029549889207,0.40170174029897554
959,0.43922927567265246,0.4444256002799666,0.4868473605608309,0.28846402608449057,0.5567385142393066,0.511091280876091,0.3964204746658751,0.423084462160952,0.5536786920489153,0.31288411311286124,0.3540385877525983,0.4363820099949862,0.40207228791360555,0.4927612536698836,0.5660799883023798,0.4831491924578897,0.4791460283069179,0.2559756623962204,0.3002902303884528,0.3498539900466725,0.34908033491500934,0.37149385942573915,0.48126025581300713,0.38731531797888674,0.5978092743700023,0.4135159916321188,0.42099868326590484,0.4698338876820667,0.47564662189530477
960,0.5231472581466243,0.32813104185738895,0.45586946813450685,0.5198245617898212,0.37306304989112504,0.2884078693642442,0.5065868911679159,0.4021941568612517,0.5966491386095065,0.35959921760970576,0.5139626446803992,0.5478821015665197,0.24176892823556795,0.2899202479698943,0.42112967655422756,0.21237971411836185,0.5628464951547775,0.23611673390118768,0.6074382400819667,0.41307084302254293,0.13321693758923955,0.4353448586686929,0.4791723426979009,0.6936733080634773,0.5092752593213401,0.7470572760233417,0.6278798093545372,0.6655103396782128,0.5273784280298262
961,0.035479490411435444,0.001763559218343254,0.003299820630010202,0.028729543421908376,0.16035916825285212,0.001851044178823151,0.396899095515416,0.007868405577222432,0.03204299487643798,0.21213271469900313,0.016102799235622536,0.10140911764688498,0.005348913070263706,0.005777559832084849,0.0016752479007380323,0.08295548304031897,0.00250514673932637,0.5896101892180801,0.06866093214146354,0.09342957530007541,0.002397400670048026,0.02177029658665216,0.07753329841608506,1.2303277871217659e-05,0.18788653132877195,0.10107592609664592,0.08222121026313717,0.17827865323272893,0.053240424450376245
962,0.3294151336990527,0.33577769532559737,0.3857500303419821,0.6992666031762488,0.39842328041419295,0.41648937338237346,0.5022107125811609,0.2447497134946853,0.3304842708692026,0.12778663098637752,0.18567620282542927,0.30423236932506037,0.2985692138060259,0.26050116194916384,0.1646772716132374,0.5395697733186101,0.2494114233671385,0.45153431825937623,0.34339125262476455,0.4042753972204066,0.2219396977469417,0.27385930867234864,0.17476633592527932,0.23749901489286948,0.37864999429478047,0.5771820476516888,0.4362752589064413,0.32072862669754415,0.4874854146255912
963,0.5022773014286349,0.2724640596643931,0.361594191508274,0.608256645212804,0.628905398249271,0.6601118981372658,0.6047983738263318,0.6927558000651416,0.6742566847009265,0.40745573758759934,0.44535580578722317,0.5804317380947979,0.50246328796184,0.32424064293330107,0.7500539556935216,0.5885526386829348,0.7025849103316376,0.6122158599390533,0.7004758990962675,0.5346826008527057,0.6630127994848101,0.5377860787282861,0.6581410881588764,0.632498959207141,0.6823080120900904,0.6557549925351577,0.5131318323483025,0.6527779275014244,0.5351491654577428
964,0.7130285713218035,0.6543349640913858,0.5967055612972324,0.6639621960964017,0.6403557021639165,0.7128875390421473,0.6381471310165107,0.5600049613038041,0.5191401950399489,0.63221926767571,0.5939828752155014,0.6412928609036871,0.6137892078544638,0.6359331739551958,0.5991980542029918,0.6738353799435036,0.613175796273099,0.41453132967462586,0.6260926079667282,0.5654322011904224,0.6305427134842894,0.5797128711848408,0.633578513906292,0.53160666514074,0.5112026388446809,0.5510571429924328,0.6646998724864097,0.6867939392074148,0.5769287218468142
965,0.5974017758243122,0.5626633831747299,0.742699275974347,0.7782307317715292,0.3594423608985451,0.5036030698028157,0.39650783206655627,0.48221112540276406,0.5127054390216873,0.42815936500979684,0.5394593389269045,0.753953301827158,0.35716472946613176,0.5968868034210378,0.5358106898173618,0.5626518016594407,0.5569003994710184,0.31529626114056036,0.5741064244288623,0.5887081834109041,0.7361232704609464,0.6299748983057578,0.39022558237596217,0.3221313217912964,0.48991128033761727,0.6823689812658439,0.5343846618773523,0.31665270707814386,0.7617699056698992
966,0.14646499799467427,0.30902218497158007,0.11480847398539105,0.3314413202960491,0.15746075902668263,0.3120707365712979,0.22679664370601538,0.18570600585355743,0.21673747102862018,0.45630411348890815,0.17542430422229074,0.3062611241258858,0.31210846172724316,0.2578915260969247,0.3729484728599866,0.2677517666492927,0.20529012081868567,0.3134313076779759,0.28815959047197515,0.15969364066765432,0.36558425450158,0.2162155975907645,0.2925101927726394,0.23034296882980523,0.2951209366574911,0.18785697443345659,0.31572628117672413,0.29844283102207275,0.31446037367313523
967,0.329780746375108,0.39273161317586064,0.7036940137121203,0.5896484732779956,0.25025888728218665,0.5708959221109062,0.042411260384592725,0.7631590218370513,0.29639876049198455,0.6520227941665148,0.56058334746535,0.39917309687789226,0.5693502888424151,0.2128327593678028,0.0034168146997221173,0.17225999998237576,0.04414896239250863,0.17525149487997363,0.02719450834684107,0.04420023197265212,0.4674052059234296,0.09806268063654854,0.02379837644574871,0.10775130391878354,0.16284168468399948,0.09487149905366207,0.11913385879037729,0.43921013763545536,0.011944066620644612
968,0.3615261164565312,0.3070004608477825,0.3610472963737988,0.37093310007491404,0.40515948087847575,0.5026081218541147,0.3199299329811388,0.47426011600650975,0.5207445620000895,0.4969834244005669,0.40579157916790964,0.4946404928416316,0.47555781789543156,0.3132137977833433,0.4593488753807553,0.47540886200301724,0.5218635617646831,0.3522162760203928,0.39970108603662563,0.50110180919336,0.5419738563356248,0.4351300823118657,0.5287571791126605,0.5480972112946264,0.4094417631986013,0.5014224347628348,0.17013878906581556,0.35228247340653374,0.37626762580179424
969,0.5017986371715526,0.24880938410250866,0.3347818492418769,0.3925586636896928,0.47610328787009143,0.3397224151640492,0.5105025631752077,0.3316922072163994,0.5542918339915828,0.2801571816452034,0.5809605159655442,0.4624718794856695,0.5140566417922282,0.3706114901834253,0.4290029084985559,0.4867231329973545,0.4631424278842823,0.5697015144700949,0.5860064731782791,0.47159502430531197,0.48214920521165167,0.4991125789923037,0.5018553394623931,0.5095624064517614,0.4485742127723347,0.40052472723355004,0.5242828429454262,0.5704431729410309,0.5325129558900836
970,0.39376025311664764,0.3498317908572328,0.4097635061233718,0.36422387680896606,0.41188838154516944,0.46878693262704846,0.2905387428352291,0.3479630100313137,0.41440258166185323,0.3480039475043443,0.33026754289383514,0.35348551091823677,0.3061581243336042,0.38434403302088965,0.40229231118477027,0.26937651551849456,0.29484317571363117,0.32414816386924794,0.39075151464792707,0.3323598925677406,0.2244902598414696,0.3717044754943515,0.37127945486905645,0.3936302003649026,0.2816180646358385,0.3463264069532262,0.36111690498470067,0.399408550316624,0.3082069644959484
971,0.4801680288621603,0.4551218774147199,0.5712767925530101,0.6557603894029229,0.5372622592369981,0.5614501804846304,0.4541527580425498,0.4352600818285662,0.3745150919011279,0.5465088613912554,0.4786313586187535,0.6227466688704459,0.5298459148978779,0.48920324418170863,0.3891209790093166,0.658329669387256,0.6548604087509101,0.4957099183864277,0.3974061395759587,0.5210068966800879,0.5710498258412212,0.6098474973376314,0.40971221921303697,0.43500357499736797,0.43199796703862703,0.534606563067029,0.6020306527618048,0.5174293607175479,0.4489790735587235
972,0.3848327187052125,0.2363350830630183,0.3381872516141095,0.2642616156203778,0.25434874355318315,0.30236955477129895,0.42434414185973235,0.3819690185873488,0.2181920797661908,0.39326195009696124,0.19007902029556567,0.3547514568024725,0.2586603314274142,0.4995658120283087,0.35418193583055635,0.37741806647116427,0.2490439195161903,0.21952107150319575,0.3632848158336437,0.3519525866697091,0.2554803232180337,0.26815301106586786,0.27439749121437657,0.4245474269487151,0.33840028863576627,0.37110496215299765,0.2692163971557845,0.3174446277950341,0.4028369720873343
973,0.15379145578259956,0.566669207488258,0.5432554213070125,0.4316217391318427,0.5344143895823167,0.3070498534741622,0.15515465213405774,0.3996630773629422,0.43754691563162795,0.14325305107234915,0.3055334062969155,0.2910838926393061,0.26722984334897026,0.08173197425688411,0.5589604279314696,0.383195169033098,0.4067554529880269,0.5240644454557718,0.20438761174021494,0.4709418384399424,0.44852228678585554,0.40752787676583796,0.20774897659871897,0.5497597368464029,0.4769852423360458,0.2700405593736754,0.28052684278200046,0.35170798136651765,0.39293202927463544
974,0.0487976391981483,0.0002884507345762615,0.002119472683534757,0.09001346880209148,0.3271541647468119,2.198207358200682e-07,0.03598639405292952,0.0013417348133229576,0.15224154732175196,0.014743175740027398,4.316533565311596e-05,0.9911066184248299,0.04230775451481412,0.00016015659414654113,0.00012159091020683832,0.0004296450790662371,0.07212851167963615,0.00019040626962547077,0.0008581131892103909,0.001256078339766757,0.0005003969136198579,0.0014648365016681245,0.03914511165386414,0.004688976806563659,0.031641340000689355,0.05637889211176079,7.978799759915994e-06,0.2940913111181392,0.6780053085377712
975,0.6544666934178952,0.8681541099561166,0.7735948222280551,0.32883741689289414,0.3491078028053849,0.7079876829292057,0.7117934876323919,0.5657874518937038,0.4889479899798427,0.7443205344506965,0.637093685217257,0.59271060582924,0.4823451085437987,0.6012052487714589,0.5705539032627256,0.7253596737536947,0.5565169314433778,0.6810154773346083,0.5298557829441464,0.7814984227970291,0.8851122700484022,0.49830256075149026,0.7485784959143674,0.47446179871071914,0.541059665658251,0.2652367053112663,0.5771826900555035,0.4678380411635292,0.49652924701026535
976,0.39841189014462053,0.41273414368834566,0.3953297252533423,0.3276482577091361,0.3324728800816609,0.5660282506414789,0.4375922028010588,0.40483395430706576,0.4645428689894853,0.3788703629306678,0.46788880157767726,0.3795701949810403,0.30124153197834563,0.46394976062753934,0.38553464832697865,0.37618539512181803,0.3432549810117322,0.2699761046868422,0.47434769708166336,0.3910605533275217,0.3926703531079314,0.46890005912632926,0.4315693841638667,0.2898930888944952,0.478289559786014,0.380038810472173,0.28853199184296546,0.4743464239182886,0.3851966085156509
977,0.4713492864354185,0.6335819764394501,0.5568015122373458,0.5754835051230272,0.7630280605272911,0.4258618109764493,0.6586712574996364,0.5818276242173118,0.5790117512939885,0.38062475284269986,0.5020385495385871,0.4406798317369531,0.3273565516646821,0.7070453904588018,0.5326626909890758,0.37064862428066764,0.32929253418708376,0.6567306462128287,0.8548272141121241,0.38313489276093676,0.2507774032131687,0.5533647508762777,0.5397343662944225,0.5714192827952435,0.49432203113678774,0.648200652320987,0.3637901969080697,0.4814473034079581,0.13498523946918942
978,0.5268722889260564,0.32950206417206235,0.3784450090503121,0.3429088162799317,0.4256294594124365,0.4994700703733591,0.29430515964074644,0.48919199966270727,0.4953084461466417,0.40860544819117367,0.34443517049913946,0.3554672263205699,0.4383310410012551,0.368814432119179,0.3302538926291478,0.301477425706393,0.4079889338138715,0.44858411651825925,0.31211073615497825,0.2474072293873608,0.2692225187075039,0.23699608245578177,0.3993292663852827,0.35972726833479823,0.3853966887262138,0.25410268779114664,0.4618231578862722,0.3668429770692258,0.3254195711622567
979,0.7830145222795731,0.3568864506814321,0.6032777592772264,0.40371142028797363,0.44983851672138453,0.26293056858366015,0.12437408450294742,0.3355286640739741,0.07790928808176388,0.15160366798650401,0.4120703090241215,0.10570726246933845,0.46453359685212514,0.3059865979713661,0.19803208100011102,0.09659074202391409,0.4035136328085324,0.40984001194390673,0.6937184165615794,0.3692261689032472,0.32660801509177273,0.18538587414300073,0.3605293201508176,0.6407212645059865,0.13614471104055934,0.08621050049978267,0.3805391093655237,0.042614520244968174,0.559653272265143
980,0.6055252938113793,0.5521651402289265,0.5059187942001175,0.5341265071932889,0.5343610366701388,0.5724246900368052,0.5892631214997134,0.5773029184004599,0.5610523972553219,0.584913083741326,0.5672270663078952,0.5856489867258047,0.6297801315224522,0.450773240829764,0.5999178288036325,0.5388594911310954,0.5970311449818315,0.6145840853065826,0.6098719357450315,0.5279853677629536,0.5649143855446279,0.6122130494442393,0.4469809967055412,0.5192886874394403,0.5047475720631066,0.49961670810259307,0.6263759087943274,0.5445463896400761,0.5865569721879579
981,0.5294471704985113,0.38706176352304883,0.4052812969594483,0.4838437067849843,0.3609022534198571,0.39117902853471587,0.46565759683070207,0.39325312310027266,0.4015299642110901,0.3422068084824958,0.3731308911955642,0.3499882837930026,0.31699591690773354,0.4224379162758513,0.5800418656269158,0.2905052295779177,0.4820954264201982,0.3666520189828026,0.29684955448431394,0.45629521598203876,0.288790339624834,0.4100821846664353,0.3432123027595873,0.5542580838516998,0.4862965272826466,0.5194798788711698,0.337100625504527,0.21842543072615409,0.35108892566272937
982,0.29846301346525045,0.4190644981459461,0.1764613739666191,0.21578744272426273,0.7067485678663562,0.13835425094093473,0.1883048597171935,0.2585328594808644,0.22913373234698825,0.34515279138085414,0.28222721143343643,0.2660508135890466,0.30574807846191077,0.23300253849264027,0.4089683343612558,0.17561643003567953,0.2715077170503386,0.4282184974223797,0.3991072650872146,0.45103945868522144,0.27685280207492546,0.10000034145455268,0.06501538431551002,0.3913670050310606,0.05488529871394654,0.09019880918978294,0.33480411520501796,0.1853349894298668,0.06044273849087003
983,0.4949922289337144,0.4477230684536193,0.4856257888216942,0.4952191941832262,0.5186395375380732,0.5271863125257408,0.38159176665133365,0.45157091615385864,0.47844182198098206,0.582650251042604,0.5100441304543929,0.4535091933931766,0.4376551016326958,0.5371675104204957,0.4524013638154656,0.44190956179683794,0.41123656687210575,0.5870331851758761,0.45300302220789995,0.4921183287680936,0.5375804876776072,0.4608002135350856,0.3826457331630863,0.4694318737378199,0.3784416053619053,0.3167789769995083,0.5095170311194572,0.5046551826481751,0.3749213363559283
984,0.007032220015985069,0.050471094164761726,0.03764953822647191,0.00023604359273402787,0.007991583439550488,0.06915596839387249,0.08757554765661689,0.0045574035359615996,0.04782169587065854,0.023309103636882957,0.07686710841169507,0.06661104217048482,0.5361162004936025,0.007505120522815472,0.05271987660805355,0.03604896882076534,0.16133800067765175,0.0038289171792716525,0.005965699860342307,0.04613903495679983,0.011432454449654692,0.02753072300941202,0.032749565100633746,0.0072825872742584355,0.00115870305923535,0.0358044125936584,0.009735198888783478,0.03004296667416896,0.11338508336802498
985,0.5349292124493611,0.6158305884666707,0.37052167978016576,0.5175451216628595,0.3871333474949291,0.39160705712387517,0.4614279514592866,0.37964536621539297,0.44596837426522073,0.5703451904629604,0.44275591522839214,0.3411963584232095,0.3900893773713105,0.37607033110726795,0.566840030394771,0.5771058632428459,0.41437617182483905,0.41426369119951645,0.48197665326500666,0.38129455709840476,0.5297774103265099,0.4589395254040247,0.4445813233220094,0.4514832582057451,0.44094469724887697,0.4461108752569294,0.50085467568511,0.2724557937382209,0.524948138270878
986,0.30479310491116635,0.37651163036314583,0.39088076194364246,0.3769540544184824,0.5020706131017488,0.3373772392945855,0.4288935023777186,0.27184862962091727,0.426262455492768,0.3806671628346002,0.4329602965525839,0.3814563363951594,0.47933289498934295,0.49270239069431215,0.2582826999797017,0.43544667706344253,0.38761365843045614,0.500664225471203,0.5251721421484649,0.4631958545571896,0.3035199091761947,0.3113806375366814,0.27025078597681146,0.29549198799108756,0.38065208743101436,0.2512606617296892,0.49830318040994637,0.368598224452006,0.3032741282745017
987,0.3037767522892328,0.29085618523844503,0.2565908574242018,0.2392272763260239,0.3427990081257941,0.3713572829512739,0.3281137548165221,0.258792849914649,0.3364563969045946,0.276930884829776,0.28819615020230765,0.27294990308028994,0.28664007897494553,0.3468375860739727,0.48184940923418496,0.20481644766048476,0.34303138897878155,0.2527416015823638,0.24230469169408045,0.2243168782488955,0.37171788196491556,0.25027091046740824,0.2845208083008813,0.2318796879846116,0.3085733372002243,0.33430216777866123,0.35321413557442755,0.2850247778789723,0.3164602677029772
988,0.2504781998598204,0.3347913150306174,0.2308221942207413,0.3343311889020105,0.36903442052358953,0.4079576430291141,0.1584965411892623,0.29125138791585187,0.3546334329059292,0.14754307496484562,0.34529773945841724,0.42168791643555514,0.20789949314840603,0.3563609752931753,0.20279735042213914,0.3258073249850204,0.3327916872821776,0.2783698048793712,0.18396121002787635,0.4207448412036869,0.2546066269662051,0.14817677316080713,0.14495130868714642,0.18245117830743482,0.19898554574910288,0.3940422947852373,0.2220406827370468,0.30827830465515466,0.330307335491577
989,0.4079196709006893,0.3699620208781561,0.2983980265520788,0.33809323833741295,0.2688302849782458,0.31050800879305934,0.4069599754898618,0.3956906199294525,0.41957402300171137,0.28286098943872734,0.41871187027293283,0.23941159964370703,0.2607743860998171,0.30849700660412166,0.45837816617595023,0.23321520159632136,0.25230473597760467,0.3374436350887442,0.29973464352436285,0.28780021014882856,0.2849641816530285,0.2756105010761641,0.4248693520639406,0.39213390578794854,0.3536175331084425,0.4011196938505022,0.2396809732708624,0.37392455307282935,0.3157546432187227
990,0.410417293132822,0.3517279996579339,0.4538164823916365,0.5418240479960693,0.524080697432568,0.4937690399087851,0.4961281977583281,0.5127836759036072,0.4990176317593365,0.423419457560301,0.4440553056126217,0.4545039245986655,0.49669248587588444,0.5010121933284448,0.5331461825617925,0.4901743901532595,0.491102812776179,0.4423655832178254,0.545407271051504,0.46112008095533075,0.4705274512384326,0.5365382077205088,0.4491052303513069,0.4782586940517021,0.5233099778780607,0.3892944218674728,0.435010341006162,0.5260783276513376,0.4757412730847776
991,0.5216245600657502,0.2813718953626415,0.23693286886167153,0.3402549211213855,0.3513969784956631,0.5241385488115232,0.293907254320261,0.2511035582484503,0.3970806862333855,0.3354234877142491,0.2155321484344503,0.3509915882550114,0.2707229013998506,0.4360754982481691,0.3882905692463667,0.2655844449076429,0.4467486099833643,0.4319776687485224,0.4585091683081875,0.18517022060579175,0.3984242697856498,0.41630181677803446,0.29968789837892956,0.2282904397580006,0.40136609607695883,0.41270118382256543,0.2668690825376508,0.4204486094304627,0.4298579767160959
992,0.4074553575469562,0.30481208355728884,0.39112719543405305,0.412016527061787,0.44585332523539667,0.4525781127297121,0.45619664324760617,0.35783610202364463,0.39498836069879323,0.3286507238280165,0.38150067639079493,0.3536508960363701,0.322399463551265,0.36678873228613135,0.40581355270931674,0.43384634079862766,0.413864346113938,0.3980479448464857,0.43857301021232514,0.3249099396707355,0.38836294436567986,0.25954929400248516,0.3511322379635139,0.31341449865926024,0.3280439566214011,0.3324954579766431,0.36330418489575633,0.3862595629395031,0.37267850036735684
993,0.42358994571479847,0.2257845442821805,0.6112136780863809,0.12518337865731569,0.6023305416219098,0.00813847708966355,0.01292707314315162,0.13861752910242728,0.24186593795270303,0.08062623827482712,0.5372268985872295,0.1968813329025959,0.27760030877006614,0.4080991836596197,0.17297040469413466,0.39580764564608173,0.6846923833336916,0.24707838258226061,0.04253701589114288,0.31725324554359985,0.34834765582193583,0.0650068931154837,0.16595799878497486,0.305133408945064,0.3174249110582878,0.5118637860019614,0.26356059539078364,0.3804817373612097,0.05286962679258579
994,0.17048734987818648,0.002490810356534736,0.0010254700044969125,0.002334769152800028,0.04457020966971759,0.024887089103560016,0.07590496997452818,0.0199266380743228,0.015030473176004793,0.33033347920937345,0.007284402311239213,0.011073657913490395,0.0034813735093999756,0.008434353763948415,0.0015106564210716586,6.737979423882592e-05,0.03424289994825883,0.26376672547291496,0.00016661487255678514,0.0007764847945386518,0.0011252713334412448,0.03973107593316296,0.27491444158039624,0.0004817128722301604,0.010310309657099606,0.2964261992712611,0.4405560941900558,0.7737569435604024,0.03771321548063734
995,0.46468368339294097,0.3851281469692011,0.4234637936248045,0.30128615829450706,0.3491992519730939,0.34325064265598154,0.3754370614854914,0.3852748446543301,0.4352185326862377,0.29059934875437726,0.4562759833193588,0.4410679802493342,0.35024417170159144,0.4513043150621828,0.470636871820257,0.3138352652208629,0.3744217713312235,0.3260572613495405,0.37383623554571177,0.31913729470486785,0.2748591068642266,0.41694118545474135,0.5327457150822846,0.33472432842155225,0.4133674291057149,0.38527798712259914,0.32170435750362836,0.3682199664128762,0.42661278351976356
996,0.40201911520184375,0.5331495631996439,0.5520965624983658,0.5263972737131711,0.5498323149928416,0.5129675731126495,0.5525534913073077,0.3875608011367254,0.5019891592663567,0.5331010657007935,0.4453748119722361,0.5077297753379244,0.5100256474361449,0.6258536463203858,0.4136515264663449,0.5106414730585802,0.4800041452772506,0.4135065937416509,0.5147073242024415,0.521604106468866,0.5715356219669262,0.5618750833400535,0.4133120792935176,0.4768495438461137,0.3824142189293415,0.5517631807399057,0.5267979235872638,0.4847660040336897,0.4982958603599317
997,0.6026511111387308,0.6391153311523439,0.47938463199872033,0.5205755215689175,0.5217097156226526,0.6907760457178556,0.4330316139302314,0.3267132424776242,0.3905894647400965,0.26799498243526115,0.5929611852593711,0.5037942819878503,0.7278664608839386,0.7173996897014037,0.41310326698712246,0.4094941143533233,0.6050013499953726,0.5002758936464657,0.4367952875849629,0.5089897818593121,0.6664285264886035,0.6891294929306234,0.5014364993978653,0.47987917178474815,0.5630641160365795,0.466100903475964,0.4830240474950749,0.6864358856078809,0.5460687223230992
998,0.6839210417056516,0.6646974081250733,0.7561415542949529,0.561195897537762,0.41104032427140647,0.6787182984909355,0.6472071490079478,0.5426936407756349,0.7075823860586267,0.6273283683371046,0.34411750320733747,0.4916692350327445,0.5584442669433088,0.5145939620656852,0.4951433827190385,0.7045317836017653,0.4950354097982915,0.5865717048973693,0.5546988399277226,0.5762044983398632,0.5978463719821657,0.5393753883142727,0.6315927626243343,0.5585529619156382,0.4706938744783796,0.3548504150408526,0.44515991451807485,0.48086198366418775,0.5813356644071478
999,0.5392549158244332,0.6919330103976116,0.6550545759991884,0.6002058494411402,0.6466536628590732,0.744965236274948,0.8260383649629544,0.7654801842444376,0.8458404015216139,0.5814502106415654,0.7356201881079624,0.6720572796959448,0.6397468684253024,0.6915229339957558,0.7149676572695414,0.7726940298325413,0.786452426363583,0.7689900966984915,0.6191486218225186,0.717580764979294,0.7416433248974581,0.7707352645710653,0.4912506423980523,0.6517764310445232,0.7296614115498118,0.7525934005281004,0.7856683769665482,0.888622447505836,0.5772082785705057
1000,0.21357874565307416,0.6278746153815444,0.5392304343786355,0.7760372376289423,0.4533274003608103,0.3156841908129018,0.745247702117608,0.5576903825286771,0.7606639621944735,0.356443041291118,0.41369332623571753,0.5161794401153624,0.37273731069772553,0.35902214575891783,0.5141594961035675,0.35357561175218133,0.4031917006810617,0.6564163270689429,0.6664564589777512,0.6108993880985637,0.5201193164491138,0.827603330313401,0.6014569042693894,0.5943470937369801,0.39201588750559785,0.23991045475947598,0.6379050687015037,0.5722752541345205,0.3481489993231527
1001,0.49680612530927004,0.6300145546044461,0.4634868307070287,0.5093804353506153,0.5101398543934275,0.5669923392209276,0.6581863198231395,0.47998704746433296,0.4397743438137196,0.5990093837593613,0.5383268556666937,0.45165807947401243,0.48972952734717085,0.47050109946142443,0.6230804298892638,0.5904645531913182,0.46668632423692996,0.5648148305499565,0.5851709348025251,0.47713692335192376,0.3777298737002695,0.6000848466140768,0.5269372121118013,0.6355264657552415,0.6009623370113663,0.5529537232624163,0.5633258080642296,0.5004620115226104,0.4278591316530014
1002,0.35378670492580233,0.41841761159221585,0.4759795851147933,0.3260839806477276,0.4907008201055249,0.5827573448819381,0.5689977103933752,0.49581589189754277,0.49297877678278323,0.3972378633727739,0.49481721986984245,0.501013822882092,0.3184416848212017,0.4240235799328093,0.47994932751842106,0.25612981858760964,0.2649832975287652,0.33878789453691655,0.4758820889993964,0.423907709306947,0.35912018327877004,0.3811285503711588,0.4113208922374774,0.372334578787111,0.3785222275439439,0.4702211287024198,0.32044026156966543,0.3705653207768473,0.3715952478028813
1003,0.4552534162138353,0.346918624002082,0.29526387345658756,0.2867940500493794,0.3599858290034744,0.3283950675878169,0.3603406575360768,0.2738493431438302,0.3591016809524506,0.3171570929546863,0.3473482091105948,0.3554359251129048,0.42858716382408146,0.32255342979542656,0.4232360981090446,0.253323243660785,0.36000632716630004,0.2720200860088458,0.334033452312618,0.2745684916100425,0.3606615929556746,0.26954438844369777,0.31070420651858593,0.2540806006450824,0.3552481496688226,0.30635420476672953,0.34377013249119703,0.39710063530272516,0.424110512825548
1004,0.5589181272310191,0.5704985738732713,0.5422466761237614,0.6872846526651527,0.24950171509235733,0.4087989349205205,0.23197631288656875,0.37655911046877966,0.38802923589281635,0.22474189369896508,0.42411075525954284,0.40027743584023256,0.41467235675810443,0.5430957030236798,0.30367799098276743,0.3687645648494189,0.39394717103107957,0.548359237836596,0.5301073056143096,0.49155086213707616,0.6477826605214039,0.43276807842182213,0.3161300268845584,0.36760802324307995,0.3410159591537989,0.28073969658182746,0.3557894157067202,0.5726381934198346,0.40477896220938137
1005,0.3791294968584217,0.4530235144133985,0.5153901483419704,0.44266215365560385,0.5293746255865566,0.5939982333342411,0.563390097278363,0.5902659960433619,0.4576725497594625,0.5080798820561028,0.4210163725547747,0.45637727154795105,0.42166981543986454,0.5346132133843354,0.660668239824747,0.44606031522638234,0.5571414843936459,0.5486357485528746,0.5353058051454267,0.5608094079398904,0.4758490612595651,0.44523429171476,0.3595718974406154,0.5437521877195985,0.5735412814098705,0.47561675560996974,0.5536688221686309,0.557972926271409,0.29594529894964283
1006,0.6016086074807627,0.41713957409325747,0.5660815664090323,0.46239981348465126,0.5482682814734393,0.5107491798171827,0.5517401833576063,0.5447394844722335,0.5528098991049389,0.5108523843178888,0.4591267079029333,0.47803329400801325,0.46342331150712773,0.5496422720947667,0.588250095061845,0.5475597276767828,0.6182199450581779,0.6027371372629247,0.4846866704117496,0.5101377504638753,0.5868116611708588,0.5327115556970411,0.42601596529621083,0.5270364501186744,0.4993970215749728,0.5610979032470144,0.5271661470967794,0.5820159455107875,0.524967787062272
1007,0.5680893441354501,0.4988642441776588,0.4108881666502541,0.5939597723783927,0.43210781682954824,0.25370741976475886,0.6552447236272106,0.32539352662378057,0.6799601118954466,0.40348263323917,0.43503097700722654,0.470270707304977,0.3329476678267818,0.18709467516707004,0.2628961077470196,0.34330859621462634,0.32800924377402346,0.5569787738604036,0.8410633250238728,0.2873464312441751,0.3265834727315549,0.7490365407406602,0.5184740499055537,0.3581449703874286,0.843000841175,0.6124787834729822,0.35742114327794283,0.9027546689858097,0.3385824991308437
1008,0.48494471545527384,0.3565728258237517,0.47274414721948194,0.4500221796622497,0.45563729366077393,0.5232461603540755,0.4197724722202854,0.4031002033585446,0.6205408548229929,0.6160470282418151,0.6127783179616964,0.5826234217586513,0.3739325877759162,0.5719672488738761,0.575166219678385,0.43404219254207965,0.42315524474194915,0.31298207179189175,0.45211965727757947,0.3734982656413659,0.4991669835779587,0.5446781107515387,0.4653407755907653,0.2561618634860883,0.530053183736152,0.31053352566600056,0.4455164569722472,0.5525935589539971,0.4082099216860136
1009,0.2458725938339953,0.4829850089413655,0.599296395373628,0.7301649852998159,0.41997990305794775,0.18792823730408942,0.7146863828670678,0.49508959918428735,0.5807727844576454,0.6053605931393958,0.4333693032503689,0.3678854834391322,0.4235236142580047,0.24048966709754507,0.5388706816398763,0.572359525174531,0.6580058849039735,0.6077964121246126,0.6057371191438465,0.5304768643100988,0.3830255527763311,0.6198857028819383,0.3148116088281468,0.6320787994274806,0.7224234282426967,0.49291494011058984,0.612013689510699,0.3025801095473097,0.44458754042291737
1010,0.4720444594063494,0.4122499797644082,0.42978516635056474,0.5602186803836373,0.5409481738719372,0.5599421517990232,0.5080244322872477,0.30492739566908444,0.49082992064264735,0.425402894505317,0.6045941062215296,0.4560540322409368,0.43225285274434433,0.5874612562190356,0.5182211673680369,0.5025697593568774,0.4623941350612372,0.43497378350582255,0.46566658806708516,0.2914443859838085,0.4843546975183829,0.49878836852798675,0.49685847240961534,0.5321161963311497,0.4755486245147999,0.4018476237556563,0.4929610712283132,0.4572676680111933,0.45551678142446955
1011,0.5454772207829379,0.5596004145514855,0.6608448331761206,0.585455027726227,0.5421689558262593,0.5208009680923946,0.5477166319015992,0.6247843030617798,0.5788708790757331,0.6524775480344356,0.49601997199509246,0.6836661422016742,0.5881364138562338,0.4225292785946698,0.6099670853147574,0.6579016177441935,0.47898788309410684,0.5662739341710863,0.546026030866037,0.6862986312017519,0.6642031810798609,0.6999056360570863,0.5004942546983403,0.6924623078377493,0.6807689580781555,0.6664546614131229,0.511505431969607,0.47675869580622815,0.6211956495101922
1012,0.1368820487389927,0.40529830246262083,0.4461327557479835,0.13106845025164673,0.2514816476180366,0.048892076504763585,0.11534277282460546,0.06358648493030498,0.11792786394875042,0.033088855052055326,0.08714825168155922,0.2019293807981493,0.1663149830323989,0.30962657044085035,0.16621658475694323,0.09580323719351974,0.1679866432971518,0.13310042775099556,0.05437279794591409,0.06068967448087277,0.10998299468617204,0.10130190859110212,0.3552567141671012,0.05785220485023974,0.5019665386724818,0.06351291466131441,0.4136199362936297,0.4292295913088895,0.17179327952448184
1013,0.4839259570302082,0.38159848733781904,0.3933211605700337,0.26235629598579147,0.31019141361867764,0.27100474977823863,0.3475796916041704,0.36443755645070913,0.3014382808932706,0.26402899972159294,0.29576615070430046,0.28559948487920644,0.3729010717346868,0.29992070049983743,0.5042692811422905,0.4657600649769207,0.4118109756803697,0.13196766134959587,0.2701222122622612,0.34453414906749047,0.19351153322366252,0.3307195147001603,0.4533599011397933,0.30771996206430247,0.38945136229320465,0.5243403445726851,0.24595309022851147,0.3266366292073959,0.4252706544073803
1014,0.3870302603557335,0.39171252903511383,0.44646446704230985,0.4043973806533031,0.3849223323212663,0.454073914305772,0.33154968491574366,0.35428990743252736,0.3961669710164807,0.34223250284395385,0.38053240343590733,0.39369884825448337,0.3055223371515033,0.36278009324821847,0.3298710977611387,0.20234012197970785,0.26452880881227026,0.3440738115393167,0.33270131983934137,0.2996396090627935,0.21144273215997647,0.36289544998756285,0.31363460140675864,0.41246338263353755,0.32287831185893584,0.2990309909557723,0.2911026387094557,0.4590915201174174,0.34729159403134685
1015,0.42265305563427163,0.3368102458777195,0.2939361512839284,0.2576184251182905,0.07327557575417881,0.226860776214838,0.28756647101356575,0.4634377174221829,0.24274422371075632,0.1031141017728246,0.21693485993723946,0.38333541291039946,0.5490698456704638,0.14836047346221,0.24889300406777862,0.08977487388642098,0.4409116248316518,0.19261382003058897,0.16236173686825775,0.25676457292965327,0.24232036010351743,0.16044597644980885,0.2622100934505871,0.3419801313463398,0.4214252842329788,0.4090722089796049,0.5521217684557455,0.38581206079005687,0.3224894802763257
1016,0.2776267062110093,0.3530786274118633,0.43046882404559667,0.4302062643474828,0.3368654405648939,0.4300366554258311,0.5084861893576056,0.32867550503603615,0.31091925999051534,0.5412468135234638,0.5029062582236763,0.24599262843040798,0.4001248547748216,0.3930148195468296,0.35924301625228117,0.19486041610077232,0.27201104048639874,0.3758392359442345,0.3609710784101757,0.26850167334790714,0.22978770472029747,0.3312345450419996,0.4246237440374628,0.3412259650701907,0.3789175869719688,0.3013010495088607,0.4897513248797356,0.2625129260304691,0.3409113562272302
1017,0.4105429324175724,0.4892006690602256,0.5010478541637146,0.4343751790473364,0.39943302377834344,0.5953650164777233,0.29674145491144555,0.27288503350481136,0.5121089273965039,0.2538634115601466,0.48168628427261984,0.4016124750356143,0.6213542836598691,0.28294815426852193,0.3137359704821339,0.446666014531266,0.4075535019600855,0.43021371285018833,0.31153100219801977,0.5812786575785626,0.4049018685563327,0.43814939558616917,0.36549047031693804,0.5066785737061591,0.3316888542809647,0.5171421463086973,0.37672953345571936,0.6144499209527795,0.4519882019632432
1018,0.4787550484212675,0.393930420242175,0.44188215301651385,0.46031364759501503,0.4828051020489736,0.49858542532778516,0.4761769299553634,0.4450129270323735,0.3940729591970861,0.47191135902012177,0.33752551637024764,0.4358437037880281,0.4461731889019972,0.4183172478922991,0.42151889997101777,0.4664156985112848,0.5722286278137354,0.43581595696776315,0.41541490967958533,0.3367665268175705,0.4760972577684821,0.24870252662107056,0.38637708469042725,0.3356308204021685,0.33304272525554024,0.3926162214360453,0.3133780872253327,0.40262126162480927,0.4205955100614936
1019,0.4717603168003327,0.33752758013741946,0.44901561288274844,0.5067851231982549,0.4222849289907023,0.5634285978472792,0.44520268388324835,0.5378933621489311,0.4749794197997503,0.3392596521825829,0.41180156177909705,0.43313629103862183,0.42780874873851743,0.4731411641713952,0.5021779336471107,0.49245462225412057,0.5151949125621148,0.4731631510843342,0.49957876743435203,0.4529165070809229,0.46154386006572534,0.5605950138051551,0.4730128934319854,0.5342820663335789,0.522212566644765,0.3741890307334348,0.44219640215920086,0.5215451708187466,0.486718616752859
1020,0.16976242284345233,0.8864749519377166,0.5009523764857916,0.6857409206642187,0.5867367745052676,0.7425200980863997,0.2022613990381653,0.6962729767554939,0.8082895687523476,0.4976191893170667,0.9579079467071104,0.9492171893989287,0.9328594680217219,0.09389867085475549,0.8335459847385173,0.5041839689432779,0.967797242733743,0.05737556111933322,0.3907384672313031,0.6945742428910565,0.42327877967646305,0.5902331865619583,0.3638009148576223,0.5415317589915453,0.35818380794252525,0.29738574875053353,0.35801854393761084,0.6842966375559084,0.6488088057710226
1021,0.10841205907669815,0.011908595236288351,0.03077799384490593,0.4415324800688939,0.5046940790715433,0.11883552298372214,0.23148186861364264,0.09732300624357051,0.4118645157715837,0.04367720426182553,0.09322998548926972,0.42288377383152903,0.2702434388111111,0.023007175454364533,0.030479098850419373,0.12020689448240153,0.02412751779760856,0.2764058949903016,0.2493623669771616,0.134559416644544,0.07351163368155317,0.13083461124983847,0.1117803945765295,0.2934790440608931,0.510290799687165,0.12054592549642541,0.12485573964336426,0.14429323736289962,0.621489735054178
1022,0.43188364583152455,0.3926390921841798,0.427802528999001,0.38226831736812455,0.22764269820762015,0.4324041647954134,0.3940376643105664,0.39211161981971987,0.35152057872505243,0.3036766550872472,0.37492611458828073,0.3142040544369395,0.29244103062848514,0.3756604352828223,0.5189092454081634,0.34064865281315937,0.35564268078395683,0.4393269780722278,0.38436120819727965,0.25217532625230366,0.5424369652688104,0.39711478110811826,0.47855148696587513,0.40909584128850457,0.3168311417529283,0.35644608953178686,0.3799963831537851,0.49607442044589944,0.5284885423004103
1023,0.43202826480452555,0.4069634773477026,0.3791714730064756,0.3253839857242998,0.37025604227603703,0.3627755801560446,0.2800679455089746,0.3324848736431744,0.3491446120504215,0.29598159814353914,0.3338171913803168,0.3688142186582503,0.25972665911595727,0.3371673525975408,0.41744851195977434,0.2999675464412592,0.33501347468859716,0.3550467377399409,0.35801847946622906,0.21992040929781437,0.3012607235065009,0.2813647264863609,0.34027807392119125,0.3681646137268517,0.3531691074822996,0.3188426342640887,0.25395996488974254,0.423538665343306,0.38485685410749093
1024,0.506759021479399,0.47570856759517655,0.38540848950589257,0.4082383230866284,0.41843162351284274,0.39423341766143905,0.4005835890112356,0.42573830769741755,0.4363110266087783,0.5133949200580927,0.3728816174017608,0.30623790839412873,0.44394926225369113,0.4195896833618817,0.4965932853790962,0.5386052374501442,0.37367489895531075,0.42942291925968323,0.5246433377551348,0.35395972750335936,0.4473621580843583,0.44613163084693286,0.4047554785449151,0.4403935766933388,0.41539032973633006,0.5151337825650525,0.46579673505464525,0.3155825282578718,0.4719424682346601
1025,0.4416761955001274,0.5471954235950156,0.5746969904291477,0.5317361060223278,0.5078252700512224,0.38803980323498566,0.5152073140091306,0.5803643360053994,0.4753331513212089,0.5397402963145355,0.548745744826058,0.630555048996654,0.3537473444940399,0.6217564326163051,0.5671390030647424,0.4497425443596685,0.5637533075553752,0.5704118834828321,0.48273699034816603,0.5810550373703389,0.461581555749114,0.53111101244843,0.39365848203624926,0.36674373799984483,0.5607747631709341,0.6105948146123129,0.569551641815264,0.5394931425570153,0.40983091741312494
1026,0.4555607993381672,0.6212344152839743,0.38799958728577544,0.2064549352386828,0.3992480349312704,0.43188437154649817,0.14256294035271513,0.4544842933968334,0.10594270910702425,0.22423417029262213,0.5389129946828065,0.22692112807046225,0.5706609569390165,0.3727951042981025,0.13638321293098893,0.2335990332741117,0.571791846507172,0.21845888846532197,0.09990644479582837,0.08025362260014939,0.2408645118356717,0.17395757694050673,0.43426183498075144,0.19897174947234283,0.5943585541642533,0.41364720632722424,0.3287003812832633,0.04648440191035824,0.318237519999109
1027,0.5959305471728581,0.5003701236264343,0.5312008497043741,0.44881092173204773,0.2437784692946575,0.39352545112960835,0.35240105551820855,0.23223226666108746,0.21847549822753326,0.15410621421141626,0.3900175891108907,0.3931577730829248,0.3249327243862842,0.7122062150120728,0.7237352362621736,0.31211823694672713,0.530300185081773,0.5686960736791162,0.07835971169658759,0.20696539191685603,0.3133906785318949,0.0402805114879278,0.10542335757402269,0.3620088730224738,0.10765145614265449,0.4146331883764558,0.24334707449874066,0.24337340527756576,0.07311276068004743
1028,0.5831125482078778,0.5503418046495636,0.702011260043824,0.7964434980458014,0.34641573868739906,0.6439224915230463,0.8747192031501099,0.664363684889768,0.6021916152029106,0.5930128409134543,0.75205907221093,0.5480829210612689,0.794047986887562,0.7397155553390754,0.7869942826029307,0.7182876514834934,0.6326566462889824,0.6548743248861147,0.2491557627001228,0.6554355823362802,0.5496415524720696,0.601890059481438,0.46976187010001974,0.6670862946520142,0.692508867308884,0.7336002792006087,0.6320992563075468,0.7598564913825534,0.5889027329600293
1029,0.18210699008373232,0.2280269800197665,0.2186355578585298,0.24351033883959575,0.148610539577016,0.34738241867839925,0.4379575481242624,0.13949198431378051,0.24818362142810257,0.171124386521673,0.11384917235822307,0.33314056007198717,0.23125594913869607,0.4342264984142328,0.40998419454477836,0.43484616729464826,0.24947004598133066,0.24946702033501197,0.18565061064240745,0.3974349002184016,0.3972220027377671,0.1989004432485056,0.1359058572100771,0.21709708027512986,0.18415361599828436,0.2808799705079281,0.15599920721746285,0.4105098544706626,0.24165575524510408
1030,0.4538486316120135,0.40183446548948387,0.5770704158134282,0.39198133504561994,0.5116674947834157,0.5885572936102875,0.5525421162159887,0.43687555461331284,0.42633608656586586,0.5210757700630135,0.3551620083582027,0.3640712585203063,0.4543236590975185,0.5418064248327589,0.4856946479925144,0.45155568213065667,0.5309557081004705,0.48454417094887325,0.4366389751942137,0.384891401254437,0.5029223117427831,0.4580171875016838,0.46717322226548086,0.4129420025477258,0.4241635815311861,0.5029263830722321,0.4149150337018959,0.49291428734219433,0.44380523633227487
1031,0.5429030367693497,0.5087610419388789,0.5804494401443906,0.5279924920593838,0.5663925439398422,0.6360193306304489,0.5372693806538954,0.48015249403593074,0.5830261996704822,0.4810249684262461,0.5448837358062271,0.5063343193465942,0.5236509787011155,0.49917464979687143,0.5139718169514796,0.4592646869811901,0.5267116642500669,0.5446504453695689,0.5003395117328407,0.5003481478393521,0.5265600115249214,0.4933069562719123,0.5209180044216466,0.4840822900130204,0.5171969317500346,0.4884946447839097,0.5290267536629417,0.4795842451444338,0.5484099090740533
1032,0.5067920405553946,0.3500311898197211,0.49371835867327385,0.46419660333100915,0.41457909496863693,0.49346527212411667,0.4851803719097986,0.44582917860726695,0.5387271350635083,0.35426322730872534,0.46842267460269615,0.4699327374430473,0.5064922985192633,0.5330692010521334,0.4803648312166195,0.48210009642560664,0.5714308438702222,0.4332494045236261,0.5008476695040912,0.4858662749339544,0.49467329755852074,0.6230772512672185,0.4009414905015671,0.5918370910117351,0.4647665448585848,0.388249463356925,0.6032631642710586,0.5208400221702973,0.4879214730375186
1033,0.4808249878999419,0.4614055994510156,0.3795874822138044,0.5156189691612351,0.43230309871095035,0.5156870832379811,0.4317383196954945,0.4359195112116374,0.49221369467738685,0.4461863961492792,0.472543989679574,0.4558186508112712,0.4055712723682685,0.47407727702741503,0.4093780404261281,0.3730761978342772,0.4249369711842413,0.33868097630144767,0.5482686754594267,0.47221049123072223,0.4800898811747481,0.5087057904759252,0.5745210409920488,0.21493853454074852,0.5385692534517456,0.4214124230793057,0.34363798920740485,0.5026105640380064,0.4487306127899419
1034,0.34274689697403754,0.4021632590250373,0.3824740266841231,0.281442486662399,0.3850760061972969,0.43196861700500594,0.2373041155959195,0.3673761294078743,0.44739613447402243,0.33861245634121695,0.2765133606239924,0.4045265326081161,0.3202988913587059,0.31019733058763427,0.514442492692027,0.3310401369571672,0.3326037195387884,0.355940598504939,0.5017529774926612,0.3145771396008259,0.35010892399277854,0.3861368789015833,0.45568814949612485,0.3810001043084385,0.29621329083321146,0.38604345891249725,0.37098080560018565,0.44079648412526956,0.37143120486752235
1035,0.31689622718380617,0.4822243257515004,0.47893614176781923,0.39811078333666156,0.4667367664724769,0.37979017554824795,0.15988227881183448,0.5244516487267108,0.26166713049438706,0.45796191300760586,0.26853133212935065,0.5836833989365601,0.4683117947649651,0.523509444802665,0.48821410325454884,0.2599592458049413,0.1272942284446927,0.6910231338224787,0.2539368107451697,0.2524227121671297,0.6711007601545634,0.5103767164118861,0.4536764178082456,0.6461775818852207,0.4560981399671917,0.7032849040176082,0.35775885017361214,0.39172569707682864,0.533979007470804
1036,0.8368185187685947,0.5633910685455926,0.4001965475589039,0.6062045030428719,0.7886510818077631,0.6973167038326121,0.9148785407870941,0.5367454407944019,0.6372494664408773,0.7024131259809387,0.8655254764024196,0.5953644403169731,0.6972140371564095,0.7332973781288316,0.6557058711489387,0.7544369766166983,0.7713301789546797,0.6962165673969638,0.7963040300010408,0.9075107056865693,0.5799108645202988,0.7866021018489292,0.8859037210293566,0.5578461628503922,0.6220819133022841,0.8245610286200266,0.7838483959465526,0.7611821460959006,0.6589957990261684
1037,0.723481074667925,0.7574302855013997,0.9665189232424662,0.7285882652505025,0.29932288710916743,0.24430035467224936,0.8130035201526984,0.8883503351874421,0.9050662986538076,0.9331343013478207,0.7807721937233691,0.8821742956429377,0.8164511709556194,0.9985174655238517,0.9967650863788894,0.7035269818809732,0.9625225310813856,0.8536397297928088,0.669203097353752,0.9925192849201516,0.9554911743095214,0.9896300905022665,0.9960766775237618,0.9777204898519533,0.9964111211570766,0.9410824382461633,0.9399375367631877,0.36127848578208066,0.9765039654206706
1038,0.3179839149650336,0.7562148094804428,0.6158390172834735,0.08083977087972502,0.47939597982404314,0.11337264437203855,0.7557695996534406,0.2897777562522672,0.620363383084442,0.10379190781658433,0.7939915314560237,0.38303102428484204,0.48261104953618605,0.15638354694645892,0.6846556920531258,0.2403111567055882,0.6943433899778081,0.08512351241140753,0.3004165276116237,0.6357011336454583,0.5769968381921654,0.08890875997527581,0.4679162229044086,0.42312851902994275,0.4199713952122337,0.6864286015365942,0.4401758988043391,0.3701251270106969,0.7012581805685544
1039,0.4171981188145094,0.3711372899397664,0.5132478879131471,0.45654469125112895,0.373705595050285,0.340871428695541,0.4824317553250648,0.4856492854024998,0.38608047106034216,0.5141978209225099,0.40546783838825645,0.3586932276458961,0.45923782941474556,0.40689719339338654,0.23625731897425722,0.40114807370752953,0.5033277672162754,0.46843728241680954,0.4503378885540021,0.4625560844648611,0.2635701193105097,0.5029396409549619,0.44910547229579684,0.5117667916018984,0.542007560564485,0.33021442421111125,0.45335032622058347,0.4101744631787519,0.342370934417712
1040,0.5836223148272117,0.12002724809051013,0.9960952685611085,0.9643905579508746,0.9996059399290668,0.6185661509434125,0.9004702087382722,0.9721930923601828,0.8759483778946547,0.9969592175057049,0.1635168498832722,0.03530697606622083,0.996900986153325,0.8596794299884594,0.9464333611227236,0.9895357845380116,0.6940177084792798,0.41227804889284925,0.99997308859172,0.7135270955191407,0.9496908184805729,0.7555875912075362,0.9284746962641889,0.9859757144146545,0.9958426364159374,0.9973168307967771,0.9945621815919907,0.9998699891180354,0.9902180802093438
1041,0.34657813959786654,0.3390412816950307,0.2965638714278382,0.27014389511697373,0.40529726704279795,0.3865880556647515,0.3549193784750547,0.3621540130279563,0.41507167028068365,0.4929045216322545,0.2244515492808344,0.44020165361164004,0.25018160224829483,0.3676862864036715,0.4089909049588581,0.3392209974374352,0.28390034954829513,0.34285913677962243,0.3961326287023458,0.40648419558390136,0.2997009493378919,0.5101926640445517,0.5282338191367902,0.26652850737891276,0.3574148014562468,0.49774036810985073,0.4119853997442241,0.461155108799156,0.2581862467846669
1042,0.4016205012879238,0.34177739326597667,0.2543721216476994,0.37420827169620396,0.3749180755779547,0.3805163545761816,0.40219123476274177,0.37405367243732823,0.3953888032847878,0.4577207853003345,0.3724243612703552,0.2767132212189559,0.3155085216477329,0.35153225714269193,0.49750678426889816,0.26309984697467614,0.3565648779533443,0.3283508903419955,0.4247638543046427,0.4251006603078694,0.3833556265943935,0.3113915881494203,0.325755842433053,0.3928909306370174,0.4412888070596786,0.3455755106748976,0.3350224856219793,0.3149165480402348,0.3130682564797526
1043,0.5578875068035684,0.23726798466622712,0.4027292810724075,0.5726696689868901,0.17855692339273574,0.1213162806200171,0.45843752560176315,0.4171546230590602,0.583153167624327,0.49994324303092913,0.35351376021389375,0.31372010393330424,0.2185307028314462,0.2192921236561917,0.48513819509937406,0.16007896527188464,0.6770964073400888,0.4574020614568772,0.5838986896438394,0.4553034300956614,0.1850071334847447,0.4485300294909934,0.38990634493024984,0.527829730682187,0.511123722412986,0.5882500337854253,0.4410718489328281,0.7359349448341073,0.5582443173702927
1044,0.4116935727151156,0.4715590239623842,0.40172033395978607,0.27410429868717645,0.38666173498238365,0.5485757705196095,0.5492944607032775,0.4766882944606423,0.6043834622494225,0.5334446058931289,0.6718423058164616,0.5821435723246883,0.5586222065929939,0.5657455440802781,0.5605171805266498,0.5653987480350121,0.1374939067232625,0.5058318132854525,0.5942795042903283,0.5505578517268396,0.5505572932858271,0.6134291303515012,0.6715757670083735,0.23174532274255027,0.4489028759681768,0.6187755307685245,0.5004568762668162,0.6008397674516721,0.5693202997415574
1045,0.4560296045034257,0.4034300341553508,0.3934801277516432,0.5265898824538682,0.6339027178563607,0.5662453637899226,0.6971296374642468,0.5494399024319286,0.5520783289156513,0.7492801057111919,0.3989646255502135,0.41376344222098344,0.8337036997167319,0.40631036997386033,0.4343402911146346,0.6303053556415573,0.5811371781002656,0.6098655871360819,0.6051384457385567,0.7221077279950515,0.7355519827070061,0.5748997156843539,0.43063327587061623,0.3237954349806507,0.6265807567525525,0.5558817469778754,0.4864216317913259,0.6901455428276075,0.7206389919943421
1046,0.3368830730161987,0.5821389891923666,0.13472423463064961,0.491433821995173,0.48423101416528846,0.2270898346431008,0.16643979385008403,0.21025310274787623,0.25913224525925216,0.29665658073787704,0.44025707444626094,0.36485211767853115,0.5472360783146651,0.47598681984155855,0.30441540436789744,0.6239203968750656,0.5131728692748648,0.6420915358514354,0.6781760700649392,0.15648463844722932,0.16052506494412244,0.0936938422746749,0.3881112894376533,0.265913147758689,0.47673867773916834,0.07371984066321928,0.3033620513176282,0.39678675082969833,0.6347633897003251
1047,0.0631899888622699,0.004258207905342385,0.6266320652075613,0.23229091086367545,0.06989466179502579,0.005259322961157052,0.2113293824732902,0.04339739628589015,0.4750084088425935,0.6336935910663878,0.5792704049273144,0.03051672779775302,0.32244673957402453,0.12054230004672942,0.09604660885991215,0.01464169818048904,0.013596407353506831,0.042114059367783015,0.029001464702329702,0.08378917995129831,0.052578311421165064,0.025397224206286394,0.041426014287717444,0.0017590971335437308,0.2693752460035896,0.16637082770505543,0.3384503798827512,0.025575137496645646,0.44737013721279384
1048,0.16499506985063148,0.07607557741610672,0.085501866633312,0.3187310757332416,0.05918377953378539,0.03673769953174471,0.17952076206506012,0.027830474335259373,0.24846465873443754,0.1308863495074861,0.39025289961439713,0.8050840732897966,0.27047785152639775,0.00813072945239709,0.08302279364371502,0.0035575343774290427,0.4888046318699042,0.09085535470687969,0.174617836492078,0.07390490445489156,0.4200228032980079,0.544649974668873,0.4055495858197989,0.27409991110777576,0.011036927054273197,0.7694183521765038,0.002416734215645862,0.009736778116363575,0.10180016610825922
