age,sex,prefecture,BMI,SBP,TG,HDL,ALT,smoking,FPG,time,onset,death
49,1,埼玉県,20.85473803392189,138.64283179140466,101.39895086170588,40.840328690701426,24.99278717274959,0,96.46897453973372,10.0,0,0
51,0,東京都,24.137217595304534,128.23488179999978,325.1858771595098,43.266164059601074,15.399199469160694,0,99.12967085539157,10.0,0,0
43,0,埼玉県,25.486011769412325,118.37296981811066,50.65825586883082,60.600843725871684,3.762879403636388,0,66.48838636119227,10.0,0,0
67,1,神奈川県,23.37763862079138,115.31029467588107,56.99151995660742,41.52777289404104,9.447531661207238,0,92.40965240304241,10.0,0,0
51,0,埼玉県,25.744820693500657,133.01967919978446,337.8440634313726,40.93181094504794,4.867800717707397,0,91.76078809319692,10.0,0,0
52,0,東京都,21.758033446982612,110.36231753379334,77.16818429628005,49.01684166017046,11.953598222269232,1,93.07126359309022,2.2949964079169516,1,0
50,0,埼玉県,22.697927909142898,109.17906022994556,68.00734532390804,50.57752924566558,7.498571373886215,0,78.14849143690033,10.0,0,0
49,1,兵庫県,21.080163331272054,130.30599818870198,173.19826542738764,62.87022919023182,27.20026660003384,0,106.07013038958593,10.0,0,0
45,1,大阪府,25.710966069309027,169.74450154017387,79.599894066114,50.71618767747596,26.275672797138483,0,73.88345909366102,8.824141154971828,0,1
50,1,岩手県,16.852576872738425,104.36965526331754,11.027866290768543,40.47946062571173,1.1416190902177679,0,79.13979004161624,10.0,0,0
53,1,愛知県,20.408013743686453,110.96307062134771,18.522387716972386,50.090694476672006,10.08139903087196,0,89.99837542633439,10.0,0,0
64,1,大阪府,26.912909605015248,159.17839647464677,107.35608456442574,58.45085530165212,29.087936651103863,0,116.22208578407609,10.0,0,0
44,0,埼玉県,22.713880020712743,98.06841824649128,11.027106479263699,41.68266305158255,2.813864031604855,0,78.28990848567894,10.0,0,0
47,0,神奈川県,21.44762953069623,97.19647110068522,84.19200048883225,40.96324655181879,29.138009687200206,0,82.90562820330108,4.0925092594003685,0,1
50,1,青森県,25.28558892955152,121.71476428221122,80.45166894217499,41.537515440865064,13.313681476184142,0,97.53276750249184,10.0,0,0
47,1,栃木県,27.879545395959717,149.74776227424593,210.51802952582216,57.29741253886478,28.459439956169707,0,114.27822903013144,2.356757618426991,1,0
68,0,埼玉県,28.185142816217528,147.21663581432156,82.33693604612179,59.736899054604336,60.61164250235246,1,112.60965663632709,3.7135252756188804,1,0
44,0,岩手県,29.146147029118872,129.91463889753257,101.3694289037629,53.91412191512321,3.1575572088331114,0,116.5357268490026,0.04694180419152669,1,0
44,0,広島県,25.112942826475653,109.5765797453202,70.5747395612746,60.313314620228745,15.509673660501667,0,113.19088254636979,10.0,0,0
65,0,埼玉県,25.327308764520122,126.19215142097995,79.67231867937572,42.34249025127921,48.900753564915995,0,116.45033596889688,0.49098683684214717,1,0
46,1,神奈川県,20.12253230634765,141.51901645312842,67.27101192178445,42.38851948219338,16.12432847670955,0,103.58240581770175,10.0,0,0
53,0,大阪府,19.448696519133513,131.6045919788178,58.24057176588704,55.35464277424962,19.579713526234865,0,107.81522519975685,10.0,0,0
54,0,埼玉県,13.891159068285921,134.44171433281647,106.27966183037282,41.39753129216232,6.794086362361748,0,119.72451172108114,10.0,0,0
67,1,埼玉県,12.200472896716246,91.8484135131061,62.80339750971855,41.45376957325633,0.6544878984963821,0,104.359374564652,10.0,0,0
48,1,神奈川県,18.55887035082776,85.45497369277123,188.6264293097417,50.989873809290735,13.480694007438041,0,85.81495343251848,10.0,0,0
67,0,香川県,20.573937126263242,125.80381948473419,60.9584251379566,42.15822863346047,6.2302019131428015,0,95.44096207758896,10.0,0,0
56,0,埼玉県,25.24565479212724,125.40468748606108,71.7153065895349,41.30200750678985,29.18072016862336,0,89.89354884056384,0.04380561259411362,1,0
42,0,埼玉県,20.799193643393394,142.9500367828249,75.56252338456994,61.209716866275286,16.519368811829604,0,125.0,10.0,0,0
53,0,奈良県,11.949563216316177,101.76603311211173,29.188002270624455,43.84898657969871,1.7917536881910165,0,88.4459886832933,10.0,0,0
46,0,埼玉県,22.51092444992913,120.95359739388395,177.18009979611688,41.21761706632673,30.001221686683973,0,112.02670901558103,10.0,0,0
56,1,埼玉県,24.549014675145997,104.33245903257354,216.44242191317468,36.379568031897215,6.657941939679123,1,81.27094284434399,10.0,0,0
72,0,埼玉県,30.8924349943668,147.25255687688062,184.59246334781517,41.553051488688695,37.8236878028322,1,83.58067885878737,1.6467010097244057,1,0
47,1,大阪府,23.826497850402003,109.57023955993577,79.16359203716198,48.2065645444967,15.12737462006304,0,96.3939415299023,10.0,0,0
64,0,埼玉県,20.906268211574435,86.10612682202019,65.28944410745606,41.57379621057256,4.265025580557413,0,76.76712410323717,10.0,0,0
57,1,愛知県,17.08888686004191,98.5606795419499,22.80141356575731,41.25868141471352,3.1664929742725265,0,75.35505400128508,10.0,0,0
50,0,大阪府,22.480736611317326,134.65464861124715,66.64168003163327,46.515049939507385,11.851273557743161,1,94.00435530246293,10.0,0,0
46,0,東京都,15.835964162208382,107.70160758689359,56.35274507932387,49.98921756160882,6.725089163976349,0,84.71126090292266,10.0,0,0
68,0,山形県,22.782390229712828,106.28739648135307,110.36146035182267,41.11149623342399,4.14434565471675,1,64.25506831608404,10.0,0,0
55,0,秋田県,24.585851854945002,129.57319416862774,30.237433709941083,41.196066058873754,7.166730638781346,1,121.40370954231615,10.0,0,0
48,1,滋賀県,23.415082909245182,133.39548970707943,279.8406397725429,41.98299834691889,52.54245435233879,0,89.01282437087912,10.0,0,0
55,1,埼玉県,22.548712616681993,137.15452339118664,139.84019276331037,57.48102630743461,14.491846133800895,0,116.44233582144328,0.39419979550953294,0,1
60,0,埼玉県,22.069746355476624,170.70237363962292,54.21415214527853,41.91276846263337,13.876733913559796,0,119.72406316041405,10.0,0,0
60,0,群馬県,32.03109091465844,157.35586862188646,76.56324937768257,41.88093836286867,6.7440574191938,0,103.3909744431365,10.0,0,0
47,1,埼玉県,24.216634442292033,110.05771628872623,36.61805427461407,39.09834935877212,11.986531960234766,0,93.28499762351686,10.0,0,0
68,1,埼玉県,18.703424818758783,105.69654341542685,55.20533943626523,41.01080810300034,10.561168704153111,0,65.53776144652205,10.0,0,0
40,1,北海道,20.19528970551792,122.10048333029721,48.07193662840946,41.09361581735991,5.418056881394048,0,87.84106050852967,10.0,0,0
60,1,神奈川県,21.90799175600225,115.69098771696197,26.65057098665475,51.03324148387616,10.23469524322959,1,106.5881820885689,10.0,0,0
67,1,滋賀県,16.631363094679056,106.4589712757037,32.47139862324274,41.8706149200076,17.47403338737406,0,78.55565162383105,10.0,0,0
67,0,愛知県,22.559389901095336,118.38827627988394,144.7810951960369,54.747581152276055,99.66752845229827,0,90.33448378584339,3.3522663533829165,1,0
65,0,愛知県,21.546347483464707,136.96798996351623,478.1562458030639,40.94965724977191,15.117373124498314,1,92.5787709031639,9.699136325197463,0,1
49,1,埼玉県,19.495225744791338,89.03183066282362,101.25614530997923,55.35692735707114,33.54715905381604,0,91.11656318904518,10.0,0,0
42,0,埼玉県,22.491705935439448,111.07234075418043,102.67669672999578,42.48981799757395,2.5156580554789136,0,79.3763413770398,10.0,0,0
60,1,北海道,20.620141243576363,111.95668540642545,141.9901819799613,39.736626288927354,10.806942856586863,1,82.61523709157463,10.0,0,0
52,0,青森県,20.94020753221354,134.75309424966372,38.05684200543642,41.436356889054835,36.57758007724552,0,88.9377846390649,10.0,0,0
70,0,栃木県,23.522875518243037,125.13484917828235,57.8293671432896,41.59210325536208,5.558963426875217,0,84.70375298960707,10.0,0,0
55,0,茨城県,26.760467884495,152.16907687022322,244.57159685178974,42.15617081638559,14.076011065015862,1,107.30554457462168,4.679453913043933,1,0
47,1,奈良県,21.647889622850478,105.25981422711912,69.6235336491218,49.90063037257256,15.806192813392714,0,107.83807077378071,10.0,0,0
73,1,大分県,22.15323628208848,108.40277112541311,194.6538104930013,55.51918264859232,8.079178821969958,0,102.09268675457616,8.132580204588761,1,0
53,0,大阪府,24.711313275347706,116.5174493026924,35.435870261250194,47.83714668189746,10.191346960943319,0,93.09224768244314,10.0,0,0
55,0,埼玉県,25.120706062426066,149.8249009963696,99.42638484854443,43.830284126106804,15.84187235260043,0,125.75488806482431,10.0,0,0
56,0,福島県,18.069925966766995,121.87398455269745,63.412704903012084,41.37574050676178,6.914606560887477,0,76.34040943012795,10.0,0,0
67,1,宮崎県,23.22947636346687,122.8286119683959,57.89261431779778,50.778290558366834,29.265436878348098,0,82.0678348148597,10.0,0,0
47,1,千葉県,21.925408615094007,121.54783799730293,136.9661511234318,41.52072312186434,10.985852541510111,0,94.69021724981562,10.0,0,0
43,1,北海道,23.15620883504481,144.91784411803528,67.99986978433745,41.141762781774034,20.510006686376485,0,72.55519024864098,4.918198414869811,0,1
66,0,東京都,29.32825157372813,142.0338030382958,234.25156583232143,40.263004561073075,5.776356268589397,0,75.88897563066762,10.0,0,0
67,1,北海道,29.165952036882565,130.44811254921868,101.09533401576232,58.16051728779938,29.594063898719284,0,118.48678321347585,0.6447839146825015,0,1
46,0,佐賀県,17.684967214102052,108.83413065394315,30.966784955301886,42.15201759304715,7.8886750156799526,0,85.81341739347378,10.0,0,0
53,0,兵庫県,22.939283852190762,131.51181103774553,65.26779204425569,42.24404048110887,3.91844258575651,0,91.65614133792751,2.0596390333322887,0,1
72,0,島根県,21.170602812281498,115.65863096872296,80.60296864343137,50.81746865199125,12.101874491804036,1,122.73629387091648,10.0,0,0
61,0,埼玉県,27.43911454224429,137.171123307266,148.0827559837024,60.92903572102512,17.30220128357885,1,122.87540415623718,1.303728847988674,1,0
57,0,茨城県,23.176573995737066,123.03190738046592,115.01552806910681,40.548176148540016,10.605267650384803,0,102.89761026518272,10.0,0,0
67,0,埼玉県,26.539972706294485,141.57361461953099,90.13718089432659,43.29891225945287,21.867698469841685,1,121.91543147247552,10.0,0,0
47,0,北海道,22.103134857310017,108.64718300809234,53.003751689965654,41.72605900032708,3.367192539917597,0,74.1912237525992,4.821356152284211,0,1
68,1,広島県,30.815231576834403,138.37952646924433,132.67597067364815,49.60113497466939,16.653447067398684,0,86.77846875199883,9.040513471113888,0,1
40,0,大分県,19.613894925052872,78.88505092202726,42.1497670573914,42.62041205169836,4.613309215606,0,66.54359250235237,10.0,0,0
72,1,埼玉県,21.83016376754349,134.5285761859861,79.59785002978462,42.79673191826392,17.842640797257094,0,107.8980303192643,10.0,0,0
41,1,埼玉県,28.27526095908693,139.33506117527665,59.364507229842275,61.25003498508877,42.15980507775617,1,93.45949497001625,10.0,0,0
49,1,沖縄県,15.706650210233366,95.82454890393514,28.772954548256195,41.89880981406702,10.540334324515818,0,78.67555604084659,10.0,0,0
54,1,東京都,19.2443820440183,110.2739827994749,27.18838927690271,40.86099416589721,15.397700681444691,0,83.77669223461639,10.0,0,0
59,1,埼玉県,23.109380882355218,137.0314333370303,115.42195126856988,41.061798360022735,19.897794958754627,0,76.31491498497462,6.109667783582181,0,1
44,1,埼玉県,24.62749816528357,112.7783513401863,78.97893171709686,61.40897920194554,53.45434912881581,0,83.66951135100724,10.0,0,0
46,0,青森県,25.63318209507794,105.02537132273213,100.15967791825373,55.42332400969687,8.98512473356351,0,60.65153574129173,10.0,0,0
61,0,東京都,27.050357437057013,135.31488119815933,288.55651287630536,41.38474326988559,10.476887663268018,1,110.99056510395454,10.0,0,0
55,0,東京都,18.685057955806947,131.4500224620311,72.57032074028123,58.8861334415335,5.795715401138023,0,99.55135027990629,10.0,0,0
41,1,青森県,26.514063613867744,105.94018732240775,93.2913430305354,56.258645432673845,5.640227943382982,0,82.94911000071586,10.0,0,0
64,1,東京都,25.042025039585106,141.83823923278695,100.55610604203383,59.92283267997309,30.74782264194134,0,95.69223730127472,6.203698617910627,0,1
52,0,神奈川県,24.025197386246308,129.78620647856735,97.5127647656221,49.04450101431449,8.076565276683253,0,101.4877382728572,10.0,0,0
73,0,埼玉県,23.26244605737784,130.68911871949874,66.93000936037029,41.14135529672469,11.728062647133587,0,97.27958253893388,10.0,0,0
63,0,新潟県,18.594629473906004,138.63981435975188,83.36032007156122,42.17938525417811,11.123305534484373,0,91.73015031932393,10.0,0,0
59,0,静岡県,14.661496073967738,116.7344146833248,57.86453510882635,56.37246673027789,13.350002052489945,0,95.78097546926767,10.0,0,0
68,0,富山県,18.594707545883054,129.07159079492882,42.32962415795168,41.5355953551051,18.026002300208415,0,69.43660408775268,10.0,0,0
52,0,宮崎県,24.655427401564847,136.69583426780434,198.47317315144764,49.04638663134127,63.39972321496507,0,97.09726436110016,10.0,0,0
44,0,神奈川県,21.84800830933823,113.35756916826136,110.2397902609833,62.278883368423664,83.56234743557522,0,95.35603052914577,0.2718469930649244,0,1
40,0,愛知県,17.110114531540095,67.42919004599453,42.32693910677938,42.47432329406276,20.68509614014201,0,81.43092416716958,10.0,0,0
73,0,青森県,23.175058801714535,145.7649102795552,150.46280726395588,61.87857981976627,31.44243236466458,0,103.219143079308,10.0,0,0
67,0,岐阜県,22.350926569601892,142.35371842083651,42.11201004980344,48.54893674530153,7.355901039039936,0,105.0645791543503,10.0,0,0
61,1,兵庫県,18.72342066364068,130.3345979891384,76.70940288788893,32.313325425425894,2.601996783058522,0,58.47728668003305,10.0,0,0
41,0,埼玉県,20.724040868671562,129.3213953317524,84.56251141858496,40.78434275129615,10.777902464209793,0,88.87034815627936,10.0,0,0
40,0,大分県,10.826507066263838,78.7556990601683,19.18179081110992,41.02177380045118,4.80072306206799,0,65.64145660851999,10.0,0,0
46,0,佐賀県,21.466729178136568,137.37756194589494,74.95995677597834,41.30450223775232,16.092329432391384,0,78.1704938123302,10.0,0,0
47,1,埼玉県,25.252606566253643,109.20991230350415,152.69684892925048,40.7172359960587,8.068490163065936,0,93.07972588137339,3.4280313318319795,0,1
45,0,埼玉県,21.44072726539304,130.42577068530701,104.55568265643241,66.9727066936142,69.41826379931486,0,87.84107394046521,10.0,0,0
50,1,埼玉県,24.310659807649508,109.47132625808239,97.26151607054597,41.77759772985656,13.039288415081526,1,89.7769295983713,1.3036586464990245,1,0
43,0,静岡県,27.578004173835016,99.80594079888527,68.86225438170811,41.34842083012108,11.668938954199971,1,109.01009263491318,10.0,0,0
58,0,栃木県,20.192615129629033,114.71879374119075,53.08559566551377,41.095368655936575,4.248656035494054,0,83.18136031638785,10.0,0,0
59,0,埼玉県,22.456500679792534,128.71261845487527,68.3591489914246,41.67227217330697,10.396394016732085,0,102.3943422090759,10.0,0,0
48,0,埼玉県,17.351539446663203,104.81683759393735,24.5484171412944,41.958846316267405,9.308651298259429,1,98.11131644033647,3.360371870110945,1,0
41,0,大阪府,28.390051701493835,121.92131437380507,79.69697276664309,41.77315120747749,7.340078910749919,0,87.57207857589349,10.0,0,0
40,1,埼玉県,21.87946387857707,89.84184709653948,59.407032745005,42.15357681035231,8.354957068783508,0,74.40018426003137,10.0,0,0
67,1,群馬県,18.669629663661112,100.8422189665137,102.19468304388315,41.417543496518746,4.585228110727693,0,73.3407901980904,10.0,0,0
70,1,徳島県,28.393692062289052,146.2908450824004,90.2914604631384,42.388000745467956,69.43073399606007,0,92.52514016446285,1.556993460455448,1,0
68,0,京都府,26.71361978934834,122.08290632890103,146.5855424440744,41.552035748101545,34.91370463391772,1,84.67056476225073,10.0,0,0
42,0,福岡県,24.321555475293845,108.09489340392156,32.57718481698476,56.13328350790956,20.648684455100582,0,80.40675907596686,10.0,0,0
56,1,千葉県,19.61901879604528,128.57477264048714,113.61006315306523,40.28069082938068,12.20936020350564,0,77.33856563835799,10.0,0,0
42,0,岡山県,24.779414438700808,85.74896974652863,74.70439362401353,41.58281971286288,4.0810249898291096,0,87.50239150842786,10.0,0,0
59,0,大阪府,32.014893784063524,114.51833259810705,125.90938663446325,52.29191171781579,46.35210796905435,1,79.09050608202132,10.0,0,0
59,0,神奈川県,30.104196814006908,123.56632281122856,105.99701443818596,46.00952398636609,52.767970823582026,0,96.97007116042599,10.0,0,0
44,1,兵庫県,18.349324385369016,140.02576556946156,76.7657826509984,72.8183596807975,53.458695432595995,0,101.88758911382122,10.0,0,0
61,0,千葉県,28.697029536180835,120.57491477536259,276.4107849821879,55.966482582319074,37.450863477790406,0,98.29265852792108,2.9652787299040013,1,0
63,1,埼玉県,25.289440621929625,131.51661727876296,47.307431755795,42.75446537350271,10.98412868803942,0,91.12963540427472,8.816992097055936,1,0
62,0,東京都,23.809102670309436,112.97200793917004,50.667149707538776,44.20561723559498,8.503455938680105,0,120.83473770103646,3.752369009545229,1,0
49,1,埼玉県,22.6443115000663,131.7218730417566,266.4534908106349,41.42620678236949,15.710233799059784,0,93.08392232596162,10.0,0,0
42,1,愛知県,19.474969449979465,97.96611899323399,40.35124185304321,52.07869549670618,12.78640232185684,0,80.4501540008547,10.0,0,0
45,1,埼玉県,20.431297818991755,143.54894921871977,67.60046748329917,41.0118937644646,6.312542154122572,1,89.09106770243662,10.0,0,0
54,0,福岡県,21.8337033849947,124.66468141576068,66.64838446364784,74.7148336253481,15.825502473497604,0,94.5731995410698,10.0,0,0
69,1,茨城県,17.26709050580124,123.06230805169923,51.884278706664595,30.73785663332096,1.9418050155223456,0,81.61504334326727,10.0,0,0
63,1,神奈川県,21.64120366940631,123.09859395350588,169.85091419885987,41.94237106864207,46.60332153855117,0,102.65998852292759,10.0,0,0
64,0,新潟県,18.193850159244363,108.83167724077104,52.85678723403341,41.09458799661171,2.631060400253336,0,72.25506751933119,10.0,0,0
65,0,東京都,22.078873719214958,109.70346156730753,175.29856478738427,40.31240361566462,3.7629876551173864,0,80.91512931530725,10.0,0,0
47,1,東京都,19.9867069898547,99.23901809972774,115.90371013385636,41.7903380325082,9.28086055552377,0,94.84301659463397,3.033331285474806,0,1
54,0,神奈川県,24.172682350863372,138.95650499928988,30.97569698970782,62.124044834370025,14.128285750316097,0,82.18839334283436,10.0,0,0
65,1,石川県,19.515768226579617,136.89044380373443,99.94373647987926,50.0689800710685,3.2104417792180615,0,105.86650673119959,10.0,0,0
51,1,青森県,30.840832917938783,119.28195836673268,276.5644787063102,41.571662270544444,32.96584402709062,1,90.05556758726208,10.0,0,0
71,1,千葉県,26.606690955584014,112.84502824923796,103.13037852223573,41.74563397414653,6.806128192269076,0,85.83686328411666,10.0,0,0
49,1,埼玉県,21.1515555924301,105.67364173803213,29.985997373432134,59.716962574185615,29.21211279992687,0,96.89669999597437,10.0,0,0
63,0,福島県,21.506606697033245,113.26896337661788,43.43607831349498,41.07187069124973,3.4079519936905824,1,91.39775259917786,10.0,0,0
42,0,山梨県,20.763138597556566,147.7329827727892,82.48234591828248,49.63400846462714,7.111525871522612,0,104.25132232848898,10.0,0,0
56,1,東京都,24.420601745400912,146.55103959321295,155.98842868284265,35.16646026937586,4.247532541344554,0,74.85565874185686,8.618051813641438,0,1
47,0,大分県,12.082062855307004,100.80419337427199,32.03663029825975,54.31828176007037,7.753360939322561,0,72.05760150634585,10.0,0,0
49,1,岐阜県,20.406899321053526,139.4500901344021,74.74946475258028,55.03558937782959,64.10585743338875,0,102.23440438841975,10.0,0,0
59,0,東京都,25.310691992216057,137.69996436601664,76.75529910830909,53.43184594006365,22.744499678752597,0,104.40386300748482,10.0,0,0
54,0,埼玉県,19.68208894077446,109.46589943084338,145.39753996917565,46.50016170528789,13.818177592131216,0,79.43001830148161,10.0,0,0
72,1,北海道,22.637906550158352,131.50026309477113,102.73954392904027,60.31982278240384,21.000220081093506,0,82.67440244941379,10.0,0,0
48,0,新潟県,17.878181943921806,74.17963880478048,79.52109915234129,59.29521551962246,10.699401324880734,0,60.7750962500938,10.0,0,0
72,0,埼玉県,20.00575927071926,109.50076748911522,75.632152292505,40.763780065339276,3.6793609238852256,1,97.82184627319852,10.0,0,0
54,1,福井県,26.423257819981398,128.57077608468,105.96675523694057,42.479292613836925,21.650600382541345,0,103.79170925475839,1.5212828499240727,1,0
53,1,埼玉県,23.495691955148246,138.34001076388824,147.39195951012601,69.70205169045511,89.8751195571552,1,111.4144505017744,7.890364753675052,1,0
45,1,埼玉県,18.32368115388956,119.58771206165753,53.0956476294052,43.29834580662606,21.66195533787331,0,80.25115982757538,10.0,0,0
67,0,大阪府,20.836552641630465,102.1761955528932,53.267260859634426,40.618554142226905,1.95838979999608,0,93.70802142240325,10.0,0,0
56,1,兵庫県,21.076022233316472,116.28337258834138,57.27279580804552,41.59575653444327,15.22746234091573,1,79.7592308973937,10.0,0,0
49,0,埼玉県,25.16128195394357,118.19426124167566,208.3135712152572,41.57949606149402,11.842362660607463,0,97.42133906010532,10.0,0,0
66,0,北海道,25.299774674051704,114.57436462916154,288.06531722227464,41.679007673054116,32.004017174834814,0,109.07729808864347,7.765362324238319,1,0
50,0,埼玉県,24.78817019056194,108.53083523392125,222.3594876587454,63.505972677950794,37.45529174649269,0,102.6346234020476,10.0,0,0
47,0,神奈川県,20.800023255037104,143.41511670029135,71.51076079623869,42.095718155522604,18.107912667669495,0,116.02767527876541,10.0,0,0
50,1,埼玉県,19.448463379792326,116.45694439988054,110.90495456239906,59.49823312086839,17.10674975754289,0,80.41953657892284,10.0,0,0
73,1,神奈川県,18.926247451666395,137.00373260268503,83.73737790975862,41.90665892990922,24.292741440956046,0,106.11488747455483,10.0,0,0
40,0,埼玉県,19.636697517374134,104.07439086564484,64.23824285311007,37.95663632096939,13.449114744828009,0,63.54691360220032,10.0,0,0
43,1,兵庫県,22.72582209567368,136.69136334739224,89.97605235962729,50.411137927598936,19.605487929110772,0,94.43796071142297,10.0,0,0
58,0,東京都,20.746325774093346,113.12717222302916,55.598514293796036,42.1552278692116,0.9228985489415213,0,81.45479304672334,10.0,0,0
53,0,熊本県,18.687414205402707,106.3200668405868,240.13885491230883,62.51427495376965,17.666013643106584,0,71.96157058090022,10.0,0,0
61,1,愛知県,22.663641642737957,112.61668802468145,82.50293664996465,41.38437454155326,2.8629260204390596,0,116.85287066098194,10.0,0,0
54,1,千葉県,17.091611423252317,116.9401510949577,43.72524557919555,40.611375853103034,3.1897705298909287,1,93.83961109814052,10.0,0,0
49,1,埼玉県,22.692709142694653,108.88719265231751,92.05277711429703,41.443896068038065,9.541907496715748,0,77.75294048202718,10.0,0,0
66,1,埼玉県,19.83429324643031,111.52444017003374,43.96820509369152,41.58152601872112,4.0357251815260895,1,95.42356939899227,10.0,0,0
56,1,埼玉県,16.97588611171312,87.90319083655805,22.728363670034362,41.862748969507976,8.654843653139821,0,70.3582356081781,10.0,0,0
70,0,神奈川県,23.853948286475298,140.71501670574614,99.79820820633827,51.27939336106321,15.90427896637104,1,85.05971035012907,10.0,0,0
63,1,愛媛県,22.820671869588057,124.25766179260945,145.46988550603695,40.46819787736038,4.139041048695381,0,96.54879176722595,6.16315255756188,0,1
62,1,大阪府,27.57271517723752,161.01675065118,276.45497960529167,40.83032746774303,24.74440030373745,0,116.85545576574043,7.969311441561795,1,0
51,1,愛知県,13.114672614905983,109.74772081463148,25.423872388815823,65.38512706393591,12.781328363806717,0,93.07721033257484,10.0,0,0
42,0,東京都,23.09102779557771,116.32908498399082,37.25899555587018,41.01170044904619,56.62476652107399,0,87.50386799407676,10.0,0,0
42,1,北海道,25.760219820632244,116.23173949690751,107.47087479346878,42.601982975670126,4.412463009879102,1,73.20127775429893,10.0,0,0
61,0,埼玉県,18.486281890698148,113.7954032115497,27.667077565946173,41.77071968383829,10.00600253798674,0,76.76904220431615,7.8834468666041,1,0
53,1,岐阜県,15.384462037195165,101.8584598997982,62.22613329303379,52.504076635399805,9.450044309882491,1,107.56959153744482,10.0,0,0
58,0,岡山県,27.6129683215285,107.95276598246475,284.2763762310338,41.057757332074054,6.925061047916181,0,93.07068592862602,10.0,0,0
72,0,埼玉県,22.64441698504099,109.6252301087858,74.6803434157051,51.094193667797555,7.825191192042073,0,117.2794738789334,10.0,0,0
44,1,北海道,22.86835046960225,133.90716294794487,109.60050589815036,40.57327335072094,7.002403282354955,0,77.47485091317195,10.0,0,0
58,1,愛知県,24.42172449971091,127.32582488950685,91.25902745859047,43.300225345960705,4.751809880143409,0,121.71412068289412,8.424846352239692,1,0
47,1,埼玉県,21.33475162517832,124.01459678321243,109.54338205549902,55.64285294045738,11.946357535197112,0,84.2014471467968,10.0,0,0
40,0,北海道,15.18232269643798,104.83476916123884,31.188695680861397,41.55119805959745,6.751114599549123,0,104.69116018078442,3.720033536907701,1,0
54,0,埼玉県,22.480354277665135,144.91362469876495,94.90355434638023,49.513857348585,28.838648418377115,0,112.91759268854145,10.0,0,0
42,0,埼玉県,33.05322912092368,163.13130434892733,201.46134299662035,40.37645426847671,41.5843407795138,0,116.92642361565395,10.0,0,0
47,0,兵庫県,16.462054781777116,106.01608673398044,38.870580753178324,41.93053431379272,4.9691474493548355,0,97.5037811305981,10.0,0,0
41,1,大分県,18.860157468425204,124.41786206486968,37.17979344214297,58.97671790859667,2.9955879001564596,0,92.8785996157648,10.0,0,0
73,1,神奈川県,21.76645131061546,124.42243314222686,94.94655605837038,54.74262167664563,20.423858978873394,1,106.13024575171966,10.0,0,0
61,0,神奈川県,22.447980580163346,123.63590002167675,50.50354751496262,55.52224333315361,7.909792648442495,0,66.83961025950298,10.0,0,0
54,1,岐阜県,16.01811811245379,67.31522142188766,42.542824144575164,39.547895461715164,21.631525956885937,1,75.59418822451299,10.0,0,0
65,0,埼玉県,22.893430234676355,134.41212755919798,57.29592711532216,42.08833644130812,21.314909135917752,0,82.39002590650769,10.0,0,0
43,0,兵庫県,22.481928612739058,135.16674411327836,49.687518610074754,41.77760805988634,11.405351144602154,0,107.93165451715053,10.0,0,0
70,0,埼玉県,21.210305402133226,136.650723886283,80.35142475247234,40.62087846272821,7.1482080729019275,0,106.44553860556906,10.0,0,0
73,0,埼玉県,19.475789262599545,95.14187915087408,57.0118007789436,41.444630150618686,2.0634104345288886,1,58.9873912237355,10.0,0,0
59,0,岩手県,22.783308022199243,109.03761586560333,116.834598967142,40.620860979374264,10.545121692552762,0,82.6970142008153,10.0,0,0
49,1,大阪府,21.12850515576415,122.97801955978497,66.626539410773,41.177396300210994,12.200854680849877,0,95.58108169369066,10.0,0,0
42,1,山口県,19.825514835355264,116.37819371621951,156.70812154992143,50.70043607334125,15.210429380954807,1,78.57531271480404,10.0,0,0
50,1,東京都,25.872138510734015,154.35477270269388,638.8480413042869,38.56327770343048,161.84275882930405,0,104.48599660588683,6.3461934252778,1,0
63,1,埼玉県,16.944135310718018,122.80716586443182,44.21168859383163,62.356016519937604,15.832846969861563,0,82.20988520753585,6.206423066335339,0,1
73,1,北海道,22.614537494150408,135.11303292491257,49.98942511769016,41.29480867969402,15.340833101168126,0,105.16048668561601,1.7314696701631807,1,0
70,0,兵庫県,22.945659138676728,115.52597129885257,79.15153070802948,40.946953409076805,3.9194982605232482,0,77.63757682227565,10.0,0,0
48,0,京都府,31.52222925936706,137.34626268958942,111.9552016640823,53.4561582949583,37.47581537343851,0,96.6192979055061,10.0,0,0
74,1,埼玉県,18.458379498125915,110.77178989652481,25.143408259974482,74.57031370500225,7.912592733818465,0,85.27746438648538,0.5608009966773274,0,1
41,0,埼玉県,23.824742357786803,78.87473972746587,46.7430465516868,41.52240133022615,5.150415546348948,1,68.73903881508363,10.0,0,0
66,1,茨城県,26.43132550644299,141.83334936464365,87.49823682671725,54.93183061950535,17.77851356475581,0,107.93294381491405,10.0,0,0
52,1,群馬県,20.297949258605403,122.1410009870115,83.53271832662566,72.97926733550348,14.072227119826776,0,113.98195432510065,3.6954858877318792,1,0
68,0,鹿児島県,31.133352736857884,136.0594679468942,273.4102547535231,41.604540219966765,16.173701804629925,0,95.9378985795995,10.0,0,0
52,0,埼玉県,28.335320230158647,115.86032263308799,188.16562157523418,49.18320652488992,46.765096328138355,1,111.00276569436497,10.0,0,0
44,0,埼玉県,16.030616036224988,128.20774456699746,24.373015006656892,43.941961631926745,8.852609240237092,1,83.37512339599206,10.0,0,0
68,1,鹿児島県,22.476865635962945,130.1685035196194,187.13207918806566,41.899007795503664,12.816159784026356,1,66.8649756765934,6.195955607166492,0,1
42,0,山口県,16.737542942466426,128.38840018083863,103.17549800568588,37.67486891898933,3.842654170802356,1,76.18393569297513,4.9910464337591876,0,1
64,1,埼玉県,20.399546736952015,124.01876194795894,79.07945430392053,66.22775865873582,53.453643064915205,1,99.65244389621836,10.0,0,0
52,0,埼玉県,26.540353948125645,157.09236109805923,131.881855194847,63.702242808372596,53.92474546514295,0,112.30554021442836,10.0,0,0
52,0,愛知県,25.60106035931834,111.56980407020463,173.44123580035028,41.59290865212262,35.65282859214627,0,103.0347298662064,10.0,0,0
56,0,福岡県,19.890585676906685,86.22489660144608,80.74377261746464,41.09434892582138,8.046916895217032,0,78.43468215875062,10.0,0,0
57,0,埼玉県,19.554212514433228,113.92671577943344,96.70041935982758,41.515736970219095,8.889098261356306,0,103.54444910076391,10.0,0,0
40,0,長崎県,23.746211010165016,127.23081204879146,264.8316354416857,41.12423019180519,153.26135237181458,0,113.33932621288024,1.2494383340092432,1,0
47,0,石川県,18.594759542367647,120.66927300753602,27.654944385540006,70.30127319262277,24.743751384941486,0,119.14249573495734,10.0,0,0
44,1,福岡県,15.244157722884301,103.65255814192302,20.269859968746356,41.86340389893172,5.607862988431398,0,72.45841862995188,10.0,0,0
61,0,茨城県,20.28616923213202,119.1486181350728,106.03913490560086,48.58940513449172,1.307260359555567,1,92.01002224242315,10.0,0,0
46,0,埼玉県,22.022003596156726,118.41986020200072,79.4154612953995,41.13495389479011,2.701290412157651,0,73.35829814148288,10.0,0,0
40,0,愛知県,19.563237935781597,97.8497820315151,67.14459305867294,69.4143899243346,21.70710208132283,0,88.62131314363931,10.0,0,0
47,0,東京都,22.83536639676536,129.82823635054558,105.64985335841212,52.21315156678859,7.037827449000723,1,78.35435358477288,10.0,0,0
40,0,熊本県,25.73248047792662,137.77441428701187,110.04615030944734,54.66835558249874,9.29554460645678,1,93.07687139469618,10.0,0,0
49,1,石川県,20.255080067895605,119.28293267000676,63.95834437560612,45.726289043093615,7.023918555553848,0,95.19397782456396,10.0,0,0
40,1,埼玉県,22.784185604533175,110.48435291282706,143.71574450882488,56.267082431216835,48.920936170048876,0,106.25101017831277,10.0,0,0
71,1,福島県,18.28036908958542,111.63552146973447,51.425809259106536,59.41165620808765,5.635476789692161,1,82.61655491231352,10.0,0,0
63,0,奈良県,29.151151558293197,129.8635027453051,89.5846162801394,41.05041349131464,82.80371315786827,0,99.10551651497072,10.0,0,0
60,1,東京都,18.768281789062783,125.41379851388633,221.48125346692575,42.43588224215053,21.43142905976883,0,84.63029830290655,9.382646971002357,0,1
41,1,埼玉県,25.915725109568307,116.45141782684338,172.74867221868527,41.499182648375125,59.67452954523223,0,110.28979522086848,10.0,0,0
50,1,鳥取県,21.86587711157577,103.65291154867647,61.0770486578466,49.764979462077214,10.198648065457053,0,109.96311278551491,10.0,0,0
68,0,神奈川県,23.035742139881002,147.69389248491706,151.06161727058097,48.91085132362953,61.819858970047285,1,95.07654218181322,10.0,0,0
57,1,東京都,23.78114474778391,113.6848412750598,57.8137352872899,53.98505039899018,11.327137141683657,0,83.7766561284973,10.0,0,0
49,1,北海道,22.831184242273864,149.89090062652295,84.56017254544393,58.193799827317264,15.324309856394137,0,61.791239003527274,7.655700096415522,0,1
42,0,神奈川県,34.34165456691251,116.80572074268865,102.36971153031656,50.254624606386926,37.74117532583029,1,101.7076336504261,10.0,0,0
72,1,埼玉県,25.242737889277528,129.69380191106353,222.4021721423679,54.28140543613626,27.972818093118473,0,117.29554067034385,10.0,0,0
59,0,神奈川県,21.288544830392595,105.59810644869285,41.3233654816774,41.90493775721662,1.799750100080028,0,80.22742789940202,10.0,0,0
54,1,埼玉県,25.118357172806142,108.83483715650671,93.93687641438254,40.805210460088915,20.95897878302269,0,59.91878424364349,10.0,0,0
40,0,熊本県,26.01218614789733,142.39641018572178,22.355468624361627,41.91757917876989,21.743191666340635,0,93.94978942465735,10.0,0,0
72,0,埼玉県,22.339226369681754,123.5725051681652,29.68739213763653,52.28433296179067,3.1682631829239716,0,76.48806672472402,10.0,0,0
62,1,福岡県,27.303695635750902,156.0429970174614,407.6447196528414,49.29292595502492,52.445160727337644,0,124.41942187548162,2.292215551070923,1,0
63,1,埼玉県,23.70994824135824,139.08422670284637,141.30179834723887,60.37583925702323,45.38480963721571,0,91.36026927766157,10.0,0,0
52,1,大阪府,30.759462360535966,139.31003471453786,125.39209555499646,41.373646876053655,9.01626637942377,0,100.4340717170353,10.0,0,0
64,0,神奈川県,15.718614537222487,135.29803070678025,59.43327883012546,61.788120085968245,6.185927565487318,0,94.60068800138052,10.0,0,0
40,0,滋賀県,25.276593117487067,101.82877222308836,140.87738474325852,41.50092342777756,11.971198768195935,0,76.7323192436055,10.0,0,0
61,1,東京都,16.71509056790674,110.33162823384494,87.50709021999234,41.72441358923408,6.751060582680266,0,95.12131116746504,10.0,0,0
40,0,東京都,24.584881356860734,126.39069368051713,132.58578273905124,41.91784073477269,11.738787748892673,0,93.90572519354828,10.0,0,0
47,1,東京都,26.24993057408592,105.75965177829977,273.5085627003518,60.0431676449514,47.87887579011847,0,85.44429988956516,10.0,0,0
59,0,福岡県,16.27838013934411,93.47733232952308,22.12653754899658,63.6083613472258,3.8121653086817373,0,67.87690680794213,10.0,0,0
65,1,東京都,23.175070911615382,118.90728722814102,192.93920173733358,58.34460762319879,45.4176647658861,0,75.3522380211751,6.969430967256556,0,1
59,0,埼玉県,23.766220165782542,122.77968668096429,26.42134476552638,48.99386141402241,6.18923246272829,1,97.5131895640406,10.0,0,0
57,1,岡山県,25.357612202468353,124.69619975305446,199.41678090672863,58.93221511161719,4.444600444240112,1,90.32174660527853,10.0,0,0
43,0,神奈川県,21.877525179581845,91.8474478366349,65.54637596107858,40.34787383270364,5.183021907112328,1,63.16311495700508,10.0,0,0
44,1,福井県,25.528913864180616,135.29782824905635,69.94007449266165,41.53397628443892,31.38083465492598,1,90.06343690421865,10.0,0,0
70,1,埼玉県,35.14553815484263,140.72400262342785,63.239516754704425,41.50933969521566,14.477614245256092,0,86.58524123750799,10.0,0,0
46,1,福岡県,23.519334163038813,133.46239671853095,99.22422789080397,41.464588881036846,5.461497491996147,0,83.15730731672734,10.0,0,0
41,0,東京都,23.10956985192794,93.61117389566112,110.76706488426754,41.126064589625265,30.15275973814728,0,103.4602299252397,6.899320409017787,1,0
50,1,埼玉県,28.54165284173842,110.13160158036116,82.48400634965877,63.54873715114332,35.200833972676435,1,106.19829847707389,10.0,0,0
56,1,長崎県,21.465969997217872,124.11795777954438,50.06582353572192,51.42548262969464,5.005604829528041,0,67.76195552825948,10.0,0,0
67,0,埼玉県,17.75147420159393,121.42892819982518,46.26138443027192,51.7945557669296,17.26235414382647,0,87.55283743040863,10.0,0,0
47,0,石川県,29.524482993053056,132.1244856465909,149.12529755810627,41.113138082784225,35.68405683187383,0,64.3077036949263,10.0,0,0
59,0,埼玉県,19.851767432298733,127.40113727945088,52.99749579877004,52.27347975486069,3.421598532923958,0,85.37099227540457,10.0,0,0
60,1,兵庫県,19.61435890661414,153.32347234821572,95.91927015306962,41.216995277084436,2.0679917003359445,1,78.24073641001183,10.0,0,0
67,1,福岡県,24.18568489374567,113.54557943351823,105.64836012108,41.0580373234879,5.643841493614593,1,85.8177592781656,7.859864131144914,0,1
70,0,山形県,26.606284059857376,138.89883301330096,146.80965980420245,41.725220187165746,13.023921965177973,1,108.6384944132125,9.281876586451622,0,1
48,1,岐阜県,13.999558676203595,107.18472065002274,25.402479027997412,40.748471988880674,4.146314695358442,1,85.78779187390533,10.0,0,0
57,0,埼玉県,23.1908705857438,132.227016553033,101.42746167750113,41.2088253754473,32.585520653990564,0,108.88383366653073,10.0,0,0
41,0,栃木県,13.63829914037052,118.96665920022811,38.97218900460607,41.957510841744906,6.39782250619396,0,106.53689272763962,10.0,0,0
54,0,埼玉県,19.647384082086354,139.31827144546992,103.24806965049729,40.75017284523781,6.194876109262094,0,113.14718440794321,10.0,0,0
42,1,長崎県,23.37928132205991,101.40303774035098,44.79157856515288,55.52002615742524,22.032088305628974,0,83.18684881783776,10.0,0,0
62,1,東京都,21.92690732709593,111.9580828113866,132.73619189314593,43.29669069358269,32.9578555747994,0,88.46216046153035,10.0,0,0
43,1,広島県,22.576759511540647,111.94417688078605,64.28927937958765,59.547229014283786,43.09804758175947,1,86.02281123816807,10.0,0,0
43,1,埼玉県,24.54816707782871,125.72925787181057,62.02312247190416,61.8648725451947,7.874596362753932,0,93.22002709060202,10.0,0,0
61,0,神奈川県,19.46606807866605,113.35746359990348,29.69434747009765,61.8162020113929,13.061206613547524,0,83.20787447586727,10.0,0,0
74,1,山口県,20.642431998010167,134.2575262084234,79.5256748336387,48.795492703426994,5.485939642825724,0,94.86666027419287,10.0,0,0
45,1,東京都,23.744496909914062,119.35017029950114,68.84921367219896,58.250613263904576,52.544041581107585,0,104.28175236300625,10.0,0,0
45,1,茨城県,31.80538659260393,132.32814512974485,65.81125902809171,55.98173205939718,16.470236307552312,0,88.7857143819666,10.0,0,0
52,0,東京都,27.579336252667268,152.58159888919786,56.829647841061316,47.951856299646735,15.02034082895237,0,92.13945938006155,10.0,0,0
40,0,東京都,24.05718828252131,136.59900103903533,159.2745087350818,40.74689555406998,27.55123396898511,0,93.73309977065263,9.280858174957556,0,1
54,0,山口県,25.637962581306557,94.10679537214993,100.10398564046618,41.58711617982939,16.541245201870822,0,80.62590755166687,10.0,0,0
67,0,奈良県,22.94055583404737,147.0234795311014,113.87122252266681,56.28784893799023,12.178997573837929,0,105.13255107732955,10.0,0,0
71,0,東京都,20.988804503833624,128.1589755880344,93.3797574558763,50.500789419590255,27.203405500095048,0,102.62643774645068,10.0,0,0
67,0,大阪府,20.51763706333703,110.43609841016865,58.55079695833826,51.21969807827243,3.8134417307433797,0,70.79529995190212,10.0,0,0
55,0,神奈川県,20.27223763323193,164.76772234791142,61.07328519896274,42.06056732640448,13.5250264790031,0,111.80730536495912,10.0,0,0
46,1,福岡県,24.02833301701631,121.40449543702326,59.41851188992927,59.59257965686466,10.887270309545528,0,124.98343106146179,10.0,0,0
70,1,熊本県,31.81552456074039,138.27409155446435,224.12152899008498,41.157224878388966,5.772458990138433,0,93.27526973366643,10.0,0,0
71,0,埼玉県,22.34590312730444,137.42626894224773,66.37608707894493,41.48305878486307,6.35381712366542,0,74.42391586036366,10.0,0,0
53,0,埼玉県,14.686557375938873,106.57125428780294,198.81369462903984,39.50340741648749,16.8491926906393,1,64.24144553905468,10.0,0,0
61,1,香川県,24.390306866499746,134.03228386633094,62.87648262877237,42.33879064846035,23.341368776027767,1,98.99524216738358,10.0,0,0
51,0,群馬県,19.890618624839203,126.63050825929402,102.61909165759533,53.97080638111411,68.56012250485861,1,79.33902073511717,10.0,0,0
59,0,埼玉県,16.481776996840534,128.84898981249756,106.55687081200344,58.392021926419126,6.653371004330947,0,90.0322973644122,10.0,0,0
58,0,三重県,21.69821773648579,101.95037994285757,35.889073792275255,42.206648256252635,37.731295615745594,1,80.41083235346223,10.0,0,0
54,0,埼玉県,16.967864270324004,105.97418019086226,107.61442180947117,43.19507078024205,10.90810818551744,0,90.01553917564546,10.0,0,0
54,0,沖縄県,25.96298952769309,111.71490148272723,133.5791022411177,40.469999255672946,5.460705002038043,0,99.818061661244,10.0,0,0
68,1,埼玉県,20.40791229547558,118.98807530426338,113.43229722693403,40.839761129457656,14.086850137211169,0,78.33731433173804,10.0,0,0
43,0,石川県,22.905686906714887,112.78514565571052,18.554391732255393,54.29083784604612,4.9991103091095415,0,78.06280900416266,10.0,0,0
48,1,福岡県,19.4836314329319,78.91348951470783,61.108194323015006,40.71510653579531,10.700783931210786,0,74.2917243318393,10.0,0,0
43,1,愛知県,26.257901479130442,149.80867637074968,141.39173131623272,41.67341935907796,25.092606199169534,0,68.41490122664112,10.0,0,0
61,1,埼玉県,13.625485751939568,125.36440295866915,41.0841413811516,41.50266420010369,3.657918979721306,0,82.32347183118341,10.0,0,0
43,0,茨城県,25.428317042448917,119.82958148602836,101.94868141803461,54.31667759624678,27.20947007393362,0,85.24878279862133,10.0,0,0
55,0,宮崎県,24.604793476803348,148.03236085822812,109.85965669368872,47.20092428408011,7.127342611930866,0,120.56128618447687,9.307396278555345,1,0
73,1,埼玉県,23.52360166125616,138.21104979809485,220.05128365316472,58.20088363090556,9.475126859622101,1,105.03149323980675,10.0,0,0
54,0,埼玉県,22.55093248278576,126.5188336481868,93.17651104759722,55.741442232976155,12.823223484146936,0,78.56941020432255,10.0,0,0
67,1,神奈川県,20.042411805812385,150.31402191049688,149.75680784372005,60.34579997532351,16.177567935508694,0,99.0357035149571,5.002775819694415,0,1
41,1,沖縄県,32.21326438109077,113.20439749428806,195.09518984772933,41.12562084613038,22.758554406654593,0,99.41729936137675,10.0,0,0
60,0,埼玉県,27.576568471127395,152.73338267281042,159.44595759982852,52.7579126991194,28.052577684537592,0,123.83141348342359,10.0,0,0
58,1,滋賀県,21.392905510313927,139.85921121670077,102.73438710571499,54.008881588455665,47.53844203895447,0,83.21648314832372,10.0,0,0
61,1,兵庫県,25.24658645630319,125.38536166057759,174.1742345391488,41.50858984415758,14.352948866890337,0,116.52164915895969,10.0,0,0
57,0,埼玉県,23.17612695034802,125.415072285475,150.2068675069856,41.63894468735242,35.92654974880451,0,76.55836327923593,10.0,0,0
66,1,埼玉県,26.969059043711553,132.54334187991861,110.01244998752905,57.56901387189144,12.432790198972356,1,60.97732820675194,10.0,0,0
44,0,長野県,26.339041691488056,140.3430133832936,60.58227959792457,65.37891461946155,141.56724484792616,0,93.50057665613248,4.247642207302095,1,0
52,1,岩手県,28.304781313146677,122.83320531941852,141.87708023445802,46.84866600238082,21.44690201738636,0,83.41919798974692,2.8539986618561257,1,0
63,1,埼玉県,27.19971647727966,135.99084706515896,76.19650533783641,41.04264241953876,8.55093781891481,0,76.45215771657926,10.0,0,0
43,1,群馬県,24.8324065232991,85.63459525402747,71.13987621491091,41.21876911014989,22.41861053919476,0,76.41664335362421,10.0,0,0
63,0,埼玉県,23.82555129547563,108.80207398035522,101.91852136409105,41.745601650600214,8.47314292334199,1,71.18565696844597,10.0,0,0
66,0,山口県,15.849377341743782,104.18108679668765,14.374581842449103,40.46767429969566,1.3499667717574773,0,96.75493560471558,10.0,0,0
46,0,東京都,19.697143696711535,111.54949913017398,24.248788677935817,52.16439837557497,17.777578428607022,0,80.97521359093969,10.0,0,0
44,0,沖縄県,16.970099345625734,107.55002725560377,88.75200765029231,40.940700740661306,12.430513850335535,1,99.64355223048109,10.0,0,0
48,1,茨城県,24.181956377690582,113.29703917951247,68.72083077314454,41.6201923848921,34.20137108147865,0,114.49428889728985,2.3166751697690073,1,0
60,0,新潟県,21.270356720267618,102.59883245126966,112.54735537162117,41.49837240238651,27.56164703106532,0,102.25312331530712,10.0,0,0
52,1,兵庫県,21.33633770515657,117.06127586487204,54.5858132784891,54.84562669221298,3.554708216206713,0,82.0228501519053,10.0,0,0
40,1,埼玉県,18.070138605356167,107.65966615531669,98.788856610968,42.062757351860164,3.3545118330010264,0,102.0062858143668,10.0,0,0
46,0,熊本県,20.456996900706972,95.47721849333409,47.90183267880028,41.77732610201281,12.439946202492681,0,94.07807762305492,0.5021387625853293,1,0
60,1,島根県,20.977737294767874,121.85122346502766,114.97180476414114,41.5756251681901,11.668040316921283,1,95.64914494284854,10.0,0,0
66,0,岐阜県,25.375617392508712,183.15286196300787,155.81460520452342,57.460030969265354,16.48960411957742,0,115.3091525587858,3.2464151681355555,1,0
64,1,東京都,22.878394629762994,135.2366456607676,87.41521105364139,40.97526476946464,4.14560734162423,0,65.60637940891205,10.0,0,0
49,1,愛知県,17.214392996393716,118.88117564803932,57.65782794916882,41.16068813215028,11.671612158721922,0,74.76978634958475,10.0,0,0
45,1,岡山県,22.63745288692622,126.60425433916207,61.71762859490776,54.541970202233635,5.140437576736338,0,87.52905182720139,10.0,0,0
72,1,東京都,18.36840681748589,117.28214659282982,49.35936884332476,48.36207892293476,5.185294311869214,0,105.7868661642224,9.898967391096603,0,1
47,0,宮崎県,24.392274397409924,130.76343987815437,84.61712083232788,39.31535404199451,11.234166327394679,0,97.62262556333756,10.0,0,0
69,0,京都府,16.359050024506057,122.49670897135422,33.342703853159776,64.12172306223884,11.005969903085017,0,107.17252694019217,2.136710711307585,1,0
40,0,神奈川県,14.265473820181748,103.14310262228332,84.19636407742581,66.7948637427054,9.794380567656523,0,94.83917796974232,10.0,0,0
45,1,千葉県,20.90717881288505,113.17805878577863,52.48435288769118,59.020348104286406,12.339117536042309,0,83.5790622533254,10.0,0,0
67,1,大阪府,26.35560045990034,155.15532861174825,159.5422403634105,76.54281879701786,157.98542620812154,0,116.70982947956138,0.17742472995054492,1,0
47,0,福島県,22.034603736261197,114.91028403468496,187.9893798461704,41.09172480212884,10.601625755073526,0,90.0601520924014,10.0,0,0
62,0,栃木県,17.70660189294337,111.96741714124269,145.38149271314194,65.158415349451,6.810313101621617,1,111.6669885777211,8.955737876581795,0,1
45,1,東京都,20.941977198519574,117.27624841332766,57.11945817047268,48.7010742370836,4.145543434903183,1,107.10381733305152,10.0,0,0
68,1,神奈川県,23.6002780305546,125.40067962129028,69.93072507223728,44.69524557809061,9.333448244372956,0,114.4932244022604,10.0,0,0
73,0,奈良県,28.818249925006853,119.68966207417628,55.072194042800966,41.56908405083349,19.60214006290934,0,112.114548815624,1.3216074563519125,1,0
71,0,埼玉県,22.456427853938973,121.79439443647291,191.35062875905794,41.02180375314049,8.844998140634903,0,95.16412835609039,10.0,0,0
74,1,群馬県,21.356784661958297,138.91035329376987,111.94949443014461,40.81845778049429,37.35952917979065,0,112.66071431185588,10.0,0,0
56,0,群馬県,19.61713639178937,121.59978830595058,65.95072783464667,40.6184970972123,4.740835684192169,0,81.26190588034717,10.0,0,0
43,1,群馬県,26.080100321203492,111.49304871781638,24.580816633621467,72.8692424236596,22.74646446469088,0,117.59832921953497,10.0,0,0
47,0,滋賀県,22.559555016348742,130.72805565857115,340.97819213110796,41.31382160157297,32.310970379183736,0,81.45788834968596,10.0,0,0
44,0,群馬県,29.815882037096348,111.36189605106019,148.77145881647374,41.444117233049624,15.74924897075018,0,84.7111782260284,10.0,0,0
49,0,埼玉県,19.89809382872492,84.54422436022939,45.88335329430972,40.29461366214448,7.353687429151462,0,79.97192762080452,10.0,0,0
40,0,千葉県,24.916240584376784,121.37424296492001,145.52679328723494,56.27583128327664,40.712957182726235,1,121.40392201238107,10.0,0,0
74,1,福島県,24.002531283248697,134.87179403394407,62.22695840284677,59.049536622279454,10.717571413019481,0,109.07000695618075,10.0,0,0
70,0,愛知県,16.48613534633444,129.46264880032106,31.128287703157294,41.894223650495746,7.152444849987074,0,84.19859072484691,10.0,0,0
62,0,福島県,26.168196031982575,126.83232447776759,72.0710230684461,41.109616344774025,11.668485335994767,0,103.76889656877997,6.838299903714565,1,0
63,0,奈良県,22.33940368665919,105.38672111260838,90.6803263941927,42.29755283424611,32.272687463938965,0,88.71552168492579,10.0,0,0
61,1,新潟県,20.264514161812905,129.31461856524558,24.55196605817734,41.37005939396487,6.278960974268203,0,87.84112416600941,9.276300630933122,0,1
67,1,愛知県,35.271679680496526,123.32436131439268,61.6657038545378,42.26094573503803,7.490879036999636,0,83.57028820017408,3.4795968292948634,0,1
64,0,東京都,30.426290646419712,134.80429117560047,159.31082690284015,42.24842154985735,8.875966802135112,0,78.97514613459117,10.0,0,0
67,1,山口県,25.587645198288605,150.58766011074658,49.90104909452635,75.61075753358618,63.70885537099007,0,99.65602747757929,10.0,0,0
42,1,埼玉県,11.691666224739095,101.80670380082589,34.684160271142524,40.07923280995387,1.4742591314382003,0,68.62115886111562,10.0,0,0
65,1,兵庫県,17.315704036806256,123.64883645755675,28.413376159610817,41.14371525590344,8.131593851206024,0,76.96381281894308,10.0,0,0
57,0,熊本県,20.263566470633055,132.1059742636319,26.66885838572808,57.483133770134195,16.29099538443005,1,87.97929773017908,10.0,0,0
48,0,京都府,25.324378688376026,129.8962519618785,33.66533052040172,41.201125500813575,13.50128388939318,0,83.72285918246601,6.401630681823074,1,0
45,0,埼玉県,26.701719336526264,116.70445324282979,87.52191258253649,40.79068498509092,10.219630212500467,1,109.61890161040174,10.0,0,0
54,1,福岡県,22.141914026308644,141.95550581279792,36.031432698368576,37.81807021994055,14.076185064032535,0,99.66384601345102,10.0,0,0
50,1,埼玉県,25.883883778079667,116.62401451663962,67.6863310511562,42.618626769045726,94.92655734961595,0,95.42368832293077,0.8566706499447616,1,0
66,0,千葉県,22.093775563449267,135.2966279528232,196.462834405437,66.66709222025447,12.472428923610758,0,77.9069743817352,10.0,0,0
65,1,埼玉県,19.28797674858428,139.00365126272487,61.51798992033934,58.97948419590819,19.664918080770974,0,60.69001344603246,10.0,0,0
68,1,東京都,27.856107630708696,161.15671464021457,63.92836482125209,54.273496461209355,13.711007037621604,0,89.61035110927257,10.0,0,0
52,1,京都府,24.31974294366342,134.77962350452316,103.09204695474072,49.85580027647617,9.873430563660298,0,89.90156861161161,10.0,0,0
50,0,山形県,23.7462192703066,116.39184752077253,40.94413983106433,44.398357593666944,8.139888053671044,0,68.55445015928416,10.0,0,0
72,1,岡山県,25.35742080863428,104.06395554334051,139.51992554275094,41.35862452936264,10.029297544630884,1,78.43018858929844,10.0,0,0
48,0,埼玉県,16.5041025046009,74.63355336957571,21.12363041486252,37.696976742991076,4.924906126881615,1,82.80242695060272,10.0,0,0
41,0,埼玉県,26.73502327440767,130.41956501159993,164.1547306157791,40.74717062280314,3.8062164701529224,0,84.60474560928904,10.0,0,0
73,1,東京都,24.71464163747375,166.00864311837125,79.4623388957857,53.94923533111949,67.06389307173231,0,116.90072874699699,10.0,0,0
40,0,石川県,27.195973889178887,113.23479884931952,142.43862047618032,42.08891733439741,14.136752207049687,0,79.37625516879528,10.0,0,0
67,0,埼玉県,18.55887899629013,69.49366524240183,126.3529575848777,48.112929045204275,4.74637602683419,0,93.09203756161683,10.0,0,0
68,0,愛知県,25.354771961026007,141.83228241481478,174.02653296295648,54.184047654530836,13.296439288195998,0,109.1667236077729,10.0,0,0
56,0,兵庫県,22.446000467642843,117.62684966037166,35.730633152848505,40.90942963996265,4.366082689684607,0,85.15058350033307,10.0,0,0
55,1,大阪府,19.205653562367033,130.48217686173714,26.388621859617416,40.78770104951451,0.7144468676097306,0,87.33827133674885,10.0,0,0
64,0,埼玉県,22.089562763339064,131.6023379336111,267.06198314246865,63.91707742244543,27.563676769930126,0,66.48553368788875,10.0,0,0
66,1,埼玉県,24.86781849227398,161.4223655823631,88.53094691406979,64.6827167616648,21.959209070367333,0,108.21124967094634,10.0,0,0
50,0,栃木県,25.277582205267272,114.65134782232111,60.58933536749029,50.87558919017694,6.204597291807215,1,66.48193879733998,10.0,0,0
64,0,熊本県,21.273686450864407,116.83415409765013,70.13741175476967,42.204812230194186,13.724105474580808,0,83.55656322019385,10.0,0,0
43,0,広島県,23.55605533952691,116.07853976785958,168.51828970578669,41.860292721052666,90.51837277838662,0,100.0,10.0,0,0
66,0,神奈川県,19.466131058761775,105.385915025222,88.52857574972484,41.20071644500418,53.89223081978093,0,76.25091070292831,10.0,0,0
51,0,埼玉県,19.51879861794443,93.37840275921545,99.0982273458581,63.77258974714802,10.894235945214982,0,91.11871691825722,10.0,0,0
58,1,新潟県,28.39017820499219,110.49521373147239,145.83608725447812,40.78658955473648,17.71548747035445,0,122.39756672083347,10.0,0,0
68,0,埼玉県,35.343829630369775,140.36298886154069,407.43808435006105,61.351330903571636,21.426375755773325,0,111.67087675620203,6.898150249921691,1,0
56,1,東京都,31.928040425037864,183.407853611241,152.3370410295622,51.513488662632504,17.756350661861468,0,102.97697089573832,0.8785634853661723,1,0
41,1,長崎県,16.26760005184671,94.73883155252517,59.46689785408982,41.99426914603454,3.595215918607832,1,108.20100181475055,10.0,0,0
50,0,栃木県,20.83820471688182,85.70586759453252,59.18760400736245,41.93696992157896,7.072275563379969,1,103.47527864003561,10.0,0,0
52,1,富山県,23.39750524389487,120.46720015175917,49.41134578051661,41.98297380928539,7.027049869399448,0,55.508251001456934,10.0,0,0
58,1,埼玉県,21.16019532075026,136.7382231385317,191.95827195329082,41.36836529285143,3.882588538300096,0,89.0987322712328,10.0,0,0
62,1,京都府,20.924210014771585,128.2107082097653,284.25396679169467,41.69656155557724,7.311639650874223,0,111.34199779441096,0.051887423653201065,1,0
68,1,愛知県,26.50180204767183,138.2283156547734,79.49368915624527,41.89636496971609,6.326488301229436,0,83.55064576570041,10.0,0,0
73,1,新潟県,22.732924554996664,144.54843390819028,125.51297337372027,48.18473881478955,8.204569676683697,1,111.8093252575208,10.0,0,0
47,1,埼玉県,23.09121724081718,142.39602810853998,78.26019595371636,42.10722773802808,25.02804454498025,0,119.1535457104826,10.0,0,0
50,0,熊本県,21.69028384399557,123.60421742668166,54.359250849330266,41.673632185645594,6.762668047284269,0,98.96730730913266,10.0,0,0
41,1,栃木県,24.493130550826844,121.00684642497681,110.39118765491351,41.905807060868646,13.451151390711528,0,98.36440357429014,10.0,0,0
60,0,埼玉県,24.28808024055828,86.98082310125127,57.030235200103995,40.19410515739418,5.315197859198035,0,92.53230592833097,10.0,0,0
56,0,福島県,24.602830074088526,129.88108776055756,100.21640401179629,41.66149993360399,24.425785060701788,0,107.21698350460575,10.0,0,0
67,0,埼玉県,25.27262970041039,139.00201917099736,181.29775442641244,56.07216651767354,7.000468516248263,0,115.2025914119864,10.0,0,0
57,0,京都府,22.97978714790933,96.95717777838681,60.73154498572085,40.82050934286547,6.740086023201559,1,99.64352083409207,10.0,0,0
57,1,千葉県,26.60299116346041,147.66793046500473,168.59184175910926,56.722213452547805,18.01049658247215,0,111.64159221693392,7.592617934792648,1,0
47,1,北海道,19.309300249547128,124.62598748229516,103.46240991539838,41.345174758779585,4.577547467671309,0,112.34518989009095,10.0,0,0
56,1,東京都,23.471839011594984,115.54068202915931,69.84914385871912,64.46670829097442,29.585555356329397,0,112.32506617574279,3.4978840052785585,0,1
48,1,千葉県,23.72204882716254,146.51498721254848,95.50781264035199,36.44908044342186,11.240998557123284,1,74.45378428195306,10.0,0,0
70,1,北海道,19.44558862852426,106.31974101568974,156.37418697268984,41.38151059359874,25.439263044525976,0,97.48714383603289,10.0,0,0
74,0,福島県,24.706915024141335,170.81579031167828,276.6379577488332,41.93447303503191,60.770842505733526,0,109.87400975282398,10.0,0,0
73,1,埼玉県,27.807441770866856,144.0387821728466,95.40677809830387,54.75828563540732,24.749008238028743,1,117.9572874003679,8.40301923716612,0,1
58,0,埼玉県,24.338775729426562,149.71361450177355,219.17872903427934,42.078056566465584,9.635972077133822,1,97.14249846071735,9.949308769482117,0,1
62,0,大阪府,21.6642129572424,116.18905609511945,42.3478479313018,56.67036102773867,9.406651526279436,0,104.80309447017247,10.0,0,0
59,1,東京都,23.16514102725351,120.6562331242657,196.02674537399528,42.089681325221065,18.220840905298445,0,106.71384909370938,10.0,0,0
53,0,東京都,22.06867509232891,110.11511175051739,35.30755148791389,40.77469703177615,4.406800825099828,0,104.73584857020698,2.5373532696092593,0,1
72,1,大阪府,31.162857043601036,146.89424189036498,71.78947035216801,52.76873902929406,5.069391734155755,0,106.66700196814058,9.06526331916371,0,1
72,0,埼玉県,26.81048506682817,111.67623712961593,80.70406484032488,61.38259230434709,24.436214097293778,0,118.37464919822817,10.0,0,0
51,0,埼玉県,22.55784927322329,120.76767903588838,284.24345239450935,41.1190099800458,20.56183555793209,0,79.66998365776807,10.0,0,0
44,0,静岡県,19.25894910137345,97.56023600892777,45.51448373633732,63.60223989503799,14.320826436765842,0,103.56443111705818,10.0,0,0
59,0,神奈川県,25.076152392055107,108.83196493217439,59.541652571711346,46.539321958972046,24.890168451500113,0,63.554698728102075,10.0,0,0
64,1,埼玉県,23.22054354748472,93.27679464330596,90.25800790163794,41.35843952641548,4.117988740175419,0,78.1538473319559,10.0,0,0
53,0,埼玉県,17.258247099604922,133.29056831998375,55.08502675066061,50.50078348634728,21.02744415551496,0,97.52735041722532,10.0,0,0
65,0,兵庫県,21.862804138138053,131.5931795188887,67.95161841744522,41.53954667070905,1.4559236342434039,1,86.77334688849588,10.0,0,0
66,1,北海道,24.251916653614455,124.15246497387423,38.05775352139651,41.37976374457481,4.247416423481833,0,79.66481569597843,10.0,0,0
46,1,神奈川県,20.77814043133416,103.72186755095704,117.10816736037707,39.88381000327802,12.438687442871718,0,94.34886750039776,10.0,0,0
40,0,熊本県,26.80399319044241,106.49698802917726,55.665175864920435,40.11025657891828,5.925758607646058,0,92.20041804872808,10.0,0,0
72,0,愛媛県,21.770441178755092,101.61900715201118,12.331343209453912,60.00076350569983,7.0118452895899965,0,67.86314332249125,10.0,0,0
64,1,京都府,21.64569703763033,126.29165612467636,43.726817491401015,40.91035729966736,11.794770936512055,0,84.07204746058179,10.0,0,0
72,1,京都府,22.83752332097551,127.33956099964605,101.41610478142718,42.56682930935649,8.398764212380048,0,73.39185401815455,10.0,0,0
60,1,宮崎県,24.599238051763386,132.4576821497397,145.47161038435863,48.30814025507357,30.265754506360913,0,100.02990636499138,10.0,0,0
54,0,新潟県,23.08811016959188,100.7861342200958,16.923752920425443,52.28674330771101,3.288269912024707,0,81.98840212964775,6.282256353130701,0,1
66,1,新潟県,19.46606259826396,99.9927612198322,56.38959366018238,42.206433305904014,31.243164920459755,0,118.24693782894089,2.9599454816605615,1,0
68,1,山形県,28.18356066341836,109.82379064049059,146.39241304716745,41.723286169031816,10.434499511816025,0,85.24931339237479,10.0,0,0
52,0,埼玉県,29.168190321393368,137.51209616922395,172.38464578419448,41.67794928140557,35.05790813043256,1,83.77520065055563,10.0,0,0
73,1,京都府,18.315292044746062,128.23648944633112,74.88804513425059,41.73054356761586,1.2214982952412936,0,106.07782484927557,10.0,0,0
67,1,奈良県,21.509627182838127,124.78247133809792,111.15334290036297,41.0943686363951,21.006635249046774,0,86.34743778943434,10.0,0,0
67,1,埼玉県,20.443739623239594,140.8959977967049,72.07762194976276,40.75992137958651,5.634771205672569,0,67.13308015238827,3.89077293800597,0,1
54,1,山口県,21.830412790581764,93.74665198001357,64.43131699660846,40.60043348327794,3.909917642385696,0,70.86819746902489,10.0,0,0
44,0,茨城県,18.57140891452064,108.40265150053462,52.70904036210971,41.00878677478159,10.971746525523846,0,93.04712036986236,10.0,0,0
72,0,栃木県,22.7144726310624,141.13244976601516,95.40663528805457,41.83632882751469,20.81621818321096,0,94.12630783811854,10.0,0,0
44,0,埼玉県,22.24025777027583,123.95115241599233,31.834153929958266,53.23228730359145,1.8043746871203439,0,81.7214566027179,10.0,0,0
52,1,長野県,16.503897954076198,110.47016798688499,35.175528987541604,43.269393880531716,6.320578640125298,0,97.5319463554649,10.0,0,0
56,1,東京都,30.79535645451345,142.0330858901323,227.88108031932168,40.292644914039066,17.77682087398453,0,76.49786191221138,10.0,0,0
41,1,千葉県,20.21218451835232,101.91769831920239,60.59376927728359,40.760900936440116,8.38654346588998,0,66.9881276755191,10.0,0,0
57,1,埼玉県,22.999559249085163,101.41469223019286,159.285391907298,29.91844185885042,8.188858281197037,1,83.35774655079734,10.0,0,0
52,1,岡山県,22.87289692068256,102.91439477008358,28.41982335167041,41.726289044225965,4.338375188148281,1,73.93053226380025,10.0,0,0
54,0,北海道,30.892663974608055,146.13761341725615,391.96921279299187,44.45912874695612,26.5258354414428,0,124.13191579299895,1.1606380694704441,1,0
54,1,宮崎県,14.164944799204612,119.67209822608399,22.484352386587496,41.92198560503759,1.9374745418634538,1,90.94723021239251,10.0,0,0
44,1,埼玉県,31.292337680752926,124.44165707556537,79.06834200573705,40.26283602692061,12.206737735986005,0,82.71412667820618,10.0,0,0
58,0,北海道,24.539664946631653,121.54213683679389,275.34420030852056,41.59217515994011,8.553196979582355,0,125.0,10.0,0,0
43,0,東京都,25.73250486901627,123.82642572969661,121.51561123692372,61.17335851881337,19.667967913451097,0,109.00754936009916,2.20636910128143,1,0
52,0,愛媛県,24.142826086631025,148.54605843002747,191.3371091547403,43.846529120776026,42.23958249973062,1,110.03685028360407,10.0,0,0
63,1,北海道,20.4078722292848,121.85734232287038,43.33297280973523,57.53443818628739,12.584692141596411,0,84.96947690959337,10.0,0,0
61,0,愛知県,21.516534151841878,101.15868095432461,113.0974278449914,42.38869434598733,2.233465286428945,0,83.09165178641872,10.0,0,0
48,1,愛知県,24.600346748491543,122.08418859106644,73.10521239978586,59.44195375023987,21.96738409702657,0,100.98198808284674,10.0,0,0
61,1,愛知県,19.239049862520808,108.02488812065532,62.168730952512306,41.92180823986556,12.640131766686729,1,99.42088620129455,10.0,0,0
48,1,埼玉県,26.71310255545862,125.41699214955031,135.53979639977803,42.64151642852063,27.56342314800993,0,112.97438526196574,10.0,0,0
57,0,埼玉県,22.496012406955085,134.36112947193928,18.4029963938121,41.44425788503664,0.9491338445176357,0,57.327831135124725,10.0,0,0
74,0,愛知県,26.52308868427898,147.0327131222153,106.54491063678255,42.566585670661404,19.623885235835473,0,113.56923026694277,10.0,0,0
65,0,山口県,27.091088378697,115.07443931048967,66.36073793694072,40.350612432224246,2.5060963242249135,1,89.8165301010318,0.2443820216773968,0,1
73,1,埼玉県,17.689782633459853,133.67747038182395,191.31781638394668,41.49520159792933,29.75322037287094,0,107.15780330902793,10.0,0,0
46,1,埼玉県,19.999937542758182,148.05095550483998,13.159492281280082,41.24164675831266,1.715352152551082,1,74.08384817652292,2.536031733081565,0,1
70,0,東京都,19.00306635983365,127.4697044175728,110.10229493436836,40.99589276089434,13.99057305050613,0,100.0,10.0,0,0
56,0,埼玉県,16.032383019525923,140.73142704618385,120.12536060909271,41.26681514463141,41.89048169729316,0,121.23419155456622,0.8292499080569594,1,0
54,0,三重県,10.277692614018921,85.25947543389773,11.266758074175492,41.80026025842536,1.6794931596024172,0,77.57676704088662,10.0,0,0
47,1,愛知県,22.696884576956005,136.21489200396266,24.265613162045913,41.418394086625874,2.926456200140434,0,73.89693026086664,10.0,0,0
73,0,広島県,24.64338304033944,160.4446878781275,388.8172896496673,49.89594124105038,32.42224806408347,1,94.83384812464843,9.652901233869606,1,0
67,0,福岡県,20.170249375380642,119.88470595456185,88.64523595269203,41.29387745063228,10.721394084633001,1,71.50161045445762,10.0,0,0
46,0,北海道,15.813836239593368,112.53412174932608,63.84513164754731,41.44880668145135,2.2298314319895645,0,85.32972552415673,10.0,0,0
58,0,静岡県,19.981879942086607,134.48542714888214,98.12313063777749,48.467837944295916,14.716382962645207,1,95.1614828453008,10.0,0,0
60,1,東京都,21.85908165779839,107.39879144183625,76.7755102552783,41.71675586769454,11.726624072811076,0,103.61954550594155,10.0,0,0
40,0,神奈川県,18.594331059474314,79.81511719053273,28.45568434099235,41.12601092732489,1.9878679041746783,1,73.52363014088222,10.0,0,0
73,1,香川県,27.553215312381493,152.76591727802523,58.69585325848199,52.499250705027016,0.6853751836266001,0,108.67224867309463,5.025484272431756,0,1
47,0,富山県,21.75370478850208,137.0137553677617,90.30193506599383,49.09860916344506,24.364678463594267,0,97.51327397805373,10.0,0,0
56,0,東京都,19.23892162400246,101.24658129095484,36.13109478331466,63.56250796090717,10.164037413896951,1,95.49259406333613,10.0,0,0
49,0,兵庫県,23.841423447244864,111.08533521799357,135.54636052934273,41.31518415901135,37.845834910003674,0,64.8834259256597,10.0,0,0
52,1,東京都,25.902046454786074,117.87860488046702,88.5284089362633,41.06142666856509,27.90221079073457,0,81.36465562806777,10.0,0,0
49,0,埼玉県,19.21828640169573,118.59346645016721,79.74090873596046,32.823776302778946,3.6394080520148457,0,77.5638311582874,10.0,0,0
41,0,埼玉県,18.05022830370778,88.2798417928702,41.39661087442399,59.51775587190091,1.5569208149390568,0,81.08413971353065,10.0,0,0
59,1,埼玉県,22.289592204988107,110.11519930369982,77.46784171491731,41.622492127782095,4.969154587609997,0,73.09483369096284,10.0,0,0
46,1,大阪府,12.974116283045573,125.95522164801889,26.69485070315574,42.34674614054625,0.7590734927580203,1,67.00483515682424,10.0,0,0
40,0,青森県,21.988961050099196,121.19016145200949,61.71565852629582,61.875549463531364,56.35000456997081,0,81.45766217542761,10.0,0,0
49,0,埼玉県,18.490642290089163,102.33767549353608,57.9012827884576,52.588880493199866,9.421178324308778,0,83.41582934204702,10.0,0,0
57,0,栃木県,17.218837946460596,99.80159621324121,94.93060711937535,40.85487991716493,5.1460687684035715,0,90.68974557721188,10.0,0,0
66,1,埼玉県,24.76945703437982,149.40092744405572,94.79052238112017,56.632485371260806,34.85002177003957,0,102.45536485347273,3.3601461948140896,1,0
52,0,宮崎県,21.526178496246256,108.03526736146615,166.87064664731614,46.58709721778198,42.314982037604,0,81.45604392931632,10.0,0,0
45,1,埼玉県,30.840838950940583,87.73756122429758,53.98630279728876,62.09857571309996,13.361987747760443,0,86.7242670709342,10.0,0,0
60,1,愛媛県,17.040170558127073,124.6596674252134,73.97296685819492,41.036482481147885,10.444298852597532,0,109.00078853782512,10.0,0,0
71,1,兵庫県,15.722077116993805,120.72219489242268,44.95399767807843,49.01013439133155,13.520013228911214,0,116.78120318223999,8.241271498107904,0,1
48,0,北海道,19.69677353918725,107.57573960221217,213.94407317285825,58.392487195348345,11.728025529365926,0,107.16914978233932,10.0,0,0
70,0,長野県,18.802721111221373,112.25956323694915,87.86764295186238,50.08422868705897,17.07632534018564,0,82.49508638874575,10.0,0,0
45,0,長野県,25.80868898143768,137.03368009116795,124.11108095189772,45.80424055123603,24.435428644500625,1,95.67187490823436,10.0,0,0
46,0,愛媛県,22.190581130668825,137.22587414585004,68.58037502421615,41.7059922352707,1.7619997867774002,0,106.66130200429095,10.0,0,0
45,0,島根県,13.601555026778518,85.5231173958948,18.274415846364754,54.9290150542779,2.1634918968804007,0,74.62506705371659,10.0,0,0
42,0,愛知県,21.899376837339815,100.40174663481527,105.68493798466089,42.604120597056024,1.674496763025079,0,77.57333461150014,10.0,0,0
54,0,東京都,19.858693692891038,112.65159708013417,130.62370032796855,40.83851272809538,37.41004199749841,0,95.71011195319942,10.0,0,0
44,1,埼玉県,26.659707380511268,145.6965473916126,143.83522781460422,57.449146532179924,62.69612068077231,0,83.65620322312924,10.0,0,0
64,1,愛媛県,22.410968482564623,105.07492250350256,47.274454673838925,62.273627818295154,18.00605924538924,0,91.14893467255732,10.0,0,0
71,0,茨城県,24.2041247124273,117.03497926609809,108.49839108440467,41.72624469982711,41.200407399854775,0,113.77475206171742,1.9247503016248628,1,0
58,0,鹿児島県,21.987306149156403,118.8813486872744,41.88787374606951,42.233436587903626,31.723864041976302,0,119.14353776166215,10.0,0,0
43,1,大阪府,26.9285500442513,120.76180642320496,198.5825001322702,41.98319981455125,14.100978528177839,0,95.39804953450674,10.0,0,0
44,0,埼玉県,11.91709246684785,99.74559677652044,75.7254224957212,42.78424090414753,3.562580660301538,0,83.59816269291726,10.0,0,0
57,0,東京都,21.80653711177703,131.2473152982999,86.93041034197132,42.239719312014614,15.199622985954232,0,78.50298023725995,10.0,0,0
67,1,埼玉県,18.56566343743223,100.34053896062811,23.314306201699754,41.61514715351496,2.506238176713174,0,73.41516266065274,3.0262044082833155,0,1
50,1,埼玉県,17.84887595669409,130.69125563063136,43.90646998424583,41.83880018521743,13.520027172941175,0,80.7003587533154,10.0,0,0
73,0,岡山県,19.194153387852204,138.23792029909717,50.180329393706224,41.820725108394285,2.4904215421040945,0,91.12930840360364,5.730376029717953,1,0
40,1,神奈川県,20.754164074538753,86.11704143727354,67.90094919301735,41.17166639339511,37.35350542667348,0,83.59342103728272,10.0,0,0
41,0,茨城県,22.309036367504934,123.39483259297569,52.81428886210009,40.76852936241521,2.105144552294888,0,74.72115178774904,10.0,0,0
44,1,愛知県,18.257344381252565,91.19914729971431,24.312263256718985,41.53993343504567,3.6710139271391102,0,82.68620215602397,10.0,0,0
40,1,埼玉県,27.302191236974767,151.95537891316707,56.56058110237718,61.946306941376385,9.616936726032325,0,98.22835785092848,10.0,0,0
44,1,埼玉県,24.309304382383715,123.27135716385801,113.44622220498061,41.725012945416346,9.154522563122871,0,77.09065854371028,10.0,0,0
43,1,岡山県,21.636958816184002,104.81928180211253,49.64841728587573,42.79243890427519,12.479960692550819,0,89.06541542517934,10.0,0,0
40,1,埼玉県,25.37653912412333,101.38615666489078,46.36058622290355,41.63297310754608,13.408145429874736,0,72.903282240625,10.0,0,0
66,0,東京都,28.712279050722724,130.13612759492133,189.365660019571,41.19460844951155,5.661444501421284,0,95.72532219171352,10.0,0,0
43,1,埼玉県,21.876567391990122,115.30870193886658,117.85390975636257,41.49857067226372,19.09228997374479,1,113.51179130659011,10.0,0,0
48,1,埼玉県,29.76588658950988,151.05275440272635,146.82383892516017,58.06121378882188,19.08955803618982,0,109.14609249115223,10.0,0,0
47,0,埼玉県,21.6384158855999,111.83175767581926,121.50743207627944,40.989882714466056,18.20447123980683,0,85.49081979891355,10.0,0,0
45,0,静岡県,21.51159491896632,108.60089498400288,84.57174858011477,62.263367118853495,9.691162921710404,0,75.34658294311897,0.6796046243662829,0,1
71,0,東京都,22.107813543840727,133.68616402515352,64.21168115355428,51.78966863242891,14.141321996216726,0,89.8544765993948,10.0,0,0
67,0,埼玉県,24.82498485100942,158.82194380701623,96.35379512520926,50.248479201543496,21.73892566596907,0,105.46275169796519,10.0,0,0
63,0,埼玉県,25.38305281740779,130.7270525949354,101.41929490545726,41.723326928199064,38.72610369886043,0,89.71910762692183,10.0,0,0
45,0,沖縄県,15.822492186100696,102.32852416397331,54.07282018864914,41.35860704200288,12.538040314902101,0,72.04672004482639,10.0,0,0
68,1,千葉県,23.783329155089856,141.59051614390438,392.9056267782263,40.640456672222506,29.7402435521252,1,94.65065229947966,0.7729942576447375,1,0
66,0,東京都,20.437391447783156,182.89411870050085,276.52566009514595,41.33122814868911,111.68581062764946,0,110.9603208053969,3.306486344763174,1,0
42,0,愛媛県,22.290014982468552,146.98872644896161,20.779157675043134,43.276294663796286,9.910208452014407,0,85.70124932026944,10.0,0,0
51,1,福島県,20.161067368573427,118.44975010583723,50.995035567130074,40.48690193503687,13.885554718275754,0,94.10984037707658,10.0,0,0
58,1,埼玉県,16.86350545975284,130.7525784234098,49.46427742512825,63.48593090053274,2.3560665803540752,0,65.49481650227061,10.0,0,0
46,0,神奈川県,23.22566960414788,112.61138284916932,88.50830770026376,42.604343703972624,17.045052302974927,0,71.53530033686754,10.0,0,0
64,0,滋賀県,14.660408953580765,107.15029501086323,145.4429525458629,42.60428553796678,11.662345852181097,0,75.3252111772449,10.0,0,0
52,0,兵庫県,20.937031141452096,137.03096927105622,187.70658319657582,41.57186069628046,12.072063153382778,0,79.37740460241683,10.0,0,0
63,0,長野県,20.627592756207996,88.97038116218253,67.99962048992803,41.989880615612044,15.394886000889297,0,66.66549251503648,8.128265727071396,0,1
71,0,北海道,21.661397993861243,133.31622749436548,35.322208142769156,52.754210360996126,11.33704918884364,1,100.1782165718913,10.0,0,0
72,1,千葉県,29.389566958605997,155.72101623029332,85.29101789912642,40.323618047080416,17.1751215732609,0,95.4235311126634,1.9813788857688663,0,1
68,0,埼玉県,21.859097448136993,130.43032699423645,100.55667370110446,56.62184953900401,7.335501917101003,0,94.24274095822112,10.0,0,0
68,0,愛知県,21.337670444682765,131.51352338863975,148.64921011462604,56.05382675501019,18.429900091805386,1,77.86061194368997,10.0,0,0
52,1,三重県,16.25768219879254,107.56235177364826,29.530751057961993,42.907414375103606,8.10535083538559,0,87.83115332500103,10.0,0,0
44,1,埼玉県,20.487053467907845,92.88235885104098,52.1435238036125,41.194459085942505,5.364470406455899,0,99.3364327799594,10.0,0,0
64,1,埼玉県,26.97682428607302,129.88651462289636,53.10625985815486,42.39602277782524,29.008410023746908,0,101.51308990124414,2.253673204791319,1,0
74,1,京都府,18.797694497464818,136.362365242545,53.06536074791958,49.266034313519306,11.955345243433555,0,111.98538289904614,4.087682312015648,0,1
43,1,埼玉県,24.363166132262947,110.53128108616004,38.09790605456273,40.74097713212128,27.82955774297525,0,99.51673494056452,10.0,0,0
64,0,埼玉県,26.365243016295803,121.20450195004133,260.6374013776522,58.19308889981511,7.9125668963785625,1,116.00654214811198,10.0,0,0
58,0,山形県,21.466918800382203,104.97050699392226,45.741142354575274,75.43028596483781,25.65651672353868,0,92.14596888649858,1.9747624249648723,0,1
67,0,埼玉県,22.045733986319497,126.12394150042421,76.74320269199757,41.04957393515879,9.427401800341313,0,80.76284230236081,10.0,0,0
62,1,栃木県,27.17668728179457,151.91993446330602,67.86506391108755,55.055491896963645,15.778838997872942,0,115.09594252985309,2.9586954786002373,1,0
65,0,熊本県,26.446377487439882,132.05072875097386,184.42906107490575,58.22296751229491,28.872171095577077,0,74.9321584397189,10.0,0,0
41,0,愛知県,27.55596882081304,116.3556931639798,98.98174123447187,77.48280628238773,27.481341086277975,1,82.0232039911667,10.0,0,0
40,0,岩手県,25.684368092097984,106.60889421855677,54.57682800235105,42.761447101150765,8.764328200481431,0,59.73988390600757,10.0,0,0
49,0,京都府,21.661705732953827,116.68322416078604,71.80152567910963,41.23977492373051,8.65698864809813,0,77.03194706957979,10.0,0,0
43,1,新潟県,17.150517373723034,112.24825394545492,46.12510286855167,41.961403872390534,9.448301370777491,0,111.21977838014527,10.0,0,0
59,1,山口県,24.70634721958188,113.35758390503334,165.0987436092216,40.978386177953176,8.395908019191639,0,99.66134386913762,10.0,0,0
51,1,埼玉県,18.922990581598935,145.6604683994402,116.4764063417253,41.53162400765442,4.76429690677494,0,93.1099878889922,10.0,0,0
45,1,滋賀県,24.035106164329594,108.22029541378927,112.09933662946052,41.18411059384361,11.214776524159625,0,81.07818109368021,10.0,0,0
67,1,埼玉県,25.06310370680057,170.75384156840502,407.7753884816387,51.55969634294208,22.659685305489617,1,111.1386567282235,10.0,0,0
49,0,新潟県,16.27066438404046,80.229066848801,113.66538870513045,40.35400898732551,3.9436303909857577,0,89.07250550395436,10.0,0,0
47,1,山口県,25.79548408722919,137.22617114617043,276.2923052306231,41.17608357513543,16.361563251533415,0,105.46780038622839,10.0,0,0
52,1,埼玉県,31.887871929249442,137.15439883099867,132.16515648840922,40.46234308478773,15.327575691171212,0,87.83855828278307,10.0,0,0
58,0,埼玉県,17.08852038733017,114.91320758881477,105.96650777737457,57.56962145723807,19.512818339929698,0,97.62519739802585,10.0,0,0
47,0,埼玉県,20.413718811886397,118.45102961761295,76.69343281985212,39.2813939853222,6.348047075229176,0,99.43136510054724,10.0,0,0
44,0,埼玉県,31.373586548244685,165.458838650538,140.1257938149072,52.43041310145541,24.795693204104104,0,118.0671208854501,10.0,0,0
69,0,北海道,18.73110929734247,86.60027967375258,61.99622591439244,44.42273989125024,5.647766094846845,0,103.84111075074932,10.0,0,0
64,1,沖縄県,17.94523651269627,117.28607222227116,18.689330082565036,40.70694319119277,16.198177960150396,0,94.84566683211574,10.0,0,0
62,1,埼玉県,17.813185978669086,116.4079860176302,60.4180065251312,41.67194394221174,11.155976814878024,0,93.96069814731987,10.0,0,0
42,0,青森県,25.722899568929424,118.3888926639848,29.919160863053563,36.235585299028685,9.748733903408592,0,61.41053648015669,10.0,0,0
71,1,沖縄県,24.602288795475445,114.46484684329187,114.67804293398231,40.477501174670735,22.53128255267051,1,105.45162343213651,10.0,0,0
63,1,茨城県,20.577669161172192,112.52960220696556,59.27880346568266,51.61020711309398,2.381129812893563,0,79.0590610838811,4.945149705014625,1,0
46,0,東京都,29.680668510577508,107.57663612404933,241.1789400857922,41.33468645510847,53.80732702464053,0,93.2094288248115,10.0,0,0
71,0,熊本県,24.592006953159697,121.7560444823646,114.85922633154769,41.30890675471989,4.932520026675989,0,89.74569980628122,10.0,0,0
62,1,埼玉県,19.9858502424467,119.2810286335437,74.73047189473616,40.97778734637945,27.416535421565115,0,81.66391372671234,10.0,0,0
58,1,埼玉県,22.087919671134486,135.96909182100552,74.81079508305454,40.89215733472753,2.1944260693952096,0,78.3829608571192,10.0,0,0
43,0,千葉県,24.213491654310374,84.32324251824727,52.02270169844706,40.537900580878656,4.458886776816324,0,85.32545357142695,10.0,0,0
49,0,埼玉県,23.894834086423646,114.68381009917472,115.99731262699505,46.44323056228941,10.736945470008965,0,92.94118530832385,7.479807589206828,1,0
46,0,埼玉県,24.75799735288331,110.33202114166745,93.2093165873813,40.08327702092495,17.132444858606455,1,90.31216064340111,6.268662599243999,0,1
58,1,埼玉県,18.140551241161116,118.37448985402341,22.929530957359827,56.184654036831475,52.718277349497995,0,95.40886578632166,10.0,0,0
42,0,千葉県,26.71492898034513,163.10072180847635,193.37893358603426,40.791517473678766,54.28683791092001,0,87.49988910039922,10.0,0,0
54,0,岡山県,21.365433504941915,108.94360206151832,61.1136290477683,41.92114303024153,1.7475762084850694,0,107.57966876318379,10.0,0,0
52,0,愛知県,23.588936446645963,136.91191491600736,194.32316658572753,46.565315951595665,8.367765718492286,0,103.87842613408006,10.0,0,0
68,1,埼玉県,19.842364664107304,119.56993150156103,135.5282191061628,41.80806147768696,23.61532644351743,0,81.65393529232249,10.0,0,0
56,1,埼玉県,34.5236506018864,136.67953113104235,140.24302692359544,54.6280663333695,61.014701335301375,0,116.73635189339717,0.05016881051849996,1,0
46,1,静岡県,24.67024194022113,108.41368611258058,30.361334587005324,61.844090442811755,34.884787804776934,1,83.08302364576274,10.0,0,0
59,1,埼玉県,21.580180817155597,117.00661720233401,44.15556573668427,40.96673575626092,16.086597177598076,0,75.60251011074821,10.0,0,0
67,1,岡山県,20.152178076231962,121.84033789260113,63.27538529750904,52.120673242952336,28.56452908115702,0,112.85302238428709,10.0,0,0
66,0,愛知県,16.120078407776848,113.39003389037694,79.17508813699536,42.223131859590225,16.469903074473567,1,112.87407993279959,10.0,0,0
49,0,埼玉県,22.2895569336946,127.25010955181432,64.41704890912891,56.718622313023815,18.021609880542933,0,104.63733622901958,10.0,0,0
50,0,新潟県,21.715821295170418,129.315084413695,83.5044866773092,40.892186180092914,22.340903363615112,1,89.08458831562128,10.0,0,0
46,1,広島県,25.194114111372805,120.95480904808646,55.46739652374175,44.41905179325873,12.963599177178219,1,105.61006684053147,10.0,0,0
51,0,静岡県,20.269846511658457,121.34248111261267,91.58236860980352,40.904794730893116,13.249685198456874,0,106.68187483449225,10.0,0,0
51,1,埼玉県,25.7133525926017,125.30073514559864,232.7942082667254,41.3725193535687,18.5450025947277,0,99.44797643973939,10.0,0,0
62,1,埼玉県,16.781089424444005,92.70984265594711,18.458489759815937,51.50869781952926,5.182612804466158,0,73.17301368352415,10.0,0,0
44,1,埼玉県,21.52518262689259,102.28980130321749,166.44635054110282,41.110270341772605,17.270600373818127,0,76.27409765228326,10.0,0,0
50,1,埼玉県,21.262488701136153,116.87865571731052,103.26793270496631,41.46546948842421,21.369584185732915,0,96.77474431290126,10.0,0,0
44,1,埼玉県,20.72131811762804,110.58858674835558,47.26809604140355,58.90184178021095,21.057064434862443,0,93.55978626497574,10.0,0,0
61,1,東京都,21.823409234957147,95.81905464268428,445.0952770929391,42.323821173640674,16.43511417093836,0,84.12359590386842,10.0,0,0
63,0,岩手県,15.547673545863288,89.84731953462139,41.428936073843715,46.505695098944706,1.239736305642317,1,105.93226019771605,8.399311851109102,0,1
71,1,北海道,23.106397154542492,113.75163279031231,65.67912851762385,42.45171827476473,10.452161575729107,0,85.23550568794337,10.0,0,0
52,0,福岡県,22.348891022812328,124.90084713614002,99.13126464691004,55.83684297315462,9.747830621520322,0,125.0,10.0,0,0
59,0,埼玉県,16.62374621292506,114.0703545971308,23.628985955706355,41.31481443092821,0.6673309996264988,1,73.3341687495711,10.0,0,0
64,1,埼玉県,22.8817432901341,108.81666179569717,16.201694522217544,41.10395143874864,8.28332009069615,0,78.53818264906513,10.0,0,0
64,0,埼玉県,21.33268217017514,100.01496606209295,35.17393735939697,44.849434688036354,4.742613135649988,0,78.57770191829526,10.0,0,0
49,0,埼玉県,19.951177738612714,123.27096635315189,28.487727856879683,41.628387656301655,5.531018383266629,0,71.4004367555929,10.0,0,0
72,0,千葉県,24.638069471418067,138.39879749969558,71.14510858227733,51.9117145078569,30.604361094952424,0,96.39240298058914,10.0,0,0
55,0,愛知県,28.908448949627687,140.529420675233,80.49193620626507,46.608546482025815,33.6984746691582,1,108.3225177269131,10.0,0,0
56,0,埼玉県,21.367688136496778,131.59763968268157,279.41973846159834,41.42589599013758,3.7955814335133553,0,85.05298428034662,10.0,0,0
66,0,岡山県,22.88865182675844,124.58237865645383,74.10937591336969,66.7584942516231,9.785154533001627,0,120.66144563858813,6.901681712457712,0,1
57,1,長崎県,24.366078667953406,97.20929685576296,58.98956034135216,41.151656334116566,4.831254593624436,0,95.51536565859654,10.0,0,0
48,1,埼玉県,22.07535410047912,107.68312257468176,78.9459289011918,54.8659479216512,6.191895695033358,1,73.64010211260661,10.0,0,0
40,1,埼玉県,24.749204724785265,115.12038112498365,74.97964804564171,42.313549773459854,14.55440490801442,0,95.49940589211575,10.0,0,0
44,1,千葉県,24.72896052144729,95.60990298443888,78.05611034465936,60.02264832561597,25.36890984610297,0,109.07284361264244,10.0,0,0
47,1,愛知県,18.263611361078098,128.50139806128874,72.07521091936798,50.414608194768654,15.832876063019336,1,107.1424942138493,10.0,0,0
59,1,埼玉県,24.503083002215103,107.87803696210587,185.87610221305235,41.647685418790765,9.63416908783961,0,95.1584288359999,10.0,0,0
57,1,埼玉県,21.16779211435668,140.56890190578187,224.71702707263262,43.14425558282729,5.532641967908406,0,89.73148705246929,10.0,0,0
55,1,兵庫県,25.333440253631355,128.2054888202958,82.51538410029825,59.28899928041564,41.8167270743299,0,63.115886962831496,10.0,0,0
42,1,埼玉県,21.19411889753077,104.05217637848604,88.90202532919092,41.6752184421886,15.58961874204321,0,105.17629541328834,10.0,0,0
74,0,東京都,20.763155785040198,127.37341455804942,42.0269823007578,59.93372773340024,6.792349108819544,1,116.20639410817712,10.0,0,0
73,1,福島県,18.186898790220994,135.6969931744806,103.02968881120749,40.81205290503761,2.8505207292281223,1,73.001944154696,10.0,0,0
43,0,島根県,25.243894919663827,112.95025571262886,84.18655361849038,46.60796268807597,19.62351215332478,0,92.94552555765117,10.0,0,0
72,0,岡山県,32.02234188931265,140.17163462586345,144.8713364308165,41.912749599814646,28.052438179244103,1,79.33506834533365,10.0,0,0
49,0,山口県,29.479611271713797,138.62596686578883,272.09489969472213,59.72215718169047,147.00172086922683,1,100.78847713746134,10.0,0,0
43,0,京都府,27.548118868829377,135.46485399644214,266.01532527308063,41.54968684525768,11.670080366401812,0,82.63499852260041,10.0,0,0
70,1,石川県,22.096572439890732,130.4255308101407,75.95950041460189,40.80655270846045,17.011488814972445,0,99.6133790661469,10.0,0,0
46,1,兵庫県,22.383868965378937,114.70460290854248,78.21146539796955,49.55286280086765,3.158732183554869,1,102.66006045421582,4.633605629778865,1,0
48,0,長崎県,20.136930869810968,121.16744303679396,112.57293189806317,42.131337765329974,42.32935557472411,0,78.94751983283446,10.0,0,0
44,1,北海道,25.111505889907797,140.93697474930863,31.160580953247745,51.82630977692623,39.43891922693876,0,100.42396838382422,10.0,0,0
45,0,静岡県,26.99314419247128,93.69151620987174,156.15524750896645,42.20558330058234,8.585989117214154,0,91.40305556291361,10.0,0,0
64,1,島根県,23.58635662770274,123.95567916425662,204.4693113686779,41.92130378511587,16.460979399252338,0,63.580779919734276,8.945088756447722,0,1
68,1,東京都,18.900653852068572,123.28152657133856,73.33241312436017,50.16417537309919,5.39732165812895,0,86.30345345803008,10.0,0,0
60,0,山形県,26.341313104063595,134.9366759962751,172.24271357563856,41.57041298879045,29.837719649416744,1,88.32101228752852,10.0,0,0
48,1,北海道,24.748343394855446,119.69230133953053,111.47477107453942,42.45050820659713,22.060229232366513,0,79.79979437139566,10.0,0,0
47,1,大阪府,13.511956354821846,124.30721835271194,92.42503266229207,54.69185804118547,3.0197421487656033,0,89.80308535606655,6.294550251283507,0,1
45,0,福岡県,26.446179915975694,124.62218996584744,84.55971998885599,41.109473467530144,9.681136384158961,0,94.57449252728601,10.0,0,0
61,0,東京都,21.31884560320767,99.67755305897762,58.25850963371778,51.18584290292689,10.531424712943169,0,100.57337554910947,10.0,0,0
55,1,新潟県,23.720391095433236,122.6250430470576,327.0007210019968,40.51695165753889,20.66988521067896,0,91.2095339293987,0.07763535620383087,1,0
56,0,愛知県,21.21243554834181,96.41937987141773,51.21160769180608,43.135073187905384,29.311924897804058,0,74.29952864434325,10.0,0,0
54,0,静岡県,24.448552551448863,122.96380770835458,18.22108982381153,41.788544023241705,1.3719786580220092,0,77.03654460235656,2.0552553008151873,0,1
70,0,大阪府,18.74928119457301,133.4162034836635,25.97791199479097,40.47670255473375,1.556422988020572,0,89.31803686175324,10.0,0,0
50,0,埼玉県,24.42648314101267,154.0628000260729,66.18386271178036,49.52512984229415,8.50199721722888,0,73.39065492705198,10.0,0,0
44,0,埼玉県,13.892871573577652,98.07545576739872,66.7378226171923,53.18651661309943,4.865925465891539,1,78.8117840033877,10.0,0,0
66,0,愛知県,26.55411982678717,118.51742499253038,93.41283336270413,41.97461490326861,19.66612608001929,0,86.23222168577456,10.0,0,0
70,0,栃木県,35.87057360067085,182.97837766599676,1033.5166211952828,58.96952643011112,116.19079255652773,0,113.60115866275875,0.05954326287081219,1,0
45,1,埼玉県,25.84925499263054,119.29438099549257,62.77923344662048,40.59154558319532,12.53647654722798,0,74.30127531407386,10.0,0,0
48,0,神奈川県,22.641863922506833,117.27359724130696,101.63750677977514,40.47966924293262,9.479788879007113,1,73.6025202201685,10.0,0,0
70,1,大阪府,24.203005286738303,144.19119984952908,187.97461938213524,42.137530996274336,13.258885122138183,1,111.49263883212974,10.0,0,0
40,0,石川県,19.188055678786853,100.1394296413602,71.14735762501442,40.265255589973506,8.657694376862604,1,100.8539735364197,10.0,0,0
64,1,鹿児島県,22.868090375244353,116.51329547503445,92.9552419770479,44.26251308752521,9.512162740053688,0,87.57373416535057,10.0,0,0
49,0,埼玉県,20.66930028371001,115.29095146111325,165.65660422095718,41.44878219633975,25.454909075523474,0,92.6463690712556,10.0,0,0
54,1,新潟県,19.106867795175805,147.68924720432815,58.34004341385593,58.98461344212589,11.678869471441118,0,91.37718904212231,10.0,0,0
73,0,青森県,26.424196654998763,141.66408140805095,81.44290259775548,58.963613746387026,12.997787636094868,1,91.74556263091152,2.8903716834060753,0,1
54,1,千葉県,21.262057728134714,116.51339749667767,79.43619268456904,56.28777051317837,37.34919212616811,0,85.8251040010429,7.421630698203465,1,0
40,1,東京都,23.981157659923536,102.32654751032423,52.462141192082626,41.3482914134426,16.5460705475473,1,76.4334193060253,10.0,0,0
66,0,岡山県,14.283612245603477,98.66494408421931,190.5862734377084,69.74416137959179,15.833880260266156,0,107.92055388762368,10.0,0,0
73,1,埼玉県,29.740790683979323,180.09675533075256,121.72780141538604,59.4806638346897,13.270418958776819,0,92.11773378328282,10.0,0,0
62,0,埼玉県,17.088039850272978,128.00772957324858,52.11258278203335,41.92428430375945,15.374020317794772,0,88.96898242436494,10.0,0,0
71,1,富山県,20.140644848820184,129.3161730366364,124.48824787705999,48.69599445111529,6.550710813152097,0,108.61925445800163,10.0,0,0
48,0,福岡県,14.073465618121386,134.4120364188839,51.2343198968111,50.64365087145581,8.725814379793194,0,78.34341045413554,10.0,0,0
46,1,宮崎県,15.867683340846314,102.60435504433418,51.55881309120742,42.39508736687773,2.5156423976543905,0,112.16750855262167,10.0,0,0
51,0,奈良県,24.2449369516609,136.70492976933537,111.1534571781005,52.597062330679066,3.9355879107421914,0,97.19105929467572,9.004162027244368,0,1
57,0,埼玉県,24.363232037180147,135.9659202231001,72.07806108791819,62.01096387150634,8.189635021013402,1,111.6810659176251,3.5927332923295205,0,1
43,0,岩手県,16.963176801270606,93.7908698152231,26.195740878274698,42.45893094800647,2.313415811598005,0,79.09105400410466,10.0,0,0
65,0,埼玉県,22.74841099692504,99.27898081256536,76.99300620726088,40.85178150222162,22.74794704397006,0,95.78924522882586,10.0,0,0
66,0,埼玉県,22.162796764000507,140.93194389225604,60.54092448048091,41.969054256410914,10.521644528260486,0,73.6037143670717,10.0,0,0
58,0,新潟県,18.55652580105524,104.08842166555593,50.367383351210115,41.300060605124315,13.975138148012164,1,63.20410228029182,10.0,0,0
66,1,埼玉県,21.48939389924812,125.72918164973848,35.8228708928135,57.39780406312671,8.124099216653802,1,111.33502556146111,10.0,0,0
54,1,神奈川県,21.87270577685689,124.62490930277819,146.84306086878314,42.019837298699244,17.4081408098476,0,114.39622851823326,10.0,0,0
55,0,神奈川県,30.840836447590803,141.1309791373707,83.08678245539187,40.817655176166085,19.753938732033813,1,93.51159627550219,10.0,0,0
74,0,愛知県,20.1709705919359,128.578975347334,43.734216884114126,41.745739725629846,10.440837098014901,0,95.97759645457079,10.0,0,0
42,1,京都府,25.384264763454873,100.31443161812737,89.6910220680796,40.816585951356274,4.238072510285723,0,99.58207015194705,10.0,0,0
73,1,埼玉県,20.558355737994493,154.75307634406423,176.95552652432195,52.284486933114216,4.980539640551093,0,90.54063307321894,6.157424958010503,0,1
60,1,埼玉県,27.056223334480343,122.1027613101731,95.42763453993473,41.53601549888072,33.43494558762743,0,96.46529750869156,3.7196093640962977,1,0
70,1,東京都,26.6669926322284,154.4161566885737,125.37492541771648,50.72083750085749,24.901620284318124,0,112.76980582128266,10.0,0,0
72,1,埼玉県,20.91685374223235,127.38084754349161,70.39692381852575,56.292095424513946,6.190905157260583,0,111.33686608722051,10.0,0,0
61,1,埼玉県,23.442269610345946,128.00858159970602,62.78549626191515,56.625402120249575,23.119403399981092,0,89.72893506652434,10.0,0,0
63,1,愛知県,34.85694839128318,157.40503492335412,109.90868751803944,41.745699832488555,13.92658511025235,0,109.66707688090331,10.0,0,0
51,1,千葉県,24.83674903105287,125.08766196027523,116.89123368285149,48.992483249499976,9.872868598858599,0,81.29105673455727,10.0,0,0
62,1,静岡県,22.870365735965073,136.70488746160456,49.93681936244247,67.50332614491296,26.64886092919578,1,95.60476595533824,10.0,0,0
59,0,和歌山県,15.782940058677958,112.94727250798879,80.45822696922772,54.795446482201044,46.63356679631456,1,93.93596833648006,6.1720181931903575,0,1
45,0,埼玉県,25.112448853807777,106.58917732520982,46.1319176245655,40.28150688265745,10.890936772922364,0,81.25131467902334,10.0,0,0
57,0,愛知県,28.71123461416723,122.53032075571107,39.52003408994248,41.094547675547716,29.161645325791074,0,90.015353052632,10.0,0,0
50,1,埼玉県,28.910264457049,158.36107310099288,142.7478184328155,40.35181938736993,17.37512292774064,0,71.49158398061381,10.0,0,0
68,1,東京都,18.14443099755891,75.49352919415271,36.875803756682494,51.26655540346013,0.6244625636496818,0,89.21491921318754,10.0,0,0
45,0,大阪府,26.936897693248696,119.55486590855861,129.30746126754696,41.44308593716146,17.985360674703344,0,85.24635011380312,10.0,0,0
49,0,静岡県,22.30802770299399,111.48170338704934,184.1004958035659,41.07817351727372,27.5440468905924,0,80.14787839569959,10.0,0,0
50,0,愛知県,24.3717646503408,113.00109200679015,57.865266068602274,41.20117481752725,5.533945588737001,1,95.13544802572304,10.0,0,0
54,0,千葉県,23.72336501106392,120.77276999570606,139.6773451675885,41.96115975975582,24.962259074659613,0,107.92143282464687,4.12289187873784,1,0
49,0,富山県,20.270428093974118,93.13557532167634,24.588996168155166,41.05792136556186,17.770414690899436,0,60.679171781383715,10.0,0,0
52,1,神奈川県,20.55415668167735,126.06714891805372,102.75471228475477,46.02458451433287,10.792911774006434,0,102.90495202144716,10.0,0,0
66,0,埼玉県,25.448570894398106,138.36841641482894,165.4921460582593,41.384394547550905,19.91226673613025,1,90.83349859283861,10.0,0,0
66,0,佐賀県,23.565188048818758,121.46335362110163,88.33936243798418,42.65426685887224,10.946984136289997,1,79.53978617190616,10.0,0,0
45,0,埼玉県,28.330820309473086,117.0471866854013,51.408829023998756,77.90401792865454,41.78347250416004,1,76.51365736603567,10.0,0,0
68,1,埼玉県,30.429366532843858,164.5310917336507,174.20409946305,41.9071204906324,16.46810026089493,0,121.52062424044233,1.9199280809544055,1,0
44,0,福岡県,22.642646844890685,140.19230336660644,28.609433386775503,40.95138169511019,1.5615065389805098,1,77.67064289139431,10.0,0,0
53,0,北海道,20.23281998587746,136.78019184271713,46.400408243758584,66.55822555316172,35.951476701535796,0,97.41675093319861,10.0,0,0
49,0,埼玉県,25.808724797099515,154.17555948986,75.9820287493156,41.74526254280968,13.029279317350689,0,96.89595241462419,10.0,0,0
71,0,東京都,29.967146509630908,116.87035172865585,148.64962629063095,41.40427361231783,17.148802364100632,1,114.61796796275927,10.0,0,0
54,0,東京都,25.86838768091752,114.61261191611948,91.39358084596797,40.57550028929972,12.448671106141092,0,86.28364911682912,10.0,0,0
41,0,滋賀県,17.562983840003707,95.4679637361351,14.338946791773848,65.95505765023974,19.513146104581114,0,83.67190960850121,10.0,0,0
70,1,青森県,23.92043313989732,127.54024864138086,172.5819984043906,51.248834454506536,15.211057918520424,0,68.8066369845379,10.0,0,0
52,1,青森県,18.733842468134366,105.09152483474907,18.6632835874905,41.48479415751868,5.118338504350887,0,64.25857429101494,10.0,0,0
60,1,山口県,29.33112975707248,133.2780820535611,277.1013598796833,52.516606585167516,52.45407740830573,0,71.48379571100577,1.1243568316769703,1,0
47,0,埼玉県,21.090480072691502,105.6742074157431,66.66093835170314,41.905197178336095,12.210424525915329,1,89.50946567100823,10.0,0,0
54,0,埼玉県,19.09456103257223,130.33146577291814,39.59809812659253,67.17271994754039,8.84159483309111,0,82.52551706757929,10.0,0,0
45,0,埼玉県,20.486827219657037,112.95142865000462,153.76441703856503,61.82475161296753,10.730338389430834,0,105.85927402717493,10.0,0,0
46,1,埼玉県,20.832298045352633,126.3347136237444,68.11168044634294,41.8953376950298,12.433577792722105,0,85.74068920663318,6.8548328886015835,0,1
49,0,愛知県,23.958433692457003,137.35935202635883,125.03161719929682,59.777813995229735,24.406842736074314,0,81.14270192446246,10.0,0,0
58,0,香川県,22.88331389362032,125.18043952242817,34.297937406453705,51.66993957419274,8.482381492527852,0,87.20690471687064,2.705906424367916,1,0
46,0,埼玉県,23.56186906533924,120.50529353515216,52.75114037490597,53.547856673920116,14.770193821840545,0,79.20016945085983,10.0,0,0
44,1,茨城県,31.812081804359504,137.15711095239305,198.89316046545594,41.224609208581136,29.41986468557182,1,96.43850775223093,5.051176343237029,1,0
41,0,京都府,20.282830556673538,141.27680567930915,52.426741441808076,55.26194252179228,6.307955836765621,1,103.08683969832737,10.0,0,0
65,1,埼玉県,23.84160274353146,120.23675517712356,112.7395464084713,58.88098226477131,12.7867920588546,0,87.57492870601139,10.0,0,0
46,0,埼玉県,21.465613604872466,107.45846441292582,68.81894961186438,40.74506884973514,10.994557700707992,0,76.52547827707974,10.0,0,0
41,1,埼玉県,17.348654682751178,117.04323933986072,146.22530384951335,50.700278381638356,11.95766743601053,1,76.2695142944634,10.0,0,0
48,0,埼玉県,26.310732517022544,132.22875048680748,105.71296159924086,40.505621281524824,9.630511835882457,1,73.97473728468515,10.0,0,0
68,1,新潟県,24.51566689600901,116.42282104410236,64.212308608681,46.873558252253254,7.112312584591809,0,105.78052770435357,6.899298213938817,1,0
57,1,埼玉県,19.889685097405227,124.6389926575405,191.31622714152314,52.457261377967654,6.845318784624971,0,114.50093215045263,2.796383690744294,1,0
74,1,愛知県,25.27274055293689,122.11217855741036,248.68607557378144,40.34962786310155,23.061054617952482,0,116.2743850262786,10.0,0,0
67,0,新潟県,22.30257803729049,108.02918940276538,65.38643765708082,52.26244040286291,8.187099579600941,0,92.04049785527079,10.0,0,0
42,0,岩手県,13.886984893470379,122.61952893465067,62.61370055684712,51.15840146618078,2.6905626926468105,0,76.75639526909255,10.0,0,0
51,1,埼玉県,26.403751662068338,118.91210497513482,103.46451780679047,41.876920596110445,8.373047310352632,0,105.37855770660985,10.0,0,0
73,1,埼玉県,28.01164343872072,117.03611746342284,97.54533181308531,41.93135607863599,37.27637936118249,1,86.69757088638023,1.3357766135507005,0,1
41,1,静岡県,23.76764824883299,122.80115538892291,94.6496246933445,41.06870601023229,16.342736866626616,0,99.04296905892625,10.0,0,0
44,1,大分県,21.87297733362631,80.7419824245424,45.54900182269983,41.34423470858276,17.996624440821144,0,79.99458972190676,10.0,0,0
44,0,埼玉県,25.624704261344984,129.31444032021918,110.83837933808135,56.94767675600776,69.58824497207542,0,106.74257544651167,2.262248133810707,1,0
50,1,茨城県,22.782905886947066,127.09331365326116,129.07257217051065,41.74537558667024,8.278113685419264,0,68.12717458730363,10.0,0,0
66,0,茨城県,21.627785966842104,119.28738176322703,90.47401197119228,54.970096455055376,24.895759487883268,0,119.17306495906954,10.0,0,0
70,0,東京都,28.738338066032927,135.96285179100386,415.13109989919036,46.55551070938379,29.167064941829295,0,105.01705959819003,7.967831476560692,1,0
64,1,福岡県,24.04206192380146,136.70485562591506,32.062386180651885,56.90259013651252,4.702952706373638,0,116.960064577586,10.0,0,0
61,0,新潟県,24.609013294134037,123.48240215410328,76.59660465401834,43.60697191230499,10.931072883745982,0,77.69647168462059,10.0,0,0
73,0,埼玉県,21.18782044917305,132.2022279266825,18.1046441438979,61.85557262385455,1.8052538647444833,1,84.79509403269208,2.5662861557742973,1,0
72,1,千葉県,29.617868773975395,151.89998177976523,293.06194084293463,47.74973476223091,45.35866928188158,0,124.44212223269952,1.2826156776857376,1,0
55,1,熊本県,13.984151517800854,124.6035775052456,50.15873812659016,42.516225826507686,0.6471881095802974,0,90.3447829177643,2.8615072698513413,0,1
57,0,愛知県,20.166802972047368,126.11019269564298,46.9196995934991,40.60071834754143,12.189733874147201,0,121.05780965558914,10.0,0,0
66,0,東京都,25.045109839547965,138.4117982539874,172.8611255320959,40.047524948649304,6.385714646197206,0,87.44622990574092,10.0,0,0
63,0,北海道,24.87093571638457,153.36088864902635,75.99822273886437,41.58684289343334,9.692848294314919,0,83.95352400359687,9.26345359338443,1,0
67,0,兵庫県,27.842902650590442,124.8901741639037,37.186586352893286,49.90300911987561,5.906386090182354,0,114.60421877904243,10.0,0,0
51,1,千葉県,23.193958590646364,105.00310252274883,50.289006031197204,41.35828444783942,6.286706649424547,1,106.23848258853151,10.0,0,0
74,0,埼玉県,21.777528258964914,145.17405183063752,114.96594374369849,58.34012591592743,48.81582187964966,0,105.84651819763008,1.2040276381009025,1,0
72,0,神奈川県,30.0709552595484,161.30689986461653,78.44570831917179,41.4186902852524,35.22244182010784,0,79.85740075661657,10.0,0,0
51,0,青森県,24.3528727815262,125.84681827046938,44.865699578019736,41.5480412833952,3.164504294291527,1,83.61629537506282,10.0,0,0
43,1,埼玉県,21.007735736997514,110.5126430666965,16.308878063513955,41.42648649227109,2.0615226269514704,0,97.70852483289285,10.0,0,0
67,1,佐賀県,14.970721529082802,140.12522323923372,42.37081656158136,59.056149971667516,13.246509837481607,0,73.77371399204529,10.0,0,0
41,0,千葉県,13.103064405172521,87.74455785582566,18.30160988765859,50.99513444262027,3.161913169878615,0,77.09897861651946,10.0,0,0
59,0,福島県,25.02278958500843,129.32272245165896,55.704207373191686,47.57886765055342,8.92046125843596,0,85.24012752388775,10.0,0,0
64,1,兵庫県,19.69194841318916,109.82856218562324,108.99985473364485,41.89972683657795,3.3909372710959746,0,87.95916011456835,5.011900038255011,0,1
73,0,埼玉県,28.92898827691043,112.86879242013514,55.04810317224141,40.54710901791381,4.220917470486794,0,78.39492515481564,10.0,0,0
61,0,埼玉県,21.510887493827113,131.48201499304952,102.01284237992856,61.084716681266144,11.829215918503573,1,107.52515933461333,10.0,0,0
46,1,埼玉県,19.684506624641365,104.99432458400511,72.01262590385099,66.6562780374547,19.6043850994085,0,116.6808451305699,10.0,0,0
41,0,大阪府,22.47558957390956,111.87474258338011,59.393908343854996,54.28941493147674,30.222672209342004,0,87.5012135946152,10.0,0,0
74,1,愛媛県,29.34685780478037,137.4099780771122,244.45869287842848,41.439005170436474,5.18528874700734,0,95.53068369505586,10.0,0,0
62,1,愛知県,19.681127465725964,146.28876215747584,116.09176768193535,41.63410818021796,5.597450705321968,0,83.77789011875034,2.9386853181480843,1,0
47,0,岡山県,31.3273046927003,155.90152083262427,149.825645486524,41.98413450658601,23.15542932741863,1,87.83456773785777,10.0,0,0
74,0,千葉県,23.352485351460473,129.55755577872137,148.58120988277085,59.05423335984516,22.661129262636457,0,112.30936007518183,10.0,0,0
56,1,埼玉県,22.473179736522066,125.3243064019346,72.8542794421943,61.96729358158941,33.26959945237948,1,89.65302732653767,10.0,0,0
52,0,京都府,22.651304999584784,118.95649055713444,28.72461933153853,68.28568421388418,14.982587432430595,1,102.26705593727004,10.0,0,0
53,1,福岡県,24.639159930105833,109.66293904471665,37.24625021787744,41.171478390088915,8.635719561573346,0,83.52316917270528,10.0,0,0
43,0,三重県,20.76195586033898,120.41580865931543,101.34830917137668,42.423625542565205,12.433867538843453,1,103.5728278430739,10.0,0,0
42,1,新潟県,21.21062509290964,121.87357681018571,72.18183093647279,41.60336669968232,23.823106796039827,0,63.63632283864472,10.0,0,0
54,0,埼玉県,29.171582094701503,103.52422949700015,19.82418431225482,42.566959119593726,44.51527180075248,0,91.08858470617044,10.0,0,0
62,1,島根県,24.425968075968605,158.86357475351468,86.77675793862772,69.30425344930424,32.36306653415534,1,118.44941723538393,10.0,0,0
65,0,茨城県,31.73641655801672,131.86178320056334,192.861827761646,61.11515339047445,100.39443365286317,0,89.68798924749889,2.8381485450669515,1,0
48,0,神奈川県,19.298974500470205,95.69554859613181,23.66103203945257,41.80105342150603,2.6060354649877597,0,98.99599678739125,10.0,0,0
40,1,埼玉県,24.745777414273167,140.5441670570034,231.91630940480795,59.29439551857913,29.319255505374187,0,117.72234134301424,10.0,0,0
45,0,東京都,26.448734034741843,109.53830435326077,79.4815273316612,62.80085572888195,38.0902448355972,0,94.58619712603553,10.0,0,0
47,0,群馬県,26.892778226010012,122.9086478198522,125.25224823256579,41.37252795930553,12.763336311333072,0,95.92900741785441,10.0,0,0
68,0,埼玉県,30.76031900488987,146.5468504712279,110.19891456539192,42.388053734044746,28.83867497240893,0,98.36236490881889,10.0,0,0
44,0,埼玉県,21.168467672840155,91.26234479399386,109.00119000348576,42.15337949857847,56.59787208033334,0,62.70874059120964,10.0,0,0
74,0,埼玉県,18.27696770622069,157.5308668333394,87.41512364694918,76.58231021914372,30.55110116798122,0,113.474735075952,0.5408556980065247,0,1
44,1,沖縄県,17.878128759012558,97.10406759274314,18.721234409388096,51.591929447031816,3.2818037630425967,1,60.366479880225405,3.1208572643498513,0,1
48,1,和歌山県,27.346626482786558,137.38315180315834,81.30228475169575,56.61464527525267,9.44692931416469,0,88.20123759353655,10.0,0,0
54,1,奈良県,24.42422060341861,129.58236010642722,244.25372340596888,41.800359802093766,33.68653423289486,0,77.42769770428337,10.0,0,0
46,0,愛知県,25.940936881401882,123.48384741006697,96.19389823475122,41.695854287769116,13.953027522027066,0,100.95636738790455,8.784033693400826,1,0
51,0,埼玉県,20.421927423205243,135.77263805184035,84.98088909169407,45.85245722844531,5.334460106422289,0,109.78469905699014,10.0,0,0
72,0,青森県,21.853693248343923,132.06206833002665,111.39694499949184,44.21322573133797,13.263877090826307,0,105.84516100030211,3.080456765534048,0,1
45,1,奈良県,24.666107483066348,139.76637017613146,114.73849090975541,40.46846595671265,27.350452213180958,1,115.14423122564487,10.0,0,0
73,0,埼玉県,29.723085076666447,153.85782723155802,229.05147590572335,40.47599137997045,21.022156041941443,0,118.84414663980871,0.5583890759625116,0,1
54,0,兵庫県,22.875299748836433,107.46208795989993,21.246857109398597,61.393935567383615,8.794374510521084,1,90.01531765813787,10.0,0,0
68,1,山口県,19.85545889114629,97.50276348926847,75.62711943097159,56.659955219406825,25.45369463768029,0,75.94889532736003,10.0,0,0
60,0,佐賀県,21.17787060577939,84.81895461921053,161.5869721299859,39.523447476839955,18.442083578835838,0,73.20407212294502,10.0,0,0
49,0,埼玉県,17.87484789099303,109.80983876537093,24.594543109342172,42.175987707401006,4.805583691181379,1,93.8702576510525,10.0,0,0
48,0,兵庫県,21.043613976635424,118.65843160807056,61.95231545865866,40.466992765879496,16.210214211688058,0,113.68282031522469,10.0,0,0
44,1,北海道,21.280357399517225,123.95017044615473,141.3173734788072,52.34059781691297,6.400679412022784,0,69.82474290711208,10.0,0,0
44,0,千葉県,24.62778111381557,128.2128578279602,117.35837306558939,40.95188708517156,4.951866184047727,0,82.47774006289386,10.0,0,0
41,0,北海道,19.26571455633516,109.23698692393477,23.492138119904578,53.85661823049104,2.1827733023617775,0,110.32986058805636,10.0,0,0
41,0,大阪府,21.652595429838964,107.94002179673599,67.22096989347277,58.901870555412444,5.768694006952388,0,56.49316735730334,10.0,0,0
53,1,新潟県,17.08924654195293,121.07359008704469,84.83273025477972,41.375410983983876,13.636466222404536,0,62.55002475846602,10.0,0,0
49,1,埼玉県,19.318352573593938,84.4575770393797,18.230509810202392,40.8413489931649,1.546371402499243,0,97.05799364141717,10.0,0,0
56,0,奈良県,21.54971136093001,138.05123152542163,73.72536513301797,48.76603615432338,30.775763078974013,0,98.35028960096174,4.7191244164368635,1,0
50,0,埼玉県,21.809998469847386,143.94666030380077,244.75158032335563,42.24361574809691,21.323442715044447,0,103.23808605549337,4.285996673231053,1,0
47,0,埼玉県,23.483328408835057,141.84507030431527,116.81885180695772,39.798247115899606,1.9712280785327798,0,95.96477066262275,10.0,0,0
58,0,埼玉県,22.7003376747659,107.66146787931024,105.9672246604666,60.74296561087999,65.69616142849152,0,119.14411742584225,10.0,0,0
46,0,岩手県,26.900488786816844,108.5076505916,115.00422339346233,41.1005140088223,10.401931846239497,0,62.97783160043179,10.0,0,0
49,0,埼玉県,25.04144686267223,137.91008055413218,190.33090856945697,41.23984690913954,4.869325788871634,0,80.06503690021917,10.0,0,0
68,0,北海道,17.072240974089937,123.8841247040147,90.35005734341179,48.99346174529718,8.731014063820863,1,96.22944005604809,10.0,0,0
49,1,奈良県,22.351967220327772,132.1691061619521,29.921002298392626,41.85345497309472,17.063103614554073,0,92.42745039157451,10.0,0,0
45,0,兵庫県,31.066663872111995,128.19498948845225,59.80028107616119,35.967816472848405,4.3640515948916105,0,73.3315851960895,10.0,0,0
67,0,北海道,25.896461951569563,138.23135171797455,194.5728722002622,53.8991754199537,8.318316983857459,0,86.22877288780442,10.0,0,0
46,1,埼玉県,21.704882803431403,135.23022830854723,35.57796430757526,42.042281093718174,20.84422682644055,0,116.2734125655497,10.0,0,0
44,0,群馬県,31.440813222857685,161.25338673693693,27.631026711669282,41.639387304914045,14.746462220792965,0,76.51306568187205,10.0,0,0
66,1,徳島県,28.060742874472414,138.98913484759407,14.601901457075755,40.57649277786801,9.17173177853717,0,89.7378828492186,10.0,0,0
47,1,埼玉県,17.57005425938508,96.94123767938125,22.720346216003584,40.33587016055081,6.83056292226323,0,92.91791824240437,10.0,0,0
45,1,石川県,24.494786357367836,138.29155172015672,63.9636770348097,50.12998647362531,11.727959966904184,0,79.2092602032638,10.0,0,0
46,0,神奈川県,21.40185261639219,110.93145311803045,67.01067472224238,62.31889807292117,23.77690045240186,0,83.16735758428206,10.0,0,0
43,0,埼玉県,24.61860433129143,105.45381893638748,129.0766366953331,41.126397326932086,17.450854803136988,0,83.50965248658026,10.0,0,0
40,0,東京都,23.841285989414136,104.07931783386684,208.4958870852039,49.5150854079698,12.923068923723854,0,73.17551533811289,10.0,0,0
66,0,新潟県,21.824472498357245,109.48949492671386,431.0914788211418,41.85338512110176,63.554371275484144,0,78.14725055392114,10.0,0,0
68,0,埼玉県,20.267356596619678,130.78784860144864,68.01796880036274,41.69141912297613,4.604310188103498,0,98.13059322636721,9.279419034371541,0,1
41,1,熊本県,21.520843985977113,138.40563244490875,40.02857924126443,41.11414305361419,14.080944130687078,0,92.96997474054223,10.0,0,0
69,1,東京都,24.61891040923591,128.33075682472472,94.50773827638015,41.326195320793396,17.433697393861937,0,125.0,10.0,0,0
57,1,岡山県,28.763436540305833,154.69824175375584,79.0681044463852,58.23023918523266,19.167605429785635,0,118.6772707696174,10.0,0,0
64,1,埼玉県,22.1547837889213,116.13285225809298,46.74988474445672,41.30324150790098,9.283298805761179,0,86.77254272929137,10.0,0,0
42,1,埼玉県,25.968538500294756,116.87332140316575,173.07935358503477,40.73894051396002,5.5366903997274495,0,85.8120361044375,10.0,0,0
41,1,群馬県,24.016792439483993,120.88681127655374,133.406759515583,41.97132861798169,34.99301211628641,1,81.8227643238249,10.0,0,0
42,1,埼玉県,25.06997726320047,128.4754852653365,109.3521053930813,54.66562185379639,8.177388807965745,0,69.71675815080336,10.0,0,0
59,1,北海道,21.900414939883788,119.24288924551183,67.98363726841403,41.37699317562876,16.490964558441707,0,95.16290132162823,2.997890179494722,1,0
42,1,秋田県,10.300749604509434,91.10946260191903,44.9440793138976,41.36761067144188,7.6154536458898825,0,88.20886202312396,10.0,0,0
49,1,福岡県,21.743706673905404,102.27067447599978,48.20375885805649,53.13093540698287,24.95517990736848,0,107.75396042683106,10.0,0,0
56,0,福岡県,19.88592485983886,109.4659126985875,75.95414192218446,62.07232528549098,20.710137195779772,0,81.82261445589249,10.0,0,0
54,1,東京都,21.871054365521672,155.90084599225855,86.83567202837911,41.49479503833252,24.88189109366481,0,106.62981938285944,10.0,0,0
51,1,埼玉県,22.55588697237715,137.46497575250962,24.281855565422724,42.45133702052354,3.592434161830587,0,119.72539409940478,10.0,0,0
59,0,埼玉県,21.420584503441532,132.14732211857853,126.87127005089263,41.87596007329592,10.697614643429763,1,105.46836477158023,6.906889379473277,0,1
48,1,兵庫県,24.4361327478236,101.76989209951095,45.47544264408073,68.24552568963048,4.880013028862159,0,95.96156846823617,8.457111236871153,0,1
52,0,埼玉県,32.43027021168447,148.26434878434733,204.3942675458544,61.955995002270164,65.6038087417198,1,112.65422642937608,10.0,0,0
51,0,大阪府,21.184672970672832,138.39827879547704,51.13531553299892,41.88217112529525,10.890897791756991,0,81.45338742517578,10.0,0,0
48,1,埼玉県,16.72096639708227,114.66156109913358,57.64500587137734,65.26639281684369,29.187076484874716,1,104.75969789727587,10.0,0,0
42,1,奈良県,15.568615107478252,97.23104717388195,38.96515534373301,42.01996270841697,11.431444972775056,0,103.47312851174041,10.0,0,0
63,1,埼玉県,19.401571662591667,113.77608797663324,90.18374575906066,42.11444444586104,4.9653610501338115,0,97.993026339876,10.0,0,0
68,0,静岡県,20.407322926597157,107.86625266279404,76.66152927854354,74.89624130845456,17.17264943542728,0,85.06171540426989,10.0,0,0
59,1,福岡県,24.548132782974267,116.74919568489803,39.08896276786506,55.85916129406511,17.28493771385748,1,120.78258614690817,1.0484475033679415,1,0
41,0,愛知県,24.607215307904085,142.63029489566875,115.71987572463627,48.67223735950184,41.001683671886816,0,109.83982444215641,10.0,0,0
74,0,北海道,22.34735943977351,123.94904579130933,107.92990205847308,41.427457649330286,38.06180555156602,0,83.18273411921994,10.0,0,0
49,0,東京都,26.594842897444522,142.81603951716937,186.02606997495243,41.371984667528274,5.506240224594997,1,84.41275213709736,10.0,0,0
43,0,埼玉県,27.546400872317392,152.16456159970642,111.43620949284896,41.33453067851504,21.65884442554081,0,108.89914144178098,10.0,0,0
70,1,三重県,16.353262512423917,103.5611812565404,49.68026113752017,41.12690878482011,7.029129681252688,0,84.0366613244465,10.0,0,0
67,0,奈良県,25.897004718996758,141.50415173972684,72.5287656497289,56.69739935742663,17.676029569064163,1,114.69045946879238,10.0,0,0
67,0,山口県,28.76311055696512,126.58038369265465,145.15046193013586,42.24165505554591,44.63358005789814,0,89.9486884597452,10.0,0,0
48,1,大阪府,33.05943667300072,150.70806263050855,120.33612603289474,41.53369285566406,35.59086458051409,0,83.97642554692689,7.969215223251667,1,0
51,1,鳥取県,23.174809081319236,109.44033467296163,151.4667804388317,42.09296212787338,11.86895325724212,0,68.4199451393204,10.0,0,0
70,1,京都府,25.37843328457131,135.75813745719944,83.01477392382311,69.10072851297303,26.60205527782816,1,114.47455715247513,10.0,0,0
50,1,埼玉県,15.713025716923147,118.22252355053823,21.1133718669352,70.27996813433596,9.149087331033735,0,92.13497216922673,2.0600878277800527,0,1
54,1,福島県,20.15899153063725,103.56617785539956,102.5586691164682,40.73659419466271,13.385739164019887,1,94.0710125044547,10.0,0,0
64,1,沖縄県,17.124384127071444,107.17003470429738,57.35907206926503,48.81583683484129,1.2300804349766343,1,99.0209325113447,10.0,0,0
50,0,北海道,17.48362641443224,107.84179282183548,29.33913452885438,42.193366543453024,7.498627492151789,0,97.96371100412085,10.0,0,0
54,0,埼玉県,17.49216026818071,120.59495805359313,79.13900937032622,41.69884269560795,13.553671216820378,0,75.19918633874633,10.0,0,0
51,0,長野県,13.424303706966176,116.92650184519013,72.08637701839349,52.44452791474268,35.96848859520162,0,80.42426146958115,10.0,0,0
49,1,三重県,18.331533565422777,85.83439328609171,79.58572028688123,38.85858146849118,6.830398238437831,1,88.43861004288165,10.0,0,0
48,1,福岡県,19.68368670703346,117.76929768961843,56.32383811720671,41.67363560336697,25.421465297058944,1,106.66011262412815,6.914393197086634,0,1
52,0,神奈川県,23.5530029141851,121.93271053151493,39.94581346222956,41.45450890762727,4.966722916711156,0,97.37056166557697,10.0,0,0
70,0,兵庫県,23.931137162098423,138.40480934818342,244.05910377910374,49.527136254272975,13.449861256743583,0,116.17136444542042,0.04951736200430006,1,0
72,0,富山県,23.179792377476776,127.07402445737966,103.12708595043104,79.7041928110926,32.8045880321161,1,87.40596310670637,10.0,0,0
47,0,北海道,24.427196702362078,133.09153394273224,204.63102078859683,61.41004942387619,35.62441050996644,1,94.34943708519681,4.104726844275405,1,0
64,1,埼玉県,27.59311860645917,161.56585425926946,62.15667090727692,66.82781074343718,28.052331337786082,0,94.56034004572192,10.0,0,0
72,0,埼玉県,23.188315605246903,132.5435996064211,44.14716912849296,50.696762155226786,11.211996035060498,0,82.01982175697852,10.0,0,0
46,0,茨城県,17.983815415108275,97.93144507231546,39.502420640245305,40.637790027000534,7.319844191266716,0,92.73939193237175,3.2002057231483874,1,0
51,1,大阪府,29.258074820676942,147.74139073640043,24.8840899581349,41.601743323075866,1.9575279674617796,0,87.02708215115445,10.0,0,0
41,1,福岡県,22.73674993260322,108.8969968208028,241.57782914997043,49.90256022106192,15.115498986525283,0,109.1433451343291,10.0,0,0
72,1,京都府,18.358252259738354,142.12816761728678,35.18022170993151,41.17156060702547,1.293039324337343,0,114.5422886521164,10.0,0,0
49,1,富山県,22.30815849021904,128.1403470684731,52.68103420782213,43.14926043777339,20.81665023287378,0,96.84117052177614,10.0,0,0
59,1,島根県,21.837582282056236,135.6085791089631,102.62377311245541,41.252490269742054,2.492981066548044,1,92.79197317798025,10.0,0,0
58,0,埼玉県,21.090321579303886,128.00974780838706,86.52461704787893,63.22809057350477,25.72442619653134,1,95.75029110684389,10.0,0,0
67,0,東京都,24.565310014309713,106.18480580719219,23.024392435728082,49.922127088766075,34.18513084917288,0,72.426657830618,10.0,0,0
72,0,埼玉県,19.787980287571106,114.65535479134262,39.8180977718901,40.78754469888271,13.345240557245733,0,85.64459500485822,10.0,0,0
58,0,埼玉県,23.908003614010134,142.42300013873344,39.379965632251704,41.72335301856537,13.548566106860438,0,109.0763715952124,10.0,0,0
72,1,埼玉県,23.06869950251448,135.4838746119717,109.24919336244807,41.98238730356777,56.31659147566437,0,102.25744995142452,10.0,0,0
54,1,埼玉県,19.42960412839435,111.52156739191705,37.23902978322907,41.364583530886776,21.323768885311637,0,91.66267537937392,10.0,0,0
46,1,神奈川県,17.09191693956163,74.86682274132002,39.91623286001468,61.88953882011068,15.700422517809358,0,78.92113966282413,10.0,0,0
68,0,大阪府,11.340905306873058,110.90240646413206,150.41236950350648,40.32357052302406,4.880049865310143,1,97.48151837151792,10.0,0,0
68,1,大阪府,25.767078121976283,158.5017742305081,53.11263871290375,41.178852479116074,12.344137738485738,1,85.84138320037816,10.0,0,0
52,0,岐阜県,21.195385929996185,85.70651905749024,55.01946871709177,40.7042966775178,1.6330003629774745,1,90.31809725051076,10.0,0,0
61,1,東京都,18.55663686347964,107.62616192111297,120.43583706781868,55.51916203686135,18.31907166001244,0,92.48416699287267,10.0,0,0
45,1,石川県,25.075879697167142,109.75432182727624,131.80157072255767,40.4951289240009,63.69208258816451,0,111.23690476691847,7.550982479648655,0,1
40,0,埼玉県,24.50736706886605,112.29336161932419,15.82942146952759,59.34912949941617,4.96733325433053,0,93.59704728415979,10.0,0,0
55,0,山口県,27.90572394170892,132.53505194561131,72.21243042680645,41.083229736589644,54.3095840425518,0,83.57305755162535,10.0,0,0
41,0,埼玉県,25.84395197141082,126.02535583577885,114.187369232095,41.462740278692024,16.969859615802875,1,89.21307366838359,10.0,0,0
45,1,熊本県,19.49787360292478,88.49066162430698,102.75402161073734,41.10698241222783,3.891651808984469,0,98.59582267793343,10.0,0,0
63,0,埼玉県,25.059688328125812,113.43653338091102,80.61707144866668,53.99149474401231,33.081803737105766,0,115.07354903967706,6.978519908672521,1,0
55,1,北海道,27.55715287262711,152.05769619855639,97.98237347829634,40.85451818283477,37.352622661696046,0,111.25580081874925,3.0022019393424086,1,0
47,1,埼玉県,31.798526773376278,101.51334176050777,71.5679683727829,51.246836200159194,100.09934470723272,1,92.12274559412926,1.7346694494539108,1,0
74,0,山口県,22.309813535386063,158.99256943225308,75.17998799252129,57.461051987858525,3.069096914073004,1,107.1703718828466,10.0,0,0
70,0,新潟県,21.661566185578295,145.14395812059936,68.02665463372456,41.54571580971564,10.904331677169507,0,110.22580087331379,10.0,0,0
46,1,栃木県,25.605905334290856,138.48400035705984,90.88675672786539,53.49782728558586,14.108718737298496,0,117.53050730052009,4.415238776769117,1,0
74,0,岡山県,30.644126881653882,140.6105113521814,120.54396663661703,42.077515227475054,43.8865517725104,0,109.42723517651623,10.0,0,0
40,0,埼玉県,13.552139235271673,105.39094398404507,20.231815457458264,49.3537519801036,9.23074482374938,0,76.49510094666502,10.0,0,0
45,1,富山県,30.385440942251478,114.37439532668355,253.8640093633828,40.93608611455059,7.8583240064771624,0,93.47904408102843,10.0,0,0
60,1,東京都,20.12147343214179,114.75756808874024,74.04485168090396,46.94233938294886,19.162043079232692,1,77.33527161034974,10.0,0,0
48,1,埼玉県,22.94148095010811,118.87364432298288,27.111495375301892,54.79278684048702,5.0557737930054145,0,117.10468859198971,10.0,0,0
51,0,栃木県,11.098800366776066,105.90066941405762,46.905719610414316,59.9979679477315,4.8318867737282565,1,85.58040096444746,10.0,0,0
40,1,愛知県,21.865092162736637,101.48613412436168,57.86526602482935,43.85552382526157,7.7617923617476094,0,84.43940209786223,10.0,0,0
51,1,東京都,30.950285867012994,141.56429555686773,133.61362589500328,41.870947229153465,32.20504044783612,1,108.62781867812502,0.5631554305239939,0,1
59,1,東京都,22.139341027745957,125.14983289716335,107.35719957220304,48.514573158207924,23.715309925150212,0,89.11473903608734,10.0,0,0
50,0,福井県,20.2909970758422,107.72672465576494,32.04228065506657,40.49973442242001,3.900010473172354,0,56.195847989018745,10.0,0,0
47,0,埼玉県,27.707698387437162,107.23677677155662,95.41938518339101,53.56625485819128,15.08458878656622,0,86.16251170024886,10.0,0,0
42,0,大阪府,24.34777807464465,124.68138826210118,64.17979853995556,63.316857418625915,22.29643518498886,0,92.46265712066321,10.0,0,0
62,1,石川県,24.277911548315736,109.00045456301694,106.48021378024802,41.59217661858477,13.25267129427289,0,117.38114171438312,10.0,0,0
47,0,石川県,18.65901664667124,101.71017548585559,72.42381184441429,44.44824730520108,16.289057908566104,0,82.19924386858669,10.0,0,0
56,1,埼玉県,24.55713727870459,118.95261458921544,117.82576250033397,51.45200840071835,9.409000613958483,0,73.3333614032286,10.0,0,0
63,0,千葉県,22.978740158970854,96.25905290273678,207.50560532959474,56.28753295774762,10.818688233100339,0,83.56544307739561,10.0,0,0
43,1,埼玉県,14.460494001634,103.24860138336547,46.807079662154486,49.18988957847594,17.45653216215139,0,65.73638122521369,10.0,0,0
70,0,宮崎県,35.60613591827487,149.72181559681238,136.8373028835758,41.26445308437508,26.44687797354379,0,119.18696714271246,1.5752445658901237,1,0
67,0,愛知県,14.65810325023776,107.45534759017495,69.73554196388196,52.1968874402301,1.6157656413471178,0,106.04562632964121,10.0,0,0
47,1,埼玉県,19.919907287713936,113.3581655826136,35.57325828494386,40.684340217002394,3.279467343952772,0,78.52239731578004,10.0,0,0
66,1,埼玉県,23.765548739610868,152.89160822506267,90.77751023595923,42.14829612328045,28.392560378425976,0,91.06290532101704,10.0,0,0
60,1,埼玉県,24.547869125467752,113.29402666806983,39.731746062742275,42.14538884835911,8.89825509053402,1,83.97854011257618,10.0,0,0
52,0,埼玉県,18.050036864093677,106.6316469599749,102.56993269704212,41.88636705449135,11.6820891779646,0,80.68913068326022,10.0,0,0
57,0,埼玉県,23.034999483479748,150.69261794956452,167.04089532618517,40.42742512720131,37.67347711499344,1,92.25960607262363,5.644785458425524,0,1
71,0,埼玉県,23.10793463524059,136.44658081289765,135.47786573431932,56.288105215285015,20.544658176139567,0,76.74738121023358,10.0,0,0
73,0,沖縄県,29.216846606016485,157.5228304396383,201.4354013870312,41.23511647450624,13.713073025795408,0,106.35192398779337,10.0,0,0
66,1,埼玉県,21.33836898024152,109.32206089169458,57.01370152642395,42.12967673181137,23.32627056802394,1,83.51802758056564,10.0,0,0
56,0,福岡県,19.85507822874892,118.7779351623735,45.48386628479037,43.125354923080884,15.711564547977813,0,102.26558056975095,10.0,0,0
72,1,埼玉県,20.944882943230922,134.15762462350025,173.30893043614657,41.090842185385576,15.103138658834004,0,106.08919067542769,4.766952923051905,1,0
43,1,愛知県,17.562413538336468,111.35443827187416,35.196771258608685,32.700425181680025,2.959861204802819,1,81.2902930496748,10.0,0,0
54,0,埼玉県,20.919630075182916,119.78895752566262,149.5992999015826,48.7918763304618,37.44584561783968,0,97.15129794527147,10.0,0,0
62,0,千葉県,24.446910736702886,146.25052932591322,88.82593963066297,40.83031614809934,11.703429233993319,0,108.19354555006613,10.0,0,0
44,1,東京都,24.307645865696063,104.45379826931061,52.23068961148165,41.16870930073887,7.002375873016535,0,70.72339800549642,10.0,0,0
59,0,東京都,21.510761391958976,135.06169019262836,43.409380868102446,41.764248067281954,34.72102989225953,0,67.0719691868024,10.0,0,0
50,0,埼玉県,25.272590451835992,105.73143765846503,29.68978408413453,40.73690998457104,2.1082236118424964,1,72.91202770346717,10.0,0,0
54,1,青森県,18.51242368922045,95.79771024267502,62.79249295383584,41.10546375702383,1.3967863572103312,0,88.45512138558264,10.0,0,0
72,0,埼玉県,20.936762020191196,127.30908402652221,83.91915720171528,48.906662460838405,27.898836003186393,0,103.5907784003527,10.0,0,0
57,1,埼玉県,22.834534254990793,89.84519360479062,137.28153857824742,46.48669890079425,4.208487813513965,0,105.80391378977721,8.780405418392993,1,0
46,0,埼玉県,21.177430983725586,116.44836961538012,70.39693448598794,41.819243590903284,6.0622595508389905,0,95.74191974362145,10.0,0,0
64,0,東京都,25.842564523223384,146.88780981971198,142.74721313495908,40.97778819045,15.278753240227244,0,103.08734090514305,10.0,0,0
43,0,石川県,23.230116878851945,107.85740355404506,64.58181239201762,46.032310484481066,37.78507252248632,1,83.17776659579548,10.0,0,0
63,0,埼玉県,25.725124011122205,126.61620390143763,49.50622978105049,63.615839643801074,25.553905842440827,1,90.33514429687004,10.0,0,0
67,0,茨城県,20.16980482255797,118.88127675488948,97.98021369864217,41.464561819309594,5.448817242654695,0,96.36216763890953,10.0,0,0
43,1,愛知県,17.99518126499679,111.1752445642054,65.98070341365204,42.364755780801495,8.637267036053514,0,97.89125826830887,10.0,0,0
50,0,埼玉県,31.062320984040493,170.90359717480547,127.6055873982527,41.02197684438332,30.606035124570962,0,112.06310667161375,10.0,0,0
43,0,埼玉県,21.35619465418246,115.44426971377128,150.09000607268268,37.7275601546306,8.659248579837495,0,74.465647097806,10.0,0,0
51,0,広島県,29.246144881779394,144.82848963008277,118.2831557653961,41.437431604240686,19.091832258560814,0,107.88231647910108,10.0,0,0
64,0,石川県,18.264852744764212,91.14259534827289,138.90567636103918,63.27653205408509,7.868009063893021,1,95.00248435804404,10.0,0,0
50,0,広島県,19.300720463815423,111.96741446521182,54.60184106406387,41.51189107652653,1.6336755831321945,1,76.23136621310526,10.0,0,0
52,0,広島県,26.68585691694237,152.05736703586035,130.75934542505516,55.73891998567084,11.949752038654523,1,65.03792799800969,10.0,0,0
72,0,沖縄県,23.157071055821305,154.02295557142426,190.73036599161966,41.67470053147543,12.824895307615211,1,81.87477316798282,10.0,0,0
53,0,埼玉県,22.451151084246913,116.67883418721372,73.75444821656806,56.50206062716959,11.967669443797494,1,102.34874410278435,10.0,0,0
40,1,福岡県,22.125242265787335,96.948976974902,37.52033317902892,41.80170540076844,15.697090615807701,0,82.71311444342415,10.0,0,0
44,0,埼玉県,23.513561727230314,101.97032368648871,105.85033456406637,41.57093014527817,15.893512885913683,0,78.35309490037949,10.0,0,0
53,1,埼玉県,20.85505127066875,140.85103857665388,34.73401225005432,59.210988407136924,21.65513201903004,0,91.22269931171924,10.0,0,0
49,1,大阪府,21.359928785109773,107.56601653723082,155.97658548036296,40.740157491915106,13.494113837982608,0,72.69219113041035,10.0,0,0
41,0,群馬県,16.53583075241537,102.5430933023421,63.44132808551143,61.588357236964185,5.336508389966056,0,79.6716383571669,10.0,0,0
48,0,埼玉県,20.138719566027298,104.11776852152444,100.24729386012525,50.16145811427227,22.665368039025147,0,106.21822779578063,7.799784507201361,0,1
52,1,鹿児島県,17.886227998712396,121.56497253291721,114.96421986593023,54.924427130343304,14.278380318356794,0,94.44630349838647,10.0,0,0
49,1,茨城県,16.64318636476379,67.98627412830082,17.248378728520464,41.767875568112245,5.193755111288423,0,90.9352641568828,10.0,0,0
72,0,埼玉県,18.064569277053753,133.46252030472493,75.73853766594065,30.44354408595025,9.97294671243422,0,107.06115934790814,10.0,0,0
71,0,埼玉県,21.499268472227577,140.36393569487376,481.8273172561843,49.52343924096289,17.339184789433965,1,91.55657066615714,10.0,0,0
57,0,熊本県,23.54581493350115,138.30951200220238,61.73114015238467,54.72907018851417,3.1576322308351856,0,86.348063036444,10.0,0,0
66,1,福島県,28.414289226052734,154.50500892220128,155.76106494121763,40.376174001999715,9.707933171809676,0,112.82591970711451,10.0,0,0
49,1,北海道,32.27925496855938,151.7426050741505,70.40312681382439,41.148566930552796,19.63884551464835,1,94.94595663729002,10.0,0,0
69,0,埼玉県,19.63791158537328,121.57141428382201,123.08444227080619,51.1282504417429,39.67697661609775,0,102.65899782880804,10.0,0,0
58,0,埼玉県,23.84070553434831,136.60082417021445,188.72823061680046,46.12976870024116,40.56732982115186,0,80.06160836768332,10.0,0,0
47,0,長崎県,35.22693041596022,114.71763985176409,131.9531556938566,50.62763279156342,36.70493534739856,0,122.84940886635647,10.0,0,0
45,0,青森県,21.941400156338812,92.74475817155188,26.158930230208167,42.380098714886955,5.764010169875833,1,99.92614381570505,10.0,0,0
45,0,埼玉県,17.848026855680775,121.37708750035492,29.742240322422617,42.60431354834888,22.2238704578043,1,62.84192776036308,10.0,0,0
48,0,三重県,27.58076906060773,135.71832448791235,101.96319183559685,50.39600548468136,30.604941077609357,0,105.84357956447336,10.0,0,0
53,0,埼玉県,11.023801468737883,124.79122296648652,39.15394547115934,45.08671766600062,2.3789243261913104,1,88.62916080613769,10.0,0,0
54,0,埼玉県,25.39604627968609,138.40712514826797,56.323882008222895,66.32503305131253,16.285907113039876,0,102.66014530490352,10.0,0,0
50,1,埼玉県,25.31027359970141,120.7506326919338,60.161463785103386,51.22660758407468,25.52803790489661,0,97.72278392348356,10.0,0,0
60,0,埼玉県,28.824039110650464,140.59743852331974,192.7007331296397,41.93027050566293,13.911436958797701,1,109.88850039313526,10.0,0,0
64,1,三重県,23.477559733072916,119.34543957731064,125.38133553275817,41.973943853946075,19.090196973104053,0,122.31350405738607,9.288405040359592,1,0
42,1,福岡県,24.914661405236064,124.29934870988085,33.94209264837112,42.88812072041008,7.37638410139655,0,59.82519487038247,10.0,0,0
63,0,神奈川県,25.902658711901747,123.26465943256757,165.08069095798524,61.07498694099364,53.85359376687368,0,124.62970322843297,10.0,0,0
48,0,埼玉県,24.779021388368143,111.19109756672991,121.78082525235041,41.77001656503227,16.3569640228534,0,116.1888882852595,10.0,0,0
50,1,静岡県,13.631485708381339,129.75704243796648,141.96069782731135,42.0949455801745,27.35160232879653,0,67.10962649204984,10.0,0,0
59,1,埼玉県,25.6742847487847,116.71293411501959,407.7343128412221,41.821140085741135,53.44684057316672,0,118.48858381676735,10.0,0,0
55,1,埼玉県,20.27579137629021,123.26952355406532,75.4574835466739,61.89421544428689,8.731623783030185,0,118.0440703541121,10.0,0,0
73,1,埼玉県,26.947767604575258,145.9037613156098,164.5637418034123,42.388525968889425,23.86647615210319,0,107.57342649509201,7.423272924701336,1,0
51,1,大阪府,21.451065077564063,114.46332444062267,125.1467083398028,45.58070784721071,15.540118800967551,0,94.43854998089347,10.0,0,0
48,1,埼玉県,21.576424628141254,117.90251477314364,64.85201202331352,42.489733302738216,21.668926118796676,0,98.50593916266244,4.6446364268983915,1,0
67,0,埼玉県,23.91107641049552,112.77970760911418,167.0647583352527,41.96903261049526,89.81988066999997,1,117.85325591649539,4.8187984156799,1,0
49,1,新潟県,24.914009109140572,137.00716176465048,79.14092114623647,42.00792370556722,41.273048267724036,0,98.98508570790474,10.0,0,0
43,1,山口県,25.48022720297918,108.79790869920605,29.683400245854514,56.635922915438414,17.26023829079898,0,96.76651572722578,10.0,0,0
68,1,埼玉県,24.20990276434483,97.35163107706231,32.143686689344804,66.33670821397267,12.628523205363582,1,63.092863434694095,10.0,0,0
43,1,石川県,27.587451651076826,136.8077949800068,273.71250439330925,40.97815776187455,43.149136795953474,1,85.87855618237705,10.0,0,0
54,1,埼玉県,23.74340271105301,108.79066312889854,129.3022269799624,41.9179713167251,12.521074619229678,1,70.87982303282072,10.0,0,0
48,1,栃木県,16.680471347348313,118.76297328210289,18.213471374817463,50.152713257582384,3.4457905154758848,0,90.00090667678687,10.0,0,0
42,0,北海道,22.71037285241925,128.7908290511721,57.8419297316425,41.52302939628811,7.110751631743994,0,67.12016038172175,10.0,0,0
70,0,埼玉県,24.260543186104044,122.09810511775521,57.65843620358213,41.01356574014415,7.820746075112274,0,74.46614959159844,10.0,0,0
40,1,埼玉県,20.658144176868166,105.99369081611069,91.46747584655363,40.76817278198497,9.68749197833078,0,83.22767823913928,10.0,0,0
55,0,滋賀県,18.91927087416554,118.98706222476856,76.78108302822983,58.7283005584153,14.50575211949521,0,97.51304411709394,10.0,0,0
49,1,埼玉県,21.148420121580145,119.3000893806048,54.041285827437044,42.46904740266551,16.438120532363303,1,102.26460434605606,10.0,0,0
72,0,埼玉県,22.462908553968642,161.35106248994083,110.68815636771079,63.242863810574214,5.458760550266553,0,92.34680138620823,5.134694307538448,1,0
53,0,埼玉県,23.776803839505064,132.57498239128915,87.40165248966142,59.92319705911001,27.200440147767456,0,91.65919799895963,10.0,0,0
73,0,千葉県,19.890987475487645,109.776140751678,220.3306374872709,58.98238584636376,29.161992785224815,0,81.08508035910461,10.0,0,0
62,1,愛知県,27.626622289922818,112.44124068130256,71.92546877244858,42.1447038901645,5.095416061408329,0,85.86084364552381,10.0,0,0
73,1,埼玉県,26.905979839607657,146.94878180406553,108.36876630496006,65.7464931599607,47.9675364373088,0,116.9920787129081,8.140923178792528,0,1
52,0,埼玉県,17.01672161706567,121.38872835487678,25.44886923838587,50.5991016927857,7.3643158082163716,1,81.507694957357,10.0,0,0
73,0,埼玉県,22.644658601693347,96.48888241319979,48.06756189852887,42.431733973969386,7.3736240879272446,0,81.81176725663919,10.0,0,0
49,1,埼玉県,24.617401742675014,113.14903400210763,29.356470899588405,40.89287243300598,21.027681889302297,0,59.36763557915111,10.0,0,0
69,1,埼玉県,26.210482037330628,138.30854697911255,95.40817495910213,44.82708627031804,30.163803851463868,0,105.16370256750676,10.0,0,0
57,1,北海道,25.41348700271007,151.74459959842818,305.9172095857653,46.12445339577071,12.403914001101384,0,105.89929192841547,1.1438215732969248,1,0
52,1,宮崎県,20.14824002331141,138.24383517835054,67.92283871652555,61.314828007324465,9.3372248719789,0,93.93716297983853,10.0,0,0
53,1,富山県,35.34539870317452,161.3012827323965,68.54037565998775,41.55108211557885,7.865891995344884,0,104.99627944058007,9.295276054282407,1,0
60,0,埼玉県,23.08256392360867,117.92052865100172,43.54028294370606,67.15935171221584,40.686312444670754,0,95.91257435350032,7.974218448620162,0,1
46,0,群馬県,31.159956964565655,139.56380469178737,75.89566804161856,41.365741214995694,15.7525292285705,0,92.94170476213426,10.0,0,0
70,0,埼玉県,23.143451654639914,139.16990404736092,71.21710813346239,41.222870151207104,12.605867304771031,0,123.8233136573121,10.0,0,0
51,1,埼玉県,20.138307115050473,112.79398530960287,105.4882062097267,40.61370970722938,4.864384876888138,1,101.44333684462411,10.0,0,0
57,0,埼玉県,22.096936596247158,127.4694859823499,188.19903373005153,47.74793514774026,33.25759838027565,1,101.71588227141274,10.0,0,0
62,0,大阪府,22.192067707696452,135.26260491057465,48.14200425271825,41.35227500633324,27.88545963975711,1,85.68597060765538,10.0,0,0
42,1,新潟県,18.054834202068328,116.14621660905358,45.5865834872623,46.61017269312947,6.574563318161837,0,94.83672097538714,10.0,0,0
58,1,埼玉県,20.064384546877744,131.86714578594467,135.24131022623675,42.0294371415374,23.571605550484154,0,94.9926430371487,10.0,0,0
59,0,新潟県,32.705355161135735,142.05778898380342,164.98118550059073,40.87371507331907,11.982020816699535,0,90.01354871048412,8.839296498969368,1,0
71,1,埼玉県,21.218922535958008,132.53890482968643,59.77560436249249,52.46967342874404,25.037817493970426,0,110.9413910216048,8.456919007459229,0,1
48,1,千葉県,19.63721438664035,146.40977391941647,194.63950465541006,40.087338558012846,3.902611351997068,0,117.06830857352023,10.0,0,0
41,0,京都府,17.878161236285422,92.57925239325988,188.17839552134276,41.5731918349124,8.406555060238786,0,91.68827818185375,10.0,0,0
74,0,千葉県,17.454010045797343,93.90649553974391,24.707038159161087,41.9047566181772,6.823975126989841,0,60.434037035163506,10.0,0,0
59,1,埼玉県,17.940451255407165,95.24861248891276,95.67586859275976,41.61496955738896,2.49508566424005,0,81.10501334237767,10.0,0,0
61,0,富山県,26.078421631560282,112.19309041478132,171.47033528994345,41.14097861997055,41.91763497640383,0,118.04406544572964,0.7705566554005753,1,0
43,0,富山県,20.9833788466634,90.71919618342889,64.42623177772025,47.20258009707059,2.861025830099028,0,80.77620044977947,10.0,0,0
71,0,埼玉県,25.628659407337622,158.38061492338753,77.98941846648307,55.85878307381509,21.015221896838316,0,74.97322999293897,10.0,0,0
52,0,埼玉県,29.729403828626413,135.895402496557,228.94547060039284,51.64521216132539,44.34236776208938,1,97.4105341081579,10.0,0,0
48,0,東京都,19.7533907626784,107.36424943817288,121.42905761710229,45.891276836068336,25.766166780585678,0,107.02946419169444,0.1765437777920736,1,0
52,0,神奈川県,17.67090376391074,112.88291147212976,71.12669610737119,48.19664666194585,12.798124491348048,1,97.52410601504533,10.0,0,0
55,0,東京都,24.79073681186793,118.92786378147292,73.62040006440819,46.38649811615166,16.654681521532012,0,64.75011541986228,10.0,0,0
72,1,広島県,19.304504648665613,114.6415622314827,296.2339289965935,42.158881166781335,24.485662422834775,1,97.49579468658352,9.643299649471933,1,0
49,0,埼玉県,21.661115511139556,81.32675257975646,65.34890691637328,40.857123016922515,11.389470401723987,0,89.88060137172991,0.27835697149279426,1,0
58,1,埼玉県,28.860926869822286,120.72104126743238,173.19131241691088,63.60154629082864,22.66299132294117,0,86.28545179771646,10.0,0,0
72,1,千葉県,17.877013434311678,109.47835114431776,55.07085649243225,41.90758838235804,8.396321132723557,0,89.02041835018235,10.0,0,0
67,0,三重県,22.559972063366533,120.68349493459837,36.82481417796715,47.226629804121856,6.823194719673847,0,71.21828727906717,10.0,0,0
69,0,神奈川県,20.153561860178648,106.15170556775637,33.8300550338621,41.78342296852439,8.090345148108721,0,112.2664949606743,10.0,0,0
42,1,北海道,19.593139959537154,108.84503592028187,39.557471669819414,37.53587469994786,10.322781399460776,0,95.50323198712142,10.0,0,0
56,0,埼玉県,14.653531224937804,111.8442023494153,72.22085366851361,41.15777779529264,7.003821579522073,0,86.76527822192254,10.0,0,0
44,0,埼玉県,17.670156439240284,115.69930311951514,29.348778303491404,41.51864683983571,3.2328128762492008,0,60.49738646196341,10.0,0,0
68,0,熊本県,27.561674688172985,146.43586574868087,121.35669257669605,41.348607063128796,6.930426670891278,0,83.56333988495072,5.672465516059301,0,1
51,1,熊本県,15.922048677143444,88.72783305237793,24.09522923886626,40.59403560866502,4.528859904972752,0,97.43529950842122,10.0,0,0
69,1,福島県,25.626785906823127,150.89618865441727,82.40843524056643,41.07004743148276,20.95910473979006,1,86.69584944870742,10.0,0,0
52,0,愛知県,21.86524921140431,119.85182759626855,66.95907416773514,41.04405926150101,27.519871193854474,0,60.68190915564039,10.0,0,0
68,1,京都府,23.061582608719473,139.45516054888392,120.68659047197009,41.90314618057776,35.708219742844335,0,76.21276040987472,10.0,0,0
68,1,神奈川県,21.87409810720496,129.4759903562359,139.33350114447023,41.861805361161586,16.436441033162264,0,79.92303819877614,3.5337107036010287,0,1
46,1,新潟県,29.03450962495678,117.03743419619268,113.42598689498753,43.761580785474834,35.172448048221796,0,86.23391944088623,10.0,0,0
40,0,富山県,28.33206634263274,74.24813954170254,239.94698139034907,50.82004050208446,31.055248691103056,0,90.91517185829345,10.0,0,0
73,1,静岡県,20.137078775682387,136.6025624957299,272.90202628342905,52.466413532825314,54.63486565334111,0,104.87688409560623,8.689218301023994,1,0
72,0,佐賀県,32.618689548086294,157.4397440285947,208.35490554962985,40.97912426195632,88.28380925721025,0,94.66726861085378,10.0,0,0
56,1,埼玉県,21.28315153597223,138.95990210917768,191.3186410342112,41.850036893738086,15.561008688100099,0,96.10095806825656,10.0,0,0
46,0,埼玉県,29.323804727031504,110.4228000062298,157.18160190780392,45.80629154950603,35.82991042427013,0,81.45807734721251,10.0,0,0
70,0,栃木県,23.720690141344935,107.54037716607255,25.398970258343716,40.97778804673562,9.631612822961973,0,73.80936466349625,10.0,0,0
74,1,東京都,25.29253598421594,139.05259621986065,57.13504871458975,41.64698267825302,8.488412473886495,0,84.90392798537526,10.0,0,0
54,1,新潟県,22.484504953818526,118.70409381394639,95.87600146985316,37.39348382109096,11.789872875856853,0,87.42925528860435,10.0,0,0
67,1,埼玉県,29.79180924857785,120.73342046747096,110.06009681760958,52.21948279947851,30.199882645076162,0,103.08174225174268,10.0,0,0
60,1,埼玉県,19.844469625332774,113.0157540742398,60.470742897516985,41.929507180771644,6.940388840871179,0,117.5270033720544,3.404643649964829,1,0
41,0,兵庫県,27.97213376361737,112.98664640579373,260.61674587547714,40.64181897506456,28.861985483451715,1,82.48890698524976,10.0,0,0
54,1,埼玉県,22.92399645382147,161.23151095595767,95.40686603598346,50.584229060868374,21.261441038424472,0,86.65690310254882,10.0,0,0
66,0,青森県,23.46782965015748,121.53914355220526,157.16572989375825,51.60901621713985,18.270913634556038,1,79.85703771053912,7.795668148807546,0,1
44,0,埼玉県,24.90854280366569,140.50490057456878,146.64532396815306,46.474707620959585,7.822952927086637,0,105.3992905640559,10.0,0,0
67,1,山口県,26.506178557059187,169.90535578118866,194.70111633221356,52.93303450221749,22.98221181934541,0,90.72044518136572,5.866048410685369,0,1
60,1,岡山県,22.99132808105174,128.14106903095745,58.30862324524607,42.13196645612616,17.163825066554313,0,106.63337731443882,10.0,0,0
70,1,神奈川県,19.68116480208579,118.88099901514843,188.02573479554528,41.66755617664314,11.780715980621668,0,113.47665410961343,10.0,0,0
52,0,長野県,30.80382230082245,145.91033599327466,106.14517221957621,53.68600879334009,37.55483974646934,0,111.34057364209698,10.0,0,0
74,1,広島県,21.533847692206216,124.26974788614216,125.41178975657567,41.24414731356031,6.8542106815513435,0,112.62815657675428,10.0,0,0
54,0,埼玉県,17.401434422048165,87.9091713790462,39.14217337437919,41.297346649726215,9.571635767041228,0,62.7066941706943,10.0,0,0
65,0,静岡県,19.062708682693504,102.68741033374033,54.64662263811702,41.13631016561541,13.584624457534757,1,98.36240777697606,10.0,0,0
50,0,茨城県,28.697005778833628,129.75548578378738,109.84776960399314,40.75566604607218,12.109698468766371,0,108.19486351280669,10.0,0,0
47,1,兵庫県,21.26412124479815,111.16873636849465,99.2991278227804,60.39143444275185,66.5579929766417,0,107.0672227502923,10.0,0,0
48,0,埼玉県,13.827006406698832,110.51656899766152,29.701614395519528,41.46775444369436,0.9078329739552595,0,76.67594895788785,10.0,0,0
69,1,山口県,20.721332882690525,140.73609670906458,46.16271247125083,48.587893201821565,15.512849427608904,0,90.05609755194521,10.0,0,0
47,1,埼玉県,23.77045527187198,133.26931641072233,76.06246053936258,40.73556445233333,32.29555074301467,0,83.52830192861913,4.649475076228523,1,0
66,1,埼玉県,26.4896946185752,120.0205667302091,239.39215499598092,41.558281400678005,12.403714617963866,0,106.90613952843984,10.0,0,0
59,0,東京都,24.50804481080206,137.68727908124512,101.27312052425823,50.715662524908225,91.30029587672928,0,103.98356419373455,1.9254666453392264,1,0
52,0,和歌山県,26.61243990631739,111.49233040041366,171.64929946164622,40.28631498772356,9.480571063519154,0,105.43630719865114,10.0,0,0
50,1,埼玉県,21.465670756343737,108.40161588617524,45.56946137172961,45.06369399946255,17.270717704242987,0,89.8481897647086,7.889686786099451,1,0
63,0,岐阜県,31.53049364461139,124.90996040455994,82.49527272470472,58.87121217683582,37.96884995221935,1,60.90608618779864,10.0,0,0
66,1,広島県,22.529300154881355,86.76362812216362,129.28418472526798,26.497137977304703,14.32557088787657,0,96.30056411087709,10.0,0,0
45,1,埼玉県,22.15062229186977,146.32861931312067,85.30606202908541,50.181124478313784,9.552146744510194,0,85.81173639254379,10.0,0,0
63,1,山口県,21.717302726634376,127.5945633404934,43.720506004974375,41.7518884776729,4.309604654350797,0,88.71710999579453,10.0,0,0
