age,sex,prefecture,BMI,SBP,TG,HDL,ALT,smoking,FPG,time,onset,death
58,0,大阪府,23.974489038057207,137.2294872697185,72.71543357415469,60.53869917421308,25.184631950116522,0,102.58031065860912,10.0,0,0
71,1,大阪府,25.323648821079757,182.39176172715844,144.0497162442182,47.90982064537721,10.429494305842859,1,112.25179762998118,4.2776108396069805,1,0
70,1,愛知県,22.159865054769597,119.86135266172124,86.95955674290447,41.82272628063684,11.983231855152866,1,85.45788625947945,10.0,0,0
55,0,群馬県,23.895348290265996,117.08542882506515,49.863170241148715,42.54440278682484,21.12312616103842,0,89.27292526235992,10.0,0,0
66,0,大阪府,27.091193610348178,124.17589241179782,185.48143015792488,41.348552800915286,32.44839818648401,1,56.311920594957954,10.0,0,0
51,0,東京都,17.71994978439544,124.84897702717073,68.02218875627068,41.81212494963923,8.319029395572363,1,63.35450181193881,10.0,0,0
53,0,大阪府,24.069633560080128,131.9613509862276,127.41563586838356,41.77679620655477,26.96324794581138,0,87.99543633854407,8.647746991367677,0,1
58,1,和歌山県,25.55601870690163,133.04574772552468,117.77140796334142,41.521828479839414,8.592079189105384,0,106.79910267295091,10.0,0,0
50,1,佐賀県,26.23059318465332,109.74867809870466,149.03540835410203,40.92855998914015,25.677959252098997,0,72.68580930636156,10.0,0,0
40,1,北海道,20.67233879671719,137.01963124128025,33.60550457844054,42.43138768687805,5.272717367041105,0,97.56125982930399,10.0,0,0
72,0,大阪府,24.642281271610145,154.69852561958083,63.04425223127315,40.16903279397779,12.89579493605089,0,98.06936757753569,10.0,0,0
49,1,大阪府,21.855206281803856,100.19725491178578,102.24043085951322,40.8389185705159,6.797717600707898,0,107.0800676544033,10.0,0,0
50,0,大阪府,17.719242424459676,125.37762354233489,66.30582243498539,42.23065658691657,30.930908980200673,0,110.2403868595772,10.0,0,0
46,1,茨城県,23.584121086892097,124.01527107217413,47.029906390279265,54.742679426291915,17.078845011371172,0,103.25202877022625,10.0,0,0
66,0,大阪府,24.570236105262204,150.24305884659898,51.019418177856295,41.95823045742969,10.555936999346297,1,102.99104124402666,4.459205228369438,0,1
54,1,大阪府,20.097561984344892,131.11513393253978,52.835192985378065,41.78131511016804,2.2528044590818337,0,81.416516296465,10.0,0,0
65,1,大阪府,21.70083139866979,147.0073768868215,113.3788016056825,72.93107138956317,18.68756966329865,0,123.00328309478449,10.0,0,0
56,1,大阪府,26.0015994433487,126.61678915957836,140.950728368093,41.65079154171571,26.356758167904708,0,93.94469134475574,10.0,0,0
42,1,福島県,27.57882473627686,132.88658486271123,86.40919040216384,41.77821451179167,10.568041750829337,1,80.7828398667668,10.0,0,0
57,0,東京都,24.95033175037993,124.52997687856511,61.07771169929027,63.77740536553433,8.288155050290593,1,121.81839148773783,3.600873389002129,1,0
53,1,熊本県,20.35082695082185,112.53688606813564,30.40524349941651,57.75672330288261,9.398987638641078,0,83.73736541965525,10.0,0,0
61,0,大阪府,21.184479765846515,121.15858050265113,59.901199971861544,42.42280005802346,9.711282671252443,1,100.9853245842184,10.0,0,0
57,1,大阪府,26.625379995791363,158.67696598330036,93.20780076766165,42.712599262133445,9.535598493286487,0,81.30033605809437,10.0,0,0
45,1,北海道,20.354731657845626,125.12822763637611,46.403246926629514,57.96092718049484,13.786928336719601,0,118.61716854954632,10.0,0,0
71,1,石川県,20.30456864961838,107.52142030717926,84.04398586871973,57.92454601783016,8.23334402216949,1,84.25941930596576,10.0,0,0
54,0,東京都,22.580365479931064,142.55571798214459,217.10667774403586,25.263440124359214,7.296637216033045,0,92.06505565355403,10.0,0,0
73,1,大阪府,17.34928782311929,136.46166065345014,112.48572744349923,59.35673389720626,8.388909541541018,0,93.51808799975414,5.6194400186075075,0,1
69,1,香川県,27.325546359601905,135.4972427773942,44.66927629331721,41.07575151677628,7.762850360875399,0,103.19114563127773,10.0,0,0
64,0,静岡県,21.962008542898527,122.23945337778827,64.20394406164291,51.994246544745046,54.06475218077999,0,97.54643679740764,10.0,0,0
65,1,千葉県,19.620588318383724,131.27540308181284,58.58738602591311,53.08094225257238,4.9153669147122345,0,86.7996277466226,7.676841941560472,0,1
73,1,福井県,23.239139912081843,119.86801093907621,355.9203894518376,39.61484639148141,13.957662562728974,0,107.00372335144739,10.0,0,0
71,0,兵庫県,25.709187720255844,137.42818000263043,135.63298985826387,40.62174880654614,8.070999880830026,1,99.79221624519116,10.0,0,0
60,1,沖縄県,20.98002493161478,166.7688621932879,141.30891392309186,41.850483900481635,19.4534067656037,0,96.19153852375841,10.0,0,0
68,0,大阪府,22.289146951047506,132.37003413273644,42.185710618654184,52.54705288170503,15.756339653363312,0,104.06722251765432,10.0,0,0
46,1,愛知県,23.638409311606946,91.88263510578437,67.82840123635172,41.19227971900395,21.07503492077798,0,63.09294944725104,10.0,0,0
71,1,山形県,18.67072034746935,123.70385083077615,102.59390931137747,49.864574533796024,7.226516739358994,0,85.38026490396936,10.0,0,0
69,0,茨城県,36.26661605798586,169.78198721868657,191.8139070549241,41.33135580690582,33.28646938260673,0,120.0332932049421,10.0,0,0
55,1,福島県,28.189561807451717,129.38442714096539,128.45975568849798,59.482459824222,54.93538983995227,0,90.96510112770838,6.087848617020033,1,0
74,1,千葉県,22.514387856421354,121.22344794518077,66.07875991250043,61.16597897387239,10.35045766957072,0,119.3135824286251,9.68754832893697,1,0
56,0,大阪府,25.60820854212555,129.81004329100324,352.4485609327,41.163222521704746,24.770473997690285,1,80.13687346943395,10.0,0,0
68,1,大阪府,17.403776266093214,117.38292277353897,59.68202737168558,67.74476057215826,31.266416228923394,0,63.893731422791625,9.9748205251471,0,1
73,1,北海道,21.936972191084156,103.70397424763084,75.60153208211885,40.66784525022622,5.6111988438918985,0,63.900003806690194,10.0,0,0
48,0,大阪府,24.167508458764413,131.841194084352,82.91480238406771,69.29231037523408,10.983431453631134,0,89.79851435725561,10.0,0,0
65,1,大阪府,20.47652670272934,132.21581585658097,49.1149487041122,42.226965079861685,4.106773690445126,1,118.91160335499481,6.1139430653100835,1,0
46,1,埼玉県,24.66026589036045,119.8908570230803,249.31805910996553,42.14833379767622,32.386076054715076,0,80.77855122933387,6.654608160368757,1,0
72,1,大阪府,21.35097354076137,132.6990696470139,391.08859082519183,69.00365104757648,32.68844982907555,0,79.1946415051351,10.0,0,0
55,1,大阪府,25.374304130431437,106.79048509316814,148.4734128121109,70.0792185841432,47.476155573465505,1,78.01684118514157,10.0,0,0
48,0,茨城県,23.41483564537496,122.47667669357678,77.71946622717617,43.01079618326091,41.12112501682893,0,91.84171282154364,10.0,0,0
74,0,熊本県,20.77160652309854,129.2339799360568,99.25781827014967,41.48199791583947,21.60647901318901,1,95.32344431760708,10.0,0,0
41,1,大阪府,21.336702581042935,115.66402389316262,62.142648090476165,63.03152411589469,29.294263446503262,1,115.99806326165105,4.004311704101105,1,0
55,0,長野県,22.05246391207121,117.95553106751517,123.90421856978936,41.775076851374635,31.309105843147844,0,118.87791047720239,1.1779367446119775,1,0
46,0,大阪府,13.989738216045279,81.79552482961539,44.08872880682889,41.76521476851698,1.76543968132319,0,82.48208703111123,10.0,0,0
54,0,福島県,18.61341092977914,113.77459868602068,57.29373801161492,63.8428776609578,20.71647193393815,1,78.02047693923625,10.0,0,0
40,1,大阪府,30.516652800619426,83.6939897049209,138.49129912939983,41.575869696804205,30.443482026784125,1,80.29022573971599,10.0,0,0
73,0,栃木県,23.22904044765796,164.77672453350496,69.93060990613196,50.5820964524084,13.87800424087996,0,88.18383980548876,10.0,0,0
66,1,茨城県,23.980279441648452,108.61492202508846,80.01164695568853,61.16138090394357,18.699215352731123,1,120.28575613328348,10.0,0,0
68,0,大阪府,24.611413754046602,137.46913463983205,74.5609873742459,42.14777131321187,9.162903559953518,1,86.41580766237854,10.0,0,0
52,0,神奈川県,23.646954488313952,125.26033837735115,102.70400568272109,40.7040488652197,15.822632279176057,0,100.75706119490489,10.0,0,0
42,0,愛媛県,18.765296538827762,107.45952421822649,49.035220880932236,41.73248548291851,1.4915846794440712,0,97.82440497410953,10.0,0,0
68,1,滋賀県,24.18989590340753,115.15919273013004,74.47722732156588,49.64317342244699,6.699321686711393,0,61.92411241060182,10.0,0,0
50,1,佐賀県,24.19685954786488,145.98236968463192,31.4339218299577,62.41122250131149,18.06964756994361,0,82.91707354205883,10.0,0,0
74,1,石川県,15.904536749784427,128.5971036658552,150.46045966192926,42.38528519127198,8.02900739995555,0,93.61036470698772,10.0,0,0
62,1,大阪府,25.201702296719972,148.47836169264463,352.00002667498893,41.26204821101054,54.932737513311466,0,98.44696168889477,1.7307544868738445,1,0
70,0,東京都,25.603155785025802,128.55292633964942,76.87704166126753,39.55715533523463,15.987042553950976,0,97.7454912755092,9.598405409680966,0,1
63,1,東京都,11.814782837609718,112.74627085220904,51.04536010924421,51.89215231840604,1.3949034866577898,0,95.63610174892568,3.3282812271433095,1,0
60,0,長崎県,23.968369029259254,91.78921891535126,122.19751080708065,41.02845594215067,4.440654631276159,0,89.225791733305,10.0,0,0
49,0,大阪府,17.740982598473806,120.02689263427291,41.89671382328015,59.206273501408596,32.64065819061205,0,94.08855878753569,10.0,0,0
43,1,大阪府,25.384216493682658,111.41607744192673,98.38720239890931,40.5734810750771,7.728116769198703,0,86.33764383760577,10.0,0,0
66,0,大阪府,25.706122571961863,144.0330756240087,50.842201347565855,51.45359102696071,20.28585103247873,0,87.41102710253621,10.0,0,0
68,1,神奈川県,25.3607298268988,134.77817903885958,26.49986659702326,41.6350668261217,17.196052311354535,0,78.886068272274,10.0,0,0
67,0,大阪府,20.47863217727264,111.94145100863258,105.72194670294101,41.298892936868604,9.956156383254768,0,103.33498133069527,10.0,0,0
55,1,兵庫県,23.97574151224043,154.3504101282674,63.356758584090386,40.38014840827671,28.064465809821563,0,66.0184198618149,10.0,0,0
54,0,大阪府,29.075753893840602,112.01901872147634,67.84142710495198,41.77934037924349,11.488729689867421,1,76.64235838116176,10.0,0,0
55,1,長野県,18.079955541350564,130.75411018112115,55.03475986438762,50.70619020508316,8.235273113895465,0,85.4064787512944,10.0,0,0
69,1,大阪府,26.231907054709843,138.93800058523,54.69721095813979,41.0436614850588,16.103769137628998,0,80.70264032627337,10.0,0,0
52,1,大阪府,19.644037257692347,113.5961259048576,25.408823269978583,64.97723839541284,25.637065269401266,0,90.17321899438643,10.0,0,0
74,1,大阪府,23.660045058587485,113.06700166017899,51.38492117994767,41.80898858907816,26.016831395651383,0,67.70488588349018,10.0,0,0
64,1,京都府,18.514622497538383,95.58008538283701,195.9964112900008,41.33144301145934,13.84796489525277,0,118.4522037850809,10.0,0,0
68,1,岡山県,25.378419166193297,133.547704746521,91.63702330501941,42.01928897207533,11.374917695729646,0,107.36411510923212,10.0,0,0
60,0,奈良県,22.258938168069264,93.20547919265782,96.66981499103963,56.281954489865335,6.697766589176445,0,75.13274486442172,10.0,0,0
59,1,福井県,22.500805103333253,111.77652901343185,59.80594079052345,50.71515133194819,7.757949656880794,1,80.08613411364254,10.0,0,0
41,0,愛媛県,29.357417607554115,117.13938782031154,66.45000390721171,42.731156928301544,6.4845408262140065,0,96.5522491985419,10.0,0,0
65,0,長野県,20.56914109314007,133.278508309475,60.99829839341792,40.699740946627,1.773920007016638,0,75.4167358334,7.0359430410177275,0,1
49,1,滋賀県,20.672197362023283,118.81906418736136,38.40586586505901,25.605515625021855,4.4271719553601905,0,95.18264708750394,10.0,0,0
74,1,熊本県,24.83621951593377,123.60791335794137,68.34256664324339,41.64093212716055,13.989183288877483,0,74.43023030167639,10.0,0,0
49,1,大阪府,26.11919212226555,112.09998386937222,67.36704873966353,41.332447280755716,21.626630767596406,0,92.41797510952729,10.0,0,0
54,0,千葉県,29.15873322720241,140.7566229192347,208.2797223011915,40.91179152889667,46.03727068524359,0,85.78280194405491,10.0,0,0
64,1,大阪府,25.497145768004927,133.47426838160402,36.82875022040934,40.87568161105598,23.017674437832998,0,94.35187831897264,10.0,0,0
66,1,大阪府,19.591016684064005,104.28244273736769,100.70644934821343,45.97056791489953,4.7288257002691,1,98.95892714910748,4.321769028452897,1,0
64,0,大阪府,19.178319377631798,126.55261425952011,52.30476105341268,41.65126746061562,7.772396796891513,0,93.70931780109244,10.0,0,0
73,0,愛媛県,28.899210945116263,135.91638199861268,110.56718383701948,42.03478519977353,20.854003430705315,0,78.01901328501786,10.0,0,0
49,1,大阪府,23.271989875869217,100.20684717893835,39.62549314810754,41.54142699640563,21.138116309502045,1,72.43929472918688,10.0,0,0
51,0,神奈川県,27.721960631934433,140.2737779659859,50.19633496819642,59.2394423643916,5.879456094803066,0,115.41279611249092,10.0,0,0
65,0,東京都,20.517793046434942,95.38460862985161,167.12375126668036,42.278760196924395,10.043898815009763,0,89.81766909262728,2.943161979913629,0,1
46,1,東京都,21.360299947110107,112.46926855089528,26.17366965791046,42.44101122488017,9.844061772322007,0,61.37514738069536,10.0,0,0
45,1,大阪府,25.01788235091538,102.26711985502324,118.83414900325039,42.10907315091315,17.90144563405379,0,93.44006650825052,10.0,0,0
51,1,岐阜県,18.32577642310939,112.87450402550753,113.13619966724718,45.781551050943506,31.23200421606538,0,78.86118414400748,10.0,0,0
47,0,千葉県,17.420726121259577,128.6199783814597,105.66188769003985,68.51822533548831,21.11473101718678,0,90.05748626780449,10.0,0,0
47,0,千葉県,27.89820942337149,125.97599824000066,33.545718675225444,36.316418544784554,10.503275159485492,0,82.45223016696929,10.0,0,0
73,0,大阪府,26.487340715430932,137.67275988315365,139.22304692677403,52.56986400591433,8.964365813738752,1,109.75008873248962,10.0,0,0
51,1,長崎県,23.84078154321442,119.80762889032047,32.9423004584822,41.38924562101085,11.311710994453879,1,96.22829049351135,10.0,0,0
46,0,大阪府,23.446098363917176,107.71300827129744,30.252969639798987,42.74908465539498,4.512791897593906,0,92.83540746037407,10.0,0,0
43,0,福岡県,26.867942392550813,134.8796809002465,100.8201532324978,41.433877835901406,15.268784278213689,0,101.550492929017,10.0,0,0
56,1,茨城県,20.018675316384392,136.36538346824287,60.31337077721884,40.6594675709917,2.8887484243758004,0,89.18906300785137,10.0,0,0
54,0,大阪府,24.166663800117586,114.5923043539283,44.08384947726954,42.62146691948019,5.6202618902192185,1,97.0479583916532,10.0,0,0
66,1,千葉県,20.488332686085073,100.0478676821938,20.98215825399486,41.30080542602156,3.3270450253758757,0,76.98612819229882,10.0,0,0
42,1,大阪府,24.52070724937397,108.20668327731427,44.06707760516656,36.90782813512487,6.271302264060955,0,59.427880472039384,10.0,0,0
49,0,宮崎県,22.164715215522882,106.50608016702981,52.10692287646126,41.854249958542724,21.21154995982328,0,95.08700561809026,10.0,0,0
70,0,茨城県,32.83891227020837,148.49053212460908,209.2591096276912,43.961769188624295,58.077972392831974,0,119.31855139365214,6.636605919447711,1,0
52,0,大阪府,16.758135172606206,130.972895052926,73.2998702412968,42.15509704816875,11.269342996490954,0,94.95268747622308,10.0,0,0
48,0,長崎県,26.3953434665134,138.87984535579,107.64713223241817,56.6349212830394,24.02189548068707,0,95.97680011670373,0.5243415599169529,0,1
45,0,静岡県,24.699886732591526,120.14126614161016,91.73740440033052,41.49896349691375,5.334450894650486,0,64.29152543684019,10.0,0,0
41,1,大阪府,29.512213606140882,130.477379542703,107.75780850502973,50.43952308324215,5.37348856724182,0,99.57774548406786,10.0,0,0
46,0,大阪府,21.875162984152194,92.07567000018346,61.836962317527906,50.3420068633228,18.388561951985633,0,82.82105128077603,10.0,0,0
69,0,大阪府,24.83586879406113,127.3003132897303,37.07711623497003,47.34309669625176,16.03553193238151,0,99.73760627425513,10.0,0,0
55,0,大阪府,24.94030842358902,125.61969465982439,87.71524490082469,42.44741213284277,10.830744606723567,0,109.70806831577673,10.0,0,0
51,1,愛知県,15.220993343822807,100.6552345199433,75.97187645720673,41.208806013857746,6.499845200736295,0,81.26166490679918,10.0,0,0
56,0,大阪府,27.461272317559363,117.35571357546607,89.8238903339033,41.38572161541106,9.92358788376529,0,97.2235672481755,10.0,0,0
49,1,大阪府,19.98555394572287,133.6268870238303,29.982025522716036,69.05704122463065,8.137965413235976,0,80.37207673016964,10.0,0,0
65,0,神奈川県,30.517331666656926,156.63560816153785,191.87049225699525,41.173238505346085,25.0617585985703,0,115.1450947034616,0.008213552361396304,1,0
44,0,東京都,22.017703738503812,114.53419310916419,47.62967649832051,54.37702955491046,19.561837221929856,0,70.93723552351676,10.0,0,0
42,1,大阪府,29.030337152443717,111.52403388587703,499.8004879066535,40.658192393832465,13.484775819851187,0,81.67568206095576,10.0,0,0
44,1,東京都,20.664968128335392,135.2172398339343,106.3386115272352,56.67051189873589,171.30893412840373,0,97.56162668895213,10.0,0,0
52,0,大阪府,20.639926606587814,151.18310299669469,26.97460071916728,57.98983953118532,5.060956404161076,0,95.58208569133355,10.0,0,0
59,1,滋賀県,20.768242939523553,118.1853089351356,40.45508229513729,41.39926442154287,10.676147974192952,0,86.92774440764641,10.0,0,0
57,1,大阪府,24.90864842372995,107.93312050899551,44.09020461707455,43.34913569843682,5.30415675931376,0,81.17544123821078,10.0,0,0
57,0,愛知県,24.7749613171102,111.76474449991666,200.15706579735593,41.17619751601158,33.34673349313884,0,93.17900608154574,10.0,0,0
55,0,茨城県,20.67330874218094,102.87911415814173,82.40585692389422,40.91737710361529,4.1170000430538725,0,80.76832139601467,10.0,0,0
48,0,大阪府,27.890001026878004,140.81334381093802,125.27121473020455,41.41874390865531,149.79136885369738,0,81.16272669182456,10.0,0,0
59,1,大阪府,24.515855361856943,135.60758414129896,249.40683821287433,41.19596871686809,16.61229454694396,1,88.8685169282385,10.0,0,0
43,1,熊本県,24.939851193605406,132.3397089988655,69.7286898390236,53.79576017832225,10.353665584321115,1,87.99297944815933,10.0,0,0
54,0,福岡県,26.210468844438214,119.21654647850112,66.5129051908949,55.06582115239273,39.47799726353621,0,93.43855147216856,10.0,0,0
40,1,大阪府,16.61284368416857,120.34618033838294,74.74770253592732,65.84664390554477,9.610259559151311,0,83.33148465730535,10.0,0,0
72,1,神奈川県,24.21526144217012,138.95668921571894,114.07608123805211,42.442485753774044,4.951693969545332,0,119.93044315887529,0.011466211482183901,1,0
55,0,福井県,22.767195269524546,137.2673093185138,64.56667002007823,42.54690558095931,4.817906054112043,0,99.48741361207725,10.0,0,0
59,1,兵庫県,21.964014494224166,181.23509538932663,96.82578518844022,59.42684017047057,25.61472231817175,0,75.16825790949355,10.0,0,0
74,0,奈良県,18.527687569012134,158.84583955265774,49.311173556923286,34.11467024948778,1.5876854362927573,0,83.33525360431088,10.0,0,0
59,1,兵庫県,24.404607835146646,148.8341082584582,78.19036267197005,65.07562927547298,46.84338167355662,0,111.17198925389718,4.420544298182857,1,0
59,1,北海道,25.786563356198652,121.64156569666466,61.70168097301912,41.733370308818024,14.047021558716018,0,73.53707621441113,10.0,0,0
56,1,大阪府,18.558815848492724,134.36842149230858,104.53191853196506,44.2011427721867,13.511369999286378,0,70.22307039133871,0.2325897097692315,0,1
41,1,大阪府,21.40160960021971,113.09847964539482,93.69151019080465,40.87024165785313,13.007410708946242,0,80.12396864153294,5.869654445419822,0,1
44,0,神奈川県,25.753087148231927,108.35978802895374,185.78468207859623,59.497518327140696,25.770495991821704,0,88.50068244968061,10.0,0,0
55,0,山口県,16.632605603138057,104.53688530586983,114.8944879756118,53.718101904524346,2.588034290875088,1,70.9543160228217,10.0,0,0
57,0,大阪府,25.961365529854017,122.89203744811698,121.40500841222419,41.924979983744166,5.983698621697838,0,77.81947845196763,7.831561730588091,0,1
40,1,茨城県,25.34080394358671,114.47754829103141,28.6697074067171,57.15128126581069,7.756571685154639,0,98.95094091640247,10.0,0,0
68,0,神奈川県,19.139536310785097,120.69770360960136,154.06474040569998,46.63410897609395,31.22634746634513,0,84.84025079811246,10.0,0,0
66,1,大阪府,25.39663052033751,133.4022149006956,92.72124727730359,49.63992789470561,10.592192755875285,0,88.24123795815946,10.0,0,0
67,0,新潟県,22.804349875265576,94.62376496788069,38.00036407273327,57.447498132950955,4.586731992368916,1,96.17502709077496,6.770937558059068,0,1
64,1,大阪府,27.437501616257084,127.7756730176519,137.01889674563688,55.33527028228423,31.134953332383933,0,103.20702099404903,10.0,0,0
63,1,沖縄県,28.34080287529292,133.94015787722498,73.10042827937207,41.60636135675756,56.35089628333452,0,121.34569685779229,4.895495520482116,1,0
62,1,大阪府,17.85988051757421,128.06256461007837,103.33088560767608,41.41801354910844,9.627217064886487,0,94.32969855786949,10.0,0,0
46,0,福井県,23.48791701865672,128.5879665133118,219.23221441722072,52.474857477569614,137.91866283950574,0,77.29066212246936,10.0,0,0
54,1,大阪府,22.030203850872915,124.04822842625009,75.52951642716663,56.66438813212583,33.63307134615865,0,93.9382653171064,5.394960057590212,0,1
63,1,沖縄県,25.823463265294645,151.91664477268893,147.71702965621307,66.76110987240611,35.10830071137526,0,87.39798446908452,7.751811169037458,0,1
54,1,沖縄県,22.454813868772465,134.61159031393734,41.620590093773416,40.95427888301946,6.136211054857911,0,91.22615256600427,10.0,0,0
57,1,北海道,19.139542380214845,120.01653788479284,31.601679553632767,46.27827361171429,2.4140563482586184,0,86.0194956302438,10.0,0,0
70,1,兵庫県,20.63043499820446,116.31349994192867,113.83265526338081,42.39449455075131,40.98499077414666,0,93.1295483191342,10.0,0,0
62,0,千葉県,19.17499273478405,118.19240394584446,53.44726953728378,48.45530652310551,4.199878081566613,0,82.65347120125008,6.631429184322679,0,1
62,1,大阪府,23.37780737782997,135.5909792624288,137.17616002767102,41.35720663679515,16.29587081778572,0,81.69926164983322,10.0,0,0
57,0,北海道,14.843794493921825,133.2739852313721,39.78971521095884,59.196479369411485,16.95416427780251,0,70.73434782522892,10.0,0,0
69,1,千葉県,18.703021182847568,133.74237098809988,127.33996136572665,42.379744423919036,13.506785909737795,0,102.46306198483344,10.0,0,0
54,1,大阪府,23.59797761048576,118.60752122026291,208.310315234329,41.58109865287728,33.51270292077698,0,80.09085868636546,10.0,0,0
46,0,大阪府,19.132715498154532,107.71096740021758,109.85038516719649,40.81502094802735,19.356085592246536,0,120.30497417568861,10.0,0,0
57,1,長崎県,24.939040493532616,134.66765014500663,45.63351406748997,55.23306928707922,48.53042245387617,0,88.93579450861618,10.0,0,0
70,0,新潟県,29.047518910630906,154.55565020419957,164.18675623822205,39.86846322583857,11.543107269135728,0,95.9416683571265,10.0,0,0
65,0,大阪府,25.41362757911486,150.6802857747041,107.60826824433734,40.46091007743345,8.18935647868832,0,120.22934632836451,10.0,0,0
41,0,奈良県,18.353453258492564,103.45514174696413,53.62630650273664,40.7165213701235,3.15047434191764,0,72.97615127598654,10.0,0,0
74,1,長崎県,18.64855419445583,139.2871670527645,36.37232634042192,42.16371475212971,10.39581422572001,0,98.96653849024621,10.0,0,0
61,1,広島県,23.45682012446965,127.06062969870474,51.23833074954791,41.29730387939664,26.45945653278145,0,104.05534914439593,3.142613013277522,1,0
61,1,東京都,27.086232560124103,82.4544668321356,137.72792620103166,41.530331687045155,46.028467102342745,0,88.07886777366392,10.0,0,0
44,0,石川県,21.72905293894125,100.10220552243906,44.041307447136504,41.19612371191638,9.45239467491174,0,63.1063503816583,10.0,0,0
48,0,千葉県,20.72281281453976,117.4108073514566,94.54907834040827,42.180473115819915,2.729517092309399,0,85.56607053332672,10.0,0,0
49,1,福岡県,19.350541398185516,123.0337449254758,17.27071022310705,41.209395352630025,6.996546782950555,0,63.12237065182028,10.0,0,0
61,0,岐阜県,25.944868912337366,148.7505259627436,59.12896719958259,40.45438240781019,15.31090961312674,0,81.69869384598911,10.0,0,0
67,0,千葉県,22.80685855710448,123.04481147534376,123.81372974008464,40.459383945776054,37.30260916486088,0,93.19445094392894,10.0,0,0
55,0,山口県,29.772326755849114,141.10851286678985,186.93612928970435,44.27446574073561,10.106364288678877,1,100.47343799847602,10.0,0,0
55,0,大阪府,21.52270989617621,109.84374571859566,106.46824026804458,47.213108532119485,17.0858407876949,1,101.19596850713218,10.0,0,0
54,1,東京都,23.04731822066154,106.64516327162107,39.68333546686806,58.44285288401049,6.808482907633669,0,103.22941248894745,10.0,0,0
46,1,兵庫県,23.131499309357938,96.22727809542832,112.78858704052668,52.57413965289219,8.46540936410914,0,78.55349397746969,10.0,0,0
73,1,栃木県,21.859568140829673,118.8880107663806,185.72432343745643,41.253744914586086,14.643153859377602,0,81.94148320668957,10.0,0,0
42,0,福井県,22.176861978338724,108.05016604230659,79.17825426995964,40.88459694719396,8.287671139923678,0,56.27750390165359,10.0,0,0
66,1,福島県,23.73321846658634,143.97106077759287,39.85984878224579,40.31017073944501,1.9082209295324564,1,90.3058589472651,10.0,0,0
58,0,富山県,23.11846063109244,154.68655359604588,102.63617535407293,41.027921997127734,63.86876570478741,0,72.94990129458097,1.6037188443245673,0,1
40,1,東京都,27.463400080397594,137.9280154754054,501.92367495417665,59.06102832157794,51.18489846510306,0,113.24152828953875,10.0,0,0
63,0,三重県,16.129076258125462,119.01718586431203,27.898573090160756,46.21469589092555,2.469533423324493,0,86.42272549276126,10.0,0,0
44,0,静岡県,23.204491012102743,99.63316696512568,61.419907574239666,42.43346873126851,30.442799617565374,0,69.74219960353358,10.0,0,0
57,1,大阪府,26.002580870213876,113.89627581403303,50.8826211870951,53.79487228317806,15.916818544475792,0,81.69716100027686,10.0,0,0
48,0,大阪府,21.424364651980184,137.49960955243773,29.09271812784504,57.23273197019758,8.064114658356699,0,85.07642303714773,9.93918666711661,0,1
46,0,熊本県,18.64361119192664,97.40155141034536,110.54977308561035,42.00445565253157,8.13866447556329,0,86.5126164036081,10.0,0,0
45,1,北海道,21.766874446971133,128.6125070352304,104.51024319163761,41.73020653285939,31.223383338114825,1,92.93586058416211,10.0,0,0
57,0,大阪府,23.434062409371695,128.5889836391076,56.49841980882216,61.36235375530261,23.35860501007989,0,81.64722994696125,10.0,0,0
62,1,青森県,22.95449011103554,148.56871243846967,115.1059775875151,58.19971403160054,27.62890353066317,0,111.48934793049241,10.0,0,0
65,0,静岡県,20.137874195743994,110.1752819229414,39.291059567233056,41.85303054387669,4.086315503920008,1,111.39729046605426,7.756657071384757,0,1
45,0,北海道,22.564098610055392,122.71637231001836,41.362356239823214,50.90576752223313,40.63207673804493,0,118.43405491645609,10.0,0,0
63,1,大阪府,15.530107628108427,100.51820584846315,70.34979925193315,41.61629436115949,8.681977091813684,0,84.99432873352337,10.0,0,0
47,0,東京都,28.250627327811042,122.8709248004939,70.10574436582877,66.73751725919412,9.653011920140921,0,101.21587051333105,10.0,0,0
52,1,広島県,26.470367805269575,134.42311800917022,88.41412575653413,41.9050717613209,5.80771326304811,0,82.23789770784109,10.0,0,0
45,1,和歌山県,30.149779478847762,121.39735915067271,91.7049147869408,52.02963107977539,9.697146998307042,1,84.8452652599407,10.0,0,0
41,0,大阪府,20.38401214986359,109.3871476895018,49.07687114158729,41.13391626717366,11.799003236805028,0,78.52255787152383,10.0,0,0
41,1,山梨県,33.572336470746706,135.6828147541137,227.16070179157168,46.330198276402186,46.878817584916206,0,99.58727283632646,10.0,0,0
57,0,静岡県,28.89630114273704,145.9373479422686,88.70599798177659,55.52809592836963,24.3940265381957,1,100.3413139822345,10.0,0,0
73,1,福岡県,16.39944488632527,134.58834343325233,37.18246419047001,42.733267558436545,9.97987799264872,0,89.69425657567153,10.0,0,0
64,1,福島県,23.289772159786974,114.76237978048376,56.8514941606172,41.52236850423962,2.565544295799757,0,93.80220309427138,10.0,0,0
40,0,埼玉県,23.49863638923643,110.25261341126055,23.657587914597304,61.6326471179229,20.18463388799556,0,82.92348906056684,10.0,0,0
58,1,静岡県,28.758294388306176,149.67008497268387,69.81947408668508,53.89886282949913,21.6907000072512,0,106.45845088318258,10.0,0,0
46,0,東京都,23.906387854061222,132.9389465793243,131.33032812622037,40.454429988925135,13.654985138789945,0,71.55658937626066,10.0,0,0
54,1,大阪府,22.39266253163603,119.52621564748078,103.46328018477315,41.97384179004934,10.34559825852598,0,70.58893432808799,10.0,0,0
74,0,大阪府,16.754301749653465,80.10790481731637,102.63457904801727,41.761970600305915,10.798548380994426,0,91.67386887296684,10.0,0,0
57,0,神奈川県,26.805279067705673,122.42252273814981,67.36263680260582,41.72069600514648,10.983983199676764,0,100.55742556916847,2.2107476103220676,0,1
45,0,兵庫県,25.09858331854238,127.83330107154202,52.305977034060376,65.26835284241112,16.064834044511333,0,99.18802103525262,2.344918143482063,0,1
40,1,長崎県,18.20960571197897,84.6543465660019,99.67070235392116,41.54016211250109,7.2341199817885435,0,74.0870430947812,10.0,0,0
71,0,山口県,21.541103277986466,127.75108659662875,37.48316103532246,64.90540456277576,8.13798982581325,0,103.11410108673815,7.795304132175897,0,1
44,1,福岡県,18.286637203168556,134.6341570156827,37.79369491364379,42.60822317814273,8.514783685292853,0,124.94338864879617,10.0,0,0
47,1,大阪府,21.54152230962485,100.95852015539616,29.973977160277382,54.603913857057776,2.3501487627765094,0,71.16323236440158,10.0,0,0
68,1,大阪府,18.668189546959308,101.08329991940582,76.1676362947543,41.2315071678642,24.251113818617732,0,81.17602734518124,10.0,0,0
41,1,北海道,19.710463582412707,111.78680065076495,50.667402045161666,41.65018134491176,13.970086759575642,0,93.60976342585987,10.0,0,0
44,1,大阪府,19.116004782962786,100.21350832150343,29.55923364026854,42.94736970255963,21.767741584657,1,52.82653523938944,4.260497623325145,0,1
74,1,大阪府,24.22992375938957,128.02917092141593,139.51414008626054,53.90919016378895,24.180812213388545,1,94.1960581908213,10.0,0,0
61,0,東京都,24.787579370392347,119.91600785373352,91.6323793713722,55.628035174917166,18.731743917424414,0,86.97237591394999,10.0,0,0
53,1,大阪府,15.867369483471407,106.91473493045866,64.87403530596268,42.409181728008065,6.797766094693199,0,92.06846551475849,10.0,0,0
49,0,大阪府,13.440093862000035,94.59182919919056,52.93181598274095,67.96136936081845,13.493078825320014,0,96.448680198704,10.0,0,0
40,0,北海道,22.40513501086782,110.79126886234717,110.56313998265237,68.39903877313736,54.60560877506489,0,92.9315417916941,9.69163809638436,1,0
48,1,大阪府,26.41838612715706,135.6092539900772,231.7019132759455,55.56817735487058,82.37978139201981,0,100.74236218693115,10.0,0,0
65,0,大阪府,20.993452518939943,121.85573020800128,111.49123735758955,41.54546088497194,11.925927307790824,0,76.04553332189124,10.0,0,0
54,1,奈良県,22.580799144223715,140.57803033132868,49.56620615804452,41.31182480695733,8.04669298515903,0,84.46822434780216,7.966828524586525,0,1
52,1,長野県,25.18969866666725,125.38590818567077,52.72501629096497,41.329877847397206,3.128083034229152,0,92.21782067465114,10.0,0,0
48,0,山梨県,20.3748453787525,130.5361839272714,47.56123939410008,72.90052235301354,39.4104888027065,0,98.1124138000715,10.0,0,0
66,0,大阪府,19.79802486315768,133.47594214050105,130.02479175627,42.00362277824296,5.635523955765934,0,102.08099839128711,10.0,0,0
46,1,愛知県,18.460862424044965,103.08067701130796,50.635362418317236,41.794728138729084,9.72220307834875,0,80.09327100336834,10.0,0,0
49,1,東京都,23.028632556161572,99.65463357134601,111.05817635160608,49.355784095239144,16.86942318259293,0,85.41156911664761,10.0,0,0
45,0,大阪府,18.784062121642787,106.88383021840876,130.73708047969052,41.656969243658324,33.373951711683766,0,69.72090090480725,10.0,0,0
46,1,大阪府,19.335534130050846,107.21656935590798,45.16914447768484,41.72393015037962,16.63864357927249,0,60.138906034719966,10.0,0,0
57,1,大阪府,28.512228650873325,132.89301646534994,191.6320027201965,40.485541101260026,46.40484813105501,0,104.70005505559816,2.154997964928333,1,0
57,0,大阪府,25.81713309901409,119.19873465768683,169.67031436475256,42.52697576569828,26.02499818099337,0,119.45089703961297,10.0,0,0
41,0,大阪府,26.325288112040774,139.44671247679344,129.38144436307763,57.84719384105432,35.27957872099663,0,114.81827935174637,3.266264353205651,1,0
57,0,大阪府,24.228389085294157,156.60424499127575,46.02604488483998,41.531837703722445,32.68181280002407,0,85.60757415605093,10.0,0,0
66,0,新潟県,23.210443478506765,104.52029961848314,155.03033329340062,41.933381277347706,7.504464279600905,0,70.40771483633857,10.0,0,0
47,1,千葉県,23.529058986825323,107.9259340374941,103.46603291392528,42.76609188513945,15.58275768118961,0,89.17824931247725,10.0,0,0
73,1,大阪府,18.634772033529952,107.73278409079764,173.49342710924185,41.73194244826759,11.190737427616554,1,93.83804745118537,10.0,0,0
49,0,大分県,25.11111679791519,131.84099437991148,49.075952685176894,41.83874856337748,14.475839897836073,0,69.64934333185877,10.0,0,0
57,1,神奈川県,23.79561460103022,112.6709506705293,92.71297370486072,42.840413227983305,8.706095194329427,0,79.04574931975934,10.0,0,0
54,0,愛知県,29.601906347353236,131.63883586785926,85.45185045730564,41.26929880037699,17.902162865337825,0,102.28281199330122,10.0,0,0
59,0,石川県,22.80449394699312,102.51484436738937,55.32897405315105,41.56646033632648,22.947888330493846,0,92.15910931076709,10.0,0,0
46,1,愛知県,25.180153340702766,135.77536484054835,44.66612410058415,42.10744814867419,18.468743043825892,0,99.06387989257338,10.0,0,0
47,1,大阪府,27.320181282137412,130.48140052994492,122.40427891001336,53.68249508383727,32.127150335729944,0,85.26220920693972,10.0,0,0
51,1,岐阜県,24.434636951284286,175.84192510327446,149.0588959644297,46.887186333814284,20.78679550688836,0,91.80601766329634,6.232736922077444,0,1
70,1,大阪府,21.776085073280626,133.29553558633947,167.23664749016416,51.080166156985385,17.33179658673081,0,100.73296948939876,4.07959906397747,1,0
67,1,愛媛県,22.367025975213334,113.1185770393599,97.01046640307223,41.36692076159856,12.711448968277393,1,99.34382625819968,10.0,0,0
59,1,東京都,25.47301255486649,139.12366263138964,55.62778550037222,42.39755871390935,6.797743833422457,1,91.1717972725567,5.362288212888439,0,1
52,0,大阪府,21.560834378844184,126.45476879030751,179.16204372398403,44.843535689548816,10.487593053159246,0,81.89954232951223,0.4681928351504042,1,0
40,1,神奈川県,21.655478504758975,114.10107405173383,58.86709708045177,41.3836196009087,21.075669400176203,0,63.57819946839878,10.0,0,0
53,0,神奈川県,17.743808560675227,124.17626936324751,63.27340927138676,47.21470559224313,8.661769366832786,0,84.63528959821407,2.938953640123545,0,1
55,0,大阪府,22.87975918232988,116.25214595017607,23.101649791388592,42.60998622246318,9.65382914147189,0,78.21641914913414,10.0,0,0
51,1,愛知県,24.05156311691119,139.17830754365843,60.39988910791923,52.15691999321085,66.81331656926434,0,107.16849691854196,10.0,0,0
59,1,滋賀県,19.13717008205827,102.0476341319028,38.87693751287008,52.91998729567933,25.718879570770934,1,85.38757712849917,10.0,0,0
58,0,東京都,21.18681022947993,118.87953611500235,137.94724793214056,40.106403828100305,27.408432448668318,0,92.19825878203312,5.903460832615885,0,1
56,1,大阪府,16.57171038749517,90.90798970732014,22.09603332172867,50.71780625442893,7.573654837566309,0,78.34652817610618,10.0,0,0
69,0,神奈川県,18.316087073037032,130.50263912636302,91.73952887756143,42.53420783464818,17.333482546164074,0,116.49153082887011,10.0,0,0
54,0,東京都,20.41094813562996,120.70056204285085,202.4786381196106,42.30928361086195,45.45486403894477,0,97.75971358454223,5.462509809916367,1,0
62,0,大阪府,21.408320418282386,121.13205164603724,112.47504174622328,41.2521919885533,15.464841756137153,1,99.70281636995917,7.020975937485165,0,1
64,1,北海道,21.707627370598427,121.30292274476962,49.115340835152104,41.9144025649194,22.618303618893883,0,73.70446161823962,4.861914131381931,0,1
66,1,大阪府,26.74218596169299,130.2305939564442,203.4962179707769,41.389159940475366,42.80385212800402,0,98.19574335121723,10.0,0,0
54,1,茨城県,23.009666540311787,132.2245244267599,131.0123152829195,40.48257353465546,9.721821065376357,0,70.84288776347148,10.0,0,0
46,0,石川県,17.255036595851305,103.20592348081398,33.41813157816175,60.15062389717947,12.440792603949175,0,71.69109300269328,10.0,0,0
67,1,大阪府,22.999679768065025,112.25911611079287,191.3198044367315,60.37907953879018,10.55575722443663,0,109.62165397227707,1.8374746896201386,0,1
57,0,大阪府,22.506184721060364,119.89850368653737,73.01948520237715,41.25862000768589,9.76878579412778,0,85.46014690529539,8.690180507931892,0,1
66,0,千葉県,18.03686283544999,116.27446130951486,75.14294713713622,43.29915678255079,25.158946942001432,0,88.72981879232003,10.0,0,0
62,1,大阪府,25.407669155294922,138.19250402462453,63.458776222651174,43.45231530719818,81.09748394072058,0,93.10970858807062,8.508893689220804,1,0
64,1,青森県,21.546712115658053,94.98969873206121,110.55217186390537,50.52783884776066,14.38117351144993,0,69.69950458594552,10.0,0,0
69,0,東京都,24.83695416732599,128.3396895583267,38.77349442153455,62.878161681901254,19.227342163271246,0,94.17277951561138,10.0,0,0
64,1,栃木県,26.916259947514465,162.03194623194437,90.25867625379652,42.00651350303249,27.8609810359361,0,124.06491493081154,2.5934527927843734,1,0
58,0,青森県,23.12950463245772,120.33362108255767,104.94323045757542,40.350953097209484,79.06829274133784,0,90.91495394601597,10.0,0,0
73,1,大阪府,24.79080548202058,116.65188672843863,64.42686081030952,41.72257315811418,4.874113989297359,0,125.71583637148348,8.088705912271179,0,1
61,1,東京都,20.85042888078445,131.62071427311045,191.60595289332946,42.07421418199334,13.394737859030913,0,85.73926744405905,10.0,0,0
65,0,京都府,25.365748352085955,125.24664303903117,55.32563619146616,50.37981610125839,24.84292956297897,0,93.50529288484223,10.0,0,0
62,1,大阪府,24.012521419444116,111.0973625609604,88.06877396416336,42.60848157623957,8.954454480546024,1,76.29789377997417,9.7729296360879,0,1
55,1,大阪府,26.53604891456817,89.46192547089935,208.20714485079384,40.23188107375507,27.088804343483034,0,82.68098259834677,10.0,0,0
67,0,大阪府,21.64240894085173,135.07989336071097,249.64684502535079,65.89123285266214,22.165444376703288,0,112.34867086106676,10.0,0,0
47,0,大阪府,28.304436806068992,115.37657002022577,130.18683541303838,43.67985719929148,40.06209110775623,0,81.42065904062284,10.0,0,0
67,0,石川県,20.361122119457733,136.3024684340972,23.411861582818997,41.8591381530106,4.589317901960765,0,94.64567874568866,8.57915178051369,0,1
51,1,長崎県,24.195854035701263,126.62243000755302,227.46187060649044,55.65761774130668,15.266568818645775,1,103.9449682898208,10.0,0,0
74,1,新潟県,26.440893714379595,149.00736967725823,101.99145992272913,43.98145109915397,15.611037474794285,0,103.9429088399088,0.012429295510016819,1,0
42,1,神奈川県,16.008575245292793,111.90649124069478,53.08405092303085,53.921970467544995,17.910077455906496,1,91.86622378287105,10.0,0,0
50,1,奈良県,24.803778387262177,109.42251983764966,126.16972959232935,42.0903755609256,9.30983938577315,0,88.2673782609867,10.0,0,0
56,1,大阪府,22.506406949331037,112.0296263372916,112.37638135849154,41.81742630179039,31.29525194761233,0,80.70725474098131,10.0,0,0
46,1,大阪府,17.196118595261524,111.20007524242226,104.32197231235246,40.308900287098055,23.75474362420508,0,81.53848456976864,10.0,0,0
71,0,大阪府,16.731869521498012,134.0597554506743,185.5449375181362,58.41793018776991,33.02156798737502,0,63.66154218455635,10.0,0,0
73,0,愛知県,18.681645036516308,137.00374783296044,44.110249719842386,42.38023314795063,12.959932162246382,0,94.30482433486293,10.0,0,0
45,1,大阪府,26.970727801222075,134.0494046994629,85.9522250153162,40.77228952956989,33.31415385121311,0,117.90268668201276,10.0,0,0
50,0,兵庫県,18.79261625946656,98.49951545692804,69.30707857799132,63.59413750684069,16.795469593699497,0,80.4935329329677,10.0,0,0
48,1,鹿児島県,29.175879260888383,151.23414067122314,156.86571274843521,49.88580451855829,32.615643950729954,0,103.94457933477796,10.0,0,0
71,0,愛知県,22.982755594705683,137.24387722221564,104.41223247080323,53.986466932222456,14.903288106478218,0,93.72474772160912,10.0,0,0
57,0,兵庫県,28.81827634849221,115.50192012234079,148.5390852219494,41.19536177546507,19.48665900479818,0,125.15139960413076,10.0,0,0
67,1,群馬県,22.697818312493393,147.03451558040203,67.65647947101643,41.56432121535993,16.735512112543013,0,100.98862305632632,10.0,0,0
42,1,大阪府,19.58555922483197,104.53899092656128,117.02704250478492,68.3850629061105,17.35585242798329,1,75.9195216866168,10.0,0,0
49,0,山梨県,20.839055503430547,110.25663988999639,51.26977780717881,42.53452019330809,27.001590240902154,0,109.81425552201127,10.0,0,0
59,1,熊本県,25.646862396610775,145.8324927423024,149.03993158718632,55.6778708258085,22.6151398327363,0,101.31817151066622,10.0,0,0
48,0,福岡県,21.006981479026617,127.96902026642077,73.58582354269912,41.54665347247332,7.063320030884405,0,88.35708624065389,10.0,0,0
46,0,奈良県,22.677843988684057,106.76098638972442,113.9427522187865,41.72662690965663,14.55246185999217,0,80.96190210813484,10.0,0,0
73,1,岐阜県,26.541711541220945,154.99656822967472,186.2888817655646,41.97376866609699,54.778193818712495,0,92.9477177563997,10.0,0,0
58,0,神奈川県,26.53569177756672,137.06190435779482,96.68882075579063,62.64233283831241,13.511969295619222,0,120.85690111058072,10.0,0,0
52,1,大阪府,18.20935861759759,101.296894069926,22.367998835828704,55.55619303469191,14.916836031558447,0,88.28076508940428,10.0,0,0
66,0,北海道,24.67142603881518,86.12488833503711,69.97092533939306,40.76291755782507,12.677472094140242,0,103.21596575874807,10.0,0,0
48,1,大阪府,23.524338423459614,103.18507857993265,46.19497410191343,42.17690264179152,7.1929751348345485,1,58.614903848511105,10.0,0,0
60,0,大阪府,27.141844263420477,137.15769108609334,97.94393802634349,42.7993068765986,12.199073821268083,0,92.96093928522085,7.564228342865513,0,1
60,0,富山県,21.707540490094267,84.6532956786448,56.912627296464194,41.47079551766601,4.125349833998458,1,79.10231556451785,10.0,0,0
73,0,沖縄県,30.321628440795322,162.1226195316563,173.26197643122393,42.549986394740955,12.807624523231466,1,120.61000463937395,1.6674412009509294,1,0
49,0,茨城県,17.334874573610634,140.76091721344804,95.36634842553158,67.03275925975143,8.059857543927805,1,80.41261498024316,10.0,0,0
52,1,福島県,30.2648121153504,133.2704989657324,163.91622448640987,41.22404438779091,16.393784065433163,0,110.51338380553132,10.0,0,0
69,1,大分県,26.308749925449938,148.47408159446246,148.77400716408198,41.44507736714757,19.471964571865197,0,125.7693826297579,6.785763930441891,1,0
45,1,岐阜県,21.82019272770177,111.0331251357559,84.00720904543927,41.445375421877145,13.488462325746205,0,101.02369681099019,10.0,0,0
73,1,愛知県,23.54530196400252,151.3653118038505,141.9666932763789,40.86705742078143,25.199240855462648,0,72.1082711066355,10.0,0,0
48,0,大阪府,24.756255240590527,135.8423645785785,25.9289350951322,41.73926798967414,32.46166338950638,0,85.5665387017356,10.0,0,0
52,1,愛知県,24.177356284695787,140.81775237257042,47.66748398400329,62.52323839282557,5.525891645425628,0,100.73350301592284,10.0,0,0
46,0,愛媛県,30.454879383910903,131.6895579210001,98.84611339936617,40.54322410260783,9.288111803724975,0,99.87222978622027,10.0,0,0
59,0,大阪府,17.102470286444035,104.01032069635741,45.99453734681043,65.13827430251516,9.627480096091361,0,61.000843671120826,10.0,0,0
42,1,北海道,31.76842086801988,128.84937943780307,109.92214338853029,40.176847572260364,37.590506623358664,0,83.38718612489683,10.0,0,0
74,0,石川県,19.915616349387697,125.16661273651654,61.31615082440561,56.998437022697324,69.4250506269886,0,85.26831752041831,3.814583339327942,1,0
58,1,東京都,29.49856297428149,128.59093838623005,158.81393327155618,48.06008622057331,42.1921364553632,0,125.69720367813368,5.905661258483864,0,1
50,0,兵庫県,20.86050940249483,118.70616469116673,36.414360897015584,47.717857409552316,3.449747417919703,0,112.14804661634199,10.0,0,0
66,1,青森県,28.6614019712519,142.4907126840773,109.58441527683382,50.07596078424141,38.947294705004836,0,84.55770941186903,10.0,0,0
66,0,石川県,18.175414743165042,109.38505818434014,78.50692496914024,40.69211892852546,5.973112885106597,0,90.29464807386549,10.0,0,0
55,0,大分県,23.787618276426073,125.76646141504449,149.01964695929675,49.482287829150636,14.48337289769699,1,69.76456268842222,10.0,0,0
48,1,千葉県,22.37289598653775,113.87936731990543,76.65176597106056,45.40749878419517,3.99892178707655,0,62.38566213781776,10.0,0,0
57,0,和歌山県,23.646718258333348,107.56541264174604,51.211280583443326,41.51836778598236,10.471427245326689,0,77.46151106742923,10.0,0,0
45,1,大阪府,22.76273171663068,126.6800399846061,69.28378799260784,52.736734602381176,57.66113621928459,0,92.15894243729744,10.0,0,0
65,1,福島県,15.341252784738439,130.36144733185282,146.09322553398275,41.228472986420925,17.207932184219388,0,120.3061823640343,10.0,0,0
64,1,東京都,20.562810058156995,137.00936378554115,69.35589652818263,42.3813432366275,7.902952794302942,0,95.08756377901045,10.0,0,0
53,1,大阪府,27.08404939648558,114.09723732710562,61.571757355372995,59.61303669434153,9.513249214410578,0,103.47426009970633,10.0,0,0
59,0,大阪府,28.12854988107796,128.5667369700039,64.22420873671584,53.41430108563828,43.02300679291929,0,104.28822290277981,10.0,0,0
49,0,大阪府,24.72317929703635,119.19782126354754,108.61885648191905,41.72076322905173,13.37651268096239,0,117.48748973072247,10.0,0,0
46,1,大阪府,24.64252207938629,132.15421039788865,189.6377383183263,45.59767967268098,13.776563942547936,0,93.43863083041617,10.0,0,0
63,0,大阪府,25.323297526756996,111.02375834705944,70.88585664328791,56.97973775013303,53.92479246745511,0,123.19583640077119,10.0,0,0
52,1,広島県,26.53634882889191,149.08762470046028,97.83362125162515,50.547412795891425,13.273645873830498,1,102.2286791465175,6.941463126452293,0,1
40,1,北海道,24.31569134108929,115.98446773657034,42.762321030118066,58.54707505213614,15.08227795402654,0,75.14260224951653,10.0,0,0
54,0,静岡県,22.158359026099436,116.32739311393483,79.81852125839707,41.36991675583737,18.494285497160682,0,98.94137476751762,10.0,0,0
66,0,東京都,32.14095770881658,153.33205505122774,144.01410502078022,41.069459644793795,11.329729006976436,1,79.40770079940253,3.1479608256761136,0,1
63,1,大阪府,22.63343161700332,151.0663070665974,36.37620488051242,40.698812073156674,17.663580295910375,0,119.76496216728407,9.908210986019393,0,1
53,1,静岡県,27.687532212556704,123.7069029504209,341.9941482740412,41.43804688964748,52.238486681796864,1,89.22579472363398,10.0,0,0
45,1,東京都,13.283974219375493,110.07394169478479,42.79560042922131,52.00811702426978,8.953573522949263,0,84.63847303075298,10.0,0,0
45,1,神奈川県,12.348848646630415,94.52807837400253,33.74645080467379,58.705398104743175,5.876935229972562,0,91.15228612600774,10.0,0,0
63,0,大阪府,24.836434986595677,154.76857118507647,281.9106550461092,40.81068757548988,19.91321294504032,0,85.46548365984606,10.0,0,0
55,1,神奈川県,20.19059211470209,95.25171015661438,62.304441797899884,54.60388814414936,29.911410336274557,1,78.33946714790409,10.0,0,0
46,0,大阪府,20.06385592718914,111.7896926032678,69.07905823444396,73.88375915292437,5.806134378090505,0,94.02647427965354,10.0,0,0
54,1,京都府,28.360275086679852,137.21831827331275,46.57614595547611,43.075088779224664,11.487849839234789,0,97.72552284736048,10.0,0,0
47,0,大阪府,29.756513763444392,135.81332499140183,48.55482095412734,42.13864157891537,4.072487030807548,1,86.79670447148828,8.458943528670547,1,0
74,0,新潟県,26.285978174294147,137.05011115249732,363.71934390072346,41.52996268512406,27.73767100257739,1,118.37228022139571,3.251583109652308,1,0
63,1,愛媛県,23.850498635382372,133.74214789921865,266.5137599150499,54.89324074257986,16.011966670648782,0,78.54354115415741,10.0,0,0
73,0,群馬県,28.609782183812406,142.34772922415985,194.3427421587888,41.99606102322609,7.856082545526565,0,98.93445924742751,10.0,0,0
54,1,京都府,20.364185683673696,122.34054752496358,139.99180005762526,49.83614544606239,7.944923966286536,0,99.82750025290525,8.578455061788125,0,1
58,1,兵庫県,27.659006905250997,146.82094922045195,59.11634839060053,59.90775693573144,27.20689855264939,0,98.63142698364388,10.0,0,0
74,1,大阪府,23.694302418562017,126.62616280433195,70.57051822556365,46.80720234910211,13.640529445873335,0,98.74887268555183,10.0,0,0
55,1,千葉県,27.745856214051557,126.1565245748753,46.36369097029689,42.55352152182393,10.115600214346575,0,87.5508568551507,10.0,0,0
61,0,大阪府,23.97609423352416,113.9934620878488,75.98743493668547,42.85704567925887,8.64557936087442,0,107.3921250820043,10.0,0,0
47,0,大阪府,26.537826623088254,130.75480138120207,351.98561743559014,41.408026825794025,19.930639138712134,0,98.9674359276868,10.0,0,0
58,0,北海道,22.50842408978131,111.0156137877229,46.82683431361236,66.28418310324977,8.761807672520211,0,84.65922001215736,10.0,0,0
54,1,大阪府,23.185002340269506,126.84644839784148,21.056001359267807,72.25005250729468,6.311559605667959,0,79.16029184812751,10.0,0,0
53,1,石川県,21.210342259728787,158.81513863380204,154.8196493594838,42.914865343283054,13.65083463473178,1,88.3665702301917,10.0,0,0
53,1,愛知県,29.083631444413935,127.76845998636162,164.63607419372354,41.85712419960098,30.24493975218703,0,99.48628066916098,10.0,0,0
48,0,三重県,24.509737788584896,146.67104631329363,107.06053515262589,47.387136796980904,47.01549198733545,0,101.90104835510215,0.664489875552651,1,0
48,1,北海道,19.321063518181067,80.97807977119658,70.01802824782075,40.470148975099264,7.744382326228778,0,76.27525758054837,10.0,0,0
61,0,愛媛県,24.289666071808607,120.44956309685773,135.3581278007251,51.708134027118525,9.134808366401018,0,90.16710354919093,10.0,0,0
49,0,北海道,27.177200210278894,112.65290511922929,159.16699627738723,49.58398739208549,48.897880022119345,0,64.16559010082953,10.0,0,0
44,0,山形県,24.255855305646566,94.1787295889304,76.90544051946806,56.93386335274515,8.624166213430502,0,113.27213609021106,10.0,0,0
43,1,広島県,19.712182745809695,112.86371138142148,38.981968849390626,54.066852896121645,2.279430460360681,1,90.02193043141185,10.0,0,0
53,0,神奈川県,13.393150300770264,91.66164833368369,40.60906236876291,42.2297394534765,2.954500603720301,0,106.57155333620405,10.0,0,0
46,0,大阪府,20.024094533523147,101.29096997526227,40.7124457951725,57.16633147367365,5.6689632564893975,0,83.78727086512195,10.0,0,0
69,1,茨城県,22.836122975317053,119.93116093706601,51.026959624181764,47.714712048057464,13.989012310120657,1,110.24043518884683,10.0,0,0
69,0,大阪府,15.401341325567392,123.80021725908081,45.92964423227984,41.84605266954808,1.3378605490771343,0,112.74574787709349,10.0,0,0
45,0,群馬県,18.76704307107118,129.52647181022942,54.369337481664544,36.89867533700399,2.5779503302087705,0,92.96709933629856,10.0,0,0
74,0,大阪府,28.257892526548495,160.27639953448949,369.5107776426843,51.66700168074822,34.770138356506,0,83.9483551207945,10.0,0,0
40,0,静岡県,23.46240724074611,85.66825381429828,63.05867013576212,49.39267393277227,21.520349953595268,0,78.80530183769368,10.0,0,0
41,1,大阪府,20.714828061759576,124.62325303523944,47.722269487025656,42.77998919240359,14.476610810217032,0,90.44427651081315,10.0,0,0
61,0,千葉県,22.42150321585463,130.4175137201267,105.53416917415069,41.412183585816784,12.155710896975004,1,91.0199711296013,10.0,0,0
60,1,山形県,20.727453036093653,123.10667512148842,114.37943166972069,50.29683976982882,10.101966243999097,1,108.43458403534207,0.13844818621178379,1,0
70,1,東京都,20.97699901094149,121.27196262667864,48.08033193478616,42.41385370185799,30.20766033590869,0,79.80560535435463,10.0,0,0
59,1,大阪府,18.061856479402408,107.72318702678272,180.50864362855694,42.24034265540711,17.130947473733716,0,86.23751522839757,10.0,0,0
48,0,愛知県,18.861643154684703,143.7138073048059,89.31438285917395,40.7489381605677,23.75731501582408,0,106.40552240914928,10.0,0,0
47,1,沖縄県,24.335992713802515,139.44934297955078,85.39322619358214,42.16237056001184,17.64705086721537,0,85.83605617050307,10.0,0,0
65,0,大阪府,20.634550319691776,128.83349256202274,98.38372202287185,62.67084141773902,47.088257440513296,0,77.55961773653893,10.0,0,0
74,1,大阪府,19.642445724405537,158.55494335577254,250.5239161339605,41.46178889599485,7.815033253475234,0,124.88436556293071,1.6091271872321624,1,0
41,0,東京都,26.449567966666198,113.62429903846673,92.73004001288658,50.71020934010739,61.04496410752439,1,73.85642109258922,10.0,0,0
46,0,大阪府,26.16783283001467,107.9527842976308,27.522158680775323,41.038117366287494,2.7614804511806907,0,82.14966254094527,10.0,0,0
63,0,奈良県,19.33563874138237,87.15088840633501,48.10187507440364,42.39574359192161,7.159074526760805,1,81.46353451390631,10.0,0,0
44,0,大阪府,26.845424207385815,135.86871249583677,245.0304173441623,49.482229303559286,59.30364751092822,0,79.10094235714007,8.766994017596739,1,0
57,1,愛知県,21.434334923780938,126.15634397676065,100.76185516143704,41.26301173249587,4.814138935565084,1,98.05001607143556,10.0,0,0
72,0,埼玉県,11.458499656375666,111.09193014170783,149.95354860544222,58.67806898182141,31.262281655067177,0,105.89709662576917,10.0,0,0
45,1,徳島県,24.415316295373273,123.09837939312435,148.73805712948277,55.713805566464885,34.46953081342108,0,108.93999115157433,10.0,0,0
45,0,大阪府,25.3655330510939,90.96103903819522,23.56558248976174,40.773647301611945,19.536170974490467,0,74.04866100836831,10.0,0,0
54,1,大阪府,18.156078616280528,128.94595207928177,35.50556662529171,41.9955391230794,8.263088381673974,0,56.722105478463234,10.0,0,0
67,1,新潟県,24.968016150389488,140.2699300644324,44.78787003039423,47.521006207849524,2.729603067211388,0,110.53396775040703,4.919351187780656,0,1
64,0,東京都,26.394470520123473,127.99608311260181,37.95232283114517,41.0685313073108,3.4528158475039255,0,72.97280959151277,10.0,0,0
47,0,京都府,26.753017568342468,137.3612548636611,173.34178056952496,41.418045265005965,19.238048962747698,0,77.30245153911764,10.0,0,0
52,1,東京都,17.12971072390045,108.37482560029972,36.87774485766725,51.585184155348195,2.3527628777889062,0,92.0042160665297,10.0,0,0
69,1,愛媛県,17.16908259572601,126.8929977749542,67.7375393552963,47.99624498377559,17.959656881816425,0,67.35056634209165,10.0,0,0
46,0,山口県,24.146763076036542,124.04500498342627,87.7962789586021,65.61651258642875,31.226903342655888,1,111.15536770837815,10.0,0,0
53,0,茨城県,24.911680436946973,130.38096808758428,175.70422532730265,40.99377257938877,25.15896167172575,0,109.77392981965323,10.0,0,0
54,0,大阪府,22.737846213885252,129.5296714318026,77.0114867406049,42.38451699077092,14.77036437285582,0,114.31091399421776,10.0,0,0
47,0,秋田県,25.761302976530413,159.01662201491686,237.27069082240843,42.57007761726525,53.675522621184925,0,102.074154942593,10.0,0,0
47,1,北海道,25.642790137582246,128.61593312969288,154.97894650647982,55.644370331656496,10.059669660887618,0,109.62578617845907,7.775111439657565,0,1
56,0,大阪府,22.339729621553168,144.3921683389463,106.40339960404833,48.22803556385342,36.21643855293321,0,98.79213431655599,10.0,0,0
72,1,新潟県,19.935001057878555,121.15903728833288,228.84337368524368,41.72069197295375,25.60942215378524,0,90.1937275708584,10.0,0,0
73,1,大阪府,29.580589374783948,140.97734309323633,149.02705434931235,40.16003774696955,18.712702682811198,0,77.44269899774439,4.380727611819033,0,1
46,1,千葉県,21.35720854222872,113.10071170291744,185.3926681119081,45.471710674903,40.81368805213809,0,81.70002325478897,10.0,0,0
58,1,大阪府,21.344298240384084,117.11749137040894,24.296579518970795,42.02408458253903,8.946563310250376,0,88.93179739490863,10.0,0,0
44,0,大阪府,29.775941375504384,131.14457719859539,36.24065758748672,53.38845326902873,10.282065792128364,0,115.6914055612738,10.0,0,0
63,0,埼玉県,24.775694768397127,144.28417916405203,33.58410964807985,48.50624657726594,44.879041362288376,0,120.02428202348435,2.1591567817345725,1,0
72,1,大阪府,26.069251702538114,143.6097765582085,76.19982574916287,41.199381629535964,7.3465457195325925,1,102.12383124159699,10.0,0,0
51,1,東京都,25.03989595630393,118.93598734648705,117.09726384913427,53.52038923159914,7.428396789492732,0,110.69008649084724,10.0,0,0
71,1,東京都,20.27513565205213,93.71864956946915,31.64868553563739,54.53895706600649,8.59068938183393,0,105.89179366855032,5.05012884048166,0,1
52,0,大阪府,28.235730529584004,160.73004259242566,140.2041589045168,41.720681259621394,44.36825044259828,0,88.92232882430838,10.0,0,0
72,0,愛知県,27.39882661259864,163.42136764830587,33.9470499033848,71.95303238685511,15.518786502358063,0,100.96387173345119,10.0,0,0
61,0,大阪府,20.868623925757536,127.98693308964403,33.59481634017681,45.83287845670746,9.337930361273823,0,83.71771104855553,10.0,0,0
48,0,埼玉県,25.60537677765678,144.88665124722974,138.74330890756917,41.6567106416783,30.43049551923199,1,84.85377745372664,10.0,0,0
44,0,広島県,24.06645480686032,117.47373908831152,156.26586121092504,44.019044247055426,32.92220408667889,0,97.82379731585172,10.0,0,0
48,0,東京都,24.51330889857224,129.79291947274018,59.128795774249944,52.917255149403175,10.118967598830382,0,122.48583388924351,1.1904671991304678,1,0
55,1,東京都,14.24610835416225,105.89709850309545,53.888466247269925,56.22701694658891,19.96716812534348,0,91.84520541342005,10.0,0,0
57,0,大阪府,23.215792018597817,114.5263904157133,69.50325409166719,42.02307154919913,6.735509638801741,0,119.59112485019055,10.0,0,0
60,0,大阪府,27.38848909384435,164.0076165202927,179.09181566912176,41.52198489387855,25.157210788950167,0,107.43888255555612,10.0,0,0
41,1,大阪府,26.280236236357485,130.96632333304163,382.69140623304406,42.2295905477018,23.688043618005754,0,114.34884156215219,10.0,0,0
49,1,愛知県,24.51940825304987,125.65791196823284,86.72671228285475,47.253505628624836,40.62285505243778,0,88.52380757603723,5.361691938604123,0,1
43,1,大阪府,32.801304724716,93.86625713765986,96.9189912687698,41.88869647884914,18.92520849799976,0,97.03511148027036,10.0,0,0
47,1,大阪府,21.371538759550337,116.19171397445687,20.719021435748807,46.350279264616944,5.525387877225746,0,76.11529300656711,10.0,0,0
48,0,長崎県,25.204389116108793,110.63906679332457,40.447340905566584,41.7504909069026,8.293302339156662,1,98.96848004308137,10.0,0,0
47,0,東京都,20.769587169559422,98.45586759635792,64.15169630257655,42.38545098318004,2.590648541609922,0,82.81452633352082,10.0,0,0
54,1,新潟県,25.824037367682866,145.3809766871248,78.1738766125091,41.277920536149075,17.837757961173608,0,82.88681511131571,10.0,0,0
65,0,福岡県,21.2047439055423,95.51225214377497,80.8268525502638,41.29428554275501,18.7627015543261,0,91.78477828766493,10.0,0,0
45,0,愛媛県,22.373445210403816,118.20804448970748,128.92330402243965,50.907393626839756,19.464310756821884,0,119.16093429685372,10.0,0,0
46,1,東京都,28.201670530900426,125.52312757444561,351.67313645711,46.24046423611517,70.0577599007914,0,122.04809953132214,10.0,0,0
48,1,東京都,26.09028750271794,93.23047881795688,186.1899640793122,40.296554798139276,32.12773678608629,0,77.04432925892007,10.0,0,0
57,1,福岡県,32.85641567714904,145.82309424173727,260.8917437586552,41.7099272890759,13.140629635491965,0,103.70598014274906,7.774480148971986,0,1
44,0,大阪府,27.084660902354056,122.96978233667164,106.49956587196019,53.96301085383374,17.89856235408297,0,90.14487924645974,10.0,0,0
74,1,熊本県,21.730572873577994,126.41163821171521,83.95871830558004,47.51100079551779,2.27947681220019,1,73.69232768813613,10.0,0,0
56,1,大阪府,22.283487467195624,148.84142767258248,91.72346677282029,45.761701715456574,32.12619578745706,0,122.65319323654613,10.0,0,0
69,0,大阪府,28.96722373058969,136.96063515793864,193.80342754820802,58.88717986663945,27.016741513860964,1,122.02316991517286,1.7763875163433167,1,0
65,0,大阪府,28.25030817258758,129.37983031940254,609.944714459143,58.19818391297938,45.74172703892699,1,119.31542627382642,9.556205467946898,1,0
48,1,大阪府,25.392716530255132,127.73379291232682,89.10013937815884,41.954906934487596,14.818263161067003,0,85.44566848657328,8.708137623451222,1,0
44,0,大阪府,20.867489116001,109.30475036810847,69.8536639168542,51.363830328421905,1.4428514128825896,0,70.37837288968319,10.0,0,0
67,0,佐賀県,22.580311428016234,105.09229828330642,37.73553300389872,36.64458702189986,7.22320955473726,0,85.42376040701062,10.0,0,0
67,0,愛知県,25.98930002632727,111.88428680533175,60.53737502549271,41.38867908719872,21.720697052005054,1,122.9992490404469,7.253210236523666,1,0
68,1,大阪府,28.837286170111774,137.22066164382198,33.742846621635664,41.74962114019579,6.497689962864754,0,62.36564684725008,10.0,0,0
40,0,東京都,17.003310059854428,100.69421885151199,75.59508809850293,42.16905934886019,3.4885339019354413,0,83.94828844176894,10.0,0,0
66,0,東京都,24.241773635330418,123.25885081292562,81.89468537045164,42.02729636006743,38.94100319240279,0,97.54114624134037,10.0,0,0
50,0,兵庫県,24.456565798117193,123.41733269190459,89.20428061364791,56.362311795953765,31.538460975486917,0,94.19627095684046,10.0,0,0
67,0,千葉県,19.653313288644032,121.8449219876008,139.01554904276094,40.98922875447067,6.861451429630332,0,81.10645611456592,10.0,0,0
50,1,神奈川県,24.8274701554117,138.84170942567235,62.321760415165315,45.97710017369931,53.44839478427822,1,90.03888465515942,10.0,0,0
49,1,大阪府,19.264998569210697,125.18905069492968,27.393541700873364,41.854821484467976,10.94213730276607,0,100.74737896560343,10.0,0,0
49,1,大分県,20.28762157957928,106.9486642883695,114.95597339452057,40.23329998765762,10.405442061698304,0,88.18745110114583,10.0,0,0
57,1,千葉県,19.651937284161242,112.19014148464969,38.00078995436171,42.89367738359924,3.228869877468934,0,98.11079355163761,2.7130194971704986,1,0
52,0,青森県,21.127310384451267,136.00419304996694,180.48491786660347,42.72634984985397,21.217545645731473,0,97.22690135140193,10.0,0,0
45,1,三重県,21.75400525311242,135.54549747607027,38.20976269664658,40.096163113153395,7.7590253090528405,0,75.87171382505632,2.566347754548118,0,1
70,1,東京都,24.567844786732998,141.67700570821665,62.412015632449766,42.25964428449515,12.66942908725036,0,89.52919318820285,10.0,0,0
40,0,愛知県,23.104103750264663,115.98889900911618,100.649835139656,57.98881736631171,14.155918601565356,0,78.50122800379249,10.0,0,0
51,0,千葉県,12.119044611078326,81.56270809618144,24.551635299493775,57.166154650025405,45.27167276487178,0,52.71443728161981,4.204736949029214,0,1
54,1,大阪府,21.43718294401767,125.97162642017942,29.86227147514572,61.80718077107785,7.225046086644731,0,109.78024409552107,10.0,0,0
51,1,愛媛県,18.833046147644495,106.71422227073131,47.33207945901136,73.38585705963737,18.201943496143834,0,74.15484436270636,10.0,0,0
57,0,兵庫県,28.844409354291994,140.741388668449,202.6710354575106,62.72604351425833,19.07794890686637,0,111.1661826851952,1.3988752370063393,1,0
59,0,大阪府,24.444365211098493,142.98378642154418,122.65689337392644,42.14357575918052,14.698821074132914,0,86.40116714610896,10.0,0,0
63,0,北海道,17.61269993308202,118.85790712025766,123.50596695253827,41.811248903852075,7.771320451682458,0,74.25454420277251,10.0,0,0
47,1,石川県,20.350689331679444,136.50563480944027,113.33979887483743,40.95042374925948,9.134145036625029,0,60.18271384025558,10.0,0,0
67,0,愛媛県,27.385341331648064,134.91131369728316,64.31065680730728,52.54798563850876,27.74145393656139,0,87.9949082724758,10.0,0,0
54,1,埼玉県,26.738054458598928,123.3720040191662,139.79299158138835,42.30019468998105,9.40186637549011,0,97.1303105103985,2.593586825977804,1,0
58,0,東京都,23.95079371290203,139.94211470397,62.461496925046575,41.31622462411158,12.707456174520964,0,103.09055161865928,10.0,0,0
43,1,茨城県,22.165633639323964,140.0292842013964,47.656495303902815,50.56930687638533,6.448531566914571,0,112.24433420380362,7.285934174679593,1,0
48,1,大阪府,21.283025813324837,124.65402584421817,38.896547124682876,40.20606941023179,7.656405878810334,1,112.59142107994757,10.0,0,0
58,0,大阪府,20.160959593714875,147.08455562549244,59.85389059642223,50.45241455399181,8.029332834897007,0,79.68560328740162,10.0,0,0
73,0,東京都,18.399602127280186,149.07746344960762,23.131042088921728,46.348035183141825,0.6902443035424932,0,76.90762723384377,10.0,0,0
47,0,大阪府,21.224244876699476,131.20661737956675,99.29195296386968,41.85053707003229,6.11063676877872,0,98.9330338980867,10.0,0,0
40,1,大阪府,22.59086654258881,105.28385181250611,53.63538193792031,42.2293729299227,3.9981751446613005,1,70.34132243238338,2.1929478355011485,0,1
73,1,和歌山県,24.520013449950962,131.64819778841795,83.2432310745678,54.45320012127565,11.005346012440846,0,106.56891452405915,10.0,0,0
60,0,福岡県,26.497488285967915,140.88873513433302,108.24476694117118,43.887183564167195,4.05811053391546,0,82.78417736820258,10.0,0,0
43,0,大阪府,26.915246468927684,136.27820176627813,194.34976886450468,60.464306088250126,22.415650586130006,0,97.08199677754946,10.0,0,0
62,0,大阪府,25.247973763066053,117.13703321318808,274.17808745213114,58.74751646388186,16.03003690043602,1,90.1051655325372,10.0,0,0
71,1,大阪府,22.337124824720355,114.08823649336098,267.3674368913264,51.62004385339087,26.03748937183036,0,105.95239018579522,10.0,0,0
68,0,静岡県,28.214570154085486,120.72130536832313,66.32170616015425,43.988003708755556,16.311371331277467,0,92.10665531084993,1.0351165267780034,1,0
60,1,大阪府,25.750111668379226,122.09738358182136,45.5133975531388,41.48782800751821,13.943775824214756,0,92.7926459769223,10.0,0,0
58,1,新潟県,30.517894433799068,133.47365850942793,64.99722608049905,52.547478907226214,17.209189355762636,0,109.80232952054796,10.0,0,0
50,0,新潟県,16.553578153408335,129.76466968271836,179.92231580351822,40.33901474748711,18.469279440107147,0,81.93535978049077,10.0,0,0
69,1,京都府,16.765666020484627,145.6830627173629,60.52266660774743,41.85047484631551,8.058294452942668,1,105.89231100481375,10.0,0,0
71,1,福岡県,21.194612404031457,104.27769314465415,12.514692853353639,42.186108136278776,3.038075719557512,0,76.69725878920832,10.0,0,0
64,0,千葉県,21.187127625017194,126.4151790316348,171.37901323715406,56.0516953055077,20.162255930436558,0,102.98195179464585,10.0,0,0
73,0,奈良県,19.901452934082666,105.81043325601678,68.35343921114368,41.22116208164198,13.492930246744471,0,88.91385325053551,10.0,0,0
44,0,山形県,14.088035372951422,92.65540098469631,39.18236926283998,41.53892701764132,4.237144231565975,0,74.0472920274778,10.0,0,0
59,0,大阪府,27.729018873897843,145.65293096047264,138.72216718902132,53.726944204221304,21.369953716735107,0,75.33819699160487,10.0,0,0
40,0,大阪府,27.511656787911498,129.2860532270186,78.18114159963227,52.60594231421954,55.43632408575455,0,91.9054980467715,10.0,0,0
42,1,福井県,27.312043802412568,151.28686171528034,55.61805955467517,41.46303602803935,18.772184029610695,0,114.93346618788358,10.0,0,0
55,1,奈良県,28.519276876063298,120.18016180905948,84.06201557294042,58.098117002504424,8.312196625903605,1,110.3962760022987,2.4776400248998964,1,0
53,1,大阪府,22.177085073384042,116.06148248659534,56.99786634244042,60.854909959623264,7.221764793983713,0,96.41612041402611,10.0,0,0
67,1,神奈川県,26.492362230774553,89.31508752751229,208.19116969665598,47.25637084774799,9.538549466386069,0,125.52943892399814,10.0,0,0
48,0,愛媛県,23.457772086664335,136.12173575092945,156.50601036476738,58.40780677463617,13.865492735049488,0,78.83279368068648,7.752651697228755,0,1
73,0,愛知県,26.781360535066874,160.07380897122695,60.81330090167084,41.08561029768121,16.775542776529758,0,111.90326991712256,8.600488150858132,1,0
45,0,愛知県,21.805318302530765,151.13023190342113,129.64100476451614,45.8306275485152,37.845487827651766,0,120.33696906945111,10.0,0,0
55,0,和歌山県,23.845155826708453,133.41501804708344,32.78758840865796,41.601602480433044,8.144951370126552,0,94.98174699637731,2.9682000049197823,0,1
66,1,和歌山県,28.054771103956963,119.1770317331125,51.03267967177738,40.96908723597518,15.743777845565306,1,91.24628147960946,10.0,0,0
73,0,茨城県,27.085378853059233,128.60430918225293,98.50152187200337,55.527098167670246,6.873081956324293,0,86.83638213603645,10.0,0,0
52,1,大阪府,25.36949807772319,134.67017818222396,163.49085110945944,55.54782716918133,33.09499032294458,1,120.5673159614166,1.8250082242564911,1,0
71,1,兵庫県,13.006624996294786,130.39973143176735,23.097735257419036,39.54205121629043,7.306126969386536,0,75.2396699903533,10.0,0,0
45,1,福島県,23.759880886706494,103.68043227941632,103.1354770069074,54.192047022749094,30.73218394116507,0,81.34815665953845,10.0,0,0
40,0,神奈川県,24.146538179333138,142.58055678410895,58.456986661243114,56.566052540193944,9.62830366469463,0,75.34201001673645,10.0,0,0
47,0,群馬県,28.084420104677324,119.23043839754958,106.90913323642786,41.74718257336515,8.237726671292007,0,66.21494752945111,10.0,0,0
43,1,群馬県,22.912091328495976,125.0190336526708,191.90292487431643,54.382219933718154,54.743316080813905,0,77.53356578933197,10.0,0,0
47,1,東京都,26.596924395136874,121.0838327809893,58.76333095129207,45.931435974849954,27.72587770423094,0,113.15749825301927,4.389414725984783,0,1
65,1,佐賀県,21.401061191244242,112.87629449283095,69.33159296519753,61.145400166272566,11.205877555819015,0,77.45192172102904,10.0,0,0
43,1,大阪府,17.86840181308133,115.35506527851089,11.852399861041903,57.28163450013111,2.4801052786445497,0,65.2430156535459,10.0,0,0
74,0,兵庫県,28.529794855364408,147.82290818628604,105.06394954984096,41.365946822754324,12.628907688945677,0,97.07987977642867,10.0,0,0
48,0,兵庫県,24.148528675298092,136.08045474438345,69.70551956117079,42.16297172129262,14.424408414931166,0,91.47085105676281,10.0,0,0
45,0,神奈川県,24.81526997451199,107.71564934305768,113.4117571011438,41.9576493503042,13.851298415837444,0,75.27144242302924,10.0,0,0
66,1,山口県,28.836440826261427,143.95562335003248,163.54787084859456,40.1550210974436,22.616955660140636,0,109.76673107895873,10.0,0,0
49,0,大阪府,14.783599257009291,75.43995351340787,61.37835404116374,40.70361840748967,3.8693906845404435,0,68.49947718285628,10.0,0,0
47,0,大阪府,25.17865069572958,139.24055507825136,83.49645461320982,41.56402052247529,18.194181659766244,1,124.51207467772642,5.516560440153845,1,0
63,1,東京都,27.26486198122872,142.99987469868506,133.02155829702895,41.20607430516463,10.622604017925049,0,79.01561377166102,10.0,0,0
52,1,千葉県,27.085126108655317,144.64931109465235,27.350490366507596,71.96094539193739,16.104257822352235,0,94.95299441369147,10.0,0,0
69,0,東京都,20.102479524165968,122.71009471540691,75.78391824378258,41.95192186832057,24.315407213430152,0,100.31653807277844,10.0,0,0
40,0,大阪府,25.15103442620393,122.31591803749983,77.24399652906747,74.36490101910661,40.04183953820931,0,103.03634292660855,2.2410744169951946,0,1
49,0,東京都,29.306419484756834,130.1832791301052,31.702848200114246,41.48700183529586,11.107893007422858,1,79.6720649301285,3.811489056582013,1,0
58,1,大阪府,20.377612480245137,109.38560903063156,96.77162505749554,42.33515754597585,37.28292690280928,0,117.94862674413572,3.814680235350464,1,0
43,1,大阪府,25.410466441020688,134.8234489312629,84.38356475191915,41.72699720392531,15.525324466231494,1,76.75872705626908,10.0,0,0
60,0,長崎県,21.185514166565678,106.2658741951135,155.41566255321777,42.16971933238248,24.28340534565823,0,97.0303421873769,10.0,0,0
52,0,沖縄県,17.261698411799316,126.90889854779218,49.05794591416906,46.22503578205231,1.360873869204778,0,75.86571766217068,10.0,0,0
44,1,愛媛県,26.71203240912762,123.43735356245993,28.524202764829322,41.6698588746418,3.159798468580393,0,84.63726429896907,10.0,0,0
62,1,大阪府,24.078847916530403,133.29942470968336,40.1535985259735,41.46220190478996,5.791054852154842,0,88.1196999510349,10.0,0,0
41,1,神奈川県,21.550072554372207,103.51731695363914,34.831427806999955,51.794380136004314,15.866336918598597,0,86.42222848779839,10.0,0,0
47,1,大阪府,27.084978869853497,130.965459248285,103.1059534724677,47.501815316958705,11.961674403766905,0,77.50488882842643,10.0,0,0
73,0,大阪府,25.250045263287333,140.32064425144492,58.62151724918862,63.77661940083527,25.326160356699283,0,76.24409438967426,10.0,0,0
52,1,大阪府,24.7574492143063,112.13717126118686,110.57436474431337,41.04539744896525,10.614525073936486,0,75.16480810546712,10.0,0,0
47,1,大阪府,29.59563041753594,126.0891884602277,275.6260794622373,41.58652603970146,62.17811769217392,1,89.79964221831641,10.0,0,0
63,0,大阪府,16.358484664803065,145.64635085588694,78.03078501593707,49.26151237532224,1.6521205627438031,0,112.3350051029375,10.0,0,0
73,0,熊本県,22.098446961377697,140.20560987838778,95.98070899178751,41.662629067226696,16.041772837282288,0,111.17550609661224,10.0,0,0
56,1,千葉県,28.216006433914178,150.34676047069067,113.81596589128429,60.40115913647671,56.36615966199706,1,109.87135684270189,10.0,0,0
57,1,大阪府,21.87516586044088,97.57728836082961,181.64048681781983,41.00098698305398,31.187784994130382,0,75.2391873916671,10.0,0,0
52,0,大阪府,25.017983984532705,143.93442151332772,103.79263396762406,49.99312766395671,29.973374790167128,1,103.18335867749069,10.0,0,0
53,1,栃木県,22.56166345383168,124.60676714410378,29.999023723630064,41.84829816319404,5.335077293664415,0,78.32880414710561,10.0,0,0
46,0,神奈川県,27.457677914876736,124.60085788169782,31.960594229316627,64.95878051908754,14.730204899166036,0,75.3411532650769,10.0,0,0
48,0,富山県,24.224024600723748,97.74632837822735,46.79269816826762,53.63199880636762,11.680644590191145,0,97.74101203202748,10.0,0,0
74,0,大阪府,21.211463630612005,136.37919152818662,182.0260599668209,41.81340132896825,24.52238539255766,0,67.25056742780328,10.0,0,0
74,0,千葉県,23.222094143650704,143.06966883433824,71.84303059847207,68.70665778128271,14.447661452335051,0,84.47207488104145,10.0,0,0
67,0,静岡県,18.900601254698056,123.40384771879725,106.65579355068786,41.79479749726777,19.464574460398573,0,104.22977930249834,10.0,0,0
56,0,兵庫県,26.287300573072148,123.1482400689745,58.3169996465566,60.767982530646655,25.319755561667,0,97.75403360299975,10.0,0,0
59,0,大阪府,21.36063154742903,80.06767628940455,186.49343999956267,42.5530747031423,14.391375221347543,0,89.25023252867695,10.0,0,0
68,0,大阪府,18.132934644264758,115.50163887468248,60.55099489153862,43.572609906058396,9.821135703289038,0,89.65750989773221,10.0,0,0
66,1,大阪府,24.25774831442248,157.86146994826765,137.78376645692117,52.4813845792122,33.54360255181586,0,98.72461900671712,2.9618724225240456,0,1
50,0,兵庫県,25.755117770381727,127.8954519666959,36.48814280648936,50.30522466151477,3.09451526004967,0,78.4602691133053,10.0,0,0
45,0,青森県,22.889954769370053,125.0171353938593,19.984577450516298,41.199517835978966,3.0031632685248613,0,84.46554790417963,10.0,0,0
45,1,愛知県,21.813908618527833,111.02669034153682,29.349013027138437,51.31950930577722,17.84774816441613,0,88.93283604513225,9.406538492710675,0,1
66,1,宮崎県,27.2951452657541,133.4006594942069,99.37230097249233,65.64092364471757,46.947141217403775,0,125.85999189447706,3.3419623506113942,1,0
48,1,大阪府,17.344282518086487,108.04787559847621,21.076310606657174,46.80943677125291,2.362833301823512,0,76.51459840143471,10.0,0,0
54,1,愛知県,20.288637923979767,136.57954287980903,37.435030795947306,42.8263181509447,1.3431596293745909,0,95.31207982580142,10.0,0,0
59,1,神奈川県,25.57023030978354,140.94927602103533,96.99698208932264,47.268472709593176,37.55598302418384,0,103.09908590750766,10.0,0,0
40,1,北海道,28.34008873270396,129.72208962104048,175.10743086138993,51.21391310621289,22.272798554972763,0,79.97679035091289,10.0,0,0
47,1,東京都,32.334135320857335,139.02883276915892,185.82886579049506,42.533481537873584,31.221045412323342,0,99.05674020986244,10.0,0,0
48,1,大阪府,19.956983594126896,119.82858792004359,62.92675171620192,41.778137558336354,25.96661371267158,0,98.21054428255675,10.0,0,0
51,1,千葉県,22.427298250697177,115.01822792635899,75.95666066985557,58.32156177146367,12.440752816380952,0,123.98261677747838,10.0,0,0
52,0,大阪府,23.43359715546677,121.10526791972637,56.8083248019379,54.10173871186999,62.37878865550287,1,112.15907336357041,10.0,0,0
68,0,大阪府,22.476796298698066,159.35260510975817,78.48185395186573,43.610806277161494,32.32964487494414,0,108.33814439044474,2.822729594504274,1,0
57,0,大阪府,17.427862602585957,95.76017028214352,106.46013045333139,42.50726982858247,31.97747479677612,0,89.79030675963642,10.0,0,0
58,1,北海道,23.853479617864483,126.39182557511963,84.35362885752133,42.10743828880604,11.295337932049762,1,101.49724760418465,10.0,0,0
62,0,長野県,24.08742662898912,133.48359721055527,102.23310259405925,60.58348834570818,10.69937607558943,0,71.45979875621249,10.0,0,0
72,1,山梨県,21.82501591085053,124.01315362617237,79.12536696295805,42.17092563385983,33.44413901842667,0,81.35047931467861,10.0,0,0
40,1,大阪府,23.19316353937092,133.56484565846438,134.54150784449612,43.60696227590051,10.091573571098536,0,69.68464615272427,10.0,0,0
58,0,広島県,26.90854336704077,118.57058845803084,352.46474987390286,42.5526483670489,26.063524570014266,1,94.34729179943076,10.0,0,0
69,1,宮崎県,18.132941143983746,119.61691123678698,51.25016411067914,46.308079698322096,9.509064804882076,0,95.23798875265733,10.0,0,0
40,0,大阪府,23.375227953910624,121.08421523461601,32.70956412698406,42.43482793749881,16.12492089361188,0,67.19813564394131,10.0,0,0
51,0,東京都,23.706527938978724,121.38272417192407,269.25118616905036,43.140810077374184,22.01179994440658,0,91.47379539731445,10.0,0,0
67,0,神奈川県,28.082633443025767,155.51615949317258,173.50739087382848,41.85086824393642,8.275471361053384,0,91.82143115821751,2.6448430966093843,1,0
73,0,奈良県,23.452033751434776,136.94276848786313,223.97917223794582,42.01791444086171,18.40646247941023,1,80.47887173483645,10.0,0,0
44,0,大阪府,20.866898700865377,97.7257713919339,36.218297095469204,47.25830569402291,4.7227892393968345,0,60.09462353667902,10.0,0,0
51,0,大阪府,22.445615970136775,112.54117989912638,76.8761064821179,41.720413975782016,9.662881818348643,0,93.10433994243436,10.0,0,0
52,1,東京都,18.260061993221434,108.32746802325812,157.68219742624848,46.87542047777478,37.463347630946835,0,97.45398047057431,10.0,0,0
61,0,茨城県,26.539013224819836,115.9599128615332,158.4904746768723,41.68607390794611,66.12044660052932,0,95.65284686628226,10.0,0,0
71,0,熊本県,23.885545403256046,151.2953577535308,56.60612546663663,41.252020857069894,13.045361341769453,0,118.4368502134958,6.631221048917467,0,1
50,1,大阪府,23.118865811552297,122.58729330337881,44.56236403665368,53.78700832043805,4.205399460162939,0,87.53449444085884,10.0,0,0
58,1,大阪府,25.151216279586283,133.52831949186245,37.08372567381143,39.3339603580516,5.812948358217365,0,82.75611724083525,10.0,0,0
44,1,埼玉県,24.64253800168421,106.48279060003097,52.45604200715723,43.53691695557805,28.433407210134614,0,87.4806833880036,10.0,0,0
45,1,大阪府,25.235081991055708,143.77654268472534,100.07342716864495,42.53477227807988,56.44640513173775,1,98.80606145335526,2.59425427310272,1,0
45,1,大阪府,23.555307326360545,114.18671352580327,35.03438113405732,46.80781024058,5.902360365492275,1,88.80325401825303,10.0,0,0
42,0,大阪府,29.972212982666033,120.91678043797877,158.1670322409773,69.06786521529618,52.04969483820495,0,87.73251059676554,10.0,0,0
51,0,大阪府,22.38713408158582,133.1380822690025,90.06841273040617,47.304826809238484,30.116780768281398,0,68.36037756210678,10.0,0,0
62,1,大阪府,26.54325056770827,139.09794089994745,113.15611461060838,53.51901846889439,26.03761462425646,0,118.57662412436513,10.0,0,0
40,0,愛媛県,21.198319642232715,103.89958448672455,183.63430073392715,46.84570699893864,12.07425252466915,0,75.40596840830608,10.0,0,0
72,0,三重県,25.38180525049976,119.21810997714594,69.17102808365458,52.47942847547344,9.655656338693202,0,91.15914880158287,1.8397949404031413,0,1
62,0,熊本県,21.540016139623688,124.11097323993903,52.646854088082044,40.40451672538953,6.148767140043133,0,95.59417326557235,10.0,0,0
49,0,北海道,19.643249235135332,134.32672525354388,37.26490906912638,42.170845422077825,4.676800749507994,0,100.95076849799385,10.0,0,0
49,0,大阪府,25.989345491274907,135.12740140180193,149.75793518535554,41.49005879876477,23.900958386678177,0,115.20659602380807,10.0,0,0
55,0,福岡県,21.597279484203682,86.38818618936132,21.73940258198893,47.517105714466055,3.3258153260944647,1,77.30867528099111,10.0,0,0
47,0,大阪府,13.657639350886539,84.66262799410332,23.104748313844595,42.83526551029407,3.259512329977291,0,78.87891003015493,10.0,0,0
54,1,大阪府,24.32812813374737,144.28597315602724,115.3210620776919,41.54102918476917,15.26750077535467,1,94.17729241866626,7.521067684252701,0,1
59,1,大阪府,28.188088317097368,153.08308092433145,159.14490382159966,50.222660110535074,25.901227784441854,1,112.04552245286872,3.827895621098305,1,0
54,0,奈良県,26.493581670659974,117.38900997198714,58.969737937268896,42.23074641285232,20.247323126874843,1,72.24992124801841,10.0,0,0
69,1,山口県,18.738521865993867,133.76559026833093,19.08166356525709,40.68730233167806,7.644844709557562,0,99.83537595326044,10.0,0,0
51,1,宮崎県,22.984912558911162,93.20849312694837,85.30405679104946,41.51936796102492,8.245275700225703,1,87.55105525773432,10.0,0,0
70,0,大阪府,20.45446595812104,146.65119207933566,98.9075326035826,54.72816877773578,15.99156350674369,0,124.15225510964336,10.0,0,0
58,1,愛知県,20.47613157066375,105.79173786441936,37.50046617132636,38.42500576468753,2.5499541584670187,0,74.44373689775476,10.0,0,0
49,0,大阪府,23.463795025509253,99.58267263140553,95.24608343077081,42.82737806951603,29.465259394401095,0,77.41841944019318,10.0,0,0
46,0,香川県,25.19343413084731,105.1536626904617,62.39804745902305,48.649255685953825,13.982837758261427,0,88.22461316381911,8.577848129089466,0,1
49,0,東京都,22.130299680461157,145.97744561168318,73.56084857673184,41.65422684918619,21.756093005786635,0,93.82111613851048,10.0,0,0
67,1,埼玉県,22.50616161232048,125.63364252618456,68.89802096139519,41.39418594251785,10.865582206390384,0,87.68917566194041,10.0,0,0
71,1,東京都,25.12398401661812,106.7242124820231,43.98718369905612,49.961169715739196,16.15190210035043,1,93.28133058449488,10.0,0,0
43,0,大阪府,23.69583670994681,126.90416665155034,52.587306391214206,41.1678278432327,12.713970252863222,0,75.38040252766999,10.0,0,0
50,0,北海道,19.09603546591905,113.20016271745465,21.977672284800978,42.32806278322192,5.264363866248644,0,73.31654636319455,10.0,0,0
70,0,愛知県,23.161750939595386,146.29356327384778,48.424619165750066,41.32128440940665,7.21565574085517,0,98.39075511872139,10.0,0,0
43,1,大阪府,27.271254413911194,117.65023793486922,69.46206019544904,62.0257359402554,2.761130974182424,0,110.63195143875559,10.0,0,0
68,1,岡山県,24.430346651309762,140.0524707597652,47.595281543573286,63.4335474347808,55.17323237184067,0,100.38181092221748,10.0,0,0
72,0,鹿児島県,24.910533396375687,129.21189384480704,217.1086884776997,58.07019470220182,34.69568506197449,0,93.4523721713346,0.2516627174036114,1,0
72,0,埼玉県,20.506791314090005,122.4925086866297,26.056919661618565,53.90495381095479,18.952394181464136,0,88.9618208529955,10.0,0,0
56,1,鹿児島県,17.406941341784655,100.64909965467261,83.51971417110671,41.482920248481875,8.818562106805192,0,69.69045343257696,10.0,0,0
41,1,大阪府,24.43429100837625,147.9468273384538,46.28984130669155,41.822758656888176,5.951030402321773,0,79.8892470935619,1.1597583853288507,1,0
43,1,大阪府,20.2942829147153,118.59377871995501,19.031021088195004,42.54088826236393,15.930966577864838,0,85.44668763730029,10.0,0,0
68,1,東京都,25.57016938190465,118.70880278791728,215.16463330160926,41.59602382771855,19.25470443308374,1,69.32906167516242,10.0,0,0
40,0,大阪府,21.874978468303407,91.77352438764902,26.617501768341786,42.17537161862765,3.3280370865596387,0,76.13677923149316,10.0,0,0
57,0,岩手県,21.018292630811793,132.88216956785723,99.70815260324619,42.55033847708489,20.116617610721406,0,110.69110529264228,7.762573535538426,0,1
62,1,大阪府,17.20895698022554,100.87909293805653,50.15878553187492,41.621952932366106,4.860508177530037,0,63.24869487603023,10.0,0,0
45,1,広島県,22.634366253877687,116.59294388936351,67.55453765136123,40.77402167154805,2.2989362934583073,0,112.77770383381291,10.0,0,0
63,0,東京都,18.55216997461186,132.2386788855308,40.09624166400231,56.83123606600627,4.306582332988141,0,85.43954366490206,10.0,0,0
40,1,茨城県,20.71926004684139,109.74519293618363,64.5209514814477,42.1904333339416,8.138034924545375,0,81.28190790392277,4.85666996639329,0,1
50,1,長崎県,19.902439110640767,116.30399159730524,23.341718220206484,41.66363672805655,16.077679392675158,0,74.47652113848014,10.0,0,0
51,0,大阪府,25.35807597030148,119.19097818357315,122.74293688742264,43.04668381500061,18.710935283844837,0,88.30188146080347,9.527661147052525,1,0
65,1,兵庫県,28.900101401589847,142.19960077662225,101.55355013468268,42.83915758820441,13.349417860076684,0,101.70738869498783,10.0,0,0
44,0,千葉県,15.886488125541385,140.47798038417235,110.45768509184295,41.61815467786756,19.990561731184282,1,93.70959193255341,10.0,0,0
74,1,北海道,15.898057797284414,136.23592551968886,72.09547950619381,40.947196080441216,5.061255581686886,0,77.28406205150549,10.0,0,0
54,1,静岡県,14.001264644712885,115.09260691118064,61.73264671381441,41.419759420092646,7.62956022688344,0,66.77851142862602,10.0,0,0
46,1,青森県,27.449439190999758,129.74921158249256,159.24182508588683,50.66555171794922,43.21706192349879,0,97.56118964063245,10.0,0,0
45,0,神奈川県,26.2529024449944,118.87927103108599,543.576764568281,40.37746577550576,12.186699781022902,0,92.00913615844695,10.0,0,0
67,1,岐阜県,17.933241463553024,136.37348486341725,240.90861073125242,41.03921078072003,4.127243257582994,0,118.45337363094629,6.782990534243457,1,0
50,0,大阪府,21.76865521120178,115.80356752482491,102.27033161215653,42.231530643242245,10.131714492375561,0,75.28969388052914,10.0,0,0
46,1,広島県,22.51637991186341,132.15301347183808,102.25847046093118,41.78486513709326,21.339963289131703,0,95.90844035595698,10.0,0,0
67,0,東京都,27.570906349510523,128.83537223320593,210.6469199097313,40.648175620417504,6.502598547039026,0,89.66241147039429,10.0,0,0
46,0,大阪府,19.158091597580647,108.64992888982003,86.01654010711545,49.88420209845183,13.803227319874164,0,60.392022772499864,10.0,0,0
58,1,大阪府,28.47026819017564,150.51505417756013,107.6530044277443,40.94013974460645,23.22070563408647,1,99.17361004099719,9.208024154336753,0,1
66,0,神奈川県,16.599241818106208,129.15448374217974,81.44139436253812,67.94227199072786,17.971998741072518,0,90.17260575857584,10.0,0,0
43,0,静岡県,20.382844189410584,128.33097578742945,20.838942451716303,45.18772618865689,1.7581967488037626,0,86.94547972830777,10.0,0,0
49,0,東京都,23.601421045162052,126.37288481783104,39.898461631759226,56.618088234076644,12.960588147698786,0,94.29981941554274,10.0,0,0
65,0,滋賀県,22.57869417480053,105.35333550895163,37.088430603192144,53.799072843022905,8.066746036022883,0,112.34082019136775,10.0,0,0
54,0,大阪府,20.02224264057904,87.27927323719129,98.67954908885223,41.17519424519814,21.1138034311906,0,75.83430452651157,10.0,0,0
51,1,大阪府,26.638353232665587,115.6835476371396,69.0334927659488,52.233162150718655,30.10559663629926,1,89.82129862134957,6.660386130220716,1,0
66,0,岐阜県,22.40682987450874,121.70791705417419,113.33388874752158,40.76323939706898,15.946903734890931,0,121.80923652607848,10.0,0,0
48,0,群馬県,23.613844370316446,125.51326906679661,179.89512809091752,60.37975769465223,18.25384284075819,1,103.23831927821993,10.0,0,0
48,0,北海道,27.898534898376372,145.43023829848224,68.15992598971816,42.007356946317934,14.448450074567244,0,119.90465090890542,10.0,0,0
41,1,岐阜県,17.902577370196145,85.81028030934735,75.79795018956908,40.424500933456585,10.997569908316384,0,78.33940152785682,10.0,0,0
51,0,大阪府,22.747481495496764,111.01439237528649,193.215599295608,50.34508041361671,13.412139258582028,1,110.89988429605253,10.0,0,0
44,1,大阪府,25.005179378294283,126.75487991174342,85.27039770187567,41.8226789313292,4.842584633364347,1,87.86407108638275,10.0,0,0
54,0,東京都,26.708906417887473,134.5394413740965,65.7473196618378,41.4478428579162,19.647988089515827,0,86.83701732848755,10.0,0,0
56,0,福井県,17.264900019435704,116.33348749225236,114.19588547997238,54.60460716110938,7.8155545392341015,1,93.96478130651641,10.0,0,0
63,0,愛知県,27.894400019781802,119.9928866956169,150.90952609028258,49.54099609159979,53.39005908621268,0,62.02139393359543,10.0,0,0
43,0,東京都,26.91014479231569,130.95197170488615,56.77706721943985,55.436124021646705,37.27604734241961,0,89.7827626750415,10.0,0,0
50,0,大阪府,24.942501990073776,119.07401981460282,39.836385411695254,41.915921282482486,51.86353139967187,1,69.3269733728978,10.0,0,0
58,1,京都府,22.506204836416334,111.01222777916247,44.01400243174904,55.51123687467579,21.668749361821362,1,97.19940871297563,8.376816101074256,1,0
56,1,埼玉県,24.85777363657277,123.72292038637893,65.42535419820918,40.78293855277361,5.26426813448619,1,95.05122529084822,10.0,0,0
71,0,東京都,17.3757864896029,121.03211817452163,123.8012021227366,41.08564468779897,29.821050811260253,0,67.70659757132374,10.0,0,0
61,1,大阪府,20.98751787047663,115.64914827405562,154.06607539649082,62.72412685284744,8.04342862439243,0,109.23637875362157,10.0,0,0
52,0,岡山県,27.218926874111002,145.22339526847534,108.15468458309972,50.70864406665835,37.55123362195382,0,98.0824000353088,10.0,0,0
59,1,大阪府,27.7062848613844,128.28383203444656,115.10425905322214,40.65590840483457,44.857358268728,0,86.26571207060833,10.0,0,0
72,1,大阪府,28.05436863947453,159.65845196519987,124.41109388781027,53.184754544405344,17.66157404767847,0,124.93680247310375,10.0,0,0
44,0,東京都,25.25891574151849,131.18050252809005,89.86878723393369,64.67654161295384,13.365275156667945,0,101.23403267811689,10.0,0,0
56,0,長野県,23.397431889957193,119.82161519688887,81.14431331382177,41.38557661798974,14.36166172960317,1,90.03161335129467,10.0,0,0
40,0,大阪府,28.689008516089604,132.14683997568915,63.14929566487891,50.91346078494029,16.888334496412394,0,84.85390762822479,10.0,0,0
49,0,福岡県,27.084314691385273,115.46154423158953,164.45797367021527,42.071995547602484,11.258188267246556,0,77.83644345998891,10.0,0,0
58,1,神奈川県,22.90411682130766,121.17294850014072,232.52329757975116,41.57223359579774,21.231093137773552,0,83.02969135523382,10.0,0,0
53,0,佐賀県,27.790299798468908,140.26047690313362,88.74373453177868,55.522010478654934,18.20464442010282,0,93.39904335867601,10.0,0,0
42,0,大阪府,27.456698251130437,119.29168106748882,352.4629087114126,42.14767997264417,36.7533212727659,0,92.94794500027027,10.0,0,0
58,0,大阪府,25.68783675942886,126.68752147888065,121.8251602933612,41.364452363702796,39.46392868102332,1,64.34087639975431,10.0,0,0
42,0,茨城県,23.978091122546513,109.51228346531117,199.64136290670936,47.45772688843417,57.59459093895548,0,85.08034711390573,10.0,0,0
63,1,神奈川県,25.615832829028374,139.61705290957252,194.34029860621382,42.107414957367006,48.731900095291394,0,102.2477058569883,4.717882963140047,1,0
40,1,東京都,25.449868374902966,150.81853231689072,93.11243184194802,54.431867076641225,26.069291464413887,0,86.33095043736519,10.0,0,0
60,1,大阪府,22.445588271932003,117.01470351876561,85.60268049883142,42.11915340461284,31.143761496228304,0,112.0261263393007,10.0,0,0
71,1,埼玉県,30.238682188876222,139.96565915350885,69.2076641380494,40.616208636619376,15.663169291264225,1,94.4080101994342,10.0,0,0
51,1,新潟県,21.913576639679835,96.20943489842408,51.028223974187824,49.4760245742041,6.784540496516978,0,72.59460126694297,10.0,0,0
56,0,埼玉県,22.781446144578336,113.77489194369659,64.64506619108118,66.24358020911662,15.526008194057725,0,111.43107695485456,10.0,0,0
45,1,群馬県,24.942825181707267,149.07569719365185,61.79010597211357,41.79516522146006,22.618261815758594,0,102.94652234094897,10.0,0,0
47,0,大阪府,22.15430501600329,124.8729316735017,85.44588170781795,41.852094364288085,16.298201417472573,0,113.12144545120252,10.0,0,0
68,0,神奈川県,29.183513528576004,141.86328871355377,65.58742857266803,40.49425891600788,4.93974306878566,1,89.45989997824574,3.891920841976855,0,1
52,0,広島県,22.17248369514153,140.31436799030405,107.22110143202516,42.10962268698785,13.781621491557246,1,102.58032862104768,10.0,0,0
63,0,千葉県,20.38001002074671,128.5151943125814,112.18402695973977,42.22017650008551,8.832322327252031,0,98.11049392960099,10.0,0,0
66,1,千葉県,19.69006048388725,101.36158137765139,113.28936254268116,41.97686530163849,36.10163404901472,0,89.9219105115809,10.0,0,0
65,0,香川県,27.731498907900562,129.89741362423783,61.81023831181117,42.313091890280106,15.096214967804052,0,98.6327059077669,8.419176003055373,1,0
68,1,静岡県,21.764352295261904,116.20903285296752,231.98643821282477,53.476357450036936,18.19254077928808,0,73.6947589424878,10.0,0,0
65,0,兵庫県,19.186906202232848,133.79341145635297,189.86386518195036,41.252197833620606,15.911359593749076,0,95.16337070815597,10.0,0,0
67,1,岡山県,21.957482013653753,128.59092282470675,41.668513220514896,41.28960810626235,2.5216706024653965,0,90.92933507824837,1.029215561201715,1,0
69,1,大阪府,19.794097967905103,108.79560678498247,39.99953199717398,50.01971193451827,11.319659165425287,0,75.95981151153741,10.0,0,0
70,1,長崎県,28.897857586901356,160.5415045794908,179.9207275883207,71.4411969022454,172.17070069303833,0,89.1719186271436,10.0,0,0
73,0,大阪府,22.544017563880466,160.41932349806558,87.44190596251165,68.24181307049173,7.026832039784435,0,107.32652431107535,10.0,0,0
42,0,大阪府,19.02196175457078,115.14421479595951,85.40234369613995,42.82550511309567,45.381345545577375,1,92.9706429178286,10.0,0,0
74,0,岐阜県,20.237223530557312,149.4839919127687,47.02221821044686,49.485106059433384,7.6797382969821,0,124.31011241102476,10.0,0,0
48,0,東京都,14.116641642386274,132.3614568801348,25.93132898801854,41.745596501021225,6.782383863889588,0,89.83458242502795,10.0,0,0
70,0,東京都,22.035647089275848,97.85324073475223,109.16799313272983,68.51881778575631,23.676572365548562,0,120.13335094678668,10.0,0,0
43,0,岡山県,23.99233573745116,109.41220053771794,114.28305236080814,38.34711340566628,8.047174005393481,0,68.39959818156397,10.0,0,0
42,1,大阪府,20.305619891982946,93.91519445286715,56.57052461762932,50.565678746471164,16.920578896743923,1,77.96718968093612,10.0,0,0
71,1,大阪府,35.47584588962495,109.21735522659131,139.01657857886124,42.67729795337978,40.29434710920781,0,94.3918177475047,10.0,0,0
65,0,埼玉県,20.909030250481834,116.00849644126582,104.59816512197555,41.081200116400154,11.955661917648571,0,83.247983459919,10.0,0,0
48,0,長野県,23.48659671047797,122.39711485127813,40.17848726058958,61.21506173500186,29.375837636497465,0,80.23390143402847,10.0,0,0
44,1,神奈川県,28.672380229460774,120.45896505887424,41.59701842073655,41.19778317051727,43.538259387708315,0,93.71003641483101,6.847465609410135,1,0
52,1,熊本県,27.299208772368683,139.5215990867639,134.38007014467533,44.568060702553254,16.432626265388727,0,124.40200549873354,10.0,0,0
71,1,兵庫県,24.21664708008392,103.63064071609337,44.32292469826981,42.091404381087756,20.54700603629453,0,85.4392232304034,10.0,0,0
62,0,新潟県,28.20399968884007,135.2400847322274,114.5103780532678,41.447079456743865,25.86956298520892,0,101.37224280597277,10.0,0,0
68,0,東京都,19.71011007988011,138.49330359698686,31.46659603200757,41.486193490691775,10.116806023684829,1,97.13035865982555,10.0,0,0
69,0,熊本県,19.438027837809265,117.86769624334407,40.19398887171426,37.46256099721729,15.704024124725533,0,97.03310902567631,10.0,0,0
56,0,大分県,23.50749237152568,126.41508348433798,25.915070219621843,51.75234454333495,16.593700879190703,0,96.32708611425248,10.0,0,0
44,0,栃木県,29.4776690139867,140.34702741101677,109.76652991923982,41.562076228870126,52.99255734044468,0,112.9443235938447,10.0,0,0
59,1,福井県,25.819696286178413,130.25577136697646,66.61997885595216,41.08565106817802,8.83507948851714,0,95.31596248046529,10.0,0,0
59,0,大阪府,21.22044439651856,93.47111503142501,72.86129604444508,55.0530988445554,19.52490045854649,0,97.74819012499795,10.0,0,0
55,0,大阪府,22.443634015981605,175.86560382191792,99.74678955319293,42.838036332867276,34.64073368476854,0,108.39903323187193,10.0,0,0
72,0,鹿児島県,17.80505489629436,110.86260125795714,45.91467362475086,41.46440167348696,4.200219831504418,0,85.46645679947831,10.0,0,0
74,1,大阪府,23.243020939423538,169.16406840424133,217.12199297319205,39.883160863713954,14.802771801572469,0,66.45153502395948,10.0,0,0
72,1,大阪府,20.45663334885538,122.91722778047941,45.686501135742894,66.50089371856872,11.418805958349429,0,87.37346687815054,10.0,0,0
48,0,大阪府,26.921983652455314,132.89555385321958,39.3134520590257,42.61883212497694,51.79112698843314,0,76.4265354366396,10.0,0,0
55,0,大阪府,28.900673999598975,140.20508170450796,163.68052237294373,58.466430895456654,24.23393609126538,0,111.95206184764666,10.0,0,0
43,1,福島県,14.052932847755452,123.90384778846752,122.70122238255028,42.39854497454783,3.0234698054568954,0,69.33980307542281,10.0,0,0
74,0,大阪府,21.58208703265145,139.2432208096158,82.48803281353366,41.134938916385266,5.296849660613815,1,79.30592659643536,10.0,0,0
71,1,福島県,23.103488951366778,164.1318107367249,39.416816138144654,42.133902474690366,11.308469089713501,0,97.70887404367107,10.0,0,0
71,0,岐阜県,25.248028954008273,165.1819555914166,264.93028480263405,52.38157204428758,39.44928548131304,0,113.67128670093284,10.0,0,0
60,0,東京都,15.993304912224982,95.42900476273772,83.9562417244976,48.03497358781068,5.966173543746022,0,101.02681806994603,10.0,0,0
65,0,大阪府,22.760717782531987,124.85262205147947,138.91230420194807,40.700285292974556,17.63839762229719,0,116.93688876428982,10.0,0,0
41,0,大阪府,20.025514253181314,128.94221131906457,14.200344289229001,55.199430745935736,11.663211993104472,0,91.7382845275577,10.0,0,0
68,1,熊本県,21.69415617182596,96.25832702100132,62.10713790964796,41.324088226232305,6.462939528198923,1,91.05255027810938,10.0,0,0
64,1,兵庫県,22.209290100299324,105.18643632610934,99.82139391006329,41.31568700751779,19.55903743641081,0,77.27852803490207,10.0,0,0
59,0,福岡県,17.87894663270808,117.36711250824769,28.21572738788425,49.4842201605654,9.40658586069794,0,69.34742472371722,10.0,0,0
46,0,山梨県,24.77574409279884,118.69797816688025,81.6593898156199,42.45062229266432,2.838552165663339,0,76.35708843283993,10.0,0,0
59,1,大阪府,25.010504053209534,110.2012925329451,92.69745052543246,42.396702917551295,8.267258718623104,1,88.88572005783082,10.0,0,0
66,1,滋賀県,22.58891179468767,153.29046045143897,60.12719171721674,44.51796979831985,19.843686789044433,0,103.64606789990269,10.0,0,0
46,1,新潟県,30.515478005836414,135.2611649051399,144.02692245345668,41.77938424378147,148.8098592802318,0,92.11243356789896,7.413347763554203,1,0
50,1,大阪府,29.77959072273535,150.9322845482198,138.92245653187408,41.808981939230634,40.13552368436234,0,113.00637951993141,9.803748738954303,0,1
45,0,埼玉県,27.47743892946897,155.88157329226834,83.96304251812674,60.537816763866935,55.076020186517454,0,85.9768233616624,10.0,0,0
73,0,大阪府,17.07628393762132,111.7266693326717,43.988885600046956,41.26003380105732,12.437714441458132,0,80.96421685687427,10.0,0,0
45,0,兵庫県,20.12181797591501,97.81646445745378,19.08220051112099,42.392967592020796,33.550010406810785,0,82.78600995066859,10.0,0,0
44,0,大阪府,19.720899809834975,101.14030035284809,80.89239549346685,56.626610887074456,16.87510071523235,0,97.01210140855187,10.0,0,0
54,1,福岡県,19.155559041870454,133.35252734886166,55.57421438119991,41.79740678804965,4.425490439533033,0,69.27729999852876,10.0,0,0
70,1,愛知県,20.63894863670122,134.0618699270957,11.651433244555509,41.193913072459104,8.056041655754129,0,112.95440681771652,3.9091482268345548,1,0
67,0,愛知県,19.197219645878768,122.77252475387505,225.10898810042275,50.64977379037103,11.810078211532927,0,87.49510126099143,10.0,0,0
40,1,北海道,22.345016939727913,114.51628558702828,68.00735703172042,54.915121990181795,21.679580899905922,0,117.34656200887991,3.184041001951377,1,0
59,0,兵庫県,26.497319906112374,148.63399271897964,155.28136124488537,41.70719267536867,32.59620245604705,0,114.93750975968375,10.0,0,0
42,1,大阪府,24.55806058138159,129.06374095016182,41.3752098009522,61.664721706319625,13.241987406256182,0,99.13104250557554,10.0,0,0
50,0,滋賀県,16.748603546829,134.86206584409658,31.952990627508676,38.71212948615832,1.1843374269780813,1,75.26719010423582,10.0,0,0
63,1,茨城県,13.08269869367566,115.8188134879148,20.973485512405745,59.92267423079828,35.694129691774755,0,75.33332576178206,2.0745763956976035,0,1
40,1,大阪府,17.453861308557713,144.28949356731277,92.68924234175674,57.708198411945865,12.494686383998925,0,105.49655757578432,10.0,0,0
52,1,福岡県,20.980571760658407,134.616693736863,49.1396679917791,53.84204360073204,7.833526824972364,0,107.79924648169009,1.6088932473920594,1,0
46,0,大阪府,25.36536240456184,135.97307359185106,36.04083486287992,40.204476112660366,12.725450815405948,0,97.77078470421385,10.0,0,0
40,0,茨城県,22.396885701058725,133.57901898033322,276.00984322909494,58.43582390073434,58.03081593156515,0,96.31737408139699,4.834668381151462,0,1
41,0,大阪府,29.772156609989242,137.92000040872398,121.4275856685859,42.23080302721994,21.4061447178043,0,103.22286306719917,10.0,0,0
72,1,大阪府,21.43850077740137,141.7910276083748,97.84184685647965,41.33788153085,21.04364048380336,0,77.56869148604366,1.8048098317406047,0,1
46,1,静岡県,26.49034171418428,140.89424438341877,105.70427068699198,53.430628720618,29.280605592521063,1,94.10135741419118,10.0,0,0
59,1,福岡県,22.722022316831268,130.72561698902945,37.86760563187159,42.005875509906446,24.210792480996567,1,82.82375777869926,10.0,0,0
54,0,大阪府,24.16083173236147,133.33044781213124,78.11921191305306,50.739397933247,21.111545804180007,1,85.02057243617361,10.0,0,0
59,1,東京都,28.10233343064754,161.37849863312528,377.04208482278386,43.3355226519487,24.397186988939023,0,100.27878960419854,10.0,0,0
74,1,新潟県,26.788008939036867,183.45430462330896,127.34553495035583,53.79654937814801,35.670451550482774,0,91.82720057902866,10.0,0,0
50,1,山形県,18.35175368681351,154.3565465492439,37.929586605870455,41.26168623975645,7.909403581084298,1,88.20665906494567,10.0,0,0
54,1,大阪府,22.578390405615707,109.32225066635867,52.429470882302304,43.00571862440032,66.84685554431857,1,86.4153381338,10.0,0,0
41,0,北海道,21.4158110893025,115.54025347145719,57.80316228846883,53.32600801531063,16.97372969112338,0,67.14710971458076,10.0,0,0
73,1,大阪府,20.76904670049112,132.88688863197282,40.157745327645856,62.2255668531668,7.678691184030546,0,81.17607571285431,10.0,0,0
69,0,愛知県,16.75817797835686,108.34703252281997,24.517116441234556,41.37805668544324,7.853309761409706,0,86.4094866333078,10.0,0,0
54,0,大阪府,26.967072077694667,122.78487008519839,79.80272516339721,41.98895515204218,8.542700813971024,0,87.2470856445697,9.596307368061726,0,1
73,0,大阪府,18.132966048245144,120.00714529978441,81.28552082728724,57.26967368956111,8.656593452025703,0,101.52637022077916,10.0,0,0
46,0,愛媛県,28.890464176345812,137.51698458637208,61.51737290987781,41.94887239085861,9.73668004498017,1,80.78364668587332,10.0,0,0
44,0,愛知県,25.692250106708205,121.19209825443123,225.01461811442604,42.14774118195183,30.37228903467937,0,103.06343192927076,10.0,0,0
74,0,大阪府,24.510651337743564,165.4163918048693,49.60744352085266,41.61465918249772,4.837524449356514,0,85.40502818383752,10.0,0,0
46,0,大阪府,20.675046058485435,119.45761184933299,84.0586785964554,55.94384280579783,16.490174333308616,0,85.88852125905363,10.0,0,0
56,0,福島県,24.51164253116927,146.30220145356984,215.44047443598163,41.58540366400714,9.743456264148568,0,91.26077394194522,10.0,0,0
55,0,富山県,23.43309195834154,154.22879691106775,140.66197089492601,41.760678351840355,9.499038876058108,0,74.01995823060143,10.0,0,0
45,0,石川県,17.807321543928243,116.31272323971083,11.280463800776046,40.227161791623715,1.901551198123989,0,70.33765051606768,10.0,0,0
46,0,静岡県,21.171646815004067,112.25556519931783,149.96299258808338,41.431971199501305,4.246405780844181,0,79.69439596408232,10.0,0,0
69,1,大阪府,22.732773042842762,111.082559419567,50.528558444514104,41.80634729030478,9.2132100020808,0,88.15982806631341,10.0,0,0
44,1,大阪府,21.746350054805944,106.20622872418797,22.612590119300542,46.63026258038706,25.747764346184386,0,72.68576811227491,10.0,0,0
43,1,大阪府,21.958160060313567,118.69722410940872,52.707664170425296,41.82279886138253,27.253333309844127,0,84.64755398872661,10.0,0,0
68,1,大阪府,25.523984510139645,142.27502735030347,129.62754754523527,58.333390154082245,176.66824430890918,0,85.58426587553839,10.0,0,0
49,0,大阪府,23.839645854609284,113.05139553144278,49.55206781191776,41.63831153914204,7.476252180433503,0,88.23179255640133,10.0,0,0
65,0,大阪府,27.643244457566137,141.83410855375305,158.84705732367397,41.49800781342665,24.958906087458214,1,105.67434535720831,10.0,0,0
50,1,東京都,17.537228919729074,94.17498543907178,37.94909155790125,41.707947867893374,8.727021214818375,0,93.97331101850465,10.0,0,0
73,1,東京都,17.253098495088558,122.93279819050937,49.419470506386624,57.53903784782446,3.8558794802237464,0,91.78769383249126,10.0,0,0
42,0,神奈川県,23.555176664233393,123.39406468308151,38.40355476218676,48.83158442653638,55.03953949587265,0,108.32933678004773,10.0,0,0
63,1,茨城県,21.866622576967337,132.15129242409677,66.6229016280248,61.5644492604863,18.494137930577825,1,115.4482450285186,10.0,0,0
66,1,大阪府,14.711775971852092,98.5057647378696,169.6186363414706,52.67595206986941,3.3242926655712646,0,73.6957255418506,10.0,0,0
73,0,埼玉県,21.091558225449404,128.948069575421,46.29066062439636,43.16110335422557,11.676067493898335,1,96.36521986221925,10.0,0,0
48,0,東京都,16.766076583306383,112.12875680906646,38.99440240258931,53.69478792612555,3.4647907069363426,0,69.68637150600325,9.887241374519448,0,1
66,1,大阪府,14.008123532697672,96.22450779302709,98.71655489595133,42.30933105099824,6.198514482121135,0,92.94564193053242,10.0,0,0
59,0,長崎県,23.900680589740162,124.8711305079779,58.99191358548942,41.31219652789461,8.138180023809703,0,80.8688168112083,10.0,0,0
40,1,福島県,17.85944195439862,81.79732633914546,40.000835314541476,53.032654148150066,11.683881082914693,0,79.11997937463511,10.0,0,0
45,1,東京都,24.436042983133948,96.22514450540538,181.01685006441707,46.61613552452774,17.93518817445258,0,80.77045778340955,10.0,0,0
51,1,大阪府,25.96580111273295,131.54008392088542,147.62486892724638,42.376180070774524,16.26861432195493,0,107.61284357700683,10.0,0,0
46,1,大阪府,18.965949536782578,127.09574819024635,45.513400621888984,57.451038507330885,16.31150181534119,0,91.950718166156,6.639501554885335,1,0
61,1,静岡県,35.45464773670766,147.0998269027736,143.4470204774931,41.33375369071269,17.52161618690493,0,85.60718562460244,10.0,0,0
67,1,青森県,22.376966795377797,105.88374809512631,77.02526662286284,62.299109695108534,20.176588291967526,0,69.5787116354925,10.0,0,0
58,0,大阪府,17.96264408224825,111.90762007704846,99.0778152961501,41.655668830316245,7.617929694486487,0,76.42024619866196,10.0,0,0
62,1,大阪府,27.520106130518798,118.7086664404572,254.07749993754473,41.105796944404275,11.315478729038572,0,96.12934038420235,7.499176111682915,1,0
50,1,福岡県,20.722927609502776,135.86920911779356,254.363157017398,45.788938837150056,16.448257173848024,0,82.10039459171733,4.281478993783423,1,0
66,1,東京都,20.721053919267312,132.8646914073708,21.67199708732918,51.323486383027635,4.9222423565571365,0,97.02231414623365,6.129503108623335,1,0
60,1,群馬県,30.521950773606942,134.63069584584835,130.24523760454858,56.62965792856104,29.804491959814488,1,120.53002097979073,10.0,0,0
50,1,熊本県,20.79194618072167,133.27050327975,89.65410089931328,41.499004338151465,32.59407814804849,0,90.2328586369966,10.0,0,0
57,1,岐阜県,27.722773979997765,144.78980495196495,79.85294274577488,45.46965911170777,5.072838414056881,0,104.07573826169236,10.0,0,0
41,1,大阪府,24.693657623966992,112.86570089646878,55.32687676667025,56.03415179965035,16.59433141063305,0,70.14824781463122,10.0,0,0
45,1,大阪府,25.50115735405445,111.90257554791683,75.9693568929483,41.733427598921,3.4539496975433526,1,91.65736493718033,10.0,0,0
51,0,大阪府,21.385150598115942,115.69813079035072,38.77225129700486,41.7757910057478,6.115360704943279,0,82.09735440912802,10.0,0,0
57,0,大阪府,32.17280677968706,143.04707434363425,62.30373209774035,66.14532208576314,9.638600544344238,0,78.21735664616494,10.0,0,0
44,1,東京都,24.017288972191988,123.56858456329242,74.8011077870914,42.02796151164602,16.33168531604842,1,79.97922339748357,10.0,0,0
61,0,広島県,28.341524158079075,134.06687381962456,75.04063448696523,43.779861083689454,23.86799683140803,0,117.51876065423063,10.0,0,0
43,1,福岡県,26.809089111287495,128.19381608389378,101.8354393674219,40.97943598419294,19.55251486734107,0,81.85971218585138,1.1661992606113722,1,0
69,0,神奈川県,24.243606877869436,108.88930465721285,92.49606429557478,41.05863669926122,9.427087884241704,0,100.3877036795897,10.0,0,0
40,0,福岡県,28.677267506957655,115.17346574375404,114.46646590027575,42.46636693790991,26.97539610473505,0,107.27279133978699,5.421968841300026,1,0
45,1,福岡県,23.330616414897797,141.44401518900023,96.78197231256821,41.02665828021468,29.195066586347505,0,98.40463511544246,10.0,0,0
70,0,兵庫県,22.500964284420835,114.16251193813196,22.246105925886553,40.44245971245869,4.696479626554157,0,84.99604210826067,10.0,0,0
56,0,大分県,24.869231151928126,140.26249283624742,123.94544145075395,43.94237108652456,37.878552550606635,0,85.84243078750002,10.0,0,0
70,0,大阪府,22.259792996892365,120.80020365235924,32.49845676889125,54.43981674990472,6.541002071738949,1,119.31010222533384,10.0,0,0
73,0,北海道,25.326243412006644,127.0116359417791,103.46249841908366,59.207854846579394,4.721073101212358,0,123.18404593659321,10.0,0,0
64,0,神奈川県,11.079286203268781,124.56181699382076,10.947150158163812,58.150833782112315,4.5996023313694945,0,93.43529197827418,10.0,0,0
51,1,青森県,22.733210056241536,121.36544087882424,115.17038989634361,62.33714815769193,52.6806130023035,0,115.31489401460125,10.0,0,0
54,1,大阪府,20.148450527772415,93.78398854181229,37.34862291972733,42.52783649534661,2.3598232893907154,1,94.63983082933694,10.0,0,0
65,1,大阪府,25.777512923636667,124.72878270456775,49.16601029817219,41.81494612608206,6.981746973758802,0,94.47217343406507,10.0,0,0
45,0,東京都,24.43456022286353,134.0980866490912,41.480555952651905,50.572003594588736,8.06081698056305,0,76.15674801763966,10.0,0,0
51,1,大阪府,16.261863506134482,114.61182730546442,47.52509682906699,59.751347429417244,7.034215961716693,0,61.00972886580588,10.0,0,0
62,1,静岡県,28.899653919985187,124.84724650979875,67.39212885173993,57.99389732020791,10.824171924377302,1,114.39885507174638,10.0,0,0
57,1,岡山県,18.55397106455518,111.08642248393154,108.51156971893943,42.38710133170406,25.960375308524814,1,69.7514132944931,3.440201603553912,0,1
53,0,大阪府,22.34484445498932,101.19707392774315,197.56794584772854,40.95668379364068,38.22106264755911,0,93.16212327541315,10.0,0,0
54,1,滋賀県,24.422063073986106,136.65557042383566,114.92347083102956,42.07795674622253,16.071365243084067,1,93.97527210323379,10.0,0,0
74,0,大阪府,29.35738749043683,138.46215998662964,88.10214013693017,42.223241429043206,30.41638733715679,0,111.51269863284581,10.0,0,0
49,1,大阪府,19.47523668971495,131.53244717145418,63.155077478876194,42.378536741208144,5.902396424927898,0,96.62503527995302,6.367429710386251,1,0
43,1,埼玉県,18.9369086999908,98.42684613772488,62.25599940839048,50.712504750322964,4.842593172463426,0,98.47630470440423,10.0,0,0
51,0,奈良県,22.03654900246273,73.09556438206175,16.436506994036368,52.87354520406792,5.979145560682382,0,83.80872051005979,10.0,0,0
66,0,京都府,19.33461340734689,114.1284938097039,112.27708553402383,64.74165234267603,10.984658802520034,0,106.32126873445807,10.0,0,0
63,1,山梨県,25.05393946032904,159.31045623232652,77.43735062923338,41.25226513557114,21.74131873750564,0,117.65694418045786,10.0,0,0
54,0,大阪府,26.630390811197515,113.04888070855687,139.0016054048801,41.42977621081678,14.46397756477297,0,80.48084496676594,10.0,0,0
48,1,北海道,18.06345469624287,113.43677475155387,124.40366794516859,52.670017755204874,16.2946254823623,0,123.07771434050228,10.0,0,0
70,0,神奈川県,20.792787868691363,120.25286114135083,34.744566641057546,38.345502069006535,3.651767045460226,0,108.4988063970391,10.0,0,0
65,1,大分県,25.180250950884588,135.80949079133347,76.91650588087276,73.09594203101506,29.84116614861308,0,100.03500971466863,10.0,0,0
42,1,千葉県,24.675489457339864,86.34277107580155,137.1382005410383,38.76166076409823,18.719306492145183,0,70.96957833796584,10.0,0,0
70,0,埼玉県,25.15098128165409,149.00923938665593,69.76751115651132,42.83644158030397,2.145613048319186,0,108.69487211819592,10.0,0,0
56,0,大阪府,18.88405217386083,137.0312986413805,122.85440085710955,41.989203341031995,12.599532955114757,0,90.23301383300903,10.0,0,0
47,0,大阪府,27.466975633898404,94.26036120176259,64.2991625929864,57.81525270935819,22.182724120075747,0,73.69582346537295,5.22735774867912,0,1
49,0,大阪府,23.755764919664447,139.4470765242006,27.78869033480782,63.95482232967654,56.365143988105466,0,75.86875503461049,10.0,0,0
73,1,東京都,24.982046716248387,149.08133166030836,111.43972877126077,62.82869492516193,17.889616137834672,1,77.31058823796799,6.264854048963893,0,1
48,0,奈良県,21.175803344231294,91.39211291339153,71.21445328477778,59.6829207359442,4.395362269992335,0,82.74808371132207,10.0,0,0
58,1,和歌山県,14.246301358892653,106.20084352933472,240.9349804277069,56.44784440496351,16.2066352680945,0,120.37793585613782,10.0,0,0
44,0,神奈川県,25.18009849822207,139.55409381993687,81.29970804193773,41.08027093381774,13.836105722372233,0,85.21783555862238,10.0,0,0
45,0,大阪府,22.196255710950506,127.05991210322831,85.27984572126549,69.24067384286309,18.494142919930816,0,103.84926729400027,10.0,0,0
51,0,愛知県,17.195881763689833,121.06608660528786,100.70240655891908,42.44078475697364,2.5257986048878798,0,76.0639558825734,10.0,0,0
72,0,大阪府,31.64937128890194,138.48886397379854,77.24486785589976,41.65357152131642,4.950314215358046,0,107.16850437216823,10.0,0,0
65,1,大阪府,23.431362022692092,142.17194658665505,104.32999134424671,42.3470491715823,7.883181290130506,1,88.52253649766823,10.0,0,0
41,1,東京都,21.547873286723306,131.8418147397729,192.31865824024692,57.94198695367819,50.309295184646984,0,103.5155697372514,3.253954597669433,1,0
52,1,神奈川県,19.120351887990406,111.08597861028551,12.663706360276672,44.88134581259258,2.395020318379658,0,85.40492320891498,4.2044592901239835,1,0
65,1,大阪府,27.705004814492508,133.55199234783416,58.26313659445248,56.62408696017759,13.779498935749361,0,96.25594203700798,3.3390010738197113,0,1
58,0,大阪府,27.284319224512107,139.54698300718061,89.22402313697292,41.776102239920405,10.848304458241193,1,92.74742202743757,10.0,0,0
49,1,青森県,30.488890350417567,113.41343670952845,449.16216365406905,41.72597889399501,171.40043278091966,0,115.55725382929982,10.0,0,0
54,1,東京都,21.188339966593627,114.65518832142304,45.303517443360285,41.014687353261756,8.153683503276309,0,74.07653597904753,10.0,0,0
53,1,静岡県,26.893636702339645,149.29029050596776,88.80801370624474,46.63547483131339,19.810105197264267,0,88.4217670101119,10.0,0,0
51,0,北海道,24.426083623291905,100.81699798388267,26.289148516284968,40.966873834366986,13.991607593721815,0,83.6912028101544,10.0,0,0
57,0,大阪府,28.246038717247448,132.7458533449344,352.31710077722175,41.33170162069912,95.55644922062659,0,107.88272239818139,10.0,0,0
65,0,大阪府,23.660388311613055,110.85191962711556,61.10358699139491,41.64149515517746,4.912516328945174,0,69.16531962238167,10.0,0,0
64,1,岡山県,17.13733854218517,103.2664905649573,37.68947022272722,41.10847081995454,4.931445948397719,0,97.7577374408938,10.0,0,0
63,0,青森県,21.212066833072353,116.78561655032733,39.65572048675181,41.30320343489721,10.635980327689614,0,68.42946429637018,10.0,0,0
58,1,大阪府,27.991414668309673,122.89419460290006,79.18991005527523,42.346361230255326,28.90391944324119,0,92.13480832024376,9.256831521887909,1,0
73,1,大阪府,23.927511059048552,128.3123154196466,215.09289778345055,48.718044697550596,18.199786156834254,0,95.24237580107238,10.0,0,0
51,0,埼玉県,14.624615896769253,99.03418792912231,36.36340701130285,64.57496694882296,2.383320884854189,0,68.7756890119226,10.0,0,0
46,0,鹿児島県,29.18202131756001,148.3231538100176,48.393250604505816,42.676821132484456,16.795944731431284,0,110.23898121221168,10.0,0,0
73,1,大阪府,17.010739497552,120.30572033866976,62.936566133633086,41.03300335988354,20.814704373957447,0,82.0967070265921,10.0,0,0
63,1,大阪府,23.05924895643223,112.97436555075257,25.90603932213787,53.538746434744034,29.343788723534956,0,125.49874948541901,8.33677908561744,1,0
48,1,茨城県,21.553711387755055,141.30923520836984,36.38059038640573,70.1699194675681,14.342991204505498,0,79.01629963921911,10.0,0,0
47,1,岐阜県,29.08377139131489,104.23566605066247,95.93542785037312,42.78632365799483,58.4843887876031,0,120.97625004007863,10.0,0,0
70,1,山口県,23.563243883003224,110.96480617160657,49.32662740229277,57.64398511969032,10.69762613234761,0,110.82285593189596,2.834460153194214,1,0
49,1,富山県,23.545254730162483,166.78317173460604,156.21275357642836,41.528461944960036,17.13368659815814,0,92.4977441548581,5.421530820644307,1,0
54,1,岡山県,29.320088024499974,152.94032773386317,352.3771012635736,36.90851991819017,7.504000698816556,0,92.03815125445766,3.1464511666917736,0,1
50,1,神奈川県,25.997708978351216,128.5909582235969,102.27206858369978,43.18556213918185,22.999461579393206,0,77.51614025360765,10.0,0,0
65,0,石川県,21.153734920488294,94.40802383312328,33.572717310007114,41.56697080013464,9.329567857927126,0,74.42500133091654,10.0,0,0
73,1,千葉県,22.972844765923195,160.76039935978002,39.94848654468101,53.65222353022957,11.311349579405613,0,102.60491521560128,3.255073303137592,1,0
53,1,和歌山県,17.35473782114137,122.68804688827407,24.896005135024094,52.71657600108752,13.784584974923716,0,69.6888774887563,10.0,0,0
73,0,大阪府,18.899988459381365,100.61766308240742,114.12088374423088,41.235736621789556,9.541314652454025,0,76.35599292691118,10.0,0,0
71,1,北海道,23.06598699257618,153.43043184213238,112.79016077016024,41.76402932358921,15.76616261860435,0,124.04635047645554,10.0,0,0
72,0,神奈川県,23.892398924056998,134.35997796572437,60.528910949217796,41.373948899554335,9.259283705977605,0,92.05576191886036,10.0,0,0
72,0,大阪府,28.09830432014686,127.07726936090766,206.06139205294684,41.350017911011065,44.70527735579747,1,116.15272568792496,10.0,0,0
67,1,愛媛県,22.374056193828242,138.1199452335295,102.57563406801894,41.4809761968103,11.309832466487274,0,109.02178173066902,10.0,0,0
74,1,大阪府,22.022344098936188,129.4861337463426,74.81840193326825,41.181634508669866,4.135113199614921,0,95.09772097833748,10.0,0,0
44,0,長崎県,17.830928796533396,111.08959461369632,41.106084020645,69.82380789333376,7.852338145133114,0,93.75743785766315,4.2533438727982995,0,1
74,0,愛知県,31.518894279939285,182.19060640871672,251.26486985685608,42.83519927585042,12.23652327509259,0,87.7952775064228,10.0,0,0
45,1,埼玉県,24.411300937995748,122.89367758575386,25.956042086444903,41.134425698037916,3.8046252593717957,1,70.36209758382459,9.933417632967693,0,1
59,0,新潟県,17.205791195676195,126.39759363764095,42.1090765866979,41.843014197465635,2.158996715046298,0,104.08686160898488,10.0,0,0
46,1,福岡県,13.954469427371134,119.61102721087936,61.53222897821443,41.44063239515162,3.491902932780513,0,95.4566260054046,7.7507772051240575,0,1
41,0,大阪府,25.368563405327244,134.07124287730767,82.51128602444452,42.190187399898065,22.17779014636791,0,117.24900207940388,2.5803185952774115,1,0
54,1,北海道,26.540311311478366,119.21387058701058,58.42357945215281,55.615398172253876,17.30181869952772,0,99.81374217523764,10.0,0,0
67,1,熊本県,24.43419284487002,175.74306022445512,167.55980915868037,42.972466587094914,22.995985620637896,0,122.40403187429388,10.0,0,0
53,1,大阪府,22.476019390911052,127.75613497872409,104.32427204346213,41.890423311005,21.798649073289535,0,92.12382290168124,10.0,0,0
70,0,大阪府,28.29401813225978,160.46581444465727,406.08107648620427,44.3529722598026,33.993918168306784,1,109.77854229375362,10.0,0,0
68,0,大阪府,23.666642171062815,91.23974896030411,57.732917222380955,57.955924493058355,22.237089114742023,0,82.50670328715296,2.1913885516126106,0,1
73,1,東京都,27.22326753554484,135.7848713723406,127.65384564553995,41.20743529824168,10.841950510409388,0,118.23824793652236,1.618025470158087,1,0
58,1,東京都,26.795190820432712,115.67400168418266,88.1473322528167,61.66453052450444,17.75719206616361,1,92.91430608084183,10.0,0,0
69,0,大阪府,23.108842604595313,154.15953047740038,68.33464565004975,41.54808838861153,15.091143359688562,0,97.36062583525805,10.0,0,0
46,0,静岡県,22.54930485882868,130.4778258114495,249.16609832745326,40.56042631231567,20.54539869112374,1,104.2934072705695,10.0,0,0
54,1,静岡県,18.559302101219213,106.18190371438497,45.66363980087599,63.77571989390906,7.151104139862928,0,115.68614846129641,10.0,0,0
70,1,神奈川県,27.615305470060747,126.3847939908903,169.90206142507108,66.61326231913166,146.77374948675197,0,92.9479960300442,8.361724992201104,1,0
68,1,青森県,25.781588040756088,138.72651825542124,54.18798961449045,64.62599680463617,14.431133598698176,0,95.1330959485976,10.0,0,0
48,0,愛媛県,24.21908387994498,123.68777904346567,151.3386759997337,46.22218568544443,4.193608139384644,0,80.03344207990102,10.0,0,0
48,0,大阪府,27.216173902096422,108.18561188197603,107.98450975456133,41.08069295656433,12.964461568214753,0,88.32888599312581,0.5434846713677485,1,0
70,0,岐阜県,23.09160090711497,138.72553915912707,227.01059298217248,55.52012367953192,35.10498792571077,1,114.39937388039247,10.0,0,0
51,1,大阪府,24.507863098917237,111.76757315343835,155.05337786300694,42.22825265184183,10.429978633273079,0,117.67528805795813,10.0,0,0
43,1,大阪府,17.808409688626753,114.80873252298764,100.1404687416543,42.399165036215706,16.347830591747343,0,69.88119744894695,10.0,0,0
66,0,大阪府,26.605628695869942,96.20995145194566,116.63962717679091,41.94483628183725,15.875428422407499,0,72.58185392871803,10.0,0,0
73,1,大阪府,22.396470252943327,140.00694106473864,149.04789754198146,41.85601028820863,16.616652061810424,0,82.82363890447587,10.0,0,0
55,0,東京都,29.304167350381693,143.82938810861293,79.91105289886622,41.183975807289805,18.805367861504447,0,105.42756865223677,10.0,0,0
46,1,愛知県,13.43724771156738,72.71155152041999,36.392622025793294,42.32149399272942,16.46369899489441,0,64.20619272489188,10.0,0,0
73,1,滋賀県,16.464185361551305,139.43320375908212,172.461693641366,61.66750769096198,15.913387850829611,0,125.6684952069549,0.5505631578647618,1,0
40,0,愛媛県,21.195763653053174,111.5980763714322,60.51403433399364,40.745580055793496,7.918201324737077,0,61.45024602412757,10.0,0,0
67,1,岡山県,32.621580693457666,131.63353179820476,81.40996086150572,42.17566358529153,63.14319059960238,0,81.39864094724491,10.0,0,0
56,1,高知県,22.251115219547046,104.53393303441018,89.61810445769964,41.267487956098925,7.814994114134026,1,93.40850743991733,10.0,0,0
60,1,大阪府,21.42267907499295,132.80578313789675,19.12744973583139,51.75350200821989,4.352233815260557,1,69.15598719021743,10.0,0,0
70,0,東京都,20.20823507932294,121.63590804413775,68.31509799295468,40.876162420984556,4.698702164770372,0,98.9026994950553,0.515492969229421,1,0
49,1,大阪府,20.47229859706069,111.70668974814147,55.46912237002942,57.69126816941931,5.249476740177071,0,94.43778212268477,7.512329201179495,0,1
69,1,大阪府,23.83838706118569,144.78385965798535,129.65535443618492,49.21602161140389,7.856407731303877,0,124.90592792102329,3.1467261982575505,0,1
68,1,東京都,22.376410768120827,116.53261698920572,58.258120311893386,47.399730382803945,6.497499398043722,0,125.61378840965324,6.323569426270622,1,0
73,1,宮崎県,21.72451493595345,117.0798934935946,39.64864526943975,42.00524423126293,4.797966173408865,0,107.06529398490977,10.0,0,0
44,0,大阪府,31.50003432955099,125.07875436424222,114.63649740606321,41.389408892411325,12.93367243894752,1,98.04857783805626,6.0993827073948825,1,0
69,1,熊本県,24.881607624687028,123.91765864368087,133.91551499642284,61.16332532388213,38.22051648847411,0,85.45299285557635,3.2465005683857355,1,0
46,1,長崎県,20.698018771092947,148.57738318799338,73.56292021751096,41.54792544916507,12.556358504698055,0,89.28660975086302,10.0,0,0
71,1,大阪府,26.793304538488208,160.47958556800558,47.592481418762915,41.70664904475844,14.57480679531451,0,103.67002536953193,10.0,0,0
44,0,大阪府,21.77307864372861,135.08298926255043,40.71569943262392,41.733132515273184,10.821772777233404,0,88.9102720120475,10.0,0,0
52,0,静岡県,18.17564570780062,125.11910851814419,70.68035099211548,42.43877981160922,8.276923664799273,0,94.19594801503841,10.0,0,0
60,0,東京都,23.66220807237275,153.46800330791538,50.75416096050117,47.51011385188463,9.506055511893992,1,75.2392135464326,10.0,0,0
44,0,茨城県,25.20203301594564,136.88086579982445,47.63373751203341,56.072565816962474,15.820740903807842,0,106.344304056009,10.0,0,0
49,0,岡山県,21.753923212589598,125.03197199839003,40.20766545867604,59.258232444621356,11.954296482916579,0,109.75200722696081,10.0,0,0
46,1,福岡県,18.79167407915667,82.68390466142179,69.81679207590842,46.369265193795954,7.8567980395568435,0,71.9116453766984,10.0,0,0
46,0,山形県,31.985961825364804,135.8570723952659,111.49160321788645,52.009641222303664,58.441871470309735,0,109.619924643506,10.0,0,0
70,0,大阪府,17.92568803127146,116.43918740327855,56.18429159838544,55.94931817629383,4.359894643164674,0,87.85398351123689,10.0,0,0
48,0,福岡県,22.80501814494505,103.6720444770226,109.72711578284441,41.187818068832215,15.914144424684125,1,67.93915390134487,10.0,0,0
43,1,北海道,25.570156993786586,119.84867550031369,91.00759558850274,41.47044629686874,49.39818936386177,0,108.92864201333707,10.0,0,0
73,0,北海道,18.061090911130588,92.68848890504343,59.96444586832316,62.28189298842672,10.699670191560477,0,99.988276215809,4.887351241528595,1,0
53,0,愛知県,23.083302197054167,114.55610359858913,34.32404107578738,49.63644249398551,8.77023536277079,0,94.60149749313342,10.0,0,0
47,1,愛知県,25.262511502928184,114.39052164425382,113.54542311807212,47.90158032727878,37.561856790708745,0,96.60689823470402,10.0,0,0
40,1,東京都,21.543410544231776,69.45985439756942,28.706848388998484,42.03492096176745,6.699327545929346,1,97.33723395081195,10.0,0,0
70,0,静岡県,22.511068932650097,129.82874470953473,69.00564595706122,65.94900408081986,7.481274598862786,0,103.2274695981188,5.891115129421106,0,1
68,1,福島県,24.90810112306644,131.60621246204641,69.77905082227231,41.941897897877226,23.09381759233933,0,76.61890410092624,10.0,0,0
57,0,富山県,19.51531769037064,96.71887402693537,91.64550126805469,49.42466553967128,5.35793505432536,0,78.3207826851675,10.0,0,0
49,1,大阪府,25.75453824374509,112.44101443677448,111.28086986306923,42.54443763988081,19.084431927738013,0,98.05011102043972,10.0,0,0
43,0,大阪府,18.090453445459044,103.24201059862028,23.23159481401132,42.261967934071535,4.2470034672731645,0,78.17488973793932,10.0,0,0
42,1,北海道,26.269259107219625,112.48866710925279,81.05682703892721,41.28703933448964,7.1607234543716265,0,95.22243049937435,10.0,0,0
71,0,愛媛県,25.753348452385822,149.20819859431657,164.36151281767746,42.03519454673614,57.455402525809724,1,115.51305694207896,6.404687831108674,1,0
44,0,山形県,27.088332791000113,112.46865857980652,71.19200569405955,41.08786674628928,10.126501745418912,1,86.99143895001014,10.0,0,0
47,1,千葉県,26.57716322532652,127.76534223894248,80.06205001874191,42.461629853685594,33.97830807385655,0,103.52534751675309,10.0,0,0
69,0,東京都,21.687517867675357,148.513207583615,164.72315227970842,41.70363084992784,18.95747524469433,0,69.69340206090008,10.0,0,0
73,1,神奈川県,25.859192042810964,146.42008060030497,65.66783995693181,42.19420627070378,8.771358162328005,0,91.15300679299735,10.0,0,0
40,0,大阪府,31.866494026400595,119.76741289770389,149.0031954929427,41.246602222803936,57.89722530885301,0,82.60392618184899,10.0,0,0
60,1,新潟県,24.225298964457117,128.60093782694207,48.27104539996268,41.992563569762005,14.424292340981005,0,99.30252437611573,9.110555214235365,0,1
70,1,大阪府,20.407480651733245,113.41666836499351,67.36911328368512,55.64994641692106,31.332454704861643,0,75.38426911616017,10.0,0,0
46,1,福岡県,28.28521938445288,126.59924831535801,166.27225921221486,66.44527328633667,13.496974840251681,0,105.41065584839886,0.008213552361396304,1,0
51,0,千葉県,20.568634599448522,140.39829021711122,42.383587923144106,55.19613987134646,4.547315137560493,1,84.63533220854347,10.0,0,0
46,0,大阪府,28.098685758307195,148.50087900214996,56.84145481809864,69.84379337925405,5.331191934884949,0,94.29717733908733,10.0,0,0
73,0,東京都,24.151195095221826,159.7877940679983,64.26756457991787,41.64270948266283,6.785201848411817,0,81.33383199814375,10.0,0,0
66,1,大阪府,23.547760453525083,140.34689594049033,68.80012182472741,41.05120885625751,30.59603888270622,0,107.7907711621939,10.0,0,0
61,0,福岡県,21.28315769141222,135.45438769758917,31.35959475370834,47.76474403596962,19.495602171594022,0,93.95560951379906,10.0,0,0
68,1,東京都,20.041686766872512,135.09173782250934,117.50262939927165,54.471612419319484,31.228538920404485,0,86.39401096951238,10.0,0,0
62,1,三重県,23.46286614226402,154.35461038211957,59.0229782695476,42.39196571253944,13.870859089867963,1,109.62521845371836,10.0,0,0
57,1,大阪府,28.349951094462465,106.40305588481642,103.01612523956832,56.05261152765681,47.300799808309165,0,102.14006886519664,9.957067347337262,0,1
49,1,岐阜県,25.736914776921285,129.01851338871168,68.37635814703226,55.62808158895147,9.537297190393861,1,87.99711406822045,9.638880853238584,0,1
66,1,東京都,25.492934836560096,140.203853985358,89.99521194050921,41.80896077577835,11.101554192444175,0,82.89127223185056,10.0,0,0
49,1,青森県,25.151007084757143,138.46622001572447,45.45702702112587,41.08057696276406,14.803762764155216,0,74.25986025780502,10.0,0,0
41,1,兵庫県,23.46562364535108,107.70941372759665,86.35391321272316,58.73371221442374,8.280094356609643,0,92.1122374202684,10.0,0,0
73,1,愛知県,16.758043149196688,105.9638856610369,46.2824848006672,41.822732358400785,1.1159723759205855,1,84.7038321619401,3.444875043339773,0,1
51,1,大阪府,23.70835209116797,154.8605882983107,117.03781700912431,41.26186242486491,43.32173974990004,1,80.12670322034396,10.0,0,0
41,0,大阪府,27.65488449674551,112.10961207441193,74.55355624085654,41.4641435109474,5.617698986934409,0,75.55081575550527,10.0,0,0
67,0,大阪府,20.07055378582071,120.70411628993074,114.70673772462831,41.66867508224793,4.832098843230037,1,98.96455677753917,10.0,0,0
65,0,愛知県,19.267150079927024,129.46183350190438,47.498499514039295,59.745285987617926,10.698764096690802,0,88.19079076174519,5.254203422989115,0,1
65,1,埼玉県,21.637956757757088,139.48102484309797,499.36584092696944,43.29063895501463,15.811736210896598,1,78.90732687842522,10.0,0,0
63,1,大阪府,20.857592115646266,138.7594002159226,99.6045450842798,48.73631961061484,29.759958516058212,0,76.05454388332136,10.0,0,0
46,1,大阪府,21.597312011117417,107.19575425578563,34.22037394525588,45.26027832833627,21.12400819964256,0,93.66099498874729,10.0,0,0
49,0,大阪府,24.60543307370966,111.83800262512699,69.98045395709651,41.541402501120096,7.856908501678888,0,109.0185742720962,10.0,0,0
73,0,石川県,23.557799760486382,148.19688106392317,117.60066379645906,61.40043565344872,17.984724112936835,0,94.76968212051658,10.0,0,0
45,0,大阪府,20.69905318058112,125.63472642201569,76.01606263485536,65.59944288242556,5.07298020172594,0,85.40499478551234,10.0,0,0
70,0,長崎県,23.007061557161823,111.90651668403764,41.35468105522041,41.198675417438245,3.127819865475758,0,106.9222780773486,10.0,0,0
57,0,福岡県,22.342034933457796,154.8836302221955,78.40230194448291,58.17324290518885,19.977331305901092,0,88.2118881043692,10.0,0,0
40,0,静岡県,31.723149040666378,133.54742703080672,283.2805973232541,41.12734233671911,11.315267075249533,1,107.60090445526576,10.0,0,0
61,1,茨城県,23.916086258013767,120.91474186697118,93.3026454742483,41.195261731221805,7.225866586273075,0,84.68948139605476,10.0,0,0
54,0,大阪府,19.33435534907827,115.82793440397707,70.11717018310404,47.7378495995729,15.540806222018968,0,76.2379739756039,10.0,0,0
40,0,大阪府,29.122656805518687,79.86957558841242,76.36088738804757,45.11986987760724,30.747216995941734,0,79.29772924152313,10.0,0,0
42,0,三重県,22.018825673069,109.12053644655491,49.11822718849666,42.37304730987842,55.57902032112356,0,79.80683825051466,10.0,0,0
73,0,福岡県,21.213639361153948,138.16270616450979,70.58614116668593,42.07029504213152,56.43111707778225,1,107.88375273493136,1.351313637154067,1,0
54,1,奈良県,22.560981701259646,117.3650685464223,47.02228983107391,41.031885816054825,1.6863719364711474,0,71.13826136680193,10.0,0,0
49,1,大阪府,19.437596095315,106.63180589638121,53.25273857579542,65.76707338064375,9.268010588923756,0,101.06034115496361,10.0,0,0
51,0,大阪府,20.510807498002723,127.88313044735631,100.06832215543633,40.7611814554919,7.224107678291475,0,69.21176125686762,10.0,0,0
49,0,大阪府,17.52565880780944,131.01271480382994,66.60152514147876,45.13830839345691,0.9088209327891712,1,104.16556593510441,10.0,0,0
63,0,埼玉県,30.266136722588406,156.7511201442024,59.253878696600474,50.443456974361744,170.46359156333557,1,110.33597899151508,1.8245718538374325,1,0
40,0,大阪府,22.561201205865313,90.89016123301867,57.729598554110076,46.83528021578707,11.479223663199424,0,95.18613022577735,10.0,0,0
65,0,大阪府,17.319367946182073,126.11376713356246,139.91850084112136,57.641509203094294,53.658048503621444,1,114.71526331032047,6.524670823791265,1,0
50,0,熊本県,24.939944978839517,117.17888372706884,106.09959039425763,55.94809579227771,16.594310664576785,0,76.82998397613099,10.0,0,0
50,1,熊本県,22.31594330109151,137.8911972036976,86.05688718587929,53.9366058898619,12.10399527703514,0,89.70959527428548,10.0,0,0
70,1,石川県,21.863986688204772,145.43278004690958,74.57221697835719,42.69973089718175,14.57525236428024,0,124.34492679732833,10.0,0,0
51,0,大阪府,26.486290765345565,133.59641121056052,231.8887617671106,41.70355330474441,13.02078255182666,0,67.18015146356699,10.0,0,0
58,0,大阪府,17.63337557557737,117.83489021030006,71.31686686734238,41.75875401234787,6.24620280278022,0,77.44182483280352,10.0,0,0
56,0,千葉県,22.036503543756677,97.78500876355004,154.063905422931,45.78720071016634,15.415908532473773,1,62.30585674938714,10.0,0,0
42,0,大阪府,26.599517272417533,122.88824033278537,191.52915548227548,40.289868827887304,7.575743017233824,0,72.51308633333758,10.0,0,0
67,1,大阪府,26.35976023909989,141.7940938673068,22.847843072459735,51.753622522316824,7.740519342355924,0,99.83757652697768,10.0,0,0
71,1,山口県,18.946800662740205,119.48588751442134,59.48384233976369,41.365815518602645,2.976593400652664,0,122.34252729095729,10.0,0,0
51,0,石川県,27.544978373968327,110.68366053592005,82.18958225221309,59.750009015023,70.56236583872774,1,110.65563625118045,10.0,0,0
46,1,大阪府,14.197335827602304,134.36847711909988,35.42058734278359,42.54311461011192,3.1145026462711916,0,82.44880607127432,10.0,0,0
48,0,岡山県,21.2338984612676,119.54257130003775,85.40333175237959,64.11381376023415,10.125146022555713,1,101.02593733664716,1.8003912726638616,0,1
59,1,大阪府,27.620788632971053,150.36886211408353,286.4249417431736,41.86518263689687,130.5970071758147,0,78.03595407578213,10.0,0,0
46,0,大阪府,29.01602609877446,112.04416450838738,125.29217955299453,53.76632445979987,28.02337565648959,0,104.72865690677177,1.457719251055312,1,0
45,1,愛媛県,14.276442131591478,89.34673128766414,73.46940467857864,42.07806176002455,25.660477044389715,0,123.3640508088122,6.778419921658342,0,1
48,0,大阪府,29.17803809044703,91.257818970252,74.47680580965627,53.52535645137229,7.572597047532735,0,85.72089895598923,10.0,0,0
51,1,大阪府,24.800692654250714,132.61033649867653,79.9072864748737,41.25188863302861,4.725112072020341,0,84.83384511484999,7.947608022289819,0,1
73,1,神奈川県,23.975734416786022,132.62735382600835,60.2306637768561,40.52216290388636,27.74968215167504,0,87.99740765343527,10.0,0,0
44,0,大阪府,22.524383084029058,131.63269359588068,55.419038553783366,61.16950952669124,8.590361180150394,0,92.11271585585104,10.0,0,0
73,0,大阪府,25.42529123467477,132.8996134358308,63.428831469731456,47.93344214224979,30.893821351843997,0,115.82712724990462,10.0,0,0
47,1,茨城県,25.27427509112875,107.51472099873743,60.54812466365325,40.967836045780615,14.38124601775573,1,90.33225698318508,10.0,0,0
42,0,岡山県,25.177887999606252,108.71381892376911,58.7401728143041,39.87947008311991,4.550242157157201,0,72.77725766174028,10.0,0,0
58,0,大阪府,27.225263238677357,142.48825961936186,68.98548057772253,48.956305906484786,16.45200471250317,1,77.45551604137053,10.0,0,0
66,1,大阪府,23.97778521184389,111.48618420517224,70.50721211036158,41.060662271293886,3.725351285251797,0,75.86832566616391,10.0,0,0
69,0,新潟県,24.099332760980396,146.6769729449905,98.85195213581626,41.05044431755365,10.34349391991014,0,78.34257719901315,10.0,0,0
44,1,奈良県,19.335061320533363,93.19946200195646,49.0980394991479,53.707761071843166,9.046657789857788,0,78.32289821459973,10.0,0,0
51,1,東京都,25.59910802078209,169.77976040989958,95.91174662116761,52.61302134921253,18.584289040017758,0,83.72883388804587,10.0,0,0
56,0,大阪府,20.55836704729936,123.53872139993379,143.56953028043947,49.48495363744455,7.2259451109062125,0,108.57302821202398,10.0,0,0
42,1,大阪府,27.6561029749408,115.511264233553,28.217600507786003,53.71727906530122,26.02300513041289,1,78.92464487772007,10.0,0,0
50,0,沖縄県,29.345518745818524,129.81515403664403,75.98961569856728,41.07591595202745,26.988186885196452,0,87.69246074997233,10.0,0,0
56,0,岡山県,26.543932647449587,130.21816083969662,274.1320781228787,62.63497218324915,69.75997206838629,0,125.60509096530166,10.0,0,0
45,0,神奈川県,16.460887558800454,111.93950688147956,41.58909850110699,40.818431058893076,13.773113903638572,0,62.10583773966668,10.0,0,0
68,1,福島県,17.01085479177779,97.57662216787294,49.47392526183746,41.99666024380463,18.197261442741077,0,73.98666426173678,10.0,0,0
60,1,岡山県,16.843200898005165,134.86868558885132,64.6643134184749,57.7310394008875,6.989672455861906,0,87.40093015775163,10.0,0,0
72,1,大阪府,17.01019753918606,130.3956357873071,111.82513934345836,59.751205266084085,9.625258772077721,0,93.09382982611059,10.0,0,0
51,1,東京都,20.56744106990224,108.36701795771388,37.27328985368315,48.40632014423684,14.581568298228785,0,99.22736574960581,10.0,0,0
60,1,大阪府,23.23927763543335,127.76152839382351,121.8362260350922,43.80991550565201,12.440696860866927,0,85.98263581243963,10.0,0,0
72,1,岐阜県,20.990753225785916,131.80852435435244,58.01351650905811,42.03671427156197,6.8118126772002014,0,110.2385934802772,2.6490180050124303,1,0
51,0,福岡県,16.008281583806333,132.89435802833387,91.66755533859123,66.73890834065396,3.256126698790536,0,62.486068698520874,10.0,0,0
72,0,大阪府,26.454580435990632,103.69842691131524,37.687573972726994,66.40867699554457,15.350065829879345,0,94.98551671054067,10.0,0,0
49,0,大阪府,22.96401932671767,117.56258848834305,161.82303287929815,45.85656413923352,25.99987321158391,1,112.32573243842785,2.6951589803617306,1,0
40,1,福岡県,21.76456176871965,124.45955447967756,85.41705196993988,42.09092388175064,29.45747449614145,1,73.77412955616136,10.0,0,0
46,0,愛知県,24.962179799405014,137.25262782285677,111.609445345225,54.25784504846485,19.317991272649287,0,106.10107301570193,10.0,0,0
43,1,大阪府,22.70868807511976,98.10446305022104,53.72622833400701,41.21426105906686,25.34110090931059,0,103.52672147196728,10.0,0,0
69,1,岡山県,24.681246777455485,126.99623498456947,86.4999096546843,41.710776598273405,25.406245663375927,0,110.25090350098358,10.0,0,0
45,1,新潟県,22.013494967937625,111.77713385791874,56.707968488891666,53.900403891080195,10.004633101888999,0,58.54996185134065,10.0,0,0
42,0,大阪府,24.270389254359515,103.17581774206255,106.19861113154407,40.747049346076,19.50642119363709,0,85.25781939396109,10.0,0,0
49,0,奈良県,25.400883445598527,116.76438415927582,108.18424629045819,58.9896303408962,34.7199021658029,0,83.3786330573809,10.0,0,0
52,0,沖縄県,30.0105574604273,126.07754363290607,151.67404699737665,41.65478066973947,19.137047492649465,0,73.15551868674524,10.0,0,0
53,1,大阪府,25.372657625845935,139.54548088601635,44.67134166431541,53.68003722754838,9.363189189661574,0,75.99020839053499,3.3457445640734718,1,0
74,1,沖縄県,23.5523440702935,119.50372602724927,113.37976501111721,67.8192157263219,43.238958053606844,0,79.17331466659948,10.0,0,0
72,0,鳥取県,27.12975330962922,114.14997304681816,27.436837882330398,40.49747711584158,16.87589398688504,0,71.51721721763437,10.0,0,0
67,0,岐阜県,22.01214090122812,117.384087384484,44.15199904507068,40.733669533465424,10.950500641777111,0,101.61532301038237,10.0,0,0
67,0,神奈川県,20.86591445595032,120.10530668542873,33.78546594608911,50.52178774595155,1.6580110068716498,0,71.09160907817524,10.0,0,0
57,1,大阪府,28.25531178267349,113.10070867759175,182.0944666072245,40.876512593964776,38.926795519121576,0,102.06360991578619,10.0,0,0
40,1,大阪府,19.140350911843317,101.86184377607671,53.448972021501056,41.66342403980158,2.2807809451309313,0,75.6722824356953,10.0,0,0
59,0,東京都,20.722048893604118,118.56820611948315,65.8070452024796,60.301231088993255,32.18034538415333,0,112.34927040541398,10.0,0,0
48,0,大阪府,21.708508892443295,108.97508573976731,60.77050382516144,54.25797301270439,2.5898603243610556,0,98.17118155799358,10.0,0,0
60,0,神奈川県,18.01496491724223,93.8331954566169,277.02587888533543,41.60156791470704,8.20023921861604,0,96.3120846363466,10.0,0,0
59,1,香川県,30.28443367454935,123.75126327171162,359.11896378089097,42.05592244557812,16.867123151428384,1,67.94787796536923,10.0,0,0
54,0,東京都,25.44164875692795,145.51570654503533,126.19925917627776,50.43929929486602,22.32470142901447,0,83.55512045913179,0.24009261612132163,0,1
40,1,神奈川県,23.081473544943897,91.52049053227832,56.58891485461684,40.256924126307226,20.03490167289532,0,78.3640616342206,10.0,0,0
55,1,千葉県,26.611034670562763,140.68260914343824,170.34401460103066,41.175688815403156,25.52800371874144,0,106.3380096378134,10.0,0,0
64,0,石川県,21.18704455515361,120.60535497853394,82.95447689517854,40.79604076320591,11.603873243440653,0,80.8571410363737,10.0,0,0
64,1,北海道,20.384258734137514,114.10610577662916,64.393048601485,53.678043525765105,20.633104359058017,1,69.42554447114638,4.397804404150058,1,0
53,0,三重県,22.59721493699791,120.01635042004914,124.55382038800204,41.667943578644824,18.5043802274015,1,97.13023746000316,10.0,0,0
56,1,熊本県,27.08990384570298,135.78447700062463,34.86180201740276,41.61237921356826,8.130797907547224,0,90.91765525820891,2.4959955215307317,0,1
40,1,香川県,22.21767005136486,109.10098130025386,88.77363763922145,41.11500619607987,20.144545797241875,0,86.64308287464024,10.0,0,0
50,0,奈良県,30.088268132098293,134.0652805442662,147.60435688427344,51.662490099227725,24.39245373115671,0,111.15227299529771,3.391322422783299,1,0
67,0,千葉県,26.523797940555347,151.38782467826886,82.91495990153217,42.50666201639633,7.8792897497870635,0,96.28918332238094,10.0,0,0
54,1,東京都,23.120467699114847,134.5730580702848,45.20572182019818,40.22623031199559,3.3682090739182033,0,121.90998652517308,10.0,0,0
47,1,大阪府,25.82541334048857,121.13689195113048,50.51039613285115,41.72081002519786,7.920927575314987,0,95.04590192898941,10.0,0,0
64,0,東京都,21.240005697570428,125.61229535283795,104.83555319839869,52.713914906473754,19.779857649300254,0,97.28260330218454,10.0,0,0
59,1,愛知県,26.775502518628915,115.6645632894594,30.98320015336538,41.63827763912906,4.3490761225366,0,86.75471641525836,10.0,0,0
45,0,滋賀県,21.407527076997123,91.0741930185636,47.59229472888271,65.08365957531646,6.7626413745454155,0,104.1808412022092,10.0,0,0
