age,sex,prefecture,BMI,SBP,TG,HDL,ALT,smoking,FPG,time,onset,death
43,0,東京都,18.06146751158694,133.55268020886174,90.80506612942602,52.09817395191432,10.309138383168559,0,110.8358594122947,10.0,0,0
68,0,新潟県,22.36640368483861,100.02378524058722,167.79907538394107,41.91252052323019,4.732666796280685,0,121.43902611740107,10.0,0,0
40,0,京都府,25.20016304729909,107.50682529766871,56.922755985593966,42.54842597170601,35.49708076269237,0,88.1409495976631,10.0,0,0
61,1,東京都,26.436093185482893,134.39728317156778,346.1764035179223,55.526247611602315,48.79351018495634,0,122.14221148702595,10.0,0,0
46,1,北海道,23.274995772389307,92.50943254908626,36.268043593382245,66.9484949141502,6.11140254498027,0,86.88113246175519,10.0,0,0
48,1,神奈川県,21.646315307890966,135.55866907600492,160.12839583999752,41.941629095975536,41.7954330845546,0,113.45164079633291,10.0,0,0
50,0,東京都,29.99114086062341,135.22473246294012,92.520774014433,41.01962269720033,18.066166739847677,0,100.64837540438272,10.0,0,0
64,1,東京都,26.588300809332377,114.27353181808773,432.105973078621,45.45743514579508,59.56722003290508,0,115.48567963357502,8.076202609947172,1,0
58,1,東京都,21.104380157371097,109.76922528571855,68.61419332514387,41.77052381901672,7.238477561539056,0,92.13954527064251,10.0,0,0
54,0,東京都,31.040034486686,134.05007915968832,154.64158703766657,41.91525478948853,57.149450981460085,0,100.51941003558306,10.0,0,0
61,0,東京都,19.884777953345193,113.02600020297912,64.54341744413256,41.84502734338861,6.864672269582056,0,97.481197137256,10.0,0,0
62,0,東京都,19.78562044629858,117.99419191512716,32.0263743685445,52.97564858651683,3.9579535001629065,1,73.66161806392077,10.0,0,0
65,1,熊本県,22.25852925375326,111.82506000748438,88.20578521484728,41.54093181060135,14.34213487977916,0,58.053224890750485,10.0,0,0
69,1,東京都,27.015659973003984,146.01705205710445,86.42826482449638,65.93649709006434,29.10076091637372,0,100.61010532087514,10.0,0,0
59,0,愛知県,21.903209734034384,97.13757949926544,58.46002303512539,40.95219260698144,5.338213202881252,0,100.11289612017289,10.0,0,0
67,0,東京都,18.875225597454747,143.16192095403065,182.2621838366309,51.06564132741587,28.614968073482224,1,80.8136121770654,10.0,0,0
74,1,兵庫県,28.441044178337485,158.17616908610023,90.35528438289532,53.542483926472535,8.412174994364069,1,111.13491634218845,10.0,0,0
40,1,沖縄県,26.00261882934675,121.26933616481995,46.58483720001436,54.24437502559955,8.141950051440663,1,91.9736499745334,10.0,0,0
69,0,神奈川県,22.39545322997564,123.37906523134222,91.9722136056244,42.21626036348149,9.65197332852039,0,96.21146166534375,10.0,0,0
45,1,東京都,18.495812369973674,104.47897409941262,44.969098593936025,42.205712877995516,10.498052440472728,1,91.9064898089874,10.0,0,0
57,0,東京都,25.097586627707088,114.57877754825171,26.00352235305689,50.951037987361076,6.534740775076599,0,85.10838505124882,10.0,0,0
53,1,静岡県,19.929501781543532,138.35726682838882,43.895584083820886,55.89255240927227,2.3024766241191226,0,69.22918013145734,10.0,0,0
52,0,東京都,22.339687733816863,127.09907354960689,29.15596181227328,41.78188212449934,7.243483385444004,1,80.26355050378949,10.0,0,0
43,0,岐阜県,23.79298179239462,152.26364596543738,52.01686746758493,57.75254858773762,23.046501068753948,0,100.99481949351357,2.303773962955934,1,0
59,0,福岡県,16.720894415440377,115.47729138322453,174.90628817094154,41.97035486060475,10.403802131145877,1,100.41875767615001,4.520851111310647,1,0
61,1,福岡県,24.718441037025045,126.21900920504845,63.03390973244943,40.77916299579835,2.3722403474269824,1,105.40693427546222,10.0,0,0
44,0,群馬県,20.5512940079007,114.94212858997922,127.24996733926044,37.505170654410364,8.853644324705371,0,101.7489693768398,10.0,0,0
52,1,福島県,30.892264722646722,122.46156073789737,100.55652562943148,37.90672066852067,14.66997795504097,0,76.51954426735817,10.0,0,0
41,1,大阪府,24.00455777436882,114.33132341783134,159.37528457219537,51.53430892621108,17.304441376404117,0,99.87208255648146,10.0,0,0
52,0,兵庫県,24.577170665856844,79.50533332498571,108.719188251347,49.31639226428145,50.119667251357164,0,90.02412502598564,10.0,0,0
71,0,東京都,20.443544887925754,104.02325538128557,101.52166447876682,45.37579255369624,4.228837477470961,0,117.53951611531686,1.6113624036481675,1,0
51,0,東京都,28.43574058667107,135.2339121643916,183.0069314534508,52.40970788729413,77.48029831556977,0,123.24400133139646,2.6737612452418116,1,0
40,1,茨城県,20.743059387306353,107.30444523711714,8.532006456276179,55.50771003930951,4.284242212536881,0,81.92748544639569,10.0,0,0
61,1,岐阜県,25.685122150360858,131.8063058163647,139.85952473996622,45.95395536078378,24.069492099310743,1,92.78675271560559,2.2156242726751816,0,1
55,1,兵庫県,20.90255587826573,133.0943750657379,33.624311086248966,52.24372295579393,19.967913148463506,0,103.90416088727807,10.0,0,0
55,0,福島県,28.14105302965603,145.80965964813288,197.4375349356041,42.38753040197155,29.26660190328864,0,91.99530828687784,3.8997200762859645,0,1
47,0,東京都,25.805209671233406,106.27648145968986,529.8780525225901,40.47906661499088,15.179401636414303,0,120.6019930307086,0.6934137977100443,1,0
67,1,東京都,20.453180312126662,111.82283183686341,118.73758742424259,41.83935505189957,7.221263388297887,0,104.40958432053947,3.3901997612299173,1,0
54,0,秋田県,24.158374930948302,97.13191415965726,116.64491323192551,42.23514779347665,14.40999882055653,0,93.015652615645,10.0,0,0
45,1,東京都,12.054153804788875,107.75131628028667,25.385883235485174,56.55812134078471,10.812657725156301,1,93.13731686516157,10.0,0,0
52,1,東京都,26.592369948572653,130.26262130816383,108.72695666485487,49.3324948820883,20.508669092716904,1,85.07819003269987,10.0,0,0
45,1,沖縄県,21.670984607225677,92.65023637672259,25.99404171042826,54.82648965742784,17.4596461880538,0,87.57285158891631,10.0,0,0
74,0,愛知県,27.390290932824115,145.660999297806,165.33997123025563,55.512191861686745,13.455951169249282,0,107.86297224660203,10.0,0,0
47,1,東京都,20.712044765857332,92.75312098329822,26.065690738626508,42.046397433897276,5.976754497400112,0,72.94335021207343,10.0,0,0
66,0,東京都,17.460344505201167,152.87050509042345,127.46028864431628,42.67085510692993,22.390279307658673,0,111.1391343455658,3.2704121462742513,1,0
50,0,東京都,23.68445768928832,136.58035795254946,40.79317366873918,49.86184309396674,25.85653403547076,0,77.09676485682373,10.0,0,0
55,1,茨城県,31.497817521719455,142.8905813913686,177.34780025397887,40.47583019097543,31.345915358404206,0,117.51363418582226,10.0,0,0
52,1,愛知県,23.66153981764944,108.47529349069956,64.49061570415446,42.249749852865236,4.92400433881943,0,74.35985085129707,6.803382606251551,0,1
48,0,東京都,25.28752448424263,137.36342975755593,95.6024819994022,41.79289939581161,80.95116897668863,0,98.28480389485257,10.0,0,0
52,1,東京都,19.77651939003217,124.33469725261206,24.576713011971453,41.7371401552225,4.597383172189118,0,84.64566230799605,10.0,0,0
45,1,栃木県,16.095035839752036,108.34241054562827,54.536452977266705,42.37568720998054,2.1816513115708367,0,79.74276570067005,10.0,0,0
62,1,山形県,17.544650249312095,113.30291046741674,28.456874298750005,68.3715255943419,8.02335088651483,0,97.39402025372492,10.0,0,0
68,0,東京都,21.672952387354,134.2935131154929,181.83392426875184,42.19216525261306,14.517864710707952,0,110.6372658177281,6.487422443618945,1,0
45,0,奈良県,22.22705472378289,104.7215491800582,47.073091352274915,41.30952253654291,22.002774600326028,0,117.25383663570697,10.0,0,0
59,0,東京都,25.494260502840802,131.29108292518117,209.89820077291282,42.06620883506831,36.42758572667479,1,75.16352733827016,10.0,0,0
50,1,高知県,22.39764150444406,106.67147670349864,125.5891727050551,50.85847061600397,17.47254217479164,0,102.56873775163417,10.0,0,0
47,0,愛知県,23.007293322595018,97.70940131262991,44.25304491493142,52.995918711182334,17.072831469482423,0,121.73345039064647,10.0,0,0
49,0,愛知県,29.988045725909362,126.25074410587642,40.48079652012727,41.49119141195426,35.463900749410534,0,96.19318927209699,10.0,0,0
40,1,千葉県,21.93995546893354,143.16551119261152,24.08958489682376,40.686673708168684,7.131926836684833,0,88.98505576559582,10.0,0,0
74,1,東京都,25.617928605790173,147.49184195704999,95.57451409016961,41.73991544423288,8.883997296379452,0,90.55155216186621,10.0,0,0
44,0,石川県,26.307478397159677,117.9302520208412,41.49535274079607,40.69401213821482,9.609819739344797,0,91.82447923916855,10.0,0,0
48,0,群馬県,28.44178301784368,118.10331104796474,248.86255017108155,41.023403758212076,21.225082506435577,1,109.62019202832069,10.0,0,0
42,0,岡山県,22.380520605829105,119.1508332282391,70.7587210783355,55.29784151941244,24.546716631538274,0,108.14182148139531,10.0,0,0
66,0,兵庫県,19.868186879516387,133.55450805520914,26.710273959559842,54.518870319320115,7.736530846022879,0,116.68509392077526,10.0,0,0
41,0,東京都,27.765252973456676,103.66388214651508,111.64307101913761,47.48150267210733,24.93601325854723,0,88.8296725515435,10.0,0,0
40,1,神奈川県,27.47894206065474,107.8777760287767,75.44208701854218,40.1826127057628,10.25989005232802,0,72.24394872632034,10.0,0,0
44,1,東京都,24.003399145888995,108.5510085204936,78.10968380713737,56.115272698693495,7.139542487438719,0,72.01402381341977,10.0,0,0
51,1,東京都,27.186554303121753,117.54828324678925,152.78919596602907,41.35637461392964,12.18212783908185,0,117.25240702811327,7.870468234698458,1,0
71,1,青森県,22.193063183869892,149.96159699533558,128.38025908717822,42.16908470040118,10.678194915731227,0,94.95156593758307,9.156338182979944,0,1
63,0,福岡県,26.73638836196782,117.9890660680607,105.92608970538808,51.32619050799093,53.9886189476327,1,71.47035447164286,6.213969609227708,1,0
65,0,山口県,27.895970852970866,147.31117131843507,142.85967624701476,37.89781749143292,24.535900128542607,0,112.08301385743076,10.0,0,0
59,1,佐賀県,25.995910618144762,109.66564204734746,145.25750853619522,45.427477254760284,35.73126387667006,0,96.82596101535756,10.0,0,0
58,1,東京都,21.07944777545868,105.47494597457944,15.65360194620762,63.09124038409783,5.99443612277697,0,60.261287681979375,10.0,0,0
54,0,大阪府,23.97266001707765,143.96397474537014,50.07965056797903,55.44107092475594,10.812808263022248,0,98.32300602601653,10.0,0,0
52,1,東京都,18.184112527812424,109.89453992292214,23.245077846796658,40.302121987337756,3.5015457134445307,0,92.78008561286123,10.0,0,0
44,1,東京都,22.199205897526927,108.53321490823558,240.05609232733894,55.2160262527802,8.841621245661601,0,95.90989235602365,10.0,0,0
72,0,神奈川県,23.493732027836785,151.1071944377678,57.972058898111,52.149711011322,27.815625273881864,1,121.8113018894505,10.0,0,0
41,1,山形県,20.154473916746024,137.9040267353104,79.40559900876445,58.947836832992714,9.375864913058876,0,111.27590124762773,10.0,0,0
70,1,愛知県,26.590540086883095,149.3040500791302,87.74935834503367,55.96935299831433,17.48210775274474,0,115.33939553895283,10.0,0,0
41,1,静岡県,20.574182978688224,91.33529296684235,48.238872737992715,41.110017323428856,3.0765213372518634,0,83.25348122300765,10.0,0,0
72,1,広島県,28.395918483178345,146.93123793139998,68.3995585115527,59.72972747532952,23.556851349921338,0,125.0121985633668,10.0,0,0
46,1,東京都,27.724282310332764,120.00916512918275,132.87782852765227,41.892664084627626,18.843114313700088,1,115.45717697667398,10.0,0,0
41,0,千葉県,18.17286249335527,73.53324359474743,27.14029776389237,58.150367501695456,6.5554831127986555,0,57.932923623850876,10.0,0,0
51,0,長野県,23.500322664528234,119.58537113514221,161.00780642735737,49.747311324111564,112.22595957356897,0,90.33821705729126,10.0,0,0
47,0,東京都,14.897262025374031,88.4183789963596,24.47695339827554,69.42708022010834,15.684135374118375,0,83.84152883511707,10.0,0,0
62,1,広島県,23.190625551443283,109.80554196219248,194.3886180379329,41.41030468927201,22.250655635894326,0,118.236027667197,10.0,0,0
52,0,愛知県,23.438318259442507,128.60765907511743,153.30649080108097,42.429783861542866,75.19537508901543,0,111.22807246506014,8.290404566135738,0,1
58,0,兵庫県,25.265672760074676,118.76217376136962,45.29707705744581,41.38565635595546,16.32648877473804,0,76.26162284864147,3.56153697495548,1,0
64,1,東京都,20.86672891663912,135.09822984774763,32.29479309308522,41.18815218481859,2.7847933362708783,0,82.93550330807032,10.0,0,0
71,1,熊本県,27.88875101415563,136.02507111744595,220.4024260005825,42.42979525438984,16.179754460187414,0,115.88729919384944,10.0,0,0
70,0,福井県,33.01769101238177,159.52704054983693,546.2576669364835,36.97229467781571,50.779342729586546,0,91.73087205131839,0.6649876914696525,1,0
58,1,千葉県,20.41983526298935,140.67187008587177,41.43639012607659,64.84160832199291,20.142443603728076,0,90.62638595459248,10.0,0,0
54,1,東京都,21.214436328794402,116.64758134528039,106.30122397612779,41.31066396906927,20.75013079149157,0,105.36839643184935,10.0,0,0
40,1,愛知県,20.61482146354374,92.79191683086268,41.519297528983486,42.27817779823438,28.82388847072096,0,81.22467378629737,10.0,0,0
50,1,東京都,23.760170500603156,158.12914220541222,168.5942106937534,41.82854654941543,39.58184422673657,0,87.44749599783103,10.0,0,0
51,1,東京都,20.743093911464207,137.24395286349002,164.4426587428765,47.4265004059185,13.420515237158112,0,80.34285182342455,10.0,0,0
45,1,東京都,26.995081874567457,121.7843819035254,311.9197648230772,50.1929675829652,54.24993000947512,0,95.89533262980146,10.0,0,0
52,0,東京都,23.910919014890187,140.658332931986,98.07822054979873,42.55535894590403,20.50067617007814,0,77.62695972082206,5.995832771524225,0,1
58,0,東京都,26.38330064405294,145.00308226234256,193.0419565575419,50.78723677191072,86.81753229158808,0,109.09306151594207,10.0,0,0
51,1,北海道,26.594395511313508,116.68343287436537,236.2946490606687,39.69419110590108,13.468136106308844,0,95.9914040021862,10.0,0,0
56,0,長野県,28.267611168501666,138.75779947075958,89.36896248619183,52.80157814326849,50.034555032865114,0,109.64854690027795,5.030368667925189,1,0
54,1,千葉県,31.327196521702607,121.3641263927045,167.36428878678976,47.12594872654738,45.05434698415816,0,113.36356245476937,0.09668346147013666,1,0
41,0,東京都,23.000323554259303,132.73492814932237,95.45557030582214,42.2696970066454,4.1918770299537345,0,65.58545632580575,10.0,0,0
51,1,兵庫県,29.304617220338617,130.2430780120877,101.93680392640962,42.02248796477864,8.612449180525815,0,106.17963749803923,10.0,0,0
50,1,鳥取県,24.65774133352205,112.42700051145518,120.52410228962945,42.07356595485074,8.141732635311236,0,113.42079187105567,4.190623292571482,1,0
53,0,千葉県,18.17362974979791,97.78748101642928,99.15091492315824,41.91430564844315,8.897663816394758,0,103.8952346921584,10.0,0,0
48,1,愛知県,24.93147448986149,144.51504622246824,89.40549373115424,41.92448279186781,6.748014619476709,0,89.97145298131268,10.0,0,0
73,0,大分県,28.472199485046616,126.70824257345103,92.12905412102612,66.05100373582223,28.91278165326908,0,72.30880684658472,7.3885229421634895,1,0
46,0,東京都,15.903579875456856,87.33950351094254,42.92967696351418,45.36913074986608,5.488495979891054,0,81.84673704013531,10.0,0,0
50,1,熊本県,27.62698701924389,140.5458794259209,238.87782082631142,46.00979466891086,51.039107773614596,0,90.16038406428459,4.721642911110347,0,1
51,1,埼玉県,21.161423267090296,133.13027281612992,22.23216981629622,54.94565127722525,19.447156374219677,0,89.82213258210948,10.0,0,0
52,0,東京都,23.79544109165543,138.91625793295773,24.484509542242176,50.85489536000618,6.366835267162548,0,91.97566208532358,10.0,0,0
74,1,富山県,16.031010727141382,101.71392602596045,44.65899936296017,40.492387362581454,11.270697651247485,0,84.36245034552397,10.0,0,0
63,1,東京都,23.909911977076508,97.99137286032878,449.58779710958015,40.97654529877826,22.093984989224296,0,76.87980943912687,10.0,0,0
61,1,埼玉県,19.505376975364968,106.49518666400519,64.79552970800995,41.992610272746965,2.3044810308729367,0,94.61025094133849,10.0,0,0
48,0,東京都,24.017151792662503,141.15673169250056,93.43801361903994,41.856138240744414,71.70120965839527,0,115.05771585078053,10.0,0,0
67,0,東京都,28.56631771326221,142.89642286492423,92.55466419893791,41.17719891354195,10.922283426233244,0,117.18399370721069,3.357169299725188,1,0
72,1,東京都,15.534223155303593,149.32254867923612,44.53009531205111,41.2844567498088,1.8725745263774378,0,96.7505306777375,8.247647729964159,0,1
72,1,東京都,14.900618781876803,126.99535950088767,39.305454843767464,41.2147107694978,7.349429976898704,0,96.38863442111285,10.0,0,0
64,1,東京都,15.682686944317165,107.82598080160209,16.006821971291757,57.84267981783473,11.89403295446046,0,97.39908753315233,10.0,0,0
73,1,長崎県,21.22552818093224,114.90295675762209,116.52070228172727,41.3356217066481,9.01561131197296,0,87.4274910650776,10.0,0,0
48,1,茨城県,24.1396926123407,127.09977527150112,98.82951848166744,60.819801745554834,26.88011313331768,0,71.37176762300842,10.0,0,0
55,0,東京都,23.18345283783653,118.98512566435521,93.33640908849969,41.036528950423325,16.597879364963873,0,73.78044611591753,10.0,0,0
42,1,東京都,23.67616979583913,115.74720421019457,74.8307822747619,41.77928771251517,2.0598530643411874,0,90.12110729394354,3.7785502695657422,0,1
42,0,福島県,20.46852629688344,83.81597246869545,70.557678564186,48.17420129671992,3.1252731034329293,0,88.6058918095135,10.0,0,0
61,1,茨城県,20.93101058132384,153.37335442218927,47.63979240827466,60.11438860362275,3.71358309011831,0,116.84517423819999,1.1899595373197531,0,1
47,1,東京都,26.302014390850953,144.3772797100197,92.53147772847407,40.6599335424338,7.298200578562472,0,103.1792621359844,10.0,0,0
52,1,山梨県,22.198699523078645,109.92213611146303,25.654563177904716,40.64572960177573,5.322235263592488,0,92.40308759715774,10.0,0,0
74,1,東京都,21.948697978919547,121.57432079067652,36.61186520152775,42.82695701387071,2.8437473106979594,0,80.29304979359763,10.0,0,0
42,1,北海道,22.524348365975698,97.98000853034362,43.38310283806206,40.94157095024998,3.7761421150867007,0,108.5751848924757,10.0,0,0
40,1,東京都,24.49148341751975,148.21926587840923,98.43459249496374,41.2724905310566,19.147711125232757,0,98.23724116396977,10.0,0,0
52,1,三重県,21.110025753374206,106.38103468689867,69.63424069005794,53.89714714211925,13.184272489942142,0,113.14044838077187,10.0,0,0
55,0,静岡県,21.511722994831665,124.78394730906678,125.41104007105298,41.28425683130437,50.04510898175959,0,79.44093768121056,10.0,0,0
52,0,東京都,18.4794623316891,99.86638451190237,84.50329155640198,41.3096829486237,23.36572312305563,0,104.72807366483956,10.0,0,0
51,1,兵庫県,22.60701358639628,114.34554854644652,41.81152271888254,56.57469745911903,38.373976680513216,0,101.32591196945025,10.0,0,0
41,0,京都府,22.922592141181244,119.66112972391585,102.46277738095993,52.13717393777067,18.660416723447433,1,77.50088331451597,10.0,0,0
59,1,東京都,23.011888711531675,111.80814093685058,58.648472752760185,57.2374828583001,2.3402318520929337,0,83.85779525457328,10.0,0,0
67,0,福岡県,25.828759254262792,121.22611639953658,226.36989327039785,40.78960469488039,8.071014536070312,0,94.99328824209833,10.0,0,0
42,1,東京都,25.150281181976936,129.80182677282968,465.9379226515159,42.40698721463651,10.892742813173642,1,120.32250192909632,10.0,0,0
61,0,神奈川県,27.09151371368019,104.73278437080559,131.7693716478508,42.312449658383116,5.6841726074418,0,74.0414011181911,10.0,0,0
72,0,奈良県,25.24902874758189,119.15280080769408,100.18221269139237,38.73729990598955,4.354239318812685,0,106.33851370405299,7.518932155258071,1,0
45,1,東京都,25.716916540470844,133.79353690221856,250.52860030833398,45.51185083104147,10.05062930143118,0,93.48998978177853,10.0,0,0
72,1,東京都,23.655225020730192,114.19572074141234,98.42747471401182,46.20652413246851,31.187785019305565,0,72.80336714458053,10.0,0,0
45,0,沖縄県,23.837883017383394,117.30828468265479,79.24984623248082,52.24332856332842,52.1087269503111,0,84.37036506820964,10.0,0,0
61,0,東京都,20.415063877340113,117.1001514820372,143.1444614121795,42.09416558426201,8.905800693335475,0,87.17360559711723,10.0,0,0
67,1,東京都,26.824430925733576,155.31602070821515,97.80090595034459,41.00954371452204,7.258905591498896,1,77.50229691418048,10.0,0,0
51,1,新潟県,23.052512726492527,140.09703198643135,74.67908243156747,41.856467260922464,9.376473825274589,0,102.34782426266054,10.0,0,0
50,1,奈良県,26.374056570610254,148.76697268733693,121.88090754608116,40.57741840136211,22.704608010370404,1,96.71959497795558,10.0,0,0
62,0,東京都,28.95091571748289,143.2680210756307,183.03858902197408,58.93390123910726,10.901918620458993,0,79.75641624715624,10.0,0,0
57,1,栃木県,22.590823455286696,122.07847781894964,227.2901566738711,41.06484785493657,19.292031249230526,0,83.6918932759624,10.0,0,0
62,1,沖縄県,20.442236324965414,90.00424480565093,97.9810337297177,40.43497856208309,58.33839377690573,1,79.49305649112934,10.0,0,0
48,0,岩手県,23.682944035222647,109.57382248205654,77.57166966329893,46.83872984077959,7.395605693510091,1,101.02273383405716,10.0,0,0
50,0,東京都,24.195483018942713,110.20127930213518,86.41088378820125,54.01488584845054,10.714373042697074,0,70.62919529102649,10.0,0,0
51,1,東京都,25.13419764760665,163.94999066183308,47.65955450483939,55.04600175526002,24.506348220298733,0,98.93855204796122,10.0,0,0
53,1,沖縄県,26.902635648210126,108.00197222922574,81.28714527517215,52.27505741785158,8.531624291226876,0,108.39535127036142,10.0,0,0
44,0,神奈川県,25.492179985685045,109.89510552040694,87.37012448314485,41.67818696261555,16.397631288045062,0,89.3071060267863,3.682232526981713,1,0
61,1,石川県,25.86835996967376,142.8997055433814,139.6759811824135,41.07814102377191,13.83091056552778,0,109.22852682226358,10.0,0,0
67,0,青森県,18.816451690447998,112.01016772411731,123.36743539876048,41.27726023804661,14.93098788181458,0,87.77762306489855,10.0,0,0
42,0,東京都,28.308381250842835,99.75183817181252,316.0723155908469,41.9886027352669,86.32419990951044,1,108.52493986595665,7.967642155476072,1,0
73,0,東京都,18.747917997867003,116.63377773282262,98.05327645944513,48.23384376839167,23.736594975035963,1,101.92486748439022,10.0,0,0
48,0,山形県,26.36608178619022,133.92319411538398,79.82260304899557,41.00123944661604,13.52530489287402,0,101.73667675714653,10.0,0,0
65,1,群馬県,14.899226530311395,109.54969359554663,131.97276871010288,40.93565285702836,18.37046228990759,0,83.82332326115076,10.0,0,0
46,1,福岡県,23.014155887761284,93.73932428808641,25.718597803507073,64.92861785080329,38.384283002040675,1,76.20931937062161,10.0,0,0
70,0,岐阜県,21.38456640752782,95.51799626031628,48.42617159764069,41.10017188493574,11.428660229822206,0,94.40758364028441,10.0,0,0
42,0,東京都,21.217854024255498,85.5669247050668,44.85587506702173,58.995721379655386,27.032589348169722,0,111.86883973017846,10.0,0,0
65,0,東京都,20.418629504078048,101.98283886376714,110.89278263532444,42.06984695646256,5.101727966485083,0,116.5090030272293,10.0,0,0
50,1,東京都,15.091607532330604,113.92147055641693,12.788295452629981,53.85591157219208,8.158670660865448,0,76.25689055852104,10.0,0,0
69,0,京都府,28.019999935059666,143.99957980880586,51.57751969344202,60.35103823865173,8.94848812172674,0,76.25604862737075,10.0,0,0
72,0,神奈川県,21.907635650913623,148.43918009348556,62.84495920836633,57.237610783833865,8.227635151322584,0,89.81571843076075,2.3274637979145285,0,1
62,0,東京都,30.240622826666637,139.29913693134037,343.4591273801532,41.06303841707902,24.94675223922587,0,97.82957237092563,0.9329719413791376,0,1
40,0,東京都,21.676823105035528,100.65830818423012,25.984230418341646,40.47497453591127,15.29872197331184,0,69.03628946575671,10.0,0,0
41,0,沖縄県,25.0570577807356,117.79360829877835,112.13203021471978,52.200978061671826,47.208921382206135,0,83.75027667199619,10.0,0,0
57,0,愛知県,22.306788715124682,128.84364186689004,33.30964881074877,56.290247890611546,12.529306463327226,0,109.72699405665747,10.0,0,0
43,1,愛知県,26.10854570974615,142.24708150732266,106.34217147014407,61.545562617846144,18.258255695533613,0,90.87765747375431,10.0,0,0
40,1,東京都,22.258537513865615,95.99094281602802,19.108670794530088,42.00481040879184,22.011680065130996,0,67.04565471846624,10.0,0,0
74,1,千葉県,22.738849906798155,115.3480275891935,110.6044120216877,40.412319849132956,11.872855031953849,0,94.68885052987268,10.0,0,0
46,0,愛知県,21.482747681723225,116.88924372359655,12.254465456229196,41.04880379761834,7.309122655191977,1,80.85861297472586,10.0,0,0
57,0,東京都,25.806007625733663,117.93016497975455,108.22025537557911,41.51590748494487,28.649180608394346,1,84.60870339338378,10.0,0,0
65,0,兵庫県,13.664104507385208,125.20063830843017,24.60951046118762,51.91104881274896,4.940921647157434,1,66.32736385368538,10.0,0,0
54,0,静岡県,29.094591674437808,122.04001501099333,267.0204132657625,42.20957099223309,19.81255722159016,0,83.32107728898762,10.0,0,0
73,1,愛知県,24.512760826766502,137.3790108595979,127.21793897903098,56.10407544557155,56.13900636712622,0,122.89135067926397,0.3737104804712487,1,0
45,0,熊本県,21.74542374452184,144.2072534276621,120.39772529610065,58.10043830483649,15.69187394783837,0,107.37871148641857,10.0,0,0
50,1,東京都,19.074474850356907,133.13059346202516,84.44195292476346,42.263962395682185,71.2425224889383,0,90.57347666234155,10.0,0,0
56,0,東京都,25.625400117460227,125.73607351558493,84.97196973081101,41.8188675179149,65.24992530305022,0,98.0298645449838,10.0,0,0
66,1,東京都,23.833437316280484,112.56349636358404,75.87124173803288,60.1513940737613,19.514948000245283,1,107.793051113486,10.0,0,0
51,0,東京都,18.40516989893219,107.71031254953459,33.735879638556064,41.10848842870154,4.909094332334657,0,89.24562709650945,10.0,0,0
52,0,京都府,25.374573287549406,133.17042635038214,59.783001710850876,40.13112865020116,10.333671185023551,0,109.46465882829665,10.0,0,0
68,1,徳島県,20.685185764222975,93.03808648474143,58.318132421340245,43.83382835923316,11.920949177923553,0,100.9881183712781,10.0,0,0
70,1,東京都,21.29281401114087,140.67038541561607,82.08084245449864,42.82444992076924,17.931374800427268,0,81.91697904655291,10.0,0,0
63,1,東京都,31.490370363804338,142.27547886329342,92.60421318199786,64.9621658337969,49.86971421780563,0,107.28618010038157,10.0,0,0
51,0,山形県,22.264930724538427,135.76983663373088,30.127613484102774,52.950190825228226,5.584762641313472,1,69.6838327687672,10.0,0,0
66,1,山形県,21.777060683054493,115.92516571951941,146.13353533785613,52.20277959308116,22.54500432139237,0,96.5429309297228,10.0,0,0
74,0,東京都,24.896249921845314,163.10479923808296,57.22727395821179,41.83938692851434,7.742456006050218,0,91.922264674117,10.0,0,0
68,1,広島県,24.093665728215502,110.29490019428862,169.24002412893645,42.13475606642153,18.137710935819342,1,122.00068750302391,0.6940051322262029,1,0
56,1,滋賀県,22.106166539894076,138.23785437109015,66.9813061642175,55.55615501595889,19.847459226682314,1,73.44131685949499,10.0,0,0
61,1,東京都,30.467055702049212,127.20605431715266,198.62236687543955,46.38251098628429,39.91520325202873,0,116.39748657389396,10.0,0,0
42,0,東京都,23.675896551012123,133.54041281634895,82.74762609020408,41.07207853043744,13.288745264645382,0,76.64421325378946,10.0,0,0
48,1,京都府,23.875668832808987,104.2566944601247,59.77875991875866,41.665458086670846,2.217853106334446,1,103.94005148369881,10.0,0,0
74,1,東京都,21.129985448609688,106.3042511872121,137.95667684574752,46.42092095592503,8.331060542541735,0,114.15117656366442,5.997493925473231,1,0
71,0,埼玉県,31.57663049035512,143.16263574652342,182.9736410245046,37.999387850854085,26.415070375876404,0,107.25681462111459,10.0,0,0
49,1,北海道,24.33785972157639,106.14506977826997,107.17695915071168,41.81326201546617,35.66848999295358,0,99.99706784543173,10.0,0,0
65,1,神奈川県,19.161420327956296,120.66822189099304,108.24251907794293,41.99234138765353,5.452315819613561,1,79.47764570157372,10.0,0,0
67,1,兵庫県,16.577366773689118,126.39944574863182,54.75225302701314,42.598857274598394,7.570864268414628,0,84.85134329030194,10.0,0,0
71,1,福岡県,26.258131744184865,118.50147128565187,138.81942350690878,63.32608132589159,67.38286486073476,1,118.93759634351282,2.513937093658244,1,0
40,1,東京都,23.17930223671168,67.26860398732016,32.51834282166743,42.46174595081371,24.98133700381054,0,88.71764499192915,10.0,0,0
50,1,東京都,25.34897852954679,142.17458514500498,61.541498716371315,41.77933375382108,7.314518257995134,1,113.36008436734694,10.0,0,0
65,0,東京都,21.94519411435863,113.14451594056014,23.34839129430155,40.97075319822043,4.2679984307539325,0,81.95512865062685,10.0,0,0
61,0,東京都,22.200299951426583,139.86876941660358,97.52960658096313,41.07501400469718,19.573022828008018,0,113.52792295633645,10.0,0,0
61,1,熊本県,25.45057119675808,146.34214755224139,359.1641032060369,42.43304400221921,12.383758536002382,0,89.85320228597689,10.0,0,0
49,0,大阪府,25.626636810343612,115.95212631862053,116.4328566686655,31.860865872365704,9.467825198174733,1,91.9606709379778,10.0,0,0
54,1,東京都,22.202581077979247,98.11482586420962,164.74934761360282,41.25398617330486,23.506776697496612,0,114.42412850895936,10.0,0,0
45,1,東京都,23.256874021582018,119.37029855318764,98.01277473311679,41.93937641512211,2.808786762767501,0,88.52876066314423,10.0,0,0
55,0,東京都,16.661253742716696,143.15629056533004,23.877354421273218,41.45300987766511,5.437804081260197,0,104.61003328167277,10.0,0,0
57,1,宮崎県,22.252594348751032,101.13385834397691,229.96780733138303,42.286564884799795,6.662451734167046,0,94.95858723739948,10.0,0,0
68,0,千葉県,17.693173383813512,104.78433087094666,43.79341716582884,42.661173081174994,1.1536228681827208,0,83.31414578003225,1.1960383838966564,0,1
41,0,兵庫県,26.264951431918274,108.3455726855233,38.08779107143917,52.44696213968558,3.4152756655265333,0,67.19760071621444,10.0,0,0
66,0,東京都,17.941901429080875,111.42588765091836,229.72405324851246,41.74377811075212,18.449075574583137,1,97.03091504335296,10.0,0,0
65,0,島根県,28.445271420536354,132.48984233209367,182.97660901197412,41.72313519019399,7.227729963070846,0,90.93596296665505,10.0,0,0
57,1,東京都,24.195925525182368,138.824554768938,106.86311244139642,41.66793230294465,3.4133847257554932,0,113.83413522489747,10.0,0,0
59,0,東京都,25.095665250002654,124.32821915590782,69.3495131105215,55.24390183102311,21.567103060289988,0,91.8737634668564,1.715461802200269,1,0
60,0,奈良県,33.011884352123836,143.22279004996187,121.57480925288921,53.96022484191991,25.156464090257305,0,81.46374756978189,10.0,0,0
50,1,福岡県,27.00291664657893,154.31606541701697,134.79005771146507,46.82654236553296,14.23928973848196,0,105.6494097939205,10.0,0,0
56,0,東京都,21.69333884487567,128.51468858219332,55.88406331608199,42.39928362815306,5.4080725773363145,0,113.15340196704582,10.0,0,0
46,1,東京都,20.558558051071675,103.26501338758689,54.1878062425138,56.54835262660719,6.5401614056079636,0,74.37368011283746,10.0,0,0
64,0,宮城県,21.456699602887653,146.944174302228,103.1224734497959,54.59937193129581,8.045498346492382,1,105.3640549709225,10.0,0,0
64,1,愛知県,21.130980662051776,163.16293931612705,54.63528382429425,58.0797619052704,4.423599242783375,0,105.17526532721509,10.0,0,0
70,0,東京都,24.90970008917932,149.60796676372024,130.39290137400553,40.841123501262835,17.289290141495123,1,108.39241212062888,10.0,0,0
54,0,兵庫県,22.450529102685454,128.1007524501601,25.713543245346,53.985487207376615,10.90190955043102,0,58.20651497089447,10.0,0,0
53,1,神奈川県,25.565366702881168,104.31539107663836,102.39640236012414,41.786051361003075,7.340093676657246,0,124.48587527242297,10.0,0,0
40,0,長崎県,28.43622064085687,133.0766516000452,35.727375843687355,42.29058695394412,18.42057978955066,1,113.97546773303647,10.0,0,0
44,0,東京都,24.681014529292536,118.43759715133822,67.30657492184342,42.40619522890635,26.715356679564533,0,85.28515128823821,10.0,0,0
46,1,東京都,22.4945502359251,121.77506481186232,53.783033071660256,56.60341527632118,15.691930225842315,1,81.94731733250458,10.0,0,0
57,0,石川県,19.8009613901882,89.01060933883096,38.298431697191006,60.20995019849557,15.76463681308644,0,85.8699775329459,10.0,0,0
73,1,秋田県,29.31065211972508,141.0631310721325,195.36575638869678,41.299342986584186,21.217100022910692,0,123.28816945148428,4.906837757207649,1,0
47,0,東京都,26.449138179090387,164.10937317003396,145.2571509539275,71.97408457149118,80.8832524471338,1,96.04876277704575,6.450953266749053,1,0
43,0,神奈川県,25.012789882431594,158.11509979954883,46.19688436968334,42.03511990471538,22.778420212769067,0,72.01431661182191,10.0,0,0
53,1,福岡県,29.88990816706193,107.69595811952736,40.218977483333056,41.609410933834255,6.812424636173368,1,86.35577029074786,10.0,0,0
51,0,長野県,27.82569786336344,133.3270045739319,86.85060688796364,47.70709076570445,41.93549244555965,0,77.50991377409314,10.0,0,0
49,1,大阪府,26.007060755843685,119.05494082861418,128.85659945519288,41.39934045568,23.122491649641244,0,90.45789091865899,10.0,0,0
48,0,鹿児島県,27.879938701031357,130.94077906494678,102.53811830424253,42.56358154901656,13.468079336427541,0,92.56617167860023,10.0,0,0
44,1,東京都,23.51753884409387,100.65833604524788,116.50772583455017,62.31538723610969,24.554188276404076,0,70.56158719875634,10.0,0,0
58,1,兵庫県,14.898608257348341,126.5756749167145,105.78181995263449,62.12799491866351,26.95282528910752,1,95.66499794614643,10.0,0,0
44,1,山口県,23.05874358220153,146.11776876135923,57.241383383500626,53.32720364714605,4.227516472057559,0,90.45682668915917,10.0,0,0
45,1,東京都,23.746080243788008,128.97721960897516,112.18759590906681,53.910302355476844,21.163533497754727,0,78.51980537249639,10.0,0,0
61,1,京都府,24.909740773528508,116.87406543733438,136.39705943807797,51.088047244781684,29.622097160346737,1,89.31120236595413,10.0,0,0
68,0,兵庫県,18.718020407686762,131.88145062137957,145.3142153661105,56.052401040958756,23.09966767070139,1,90.92075342831875,10.0,0,0
66,0,沖縄県,22.545119614582127,122.81920308618453,98.05607887339127,65.40571118992199,45.55950297295443,0,102.58693692019403,8.6881494325437,0,1
62,0,東京都,14.983570390663731,98.40095884607723,51.65474330221535,50.658487468537594,3.7526559554502,0,92.41499396280639,10.0,0,0
41,0,福岡県,26.689054752751662,123.36379815595691,112.63964201786884,42.245940768084246,128.82344562940006,0,103.17867716479554,10.0,0,0
68,0,千葉県,24.000571234910584,177.03104663968082,76.94973050313433,61.28068942849747,24.144447248358272,0,93.13637674287457,4.907663889002615,1,0
72,0,熊本県,20.503535465328767,144.87660352850457,103.39129234675946,74.32217271570043,10.687256051114321,0,100.78155976324094,10.0,0,0
46,1,愛知県,22.731898967771635,95.09410777580173,51.08853337991744,68.38818728889133,19.864634949771975,0,90.90435823269071,10.0,0,0
63,1,東京都,28.536096729879116,122.08637059069562,166.97162058138085,52.20883515825289,20.303072500482077,1,93.07345354844885,10.0,0,0
57,1,東京都,20.137204770716576,109.55140490221093,27.469988988319088,42.24256743309537,8.535170255610982,0,110.82809331301014,8.580628354249159,0,1
61,1,愛媛県,24.255258750482493,125.24365040127981,83.75048004012949,72.2078315631745,32.43383299951934,0,125.30554724004665,9.28420037216851,1,0
66,0,東京都,23.12354726959576,120.6558857795385,89.63412654662952,41.85346100114561,5.832677549243346,0,68.54403524820093,10.0,0,0
56,1,神奈川県,16.36074003702759,98.34144715590543,54.881371518841696,42.25118894844915,3.348361768962067,1,64.17955272634195,10.0,0,0
62,0,東京都,28.914446152890356,144.04684778335744,187.37662256169978,41.0993544117607,15.062889493592332,1,109.32750730389915,8.138713562792974,1,0
43,0,沖縄県,19.202660235449073,114.19433453936111,32.38054475018365,64.20404585527443,16.064917342237923,0,93.30349674258746,10.0,0,0
40,0,東京都,25.35716294264764,80.91562039543173,87.49376000864096,41.28985785687531,11.09163482796949,0,64.44150508091337,10.0,0,0
42,0,東京都,24.52458543578824,124.41277219002694,143.5043111083582,39.66760757655652,26.84483955451144,0,110.6228867521596,10.0,0,0
45,1,福岡県,23.124353696094005,105.77606701498351,143.13418885806584,41.35356844415095,15.491143888542897,0,103.0596778590691,10.0,0,0
70,1,東京都,13.769269147541898,108.77397913746077,82.03917820259363,42.06878450568379,4.243124243211235,0,96.20273839063104,10.0,0,0
69,0,新潟県,27.62353458715715,147.07756645212504,176.25294440446658,52.27410856932045,21.193507560207227,1,105.3761471172793,1.394031222508804,1,0
53,1,神奈川県,27.49240733854849,145.19431512735375,128.43187125460787,42.40355009778492,19.86436755741223,0,70.5981875060649,10.0,0,0
52,0,神奈川県,21.484955313104955,133.753783237676,126.65221231571962,72.25948771514511,12.53050937125094,0,102.64343669411235,10.0,0,0
54,0,岡山県,16.46422973669964,121.16666829358337,27.16623660446191,40.57343164139479,6.750565008476688,0,75.19181280033044,10.0,0,0
48,1,沖縄県,27.37183414781822,137.7251793026882,215.8129171345059,42.43973169735006,11.541075405878637,0,101.3509145241961,10.0,0,0
51,1,新潟県,11.70285165913844,114.85879699822422,35.627774594675174,41.05396972901093,2.9189659594741597,0,97.45059738408433,10.0,0,0
45,1,広島県,22.686413737216515,113.18082115155646,48.1074453022311,60.676943756789726,21.698902317148267,0,125.0,10.0,0,0
48,0,東京都,21.287716110746796,132.72563235893085,104.4899054692284,49.59550061426488,16.52246725777937,1,111.01924706326602,10.0,0,0
58,1,東京都,17.300532269790196,103.30498711592772,67.51627074847845,41.973350492718644,6.73499671466449,0,77.10982833116188,10.0,0,0
41,1,東京都,22.312010836574874,126.20916761659765,150.24300795223138,45.46105335372769,30.177059365111987,0,87.17905840604624,10.0,0,0
57,0,東京都,16.31858760223104,115.48661522578904,123.94783577809406,65.96790892717567,19.50898739992067,0,88.65483945665932,10.0,0,0
44,1,沖縄県,23.677810208161866,127.26885393927438,151.57872104268844,45.07458093918233,39.917395956970054,0,76.90957599279686,10.0,0,0
45,0,長野県,26.51701677214732,119.66097889599239,78.1109160100851,54.25931744442755,25.10138677812339,1,96.85185200241564,10.0,0,0
56,0,富山県,21.46597113072939,133.75075378901073,46.549848818473734,41.83600319449465,22.030239272959477,0,86.07333948032338,10.0,0,0
55,1,東京都,19.109377380767764,137.7684252941449,111.05492984094063,41.21699950213947,4.912295809208636,0,94.35755475990699,10.0,0,0
40,1,東京都,26.592509506354915,116.94220225693077,109.80266471582097,42.19249580391935,65.16426701238011,1,79.63793353680597,10.0,0,0
44,1,長崎県,22.579231253370015,101.11099143395865,11.714652231044104,41.755909221841655,2.5904455324317843,0,71.96153667344146,10.0,0,0
55,1,茨城県,27.026774888860547,124.00299673376139,154.9147723110796,55.28389157060418,64.72693450729336,0,125.4044908084355,5.281867376699807,1,0
67,1,東京都,17.4633446818745,128.97984364171407,24.881823021979628,42.32323083211263,11.35884125216484,0,93.56782592494807,8.85006921286511,1,0
51,1,東京都,22.464611603907073,93.11153590609831,48.57997090484573,41.306342363164056,19.539424292946073,0,94.36787577588677,10.0,0,0
47,1,山形県,25.11813998486726,147.0822369615184,66.65593892442409,41.841015883545964,8.88601377718186,0,100.6907090396914,10.0,0,0
65,1,愛知県,23.99134849247832,137.41117992104677,89.35319269503938,41.354942320920365,3.640700118445737,0,104.92174160504331,10.0,0,0
70,0,静岡県,15.679930409786914,98.05982612971067,36.48035112170769,40.976688777988294,2.4872856885199193,0,73.85778411169368,10.0,0,0
40,0,鹿児島県,22.5260609413486,103.03865038215979,107.48661696109622,40.54376280102522,6.7041235268083605,0,70.15084985844122,10.0,0,0
47,0,神奈川県,22.59074239651637,124.9599762033598,81.36098346404835,55.899119263257965,33.55690437990599,0,93.50246094585687,10.0,0,0
48,0,東京都,25.579227650998266,109.08467954953694,125.61031470578894,41.95037479808336,24.93742217420587,0,113.37242000251368,3.9029516039744925,1,0
48,0,兵庫県,23.58507231330247,110.47307611460066,124.20061392412161,41.7834503199203,25.796039334123602,0,83.31554040360257,10.0,0,0
40,0,東京都,20.212657581915266,97.39950451659247,68.60216318415745,72.75500397448302,29.206869068221774,0,92.66616121100195,10.0,0,0
56,1,京都府,27.554963239269277,126.04436834571524,85.1132351292824,44.975397301458514,4.710803961431952,0,83.9528318323915,10.0,0,0
52,1,東京都,28.878326746893276,153.60094400604015,80.48481391469397,35.52222861744025,12.392189306931332,1,109.37827997669766,10.0,0,0
43,0,大阪府,23.352623526488525,107.36022187863036,26.366954937827632,60.13573010913673,14.470062155901296,1,62.6212937790609,10.0,0,0
70,0,三重県,30.85364244746045,133.49010961315062,133.34299479866306,41.87422727532903,21.226957698830383,0,102.6325178895704,10.0,0,0
66,1,福岡県,22.377652908595934,108.16770572252042,114.72270385011203,36.1600899763347,26.307601981861918,0,100.66103226276007,10.0,0,0
70,0,東京都,23.704020273238427,144.55382072889822,90.72513505154365,42.29173140526195,14.348498774666608,0,87.23409893714268,10.0,0,0
42,1,東京都,23.313703891254622,94.56054846600676,12.3490411934315,55.454061792355944,6.997563520708433,1,86.8829811766635,10.0,0,0
59,0,東京都,22.42000123879062,137.67814724388666,131.40424408388057,41.7565120427111,7.725168393319535,0,100.05609248912316,10.0,0,0
70,1,大分県,24.16530389259104,116.72959307332923,32.55582463579291,41.47317933220758,8.430064002045441,0,87.78210543406115,10.0,0,0
51,1,群馬県,21.214555524778184,117.33065332546857,123.13295176591288,41.915736599490934,30.13419502913885,0,55.35101236603523,6.273359010941578,0,1
48,0,福岡県,19.04992491376373,131.23753018679605,96.18796959243969,40.45668662008503,24.504475915885347,0,108.36538037827444,10.0,0,0
49,1,兵庫県,23.972695814626118,122.41866031543408,82.56836157154905,41.35984169857663,8.60493707141049,0,91.81466393485336,8.010382541524747,0,1
43,1,東京都,11.772476854807147,123.77944715412637,46.60308523828595,69.46989002138048,10.036247429208089,0,93.6464106602051,10.0,0,0
43,1,長野県,16.366933851063575,90.85760261636564,37.3511318040816,81.32908663303674,4.191815793175676,0,97.68384374452316,10.0,0,0
61,0,神奈川県,23.648713575338665,127.20652950473247,155.49751091306712,41.502924452902185,9.42897928789918,0,73.80639724702678,10.0,0,0
55,1,福島県,29.749693043614123,127.86932039533811,81.16205444329647,48.93873754278407,16.340907385416013,0,70.32189627729846,10.0,0,0
45,1,奈良県,14.65901429468043,111.89715124100525,33.330653248574954,57.598724673449574,9.194192373766656,0,73.65895224792364,10.0,0,0
41,1,東京都,28.925880450526716,130.61080865381774,67.0763308968976,41.756029270537766,10.346144934852898,0,76.26164856207764,10.0,0,0
70,1,福岡県,23.723854208980345,127.2646242061249,39.74849246856695,49.654457659248386,19.16320662214545,0,86.5500211276018,10.0,0,0
49,1,福岡県,19.756837722220297,144.1229798311763,28.06055262172934,55.416457100779354,20.55346680154117,0,81.60000706162353,10.0,0,0
63,0,兵庫県,23.00707245357637,127.97802608123224,116.42025076294568,56.33242668359301,45.63251775876766,1,77.63794873692477,10.0,0,0
57,0,東京都,22.509812619139318,126.19950539014839,196.56961202020693,53.83687371002554,17.970860394892963,0,103.2435247344021,10.0,0,0
66,1,東京都,19.16587505458078,144.23303936790168,102.28295650020432,42.68938844375813,2.7597776851324904,0,91.44487812121865,10.0,0,0
55,0,千葉県,22.85947015016613,105.08736401591581,73.14398424210057,41.72641003659219,31.654397896381408,0,95.19981491315743,10.0,0,0
74,1,静岡県,14.13601410622902,105.57248595312899,145.25759732206984,53.94001690920068,8.851736252898391,0,123.83672103116855,4.292528557677058,1,0
47,1,東京都,29.554632122812976,126.62357048554173,100.90171803998062,35.65274755190183,47.8585789625813,1,87.76821817554378,10.0,0,0
53,1,神奈川県,12.341892463223791,56.80628183998054,7.66379588530872,41.93931946871927,2.6245145570053072,0,84.7792910825808,10.0,0,0
71,0,愛知県,24.194996764672076,82.74416470724327,29.52706134737701,41.87648373993325,9.486118798979211,1,82.96708668869643,10.0,0,0
42,0,兵庫県,24.834954523453103,107.71057273718512,46.419583685372615,41.03795028985759,7.371617962277534,0,90.87478102680535,10.0,0,0
51,0,大阪府,20.710540041150427,127.10408020914063,87.69954507541902,46.78464314346922,6.08786335743131,0,99.91296388881378,10.0,0,0
58,1,東京都,25.12143192505966,137.48788684242015,27.22753396421756,67.69246325775588,41.48270863108177,0,114.53705615938085,0.47553689592167625,0,1
46,0,滋賀県,29.527595778183,150.70534925695253,33.26254269816496,68.30109734136923,13.461170424845418,0,77.28582507685324,10.0,0,0
44,0,兵庫県,26.984044624199086,99.18038426970571,162.37351201785015,40.7829800635878,13.557581407192266,0,85.6526894531577,10.0,0,0
51,1,東京都,24.869663754061506,134.19594841087422,108.28630209102695,64.04231235011976,89.18692252982073,1,102.14565003523678,10.0,0,0
66,1,大阪府,19.584902294507536,106.17683376020521,43.51120419422084,54.24381238959613,15.448845103337154,0,104.45065458910554,10.0,0,0
59,1,福島県,16.223457827127277,99.48134836585349,27.140261562876344,51.34571898074301,6.456846146117668,0,90.87722604929935,10.0,0,0
45,0,神奈川県,23.546402290614903,101.98172679379601,75.7528281249877,41.00880978753868,13.667858375118987,0,90.57505162596912,10.0,0,0
44,0,茨城県,24.00946421289558,93.52322137124278,88.63366707640738,60.101824961783635,89.25655109031442,0,91.17475078192646,1.5999263664438954,1,0
56,1,神奈川県,29.078919872899625,114.39352943694425,145.39067843652128,41.565057106141595,16.324900222034593,0,97.62063668333523,10.0,0,0
57,1,埼玉県,27.397134130783144,137.87199836676035,124.09698393763887,41.74106742221603,17.870728920396754,0,99.25206881033911,10.0,0,0
56,1,静岡県,22.44333992143904,100.78845102558964,57.956078742288135,41.608925627127654,49.94163927138987,0,117.06270268640334,10.0,0,0
45,0,東京都,26.451246341129963,113.94314961261055,87.89423289566751,53.8440522616911,10.118597303355493,0,93.61351106808458,5.013477901417458,1,0
41,0,愛媛県,19.80196233224306,133.0974384393815,48.545028816291925,54.8361954661704,13.528227837766961,0,96.42114147830965,10.0,0,0
64,0,茨城県,27.88288047673075,144.942684218967,56.026445103810104,41.403796827900045,9.19457884785707,1,97.52817422594228,10.0,0,0
44,1,大阪府,28.94986373595793,132.4219150755499,81.93156739573519,41.7438350547956,35.623362602477926,0,100.34465432191249,10.0,0,0
41,1,東京都,24.118047593331497,79.29592974904521,58.86733664896496,41.62082190821547,14.011727756021147,0,111.26255011292693,10.0,0,0
70,1,青森県,24.83787088976254,131.73537639053552,96.18781182153738,52.127811424334375,8.071074419123436,0,116.56855126697756,10.0,0,0
57,0,大阪府,22.541113709581847,129.0918970891825,85.5245993539746,41.85608511410286,3.1728660629595895,0,107.880329080971,10.0,0,0
40,0,福岡県,20.503936834243984,104.12156618669542,52.268023430122646,56.59697393806844,18.93466536448067,1,71.62150072048307,10.0,0,0
46,1,山形県,25.805517284669627,148.4784277985523,43.609276099166586,42.10403745464837,22.05434385263634,0,110.32892821932961,10.0,0,0
42,1,東京都,15.977850129901906,80.7529178082624,31.335277754488445,49.229648394978,21.439813168182773,0,67.06012055654641,10.0,0,0
56,1,東京都,17.51827225482174,98.56329412654091,116.36284921370041,41.55628843012167,3.6679858241983037,0,91.19598709590876,10.0,0,0
49,0,静岡県,21.908360692097624,131.04626673955244,42.951624222148425,52.01790809022197,6.3707665380907565,0,78.51218080385694,10.0,0,0
60,0,大分県,24.170620729890327,98.113490432405,25.67750227368574,40.003077669291095,4.737419590127747,0,66.35242398041025,10.0,0,0
41,1,神奈川県,16.02263798226757,99.63745624275381,95.49629243089566,42.051697049554505,38.37804190192561,1,105.37020869963966,10.0,0,0
40,0,茨城県,18.17442749017568,110.8166772835292,116.49702664938843,62.21661141334273,13.286413250427803,0,73.8574484336788,10.0,0,0
69,1,兵庫県,27.23826495056287,150.58237492023795,22.570403714401024,42.74653150115562,18.14572339279785,0,100.72901790176964,0.47551032598437387,0,1
57,0,神奈川県,26.10643883301874,155.58179048047538,100.30858495913574,58.4803165643317,35.24913837080638,0,85.59298459021798,10.0,0,0
45,0,東京都,31.557550161068413,120.38931324193344,122.67392879220958,41.60901171397196,39.34357847501701,0,94.68076286988264,10.0,0,0
40,1,東京都,21.875098492433768,112.98800859802768,24.77655537869865,42.43290530895346,8.972090428518946,0,62.37815768605501,10.0,0,0
53,0,島根県,20.487783026889872,138.67826192185353,66.3956245600654,53.07434789193464,37.29473338294907,0,89.33666079404348,2.8595303744046463,1,0
51,0,埼玉県,26.049146934071583,136.02615955006635,61.70620549897726,41.79301323147128,13.633576884448772,1,73.74546208541817,10.0,0,0
45,1,愛知県,25.547474183461713,130.88142256487367,188.98717042511882,69.87228758853395,139.81036360533298,0,93.5469985955587,5.510117870276838,0,1
48,0,大阪府,31.441718399957352,111.76267114512366,90.37427872351071,50.44891892638803,24.5353095351761,0,82.72594721965199,10.0,0,0
74,1,東京都,18.584577906399687,98.55110885026446,162.04749510107192,60.343208055070846,46.69503757513869,0,113.12717728492252,8.691762621044681,0,1
50,0,東京都,29.398832380342533,133.47946969391398,188.99228668616033,47.89352824361928,26.95588154369364,0,125.0,10.0,0,0
71,1,神奈川県,25.28230681080893,156.77312042575633,202.14090609955923,41.53317912742748,8.235943353519247,0,97.59601151178342,10.0,0,0
69,1,東京都,19.676999793247983,150.26832528287352,49.629563888601396,42.02818526350422,6.057808958979684,0,93.10285254962861,10.0,0,0
66,0,埼玉県,21.300228805282593,114.66382170079125,177.89774179963493,41.18093874919942,8.143972667231793,0,108.49549498103642,10.0,0,0
52,0,大分県,26.02080582280642,122.48788746142641,68.14138490937913,41.49831598931069,26.154744562833436,1,109.24234610882066,0.40592143489377897,1,0
52,1,三重県,12.66194562601694,74.22863656378584,71.00896426633392,48.98806471465081,5.015766344465546,0,84.1491704565899,10.0,0,0
51,1,東京都,25.829958079870263,133.49431836086663,67.41297291719314,40.987011337960794,7.702840884897577,0,92.58925527691476,9.178781365109502,1,0
44,1,新潟県,22.94394899735423,115.57015868366439,82.82180280616204,40.5032349756823,2.2668685385275684,0,83.96038615850583,10.0,0,0
60,0,埼玉県,22.7762054137776,125.34917993477116,64.37531365899116,46.69921396163917,22.82134843316318,0,103.61898625641628,10.0,0,0
42,1,愛媛県,23.6380475835706,128.81420982194737,203.5226090586893,41.50300183105932,12.831386114331192,0,124.3861511204364,10.0,0,0
72,1,福岡県,23.649191505364424,148.88815433091966,111.81160916990122,41.38096264062418,3.9996433797405966,0,105.38079798276947,10.0,0,0
69,1,神奈川県,19.171210285220358,118.31182140439286,209.20684834482614,41.13999312939023,11.270060676293413,0,108.93249097499034,10.0,0,0
53,0,神奈川県,17.989175163079803,92.88379734686944,41.69298696812266,40.821443310079026,4.103899849079385,0,101.4940339858046,10.0,0,0
69,1,福井県,25.85349968857898,135.82097321713667,146.3816991909822,41.34961597656527,17.144508921285084,0,73.86016439852179,10.0,0,0
43,1,神奈川県,24.719236532710752,84.63880306745361,88.57800914299766,40.57927168999699,20.40501303506055,0,82.09399369305561,10.0,0,0
57,1,栃木県,28.820578718099426,135.57164876947527,58.53373836343874,41.416267568237565,21.95956680256918,0,107.8884200647592,10.0,0,0
49,0,長崎県,27.70419198718072,140.15098565791968,95.60862504377853,41.558263013398694,19.669883390933716,0,107.30275800255002,10.0,0,0
51,0,沖縄県,26.37549421228282,92.99494078579157,91.61946947339906,42.40778627404169,9.357007664524275,1,86.10356064320446,10.0,0,0
63,1,東京都,29.07882205674371,143.80469714797476,137.9584780614423,53.8930114794787,44.53312200913386,0,106.44436087755356,10.0,0,0
48,0,沖縄県,21.796561695254503,107.56083253869902,101.84105177254908,40.505964261844674,5.339861447122013,0,72.24039366777455,10.0,0,0
73,1,東京都,19.704473449472204,133.27924042470138,74.6760677827513,42.048056965786984,9.37523991419109,0,79.94652893158198,10.0,0,0
45,0,神奈川県,24.07571563261815,129.08918493817148,120.5295968749226,42.028285751841224,4.857447002007355,1,90.61964751957089,10.0,0,0
47,0,千葉県,23.99617297266183,85.47696695524122,114.99307543550015,58.688517980563184,88.91220351981544,1,85.01416965862734,10.0,0,0
65,1,群馬県,21.3223008424259,115.92316263440925,172.20351998900222,45.939905734345,17.923133845755327,0,93.57220163768488,10.0,0,0
74,0,大分県,24.32659862109445,126.1046258092254,90.83961092690073,40.600405056768054,37.038371545921244,1,97.75140499087871,8.674753630337914,1,0
57,0,広島県,19.538449614935814,110.43434244600789,106.33175569900361,51.39432734526843,2.7288687025428273,0,86.85428346569367,10.0,0,0
68,1,東京都,18.836733002084735,119.26081367538222,49.64426809872279,41.35691022151023,3.9279492661985174,0,79.93421372828296,10.0,0,0
58,1,東京都,22.28557953771038,145.00477958644623,41.826699074358224,58.08028963592481,6.069345436385393,0,93.48567082629526,10.0,0,0
69,1,東京都,19.59949134932729,142.08043367920817,119.03252886025342,53.996128635100874,22.764718332851498,0,74.05053137704878,10.0,0,0
68,0,愛媛県,23.379137635995136,128.95221047586872,96.19159369195758,41.990607011564435,57.292398953261895,0,89.49668015168298,10.0,0,0
52,1,東京都,19.131234453964666,125.31152039133846,34.01476446210551,56.11816936999336,14.133468835499684,0,67.99971657940516,10.0,0,0
54,0,兵庫県,20.091912818242353,105.7792689833173,70.99723117334604,68.38477636416867,22.646379822266145,0,107.37968567253485,10.0,0,0
48,1,富山県,20.075519940295322,113.03668506170852,90.76001860746878,41.22313993181326,6.019692876293414,0,96.95674544421877,10.0,0,0
42,0,愛知県,30.888071533791486,106.92217836108178,181.59126762614238,50.95166947351717,66.18062993751117,0,94.85696942537854,10.0,0,0
73,0,大阪府,20.142691047605645,132.34751272047896,69.46856533220534,57.11802812790099,8.50723770544625,1,99.77765860168596,10.0,0,0
61,0,神奈川県,23.667395262236305,141.71700602562456,107.20794070296728,56.31872126891001,29.63207845795343,0,108.36202027558144,10.0,0,0
49,0,東京都,23.90040031431391,128.30631484886402,50.40568940538615,46.64829155889895,15.692047481463275,0,65.17669299531494,10.0,0,0
68,0,京都府,19.007107122919543,128.83706755868516,198.77113340883992,41.4621952793392,10.936695771563555,1,75.79318650060162,10.0,0,0
40,0,東京都,16.370652498560688,111.12504456506792,155.2954336556358,54.0898845729823,4.7650489742864455,0,64.12916085917709,10.0,0,0
52,0,東京都,18.952112635976313,87.33355692048116,136.38949483708424,53.05724974762084,9.597212299986415,0,89.93811770673808,10.0,0,0
47,1,福島県,14.765499855940178,67.3099175043787,33.11309921131402,59.60052003818029,25.402853312136656,0,80.39348121394303,10.0,0,0
54,1,山形県,22.310657230773824,135.77064485044988,28.86302412732363,69.8858734452261,15.083830449882466,0,125.0,10.0,0,0
46,0,東京都,20.4200608155275,96.83182276415572,79.43550275162119,41.75389245561771,7.231880220018655,1,117.0769577914764,10.0,0,0
50,1,埼玉県,22.36633900067418,111.30183549535023,44.59629500212317,49.635114691804226,3.5179859661982187,0,76.25150737079043,10.0,0,0
55,0,東京都,29.39629968221604,158.16295856386054,171.02906454886016,54.296386522714414,54.04685713963565,0,113.13928329346983,9.254910455302324,1,0
71,1,岐阜県,27.190639921750005,143.56636231145228,75.81879082700347,43.045298354413475,10.81195086462436,0,84.92669111287228,10.0,0,0
41,1,東京都,32.25609093353098,119.23352048905218,161.94666626226788,42.15956200838279,20.12787350516497,1,100.59865143402791,10.0,0,0
49,1,東京都,28.953002169726787,137.76461675662839,90.70527848497227,41.16786180256214,21.96830658074199,0,105.73967735940104,10.0,0,0
51,1,東京都,22.922970914370303,106.21573772889091,35.91939467780861,46.79210312024768,12.767050175433239,0,76.14019157821525,10.0,0,0
42,1,兵庫県,28.009149611518374,125.7345061302119,202.15682206070875,56.563097717758005,22.75251329492702,0,90.33239834626988,10.0,0,0
70,1,埼玉県,24.197630747984235,125.95208317337435,83.94710116537125,42.16817844829678,60.649433655644515,0,105.77154431825313,4.522990315766938,1,0
58,0,埼玉県,16.644474103231392,99.33344090486482,64.90341440617215,59.66883461502983,25.6349251994203,0,84.89578277681593,10.0,0,0
40,1,東京都,22.939421355651874,79.5045608540374,37.273714746581874,41.66962546788095,11.512721906263709,0,100.35897267239217,10.0,0,0
40,0,岐阜県,23.06621223891777,131.77758055052865,42.0408543272533,41.81444025204537,1.810829250766275,0,66.87753266571293,10.0,0,0
73,0,神奈川県,31.22525058720085,133.0661487066389,68.7186443752112,42.14963423158324,8.84736173778178,0,87.47034428577152,10.0,0,0
74,1,広島県,21.706010951738126,130.23403571028584,112.59722734910419,37.81497548543628,21.198714142488996,0,105.13382688045185,10.0,0,0
72,0,東京都,24.720769466031584,114.91778993111159,112.81989113647035,50.91259157840317,5.473517230977425,1,117.51450748463506,10.0,0,0
46,0,愛知県,21.130157821825495,106.46566526537471,91.4375428390069,42.4334611116419,9.52494846520725,0,80.0368285495818,10.0,0,0
64,0,福岡県,23.39422901234653,108.60849836990334,53.11903513970884,41.0546643848347,4.852370962406425,0,87.60771032930435,10.0,0,0
42,1,鹿児島県,24.22004110581269,143.14984046896097,41.85865274738292,42.39961022610305,49.86256104049093,0,83.29348274135,4.339269886515175,0,1
46,1,東京都,27.768043868221945,118.49906394630581,178.1721822002801,30.146063715852225,24.301318359422755,0,83.91649973182305,10.0,0,0
72,1,埼玉県,24.508133191231476,136.4148717559697,223.50897795317792,41.39686386171979,4.344740602055877,1,86.32826043031025,10.0,0,0
55,0,大阪府,21.670273332257214,119.41209528231064,190.64333691937867,49.89667421417382,64.85776427858333,0,109.30415536288247,10.0,0,0
70,0,福岡県,27.61823556106851,148.8569829109284,147.35044815978796,41.18540851674282,3.830829615154277,1,92.50116192236887,10.0,0,0
53,0,和歌山県,20.389797530734896,114.81491031616746,39.642187881715046,41.72528993169337,7.05529458364055,0,78.43052112287226,0.09579740253083448,1,0
61,0,東京都,25.707183187715117,139.96814354875116,131.37997046021883,46.46358030370853,59.25089613774274,1,123.19097044688472,10.0,0,0
70,1,大阪府,32.58956201288574,177.33447982284508,102.946580529425,55.519366410694545,17.46641824524172,1,118.55635432441896,10.0,0,0
53,0,東京都,29.734396931527804,139.28590790352573,111.0676262542285,68.39603049087609,37.65109140526478,0,86.1881456214542,10.0,0,0
63,1,大阪府,23.03070447630783,105.60448983884491,132.87743247414485,54.00750019004067,9.232710120379325,0,79.58747391068613,10.0,0,0
41,1,新潟県,25.190172659575342,140.58212609537736,38.149309586441134,50.63299496958653,11.780164888277396,0,70.59732861871568,10.0,0,0
41,1,東京都,17.567582710283315,96.347696513573,28.23973917979105,41.87563998924207,24.369106185860833,1,71.8421832913608,10.0,0,0
52,1,東京都,22.393283121041097,123.22455798399604,117.35312318407615,55.44048623768589,19.540661954205643,0,73.00144429085906,10.0,0,0
44,1,滋賀県,18.905110680145942,109.14092380712235,64.81199249698282,41.462966477749895,13.184281376455912,1,80.43035382241925,10.0,0,0
59,1,東京都,29.24677039468087,139.45914974473655,244.3258553460165,42.189141244890216,35.9194735505532,0,67.32933478461217,10.0,0,0
43,0,大分県,29.904359592353984,122.37043146547727,120.71810675072756,41.10620512652481,8.15285603609069,0,84.42884817323262,10.0,0,0
41,0,大阪府,22.946042644783372,133.28019157964223,125.61497107716963,41.39079846410075,54.06496042200492,0,98.37251327581366,10.0,0,0
50,1,群馬県,33.50849375804561,133.6951310694518,90.71528529716952,54.5632434789806,27.998920708404672,0,109.29193769840046,6.803290069527404,0,1
52,1,岡山県,23.747171739287797,104.70945259970019,94.11007309240978,41.09731384667536,4.836603209908015,0,100.6163601349033,10.0,0,0
41,1,埼玉県,29.234882443970776,121.38366731290891,127.23791782118302,42.35738512033471,22.82293410889254,0,118.3633430835621,10.0,0,0
61,1,福井県,25.09637789235119,144.35115140886285,223.49371933557623,51.34461078061411,15.669079448328349,0,85.63033528992091,10.0,0,0
61,0,神奈川県,19.2741488710697,131.20890626570983,37.21009806683926,53.83482019474777,3.529366103853124,0,79.04607539759465,10.0,0,0
69,0,滋賀県,24.905564395856707,131.35561010975724,78.35865575838766,41.24269413644105,20.923237290212832,0,94.35174004204401,10.0,0,0
56,1,北海道,15.982761958483625,92.59477495883434,37.130633425925595,41.99316504952447,22.362966585188722,0,84.80585785497972,10.0,0,0
70,1,東京都,27.697969803206952,151.4396371452171,182.42817072980264,42.726728776688425,48.80814843492094,1,85.48362287740596,10.0,0,0
72,1,東京都,19.266959515972346,124.95861993609114,44.550615343660965,56.048316992615646,44.252728537167876,0,73.85846996005482,10.0,0,0
63,1,新潟県,23.3124809962491,152.69298103495464,33.34184438371724,40.82216729972769,22.752125277644417,0,93.58535477551979,10.0,0,0
41,1,群馬県,24.555446121435008,124.84950078077833,142.82670970294484,41.28042693223298,26.991161224478226,0,97.6013166860042,10.0,0,0
42,0,長野県,24.909781493606268,129.25939782330806,30.718284377892967,42.43296433035526,23.70515170462551,0,62.45672120840778,10.0,0,0
64,0,奈良県,22.213378055283805,117.00154677588083,77.13311288499004,40.978968823073785,15.276299835330212,0,95.18924791775542,10.0,0,0
40,1,熊本県,24.212309061942026,115.89862073361024,82.88007099618818,40.30834655783241,13.870475064006675,1,76.35156952412287,10.0,0,0
64,0,東京都,31.92533886162689,126.65572667750203,318.8037656035847,41.60706072823407,39.91069814843362,1,83.7932910951056,10.0,0,0
60,1,愛知県,23.75802034748818,112.20135795640867,56.14566209278283,41.68526677263058,11.856818309292285,0,108.7967891845044,10.0,0,0
42,0,熊本県,27.49073439547043,93.78161891721709,115.69406844463407,61.24462048068808,30.243814264674924,0,83.32708320999903,1.1195805072936766,1,0
72,1,大阪府,18.500553524439834,106.01933165890344,50.23043375245588,41.55797358265495,10.901049717919692,0,78.60088534856189,10.0,0,0
58,1,愛知県,18.99671034319783,103.26727441256905,36.24526581584712,50.29811494332094,3.6406639191020886,0,84.46123729809327,10.0,0,0
71,0,愛知県,23.888468154985354,133.75086420024175,131.99521031361658,64.6312938374292,25.27810608522851,0,114.88493011610264,10.0,0,0
43,0,東京都,29.41916540704808,122.01316338121632,93.40042431395808,40.829461089871096,15.355982444768083,0,91.81895139417425,10.0,0,0
45,0,熊本県,21.429866982884366,112.97422464509263,58.59030527747358,53.720727703588715,6.072489396328918,0,75.78597265733113,10.0,0,0
47,0,佐賀県,19.759800918537,99.92478735506026,98.7409386251232,41.17558927226606,7.68985853313429,0,83.3966030324133,8.901389360838749,1,0
51,1,山形県,27.084216271632073,106.35641063729395,87.72575048723661,41.46278838048366,8.641176322661028,1,94.9524732228072,10.0,0,0
53,0,京都府,24.523565046205274,122.37466628234671,47.07340144858001,42.20888709847706,34.66855576403649,0,89.73254964222711,10.0,0,0
67,0,東京都,22.187533969691856,116.92248844641846,131.76704919673085,33.67417746780923,8.343810027374344,0,97.62077669256036,10.0,0,0
40,0,山口県,20.372790385241117,113.93806401507489,62.47555994965123,41.215232962197,8.637869736271751,0,72.02409748674582,10.0,0,0
50,0,愛知県,22.614335397818234,122.80804000795335,37.353362759984904,41.81279372491448,14.010828303631381,0,98.78409464888735,10.0,0,0
46,0,広島県,20.989285678977723,108.00992731928983,93.33065565784891,42.20765618829439,29.63484621464858,0,87.05990863609217,10.0,0,0
43,0,栃木県,26.946466424228092,147.31714068340784,122.65100234690738,54.03776294024363,38.61382713616124,0,104.91405041166855,10.0,0,0
65,1,東京都,17.22162955234478,143.21548585612436,41.53107695210335,68.79094893826027,19.44486928311211,0,93.52734289725427,6.243337764988499,0,1
54,0,兵庫県,24.55841295581296,124.45012764942743,62.50695216168963,41.78635664117722,16.222939253766075,1,104.73205836957467,10.0,0,0
54,1,埼玉県,17.478055963120983,85.67566541673479,64.9253129405392,39.176041225100434,10.580046242261895,0,108.54889250369514,10.0,0,0
49,0,岡山県,23.66018983559498,78.43778620407772,134.35216360017603,41.651835946164994,8.90847131515602,0,57.857996165705096,10.0,0,0
41,1,東京都,11.583391657024164,114.81593136761224,32.41008862584634,44.86283664011625,4.823474845013754,0,94.14891426069727,10.0,0,0
67,0,愛知県,23.966280301174194,145.2480800293106,122.45510293314462,41.43936555097589,14.355407225994947,1,107.38372274200387,7.408326312010596,1,0
47,0,東京都,20.019995082410315,141.13931910294585,48.48119334873394,56.87844969076548,29.44956939506025,1,91.5140942506359,10.0,0,0
51,0,東京都,22.1063462565386,146.1195924125352,185.19451589469344,42.292719108198824,80.96148838169124,1,93.13706570017291,8.662836767300591,1,0
70,1,千葉県,25.493196971690843,157.07881540657993,42.32714546572457,42.04185375201868,17.14471263823402,0,86.41142249510322,10.0,0,0
46,0,熊本県,18.53609957152099,92.60962978942499,33.20274102637832,41.806804056322626,12.033055076892724,0,92.50984856970133,3.3861293138116175,1,0
44,0,沖縄県,31.320369202815318,145.29759358675682,55.854893478768474,40.32752225663688,8.809533279264329,0,77.7520520803141,10.0,0,0
69,1,神奈川県,23.972692909220317,109.17646057862186,359.1545525252183,41.98132867888436,17.10677069338402,0,83.60066023744726,10.0,0,0
52,1,山形県,25.152485945709547,115.81852791672534,50.68530974141006,41.64450246361444,12.482039081290386,0,86.95470188611047,10.0,0,0
54,0,東京都,19.560653011573425,109.37115557850676,69.07721637639033,56.56752902993121,24.158262246088405,0,122.06000284008029,10.0,0,0
55,1,福岡県,20.57093348790383,121.35141922905488,29.28362317381909,42.22200137804602,2.5496484537523854,0,84.099956104657,10.0,0,0
51,1,岡山県,15.962005045151574,121.84586538489893,46.21750389584478,41.66516911547111,6.5679262799317595,0,73.75496539283336,10.0,0,0
45,1,沖縄県,25.811614066135302,92.61567117125733,136.40274644042847,40.779478668810334,36.006619861390774,1,81.92749378398358,10.0,0,0
59,0,東京都,26.560921533358833,141.12407383876538,120.54443623874104,42.393314971223816,24.256962150928654,0,76.2997770719907,10.0,0,0
47,1,千葉県,23.313717304883923,106.46489263759041,51.295494286752984,50.66968695492057,2.410062123775033,1,99.17088097709978,10.0,0,0
52,0,東京都,21.590195764347783,124.36648001293021,32.44417573472323,64.92016491816169,3.1159020513108926,0,92.98028017614389,5.05860251376346,0,1
70,0,岡山県,25.66319083810799,100.03457576165088,37.771350194398835,41.13998992099533,27.536449343927075,0,98.43573122724688,10.0,0,0
47,1,埼玉県,26.13372826404382,129.44549055170674,32.74819206081534,57.710002654077044,21.165415240176074,0,123.82303199996682,1.379856824533809,1,0
42,0,東京都,23.899993975647398,94.69759010519515,171.3849238240871,54.8509156589972,35.40727383018902,1,102.57597708138998,10.0,0,0
70,0,愛知県,27.760560378466284,139.03395080222037,99.14783997221274,42.2965259835459,21.500199942932593,0,92.489615122989,4.704139710333528,0,1
67,1,大阪府,24.95493715900325,172.10201076700687,119.37463105380854,64.67213814440825,14.23947222271754,1,102.5689574552649,10.0,0,0
68,1,富山県,28.9173789216481,142.17182697334425,111.86805238643122,52.96671026308966,29.10206319209883,0,108.55581186701293,0.46951415005306074,0,1
45,0,東京都,26.295055752830788,133.54800933560398,92.03189200594923,65.39591100860409,14.736948126886267,1,100.03564857883633,10.0,0,0
41,0,岐阜県,23.148024562012278,95.67960124444261,33.78081373525992,41.033674583626414,17.223871768275156,0,63.00412613370694,10.0,0,0
65,1,岐阜県,23.23396617580102,117.32636799388754,190.65588013194935,41.86643629810732,10.812179644169031,0,83.57588568748292,10.0,0,0
46,0,栃木県,15.053263790942616,145.02673839102926,23.216105906605314,53.19447082858473,3.5234603684843897,0,77.27088497380757,10.0,0,0
47,1,福岡県,28.147339931274345,112.42673842992053,145.31538548352677,40.42429586303616,16.06170969777217,0,89.84159298621016,10.0,0,0
52,1,兵庫県,32.18110298126352,107.98522086851392,123.29771848772496,51.06700286607139,179.49026932950665,1,103.09374190659983,6.298413549161497,1,0
51,1,東京都,21.517042149309688,133.11212676134303,77.88289521147331,41.261428571645816,9.607471526812255,1,117.24275557208557,10.0,0,0
43,0,広島県,23.55184556613275,97.65728972966988,43.289897704666934,44.4086303924622,1.755113021997231,0,71.9854234713677,10.0,0,0
67,0,東京都,27.364473615258547,147.42566346331196,119.06660369551471,41.81747357653577,5.708605342817854,0,70.64213978580806,10.0,0,0
52,0,東京都,27.59648745334998,124.95913309066178,161.05471407246324,58.92389281843226,35.471134262349004,0,119.36890201563138,8.491123897641016,1,0
53,1,愛知県,21.624763406921495,139.38255098111532,73.29719245001377,41.447162380442045,6.8674341322064665,0,76.90293855823086,10.0,0,0
51,1,愛媛県,25.787507308383,134.786094286416,40.122646912146806,53.14998171983555,46.97839151273943,0,70.44196869188616,10.0,0,0
46,1,山梨県,23.49060904866068,108.85572647893491,68.5155527609146,77.1216250510013,10.228466880798528,1,73.02393604435538,10.0,0,0
53,0,東京都,22.681876496873816,124.66430915270402,38.11082658214089,41.37897210403107,2.103337656335902,0,93.00582260796827,10.0,0,0
41,1,東京都,17.446184430706538,105.72893061693816,35.44768373627665,58.2847826172682,7.526246279450265,0,52.65316740589188,10.0,0,0
70,1,東京都,24.64165333917145,126.26121597694774,154.2043690165413,42.32054980754173,20.059078057335736,0,111.80831108264616,10.0,0,0
65,0,茨城県,23.957101325376374,121.52208481921166,106.75658909349256,53.160346315733555,8.199580934657854,0,102.34203270796237,10.0,0,0
49,1,東京都,29.589831226981367,138.4420544039579,102.53793739212453,41.558177823964826,8.30154978512312,0,91.39018115593987,10.0,0,0
48,1,京都府,21.70487236858604,108.73151813169082,189.00604087202777,40.74510026972025,6.112846996426409,0,90.13871240556698,10.0,0,0
57,1,東京都,21.940993864002706,121.23611022582065,145.6269306935354,41.90851578784618,4.231500372431241,0,106.8700000780328,3.9138624611813877,1,0
54,0,鹿児島県,23.83928258176668,119.31620801248067,54.784249785538954,37.055517659086966,2.0124779092423677,0,64.44884563384609,10.0,0,0
67,1,神奈川県,26.845660660694527,136.82150202245947,57.50774768023323,52.48105808523837,81.22283307561524,0,90.55315170617618,10.0,0,0
51,1,東京都,20.27901069355065,116.92008879662419,113.35893083477588,64.94569725961068,17.470174971683342,0,107.41913088520398,10.0,0,0
71,1,福岡県,15.06999053414447,108.50896096308297,39.256543780734596,41.35826981966213,8.161074733208732,0,74.39942465783868,10.0,0,0
73,1,愛知県,16.322969439007135,111.0940858952974,93.45014373409086,49.63883929188786,8.411068819311803,0,104.58525733788846,10.0,0,0
59,1,愛知県,18.262341526440995,139.60579184601818,121.88202857700644,55.63939839130965,114.56233676537926,0,96.20911984544601,10.0,0,0
59,1,栃木県,22.689084568778103,117.28994288088099,50.43619379680037,64.41672163512159,28.38271249013838,0,102.594836089989,10.0,0,0
50,1,石川県,20.318941661458187,115.07484831507219,58.60146970942821,42.43150212379031,24.935938530048226,1,67.54019880691901,4.721479901406773,0,1
44,0,東京都,14.531739393929206,103.6738502633999,14.91330581814993,40.79111946004194,10.8330259065576,1,80.64782286693895,10.0,0,0
67,0,東京都,23.800825209775198,131.2913477307681,23.25939643560951,51.01355975846955,6.208969213618044,0,91.99290898760344,10.0,0,0
65,1,東京都,27.195694150447892,150.56063365941893,134.929755764701,40.66896116005094,9.96354333729589,0,120.9260056463495,10.0,0,0
44,0,東京都,21.67368983518296,139.242047216919,34.66027708953959,45.38335338061941,10.324022353419505,0,85.67157740233317,10.0,0,0
61,1,東京都,20.56460018152009,117.31490372002419,32.4691397999912,42.957652800574614,15.040035904094472,0,100.56835868209255,0.9289689730122606,0,1
54,0,大阪府,21.436842214654153,145.00013370886964,192.1093748898785,42.19236187360859,6.663697636498544,1,92.55279357880268,10.0,0,0
52,0,京都府,23.59519127938912,121.39143634101457,57.71245677050209,40.987819411176,22.084303760397415,0,85.05373900391479,5.057026789001191,0,1
58,0,愛知県,19.26042555140828,140.94847693733954,45.01203001868212,41.86921541284045,2.8129897685458363,0,101.82317673987933,10.0,0,0
62,0,東京都,13.563403478731267,133.10126759973176,26.80178717039694,53.80855062159473,8.475557486779794,0,79.15037499003247,10.0,0,0
61,1,東京都,20.739911794439646,143.29309831627083,375.158341457212,48.67874243907094,7.862057996858732,0,90.94655181361694,7.518988019422018,1,0
54,1,青森県,21.06019844732932,94.40651628119336,73.25476029855325,42.04287400006492,35.2086912783919,0,95.2432228830348,10.0,0,0
70,0,栃木県,23.176572024585898,133.25852543220836,52.54806396041394,65.28502356832533,12.387632455507559,0,108.37461369333298,0.6998657844028219,1,0
46,1,東京都,20.416938628344898,131.6037644027359,126.13376522613923,41.08364350047139,6.8708226330775375,1,77.69706718918128,10.0,0,0
74,1,福岡県,26.05443266143027,146.9276207928871,104.21609731156562,41.75828965451232,35.95466013698291,0,123.34833843430893,0.47910363465533834,1,0
42,1,新潟県,21.441232738818865,92.5032030143028,74.57861150270864,48.86520774300409,4.65741423272216,0,65.92253665164094,10.0,0,0
58,1,福岡県,17.631617596832406,105.77906393968155,104.57595627097068,68.39278168774611,11.858661990695623,0,104.73297744789309,10.0,0,0
59,0,群馬県,20.11134249617632,98.06808756432449,77.65054489594691,54.135462084028674,20.383980774401948,0,84.53485304187726,10.0,0,0
61,0,愛知県,28.950892859674553,149.31463733227451,236.04641085553192,64.06664312627709,37.14080263609531,0,102.56642837818555,0.09179017245994722,1,0
68,0,群馬県,27.027949815932487,113.07721740392554,170.17547227140997,50.82851052910891,21.331673584523642,0,73.86569919403861,10.0,0,0
50,1,北海道,23.727051817916553,141.41898084288695,39.62211718711658,49.39797918954307,8.770056684906846,1,93.07198901249745,10.0,0,0
58,0,東京都,15.160510922915687,136.92815335171102,59.950883486959334,42.002944795007046,20.81565891547554,0,70.36106614268172,10.0,0,0
58,1,愛知県,19.26468255498747,122.62717527732266,67.42872031591803,60.17230440495669,28.922185648020932,0,95.33079497022887,10.0,0,0
47,1,神奈川県,20.453181448889413,113.29954955123436,72.8434817797365,51.996408905136164,4.192238899882128,0,80.99433211233021,10.0,0,0
53,0,福井県,12.230911120234083,114.8987627897417,14.847054456330461,56.895315301485084,1.8769625190320722,0,77.54949433932435,10.0,0,0
51,1,青森県,26.493939365000966,141.03677375864638,110.03156393721719,45.488864905182155,24.133822817278343,0,94.2999691320081,10.0,0,0
43,1,島根県,26.29601966876597,100.28920490450491,86.59071552398007,41.564775491338246,8.052091432496033,0,88.09057326330635,10.0,0,0
67,0,岡山県,24.588239103637633,139.17014277538308,24.73095033254651,67.00765607606404,8.246681234013478,0,109.03212115225813,10.0,0,0
43,1,東京都,22.14708426346138,151.0177405401731,116.36052315139312,41.29020747007553,6.372752471431106,0,124.41310776990316,10.0,0,0
42,1,宮城県,22.727257463474018,101.42251846786563,27.539070735473384,41.67241838646451,4.242438896684478,1,82.3803800167547,10.0,0,0
45,0,京都府,25.352060209965163,142.76723370424543,93.75757160811821,41.28967690425001,4.819101407657498,0,108.69419180206398,10.0,0,0
49,0,福岡県,19.02854470209407,118.71025155980318,84.73782215012078,42.05371791469139,11.968200073477579,0,74.12551834519535,10.0,0,0
61,1,青森県,22.205564348370743,94.55605954742997,61.27512880893289,40.00841963362886,6.003002736183476,0,82.72210859832111,10.0,0,0
72,1,大阪府,30.246889355408594,127.17835519995576,424.72991161991257,52.17285904198794,39.9198685963412,0,92.26376549612087,10.0,0,0
47,1,埼玉県,24.957764540348975,152.62319117251286,299.8227900622843,49.639840135616566,90.11081643242447,0,83.28461436441118,10.0,0,0
71,1,熊本県,17.4215271783732,140.15353288877873,125.71259027571503,61.43167720168183,21.659258885025068,0,97.18037846338922,10.0,0,0
65,0,愛知県,22.746894271409232,116.89165800962397,37.691906643359296,60.84892359396918,17.26299977886599,0,80.00289867166939,10.0,0,0
44,1,神奈川県,11.826859914622101,109.18176177353753,10.817333885388223,51.28476374992383,6.373307868094246,0,55.775628449021404,10.0,0,0
45,0,東京都,22.92296791693697,83.26537520245316,92.73290989853335,41.14664608729079,4.763745759625718,1,84.38194190441344,0.4076390058908135,1,0
69,0,福岡県,24.313011817464652,151.44784867840906,89.09623609934744,46.74915443341396,29.64988935149418,0,79.69409083926516,10.0,0,0
71,1,東京都,20.0932715243583,139.26210057411032,94.35309325122233,41.85225049277645,4.909510797184831,0,115.10047819605822,8.3135136782386,1,0
68,0,栃木県,25.69943810307845,112.97380041966396,57.678314802412125,63.089863376637936,6.788719082055036,0,91.08488358387434,10.0,0,0
65,0,茨城県,22.472216790871922,96.07453446377926,25.34718140380496,41.17853783962376,3.6511190143319374,0,100.68171172076958,5.279572751895625,0,1
58,0,神奈川県,20.284235511247328,124.38268087103174,33.772685682959384,40.74433634801365,19.469182768559353,0,88.24515849954074,10.0,0,0
40,0,東京都,23.512349290702844,138.2448312311295,35.45918972513013,52.20064828531228,26.081462293616386,0,92.03307643076151,10.0,0,0
66,0,東京都,28.47138157839158,142.91895290765817,119.04515599896256,43.13766848241238,42.519523027161114,0,117.39710401664833,1.172563398737907,0,1
56,0,東京都,20.869097123800472,101.72015549957747,82.90384488463035,45.1139870428169,8.426089421260667,1,81.91311569490914,10.0,0,0
69,1,愛知県,26.627667095886135,136.26826372216658,87.22858069804771,47.54411257388026,17.579597639658964,0,92.79217772552106,10.0,0,0
73,1,東京都,31.983115293224195,126.27654484350342,99.03605604694395,41.72308153448887,20.9781224111321,0,80.7208929194947,0.5756458746834808,0,1
43,0,東京都,30.88591315736961,158.1772264471684,56.12253089720987,57.323642621784124,37.16922374454848,0,99.71395613050417,10.0,0,0
58,1,大阪府,14.898968740840349,131.82077973938806,109.8313664595701,69.29969713012291,19.72050450194599,0,97.6491629186575,10.0,0,0
44,1,福岡県,34.51898797197064,131.39789920771673,108.23867359006506,41.61654063694098,17.144964671686047,0,98.53071201165567,10.0,0,0
53,1,東京都,19.78389772162611,136.07414648259262,117.43998042080685,47.084658514416724,8.44936472046721,0,98.28676251474452,10.0,0,0
68,1,群馬県,24.6582391111601,149.09367219601538,127.45695099394362,53.98027835609051,25.162490145066112,0,102.32436821593097,0.48285539636347913,1,0
61,0,高知県,22.720134137798844,119.25622859721213,186.39724099469478,45.203048140837275,15.427637787058714,0,100.7292852074241,10.0,0,0
72,1,愛知県,20.643832796503418,118.48862876645344,175.558971826542,41.82054495227376,12.581349620738576,1,85.70099565422208,10.0,0,0
41,0,京都府,20.475214179152132,98.19202656982706,114.3959897211468,46.868289879439644,10.892700754887189,0,58.6449521489138,10.0,0,0
57,1,愛媛県,27.217440534758826,157.76092785081295,71.01512368196201,64.67255779052118,3.713089010093062,0,95.52517222521156,4.51784282997292,1,0
55,0,東京都,23.5611064326266,133.8880455833921,101.42890740416183,42.55537162942736,5.071133959493679,0,108.57656834391994,8.270221912106335,0,1
41,0,東京都,17.62584763466877,125.42940579179175,48.392997094361085,48.76614298122436,7.078880966518713,0,83.30269000529633,10.0,0,0
69,0,埼玉県,25.357867642393643,158.72529062382392,99.0064765815136,41.57012003652659,3.6526234328036087,0,121.07612148621836,10.0,0,0
54,1,兵庫県,27.00629403955855,150.8701627344362,129.0272438143289,42.05624959647391,57.28789957958058,1,101.14772287307048,10.0,0,0
67,1,兵庫県,23.809040538318353,128.8873513026684,45.20453960037352,46.42732160005583,4.231035604114547,0,75.46520298947225,10.0,0,0
66,0,東京都,22.369075787587448,124.79566241932119,129.10071654039083,41.311629384559346,2.312619335862737,0,88.12265799374303,10.0,0,0
60,0,東京都,22.430528646488025,113.3408991221618,90.95284406486569,41.857900192089666,29.424752240239073,0,100.64996180008083,10.0,0,0
72,0,岩手県,19.87166676751919,125.35877433911206,22.12373982450516,41.85430414678757,6.676936274467044,1,114.05019339243135,10.0,0,0
59,0,東京都,20.892066279767242,139.9240391579957,142.93943505183262,41.83948377525103,6.395208695772002,0,102.17590909526758,10.0,0,0
52,0,京都府,27.721532983908208,125.84908430930278,123.97147664680764,41.750986558743,39.71927427757748,0,94.75225119865806,10.0,0,0
70,0,茨城県,31.419893719123575,126.22764152831706,119.03976909265079,45.15252435637051,20.53833576647231,0,75.22227774260278,5.050484926970626,0,1
40,1,三重県,19.700278627214768,92.55288485092476,13.468258831045869,62.2163633189278,21.462104857870774,0,103.80610278398638,10.0,0,0
40,0,山形県,24.990546922139874,126.57221398483168,25.91649031598828,47.079455025159945,15.452309841062789,0,109.0433200263566,10.0,0,0
60,0,東京都,19.208482853267917,108.90313619468951,97.2516802297715,41.68962727355409,24.188833064001198,0,57.75693042976959,10.0,0,0
45,0,沖縄県,23.652878483286855,122.22939626090884,194.80166598550272,41.154803757663906,48.36311629140019,0,90.5790851888474,10.0,0,0
61,0,兵庫県,24.178961819453157,119.6600779357316,27.137199414032473,50.7221802650059,3.203654450864936,0,80.32213748681896,10.0,0,0
74,1,埼玉県,21.4248460428666,116.64497435718587,18.403552763397766,52.20108118235413,25.251197990942938,1,98.81172189134628,10.0,0,0
64,0,神奈川県,25.098338620995175,123.48233557461276,69.23186029256192,43.73064293150588,17.181084275444142,0,88.11511566168025,10.0,0,0
49,0,島根県,20.67579911143642,77.8759974185174,56.80427651799506,41.99344592206481,4.104204272517043,0,91.98276300463006,10.0,0,0
52,1,東京都,23.310876928877907,92.16608127764916,86.41086514990482,41.02029669455939,8.125188067768757,0,89.9394771074597,10.0,0,0
53,1,長崎県,20.501581408201424,114.76338920837046,11.501868811462433,56.59643285033224,4.0056111669734875,0,90.00208842785395,10.0,0,0
62,1,京都府,23.484015515909192,107.49763447401293,50.10550723818636,66.99610640608299,59.88076751346422,0,88.89805207425812,10.0,0,0
54,0,福岡県,18.523605579150416,87.66529293450508,94.07989450662316,41.02823218895595,13.262598438028975,0,117.39533803842741,10.0,0,0
74,0,東京都,24.46121434351709,140.11858179102825,207.89301860678893,42.02475606893375,35.695580651163965,0,102.19442131786899,5.233822527601128,1,0
68,1,東京都,31.039263895522154,133.32212783560354,56.05100067748559,42.39284491217655,17.11760223761733,0,109.49412915773264,10.0,0,0
68,1,東京都,23.307936533365975,145.2858143610406,102.01504352978496,63.895658974462414,33.68694239960287,0,123.69832830764399,2.257545098679303,1,0
47,1,東京都,23.417319707490847,109.55159765687588,108.278143562686,48.94961280299807,10.693772308160538,0,89.83654142533054,10.0,0,0
49,1,佐賀県,25.307984556748455,137.48787992241301,68.41139370126493,41.75581255673042,8.154105775010436,1,84.01390862857718,10.0,0,0
74,1,長野県,25.69829326183021,153.10461804036012,97.36179228989002,51.22049488556238,6.065924340705009,1,102.57999526116552,7.898850669805134,1,0
64,1,岐阜県,19.586289986598466,146.75801490240124,31.812801076532764,42.590614749056755,21.134491229441316,0,91.50690226039112,10.0,0,0
42,1,東京都,31.993771405037485,100.9606499900251,58.85097483866936,40.922098153624994,15.210415046977886,0,94.07860827661393,10.0,0,0
72,1,東京都,19.002725986821538,145.81605467892996,61.34061308410507,49.31111005005958,23.272881394076208,0,88.30194005868299,10.0,0,0
53,1,千葉県,21.87582571055143,128.88047392153075,88.31438624376996,42.02819572649353,10.855944656252959,0,96.82408020640429,10.0,0,0
42,1,兵庫県,18.816494058227356,114.4107769851535,47.074368511809645,41.933000804095435,9.225079188591641,0,75.89269355271706,10.0,0,0
74,1,千葉県,26.596007697968695,113.44807867554664,343.3417844242639,42.82573684067566,35.67057807872711,0,100.01631785140556,10.0,0,0
47,0,群馬県,22.868823423266715,131.69481647288148,19.654827145121317,56.58381113884861,8.055930605312815,1,66.0018304794553,10.0,0,0
55,1,愛知県,31.402990552825422,130.23996245838484,140.1444724600598,41.48091546363053,27.461025951019884,0,92.54757867266979,2.138175261543591,0,1
68,0,愛知県,25.26438147058108,128.84495001179837,121.07508601687474,40.74515274800505,19.31080590206951,0,97.62132020052123,10.0,0,0
40,0,石川県,19.343828790620556,73.74387080803689,51.602028354066285,40.64153007962281,28.411164825346322,0,69.28616802964277,10.0,0,0
54,1,京都府,23.496981438935155,144.53899783472082,112.96107111380694,42.216451367319394,23.014120204362204,0,84.6621790198128,10.0,0,0
53,0,愛知県,18.76140995269994,137.20695909910262,44.482942298686396,41.02535972705983,25.95559516007235,0,103.06654164435766,10.0,0,0
50,0,山口県,24.188266176900342,109.1746120203418,102.72229531281113,41.68240926353677,50.21892949146727,0,109.22511377466373,2.2024637794538866,0,1
48,1,石川県,24.639325133142588,133.67335782304306,33.21091003405373,51.33190498103004,16.20500906202416,0,90.13962122011313,10.0,0,0
59,0,東京都,21.92372921818128,115.90217965308656,51.18426886627152,46.73556030615353,10.711906467791511,0,96.79119195661475,10.0,0,0
41,0,東京都,23.654363816352962,125.94841732363969,72.15658888435252,41.158423368239525,7.391170257621479,0,71.67233856643925,10.0,0,0
58,0,神奈川県,24.349610901844322,130.359089402455,70.81860962306716,58.90184793973514,26.922772864977574,0,115.26084848740213,10.0,0,0
51,0,東京都,27.655323861571812,113.62955725026312,57.71921744425334,41.869583312744304,22.041004435844048,0,99.55340282109432,10.0,0,0
74,1,山梨県,27.244321857722447,173.26480691250842,234.24311684117504,57.29055455593652,17.90319460476429,1,125.13222635572848,1.0124467794546426,1,0
43,0,東京都,27.689368425016777,101.23592705704094,146.2480194189342,40.291449339528754,38.40366148615208,0,86.99963043439243,10.0,0,0
43,0,滋賀県,21.115585355842132,109.39388083356887,23.315983032738774,41.057749471612695,11.988955053557365,0,81.32054384682391,8.878615331825666,1,0
41,1,神奈川県,28.40179129530569,131.3386790982145,56.598055134990034,53.42100081361169,34.85589388775139,0,85.05142100672948,10.0,0,0
40,0,福岡県,30.486043945797782,109.32511089937319,150.88775720384177,47.36940460854293,35.531357496214895,0,94.38719740924816,10.0,0,0
62,0,鹿児島県,15.961688142554221,118.38604596121725,206.2920625204036,45.31085555467565,59.539096968624854,0,98.87883634597387,10.0,0,0
48,1,埼玉県,26.5788642967352,127.76709881796754,86.1170446428882,55.51672885713219,21.40722264078399,0,81.71513845747269,10.0,0,0
74,1,東京都,28.492750963513807,139.82437143315923,202.04046509901204,41.1326005574899,20.165547097581403,0,101.8887966325824,4.658975888659542,0,1
50,1,東京都,24.333525652900313,117.57532808795503,33.42039417145483,52.157679318116706,5.834513281777193,0,71.98053115995668,10.0,0,0
44,1,神奈川県,21.94162405940358,117.05406364304733,28.70284957299953,41.500338802022945,8.36294739056486,0,81.7187637539636,10.0,0,0
44,1,愛知県,31.17527787943618,157.31089338708443,69.61089863595633,64.82058954607115,28.469701524418426,0,121.83539223667431,3.457995583954839,1,0
49,1,神奈川県,25.401997818667322,155.7820782366142,58.71471778450753,53.94061044956071,31.29172269419809,0,87.62578070109274,10.0,0,0
42,0,大阪府,19.461641087810193,80.55387318468529,73.10395686431421,60.6056951590074,15.490884330240096,0,72.07852004061205,10.0,0,0
53,1,福岡県,24.195236374681897,139.71921771753568,62.92360669529279,41.573802183443405,38.2699046636215,0,73.13871562783335,10.0,0,0
40,0,神奈川県,25.09611671945741,116.68222203973494,110.43318907912683,40.447654727621504,11.856225008834794,1,58.35821652400152,10.0,0,0
59,0,栃木県,23.23278906367105,124.94282309864782,41.848601311662215,49.2643738274561,23.680613345529995,0,99.61179386064246,10.0,0,0
49,0,茨城県,28.068885869818498,116.25702602690562,47.43178108962402,41.035958720852,6.669009719733216,1,100.77082515635183,8.35180118313834,1,0
42,1,東京都,16.756857562688786,108.56372933144941,33.592024218079274,47.106424740647284,8.213993179321854,1,75.67667174230897,10.0,0,0
69,1,大阪府,26.472829946493448,126.03720386959318,112.05486025887245,41.83231236825081,24.160406804569146,0,100.34779984228821,0.09640138529002898,1,0
46,0,東京都,23.675829522360935,85.08545772713872,50.17615372664421,42.02870603779755,21.207394620761832,0,103.62272788363674,10.0,0,0
46,0,滋賀県,26.80020903524178,159.68297578666835,172.4226751317242,41.06149758929239,48.78078660256159,0,91.99526036107582,10.0,0,0
53,1,東京都,21.81247142089923,137.5064586894988,39.757768495614016,42.05803283326291,34.732461441847434,0,79.62504749168467,1.3898317576036943,1,0
71,0,大阪府,23.31860911009791,145.94151990425186,51.394123876676254,58.633709063670715,44.070657600144365,0,99.458562156921,10.0,0,0
56,0,神奈川県,25.516889280849867,108.16384970291838,41.77823124227105,58.23453827025395,43.963611256437176,0,84.99990827353314,10.0,0,0
68,0,愛知県,29.108959064406783,125.98643105672565,86.51577097991434,54.11709266604205,30.28957747738878,0,119.30838591164398,10.0,0,0
48,1,東京都,25.120463892869587,130.3250397501823,245.5865827201743,40.66215809193878,17.144560822205012,0,105.79005285851133,5.392287991330876,1,0
60,1,群馬県,27.77187090002261,118.82681586896155,112.09694944482212,42.74042038918613,15.363620695991798,0,94.55778133506409,10.0,0,0
65,0,愛知県,22.46734323500544,106.66697211690355,141.50226114067675,42.56972953051173,24.964655874666143,0,70.44197240858254,10.0,0,0
51,1,北海道,23.604187750361646,117.18400499947374,59.80104112561735,51.831106008944374,9.608767107104194,0,107.3954266260621,8.341704373478438,1,0
63,1,石川県,21.968686508435635,99.19553872535042,12.937454400455172,40.51971258374215,2.570866311788687,1,74.12453106706978,10.0,0,0
44,1,東京都,26.12740016566814,113.38006585011814,68.54255263529907,41.99201084355338,36.405116833689455,0,87.85049295780372,10.0,0,0
68,1,埼玉県,18.12379396235786,106.66395243088007,23.485254426715564,53.29918358269464,3.737483752057174,0,82.69773016247545,10.0,0,0
69,0,兵庫県,19.701988498013673,140.7750566597199,22.437536121000562,60.906137006367956,27.798688905028225,0,109.40027138177406,10.0,0,0
52,0,東京都,21.101468392489085,113.01348670573441,61.54446997609644,51.407006379283615,24.4517746928211,0,93.56248725597884,10.0,0,0
45,0,福岡県,25.802487116264842,109.55101480753441,45.26434546355205,47.48378056876494,39.64838445949777,0,107.88288496735781,10.0,0,0
74,0,東京都,19.14909283587837,108.04560664646553,321.5694653817697,39.18348122148481,2.607555840012812,1,106.55612863000403,10.0,0,0
40,1,東京都,25.143319731494937,146.09963833582,47.641142196036945,40.669644921238636,27.855758687253626,0,84.86676915961736,10.0,0,0
48,1,神奈川県,20.159226908940365,113.05390954804074,32.501989466661634,57.54278454276075,28.40992165271682,0,87.42724017316569,10.0,0,0
54,0,東京都,25.638509748077595,143.43123870702033,256.70474858524653,50.585003226071116,8.846267894004695,0,114.37062596458814,9.737963085448307,1,0
67,1,福岡県,20.812875427860828,127.38596745682005,35.83197129954538,40.75036234762882,4.912383750465518,1,52.437587583516795,10.0,0,0
46,0,東京都,25.888321713739156,130.6746094403602,89.45637506509654,41.852461000143066,2.6219200524836492,0,72.24403419128964,10.0,0,0
45,1,福岡県,25.794285129726827,100.37103075495637,33.550914610489855,37.88377920279852,10.836261978898797,0,95.19194097822063,7.626008094383472,1,0
62,0,兵庫県,21.060780556343218,107.74331451267564,55.336231930708045,41.23087587620754,8.663961757869645,0,106.77197842795925,10.0,0,0
51,0,神奈川県,28.509851763077556,126.89670672834227,72.52451350009115,53.98140008165782,43.4434254502956,0,95.53319096011309,10.0,0,0
44,0,東京都,26.904474209348447,98.23391424945558,94.39023146168259,40.309125871740704,3.428628772664753,0,68.0201734614831,10.0,0,0
48,0,東京都,31.23037668260653,131.6836053968315,120.35760848518896,41.82057104808593,24.14909156793006,0,99.51705445646301,10.0,0,0
64,1,香川県,25.714402929073277,134.39572499640943,68.73863594812512,59.08034170902488,22.051926902082176,0,121.5190538968973,10.0,0,0
69,0,神奈川県,28.14403800480451,119.296951573701,233.99103337647458,41.4229226962151,22.98982667701478,1,99.1601310641043,10.0,0,0
70,1,沖縄県,15.14837514485662,86.72213502947677,93.27415218811022,57.522705442192276,4.696087630431885,0,83.32452378432998,10.0,0,0
74,1,福岡県,24.59277181953801,148.76482260293488,105.82898133691862,46.79025573422373,18.895452518556823,0,96.43396931546835,10.0,0,0
59,0,東京都,20.382765519936743,120.50301032526866,131.84514394253722,65.75020746983652,26.537086794354945,0,97.8105087635503,10.0,0,0
62,1,東京都,23.01106731051665,125.06930170359485,72.14095535133468,41.90825261806559,14.230706801254644,0,95.20963716710962,10.0,0,0
72,0,山形県,21.486064262145074,122.06333559967246,182.70649046300974,41.743343418614636,15.745736919966765,0,103.07258639707177,5.043976760499704,1,0
54,1,新潟県,22.795863574894447,110.14344529133446,85.73349298905751,53.98070698147199,2.7477408057827097,0,104.14400382099669,10.0,0,0
50,0,静岡県,25.564235394992043,98.2369962284505,95.59313178139665,57.659793682377135,65.24315819354716,1,74.37403884038227,10.0,0,0
64,0,宮崎県,24.32685348210831,141.22326076853474,449.4828231682465,49.641011221932104,29.121009617822985,0,116.12367844016941,0.1404261027667436,1,0
57,1,東京都,27.550225427624756,158.59232871945656,313.18058037274665,58.253335229814,76.45624314949329,0,101.88486262422008,10.0,0,0
71,1,沖縄県,19.945094638221633,115.0746539625226,16.972630193749133,41.702587604456845,1.3718456514215775,0,111.20533048530376,10.0,0,0
73,0,長崎県,23.639339304496456,124.34840938243708,181.2552955292109,62.0109200465492,16.54420317575425,0,103.29286776552802,10.0,0,0
60,1,茨城県,25.777964327426325,130.2514163046886,82.95664081560894,37.97737072941955,24.990865277049554,1,73.97145353955626,10.0,0,0
67,0,沖縄県,21.66535237913549,105.55751171943841,47.36472659727123,40.687877922058135,4.5030430339525855,0,82.84267703828243,10.0,0,0
69,1,東京都,22.214507812641322,130.32128628146583,67.41066785284885,58.13717673771291,15.469733603695625,1,79.26426823617052,1.1856157021983935,0,1
62,0,愛知県,20.904545851462284,118.66549183965584,125.68012388107874,42.641535999097265,30.5756888718675,0,89.22654745594228,10.0,0,0
62,0,東京都,22.791357731434974,108.00177425314297,52.65382063995743,40.57141272523713,5.588652834541671,0,94.92765128351881,4.381689872150334,1,0
41,1,千葉県,27.37842667020102,129.27067478230302,92.76096107408739,58.94573437547886,67.43549144075408,0,88.52194033645377,10.0,0,0
59,0,東京都,26.983733482503347,109.31271739125853,159.2660834158022,42.24707063377278,56.721718003000944,0,89.82126109481968,10.0,0,0
71,0,鹿児島県,25.772516099022774,150.89804737687803,95.58212994615847,64.67274074520452,31.102368477360447,0,73.88391395013038,10.0,0,0
44,0,東京都,24.460990349240095,78.22299949640039,74.52235667617154,34.56572222426116,4.778828216106491,0,77.14838342565315,10.0,0,0
46,0,神奈川県,24.754343548610343,129.44811063847192,133.86551000387183,40.676649081189815,9.04151415891353,0,121.70731430696772,10.0,0,0
60,1,大阪府,27.417751728194553,138.36903085015396,45.69096556258473,39.68748011548068,1.9799173096966465,0,79.9478330417752,10.0,0,0
56,1,愛知県,24.70284982880824,127.37027461577571,298.51519508275413,58.12757277984479,33.93406626205081,0,115.26296650488233,10.0,0,0
59,1,愛知県,15.051629824969597,107.88437672194394,6.87826033488208,43.41605271953276,2.149657163450944,0,57.58912301662921,10.0,0,0
62,0,東京都,24.91029179705883,117.9511036583001,72.80651254758443,42.636181683703185,24.178536124911446,0,125.5512451832774,10.0,0,0
51,0,神奈川県,24.426715673265615,105.78003294878971,144.82464294309747,46.64043671619157,7.4558018991467945,0,105.87323993825187,10.0,0,0
48,0,広島県,15.462590534165296,90.11386076138086,68.40837748066446,41.783902375621196,2.390341422793076,0,67.142887769812,10.0,0,0
62,0,福岡県,19.366305224694752,126.96664560803742,69.28214333310635,71.46465043639625,6.648634436537469,1,84.8199281712606,10.0,0,0
52,0,東京都,23.178974857228607,139.334671123672,47.31000161645422,42.37628274285366,7.036196965522145,0,79.22278611389038,10.0,0,0
72,0,埼玉県,23.599662827888398,126.99081426684755,80.59908857756044,65.4007203316185,64.42500933196315,0,120.76431812157107,6.156009677297609,1,0
71,1,茨城県,24.40035713352752,155.59953991142393,207.07116764373058,41.87868408499184,33.47691125844912,0,88.10072682257488,10.0,0,0
71,0,福岡県,19.682414623149842,144.05791623128874,79.29907655809424,66.96965622192862,10.774900725740611,1,113.84478173849479,10.0,0,0
59,0,千葉県,21.048502243433504,113.93793481489926,62.99391142528516,40.296716609385435,7.530861180220906,0,82.79166073512059,10.0,0,0
74,1,東京都,22.830926773295445,141.47940431996383,105.78155157315268,65.14196740245606,26.171312720939692,1,109.040491441635,10.0,0,0
43,0,島根県,28.12819640274204,115.26767260523685,230.04056539318378,53.77126526081594,15.490472939818282,1,89.74261072268996,10.0,0,0
54,1,沖縄県,20.706186050644973,132.3553061801047,56.853343866280824,41.82588751524896,16.441573243594764,0,106.73710239554173,10.0,0,0
53,1,東京都,25.609245957732355,107.50864829933522,50.074977162649425,48.04168397808747,9.376384155648095,1,56.55231445297938,10.0,0,0
42,0,神奈川県,21.437141419416214,119.364822150168,145.50838341132427,65.9373341127847,30.947236824312945,0,92.99258014825287,10.0,0,0
43,1,群馬県,23.994068674257996,150.82484340725392,26.45767398667138,50.182267234302536,3.1134125498361582,0,87.53456569662761,10.0,0,0
70,0,東京都,24.45976740786123,131.02307704563327,105.76558917644473,42.42599275031031,3.751124983642851,1,87.50907791383985,10.0,0,0
49,0,徳島県,21.06053335604242,100.93724225771409,31.295132419022334,41.09311266767116,22.752160993693266,0,101.88087894157474,6.761041098488161,0,1
41,1,埼玉県,23.90507095263281,78.22066661659296,84.1214365854884,42.430986104707095,23.271435361941194,1,101.81082368540334,10.0,0,0
40,0,東京都,22.311257566335506,117.93137197152792,72.2550736623825,40.45958529997666,9.028723525531515,0,60.61264927856264,10.0,0,0
63,0,福岡県,26.770508414018845,146.79657501942066,126.41814067165086,33.588157989301074,21.160874850157715,1,94.4991658384729,5.060316719228622,1,0
43,1,茨城県,33.144143390474966,126.05322381410275,250.41602546165802,65.41670852323486,51.88100698981416,0,81.78730255391473,10.0,0,0
48,1,東京都,25.698087893899675,104.22894546004454,108.70346578526613,40.86743653634519,22.615316847332206,0,79.73089600649479,10.0,0,0
71,0,東京都,25.765451145987132,109.98111609917858,136.43373155171142,40.17139556010293,31.133814676714376,0,93.97005256308644,10.0,0,0
48,0,岡山県,26.049295525473415,115.07484996160609,556.3771599438903,59.40707981141491,24.319157049153716,0,84.36832350642324,7.533105119794383,1,0
53,1,東京都,26.49391943157896,154.4304875103363,300.76650780763947,66.01058828435684,25.87711842417417,0,121.93056481229424,10.0,0,0
56,0,福井県,23.694040461026653,130.26869922909844,51.545031840703615,41.02154544016992,1.1324483371537213,0,71.99026502402698,10.0,0,0
42,0,愛知県,21.632900392540783,141.03174714320997,58.26259086324685,41.617526990068846,30.408403685470304,0,98.28222623302864,10.0,0,0
66,1,愛知県,25.74083123142155,112.579470913907,339.7645509351823,41.78438398272863,12.06498153470055,0,94.222335962209,10.0,0,0
63,0,山梨県,20.428198166888812,98.15301554790392,119.0686340300633,65.81808810631934,52.42129415598729,0,98.89217649530738,10.0,0,0
42,0,東京都,23.97266254611401,95.54746602447315,50.46368682927599,61.92165902242193,16.803865424649885,0,106.33665814479727,10.0,0,0
47,1,福岡県,21.677402773801404,109.9796690497803,64.79566242207754,40.82486136061461,7.599031230633291,0,84.61949129148698,10.0,0,0
56,1,東京都,20.49067207596098,133.20340541965737,54.622265723804816,52.69828793036263,15.434324734191069,0,81.48749530604572,6.3213697216899964,0,1
62,1,東京都,18.686686968445247,118.80279836022876,191.890807555971,64.2943111026838,8.29829338333497,0,96.8429442735911,10.0,0,0
56,1,栃木県,28.513451266285045,137.4160875531673,72.5072824711589,40.548323826665026,20.16734329790558,0,116.01537421825151,10.0,0,0
44,1,神奈川県,23.124715129434477,114.20075472280982,58.629091929918836,48.20010076117321,18.142458722028817,0,70.15811198285313,10.0,0,0
48,0,東京都,27.769487264713042,118.58926350540818,183.8496398678826,59.977305613642045,12.495836653736516,0,107.89828658175024,10.0,0,0
71,0,京都府,29.94378669144054,186.14401417873196,190.92201600315997,56.10842030407064,43.191210157096506,0,117.51754322310883,1.1040096885919763,1,0
47,0,大阪府,22.93816698165536,112.49890602269939,103.61326338122753,42.029854225736194,36.8452152119195,0,99.98491622137654,10.0,0,0
57,1,福岡県,24.030170004223155,132.2757071745912,415.27863172436446,51.33782179628767,33.456474848484845,1,88.1225740222897,10.0,0,0
49,1,熊本県,23.72806659964581,121.42194401838775,47.21316963737615,59.73141591303976,19.669212722897406,0,96.5834429739906,10.0,0,0
68,0,東京都,24.114200010826405,152.7682492782206,131.26572427224562,46.43732578757152,29.432753835018957,0,108.74551059351661,10.0,0,0
70,0,熊本県,32.49079306525259,161.81917375569634,439.0657831827243,41.95603248877515,25.453530801359978,0,107.00941073324779,10.0,0,0
48,1,東京都,20.820962256153173,90.16818922429728,56.10377779959985,40.98282619906271,4.657140366942756,0,117.42041299692386,10.0,0,0
69,0,岡山県,23.921016819398382,145.80679671765623,31.20910067819372,41.18041664197079,6.179501109243686,1,57.46992417072063,10.0,0,0
50,0,東京都,22.20197297122766,69.30497116210745,167.71162201803978,40.79697659108236,7.945025864983116,0,86.83201524147688,10.0,0,0
68,1,神奈川県,24.957789872527403,122.05952864688662,552.6861588608829,49.04438766836117,57.59737563607782,1,101.68411184399943,4.490736647282689,1,0
72,1,東京都,21.109238519130752,153.64199810055766,556.2971709859681,62.21320916102649,44.09384893592428,0,106.05518447131068,4.715192273807192,0,1
68,0,福岡県,19.835300596347118,133.96172388332536,126.73613063981766,45.33827185305992,20.064364592841876,1,100.14777211080359,10.0,0,0
74,0,東京都,22.10188454726549,152.80297493095068,135.43590481763636,41.807731803934374,22.43304910226768,0,121.5035066764511,3.7225056614914167,1,0
43,0,東京都,23.69271060501787,127.35660993735895,56.83480791475028,47.42902184832359,4.191639798806249,1,85.29351208995374,10.0,0,0
40,0,北海道,21.117615996301414,93.763176449186,69.52385940985866,42.380358299620504,25.25841780376524,0,91.1626005656917,10.0,0,0
74,1,大阪府,23.050509521966134,119.55827161195792,145.25740027328413,55.88966417342294,40.01286499581941,0,121.6742057433331,10.0,0,0
49,0,栃木県,23.678334524028433,97.17275247625831,182.98017248114422,41.06710337484019,27.058542131805304,0,86.32491924988805,10.0,0,0
56,0,神奈川県,23.733702026605194,111.54900140631365,103.38481526503007,42.45178312082122,33.46842815940743,1,52.73362831030337,10.0,0,0
63,0,東京都,21.677111838158318,148.57603259364657,85.57316641470074,41.84016385042261,15.168287885580318,0,108.78531584134738,10.0,0,0
45,0,神奈川県,16.7561309858014,85.68619657468594,78.01708544996242,66.00769813850056,7.3414557107789715,0,94.17247126635351,10.0,0,0
71,1,神奈川県,29.079044378649854,122.9796256397046,180.0829914060451,40.783191794540244,15.961188889677254,1,110.73784046061833,1.5500008305054527,1,0
58,1,佐賀県,22.89801874699918,113.81172643568887,74.1720413857251,41.49400393978124,3.926276226726093,0,86.6890257270341,10.0,0,0
54,1,東京都,21.384260974826063,93.75394257433531,112.4035999267695,41.07769214723751,5.992793701548373,0,119.16772890924537,10.0,0,0
54,0,岡山県,24.480371174636236,150.5906680153348,155.70342391924686,41.75799574831669,23.539953394624927,0,123.7768410085967,10.0,0,0
53,0,神奈川県,19.024573830596175,117.99363432727438,66.34072801915507,46.81208778597486,24.53272542050645,0,81.62869701216651,10.0,0,0
41,1,愛知県,20.30630229334211,99.19551573272574,9.306106986202686,41.93527319243666,12.850124031776003,1,95.25052154310467,10.0,0,0
73,0,群馬県,25.354754243113472,134.7591240092274,26.6784292435824,41.37636929327879,23.31577168453101,1,108.31464635350738,10.0,0,0
43,0,佐賀県,25.2096931397955,123.22225015667547,241.14617976497848,64.28605039598189,25.975222183244266,0,82.59212359503239,5.4807407459034465,0,1
66,1,東京都,29.814064987897417,128.60995937589985,151.6704882791214,48.837967138479115,77.43022731074085,1,94.46999966519145,9.393182371036136,1,0
53,0,茨城県,21.596292820300498,130.79898895070167,165.13837081773082,44.8005170348289,54.234381497891356,0,89.78193272598595,10.0,0,0
45,0,愛知県,25.72634963425429,97.97678854010097,202.03272312863984,52.9868797897778,11.148586781845395,0,104.91215612775859,10.0,0,0
49,1,東京都,22.000004716455287,135.57735633371416,125.82870871211239,40.61989626554599,9.34539815566795,0,104.882382164714,10.0,0,0
66,0,東京都,22.962852010727595,102.00754174083944,37.6025393054527,41.02401844600157,14.374928262061827,1,107.68611918675037,10.0,0,0
67,1,愛知県,20.86318204821775,90.12799357145589,45.15435666249151,47.69180460843549,44.074169349566006,0,61.43593487696239,10.0,0,0
69,1,岡山県,32.40995697554257,135.52571744427112,102.41195670202511,40.677027517070556,13.291622973386632,0,81.43348873422195,10.0,0,0
52,1,東京都,22.381525106208237,87.56290497619327,76.79419472862304,54.07716568175523,8.141711862483799,0,76.52961602931482,10.0,0,0
74,0,東京都,24.04736191993139,134.2356512447687,200.47241789045196,37.93075341242509,8.46115264714471,0,100.95248917100695,3.506324048070045,1,0
59,1,長野県,21.38653919751684,124.5101322342172,43.923499878801856,53.70499644013263,17.05864106663441,0,90.40628034844997,10.0,0,0
64,0,神奈川県,13.04560449186662,154.84350364995242,18.678229885906312,41.88384927495408,2.8531635688082204,0,84.59868856960367,10.0,0,0
51,1,東京都,26.732435284322566,114.1117053472618,61.480320780953996,51.73897030034418,35.3882316126224,0,98.32836330306357,10.0,0,0
57,1,長崎県,23.63983253143125,157.61671566076583,24.63309390160745,55.433343715263746,7.081916501801751,1,95.3708580927187,10.0,0,0
61,0,東京都,32.38087062586599,146.3117099190948,135.4378091723384,66.19315621754889,19.477165624280392,0,114.11908958706996,9.25464344575537,1,0
58,1,千葉県,16.8360545125045,105.88378693373947,65.5320053291994,62.128952444074585,48.63028491670023,0,102.5768529227753,10.0,0,0
46,0,岐阜県,20.593070976292626,104.17953835134564,145.2545357301689,43.62897063559173,15.206915940879279,0,70.83245935254017,10.0,0,0
46,1,埼玉県,18.509271558734383,131.33113127903735,32.29110558921534,52.99637442949135,5.673529088450525,0,80.62488722008675,10.0,0,0
49,1,北海道,20.7441619765603,113.07020168459593,113.15716132802494,41.14478077548109,2.4844523662809332,0,85.62215416649875,10.0,0,0
43,1,東京都,16.722878786234435,93.12347020339203,24.469610388792635,41.225782987061734,5.988216035018479,1,100.09980284487158,10.0,0,0
56,0,大阪府,21.255479274371044,138.23736716374125,64.77359833390393,41.16221341330491,24.08500047308486,0,101.71471651632238,10.0,0,0
70,0,神奈川県,24.177703672647173,122.01417078511989,96.66379077983488,41.61087481641373,5.087279523044287,0,81.60136578662221,10.0,0,0
58,0,愛媛県,32.40294682773944,145.1118686408098,138.91564278560068,41.40040167169302,23.677277487650617,0,93.55600785488214,10.0,0,0
45,1,埼玉県,24.41261117077714,113.20288505793518,181.5356551644534,40.81468495877924,17.891321565651555,1,90.9481370724117,10.0,0,0
50,1,福岡県,19.07815184041319,127.91971727142428,50.56952840110803,46.42215004743021,10.890811586786146,0,70.86901077275637,8.686968301497098,0,1
61,0,滋賀県,21.535477639372612,109.09695148107495,26.36419514491778,63.718809802268574,8.163986834965808,0,70.81919583682074,10.0,0,0
43,0,兵庫県,24.848619098226592,141.68983181024444,17.28788423852716,41.83896189361057,15.959345550505471,1,77.57605902761593,10.0,0,0
54,0,東京都,32.42442931577982,112.55483842510132,91.68231720104959,40.83034922096873,23.074766602019988,0,105.36407840025237,10.0,0,0
43,1,福岡県,25.559631972320545,107.19631186898076,23.27464075045026,60.60813618490022,15.397474879040573,0,85.36571125269683,10.0,0,0
57,1,茨城県,29.01241417275051,127.10610070260309,127.45612377112526,41.83398145110591,27.092504956222008,0,77.63763050717623,10.0,0,0
43,1,東京都,22.378098441410298,100.0287656447092,51.32617678833635,40.86445218504097,3.706186361810659,0,79.07058396136414,10.0,0,0
45,0,東京都,24.13200596019818,120.6832855712835,279.4348779678846,46.24177584502223,16.012573252100328,0,84.78561899218629,10.0,0,0
43,1,東京都,33.53905816183398,131.8145134585997,84.49253763469427,64.28252183543093,59.342928780076434,0,93.4845537082635,10.0,0,0
48,1,神奈川県,24.075860624704944,118.74718500399277,90.59129185981568,41.46622099697445,11.257794765131294,0,73.18069292376157,10.0,0,0
51,1,大阪府,20.819421588553574,118.76699419490822,38.474966847152395,40.499097146509136,1.86834729737293,0,83.95086460083346,10.0,0,0
61,1,東京都,22.66964679174585,95.91583513014571,177.95252742046287,50.72961905217694,10.838467536887574,0,119.01036200125937,10.0,0,0
51,0,東京都,25.633553808085196,124.02840225227098,33.93371810931176,41.72515651485392,14.378368272499669,0,94.88800069109976,10.0,0,0
64,1,福岡県,23.58535878910742,139.32845352847002,145.0200411451356,55.43713308960841,5.475492988079898,0,98.97528369985669,10.0,0,0
63,0,栃木県,18.051898264055616,140.33624550241677,23.253236534252352,43.743936636822596,8.933922950191693,0,106.64378971202854,10.0,0,0
45,1,東京都,20.356129809776775,109.04792345094677,64.82217521381195,41.7052018208958,6.7604821715354175,0,94.72354409234714,10.0,0,0
70,0,福岡県,19.488191834369506,117.93345718339081,325.53350626831167,41.03728046774735,2.5174586085123423,0,95.2199779952948,10.0,0,0
65,1,東京都,24.489078884426476,111.8332618492911,202.10987784173017,41.83949411679614,16.339618151349008,0,93.29400406253313,10.0,0,0
55,1,東京都,23.11313162771338,110.92083857970788,107.37932334731082,55.00492861375578,21.501840397323427,0,103.06265174412552,10.0,0,0
64,0,群馬県,24.620863081286497,148.8560302350623,44.79734933883206,41.23008857871294,3.132643598312804,0,105.05205599246561,10.0,0,0
68,0,和歌山県,24.149347459462554,134.38800489910136,296.9117525986325,41.56456565944763,3.5222899922260775,0,91.41590207002147,10.0,0,0
55,0,愛知県,26.383657536109585,119.07887161024532,67.36275432624542,41.79892848240873,25.91274111109061,0,89.0510195953814,10.0,0,0
74,0,大阪府,27.069307494320974,152.78834881384276,165.3680065245494,40.34547324605163,33.45039436772119,0,120.27540270725252,10.0,0,0
57,1,岐阜県,23.65499750267392,97.37914424306862,137.29140802720096,40.74535208135729,14.238999697671222,0,80.20143825648157,10.0,0,0
66,1,東京都,21.37339402873136,142.90787979232377,72.1529527401411,50.70223376771784,24.160773477779802,0,107.54686242027849,2.0487423835673106,1,0
72,1,沖縄県,15.518088423190912,133.19442235444262,58.77891027034864,40.623372374085264,6.245434531480787,0,82.07458510136335,10.0,0,0
53,1,東京都,27.42669622934653,118.0976176432259,122.4322383432044,41.13261981812815,48.026267156250874,0,101.47509702436545,10.0,0,0
43,1,山口県,21.060392120945146,104.31277119143654,23.962375087284457,57.70254106622428,8.479908467686963,0,52.731960864302756,10.0,0,0
58,1,静岡県,17.28342992899554,95.25929619765122,31.090764503813933,42.03832214379109,7.748934862189346,1,88.15777354320171,10.0,0,0
42,0,東京都,24.72100490404323,125.23695094968865,106.92936141174465,41.60923997562354,8.61830186060424,1,98.03532207309144,10.0,0,0
62,1,熊本県,19.849086800396957,108.9911641248804,168.77962420132567,41.81782071850188,26.05924418159662,0,85.0928776111549,5.479895470772509,0,1
43,1,大阪府,24.155968440576927,119.66856738673422,71.82498773312753,43.78836149529708,17.402553597804978,0,82.78182642654097,2.1904704696378503,0,1
68,0,熊本県,20.334210789539544,125.18627698733934,79.44019382585644,42.101718746204114,6.00107031055608,0,97.19156688840168,10.0,0,0
41,1,島根県,23.60028238860293,128.781863948104,104.54462761827554,48.63850200740016,37.27534043610169,0,108.73248082551943,8.0774145366385,1,0
71,1,東京都,21.055976969615596,99.97219323412608,102.48046097038689,40.17103587699091,14.880974092153002,1,91.72431547097021,10.0,0,0
44,0,福島県,31.17558717606703,128.51433841129824,116.21218948776098,65.41506839196539,71.68513560975279,1,100.63310482462758,3.8797519040110116,1,0
59,1,東京都,20.091299284090827,140.116766905682,95.62658437438556,36.16265320869185,9.239428294917634,0,78.63962168761044,10.0,0,0
48,0,東京都,26.29732815764099,106.51544789710806,106.3560988936879,51.853952339865636,40.54071414054022,0,109.5614217267078,10.0,0,0
74,1,青森県,21.674736350722156,127.74996223183493,50.154974857184925,42.43319927792143,48.796228614118185,0,113.14347015062548,10.0,0,0
55,1,福岡県,19.032366825134392,113.87620526905684,103.4690086681792,41.33080558625612,2.5186616344923207,0,68.52428876907017,10.0,0,0
69,0,東京都,25.24262289550712,112.97223381481629,127.5159925921739,41.564586811029,14.02851701069191,0,93.25607696054482,1.8003131063532458,1,0
70,0,栃木県,21.33273303869267,122.35793485590854,118.64196389372951,41.16858510675027,3.967588480530294,0,84.89818015367341,10.0,0,0
65,1,東京都,22.683180639193676,141.1536689949673,53.9812766008195,42.9299599758758,6.243673774564794,0,85.61645079954894,10.0,0,0
55,0,東京都,29.894096000434754,143.33471493890474,33.27333365191423,42.32555645567753,10.90282470467404,0,88.52992854807628,10.0,0,0
60,1,東京都,23.03500337513129,137.38715086461008,174.85547743074338,52.011580015492626,20.528938406468196,1,80.255205240376,10.0,0,0
45,0,東京都,23.39214606836988,143.55103353022741,28.762878008778074,42.43160744137576,10.916505870670743,0,84.64019989118094,10.0,0,0
72,0,東京都,19.157937371887396,145.2068884052147,38.17406183336098,54.65887840701293,3.340131484111013,0,86.30898782809489,10.0,0,0
67,1,三重県,26.481403031068318,124.29799578324965,23.206673630341566,49.264280535725575,30.349106091063163,0,74.32313837553417,10.0,0,0
53,1,東京都,27.731062913773343,173.50711035889523,108.02835959562611,54.355256444614945,50.42787578236185,1,104.55273813279929,10.0,0,0
52,0,神奈川県,17.867479096803535,90.13183045222516,18.979829654856758,52.838670434778884,9.74151347946842,0,71.88688650074448,10.0,0,0
69,1,東京都,25.48019233607635,158.8967474693043,142.61488703244518,49.12009962571348,21.759462607333273,0,89.27879406974527,10.0,0,0
69,1,熊本県,14.93090030419284,75.53697322529787,45.05377784305692,40.82601910623148,3.523838763781144,0,72.258076819163,10.0,0,0
42,0,東京都,21.58522964935818,83.29682298227466,56.81282145163438,52.94366814141634,30.28469873552612,0,102.32497447844088,10.0,0,0
64,1,大阪府,16.83001305786239,108.03344279572717,93.11795041231794,40.780696215291066,2.5652882310387763,1,77.21845992803202,10.0,0,0
62,0,兵庫県,18.0563464922205,145.26401670910062,23.192618146865293,41.48593631432959,7.080630569041596,0,87.64079914954466,10.0,0,0
74,1,群馬県,24.620291944128915,141.0278301751984,103.76644018620048,41.33685820856821,20.195017323273447,0,110.32321225546067,1.5202262915718707,1,0
41,0,大阪府,25.615912155316675,114.14003728632117,46.18115435313194,66.21665490959863,35.624688102439194,1,80.38404624120139,10.0,0,0
46,1,愛知県,21.74543542861642,105.74212528969844,75.78493898302825,40.62202975891752,16.100218006295513,0,74.3680491120698,10.0,0,0
48,1,東京都,22.729103159977452,112.40569243077746,69.36964892786243,40.5457212887677,5.589482416837052,0,89.30659934031783,10.0,0,0
58,1,愛知県,26.56227090180813,80.63900073387303,57.244262170729314,32.12013903860022,11.864557279027462,0,84.3536282844501,10.0,0,0
61,1,東京都,23.679831438011004,144.3507667920096,92.64698386541787,41.68186483290146,8.866215621821606,0,82.69089047999235,10.0,0,0
46,1,東京都,29.942210045806185,117.41169032605606,99.13677049433342,45.461725829457244,31.52122469416214,0,80.2024310349797,10.0,0,0
62,1,東京都,19.492739055893725,137.51556030833027,44.272884400301855,58.12573816258527,6.29930089299893,0,113.14126978131516,10.0,0,0
54,1,東京都,28.949452168984347,108.27386153172806,105.73065766424475,39.18587467311192,7.859404025483533,0,101.80620409293049,3.7278863970795624,1,0
56,0,愛知県,22.788129944695214,124.11982387821185,83.96475926430115,63.69382227060041,14.675154658819762,0,109.34657184658353,5.773439273511553,0,1
69,0,東京都,26.44772970945426,141.3298217960828,337.1937365456276,41.22966389206411,19.123491736828353,0,109.4219286680857,10.0,0,0
41,0,新潟県,25.24363248632874,116.82619997467161,94.27137069025697,41.21475756543982,17.492169414755267,0,63.89824331030126,10.0,0,0
41,0,千葉県,24.5158452084749,109.21248887121479,208.23578428652996,40.616997500482896,4.6545401500163575,0,121.37823675897853,10.0,0,0
41,0,東京都,18.757308810552566,112.66052552858558,93.44542746429264,41.956447959680325,6.142254722242215,0,99.19454370903692,10.0,0,0
40,1,茨城県,21.229015734593876,100.4280572995303,25.66471215066084,42.58455953778715,8.213375949254297,0,50.920672191501275,10.0,0,0
58,0,宮城県,20.434104965374587,120.83106906558137,365.77262608283337,41.614386185508266,12.065436646899961,0,102.27416120031879,10.0,0,0
51,1,東京都,26.104303629536115,114.87919481642341,92.85301963792921,56.53049553678115,15.449946791437078,1,85.61871525125709,9.118138993832405,0,1
74,0,東京都,22.169935668358256,158.17354235837112,318.7080579045933,58.94699437871811,37.49854881367567,0,125.13766296994093,10.0,0,0
46,1,宮崎県,18.370389034399285,104.71911845592577,61.04875072586062,40.831972878567996,3.502681991491354,0,98.46887072251194,10.0,0,0
55,1,東京都,27.066812837953236,125.28853053781003,154.77103069823244,40.624707736500106,41.84325285280681,0,96.26450065502183,10.0,0,0
59,1,大分県,23.176992347717547,109.90178894885625,170.16997496683004,47.52577714306293,38.124997870082424,0,92.5490456238118,0.6876100838562064,0,1
46,1,長崎県,25.611819451909152,153.6478123150848,33.57415050112387,41.16250979037696,10.542503647585542,0,120.57660049791463,10.0,0,0
72,0,岩手県,17.438414209724073,137.24540088707968,57.03963104577865,41.9907907766571,10.03662233043052,1,84.96663021765691,10.0,0,0
69,1,茨城県,20.50620256770576,118.15270541480861,95.89566967502418,40.97648508753115,9.867722793344585,0,110.4418600629815,10.0,0,0
57,1,京都府,22.38497679712294,131.79643838049148,47.09761722918739,53.40389181189394,56.93331654033024,0,103.91405947920994,10.0,0,0
58,1,埼玉県,22.456974531668365,137.7396010289301,50.43412702028017,41.46077132250702,13.53723587461945,0,79.37481180273522,10.0,0,0
70,0,東京都,23.677770483601396,154.1579982544464,113.19359975112026,42.540922467860646,23.678147006264346,0,102.65331478246019,10.0,0,0
48,0,東京都,20.30400685537834,85.57967992600774,33.58181124922506,47.608298770136564,11.249452604479488,0,104.32518389880629,10.0,0,0
61,1,神奈川県,22.72677448739722,127.83186673943652,94.25049539203168,57.35316910883175,57.290295170796234,0,80.03787155580011,10.0,0,0
40,0,東京都,23.433553152546825,148.54501287881658,14.481808755871336,43.38468327214424,9.062621644021592,0,61.294422525356744,10.0,0,0
72,1,東京都,21.494923376743714,145.67314080455603,105.81327253582498,40.58796663139458,11.159599968463823,0,94.9884042406105,10.0,0,0
43,1,青森県,22.203901113804726,79.50067218688754,12.924806879772733,40.333608035384714,3.821045394920829,0,74.35855487225412,10.0,0,0
53,1,京都府,25.460052115717684,111.65476670411797,187.3606557584848,41.18144523027063,11.341440468885548,0,77.45204084966832,2.08953376272771,1,0
59,0,神奈川県,23.539723299721917,121.14297655847068,90.7090873885564,42.207206875957056,22.405766878069596,0,100.20987495763102,10.0,0,0
45,1,静岡県,20.354322946123595,83.90675749053551,24.583545351835514,52.20920615521881,6.553095125061911,0,75.90221494107222,10.0,0,0
54,0,福岡県,17.06233468014356,122.33852134595128,25.202658731229498,42.543010291581176,4.836903366096472,1,96.29335111059743,10.0,0,0
62,1,神奈川県,18.502911678937323,105.06350896694946,64.39511407545754,41.44027657377176,10.322995440393415,0,72.25341131047323,10.0,0,0
68,1,青森県,21.470635330897174,125.38237936617621,28.353859540079977,50.452037840751736,4.428583226015229,0,75.11020313671078,10.0,0,0
59,1,佐賀県,19.5435086255804,105.35352630717885,41.419143916284604,33.98360953874446,2.7556232979447506,0,85.60066601489832,10.0,0,0
58,1,東京都,20.743326981098107,105.56822054338718,91.99674496213842,47.60675893678859,11.067022690401721,0,89.79632121476126,10.0,0,0
74,0,東京都,23.04021849868329,131.2671992170983,25.55344436548846,42.78631750579729,24.152257543261904,0,118.03566929126828,10.0,0,0
70,0,三重県,28.41398181323108,150.63378990794638,88.53711208190768,41.987061297387896,14.234597487679354,0,101.42990756086229,10.0,0,0
42,0,静岡県,20.031257185223065,110.62696250160087,89.54327853925864,41.11005179678803,7.622672588241361,0,76.14657705853017,10.0,0,0
44,0,神奈川県,20.37867778121819,127.5510711629437,161.97075250622578,59.2721634596122,10.624214248835937,0,80.39678720153512,10.0,0,0
48,0,埼玉県,28.744509599409948,127.18193090826438,164.78719613667568,45.333373094006745,35.57733514354074,0,77.59237762616871,10.0,0,0
44,0,東京都,24.883234072723564,146.34400329767408,125.20649857409317,41.88239195793053,6.858068365932867,0,109.24314044759159,10.0,0,0
59,0,神奈川県,14.214886138042186,110.95935606220596,74.15589748176644,47.85483499999087,2.503930698830963,0,69.23443812208362,10.0,0,0
58,1,大阪府,28.55675388463079,176.8681688482129,151.3613546175483,57.24377780164259,77.98676434340494,0,97.49609750942142,1.867489659671313,0,1
57,1,東京都,23.59365073422045,145.974445076202,115.86701512504438,52.12865439811748,11.991647600097476,0,125.0,10.0,0,0
42,1,群馬県,25.841729267785503,117.9724491878988,89.34506028812449,42.53825103532424,47.08412739024605,0,104.31844536532485,0.13610230475382248,1,0
74,0,東京都,22.544938097550318,163.63055892660296,75.96388247152538,41.61434683506712,6.643733013198103,0,98.02931425700616,10.0,0,0
45,0,福島県,25.709244398707746,104.12712424369585,46.607303649883605,41.55809559531066,6.314591509332334,0,85.7029655190668,10.0,0,0
69,1,青森県,20.30974487456188,122.90103333947634,131.68852723123257,42.535318080554624,33.37681652921462,0,97.3073541449499,10.0,0,0
64,1,東京都,20.830975463647672,127.83311221302583,121.0252040717285,51.86251194658432,30.429826584830316,0,85.50259979275828,6.544478704922293,0,1
48,0,東京都,24.85735650598101,120.65180796389332,81.40677343263614,66.02793142489224,27.991437291887713,0,97.03076483291217,10.0,0,0
66,1,兵庫県,23.901385457531454,174.04465438802228,70.72909160256447,40.62401758350878,9.4847825846366,1,100.34840205205828,10.0,0,0
43,0,東京都,21.11813848472331,135.8934889654295,102.35266842583658,42.6126740893438,54.23648069050682,0,104.09617309158733,10.0,0,0
42,1,千葉県,21.161031106530746,127.97086753262775,34.68566355884745,45.47472510530598,9.397255772245403,0,95.53318284746527,10.0,0,0
49,0,東京都,27.220674558805054,152.72555764429433,164.13259741322705,41.545422694646945,17.940556574118194,1,116.28639830039405,10.0,0,0
43,1,愛知県,23.757925548400454,103.37344012032995,112.0990620439865,49.06586356309261,31.039912026707654,0,83.0001095723746,4.5169554783764205,1,0
69,0,栃木県,25.61549182480788,147.38596852914662,31.218368169670306,45.19874648858902,8.798723201945826,1,89.97107507319079,8.444047588883521,0,1
54,1,福岡県,23.606482698044807,122.44414834626927,24.54263408414037,31.141408003352176,4.058801980782307,1,92.78009803989562,10.0,0,0
46,1,三重県,24.05883078711161,122.63417969665028,136.51543922341034,40.678393203541724,19.343429078305235,0,121.65988112880721,10.0,0,0
51,0,兵庫県,31.17951039944531,147.85579011928084,193.17591816029386,45.20174587092252,26.026073934165844,1,74.1465991652753,2.174148642262384,1,0
68,1,東京都,21.663657265381563,106.09884689688542,33.30286558327609,42.59062399264638,8.256498206013227,0,65.73021231010654,10.0,0,0
67,0,愛知県,22.830406902031516,122.49422337014639,107.76943757427809,52.15781934284695,7.896062067716273,0,102.59230375721845,10.0,0,0
54,1,茨城県,24.08991721542522,105.55737083991089,107.28434826121388,44.09153875085743,31.597031057888508,0,83.12891155654061,10.0,0,0
41,1,京都府,21.647094133801126,139.28203013954786,46.60876680438599,53.82192606563238,100.97440088455495,0,116.59344068929396,10.0,0,0
56,0,岡山県,21.79053242278137,92.71609814730954,61.253255234755294,44.97834512872243,10.65144322577526,0,82.3495443761299,10.0,0,0
72,0,埼玉県,22.96723582599629,131.66412132751816,93.40901712928012,41.67205152334307,21.581770388823635,0,78.77613279844854,10.0,0,0
53,1,東京都,31.499705372765984,130.3208137024628,98.00370636498131,40.51488249589434,39.5417748421501,1,70.59818625221908,10.0,0,0
44,1,東京都,19.79985123501916,95.28798478643073,35.45772430824382,60.37921393632653,5.998060215815424,1,89.04952623770129,10.0,0,0
70,0,東京都,27.93463955600336,139.46838502828652,240.08992079781922,41.36567728260445,11.171528969256071,0,101.89893868720657,0.4062490176188981,1,0
48,1,大阪府,26.609033880862892,128.39742450747525,117.02081543915227,48.78060556901653,36.27817374965334,1,86.95985942984954,8.588177492505546,0,1
48,1,東京都,20.8468783464368,112.79792329022897,108.69504713752434,41.86913668146381,6.296062751464142,0,89.95258363487622,10.0,0,0
70,0,神奈川県,26.399697161024232,149.52093545630674,160.54627729629786,41.40386561073151,38.29217201634771,0,117.51375407755432,10.0,0,0
40,0,東京都,34.81813052030833,120.98002717853188,181.67456582956768,52.406839433949905,33.939826825747595,1,67.37224584301666,0.6908378366256749,1,0
64,1,愛知県,20.742076380636,116.37976412839956,52.284915858010855,40.73375033407576,1.7906246187524673,0,83.34416658483444,10.0,0,0
69,0,山口県,19.57805063722766,132.49601042332046,74.93181428212303,57.180696070794575,20.998191601848905,1,110.4203779792995,2.3524974497220184,1,0
45,1,愛知県,20.11430170226546,112.99755659541687,88.33006465373072,63.08901480908168,7.309123634164341,1,76.83902720471345,10.0,0,0
56,1,福岡県,25.19643071366541,108.1763898629572,84.04885876322027,49.12120551085815,16.011431685744977,0,87.3404804010371,10.0,0,0
60,0,愛知県,21.051129604464176,147.8746890939663,28.69631141424321,69.31324765216499,5.95483167207535,0,110.86643148160054,8.682086617494681,1,0
72,1,広島県,22.147172517135495,138.23325107376783,137.6201471379315,41.99014823178137,5.955350347752354,0,123.30508511707227,10.0,0,0
71,0,沖縄県,21.48642136500818,128.36232733874735,93.45629745793,41.97946838056128,10.431251300190047,1,110.97633202044128,10.0,0,0
51,1,東京都,23.601268880577482,105.81853663944892,38.10823727347336,42.21560547501843,5.589690960733812,1,65.69747206191282,10.0,0,0
40,0,大阪府,22.746648082841038,112.69392949769568,11.208828469341631,62.04425678338721,10.040020715020633,0,61.12209301085156,10.0,0,0
50,1,群馬県,21.52141425941547,111.83240263673217,88.20620559963612,45.37542259857205,16.39608496508411,0,84.63302837860181,10.0,0,0
72,0,東京都,24.65852650183585,103.07944053387195,296.88627761239553,41.02731253525225,14.024365400509028,0,116.33385442678872,10.0,0,0
50,0,兵庫県,21.796985922404073,92.59678933204071,35.45784003320186,40.853990795285576,7.195035141220597,0,75.18471458997476,10.0,0,0
53,0,滋賀県,15.3608925354465,103.62692879323838,31.065805405406035,40.537178593569514,2.4934070556139796,0,67.7502483739393,10.0,0,0
74,0,岡山県,20.83689008820836,177.04134803963078,121.10881271484737,41.644626437368736,6.352989907353837,0,125.0,2.9829204600817922,1,0
43,0,兵庫県,25.985183126541592,120.65432135310587,55.153522614023856,49.232724692283455,17.86914365640852,0,110.36513542533353,1.5360495026016727,1,0
51,1,神奈川県,21.629749331035363,90.13028386381033,83.58853765926581,50.63178681835168,14.38082759448139,0,101.07179038975994,9.690231200520879,0,1
48,1,宮崎県,25.61028852859392,143.5493017433933,61.521483756865756,42.18941688254276,6.786170266144627,0,81.75963334320919,4.329450268347994,0,1
73,1,福島県,24.41601403231019,113.14585667874137,140.19453737819933,47.124818320145735,26.13231444981192,0,98.47977376974653,10.0,0,0
50,1,東京都,26.020132897581274,154.14735357970747,108.7141898791203,81.24749989343782,37.21185028056305,0,94.93644432898999,10.0,0,0
52,1,東京都,16.727350997985795,65.2467390688094,33.38633409862179,42.56203487513529,5.340270522151337,0,97.78445524088984,10.0,0,0
54,1,東京都,20.979614497052857,92.43916960946886,70.25409971182731,42.088910686471145,12.064101121985788,0,82.8285250455188,10.0,0,0
57,1,愛知県,11.778010610943078,108.56415860247698,26.489419873588957,52.97510480158376,16.828879882912883,0,82.53612309723742,10.0,0,0
68,0,神奈川県,14.663984436545967,134.31383625248114,31.169880295297553,57.12224213368473,12.845778267506399,1,69.00776099517118,10.0,0,0
41,1,宮崎県,27.879615882869473,126.31077812054521,154.18551047058165,45.21135288189336,45.43963468132344,0,75.83462683670166,10.0,0,0
62,1,東京都,19.699449808828902,108.4146716914921,52.01377369521001,40.82140019351646,22.937537283483973,0,93.25611677957383,10.0,0,0
72,0,東京都,16.828502652513517,144.2899022581542,35.65480415200562,40.965659754880534,15.190422684390354,0,103.0810407745049,10.0,0,0
46,0,東京都,23.892577295795466,127.8714621010093,87.27984709044922,53.421220291449515,32.15943094782644,0,85.70655592032932,10.0,0,0
48,0,長野県,24.291322951961536,140.67743424601758,81.32357198732211,66.974717828562,4.626631474598451,0,99.74345040420067,10.0,0,0
42,0,広島県,24.665513143225027,98.18841314528515,68.4256728838561,57.79724145991664,27.150617155401097,1,103.70739101825001,10.0,0,0
41,1,東京都,20.48965447582816,109.14068756694611,54.27801568723454,40.560785028310384,6.84183368123783,0,95.0799158140546,10.0,0,0
46,0,東京都,20.551149688481367,144.06460483360655,206.29577108697114,41.83916287756824,9.184689024415217,0,101.73788502208053,10.0,0,0
55,1,埼玉県,23.897156954328725,145.475450825846,108.0408592927857,54.110606577913124,16.599023354505324,0,114.0463049605214,10.0,0,0
69,0,東京都,21.330582700201607,118.09667597294771,194.47912800583762,49.46730696665188,43.14704571131865,0,81.94863862314558,10.0,0,0
51,1,東京都,26.02879503381683,120.84639778898594,51.67404141017776,57.49094487671462,11.204883056770825,0,92.9680729034792,10.0,0,0
51,1,東京都,22.839460753102863,111.28138199749054,94.07187314426359,72.32229545967475,24.31079429203442,0,84.14406580541628,8.462827804760465,0,1
62,0,新潟県,20.50307634068473,161.90387642645894,33.67241115901049,55.8137111916118,8.411525151578056,0,85.44986563228665,10.0,0,0
67,0,大阪府,25.360578573694276,121.52141422608308,238.72206997762564,42.8129574479994,43.02444619210231,0,99.4261930282334,10.0,0,0
40,1,神奈川県,25.811040041866157,133.60228777029724,77.29769458048575,41.14667861704663,6.755719867897395,0,77.9361509506535,10.0,0,0
43,0,東京都,22.847429372292456,122.07085722542465,32.362636163045195,53.866937055601134,8.341725937575669,0,83.76377203970534,10.0,0,0
70,1,長崎県,17.98311823918395,128.85227095650902,47.08427733027161,56.06785444336851,5.310265702637349,0,104.33432656502023,10.0,0,0
41,1,大阪府,18.746733596079704,118.6258969697577,60.37435431340047,41.858955658521054,3.732501469227118,1,72.91454958267042,10.0,0,0
66,0,東京都,24.23476268119947,116.37659139113771,182.9751347349613,40.620857186530564,8.750504596875388,0,124.97613643576881,3.498582588132023,1,0
40,1,宮崎県,20.032714651682316,129.5658089765289,82.53512547715559,53.4290809780293,23.27298634467714,0,110.30906423029663,10.0,0,0
53,1,北海道,22.614055847615504,132.32762189447865,185.3944666295147,49.41754216244769,6.154663255281282,0,92.47598750008314,10.0,0,0
44,1,長野県,24.195422711853986,144.90313087629042,31.083078652785716,43.09727558960997,19.844077638576,0,92.5404477937496,8.482237030752271,1,0
60,1,埼玉県,25.529000678805453,143.6708771804585,195.11402102973557,56.10777047444596,22.03759355336157,1,116.5808946730461,10.0,0,0
73,0,佐賀県,27.190436152180887,145.87116590350425,155.39021911359373,45.41254200792626,18.742257298553646,0,109.6537946828823,10.0,0,0
64,1,広島県,21.51383259709483,121.1504173648297,67.2136589983443,41.91245843379621,11.918797978836832,0,70.4419595874479,8.22782681724931,0,1
50,0,滋賀県,27.080755323009367,145.21860547782808,57.24538401752924,40.46994649592704,18.395853861492284,0,104.57077199667458,10.0,0,0
45,0,東京都,23.036203955177154,100.34089399712208,103.09849900082823,40.62650777749723,4.383775442393747,0,104.68337113155299,10.0,0,0
62,0,奈良県,20.163533517188828,145.78147594512538,98.45493530500181,42.98677977386647,7.407687309630557,0,110.36455253926384,10.0,0,0
59,0,東京都,18.191586686458315,137.21566107268407,33.75926130879466,44.98937433997841,3.012052637132726,0,61.51756920410931,10.0,0,0
51,1,高知県,14.014131284024497,118.00670362589244,65.55245979114648,46.69523453851161,3.8292399690977903,0,103.93909220094017,0.23418521491329047,1,0
48,1,北海道,16.489631148614738,102.51057595432479,12.829823195542165,52.67868705690444,9.96595707734349,1,102.5533552035917,8.640080130504115,0,1
48,0,鹿児島県,23.541920339611302,109.04863364945768,114.15649855256528,61.981363359535166,4.289716147774486,0,104.26353548465464,9.692651702370723,0,1
47,1,佐賀県,21.777745661259605,116.11453597442144,73.09306871942344,65.93277957201252,16.208397670950745,0,70.2426463441152,10.0,0,0
54,0,愛知県,23.562503753237525,150.571153691277,89.61738712764607,63.143515758046455,50.110280659687575,0,79.28509158218215,10.0,0,0
42,0,東京都,28.54905295721901,104.56977659008798,113.35210532230239,41.968274654925494,5.343494340083061,0,91.65897616663872,10.0,0,0
56,0,東京都,28.437605434510353,105.06773440526247,46.03665703472937,42.316953882204366,22.643516736788502,1,117.81821343506762,10.0,0,0
45,1,東京都,25.671691818327677,124.98079118017502,66.27171229477614,45.582770822875325,8.400518643498977,0,74.86185223238003,10.0,0,0
58,0,神奈川県,19.910197445455754,97.99711391256444,109.08925228741015,43.08223755290945,11.209214948014123,0,115.70902219655324,10.0,0,0
52,1,栃木県,23.15928296615415,126.0568596943309,32.50500700250175,41.887795853088925,8.905409500203904,0,95.74512344621562,9.506929227848303,1,0
49,0,岐阜県,18.55809335577906,124.7760650485088,81.42424815245636,52.52435700297433,29.171008991826394,0,99.4391415862485,10.0,0,0
51,0,北海道,20.874200721375054,92.62605014137966,23.595687132561313,39.18367791380111,6.7623067320511465,1,81.38703472286312,10.0,0,0
61,1,北海道,22.668671768995452,126.58279471850732,28.662440525670895,41.85445828946973,3.7334279307703113,0,93.64824684599002,10.0,0,0
53,0,東京都,24.981251475211675,121.9606742403667,46.134867263228394,40.54893134816232,2.9523657285320635,1,67.82108482770757,10.0,0,0
40,1,神奈川県,18.17024365823425,85.53922193149899,11.096215003778365,41.13900018241927,3.4375765008121957,0,64.30345034098127,10.0,0,0
74,1,茨城県,26.607277766249616,124.08141319937222,203.1430991457912,41.7785925672854,25.15897002605232,0,92.11066972164721,10.0,0,0
67,1,福岡県,28.477920237524575,117.32650010295689,142.7657586592046,41.22958871581502,22.61349217042059,0,99.8869637694342,5.741151934194875,0,1
40,0,兵庫県,27.19530589244608,58.62793957630299,72.5007108680652,49.38447412483832,28.954930026902815,0,94.74947565911532,10.0,0,0
45,1,北海道,15.314034137709353,108.14409358341527,44.102323620908656,42.20897683365083,4.888658783338734,0,76.5735015800096,10.0,0,0
44,0,北海道,23.481373451791622,126.06280235050181,135.869899763358,41.69342277077162,19.31469414361964,0,76.49752508046952,10.0,0,0
49,1,東京都,31.710936148790946,144.15889121315698,109.22902430012036,63.061383276198576,15.76479751862295,0,113.35513018158156,10.0,0,0
41,1,東京都,15.544122422898734,84.61706615012012,41.81448163961175,52.94188369742355,10.841035682018822,0,57.94211599400304,10.0,0,0
45,0,奈良県,24.362742789872257,146.9407071548827,95.98968037788103,41.01172614324442,26.919189679477242,0,98.77453121214958,10.0,0,0
72,0,兵庫県,25.011822706450392,119.19933531667874,250.0410783068821,41.539508273060946,12.838044636874223,0,120.45830549405211,4.225426326632088,0,1
65,0,東京都,24.52297534249617,128.41473576569368,44.11429355253925,41.500567466729265,8.154265746286429,0,94.9065734523978,10.0,0,0
67,0,東京都,26.458402122130703,133.13702480682554,556.4606033923809,39.76960234886252,7.710171213185879,0,118.3873522292879,10.0,0,0
73,1,兵庫県,27.636364340659693,145.64213178676863,95.61057295459389,41.56501998057998,28.910406346131936,0,97.49334520159799,10.0,0,0
72,0,高知県,22.17266226236482,114.04177849220329,87.40389454678848,41.726349278635894,9.407150295085913,0,69.97206503274991,10.0,0,0
52,1,埼玉県,23.100593511618076,127.1819137264933,127.20440615141491,60.6407770577105,10.878914412269916,0,86.48577793937751,10.0,0,0
67,1,東京都,14.89730906860916,99.54673514034305,98.38366169694363,37.7844897139182,6.55109286527801,0,73.83734090086911,10.0,0,0
65,1,福岡県,19.677053369849496,137.05579018648126,59.4882955346827,42.10353165247742,1.3299908300918737,0,90.50662597583721,9.688841944302943,0,1
62,0,沖縄県,24.58599667837672,139.6048574686134,468.3790515293899,40.52591325234268,22.572006656315672,0,114.5158723413899,10.0,0,0
72,0,群馬県,21.810268253606093,113.35403367003515,69.18180126952446,63.07701826266467,13.60839568329289,0,121.78490798412344,10.0,0,0
74,0,静岡県,17.257606425498974,139.83335144809374,123.17888554509824,41.94490548587976,6.664171423743522,1,100.59927945965188,4.520190103310292,1,0
53,1,神奈川県,19.797976674502625,113.94135294254089,33.653689777448946,41.282756991329045,7.619296143135088,1,56.84759267278217,10.0,0,0
69,0,東京都,24.509100564574624,124.3466206056056,98.48835096391771,47.82277456583413,11.998911729143657,0,71.02919466526122,10.0,0,0
49,1,神奈川県,21.497826619111876,110.9665646894346,123.43602948752849,41.02582982804644,24.521692587824496,0,100.05231528950448,10.0,0,0
71,1,新潟県,12.199125643615837,86.87756353087983,66.60523004042628,63.134798827625055,4.77236677551339,0,80.20200546968228,10.0,0,0
65,1,埼玉県,33.216507878543425,135.40537472248633,165.5497913328897,46.83926533185401,30.173863854550184,0,100.19570124629267,5.984116933869733,0,1
72,0,北海道,28.3835278137,158.48528840391677,172.42248609409074,54.00883562056079,17.30004588042113,0,108.63898881538192,5.48293450399282,0,1
54,1,東京都,27.162272148152088,139.1236074170827,35.7761138509519,38.00261315406109,4.245733334253257,0,90.94847821668537,10.0,0,0
53,0,東京都,20.732361426085205,99.13674512868127,156.20082879021956,40.292162430940174,20.12605916447068,0,69.5052529947905,10.0,0,0
68,0,栃木県,23.944263705515713,125.53089107356932,37.37495467182586,41.78131095910157,14.354305940740916,0,89.85259278548091,10.0,0,0
59,1,大分県,28.437890529192494,110.12693526863113,75.51946739379746,60.761874189716174,90.85436148726214,0,90.91433526065842,10.0,0,0
40,1,神奈川県,27.22283613700078,125.35943034070152,98.73808028668566,41.92949233289177,31.22137515124639,0,103.72236004761409,1.593243323543779,1,0
48,0,東京都,26.338513940814106,132.44548920954367,124.45485318018994,48.7722147904996,23.29968242120626,0,80.77706275173465,8.107272379161477,1,0
44,1,沖縄県,21.943117093822423,107.3836910659741,142.8483674132432,40.69039039279791,18.48130745746217,0,115.80898141461543,10.0,0,0
54,0,東京都,23.39147175148483,128.30561832862855,36.49944652875169,41.69903994219951,35.683648798178666,1,97.4335107802279,10.0,0,0
68,1,東京都,21.875603782752982,103.26808986011714,86.43993888317067,40.78295219609145,4.786075217376956,0,70.42972232578799,10.0,0,0
55,0,千葉県,22.15371161718488,135.67072313046677,22.38264751821838,41.03305678892595,14.231577226863392,0,75.48762274924086,10.0,0,0
41,1,佐賀県,23.980587258132818,127.19601277562398,61.64303730956918,57.71036181943447,10.033038056024791,0,78.6028523374259,10.0,0,0
54,1,福岡県,23.31406205616362,122.74252815034052,69.32933679723044,40.50645044595303,10.203692430977787,0,83.68431375905178,10.0,0,0
57,0,東京都,18.18031630160799,84.81358998091414,30.53807342015358,40.310034326811234,7.122200069621378,0,71.38776238496546,10.0,0,0
71,0,東京都,24.114169083423253,133.29199470427537,243.4633419388359,55.321941299682464,19.396740554635475,0,96.42408418001347,10.0,0,0
52,1,熊本県,23.972671023719855,125.34611111891772,79.81198267873887,42.251272894808515,9.962763460557918,0,107.74458081168163,10.0,0,0
61,1,福岡県,20.28381615237228,117.82752494039282,198.65286648828823,63.45632739993728,29.727784405157294,0,104.09519617118389,10.0,0,0
72,0,滋賀県,26.087486584639798,122.12034616688356,93.27567330347871,34.67260653600823,4.5171666986710095,0,85.15416080768962,10.0,0,0
50,1,神奈川県,24.478949314687384,108.89373045713948,45.27437767161967,59.64909095389472,15.310351321317558,1,70.98291220599886,10.0,0,0
51,1,岐阜県,29.07923091284729,163.0637937934424,338.92951784574745,49.33632479640513,31.37432896507819,0,125.12777615109633,9.228494996478485,1,0
52,0,山形県,22.54687354415016,136.45086521388228,94.31542404703927,51.32161583158947,34.623892080535725,1,92.98664049556,10.0,0,0
73,0,東京都,18.891893144008268,136.90016140182752,184.85922771151928,32.02827067983344,3.7286156602731606,0,96.26633240766066,10.0,0,0
49,0,沖縄県,23.05854264741791,108.16457889521372,24.47946779640405,41.2955983974406,4.230065599322434,0,54.99613003633084,10.0,0,0
47,0,東京都,25.666596332279205,114.81489681927634,58.31204866570377,51.928031621781,46.800751188392276,0,88.16137191843845,10.0,0,0
59,0,東京都,22.383699365021705,130.23304454014195,119.96092415280165,41.02603135292535,17.29450839466739,0,107.87828183669053,10.0,0,0
49,0,東京都,32.87235159211787,141.13304443840653,432.0715641468722,40.52406401216117,72.3267868878731,0,99.81198654414723,4.425546619828309,1,0
72,1,東京都,21.663410279534403,123.26034103223532,75.72918640756568,41.93265930331948,10.041439102872163,0,125.13770645983354,5.217432303350173,1,0
49,1,東京都,23.57368411981239,139.82401849601044,96.7112461984861,50.72891612980351,2.792237829810531,1,87.08229637373559,10.0,0,0
56,1,岡山県,16.55979293882007,104.26345227596747,81.99824341050186,41.5104523863747,6.307334955753163,1,73.74030966529256,10.0,0,0
44,0,東京都,21.659483519277586,84.11695102810762,62.224852422276875,52.52372253920663,4.633193087559848,0,88.52820573076225,10.0,0,0
66,1,東京都,22.96724369106273,90.72798610246313,98.09538271805198,41.94938700633154,12.065510825933451,0,74.37089938005342,10.0,0,0
59,1,長崎県,28.56696038958326,122.61260386071824,137.24030067058644,40.62089824057079,47.09690935586706,0,85.84656134584736,8.670304418304493,0,1
55,0,愛知県,26.739809681404527,120.79069621871297,165.045698182881,40.216303585006344,72.47785187756014,1,112.32638278443228,3.8839592247575934,1,0
60,0,東京都,15.349095775765413,104.0764911620949,103.13357585140636,60.39528982361405,20.58087993619641,0,85.50520857938825,10.0,0,0
53,1,新潟県,21.519257065698824,128.5298992541579,68.1463184842386,66.91368950695683,19.26630800329951,1,88.52551209783793,10.0,0,0
71,0,石川県,22.851476481823035,158.10414093749435,65.42685106986332,53.76986475173039,14.761026660651051,0,99.1914529664039,10.0,0,0
48,0,山口県,19.82398387154646,98.16855157162783,55.38715656899665,66.96960167783902,12.064105947007059,1,89.04602225890217,10.0,0,0
59,1,埼玉県,31.589550398352433,156.96240954346897,106.34059460465863,41.93938475014106,25.15915313230077,0,103.63897996367922,10.0,0,0
71,0,愛知県,24.171905601409687,102.97781067703403,32.50380775465137,54.16739839823832,18.551157048654172,0,83.1564862750526,10.0,0,0
55,1,神奈川県,22.738447211653064,150.65299573312492,130.92828455350335,54.2294621767801,9.535199746144343,0,85.12160547419641,10.0,0,0
49,0,東京都,17.46276726289264,107.3799971081422,44.51721634255337,41.21217846761914,8.635346007599317,1,61.18944674570682,10.0,0,0
55,0,東京都,25.894627984500488,136.30412355369307,66.74759151918875,41.67416936603038,19.596914752007557,1,121.51292705232933,10.0,0,0
54,1,茨城県,15.49523092886841,109.48321221282517,93.47147876656145,55.51544481036824,10.880745952023435,1,90.44680546261331,10.0,0,0
42,1,東京都,30.01250308216912,135.181631764127,98.83149093193624,52.16674918544637,30.195708284873618,1,101.0511934870782,10.0,0,0
46,1,東京都,28.427697902973307,135.43171186708858,119.05932814554636,42.43383724814057,17.9924035539751,0,90.02449153639547,10.0,0,0
45,1,東京都,22.921190699726562,127.37402590058656,100.98363852039289,53.07540704331013,6.8677371092741195,0,76.12468515657125,10.0,0,0
69,1,東京都,23.737740281106795,149.9732542505969,24.162579595704575,53.97738322523216,5.495303921107763,0,91.3501241429427,10.0,0,0
