age,sex,prefecture,BMI,SBP,TG,HDL,ALT,smoking,FPG,time,onset,death
47,1,新潟県,27.581498973589948,138.35849064767845,109.55290973878337,41.399562055774105,18.589800539517267,0,116.29074445017686,5.519510851671262,0,1
43,0,神奈川県,21.77463195843224,127.12858930524807,26.404522295768917,40.476114987056626,11.096903826120146,0,114.76707108027172,10.0,0,0
42,1,神奈川県,25.497267708763097,127.01994630859637,120.87005966435368,62.668345455992274,18.045922501844874,0,80.5036844749638,10.0,0,0
57,1,神奈川県,27.17366401827722,120.8417380317465,24.62279793047718,41.184673162828865,3.860259146138485,0,81.99078229509091,10.0,0,0
62,0,東京都,22.446463733059485,128.27988300318822,17.00703474289808,41.17405770272425,3.577727155261437,0,73.51708120119362,10.0,0,0
50,1,石川県,21.777547316765983,131.0939864359052,155.9694556688129,59.86957723749808,13.669312291980297,0,104.95673512739384,6.258574920863583,0,1
66,1,長崎県,25.84262872859336,125.58516405153668,283.8143717277655,40.840764418642365,29.510559201905135,0,111.79557775736605,9.934466135938521,1,0
67,0,千葉県,18.439748408140712,135.3721394145062,43.53276020550759,48.92037325070689,4.668699346134823,0,78.64847455878154,10.0,0,0
48,1,神奈川県,26.81268318109193,124.8291247058709,113.20731654388527,41.7449173153852,20.389637352141758,1,83.44331602152545,10.0,0,0
48,1,大阪府,21.755880208450616,97.75441805174286,36.550074521906474,35.41567924322337,19.769058313254753,0,87.50140056466991,10.0,0,0
55,1,神奈川県,25.18553997584283,118.29989095190338,131.396314679849,55.992181908963914,22.115927447599223,0,112.50851883120568,10.0,0,0
47,1,神奈川県,16.32918917165725,93.11592518355735,45.58919038006786,62.23985576170077,4.6112122367773205,0,90.63301547040574,10.0,0,0
45,0,東京都,21.872294642487063,103.06230556364727,67.25810138612638,41.37201458802397,61.180880681910985,0,79.87184146318073,10.0,0,0
51,0,山形県,23.6590086608211,105.11853152942338,83.55587224181654,41.85616368512629,3.417270558504728,0,106.38217521495564,10.0,0,0
68,0,神奈川県,32.00110537367412,143.31276218204053,140.7054389096296,40.872096336937624,6.374690294622875,0,69.4456712650369,10.0,0,0
61,0,神奈川県,21.757636680391773,101.2186540364646,35.28494950878542,41.329341777539504,23.336904967577457,0,92.9876196697759,10.0,0,0
57,1,東京都,22.408154723495777,151.52734994388948,55.09582754138282,82.62475012396916,32.327121897799366,0,83.413375103825,2.332279724473353,0,1
64,0,長崎県,13.253865268995346,70.15717719746429,66.4210517348691,41.63736707668524,1.1427549495969969,0,77.20825131003447,10.0,0,0
48,1,奈良県,30.600842284754066,151.37566334482037,116.14528812343234,40.41058953902561,18.474896974244682,0,116.4174177041319,10.0,0,0
53,1,神奈川県,15.840056034946125,81.91674715326897,41.13810896851399,52.19584312730727,7.066766504695724,0,68.09475100827477,10.0,0,0
63,1,神奈川県,22.35381726635471,137.30642585212738,188.9482388624845,41.59814845691151,11.305575833309314,0,95.8215180337179,10.0,0,0
69,0,神奈川県,32.01052078177057,147.48364197824802,235.96228593949,48.197200816692295,82.06543526456524,0,119.65220280743677,10.0,0,0
62,1,愛知県,21.760542093864792,77.98478530590882,25.899075647437474,41.23369574806246,2.208493513172647,0,72.09426113094648,10.0,0,0
41,0,神奈川県,20.356374529452214,128.22428868249514,174.10312937729546,40.997868476098866,6.740627689675033,1,91.43790023246946,10.0,0,0
42,1,福岡県,21.869398253880767,121.81695826723553,118.48364094333051,40.693795009147415,11.482051415302747,0,78.61920005250867,10.0,0,0
49,1,長野県,22.505511989309856,129.25655047828755,91.75057329720396,53.34383786559296,22.093294427865164,0,122.13866447221204,10.0,0,0
70,0,愛知県,23.30834683503382,151.3253902598127,170.03353596333372,41.42464241757395,19.247071007324124,0,106.68688088750547,9.93210943682661,1,0
66,1,滋賀県,22.449484074730524,152.53293969447842,92.64604167534553,60.857448193348176,15.596316109295289,0,112.00591218519514,2.5682314642942243,1,0
61,1,東京都,21.301417778305563,142.88786871248064,85.17181100086962,40.34141486584785,14.969052920139033,1,96.83737489643669,10.0,0,0
49,0,高知県,22.792169752969365,110.64031078443938,59.47728887704565,40.12946354119338,14.372963538713906,1,78.74065518295399,10.0,0,0
47,0,神奈川県,22.25687994648852,92.83417738918199,107.57718564203617,56.434050830639094,6.226723228274331,1,76.04383839580998,10.0,0,0
54,0,神奈川県,21.892863408645216,107.90658212042499,50.38829164939372,40.82516066093928,3.792984133104665,0,116.44904571025165,10.0,0,0
52,0,沖縄県,17.870445946692882,132.16148655809,102.50436737757215,63.17417610941947,12.867892260094473,0,81.63840436797744,10.0,0,0
44,0,大阪府,23.610287268221605,124.6119070368102,161.139905255059,42.19880393205095,41.84657252614925,0,102.22382929395914,10.0,0,0
47,0,神奈川県,24.962087607019058,93.99418778027746,150.02593017285432,52.13505654234214,18.26476582188134,0,83.7058539740509,10.0,0,0
49,1,東京都,22.524900787961418,126.07392471913614,62.11819239630792,42.37899786048916,9.63419865227312,1,82.68527352553895,10.0,0,0
65,0,東京都,27.54295353655831,128.88787224807456,114.58013898112829,40.79701017390445,51.810210520273884,0,124.95545335351733,5.058715443448526,1,0
48,0,熊本県,16.80662166097032,103.51123416620312,30.930965794281143,42.25005662547037,1.547568215283567,0,84.40436401836934,10.0,0,0
50,1,熊本県,25.40564231250397,128.8350885244905,102.96303273971846,60.76222531868519,45.04278031756072,0,103.82556395935543,10.0,0,0
48,1,群馬県,20.580417605740077,115.05201639859546,32.06839630609913,44.675392602682926,6.7758879067309605,0,75.2591189720595,10.0,0,0
56,0,兵庫県,26.59198897238448,118.43852245736883,72.68841472675723,39.64498420376113,14.373419284084468,1,68.09594551852956,10.0,0,0
44,0,神奈川県,24.229801538073,145.0942816977722,114.90566898773127,41.54733440427479,28.175173012286137,1,84.21615213343168,10.0,0,0
61,1,神奈川県,25.01598119748532,144.70696478783853,78.31638449127043,42.14213853449548,21.552963567084813,0,80.54206693307765,10.0,0,0
61,1,沖縄県,24.401583766690198,147.10461520507286,101.01412581458425,41.69202035234506,26.567838937292333,0,76.92944727595815,10.0,0,0
72,1,神奈川県,20.11884955021172,132.1444805114677,242.96412142405114,46.25366803972164,25.334719810341742,0,97.76587901357915,10.0,0,0
44,0,愛知県,24.38605167547763,134.85481189171844,189.29472880163584,64.09511114089531,8.399607207551906,0,113.3731271584634,10.0,0,0
69,0,大阪府,19.313598946423276,114.3136006927641,50.08137038860399,41.70778233215384,4.209978165318131,0,82.28462691362104,10.0,0,0
68,1,神奈川県,25.40647574888847,109.23232598387055,218.96885492294757,47.64545572221691,28.27242732294948,0,98.35256940435642,10.0,0,0
50,0,東京都,25.392869294931042,131.13921894303414,48.40058714027503,53.67768947439045,17.591943053482545,0,97.92825358907747,10.0,0,0
47,1,埼玉県,31.587406405446288,154.85224883371615,241.53927472277792,60.9479506739265,95.56328933817402,0,100.36797500091748,0.3540392889380855,1,0
41,0,東京都,22.870426861266616,98.4847482338199,123.58037829738707,41.54819749134174,15.952573323973038,1,61.290250667211765,10.0,0,0
49,0,岐阜県,25.78546368364329,135.22456958960618,264.7998802924526,58.45748035486402,18.89403280810336,0,124.04180852784987,10.0,0,0
62,1,宮崎県,24.305427025421384,135.4711712256147,60.397652970487805,42.23877686869415,43.687121841562124,1,98.98797082861702,10.0,0,0
56,1,長崎県,23.969309536735597,131.46906871778478,153.83879070461077,41.62555362265857,1.5341097258042395,0,95.69719421292321,10.0,0,0
46,0,兵庫県,19.48856941492383,116.9345456664044,55.669905232275674,41.254067331991294,12.081269585052981,0,84.48206922911614,10.0,0,0
70,1,神奈川県,24.247167036892222,146.2906013990603,188.31492410787612,56.9795861054035,21.827772604847837,1,115.43139310695108,10.0,0,0
50,0,神奈川県,18.20385343650838,78.11206015665725,47.98276590533222,53.60809634689417,15.928911372467997,1,91.75393058291768,10.0,0,0
49,0,東京都,21.38804402021721,119.97532431322533,52.44771232758095,41.93041998206146,15.980156630427695,0,98.570934891425,10.0,0,0
72,1,神奈川県,26.98911629565717,134.8569491721023,347.17993975412287,40.20688285824409,26.431299461038318,1,120.93548484293063,9.136184941942183,0,1
62,1,大阪府,19.01986744592289,125.91139727120292,94.3496565854072,41.76470770182979,10.573056163130873,1,83.70284924472662,10.0,0,0
62,0,神奈川県,21.766491369724896,147.1526127814107,62.756164951507905,66.30608127292501,9.261561168221537,0,122.53866163065449,10.0,0,0
43,0,茨城県,23.976212927214224,140.84204873003202,181.15815181727004,57.4964369500341,13.095227324988539,1,120.64655768173819,10.0,0,0
46,1,千葉県,25.075840416227436,136.5805726348049,18.66556774460732,48.8816380313424,13.659716765090149,0,92.55629314165785,10.0,0,0
54,1,茨城県,26.837135459822168,133.04294813056984,84.51681908909336,73.5548735216811,62.11229645191809,0,79.86533959791973,10.0,0,0
46,1,東京都,24.36459026194042,107.11389411895038,156.48312203845143,49.58370048166239,17.647302758195327,1,80.63890812486092,10.0,0,0
60,0,熊本県,24.77058903633962,147.2837290742906,161.2206420796332,57.53374687860259,25.06821500137782,0,95.48074048691223,10.0,0,0
49,1,愛知県,21.839677018309246,111.62575682047182,112.17348797543046,41.7638917011585,4.133938566577163,0,80.04491376503609,10.0,0,0
71,0,東京都,22.868827797630807,132.97923374571167,154.47042407303775,42.16969011493861,9.773021785019386,1,77.17770344127221,10.0,0,0
68,0,神奈川県,21.021094149572782,111.09974241658354,35.69995939717035,41.751993254702604,5.339334624920119,1,105.67458379876072,10.0,0,0
58,0,岐阜県,26.15141441557356,125.87641447391545,36.950287428708776,48.339531652928464,11.264455659036855,0,78.36160093160551,10.0,0,0
66,0,愛媛県,23.034115669442027,144.25707353186743,122.86987034051293,40.845251685649025,40.38829504188527,0,101.95291830429787,4.762359771091371,0,1
43,1,神奈川県,25.878647172322925,128.61561053015382,62.2673119489162,41.843906439445526,13.153127221607079,0,95.41230606479665,10.0,0,0
41,0,神奈川県,26.149111795807748,124.57153933568559,23.485267163468837,57.49072840913173,9.888354048359787,0,83.8244470178779,10.0,0,0
43,1,愛知県,20.101554083538076,103.76436470142059,56.13971254763195,59.871445389031706,4.827338879645268,1,76.1134016937025,10.0,0,0
72,0,奈良県,21.869515375548467,130.52417643861938,65.02536996354722,57.506066144954026,10.872672292265726,0,94.18354227977335,10.0,0,0
66,1,神奈川県,17.836277419074392,95.97951439991593,73.0622574892488,41.16594478864745,7.200597678488172,0,61.81886041841536,10.0,0,0
44,1,岡山県,31.007343386988044,121.41512259137846,59.62393915183719,41.458008825788724,7.205617208869696,0,114.32828199015742,10.0,0,0
65,1,茨城県,20.319373268580414,71.14226417543587,78.32803244788295,45.88831688528456,21.53980897687329,0,83.65660861212805,10.0,0,0
66,1,和歌山県,24.38696367154435,108.56664742530457,49.38272028439068,41.44556344272569,10.574369158846368,0,105.53981898937771,10.0,0,0
69,0,広島県,24.13696367273192,124.50337056627544,109.88277259022892,41.35249947000724,5.554079248029258,0,111.9933306773833,10.0,0,0
41,1,神奈川県,23.894407313274765,116.00960560223096,23.20056988171941,41.26732549808179,6.214195293384838,0,80.9182964827506,10.0,0,0
48,1,岐阜県,25.42449252501101,152.57468905345675,107.64747891166964,49.28791666894067,9.288381901578928,0,90.95898828986593,10.0,0,0
69,0,大阪府,22.61602272854869,140.81686987058765,76.00374550915957,41.993393245643034,18.51265117684829,0,123.7006051658477,8.00303112999521,0,1
65,1,神奈川県,19.54045055351485,146.17471968402086,81.41172163085102,40.23074251768783,13.997203199901328,0,111.99387884711257,10.0,0,0
55,0,群馬県,22.693417242365094,118.7569051201219,52.4477604783326,39.987889415120506,8.71001789864621,0,78.12023613457846,10.0,0,0
52,0,山口県,29.850756504923226,109.92666696745124,183.75005732545225,41.24796430799386,33.40138204539218,1,94.95654114585022,10.0,0,0
49,1,鹿児島県,23.894434024488035,111.9982324707835,306.5453040475765,44.056366828759,30.710498416033925,0,87.28973505743595,10.0,0,0
58,0,奈良県,19.563930724822413,131.08634013477075,117.7168859236351,41.71432403582417,11.337373323182087,1,76.28353072054298,10.0,0,0
64,1,愛媛県,24.22007791693932,122.58531334360013,60.02048400447757,50.91136259553975,14.76343988740542,1,94.79842377548165,10.0,0,0
52,0,北海道,27.119090709052365,117.2012864284617,119.06684057923218,41.41796059174478,33.95071905260611,0,86.99682902215348,10.0,0,0
60,0,神奈川県,21.02807416214796,107.20114661033199,35.8303884496994,51.33229511021569,6.504420672251738,0,75.11470638053092,10.0,0,0
52,1,徳島県,20.733354679239817,140.18205465346807,37.445659411906064,60.07477217123646,14.152275751340696,0,108.77658968122238,10.0,0,0
41,0,神奈川県,26.288010585580338,98.20020323967381,86.16806295828732,47.63454632826591,51.14893909948095,0,100.43420762596409,10.0,0,0
62,1,山梨県,26.040259030214592,103.37270566824888,144.70549644326775,40.95396850385908,2.9542348839394035,0,59.72317011897133,10.0,0,0
69,1,神奈川県,14.398442141222514,108.37995166522336,108.20360807578999,41.036942882874385,11.433968134175123,0,86.90007076722024,10.0,0,0
57,1,岡山県,27.410522568813935,149.82570720777468,75.97272696876425,40.269544206512286,70.92290976938543,0,80.18003533741584,0.38536897845896895,1,0
40,0,福岡県,24.55090683523949,113.00133120665645,154.80873534741977,40.664481911861685,13.217763124667218,0,94.23229459771856,10.0,0,0
48,0,千葉県,20.162446059103818,93.56787394150255,70.95673362929898,41.35550785846343,14.925522677554637,1,83.23375554953692,4.9114435289418426,0,1
40,0,東京都,26.474191438894454,110.52880109208168,52.25470524945768,41.05665331191569,7.935110584627369,0,95.43968726982466,10.0,0,0
41,0,大阪府,30.822535035236207,154.36789099752187,133.75968412555025,55.077202322816014,10.624123191238837,0,94.2310102844556,10.0,0,0
46,1,鹿児島県,31.12277461262876,155.22254050465244,59.52522286686438,40.873344627520844,28.12612400174819,0,86.8020163649243,10.0,0,0
54,1,東京都,26.593526839230876,154.27810697264337,286.77755806778373,41.84011699350972,45.63624967017947,1,89.80327553236083,10.0,0,0
59,1,神奈川県,27.939245158515106,142.1663554179606,242.9148952538358,41.391656543284704,28.9447826240841,0,111.02634812536715,10.0,0,0
46,1,愛知県,24.017272609647804,145.05384204448603,156.94619666451047,64.28296481812951,21.829173068007563,0,80.08749149075757,6.3501314799979545,1,0
67,1,高知県,22.33509943814944,136.5016984201193,92.25065533787291,57.132240341910396,43.65314064692142,0,102.11236813072962,0.11541851046926085,1,0
53,0,兵庫県,27.715974745843443,147.7371243660487,64.85162869759637,41.178537959437705,19.714348608292365,0,108.58211406348236,10.0,0,0
50,1,岡山県,30.637500955502905,140.2323168546514,188.76609444000516,42.06329688090925,1.2959758814379143,0,92.33672541296008,10.0,0,0
56,1,福岡県,23.23444318539239,126.05648576774348,167.4878139952,41.684594382717364,11.796494842506615,0,78.61968907756598,10.0,0,0
48,0,東京都,23.6866612274063,126.50883771340428,73.1023860909682,53.98909031876462,17.21415666920347,0,106.24305641542294,10.0,0,0
51,1,東京都,31.52354158324771,138.16831682930925,205.95039135925288,42.24383157129901,74.67426004836437,1,112.50997761943678,10.0,0,0
54,1,福岡県,24.162326757249033,136.7524989053859,52.54875650214521,41.56962821446028,30.898489512746448,0,101.31788203180415,10.0,0,0
74,0,高知県,31.3172986533692,121.05180371010456,155.3256493795302,40.34480306474472,12.621507609793252,0,94.64277343775476,10.0,0,0
70,0,東京都,23.554530761369087,129.9786712220999,110.35941632920759,63.42693468876567,27.129163991896963,0,119.72090775804794,7.039788603209564,1,0
64,1,神奈川県,19.509333317166814,134.6100098396164,35.18960109959241,54.21668866542385,9.520038518066062,1,77.88771134190078,2.325253448708088,0,1
62,1,神奈川県,16.331647513781995,126.30831754560208,33.573620814798005,53.17171692465236,4.619676341303774,0,77.5793700978359,10.0,0,0
68,1,東京都,23.878201300116636,107.0410515668832,247.75494744010228,51.462146079652015,64.2225059259198,0,100.08525728125274,0.661998108021667,1,0
45,0,山形県,15.645824515229899,92.48620590078204,117.74985898365676,42.99840080451796,9.81176055384394,1,73.7885224496093,10.0,0,0
46,0,北海道,27.38949020635229,123.36339711164992,163.72619048865985,42.37676980656548,41.26055727808114,0,121.24966424557459,5.072628332305713,1,0
44,1,神奈川県,28.954147362131103,148.49334432832853,77.95499115389295,41.984147571386686,8.41990949929877,0,89.31175814897357,10.0,0,0
51,0,神奈川県,22.476584622927213,132.14482849775553,87.3400970889126,41.102732008506614,10.800182124758516,1,78.62276845511451,10.0,0,0
54,0,滋賀県,29.102106870796618,147.45208285283255,167.43679762930591,61.47260430413706,51.46743037663437,0,124.7928374021212,8.945283307370847,1,0
48,1,愛知県,22.963312126359906,114.14849840935376,156.3273713872451,40.19834781336044,4.3338300468773205,0,62.38920186714609,10.0,0,0
48,0,兵庫県,16.24381858691204,96.13922292790014,69.7972179462307,49.606484125281426,0.9408094841532592,0,81.66219186478644,10.0,0,0
71,1,神奈川県,17.670884095375587,134.44898022251803,83.56271823887982,40.943691538562945,5.000508173066779,0,117.72319399621706,4.158170015746004,0,1
61,0,山梨県,28.293544841646188,137.82621987759947,251.72787314876442,48.074740642513724,43.56073016973873,0,103.76551912464498,10.0,0,0
55,0,神奈川県,17.64218972878388,96.64724210146609,94.58397234288438,41.624255045445125,18.205916947939524,0,68.88575342997561,10.0,0,0
52,0,長崎県,21.48139784130647,105.38073264156657,76.84456072090788,51.77722363818117,10.766375801973634,0,89.0041637102865,10.0,0,0
45,0,神奈川県,20.654215471052634,126.27784726858742,157.22254015604085,61.14604948561118,46.599237413034054,0,120.29177437016716,10.0,0,0
69,0,愛知県,22.283631703019676,140.47884011943316,49.56329742956702,71.00488456836304,30.572426430400025,0,103.28973213706334,3.624102058105883,1,0
50,1,神奈川県,24.53208093377866,146.87135882397095,50.294472661104166,40.340808542996115,11.42975977671685,0,93.23689147058292,0.33535543045826005,0,1
71,1,福島県,27.59769094841318,115.99350108219902,74.22875072844579,42.771863912959624,30.46278928689374,0,92.16275021765843,10.0,0,0
48,1,神奈川県,17.921527144749284,72.97915723338772,9.591403119725703,51.66184629578626,19.997519860349765,0,88.50259761216567,10.0,0,0
60,0,熊本県,21.163012439900186,139.60884305209214,148.46579348844207,63.069755383040835,35.82954692985034,0,111.47869969731326,5.070888520394052,1,0
52,1,大阪府,20.795076847629176,128.83546063791047,78.2116145062065,40.4786341814887,13.646942886274958,0,102.75810054367615,10.0,0,0
71,1,静岡県,22.214846905382938,109.46095975479686,28.26921897577429,42.50537126504474,7.298007983544229,0,99.76608130679479,10.0,0,0
44,1,静岡県,25.013485864729997,101.65057170898915,295.27756386073844,41.65515276670422,17.63723112023226,0,124.95468660312298,10.0,0,0
54,0,神奈川県,24.50773052480912,134.1243234059638,99.20213552404014,40.638984259954164,12.868824703206304,0,75.4078703544372,10.0,0,0
42,0,愛媛県,18.964196642443746,131.01638446092636,67.38368546518413,41.610781599938214,21.9881501081684,0,87.69126013704079,10.0,0,0
62,1,愛媛県,20.634597490942348,144.0608136407837,107.52863495585721,41.092264165292775,15.521995397338443,1,72.0454441809298,10.0,0,0
59,0,愛媛県,23.051740554342373,133.20718766850078,178.8663140968528,40.52772100740237,32.43649861966795,0,115.45760941803171,1.2367603251563333,1,0
68,1,兵庫県,20.73953905757625,98.96679345632029,13.425217790005512,56.57553341993388,3.7170295438458494,0,105.97597656683469,10.0,0,0
64,0,茨城県,31.011238119062803,139.60925384225254,123.02425132597516,48.8880959670541,32.27930185863339,0,121.73919882607562,4.916870202606008,0,1
49,1,神奈川県,22.39968927388927,143.17519019812897,28.467640369443256,59.98847493679585,17.05265282352682,0,121.60665701635077,6.717804034874473,1,0
50,0,神奈川県,22.26803298850108,127.81897646271487,39.784249059442885,41.80158555659184,8.255818081591766,0,74.39613976266241,10.0,0,0
56,0,三重県,26.93731384555573,113.05910589018649,175.52855032233137,41.684288896078975,53.325415769046046,0,66.30049555193527,10.0,0,0
57,0,岐阜県,15.490188592622863,116.06556357695138,144.49732300136046,41.85832916293735,6.151601616586202,0,92.72620084451289,10.0,0,0
44,1,埼玉県,24.982581242449637,118.4476621058453,102.77410161394121,40.08190789662958,13.659419898249071,1,116.76621650807101,5.265966696112979,1,0
50,0,兵庫県,26.900478722792677,126.92572596631595,155.23821768124515,42.47748542208661,29.181908053243006,0,88.59926727947489,10.0,0,0
72,1,神奈川県,27.842695634544267,109.09500997622345,72.28762147667196,41.37203506170195,12.869101562208686,0,118.57069860487951,10.0,0,0
52,1,京都府,20.743141447397473,105.87469842534918,21.301802327628533,57.10529037566663,9.381967903950056,0,74.33939917304556,10.0,0,0
71,0,岐阜県,24.15229261821177,160.22215277737266,85.2576952329511,49.246628799353516,28.89460515646625,1,107.54915580223799,10.0,0,0
44,0,愛知県,20.391653886255536,113.47625178894185,45.139090795816166,41.942801525696076,8.221654719319105,0,86.00613643827026,10.0,0,0
65,0,岐阜県,25.548198536970087,111.87031796887823,196.33200997243645,58.98969846190436,20.243776772158082,0,103.72241195704319,9.87449546121739,1,0
61,1,沖縄県,23.501247064848005,133.3043791996561,162.50378695410612,42.41595372404708,21.930121139458056,1,98.55621520928808,4.952034278010007,0,1
41,0,神奈川県,27.195540772311997,119.51678021360772,75.67442667889868,42.071700999741815,6.47439071546862,1,67.21406175204112,10.0,0,0
40,1,東京都,21.758001468353424,131.2517828405215,36.63721519022841,44.608886585363564,16.691305430727194,0,71.96377717083658,0.1063120754448626,0,1
47,1,神奈川県,25.690657313510858,134.63799257958496,144.7573376627644,55.08073267697047,23.830190939432345,0,73.48822772669914,10.0,0,0
41,1,愛知県,25.561691469884007,120.69527825672954,81.36268811116622,41.68300769667651,9.543208802048976,0,60.012813100187664,10.0,0,0
51,0,岐阜県,26.619035253430607,120.19150642813203,105.74082371763825,47.1156558636695,36.79918746286781,0,111.94213953777144,10.0,0,0
65,0,岩手県,20.15463411798463,148.10376802890326,172.42022625070908,45.04844066286234,15.63920867259206,0,96.25668801070051,10.0,0,0
47,0,福岡県,25.56645286424982,144.45764494222541,83.75699215427392,42.22748558940882,14.910974827901782,0,101.79127881876968,10.0,0,0
42,0,兵庫県,25.329038827174898,106.71552797450248,190.85657525570028,40.718039011818156,45.1770428601989,0,122.0578887386761,10.0,0,0
56,0,千葉県,23.89565316719418,136.73962021403943,60.912188066474975,54.57443850505634,12.859672606390454,0,104.36210542338922,10.0,0,0
74,0,東京都,24.828139290962582,153.8425224955694,149.12147504780538,59.01313692687699,53.31774414858899,0,120.13470761766857,10.0,0,0
60,1,神奈川県,37.752438260397525,122.11555805407599,167.33948635713716,40.8763961673242,60.61677437658806,0,102.23661173215137,10.0,0,0
71,0,神奈川県,26.109866589353896,166.1588211384693,221.42745947308867,53.531740478851695,26.444130260406247,0,102.03959841146899,10.0,0,0
53,1,香川県,13.335785472072425,94.07875561180353,20.95159531359295,40.07844338214316,0.92965904404134,0,121.25943514481355,10.0,0,0
45,0,愛知県,18.230688790795124,112.49693020945575,82.8232450774124,57.13063574816376,8.787627472461507,1,99.55429242116905,10.0,0,0
44,0,北海道,23.888665149514203,118.72179780669393,97.40271032913844,42.29348940878403,30.773356371949244,0,72.866766407376,10.0,0,0
56,1,滋賀県,24.170877281961634,135.33031045923903,23.52702804455162,40.39690461538682,6.77317921536644,0,52.90332741301857,10.0,0,0
73,0,東京都,21.86407673639563,147.39483194037047,74.93439069329084,42.82584581174568,18.426119164286405,0,104.02351054483042,1.5190352183679892,1,0
72,0,神奈川県,29.200870425659062,171.31804561313507,598.9574076468539,45.73263983231924,60.19255933567285,0,124.83131220953238,4.453932784906705,1,0
55,1,東京都,21.458771994843385,107.85127168093584,141.9146615325659,42.59129968717565,16.307585088199804,0,59.13567279063459,10.0,0,0
58,0,北海道,30.762399712196917,142.29243145915237,358.7121394493165,49.306165339613386,60.77364823345652,0,121.1066303549786,1.8492742569564597,1,0
40,1,福岡県,18.00372984463266,112.57826279566322,44.4767689264732,41.09974115891506,18.42989182348295,0,106.34231287853335,10.0,0,0
53,0,兵庫県,22.470325452545712,113.56307573446688,33.82287485403418,41.6241460902168,8.584354821063336,0,76.85786143851496,10.0,0,0
57,1,岡山県,25.11082037203553,155.22865578487767,14.271733480111697,62.29217439962806,25.114095999108685,0,122.70526621985611,5.063547275732085,1,0
43,0,東京都,26.830329365922683,128.6794060520113,50.03062328336029,40.91900798262236,25.17229800334657,0,100.37483253186186,10.0,0,0
64,0,神奈川県,26.94562013126901,134.03820063453682,237.47113889755144,53.09853915842466,39.682000195755855,0,121.98072546344925,8.126962604009282,1,0
63,1,福岡県,20.115477486565204,112.17232970522244,60.754993606346815,41.92584762869305,8.29864274073555,0,67.84819672494362,10.0,0,0
41,0,兵庫県,19.80633846359669,80.09191420185846,12.593639205612769,70.91190339568121,7.191967849811481,1,101.60828702288507,10.0,0,0
67,0,茨城県,20.67611236111566,113.05842447452392,79.65296601778634,42.45057969833861,9.838952638260636,0,101.46373346998905,10.0,0,0
60,0,熊本県,28.2300674054345,122.80095974804856,62.67573025085002,40.2988692118985,7.052673097249376,0,73.75470615587514,10.0,0,0
40,1,神奈川県,22.74846814450212,92.11499094247424,24.623245617992755,41.3991279924289,21.838706394841914,0,83.8249789985261,10.0,0,0
59,0,福岡県,23.907804606192382,85.8155399563512,53.58917176991945,56.545800023989145,19.53212072408963,0,70.19622123693435,10.0,0,0
51,0,福岡県,21.061473786231822,130.2151601504705,111.0201879988669,57.200791699433616,26.350920678749894,0,108.21498734201782,8.095743298202803,1,0
61,0,長崎県,15.821990975865099,142.35778509677831,113.90064114340984,42.2884224228425,77.71749465194925,1,84.93310080026208,10.0,0,0
43,1,兵庫県,22.258200582517144,111.40332005362987,29.843442207551032,51.40003825021026,27.92576173531925,0,91.68613157057013,10.0,0,0
73,1,愛知県,22.762156465789474,126.56620835108625,106.05432239371837,55.934829623255304,16.47779376398446,0,75.2572789385462,10.0,0,0
40,1,神奈川県,19.51201966742996,121.51550377415177,132.79294230731418,40.95918339381677,21.053889892818567,0,79.63255398354379,1.332448206288034,1,0
63,0,神奈川県,22.100664728577797,107.37323561722918,88.67627606885478,53.88776798260039,8.862729897938612,0,78.05245196878556,10.0,0,0
42,0,大阪府,23.78239588137289,118.34010257433701,173.76376727844215,57.825322439855086,28.862415486761005,0,108.77099828340636,10.0,0,0
58,1,東京都,24.167374731727346,142.84469938046553,118.35581471180427,41.42247013062099,3.8755296281193226,0,82.73621782852928,10.0,0,0
41,0,愛知県,24.485396613767957,109.59945691047422,82.71899407477623,39.989251117571676,2.6378036883648197,1,109.22612862499248,10.0,0,0
47,1,愛知県,27.583609123516517,163.4632491555814,163.6466045331256,41.34233630797659,19.035891170746062,1,85.22494392499004,10.0,0,0
54,1,神奈川県,25.086368858918803,130.14950510024502,113.80732316960815,42.75079746552391,7.86141055063417,0,87.69724115993533,10.0,0,0
64,1,三重県,21.054599517342584,116.35377387922591,96.44741271243443,41.54829432166665,17.805388539779088,0,119.72861143305319,10.0,0,0
61,1,東京都,21.892221592191287,150.7469820522869,91.3078379894164,41.6361689992809,12.002761477940089,0,83.82467813670364,10.0,0,0
58,0,長崎県,25.784553691966725,123.69332302723006,254.87405974796434,41.10290946206489,7.928502748785181,0,85.60914531537286,10.0,0,0
44,1,神奈川県,25.32952399730707,158.06704188233988,221.2795911789556,42.977823325115885,23.501182353722612,0,91.38680882793443,10.0,0,0
61,0,神奈川県,28.416309390551632,117.2953380457554,98.66560320373736,49.158358525230604,27.67006452207726,0,93.25885058106775,10.0,0,0
47,0,福岡県,23.631013897245328,122.46521478292672,113.5664650347641,42.64456441826402,46.62532510620806,0,99.87682225222406,8.051156703981238,1,0
46,0,山形県,28.167228738347642,160.10965331711785,49.05861928012463,59.242062023058466,17.806508026362998,0,73.61079351398075,10.0,0,0
71,1,青森県,30.123695463142433,143.2078433447487,370.8846161720158,54.12753663079465,43.17962045012679,0,112.66962788718976,10.0,0,0
48,0,神奈川県,23.483353626487265,148.38846300559342,108.20861735997163,41.68343465730755,4.879317220863309,0,71.31651521409344,10.0,0,0
65,0,神奈川県,18.56455821779505,140.5556363836169,60.86133900188121,42.2597643631429,34.658249382309606,0,77.07271286582925,10.0,0,0
47,1,神奈川県,18.51131709716514,124.12744462201032,44.77153198720621,50.605684096497214,5.790452597395714,0,102.17234392180642,9.453790947003053,0,1
43,0,神奈川県,22.163237652489027,102.65246181483866,45.15817580923551,57.54687098719485,18.90148957467913,0,85.27260482073176,10.0,0,0
47,1,長野県,20.56600076634156,112.59299709753986,155.0931023141299,44.66132322400858,10.249743371140628,0,72.48794006335417,10.0,0,0
54,1,大阪府,26.204026754804886,141.12968688429598,191.12319403472992,41.823672129685804,14.678896754886845,1,70.92218903310251,10.0,0,0
48,1,神奈川県,27.184973531384628,131.04429586854323,376.7585109045614,40.92483355872829,45.074975664966544,1,70.52741058250105,10.0,0,0
53,1,神奈川県,31.283248877385354,149.4627557490942,145.102328483623,40.99581463969256,9.684234061690802,0,67.42917405262486,10.0,0,0
48,0,神奈川県,27.42038281069933,156.80521262349532,61.11201574265614,41.165807554992,12.661437165022324,1,93.6092678690392,10.0,0,0
62,0,東京都,14.890067107326615,130.8589000256472,10.53627048972849,48.057167860385384,5.426707740062204,0,73.75976670902436,10.0,0,0
46,1,大阪府,27.11315778691533,135.60992970644904,67.3748630526275,41.23421766437792,7.132505648509189,0,77.23230461531375,10.0,0,0
65,0,愛媛県,16.328075986112136,121.33629534513784,61.670200769258656,57.70609064726335,7.306935981553175,1,96.74438042335301,10.0,0,0
46,0,神奈川県,25.6399728424206,100.90129211909552,106.90766934262268,41.87850056323963,2.7510326269420644,1,69.24333626784387,10.0,0,0
65,1,群馬県,29.84216282899753,144.45696098801906,191.0139150200663,51.88576317570584,64.92236535120047,0,123.18306669240536,4.291504858451465,1,0
45,0,埼玉県,25.75783610172361,121.48225012434355,27.8570696350509,56.42255865228599,5.0093545414719145,1,95.40354320956662,0.11921462493732413,1,0
62,0,山口県,28.034313951719096,106.97112943627947,95.667425350684,40.33687766531776,2.6685290716454015,0,85.38607614596955,10.0,0,0
74,1,大阪府,19.819735578051567,124.63996306945528,115.03041228733326,38.87071190099046,28.631216012403886,1,100.90683069853024,10.0,0,0
45,0,東京都,30.36377845149315,94.01129593957434,160.65358998169728,40.34880376508197,22.71354833209806,0,80.3275855453285,10.0,0,0
43,1,神奈川県,17.80689551846548,118.79167818169256,37.935766152008036,53.35774335936832,5.001298736338158,1,76.43967370980883,10.0,0,0
42,0,東京都,23.165611445200973,109.49515749438098,92.20135327681344,55.07439493449275,43.25343187761066,0,78.88563665137666,10.0,0,0
48,0,大阪府,27.83312208566864,129.1588208366285,252.89511474737355,40.6947859363417,44.822526345801705,0,100.34461262493585,10.0,0,0
56,0,奈良県,14.288272723686347,110.6315250683246,14.802030067117737,41.04875208914805,3.245985940417405,0,66.8134358758231,10.0,0,0
69,0,静岡県,21.754493040565084,134.86419290179458,28.03916839529335,59.06919687777501,34.163925049479566,0,83.69750070140022,8.718167143173636,0,1
70,0,神奈川県,22.081228864397076,137.71924180454334,204.36605187005966,42.263562543924586,10.91227288751788,0,101.75471596474334,10.0,0,0
47,1,鹿児島県,25.594738463082827,166.79144398513037,144.43658827508006,40.91478508845608,11.996909914185556,0,71.63668765046341,10.0,0,0
40,0,熊本県,23.94316027571329,129.11637832507265,25.619281361612064,42.244014536460064,28.97536749853212,0,78.03563904919011,10.0,0,0
62,0,富山県,19.57263947460205,116.91418207309738,27.801763360730213,50.48778686276468,9.90683827899678,1,91.49836449779099,10.0,0,0
65,0,埼玉県,22.380745005652567,121.17251256480179,236.68859696482602,51.32032102847504,9.844201815575834,0,96.4201234638143,10.0,0,0
51,1,三重県,13.68478801833764,85.76262519537488,44.35303572969297,59.44276225901065,45.14457822913414,0,64.30205047144257,10.0,0,0
52,1,福岡県,21.4783711116042,144.08583227016902,71.49559754645715,47.34926807040079,72.82005585666701,1,67.24413119718449,10.0,0,0
52,0,東京都,17.359564380131538,100.1865842495909,24.044848426088667,41.28402078273384,8.612589183801163,0,82.94830792095553,10.0,0,0
47,1,神奈川県,25.637051203923452,135.62312795812005,50.71928195623235,41.35215998199166,13.088146731180947,1,88.80364701414507,3.220633786848212,1,0
62,0,神奈川県,21.82368654138008,125.28570955582727,62.46941020097936,40.12168867991152,3.6449366631966034,1,84.62352862473828,10.0,0,0
71,1,神奈川県,31.31940928234145,140.64917993732726,290.6249225780994,50.385233442861995,11.090266566333202,0,98.35984674361434,10.0,0,0
46,0,愛知県,25.936444708087897,115.04325592894247,87.15348575963516,59.87116981726935,5.8949237859817165,0,122.72889911453066,10.0,0,0
67,1,石川県,25.347020586348908,131.40548832830387,73.05499945538334,40.22857901314448,24.685865229965998,0,117.7077749285653,10.0,0,0
58,1,神奈川県,19.27624561264176,112.17814697549149,110.21230976766431,42.14256795731217,69.02647011914159,0,83.06044312028197,10.0,0,0
71,0,神奈川県,25.390996981095913,150.06832915100236,112.56648589429138,40.79614769691645,21.96445578409337,0,111.1360707454316,10.0,0,0
65,1,神奈川県,29.800897565740325,138.33981835420983,203.53320830600734,41.03933562539058,12.742632184128153,0,111.36963429346389,6.34989339976263,1,0
42,0,石川県,34.48203495193472,149.20231776315427,325.688034627226,50.20473812087717,64.58269434023484,0,87.50510198532132,10.0,0,0
70,1,大阪府,24.861201478886592,135.7264391097952,64.55953765584432,42.08164027464483,7.250912032132086,1,85.19467650459802,10.0,0,0
66,1,岩手県,22.089923787144997,130.5193617103969,30.647594587268934,41.07475287958843,19.937231995112903,0,72.9509579510059,10.0,0,0
55,0,東京都,18.332389910648345,126.93242858503089,48.94376374999407,52.164980437317155,10.224127202175806,0,90.61306952103091,10.0,0,0
73,0,神奈川県,20.71655043709843,92.52716111342838,76.87963210559789,51.5729500103052,4.773998503344383,0,109.23812896334353,10.0,0,0
48,0,東京都,23.937555962821776,137.3357822405398,91.29673488200484,51.90332590843189,5.168761258106904,0,123.8697235436066,10.0,0,0
41,0,奈良県,24.60442227902722,102.78216759351476,123.64853212700548,41.692748224972746,32.3983815322805,0,63.8737391449035,10.0,0,0
58,1,東京都,22.45415861483724,98.16475712629823,47.36185607963922,59.81295811750967,15.443498764683968,0,72.97438800717005,10.0,0,0
66,1,神奈川県,22.510421350045206,146.26162410316533,87.19833362707605,58.66251958373912,18.039961889233346,0,107.55656447632936,10.0,0,0
73,0,大阪府,26.962192424215694,148.85886580284745,94.76033238063208,48.028279058147355,11.40309707437036,0,88.90647653560485,10.0,0,0
57,1,東京都,22.16246077328941,97.75298664795218,45.89563439563516,64.45525523586446,7.067139613006155,0,93.92190902965788,10.0,0,0
72,0,千葉県,23.483722406350996,130.33990963768605,98.01293431445326,40.54334286713988,8.698820791071336,0,118.30677894507586,10.0,0,0
40,0,北海道,22.862433664699907,130.2879024361207,20.94020309402045,66.39940081996211,26.427989959082016,0,80.91748369046287,10.0,0,0
49,1,山形県,22.062412696399807,107.08127470167341,95.62799126649618,40.50207430447513,7.774811572567287,0,77.20625677101032,10.0,0,0
63,1,神奈川県,24.368556049271074,103.75244557314525,69.2356814303713,67.69366274679106,28.227979977724786,0,89.80135751458509,10.0,0,0
43,1,熊本県,16.285125563784483,121.22656381964511,42.72726547050063,42.03437326345583,8.870289398471767,0,75.45794856716707,10.0,0,0
41,0,茨城県,27.825305015400005,108.59122519116603,94.72838361486878,40.646142728234885,47.743804690789304,1,69.2434972952915,10.0,0,0
42,0,沖縄県,26.073697733586577,108.28823145874557,62.64418089026769,40.41244432054853,16.492236782860935,0,85.63912672496687,10.0,0,0
62,1,神奈川県,24.19228604410308,125.82441033226745,117.81236019347102,41.17198351285759,21.87095292569472,0,92.25330591456476,10.0,0,0
50,0,神奈川県,27.04011079164234,144.86018350188064,34.982721889393616,41.55379161086478,28.262790460572447,1,116.76585574000939,4.096214432358143,1,0
40,1,青森県,29.66982497411971,124.00840409101046,77.29378404511687,41.48594041023933,3.6281904004090095,0,79.38741013468089,10.0,0,0
49,0,島根県,36.318887698241376,102.02245301815503,148.90029329187817,41.40004674517031,9.024174425068006,0,96.2630322204869,10.0,0,0
49,1,愛知県,20.02655740704998,96.25429723888978,106.40024599006104,22.93448457549952,4.996191616150278,0,70.09797944091824,10.0,0,0
74,1,東京都,26.7723345375499,166.65306586253817,50.89416001105113,41.42696167381741,6.624814744563049,0,101.00053469063317,10.0,0,0
62,0,神奈川県,21.145884724646624,126.93152943905743,71.7252076482437,42.47574320116228,3.2345223414640794,0,78.55686523426941,8.524379285535446,0,1
52,0,沖縄県,25.779125707764578,131.4710670372469,60.84561817607182,42.4672436365031,14.768565248426805,0,115.9276786221483,10.0,0,0
65,0,神奈川県,18.20146575861194,121.17683222965977,50.49623618257192,41.373835291731204,2.6722849241023465,0,59.98300370168117,10.0,0,0
68,0,東京都,23.911617578693757,125.59950016847313,401.59612888150554,41.34947808726278,87.88429358238685,0,99.89714008888873,4.511858525001367,1,0
59,0,神奈川県,23.67644378369082,121.28278523095061,77.44930418823589,41.8883957985786,3.245386292081748,1,85.16228156651484,10.0,0,0
56,0,愛媛県,28.2168664474324,134.6334645111617,73.10622806874386,44.07644579214456,14.216535215700208,0,118.89988143107125,10.0,0,0
57,1,神奈川県,20.855421896092725,135.4623926686521,156.19137393003473,42.07691534168185,32.85927815584679,0,76.84103795008359,10.0,0,0
41,0,岡山県,26.354845122151975,129.25665223506883,49.87263619099327,41.16967881363516,1.7744994303844277,0,84.61179503372588,10.0,0,0
45,0,福島県,23.751229012508123,121.34471133527161,27.798863349638385,47.06915560633545,5.087149119668016,0,79.75668712654476,10.0,0,0
45,0,神奈川県,16.801719362974634,102.64028611609757,65.7257629834903,41.10275921086253,2.0815956820063324,0,78.74176455063136,10.0,0,0
46,0,沖縄県,27.88572969142359,150.12643105997333,22.77388579026207,40.33921488583485,14.630303545178396,0,81.67444386376485,10.0,0,0
54,1,長崎県,22.258235314501498,109.6972476799632,72.13271858548705,72.85154175041345,13.188497066402714,1,115.432183804265,3.6465500210016617,0,1
52,1,静岡県,14.933492221487814,115.77346809893544,31.941597123212908,63.80497315215911,5.3488836310971735,0,66.2642773476136,10.0,0,0
44,0,神奈川県,22.56487140354625,125.91135642984358,72.74626430684948,52.85735600258926,23.726869087734862,0,77.62695404005012,10.0,0,0
50,0,神奈川県,24.376319884553656,107.76254217211697,181.37984278463298,58.49001731925868,15.000352548373536,0,107.24127263812069,3.4512705230506247,0,1
61,1,神奈川県,27.29511399291573,172.17673367584828,602.3271169127887,54.14562230844988,29.197730616767327,0,115.43201830771267,0.10121586303840939,1,0
65,0,千葉県,30.46687149474918,155.3304456844826,167.33722650362452,41.17210153043271,35.50372952679731,0,80.48283985575615,10.0,0,0
46,1,愛知県,16.531951895461894,87.52761405373015,30.823662226906862,40.3849899386597,8.654959869881399,0,74.3448326434446,10.0,0,0
73,0,新潟県,23.077568722015698,146.8871866730336,224.68368836076291,53.608152051376926,32.9614164087081,0,111.53244531637493,9.971035681016193,0,1
65,1,福岡県,28.626911185617583,132.71164620650018,103.9604412571647,41.563577683350864,17.642366333682208,0,72.12954840481167,5.293884715378386,0,1
52,1,福島県,27.43254262309886,118.90610023252765,152.58722117853264,40.95054909830051,24.738590604558937,0,74.68280453639038,10.0,0,0
52,1,青森県,26.072890760626773,120.8564507610082,64.56193755150267,34.66699350417823,4.079624719562981,0,78.11740241192909,10.0,0,0
53,1,神奈川県,26.770825108382766,116.01131161532498,46.9115663654293,42.86505232017977,4.734686898027318,1,120.03144633561774,10.0,0,0
70,1,神奈川県,25.25002505668288,125.72013582058156,107.90281667205657,41.17048434646164,22.91546183287015,0,94.38538281111585,10.0,0,0
50,0,茨城県,23.854032181579377,110.46897676928835,34.64856024306258,40.71163012254759,14.463368325991155,0,79.65828786076749,10.0,0,0
41,0,神奈川県,20.426349219288873,106.26487977111346,24.52349376259771,52.330636820048895,6.9897707272823695,0,93.04344739242636,10.0,0,0
46,1,沖縄県,23.753213174084976,136.70414468406054,123.0733804975099,41.170785961351015,43.17851454135892,0,123.2551281894448,10.0,0,0
61,0,福岡県,22.73308524924636,101.3333749602197,214.96939091586535,42.173493459410224,27.68176813440994,0,94.0437605670257,10.0,0,0
49,0,神奈川県,25.56242597765419,160.44872194611892,59.31123769155257,42.7493244220617,7.579237199875545,0,96.62964631104464,8.632609000390715,0,1
70,1,宮崎県,21.325852230555004,129.19601851905915,134.27119950078173,41.84129201282739,68.5391928010825,1,77.88942170850314,10.0,0,0
74,1,熊本県,27.056499456363287,135.29276938650474,39.968767916676136,41.28405687386179,4.905636306208622,0,87.00865076558006,10.0,0,0
57,0,福井県,27.380268504010232,123.65091076522977,120.44100914435349,42.181639994684886,38.47567608194439,0,115.75860915731018,1.6645436504674882,1,0
56,1,神奈川県,24.18142550870705,109.02534188965198,52.99842814948043,50.20962551094413,12.28140917851854,0,86.25289066255402,10.0,0,0
68,0,神奈川県,29.902008845252727,157.37632314473052,255.90183630179266,41.81836656247729,40.27668721413011,0,107.37920968195822,0.37079435455912657,1,0
45,1,東京都,20.261957325644577,119.80549248197761,50.746830286240204,40.98751294775955,6.877491319675027,1,61.60920715092491,10.0,0,0
64,0,神奈川県,21.43082014739812,137.3582277939099,105.30502809168985,57.80161091474242,18.59460824284526,0,107.91512137326812,10.0,0,0
50,0,神奈川県,22.37879313852815,119.47323574498635,160.4536720659118,67.25886319943022,72.40333805155394,1,112.12501792285659,10.0,0,0
66,0,神奈川県,20.401405018483644,115.98262526138917,21.36003641631911,62.705695853590214,14.649937153320922,0,73.19805211328348,10.0,0,0
46,0,愛知県,29.155844383576415,133.65638673447057,249.4392817214489,57.21168641992896,67.59627766672843,1,87.79946424621032,10.0,0,0
40,1,神奈川県,25.96223169372505,118.53689883755969,92.9522944205414,42.33653091381144,28.98259267309924,0,84.48143450854536,10.0,0,0
46,1,福岡県,19.14199693324513,100.33201497496698,82.55626752968729,41.4627341322006,0.8533427765146582,0,98.10628562063808,10.0,0,0
46,1,新潟県,19.736354822275647,126.44026629937532,39.57863202531087,42.46855749260666,8.968179670229462,1,77.1519887121332,10.0,0,0
46,0,徳島県,23.525344293261647,134.62261219223308,82.54169147885015,60.731794757146496,8.471096014006324,1,103.96185583620559,10.0,0,0
50,0,神奈川県,24.736367679473858,137.335450627858,68.47471949218992,41.39856051318654,29.433846499761934,0,77.21521805458218,10.0,0,0
58,0,神奈川県,25.329967531907833,125.94857299994155,160.90556507385014,69.4705205806447,9.40314821998538,0,99.59639920950399,10.0,0,0
70,1,神奈川県,27.356872586099144,143.61568865879485,123.68656828550989,41.507387212984895,14.154198143702816,1,81.65389743792642,10.0,0,0
47,1,愛知県,20.72515851676825,136.73033194743175,90.29471228734474,42.456553211903255,4.934448329093787,0,91.76654043157139,10.0,0,0
54,1,神奈川県,19.999025335121942,101.62459567169206,148.87255715647407,49.62866319642013,31.159707250735984,0,121.98492525058403,10.0,0,0
73,1,山口県,19.504697828266497,73.40719366418308,22.73933844902062,41.24496728308178,3.6358474068384834,0,96.93005219428366,10.0,0,0
47,0,北海道,29.576104275381983,158.64017917729498,150.4503722763634,56.53507831037214,44.76766858612864,0,92.7186687917067,10.0,0,0
45,0,千葉県,21.068432222123864,125.97682531730469,71.69135466864637,40.730270630568995,3.9440182766513012,0,89.31395452420563,10.0,0,0
53,0,石川県,15.989547558329612,127.76744641198131,27.988279836255032,41.947203802842076,4.989482226947663,1,91.76671573231081,10.0,0,0
52,0,神奈川県,26.810857960342414,129.58966532318126,44.116919102573576,41.32930178486201,6.682814482521206,0,114.20660793633394,10.0,0,0
68,0,神奈川県,27.083650761965266,155.3308437116602,88.60951964291164,42.24385242002762,18.3319089504334,0,82.88508624237406,2.0615272423211715,0,1
46,1,大阪府,24.534825375329284,107.89646488311125,140.7216001804418,44.76277466374904,33.67723440199353,0,102.22647263016074,10.0,0,0
53,0,新潟県,22.305485876151554,123.23371968100764,142.9361045721729,51.15037564266563,37.60984723122767,0,106.03750634499852,10.0,0,0
47,1,東京都,23.01360751106913,135.18293648757177,82.54908205583041,53.60530932357748,3.7881909678698396,0,69.23907387437762,10.0,0,0
60,0,神奈川県,24.636556084833604,132.6782582523384,141.14470052030353,42.04967522135898,5.429201101597682,0,69.14927229994868,10.0,0,0
52,0,新潟県,23.888508366479066,126.18152147441636,13.399255318578371,64.64761854013955,15.68310933319987,0,103.37213893328999,10.0,0,0
40,0,青森県,21.757025765166123,109.27549694644652,32.516024448761264,35.28886315916078,4.309198740449863,1,79.438420854769,10.0,0,0
43,1,新潟県,17.750173499605673,116.75720749834342,56.17506280592923,57.59140238181772,20.11396567697297,0,90.3976376904983,10.0,0,0
62,0,福岡県,18.82249638356632,112.03103151081226,11.22275883948665,49.73186002455102,12.668752160090266,1,72.66832475001686,10.0,0,0
53,1,大阪府,21.203040114707992,145.0148345695178,48.49660294108962,41.699221565705784,4.077410178146084,0,76.13630820935559,10.0,0,0
56,1,熊本県,25.476750852911735,92.51495504303436,152.46880435365196,42.36478827911906,6.8516882753885975,0,86.55058750411153,10.0,0,0
67,0,愛媛県,19.867151774527112,127.83730936359844,49.61487251966241,41.42902055254667,8.264980534419868,0,74.34196321842239,10.0,0,0
43,0,福井県,26.796417160435713,145.00323942684457,44.10895871699493,58.19393892145376,16.422333927405322,1,69.16534894636956,10.0,0,0
42,0,鳥取県,28.917892304234016,107.27225271929784,105.90488768203541,62.77953254036353,60.5151634835507,0,81.95822767291416,10.0,0,0
70,0,北海道,13.991869036858633,97.41149341275134,9.907341896891067,41.51116042958764,2.7369437312284055,0,88.84630896225991,10.0,0,0
47,0,長野県,23.209484292220413,97.45021277303469,113.97048217635883,47.5250695747064,11.665085287889982,0,99.57568314845194,3.2482274632828783,1,0
67,1,山梨県,17.1285513181285,127.05663733439016,49.599739146930204,50.62373580711011,7.03878633175252,0,73.08582451955336,10.0,0,0
55,0,神奈川県,16.215452406140518,118.7783953415171,76.54019969228845,41.952858863855454,15.19829926260627,0,75.1365739649974,10.0,0,0
53,0,神奈川県,24.64994126826531,133.14230584514738,182.20295714658164,42.315696816424186,8.832303057263408,1,93.49332549996103,10.0,0,0
64,0,千葉県,25.11936545501974,132.14715427410667,96.33221154887505,56.76350427893265,42.59672111974075,0,108.51725652982549,10.0,0,0
40,1,群馬県,34.13157968140073,133.90695301601687,251.8930992963916,41.353780656235514,33.41563056663608,0,77.20614150176453,10.0,0,0
49,1,神奈川県,27.25685814364674,122.88132867094954,88.71465762020864,40.547335657229155,46.326130132570974,1,71.20635231998756,10.0,0,0
73,1,神奈川県,28.902486772973855,177.80468306184082,217.66699448952582,42.3614824788023,81.24569032037313,0,117.14359312377465,4.999183415033188,0,1
48,1,神奈川県,20.298856057343936,112.30510669638635,29.43959075723993,40.794092948399125,1.1782041266181809,0,110.94935868271848,10.0,0,0
72,1,東京都,19.48612783750472,123.30837387372966,96.68452239783878,41.128855658102395,7.239467547886585,0,108.79538338627829,10.0,0,0
69,1,神奈川県,23.272702509053087,133.48349047022975,79.69557235975678,31.60911719245548,13.969737815173024,1,123.2733993825356,10.0,0,0
42,1,神奈川県,19.588856613160587,108.01650079709363,29.932666227964337,56.58456123528069,5.558749561246906,1,73.79543970739486,10.0,0,0
57,1,東京都,28.339866886133994,126.52275581001891,131.41697501866952,41.18191366687956,39.40209258708878,0,84.88982927641486,4.167091967330054,0,1
46,1,埼玉県,18.585451799876743,116.7307629955373,72.26659240042358,41.24359648834211,3.7155958563765488,0,79.43042164968715,10.0,0,0
53,0,新潟県,28.554565426643524,102.14987916480621,89.64447982842222,41.87426372682088,10.248600176596227,0,124.46645764598357,10.0,0,0
48,0,長野県,24.503883932671634,113.63420947334541,75.42364955717295,62.407116308259525,33.345798386322606,0,99.20007400410788,8.645126672322924,0,1
55,0,佐賀県,15.835094386827407,117.2626071585455,84.51334372616047,55.84050288908135,6.72969454574184,0,89.10410956914268,4.163690981655474,0,1
44,0,大分県,18.776688102002094,110.9378056256437,84.4294991521704,40.94373676132109,9.755625283915812,0,84.61038938676097,10.0,0,0
64,1,奈良県,19.011881394974722,134.85494017039326,30.47124761712915,67.85335727074124,3.128546366788953,0,83.57212317726513,10.0,0,0
70,1,東京都,22.291922060371423,138.35761603750956,174.64525193356496,42.24617092275417,10.762889412701707,0,93.3964051338895,10.0,0,0
60,0,北海道,27.334408522651113,105.29229386989108,149.91913356811486,40.69366458526534,13.391692966813007,0,81.66361219009173,10.0,0,0
46,0,神奈川県,30.423443708354885,110.8780671832824,90.2454235741484,55.65028686849807,55.56244377640625,0,105.97887007581764,10.0,0,0
58,0,神奈川県,20.822158102938285,111.5344882285844,33.31780823044013,46.708308033108665,6.218860077886824,0,109.44601506618898,10.0,0,0
44,1,東京都,25.935902460071635,124.03077346491456,155.2329149371434,49.29585211635771,21.61671273228996,0,96.89898594851452,10.0,0,0
44,1,神奈川県,26.526157945875113,124.16747509424519,70.96276731863648,41.72231629679498,44.618358548055,0,92.69339422430272,10.0,0,0
71,1,神奈川県,21.480180419752827,155.66874213714908,172.2833437989419,57.89249714672088,28.852005803915986,0,89.00105195562016,10.0,0,0
54,1,栃木県,23.33737810578375,134.6313428708326,160.39235805295905,48.89666337595092,9.812682598081846,0,73.45071020731316,10.0,0,0
62,1,岩手県,26.61692009735926,127.75729193786522,355.7042374313791,42.39408633945058,11.227373088189058,0,92.51891985237997,10.0,0,0
58,0,大阪府,25.85942638384818,118.88602837550778,119.06699378310448,42.3704352049467,17.587968179802854,0,103.29680107827852,10.0,0,0
74,0,大阪府,23.517223911119892,132.1803519026127,179.75998472970005,41.43226145130146,13.301188666644716,1,105.18259187284158,1.8260494478121407,1,0
42,0,神奈川県,26.53179036518275,121.27842100529777,9.972513954676751,40.69423559044735,2.2113569320285795,0,74.3430598147223,10.0,0,0
44,1,福岡県,20.63628329073557,152.65120932076542,122.51788439736286,51.17445421549725,20.199028754931234,0,101.63398313614753,10.0,0,0
55,0,愛知県,23.11463510324337,136.9634382153181,252.75356656807475,66.96931266367297,43.69090898241059,0,73.74379675273632,10.0,0,0
57,0,神奈川県,34.11833125426753,137.03728690011704,172.5270847693984,56.5339746916773,51.237186137859695,0,84.61184306251445,10.0,0,0
74,0,愛知県,13.111642089635584,129.62081729416005,193.11290414972112,60.405321028749135,20.221113808114374,0,95.95076796996466,10.0,0,0
53,0,静岡県,21.76127903740678,128.9704264460374,169.58184663580198,40.99470706807285,15.33329066762824,0,91.49187494667099,10.0,0,0
68,1,神奈川県,22.15498440318536,109.33442531066191,53.647970169212655,52.5039370731045,12.832039311294015,0,97.09028438386868,1.3875834443177386,1,0
51,0,福岡県,26.198468349935844,162.67856160817487,62.91651267352724,56.632143126516354,12.433134413409784,0,73.53988365427317,10.0,0,0
65,1,愛知県,30.702801456217767,157.58803691861107,281.39810209319756,56.59569037578401,46.91582775388431,0,74.80843704461643,10.0,0,0
73,0,静岡県,26.893344437781685,147.1959745924078,142.8420452406297,61.69628498687561,26.407191513292215,0,100.378688520183,10.0,0,0
40,1,滋賀県,30.217864347945408,139.52328465743867,129.6184137078517,40.47652708252153,43.6734037508784,0,69.14278202757632,10.0,0,0
47,1,富山県,23.947690362007755,79.73957533347799,33.86811544264183,40.546538379720886,8.686148157560426,0,84.96484735154479,10.0,0,0
42,0,京都府,19.949640548155667,114.1876839143579,37.91608480435845,67.41998859695178,17.146129293313965,0,88.56635751289151,10.0,0,0
69,1,鹿児島県,25.31815022702923,107.86646416577389,122.79618504600721,44.68072098842293,81.78431175846265,0,77.18210595804301,10.0,0,0
57,0,岐阜県,21.70945424819979,84.88983356586726,22.717720563742482,44.26936244198534,5.452473004288609,0,81.70279822460263,10.0,0,0
65,0,神奈川県,24.637995796082937,124.02955022154516,42.76430580522666,65.20428187113589,55.02851011003824,0,105.70048680059554,2.1920841373663658,1,0
44,0,長崎県,19.061061164066523,101.18518417785016,123.65836093140898,42.243290787443854,12.20511358808734,0,95.34226027258897,10.0,0,0
60,1,神奈川県,21.68609809874153,125.86002720989283,82.5868603446535,41.43167455264217,17.88409896737813,0,115.92891992117329,10.0,0,0
74,0,神奈川県,23.309940954717145,150.54329033795457,86.29853189434942,47.81519015549073,10.84676075951183,1,88.36528582755984,1.411491760834526,1,0
57,1,大阪府,26.988936393225764,141.81471008921406,36.619709377260804,42.2925289119761,13.165541466084074,0,112.32987844793115,10.0,0,0
71,0,大阪府,16.057693117044742,84.89663735463358,48.50444822652658,40.51061246195904,3.297323615514104,0,62.17812843958844,10.0,0,0
67,1,群馬県,28.505594034752672,136.93191265828156,44.14417590078199,64.04104918422567,11.445048034361838,0,123.15222957523311,10.0,0,0
57,0,神奈川県,27.760723774252295,176.699407275559,88.58402677055285,42.747951928823504,61.98999849083685,0,95.8926984087484,10.0,0,0
68,0,神奈川県,28.631261938790296,164.34288804655853,399.56090248513027,41.247581607507364,45.501987751778906,0,109.82443283401535,0.7180511025535136,1,0
42,1,茨城県,25.746989883090446,108.5875863058828,105.56966510045879,53.44107869170329,45.167431137702785,0,72.1507130415816,10.0,0,0
65,0,神奈川県,13.439355823303233,112.68484276689847,89.09165505627666,42.00261507656712,7.280247380033783,0,76.07193785858266,10.0,0,0
43,0,神奈川県,19.693431783976806,117.38975881775369,24.52460499190832,52.12132689075208,17.609421520541485,0,100.0,10.0,0,0
55,0,熊本県,23.52075609137603,128.67742773970303,91.29031270263266,41.50599181214768,15.532910172452965,0,107.51359205010121,10.0,0,0
57,0,愛知県,26.610821524648056,118.4150281925133,35.12917037550819,41.56224411820378,10.870350824662907,0,104.40440735109183,10.0,0,0
43,0,愛知県,20.906425715876416,139.20157479973966,155.94163194045248,52.893266745747304,18.089519007474504,1,60.55589271605362,10.0,0,0
46,0,岡山県,25.01007329509402,125.23332873459856,134.84302017850985,41.032443131654006,45.469856294181085,1,103.38623015229818,10.0,0,0
50,0,奈良県,19.521529937021878,124.99925679870864,102.95493816003543,41.37887383188465,5.53115801957752,0,96.4137204107803,10.0,0,0
59,0,熊本県,22.497482996049406,108.21711568602286,58.77113055492412,65.04703074878454,10.067870697905942,0,91.4259906081513,6.148944127019143,0,1
56,0,北海道,30.89093263956636,136.7321148838482,157.49844843370607,42.331363960039674,123.10530387428419,0,92.70687281242478,10.0,0,0
56,0,東京都,27.21254018775541,114.93828175054136,120.43519546626413,42.21655580994023,18.28966700086487,0,87.45282679310216,10.0,0,0
74,1,岐阜県,24.169535225353314,130.96702350598807,29.810142323948014,45.5436238255604,3.722945181353182,0,86.96645697892518,10.0,0,0
57,1,東京都,19.17001356664846,109.00731087857088,39.55185419129922,45.994152995987534,3.2160475454968593,0,75.25644082955282,10.0,0,0
50,0,神奈川県,24.617772496857782,91.94184773230327,100.47848820001794,51.517571744521064,16.737577912528398,0,95.81778152202403,10.0,0,0
60,0,福岡県,30.881703700866453,161.0254050286793,142.70461362767804,41.72130030835278,26.322535326560384,0,84.86603218950447,10.0,0,0
54,1,宮崎県,26.137381583324313,125.951692484044,131.52173944218285,63.04131850506857,26.752616695001887,0,72.91608448484224,2.6041356818338453,0,1
55,1,大阪府,23.300562375085935,133.6397588667341,20.96236884718744,41.23490354887991,3.005123722583743,0,86.88548963535736,10.0,0,0
67,0,山梨県,17.0443111696271,121.46377766941326,72.73746940678532,41.17526428934864,2.202937098528673,0,64.31919034404173,10.0,0,0
44,1,福岡県,22.025628087061445,119.86930570439378,29.517496042512033,42.74017542323472,46.426959029644934,0,105.3808490518115,4.16838720491411,0,1
41,0,神奈川県,30.123269136804034,138.61731619456705,263.5430809013878,41.68847230364909,7.276347778365905,0,79.34921044120354,10.0,0,0
74,1,東京都,21.22231912376748,138.61725437859542,255.95240892578752,41.63422911552884,17.904872341613306,0,73.60128204202223,10.0,0,0
45,0,東京都,21.512368176140022,118.45971405878072,79.682751797192,40.53277873999178,14.790257052104936,1,81.75121353445108,10.0,0,0
48,0,沖縄県,22.42049725510934,118.30047120123477,43.31717878703984,41.171911545042896,2.1038408968335913,0,61.522944849427354,10.0,0,0
54,1,東京都,21.869430269060608,113.41823656915703,58.41364301550874,40.796842353754236,3.813023391613563,1,66.79622355559069,10.0,0,0
61,0,神奈川県,22.274664605416802,103.3929449924118,51.050646531858064,40.73027317167018,2.2858169236711325,0,84.14037849703463,7.981641202133299,0,1
68,1,東京都,25.465553683212175,151.45877018205087,105.75679998394911,61.53206440483391,126.84513127536424,1,108.30590476143126,10.0,0,0
49,1,神奈川県,17.83246150690547,84.90117728242801,52.24252588828789,41.9777412690995,6.196194043003254,0,71.37767153588527,10.0,0,0
44,0,東京都,22.915061611848152,96.1194221031132,23.88630271484451,41.107654953536944,4.07617064687944,1,80.25007538080335,10.0,0,0
47,0,兵庫県,24.815792520375275,140.7055263254732,31.05992050355439,48.292311852001184,5.018264093552456,1,69.23891669509355,10.0,0,0
43,1,秋田県,27.610350062306665,147.08352907255235,139.38967149395143,60.02061820971855,36.91746739130211,0,84.88257916810862,10.0,0,0
68,0,東京都,20.066305314467506,131.9381168679425,191.3318751491149,51.57741549152476,4.141072665836386,0,81.99674058132469,10.0,0,0
72,1,京都府,22.355159440954722,133.19817570047573,60.569922482151306,40.90956205084178,8.476861334698544,0,108.78007080488278,10.0,0,0
41,1,熊本県,24.386667975172546,123.98679787759238,371.0268602151331,41.5965130561913,27.106639394751415,1,89.70966276165352,9.965700896397735,0,1
46,1,東京都,22.791265145608943,132.3123151807211,30.976987298081255,60.35880722843368,15.646738065327181,0,112.4618714575155,10.0,0,0
50,0,神奈川県,29.443036048989313,134.62963490992075,101.42150617218616,41.80139101449234,7.284076119596824,0,86.10468558138028,10.0,0,0
65,1,沖縄県,25.338494457411763,128.84626532449803,47.927864711628416,41.46334731581176,13.657903759307557,0,90.30772236282687,8.87991765115187,1,0
58,0,栃木県,16.49079607956323,79.61837395601982,34.23631785897407,42.08721912973923,6.774792166593525,1,103.54534747157085,10.0,0,0
55,1,福岡県,27.330641378913477,136.74729164146711,54.98270013876759,55.992646393087654,16.384646607973934,1,122.54670433402406,10.0,0,0
52,0,山梨県,24.826976354707874,137.10001658126075,80.39932048601085,46.48507172342064,19.53972869278643,1,70.19502656765547,7.711597289565977,0,1
48,0,神奈川県,19.00436276450144,116.05879927805844,17.05409791766927,42.86495054613308,6.543061533255729,0,72.52177437861995,10.0,0,0
72,0,東京都,27.924346411733175,147.48704469948134,156.05240295134854,58.977511250691926,47.49036075496927,0,105.41876344309932,8.478441962041323,1,0
55,1,東京都,24.50347125509132,120.58436464913657,107.50561502605053,42.03931373674303,7.107859030205841,0,85.85248445715668,10.0,0,0
46,0,神奈川県,24.441319062971928,125.26581986235166,152.56545787705403,41.02858969045668,22.283597665762763,0,86.45514980804687,10.0,0,0
51,1,鹿児島県,24.31759316125892,123.99421819847993,102.96786157475482,59.62624415891206,21.747845958858168,0,86.60432555385876,8.170292306282432,1,0
45,1,山形県,37.157351411294734,124.22231246093159,108.21744611115226,38.87277995256048,59.87857298625818,0,86.28173176059747,10.0,0,0
40,1,長崎県,22.21282156462031,96.7487513062434,84.53197270715418,41.9939817385034,18.341193530352477,0,79.72444355496205,10.0,0,0
74,0,千葉県,21.970781118884815,132.14499785225001,107.59751390247222,57.47595169044232,5.541107437761518,0,85.39183103865594,4.415585224461979,1,0
69,0,茨城県,20.282404879134596,147.1645377164846,58.23057325529409,49.5758572699341,14.768665535476373,0,93.1549747977497,10.0,0,0
68,0,神奈川県,30.52860758686437,160.8756845098499,158.50667888444778,40.795244305439205,18.33123117803327,1,83.7536985883412,10.0,0,0
52,1,神奈川県,16.52498892231557,70.70813645455539,32.751509472520944,52.93523742016071,5.183175114473743,1,84.84572284994445,9.87506814776686,1,0
43,0,沖縄県,25.49735150961345,125.03960526378725,71.38653650196675,41.64999339620663,1.1374565461667494,0,75.85992451849151,10.0,0,0
43,1,青森県,19.797083943705193,93.70463527089261,136.13013786968563,41.8487815489745,6.582281530262944,0,85.8786548874653,10.0,0,0
55,0,奈良県,22.79354785387134,143.3214095242868,181.76313736343369,59.87122233415022,33.80749266921277,0,106.29916726422118,4.136605679791678,1,0
66,0,神奈川県,25.406969791093555,127.18297398393206,64.70114605979016,56.90744506145337,13.229116875636475,1,83.65910225158453,10.0,0,0
65,0,神奈川県,19.418650686076184,105.07656782986822,51.07433543199488,46.47385642594645,10.29097178903385,0,105.49042011546004,10.0,0,0
66,1,大阪府,18.710005594716584,144.41879262895694,48.13199177372239,58.559878948105826,7.876446404174397,1,84.61199635105031,10.0,0,0
45,1,愛知県,30.926950641780497,163.5089288325028,32.229483328624106,42.26589913098984,13.167341333425952,0,99.6150826508261,7.299556149457473,1,0
67,1,神奈川県,21.07079288042948,136.25308377599944,47.53183158679775,57.540089471490724,8.578462302924615,0,92.66593098693124,10.0,0,0
41,1,鹿児島県,17.796636382440333,129.6504701705827,49.8862025472101,44.34467971497114,20.953789380559954,0,79.59475549160649,10.0,0,0
67,0,愛知県,18.714687291173878,116.86675298682569,57.623740095358315,41.02851261939585,6.741750518558336,0,82.35660017526365,6.102728987227922,0,1
49,0,奈良県,22.118112317338632,153.89430110004528,221.42561245973104,41.71031713461414,9.17828131133037,0,84.29363766953753,5.30077679427501,0,1
54,1,埼玉県,23.490960650754957,112.64857731865482,179.26381292222334,40.71614539966925,29.69237200627966,0,111.44103191748829,3.0727686334582027,1,0
40,0,長野県,19.88448974365235,136.75282248407296,58.7420660692013,52.73742959377633,11.616287579370752,0,71.13897625598365,10.0,0,0
43,1,千葉県,18.512019183556014,98.48807631996878,77.03922231347657,41.27376049304628,6.827188192550065,0,108.369906707637,10.0,0,0
48,0,愛知県,26.576047763164304,126.08529809034691,134.79216970678854,54.07013647758331,29.59159545531302,0,81.83502806786709,10.0,0,0
58,1,北海道,22.445931899710242,120.72845269234662,149.50905125367498,41.69649949985338,9.586631217353403,0,87.1542080300621,8.847312293669537,1,0
41,0,愛知県,23.84319054771042,87.58962242649942,74.70902442650316,40.28612463306135,10.888039020977049,0,107.78741662073544,10.0,0,0
68,1,神奈川県,21.51243935639978,127.84186882966095,71.05965545899645,56.48761613954973,36.7265152142854,0,105.35300395301398,10.0,0,0
65,1,群馬県,20.451828766847534,124.2222766044782,14.171944307107099,42.319917237870584,4.206495812414732,0,92.33454979853313,0.5318865263899606,0,1
47,1,岡山県,27.66953783832331,119.75085680324334,153.4188722002841,54.70606792501374,18.47893438423271,0,91.31062967791586,0.43064903936456334,1,0
44,0,和歌山県,16.680021049563123,88.66915792049485,24.517968240421766,41.4637730403873,0.886500943037506,0,81.31271563689609,10.0,0,0
70,1,福岡県,22.191095295904535,126.51363662795401,114.56556296487531,29.957832458568316,8.644986813619443,0,83.16344954371652,10.0,0,0
51,1,福岡県,24.301100450835342,131.78387071273426,42.87058709605839,67.00141931443095,68.68918861127493,0,118.82483719139643,3.2445720844605317,1,0
74,0,神奈川県,24.705242611874286,118.95087503113099,340.08943931584366,41.425861582838365,21.875667871623257,0,112.29489553832964,9.847843752491572,1,0
47,1,東京都,23.554916415632388,103.11812065464001,109.61160916571443,41.74574120412872,8.361512271523567,0,94.71268566866839,10.0,0,0
57,0,神奈川県,30.18902857346218,148.85686964875237,118.14893523255081,42.20436207361292,45.80852804336928,0,104.85978841712155,6.93284646793197,0,1
48,1,長崎県,24.952580044082215,120.5756315981268,113.28806623307726,41.34440817034847,5.760520106132463,1,108.61982434715013,10.0,0,0
67,0,神奈川県,23.099878743248567,149.05203254742923,248.1771013236316,41.84029763204175,20.93912006048985,0,120.75787855650945,10.0,0,0
71,1,神奈川県,28.625929618708046,142.0318278328657,227.6365269758535,41.02624883738833,74.87035786267317,1,124.18409855107038,0.11461616762887232,1,0
43,1,神奈川県,29.22086203066047,113.00556440351646,124.89028035061992,56.63147507432189,94.51823761504964,1,87.00786002094864,10.0,0,0
41,1,神奈川県,28.81285840667116,161.20929537691657,152.4048338535156,61.15779127617111,10.921978018005234,1,61.58289777179678,10.0,0,0
69,0,石川県,13.114772695849943,147.38038646810946,84.64657176620484,41.72947661731024,13.932281900819488,0,81.49636797679051,10.0,0,0
74,1,神奈川県,28.415469681479358,141.54814348600235,157.61999083934185,41.28184013696538,26.944454548489716,1,104.85058367662695,6.565075493214335,0,1
42,1,和歌山県,23.229699285941912,125.10424767865536,36.63253918612897,41.37369907852517,19.542421104531172,0,116.94840883887342,10.0,0,0
48,0,東京都,11.181068212723648,73.39329624615812,42.66356639867458,46.47353301882553,0.9329519774377529,0,77.6275353719707,10.0,0,0
44,0,愛知県,21.610413081227044,117.18784312925459,93.12493782446457,38.05985716438505,13.709239269824783,0,75.255446541096,7.171397767539999,1,0
61,1,秋田県,24.96319064355849,136.94918639693512,114.25033841766358,41.742653132753844,28.16220600858228,1,105.91902976911506,10.0,0,0
44,1,山口県,22.154219074813533,114.70521993377318,117.74753636860277,40.84373156127429,49.76257405114314,0,63.88253019680976,10.0,0,0
42,0,神奈川県,22.52226706885113,112.35275439644865,21.33949001053816,42.042039610639556,7.253168765266276,0,94.35827076866872,10.0,0,0
48,0,神奈川県,26.80595200987242,124.92880138165403,15.241075679176626,61.35232834056387,6.238275138184794,1,103.25794722483467,10.0,0,0
60,0,新潟県,20.63483100894754,97.95338114861975,152.49757417288924,58.48621052409266,8.786069548628534,1,81.66269342132928,4.219579874609087,0,1
44,1,福岡県,22.009433726013786,130.7456391244878,101.43795224095064,42.3207661634158,9.53225813849971,0,70.6476199878219,10.0,0,0
72,1,東京都,21.234883883199217,100.57208881103989,35.42044205176159,48.129164355019206,27.523108164078938,0,103.95898012200954,10.0,0,0
54,1,神奈川県,22.99784722189886,141.86067212431078,92.33736893687035,60.235908375906455,6.235186994705012,0,112.23665475094325,5.013097259567957,1,0
57,1,神奈川県,24.002161162249948,138.3789176138745,27.777867791922308,56.03329233270418,10.591079949140557,0,84.29997934899889,10.0,0,0
68,1,東京都,16.94377879470537,154.45791573663465,61.93848097867691,46.29427974808785,8.648043456874202,0,103.64061430801186,10.0,0,0
46,1,栃木県,20.677969084656482,150.13935460591458,86.2593574034165,63.52351340978419,11.487890240911488,0,123.12660443597309,10.0,0,0
63,0,愛知県,14.37300980536916,96.77362314922242,30.780368537979466,56.335101550390725,4.526464843995872,0,78.62875501694997,10.0,0,0
54,0,大阪府,26.988738170056727,109.89139080523321,205.9227705506149,41.843635364988245,11.724290961729551,0,90.74960439979611,10.0,0,0
43,0,熊本県,27.324263138510155,120.09276469354705,134.69043236325663,49.94443844931652,22.895194704791667,0,98.07147214525543,10.0,0,0
51,1,神奈川県,14.232501372729152,84.29678996123856,7.848289467881552,41.35280586084452,5.018179885144619,1,91.81525751986202,10.0,0,0
57,1,神奈川県,21.305936559067746,131.50812534483674,74.75428282320178,55.99252794796243,38.74208112193263,0,85.99410612185335,9.92152866248403,0,1
41,1,神奈川県,21.512488454841133,122.07013696670101,44.23416778136324,41.15349984526341,24.926324969073764,0,88.17011220667261,10.0,0,0
69,1,和歌山県,25.74885668409284,158.64891755078122,99.08224952373043,58.23723965215942,26.91256392823046,0,110.32156608770306,5.531709211750508,0,1
58,1,神奈川県,21.911191522981976,133.53348666196732,94.72478320283291,42.085557614570064,10.200407803868577,1,107.82295926573255,10.0,0,0
66,0,大阪府,25.43260620911073,145.32248652590874,120.35905897482635,42.146085505191785,51.55001397097875,0,86.74792539444597,10.0,0,0
45,1,青森県,20.6268582325355,128.74668093314472,37.384070069044704,41.5926274299562,23.181834945295154,0,79.52574168491935,10.0,0,0
63,0,静岡県,23.88912400341712,123.42226107419965,126.34762553207112,72.79728201019861,10.953188467458338,0,102.21967011109021,10.0,0,0
70,0,福岡県,20.745679549238314,113.5568643545444,105.763255289018,40.03811171792644,4.713966862084131,0,88.90398870957338,10.0,0,0
54,0,東京都,21.474590102890964,131.1815073150975,81.65667536726106,61.271685137330635,27.164129698230955,0,112.25110189472652,4.5084765554685236,1,0
45,1,神奈川県,28.1670768455583,113.73760628539216,115.97967584733163,42.37864549962307,11.798002539726399,0,97.81214568544377,2.993704851268014,1,0
49,1,神奈川県,20.678016910674796,110.94284793932681,23.37841828661337,49.032431212286,1.1768302666471466,0,77.01045909294012,10.0,0,0
69,0,山梨県,22.88664872926612,124.00302542536801,152.47953937679807,42.856003052016476,19.939386804203966,1,100.87332318969278,10.0,0,0
40,0,神奈川県,19.266155052333335,112.10523405120088,39.628558693437384,41.745887844586875,3.8579147945489627,0,123.101604315083,8.132173401239944,1,0
63,0,長崎県,15.70656336735889,105.30449963276922,44.29828539267775,41.395118222788696,7.191391593081409,0,76.84526598528234,10.0,0,0
45,0,大分県,16.88789229479865,102.0532041863449,78.3438712968568,41.32690180795652,26.768898793686972,0,75.24471900706838,10.0,0,0
70,1,神奈川県,21.475119173627988,121.79436947357053,10.59418509977325,40.30261198510064,0.7699428870283878,0,79.11090220671039,10.0,0,0
60,1,福岡県,31.005242198965853,155.90355268735095,409.48718620005303,60.05992021891901,34.59642260953081,0,95.5296105908465,7.483280944298326,0,1
45,1,長野県,22.957986910546616,135.45340646623822,76.79969913665785,62.05412986589341,9.911736503152998,1,105.97522628344159,10.0,0,0
51,1,香川県,29.778569677835943,153.24509979545397,321.496815320696,54.7009734492893,49.701265980115956,1,116.57876389316343,0.2830419937795747,1,0
66,1,神奈川県,23.0550815313063,146.8741646949576,215.92351833426895,41.37915014530919,44.65555844733998,0,83.5717191307709,10.0,0,0
62,0,宮崎県,23.85103456117389,135.14220202709993,135.87544806036212,55.97744215286743,36.661275041975735,1,95.46968614152344,10.0,0,0
46,0,神奈川県,22.020232793324375,136.7355540763225,55.800749784288044,54.59758149792991,33.67719796444287,0,125.12597594160232,1.605641645864471,1,0
48,1,秋田県,26.452890843131833,119.06253810315344,60.76267271087595,42.144846087105954,16.68158195286028,0,94.9248734936873,1.7877300673222092,1,0
72,1,神奈川県,13.436667880138048,121.33661097796238,56.82642151431236,41.06871405355123,2.5233324975591858,0,111.97664421445978,10.0,0,0
46,1,茨城県,24.29767032964925,123.25332562097724,17.16909763544604,47.974492096113295,5.049488165025188,0,97.29502424486847,10.0,0,0
40,1,神奈川県,22.417750082630263,106.7188539776236,195.4825025607643,65.65753944293,6.59420626572606,0,72.60764342086287,10.0,0,0
65,1,神奈川県,25.68730158539232,146.55276300490297,104.72862312503125,46.1776184008465,40.32866225860679,0,115.17549537763595,10.0,0,0
62,1,茨城県,24.352743080249553,108.21251418283035,99.1356091722849,41.34273677780959,20.888328407213788,0,96.65885327489568,10.0,0,0
54,1,埼玉県,25.07636625518116,112.02395353170577,75.67842899510953,53.467392550198895,6.775144727487696,0,102.02697069612525,4.1604141420941065,1,0
48,1,神奈川県,19.192067685150164,108.9686789975578,76.90811283829622,41.77653958277596,12.150640193987536,0,106.0174878115594,10.0,0,0
74,0,和歌山県,20.570375441990407,154.38312388611592,136.46300661439855,46.666024429941075,36.739689718632825,0,86.99164544474229,10.0,0,0
70,1,東京都,18.487519556156926,121.49788808327762,43.34079944516505,60.371656252623495,8.530323910986974,0,120.89361490880673,1.7702558619518551,1,0
64,0,神奈川県,19.94537391109238,124.41931918902543,114.69030320200999,41.85694998237769,13.204963330828786,0,71.495385502509,10.0,0,0
58,1,神奈川県,16.007729663601708,98.54373822694482,36.29001243905216,51.426606986735365,1.0254964411413703,1,98.3830009139592,10.0,0,0
72,1,埼玉県,18.206083103688922,82.67736493573005,31.945621694253095,58.96367698752972,13.45392376475197,0,74.57473504384157,10.0,0,0
52,0,鳥取県,26.62329610712594,131.10011525558508,52.47050515386909,42.02663312174004,7.081518815715831,0,78.1429152496878,10.0,0,0
46,1,神奈川県,23.133688391941565,96.81873654134188,58.22124882114695,42.00515361417363,5.144187224483187,0,89.8506505184899,10.0,0,0
45,0,三重県,31.896324667691985,108.54212473049134,58.223068222974895,41.03287583303223,7.775138559125309,0,114.2198450314593,10.0,0,0
51,1,大分県,27.712773993797057,135.5602821438156,250.22045790056237,32.07483180333164,22.861790399960512,0,113.8496370563537,10.0,0,0
47,0,長崎県,21.182963223804244,122.84986527314044,52.626500568557496,41.84884473767303,23.545322233793833,1,91.5957392001366,6.927598512298819,0,1
43,0,東京都,23.05905642555482,148.17019210865018,37.878872737628384,41.947396062949764,8.669745784459204,0,90.96631082388944,2.6576794868507316,1,0
61,0,北海道,22.52835197261801,95.04229216121162,48.68761502212284,42.083223479773885,7.174647911679124,1,81.24608945809615,10.0,0,0
67,0,東京都,27.343461669554458,106.56351615766252,236.44606742239029,40.19249134605315,17.644955404177384,0,94.35752588906578,10.0,0,0
52,0,茨城県,24.420413446418177,131.07781642004483,30.28448527127429,42.002385289937756,15.853890558036433,0,95.7004058088775,10.0,0,0
67,1,新潟県,26.416278932243344,149.85452116734288,178.89958987096358,40.839228160483444,15.248481768417424,0,101.88598729631303,10.0,0,0
40,0,埼玉県,25.75341696398104,133.53280986848551,85.17315797789307,42.82027728771648,17.413667329573013,1,75.0482659175991,10.0,0,0
57,1,神奈川県,31.647689375383898,127.82508797697272,87.26228935905696,42.35567106877205,14.319715122932129,1,105.20522486463801,10.0,0,0
71,0,滋賀県,27.925686613116255,140.11285173703033,389.0742546210855,42.66848160992221,13.737039828078867,1,123.18405293404835,5.006504204913404,0,1
45,0,東京都,18.26890886698244,131.06858966468758,30.83411513500009,66.87362682508228,36.17136633386213,0,100.46602357644167,10.0,0,0
71,0,東京都,21.911279831753458,154.89945472552816,63.417602439090025,40.797888952173494,3.8904817862871486,0,110.76367314800743,10.0,0,0
66,1,愛媛県,25.07601113684388,152.1700222696954,357.8890975686993,48.91896156443994,33.31956008524446,0,91.59773161698716,1.4919599912210406,1,0
61,0,茨城県,30.999189991823684,136.74561994447907,94.33273109625269,48.34024206972107,16.943271728158354,0,105.73447601731168,7.7352410757435335,0,1
64,1,大阪府,14.518935694007816,102.85506243109799,27.567066859500027,41.87911690219867,14.264954695223182,1,73.71574475306537,10.0,0,0
42,1,神奈川県,27.79895593125441,136.22603930101832,82.75642622319225,40.551868169254924,32.98817005195214,1,102.80428724854211,10.0,0,0
59,0,千葉県,26.366025696825755,130.51883761671706,200.93089828711825,41.46958042555208,14.321856764595745,1,86.75257415025766,6.096261629460064,0,1
46,0,愛知県,19.067197523231872,121.46519416799332,23.55337295492203,62.05189151146589,3.9955377661052967,0,77.88923000683849,10.0,0,0
62,0,茨城県,19.576417956728505,148.65708044630168,49.81049205073932,41.98382636410543,20.13147544592802,0,68.53925680674948,10.0,0,0
59,1,徳島県,16.127797601487387,97.62221456975979,27.71248512556068,40.940595693702875,3.7887125293845387,0,63.96919646769285,10.0,0,0
69,0,福井県,22.445575781207427,100.1610372211412,233.8935639885935,48.95627488977275,7.893044747768698,0,86.8241264217939,10.0,0,0
61,1,神奈川県,27.21077255284373,146.87411105958492,358.740242155084,42.91184495071806,21.639608530280093,0,110.90005118537776,5.478038442675208,1,0
53,0,愛知県,25.69626378886087,143.62603344312942,192.97360877754468,54.141053229952405,18.794013863563464,0,88.59915672480571,10.0,0,0
74,0,大阪府,23.82967393543385,131.08708783176658,107.4587294681403,42.54315534078188,18.32415741460267,0,113.96201547684898,10.0,0,0
48,0,神奈川県,30.77373868652744,132.0651761293962,139.83029903877045,41.6244024395932,12.858536584713942,0,77.90358970247652,10.0,0,0
56,1,熊本県,21.918177274734013,117.99071524110646,93.16899974741413,42.911684591861274,14.684749308983859,0,72.60533317519416,10.0,0,0
46,0,三重県,21.75981899397058,120.13224341889254,76.88562882561264,58.44612905338969,12.433677581709087,0,79.29423144590397,10.0,0,0
45,0,神奈川県,24.833512185492477,153.4583751907818,75.65969681581306,64.08500558657889,28.21751968903837,0,90.88900752262033,10.0,0,0
46,1,東京都,22.30060551297231,98.01769311717644,88.6829689831334,51.074362627838724,3.542908880436522,0,77.28247731651783,10.0,0,0
45,1,滋賀県,22.164107409004828,118.1868946041026,125.5618080492959,58.41037720360412,18.426656904444087,0,77.92119176130687,10.0,0,0
44,1,秋田県,31.43065181711456,148.50185418760842,357.549798540954,61.95724170960261,80.24238771749204,0,81.6646772771034,10.0,0,0
52,1,愛媛県,27.257463703670215,147.76881131764483,128.41492049522563,52.32189533076838,21.609774837069043,0,120.34470722427696,3.9858068898325665,1,0
69,1,北海道,25.749458171825275,140.4464575608512,173.90027364593192,44.067939096439815,9.947758212834904,0,90.7270622241075,10.0,0,0
40,1,沖縄県,22.482513353310345,109.01691602173025,22.88543764269291,41.4268388925906,5.5280650388017545,1,73.50338393814384,10.0,0,0
46,1,神奈川県,30.764754632478105,130.88285940935737,293.39577143053936,41.11501789877034,20.170629448154198,1,95.3195218202688,7.944596600904417,1,0
49,1,大阪府,18.25599485625834,108.4927546477506,79.47048278949171,59.4155235984742,18.83842905743033,0,80.00389422981183,10.0,0,0
49,0,愛媛県,26.72202965378683,132.02293491837403,195.27678125617206,24.539288811171584,41.514592918888624,0,91.48244437656439,10.0,0,0
62,1,神奈川県,23.870715345746436,145.29091259089336,122.32314340174702,50.239366625417325,19.51564391414158,1,85.19394391903735,10.0,0,0
42,1,茨城県,23.918147171336624,85.2425417680414,64.60083818954206,41.32500819498819,26.85808541450616,0,80.68968754709582,10.0,0,0
53,0,沖縄県,21.345731931997676,146.32472319161585,124.6278384718514,41.64150295538668,10.005702010508545,1,101.5874110551672,10.0,0,0
59,0,神奈川県,22.77289510066664,124.18048413544912,111.11479589169544,45.96688398112992,4.988057842203114,1,101.52252347003989,10.0,0,0
41,1,神奈川県,25.129781287332627,126.89929845835302,53.164687322131215,62.197937746062834,28.236889081619417,0,92.16023530586637,10.0,0,0
58,1,東京都,21.911199934582093,132.1559346261201,124.88513806410542,48.392018768608835,8.862132526649402,0,111.9735439207136,10.0,0,0
74,0,東京都,23.976909298718514,145.26708825937592,113.8158312399385,41.87191364820034,5.543266051714844,0,96.08657701910576,9.953010767039045,0,1
49,1,愛媛県,30.710369190023115,150.74965525789813,156.24781557231665,40.80158908458881,21.044838255617183,0,112.41052021274365,1.132178887446407,1,0
71,0,鹿児島県,13.984773866553956,113.28014599303582,211.98109289756317,36.67981324237252,11.184898636690276,0,95.43697056237849,10.0,0,0
73,1,神奈川県,29.466494933339433,147.6657623425622,357.64359359961196,42.62435591359656,36.5980453638587,0,86.25231913229041,10.0,0,0
47,1,神奈川県,28.67536294466175,145.3401775138143,328.8966846085776,57.16735432208877,84.99687158965146,1,85.99790741268507,10.0,0,0
45,0,新潟県,25.45709694473901,91.88675660398555,50.80568731261285,40.69415791542812,7.194569854722272,1,86.6381467042441,10.0,0,0
45,0,神奈川県,24.16222732056039,141.13373008903596,72.35939878088442,43.24989726580703,5.02719879249479,0,107.72181384859692,10.0,0,0
43,1,大阪府,28.89478484287127,161.90615415571014,356.78233808613874,42.671249970932784,144.5091661718393,0,121.0970353068256,8.88190832836525,1,0
49,0,愛知県,31.277240015333923,160.8189273287031,276.38707232605367,42.775326897331425,78.8985580414212,1,95.3424779227874,10.0,0,0
47,1,新潟県,19.54244464063528,119.45871501338465,40.89266496790886,42.749120212589034,12.582716033461471,0,93.55280139190623,10.0,0,0
44,1,愛知県,20.478419943466182,112.72092370115516,20.180411878559656,42.19769105469035,3.247462747532369,0,76.97330544152699,10.0,0,0
53,1,東京都,24.275155463145104,142.22346562935888,130.78348571638617,55.32121502321939,28.218550670570046,0,96.38598269897444,10.0,0,0
65,1,岩手県,23.992092435642316,124.00754633977778,80.43040019739108,41.37898548393516,7.223670150424398,1,93.7852826201818,10.0,0,0
45,1,東京都,28.12397381481213,112.01258276586422,165.45707130886825,41.36155252353792,9.38522209350092,0,95.24457582253096,10.0,0,0
49,0,神奈川県,24.506670799100533,144.45747728847724,81.6577770376158,70.0139506231404,10.248850639462193,0,109.86675575870223,10.0,0,0
59,0,富山県,22.32086697814599,118.2421523783255,86.3081021788044,39.78275787322612,15.53144996078745,0,106.33482621124068,10.0,0,0
45,0,兵庫県,20.474013409171548,144.30649105231157,56.8359977016748,44.799583173297165,37.19636193658059,0,101.50258085258531,0.6632956494533073,1,0
41,0,神奈川県,20.305891166993316,96.6472985101992,82.44271534784778,42.34100272069648,24.9550058806464,1,81.95780367161333,10.0,0,0
71,0,沖縄県,18.130358652219854,121.44696003747194,23.641262314708836,40.74710230491359,0.8464711030056079,0,66.8791817349651,10.0,0,0
44,1,神奈川県,22.05616641807407,130.05359377357829,68.33775903920592,41.72481098261846,8.393180717779202,0,90.96570043937237,10.0,0,0
73,1,栃木県,18.587616015094678,138.45206918635037,91.56498930129271,49.954135151644344,15.592439698366746,0,91.6865847910104,10.0,0,0
74,0,埼玉県,23.706616893243883,130.58642414050772,122.75865062388603,57.145255133186964,46.543192626609795,0,123.12778450473527,7.988006837258943,0,1
52,1,沖縄県,20.168757554010604,119.76258561337701,22.828470676908164,51.4469874656583,2.9320756805945503,0,79.38407699215195,6.938735707534778,0,1
49,0,東京都,22.21118041829201,111.5824603379143,91.62763187731271,40.9918628191378,4.93064637833633,0,92.09809176167208,10.0,0,0
74,1,秋田県,13.926928289773514,120.77300334096232,86.28523635976137,45.76693868147802,4.077270851230231,0,117.00400546670497,10.0,0,0
51,1,神奈川県,22.038317927272317,120.05798264133259,75.59444315038708,49.84785139533517,10.041931778165758,0,105.40547248024222,2.6626547081808676,1,0
72,1,宮崎県,19.253092284954928,124.15596007129382,48.36757218366568,42.369616718604746,5.564473964342373,0,108.8691811068303,10.0,0,0
55,0,大阪府,19.077857445818324,133.5543176206923,44.85084244404977,40.73017305446718,4.734744618133782,0,115.92458116144064,5.122005334966611,1,0
59,1,山形県,24.442910301440183,117.88608800274046,57.158867639255554,50.33226688356079,18.26768975620162,0,63.85332761338533,10.0,0,0
45,0,東京都,26.00897411549355,108.66521724862487,148.74748089426237,41.34304141409734,11.655022185300318,0,80.5823798515382,10.0,0,0
42,1,大阪府,20.470476649537627,127.30838580670765,91.41481980457208,60.048235823357004,11.049134200598267,0,94.35392281396632,10.0,0,0
51,0,埼玉県,20.038077659033203,90.01475801482104,91.65251166940045,40.93445746807578,4.8584977136937635,1,88.395252640671,10.0,0,0
43,0,神奈川県,31.543625495522914,122.80184811174465,170.69887952515694,41.75915443310183,10.601066079521411,0,93.2588625392803,4.782585966694112,0,1
62,1,東京都,26.79413507099117,149.83820873188841,103.6296561500654,61.69029516387143,19.312970355890926,0,105.43010018624612,10.0,0,0
63,0,神奈川県,23.820651648008408,118.61345865945202,129.6861234985652,45.15078894508958,51.12044650852391,1,73.13053433816158,10.0,0,0
63,0,大分県,21.307044037252027,122.60036133411901,68.36590854130317,44.7551545711501,15.52614577968627,1,91.47243026025563,3.0435925639221386,1,0
44,1,群馬県,24.281114702673452,127.34938869601586,40.458797978169486,56.243648782752786,13.5775040505507,0,108.84928564551564,10.0,0,0
55,0,愛知県,25.476753829037705,151.31176060969287,150.45084238785017,49.565287806752714,21.494250474817225,1,107.28081667594913,10.0,0,0
46,1,広島県,20.67126851224689,130.28069488446107,100.91515735431463,44.617058733632135,8.688943733604491,0,100.45227577847479,10.0,0,0
61,0,福岡県,26.43298945565043,133.22633121811245,142.5022649699346,41.53008773825498,17.99008400742434,1,115.60303046473197,5.273169458998864,1,0
72,1,熊本県,19.16920766372908,132.05881390950813,75.91305605586142,64.05357200319858,25.10827159557212,0,111.8438225049757,10.0,0,0
54,1,茨城県,20.697292514923802,131.8442265666689,24.528905006184736,55.220049413426125,15.48644159591928,0,96.3320424064644,10.0,0,0
53,1,大阪府,25.25427954066032,143.3895192369019,59.05775626456249,41.59758873822346,7.331408360020181,0,91.46566067252611,10.0,0,0
74,0,東京都,23.991513816213857,155.16080032522171,803.0912297174467,62.40076487835092,29.2128395066061,0,120.79127118989983,7.313877006588238,1,0
67,1,埼玉県,24.039990304452573,110.96407407786704,18.174998235178904,41.83969443307177,25.78513338485013,1,72.12252573935092,10.0,0,0
43,1,福岡県,24.24393765884086,122.87568883823795,75.5681208882644,41.841721640160515,10.788610409275508,0,80.30010045065623,10.0,0,0
53,0,埼玉県,27.556539585111707,124.5345439363443,335.1182754749555,41.637597712214294,20.230412621985238,0,67.21138076999397,10.0,0,0
42,1,神奈川県,23.0528765667768,122.49267548578658,38.79569675906811,41.844307287013876,95.89788800821121,0,91.34491352050743,10.0,0,0
59,1,千葉県,27.2913486963529,133.63997204991975,226.16663512252023,60.911087889591876,45.035261930608065,0,122.7252852394006,1.153044262298489,1,0
45,0,神奈川県,23.48358855543642,125.20421882017635,74.93087610077403,53.60614377565909,16.431892740879086,0,85.472459886477,10.0,0,0
58,0,和歌山県,24.22263047471925,101.47809678951974,88.49687898605188,40.94779749637239,11.501755025481696,0,85.23111591854065,10.0,0,0
47,1,神奈川県,23.25059438994422,147.1328181989201,149.59010625675035,54.047353601844335,29.16538117965384,0,108.78186783622542,7.044710381195543,0,1
53,0,神奈川県,27.42215746770334,126.9343519066326,63.28249154965081,29.772477011592553,18.904662365175824,0,111.43231792971235,10.0,0,0
47,0,神奈川県,25.674374205484234,110.77029690973008,156.13126476682487,49.852112131447754,8.393527314289791,0,73.2102743518152,10.0,0,0
53,1,東京都,20.60483003603055,135.4711787023224,30.881532392339956,61.921801531114895,8.766301949293561,0,112.76811649291702,10.0,0,0
65,1,三重県,28.089680258201728,142.0166071528921,110.7453039983163,41.21960451020653,14.004231971409853,0,95.43698068212626,10.0,0,0
56,1,神奈川県,22.27803599623482,126.67772652781778,82.60065019555186,41.076280966896114,7.134573485094595,0,106.4801057121343,10.0,0,0
48,0,熊本県,20.154773280004797,89.20342646361264,51.0498846194357,42.49472512106104,4.334432948552612,1,82.95763545013828,10.0,0,0
69,1,神奈川県,25.253252878671507,110.68806003622365,142.9040300259514,41.030991710323136,13.97034345231175,1,87.09582784976355,10.0,0,0
50,0,神奈川県,31.91665618477894,126.41801499987398,255.71699573994758,40.54483006423007,46.43075644160144,0,114.56022431563794,3.573210415380517,0,1
72,1,石川県,27.182775795011693,151.8025234101529,592.3312781883911,41.870722720035474,68.94169928157775,0,118.04209016091735,10.0,0,0
45,0,山口県,19.168536613655494,136.95479401021885,121.36465906826622,52.93035479356168,26.435114056842547,0,78.47509491936114,10.0,0,0
52,1,神奈川県,16.768022387965743,83.59323619437272,84.95608793927866,41.372459185822706,13.224344359051631,1,83.78873639324573,10.0,0,0
57,0,神奈川県,21.67541869959019,135.62013208977083,176.70894319261933,42.425573488101286,38.40699167333659,0,90.26548812480897,10.0,0,0
51,0,福島県,31.01646337811368,125.63405039323742,79.68605731350968,50.81602496890599,15.9731533846328,0,104.94607782506793,10.0,0,0
74,1,石川県,26.213887425229114,142.05052871156045,404.9164202603218,44.29063723237479,15.410295920093551,1,113.90766206188333,5.263653863513893,1,0
69,1,神奈川県,27.321706493788152,144.4423524664229,99.15431331312979,70.99776303529352,22.895866500532915,0,119.10390276076029,10.0,0,0
49,1,神奈川県,20.273669939847643,105.85826804209988,114.36861737223468,41.81881580259144,9.232329446443718,0,82.71371628588642,10.0,0,0
44,0,神奈川県,23.77174808125746,127.11917430425059,146.89767205110894,40.065238180780554,7.379856492521982,0,76.93364822776135,10.0,0,0
42,0,大阪府,20.077283658528057,153.79659375365546,179.18140380432146,56.54764682978995,28.928872218027326,0,70.63661246949688,10.0,0,0
57,0,神奈川県,27.71227852134137,133.13001480660967,131.3228444210749,44.71063917391298,6.860078225566685,0,75.85560036472226,10.0,0,0
40,0,埼玉県,24.459849476905895,86.7391907245014,28.045923095052142,40.9495586759891,8.860196947154634,0,88.57661591865478,10.0,0,0
64,0,岡山県,23.677836411210457,94.01350634142098,46.99264196630795,41.70981629528112,14.687033661111824,0,91.68696736762321,10.0,0,0
64,1,富山県,24.86914988594622,134.6415459180833,236.45420647261136,40.69339547522257,9.616376185993534,1,83.63484858944629,10.0,0,0
49,1,大阪府,22.029512751541695,144.2462871180632,97.32077589508475,41.53229562082248,20.068105558028815,1,79.82998631763216,10.0,0,0
45,1,神奈川県,26.588323972531803,107.12881467433472,244.91703366186624,41.473048515652344,17.6347624938833,1,87.3910526436707,10.0,0,0
65,0,愛媛県,27.218344581196614,172.14831480854406,156.95509794753647,41.16593235008205,13.133406561640658,0,74.78477097107618,6.128863550714828,0,1
51,1,愛知県,22.42101916107738,151.29221703208398,109.35364484669898,42.0542782285306,62.08354009301052,1,101.34608947616042,10.0,0,0
57,0,大阪府,26.211509610581867,154.1368703472545,62.918331325027296,54.92619343100991,57.79296256406299,0,118.84217037188336,2.5168647787549463,1,0
43,0,神奈川県,24.07014692120479,130.27328959246532,24.049707804548667,46.48100023601435,14.483884255273185,0,96.26649567295647,10.0,0,0
46,0,兵庫県,20.578070514487763,103.10882337836809,47.39998389885296,41.1795537800994,44.76450442445791,1,115.07119396469818,10.0,0,0
45,0,神奈川県,22.16271443793845,136.476641374346,53.40192693202075,42.073116529154085,14.0390107153511,0,110.40472118315326,10.0,0,0
56,0,神奈川県,25.862252825632506,124.49098552441889,21.236477636796266,42.0538457052677,6.474684037629497,0,83.70629993014201,10.0,0,0
40,0,長野県,19.585367770300298,96.83339466601731,107.58025639487141,52.97201500875152,26.418275978702003,1,98.2263756047695,10.0,0,0
51,1,大阪府,23.936082785608978,128.558331701267,11.83903017846059,42.77314136993771,6.029047828710489,0,91.12360434394337,10.0,0,0
53,1,愛媛県,22.792301822796507,92.3566753503008,89.27852571980715,41.281401055921236,12.599813230174165,0,110.50237386084461,10.0,0,0
72,0,長崎県,11.185981433525681,87.57059686599446,44.95176035207189,40.64119355164103,6.594670146297075,0,62.46264718204312,10.0,0,0
52,0,徳島県,15.938257060872832,106.2709781571926,85.35770141416381,40.69409597637427,5.510052415029765,0,72.41658206608768,10.0,0,0
44,0,神奈川県,32.55611009448727,171.55624468484737,76.8958492251893,44.931535971114265,18.26142194497239,0,83.1108802151536,10.0,0,0
49,1,島根県,21.37956737775638,130.2285307587804,71.18612215515913,40.75099865602901,3.2867018987105396,0,75.38313628560613,10.0,0,0
52,0,長崎県,20.65936132051944,116.8469471443911,63.369077102333655,51.40536851051889,4.4412673044442075,1,62.544626437149205,10.0,0,0
74,0,千葉県,18.10796977764174,124.4397992518228,53.28976960867296,42.10612515978775,4.081186867674109,1,124.12711501520195,10.0,0,0
42,1,神奈川県,30.40670099983139,141.96346442168365,56.870134720995026,55.67098021284113,16.214348097052696,0,111.69339392023323,8.177015413248961,1,0
43,1,神奈川県,19.720727030610046,135.47604355828344,8.869974727342365,60.062677102839494,6.257577105735138,0,122.22195481228952,10.0,0,0
52,1,島根県,22.2160440001705,99.70576290200435,91.48169190612082,41.55762529484934,18.437439417677478,0,105.6558498334737,10.0,0,0
47,1,神奈川県,25.222375651876188,125.18929598070955,76.57934319944025,57.089122995428646,14.654802146063895,0,86.7767670231686,10.0,0,0
46,0,神奈川県,29.46123954961404,120.77402313345574,228.91152998599196,41.710230741649944,17.104454169481322,0,111.88955852399465,10.0,0,0
45,0,沖縄県,24.795480131727885,110.8373899140799,150.45493487385025,40.672343666775355,14.7772273155386,0,94.32140233876294,10.0,0,0
62,1,静岡県,32.12764489454012,138.26600975035348,138.11507656881534,40.76526500056096,26.602060553928563,0,122.72509858135308,10.0,0,0
46,0,北海道,25.86436896525077,131.58562557214742,62.16749148364214,42.34131912601636,18.909452340813367,1,107.14429689250981,10.0,0,0
63,0,東京都,22.44026722987441,108.98583647035218,81.38685213710836,66.18016595765752,15.589245375924852,0,111.37837722193747,10.0,0,0
54,0,東京都,26.155336838643155,138.2162220563463,43.965083965079856,41.30131592746052,5.816168768458961,0,90.92608986115653,10.0,0,0
58,0,東京都,26.072437960134348,85.65021858932212,91.74605921033297,42.35792087311047,12.151164722095844,0,114.2594829411269,10.0,0,0
51,1,東京都,25.078158189638422,93.58223150245048,67.04842931527868,54.1454246066744,9.537424973989793,0,93.0880840589122,10.0,0,0
57,0,神奈川県,24.4417943055607,130.80544618320656,59.37856194212731,42.63806849541785,25.407674816979913,1,108.64602897322823,10.0,0,0
57,0,群馬県,26.613214675561697,126.51426290639616,144.50324709609464,41.84364222432442,10.152296767884588,0,98.29651941280947,10.0,0,0
53,0,北海道,25.942881291189362,99.02157540837489,399.36355324853525,50.53723893706891,51.27782807887633,0,84.841135579243,10.0,0,0
54,0,岐阜県,29.89792157250811,141.74636619640194,94.74593032235258,41.0255269249156,6.137463463912488,0,80.17935358298175,10.0,0,0
54,1,福岡県,21.864242608106764,142.35339534003955,27.74519208448286,71.67888181881997,15.526597519463134,0,87.95518842180329,8.536912824698483,0,1
61,1,茨城県,26.537739923957336,115.39966327123571,97.7412143309425,55.62999877521456,6.471919983407414,0,125.82253927414463,2.785107482184147,1,0
68,1,東京都,17.045182099980504,108.56770705909767,37.6847118296525,64.92832769384414,15.343500592681526,0,73.71489762240142,10.0,0,0
54,1,茨城県,21.68955947718808,104.30029162541805,71.47306212667333,60.742638501166475,17.108594931771965,0,122.59709615161078,10.0,0,0
52,0,神奈川県,28.63527258642626,153.2747126071212,114.59824130809064,42.14269509817147,8.962661390454345,1,108.87409566253346,10.0,0,0
67,1,埼玉県,27.281003938219932,166.72880663346584,118.41185687773451,46.75045296498361,8.870160799197384,0,119.01406030456042,10.0,0,0
67,1,千葉県,25.565010802907455,134.07152898927808,109.80447845596571,40.40994919293854,9.070328827082799,0,103.63030041722324,0.11492741860340853,1,0
72,1,埼玉県,26.78375262820706,124.44994473723327,371.3604867258434,40.54632156786322,22.89612352577716,1,91.40879961122927,10.0,0,0
43,0,愛知県,31.41008789244818,154.0990390450841,134.06057600665633,31.748121829753597,6.528492983805325,1,84.6818820866236,10.0,0,0
74,0,栃木県,22.87428484344848,113.52402081441205,102.54101263619025,55.065387875866314,14.401518962738237,0,118.90611473708665,10.0,0,0
46,0,愛知県,16.32727580685904,95.08926230037972,29.024874256464283,72.54778135138258,11.43286590298931,0,91.50430093517066,10.0,0,0
47,1,茨城県,25.74997524709322,121.38153164441022,152.5405117179942,48.891518652383404,19.951947961617307,0,72.27666753597083,10.0,0,0
44,0,神奈川県,23.88916064450029,133.01688471406004,39.60022372471203,57.69096184485411,23.06841081850977,0,70.82455172554386,10.0,0,0
54,1,長崎県,22.03684055530761,121.95425296999436,98.7542419444667,57.00568465435406,44.530209772653166,0,89.59209509713324,5.406625174863603,1,0
46,0,宮崎県,26.819152734489442,116.71388150938343,39.63523813846134,36.771598374787516,7.363164023183983,0,73.5189610116124,10.0,0,0
43,0,島根県,25.875756104533142,132.17595936334848,139.40897276435157,41.56843877893257,20.239122479800677,0,125.92208726188689,3.5536368114536447,1,0
47,0,熊本県,21.183251626412712,139.23697056971366,18.84882877427439,38.14122615257463,6.503255565114296,0,101.00845106803673,10.0,0,0
71,0,静岡県,25.773423211930414,144.11449981853121,118.77690278003263,41.41291933582572,7.781952057948226,0,93.36251525264333,10.0,0,0
62,0,東京都,28.245364451971327,130.5325197059068,113.78229683297296,60.5984307331513,10.573024566750695,0,84.64787733065381,10.0,0,0
48,1,神奈川県,21.866625079687424,147.60734222030013,77.05070148589004,57.06252399190432,8.843553549559225,0,92.59384786325165,10.0,0,0
49,1,神奈川県,19.42062378614907,107.19245690903152,321.5836257837299,67.25210936421512,21.605157506267325,0,95.89564280135484,0.25016134294361375,1,0
40,0,群馬県,22.994802486037205,101.6053860563049,17.90305615207144,36.842429565233324,5.404071242524829,0,84.00823644254623,10.0,0,0
56,0,東京都,24.996494645892863,130.89987551235342,74.45631719307165,57.47202120211298,16.123439905308988,0,102.00172076839308,10.0,0,0
70,1,福岡県,31.921722139887677,129.85739439286766,223.33219717039546,49.994090281240815,72.83177245205037,0,99.85137612317462,8.067398519475248,1,0
45,0,長崎県,22.126064338112354,101.25959827856077,84.52782704694785,41.36227612264728,11.935111492177604,0,71.02542531265118,10.0,0,0
59,1,宮崎県,23.957430009424257,135.30660459324884,55.76830904115221,41.91337509268176,15.888801449929986,0,76.53995082581382,10.0,0,0
46,0,山口県,24.86925377634536,84.90467758116739,140.86538032403593,53.676549408282185,6.730549176125928,0,94.60786607424363,10.0,0,0
46,0,東京都,26.13587621939312,148.80420563289965,80.81248704994488,44.23901657594299,65.33463977684777,0,67.08094278163826,10.0,0,0
54,1,東京都,26.11836523666477,148.10905988218542,60.97615791907399,39.86886594262444,11.938762884526216,0,113.38589717990287,10.0,0,0
57,0,富山県,23.036967891374783,120.62727012475182,36.25069345505168,49.10867247483594,4.7740619092817465,1,66.79277646063079,10.0,0,0
67,0,神奈川県,22.797097816935686,113.0098870909313,196.5180883791325,48.951567258687525,16.77249044193622,0,64.52731203289602,9.4922323711569,0,1
74,1,神奈川県,27.037278342874277,127.89395573307678,175.49500032416182,41.624425078491676,6.473923292527396,0,90.2702410426351,10.0,0,0
68,0,神奈川県,19.416418986484793,99.8146267630641,91.99080024286175,41.48523085732733,18.42826339247884,0,104.93955566427879,6.685654767398277,1,0
47,0,香川県,25.226120304857716,125.16422039676011,134.07217690897593,42.74707007485673,72.77744176403597,0,87.23509190771217,10.0,0,0
48,1,北海道,26.43282119876532,139.51379391017687,71.40707854423235,59.189289445134385,57.139927661975634,0,105.60716436915003,6.952664906471882,1,0
49,1,神奈川県,27.34533183539645,149.51047179939326,113.93537302714678,57.0351669285899,29.418466042879633,0,100.68184256639267,1.771193590573496,1,0
43,1,福島県,26.213972015221827,128.46451556992236,62.087331562277754,40.27062107195926,30.728810854534252,0,95.95088197048587,10.0,0,0
72,0,長野県,27.92499054719485,146.83036966377648,226.46108870790906,41.01191088655822,7.362447911320183,0,74.42062548432247,8.57333178629439,0,1
52,0,愛知県,22.9822189456199,96.7436287298679,84.66686364697281,41.456634542855035,6.506779683135452,0,93.13930462045442,10.0,0,0
52,1,山梨県,21.51234104693156,107.7030525336736,83.43795873873037,62.382099653011494,18.47754863508873,0,98.98524951039617,10.0,0,0
44,0,愛知県,27.501843102917583,135.3077317442934,92.56250359125475,64.22656590781773,44.36097171918153,0,101.32078588309987,9.930355579501756,1,0
46,0,茨城県,14.902597650721292,96.76188873119301,18.851564894802237,41.31821518902316,3.7842502263452724,0,84.01567217222122,10.0,0,0
51,1,秋田県,25.127704676182216,109.78824192989018,137.6303449483346,42.16972180838532,23.129024513813373,0,83.42450528464332,10.0,0,0
46,0,東京都,20.720485898154003,122.59410261786995,43.41687918141102,42.36560719963318,11.951781805987459,1,56.99196746136727,10.0,0,0
61,0,兵庫県,23.522180549774806,103.1175497955016,251.11337624684555,55.03184138117917,5.511644786853594,0,123.04384120602627,10.0,0,0
40,1,山形県,19.6353242662628,123.98498877992722,34.97041800232851,60.3943078491654,34.363834313417996,0,95.82595267107327,10.0,0,0
41,0,神奈川県,22.13440434839858,91.1241236286687,39.85836868444133,41.45365400411924,10.400245417558883,0,108.89156304031573,10.0,0,0
41,1,奈良県,17.89588414392632,85.62179148412483,42.930553928146196,50.945140676774415,23.313798447806356,0,78.1430198447936,10.0,0,0
53,0,茨城県,21.248457408364164,109.33162139923357,20.954930418320814,69.30764579552574,5.384543406541905,0,99.41001773686723,10.0,0,0
51,0,新潟県,25.873689857113817,133.499527734536,59.10504276754239,40.96847171650166,9.637431492349883,0,91.91968473313949,10.0,0,0
60,0,大阪府,18.135254318897086,103.38859070422252,31.64710916403689,40.7211908652102,3.574946362795861,0,81.24339503751924,10.0,0,0
54,0,東京都,21.252032887614472,116.81344164790913,340.4489228584745,41.341863246801886,25.095239628465578,0,78.11079454875622,10.0,0,0
52,0,東京都,16.94313243846154,128.41652567269597,69.8153190580174,74.02522804306425,12.76552379124664,0,103.88802486983165,10.0,0,0
53,1,東京都,21.458771246630047,101.18548304966305,54.397455318947586,42.660149367119786,25.894308117565952,0,79.27463261075034,10.0,0,0
47,1,福岡県,22.57641687254036,126.43427100168576,200.5529900119559,42.15685501084951,39.285193105876274,0,102.79031792884061,10.0,0,0
41,0,愛知県,23.305189471050358,108.0390808903089,50.089025559901025,40.40133471939988,4.74655840090947,0,84.40678491869775,10.0,0,0
51,1,神奈川県,28.74363619240256,153.46617194287305,83.5878040385575,42.35539246868945,44.810746821834165,0,101.8755430860916,7.489154709243177,0,1
65,0,新潟県,20.663270354025006,120.16485869738685,87.39309873453895,40.87637741819942,10.78875574702172,0,102.01761279219606,10.0,0,0
67,0,神奈川県,24.51087253737465,108.56547715963225,33.23973414232201,42.34080297841244,13.268952152227529,0,107.24461976153975,4.262996888387492,1,0
65,0,秋田県,20.470827413153643,148.14951155103654,54.60137969935569,40.842260356275645,16.25907302298616,0,95.3599176793514,10.0,0,0
48,1,神奈川県,19.944047229116087,122.69277025389135,25.818886290701812,72.17113168900099,9.54722907817925,1,100.0,10.0,0,0
71,1,東京都,19.41550276422098,122.41174694043437,50.09126744023521,40.502544388429335,6.740452990438481,1,102.21820176745729,10.0,0,0
58,0,大阪府,20.39449917814795,110.37675875815704,60.728767035257015,41.408083559340824,16.60505760012658,0,84.81658399590435,10.0,0,0
47,0,東京都,24.383079573307462,136.74843380031214,157.658574439502,42.78852763926891,16.080867136680965,1,106.2002414096643,10.0,0,0
49,1,神奈川県,22.1277692931474,116.00828485261559,46.57725969145642,65.38323766003599,15.57376409017597,0,104.9196554746811,10.0,0,0
46,0,大阪府,19.73120880396911,115.88268409784214,49.745510843906615,52.9258801135917,9.905851137835219,0,85.73367497159582,10.0,0,0
66,1,高知県,31.895318314514675,134.6385043225713,133.82476375871718,41.496160520976154,11.80722940250462,1,94.6158616345776,10.0,0,0
71,0,福岡県,24.851588541617023,118.24362238759136,41.22189800754441,41.02733882696416,29.882842485688325,0,85.27998072234307,10.0,0,0
72,1,神奈川県,21.759265120453463,109.58848683180344,160.38003359545613,40.30090231550288,15.845073718998124,0,88.95427799251867,10.0,0,0
41,0,岐阜県,16.69280825143605,97.34464746341646,36.631201582050686,41.3455158699707,3.7857459469353816,0,90.05808150792625,10.0,0,0
45,0,神奈川県,25.064749495694535,110.69652223102354,50.31633113354916,41.49656684178772,7.782859336503391,1,101.54880595564855,10.0,0,0
40,0,岡山県,26.770818864522873,125.95127380739287,73.12626185025343,40.96062821191051,20.530983911431427,0,83.73425224826319,10.0,0,0
62,0,神奈川県,17.045692782972317,118.01276431998413,27.79257891100636,61.94342625197452,3.2166186143726363,0,95.95005604276223,10.0,0,0
49,0,大阪府,25.405104399913107,107.20988089657678,31.02403143698061,53.87437465456249,9.216403132612834,1,83.84719147214321,6.0674085977787415,1,0
51,1,神奈川県,26.600588268548936,146.28592960573252,108.50017659907255,40.977650627685236,8.611555742562992,0,108.84800356346605,10.0,0,0
70,1,神奈川県,20.868644504075068,147.69332746052433,110.96932749135472,34.97444575595981,9.75338405948994,0,93.70086965687877,10.0,0,0
66,1,神奈川県,21.43053173806478,109.01752518428934,52.62118487322984,57.47353499785376,3.0139966655460917,0,84.38548278935853,10.0,0,0
73,1,神奈川県,20.470916891383936,120.01419621642955,27.618444536836595,41.463477670385835,2.735548300711595,1,74.44234894440292,10.0,0,0
73,1,宮崎県,23.6798831451198,97.04327865451246,28.020446881627176,40.3787058947915,8.424798675770694,0,69.17869131423056,10.0,0,0
48,0,神奈川県,23.42582452445049,100.78462046293143,72.28045490268092,40.87644604440901,10.828972429357117,0,75.81833729582065,10.0,0,0
44,0,東京都,16.33086725158362,133.66316000913415,72.74364759410608,54.674726562506656,11.263090407668944,0,94.33998687245982,10.0,0,0
62,0,愛知県,22.97633990165209,116.0100810810499,76.99186431150714,41.11122053804546,20.252989281638328,0,77.01130397856917,0.33431112832835963,0,1
64,1,北海道,23.27502971546139,133.86659047441285,154.91808687781514,48.959511116364396,9.963162034604082,0,87.04289853607649,8.869392713151,1,0
43,1,東京都,23.517743767215034,126.89155744406465,45.96691225203026,55.829875116105136,15.532836650912683,0,90.13516852721654,10.0,0,0
58,1,徳島県,21.402658958120863,124.48756541311688,42.730252671409616,56.691701586567014,13.185298669337746,0,114.62378796035665,10.0,0,0
45,1,大阪府,22.116826988217085,109.34209099389619,80.97274999844096,73.97244244792121,19.60696051205579,0,118.73703109398096,10.0,0,0
49,1,愛媛県,33.02771081596139,154.41877276002924,338.5930383016915,40.226148597825905,41.15335088412115,0,86.24548049187848,10.0,0,0
45,1,神奈川県,19.474379102336503,108.2899647027961,56.34273309142193,51.444563859236574,4.076085703658999,0,74.80867803291066,10.0,0,0
61,0,神奈川県,24.159171826268466,154.93820626399747,145.93417883514414,40.55798121801297,11.472832570455921,0,106.3808391144345,10.0,0,0
41,0,広島県,27.198571230353906,103.09005686936166,265.78537445414065,62.10696977285975,29.607606942438117,1,84.01765224848602,10.0,0,0
40,1,静岡県,25.49822050837395,124.918578823946,86.31155243770446,40.85015954041995,33.73887802033336,1,84.61181653018349,10.0,0,0
52,1,和歌山県,19.784703162989516,106.25418788997916,32.86861330630871,52.72290976287969,14.846658545603763,0,69.18896773896265,10.0,0,0
62,0,神奈川県,23.051337140088005,153.00861893779023,59.702398258795874,45.7299705999731,11.479995101344114,0,103.9062886861206,10.0,0,0
74,1,山口県,26.1564350818883,169.0714619487325,34.75378627119664,41.56421569843332,10.06340341190626,0,95.37117185599315,1.5164435567222183,1,0
57,1,兵庫県,22.85215874488609,146.0011918737876,171.3061051049269,41.571052704468265,10.855753000552191,1,89.34191356682236,10.0,0,0
40,1,愛知県,26.26843567410241,136.47581650113602,29.83550433604327,69.25621781492845,13.0723457690457,0,105.59414878386055,10.0,0,0
47,0,神奈川県,23.631556145357862,115.03963791120377,41.81321050852588,41.719073829239385,12.877606332913444,0,103.84679776232923,10.0,0,0
66,0,神奈川県,22.733447946613207,96.8372184725428,39.66740908595106,41.81685606684254,10.82648559063868,0,120.53573433263921,10.0,0,0
72,1,三重県,25.838195875171706,132.81984925512654,130.1873913220934,40.546374720468954,18.232185568635284,0,122.72551606277824,10.0,0,0
69,1,東京都,24.772207688610663,120.4027748913839,235.41156141461943,43.062306670005526,28.259696887303075,1,122.72800556345314,10.0,0,0
43,0,神奈川県,26.629625716389267,138.44002071695144,172.20337244314447,41.960146620590436,46.50991718013949,1,91.68928825840723,10.0,0,0
58,1,神奈川県,27.259310170768366,139.20780708096635,277.7471005649313,42.254957534025706,18.94509717147369,0,77.46735432591751,10.0,0,0
68,1,神奈川県,19.88308768699586,116.91348214174438,7.7498214321550325,51.361469501104764,15.806926204584661,0,76.88095692241691,10.0,0,0
65,0,福岡県,16.24389013687939,138.9342615865283,13.64381531434057,80.96706866972855,9.542535418533994,0,124.99311382181706,10.0,0,0
47,0,愛知県,18.70848361738504,109.83587498616747,88.57393170673676,61.217913709654695,8.902801917166096,0,113.72075810886842,10.0,0,0
49,1,岩手県,28.520381988074554,158.0022135586396,164.7745876136836,40.76088045592347,59.03507466145612,1,113.89987149649532,0.5467474745520092,1,0
43,0,愛知県,23.46234215687904,100.14946800665815,87.46356906230375,40.48197948194004,16.343217436849276,0,86.32625967774042,10.0,0,0
69,0,沖縄県,26.00688223982917,124.1209203630483,152.43874082623327,55.05583523897539,21.84945551034209,0,95.82221427921799,10.0,0,0
72,0,静岡県,29.178680946881485,124.15349943330725,162.5244038494804,42.11670672380049,4.548919288202965,0,105.19758137398644,10.0,0,0
71,0,東京都,21.871370026414812,108.63264566957041,206.15238053849913,46.23336803036824,4.754060655788059,0,81.98296743049109,10.0,0,0
41,1,神奈川県,16.331174695156356,134.8587819261013,23.672795621666328,58.61713055125211,6.508428560502175,0,78.54915655573092,10.0,0,0
43,1,千葉県,23.532305785848383,104.5011459795811,44.900544192288365,42.36684762077696,2.1354202362046464,0,84.28846506493878,10.0,0,0
58,0,和歌山県,17.634499482890963,109.26927688021136,13.953119868612163,61.92325460178871,6.6868380619159735,0,92.2950458456842,10.0,0,0
65,1,神奈川県,29.649434162235423,119.20078737245433,115.86049399638964,41.94974879661154,4.958883466575995,1,121.46961659802376,10.0,0,0
69,0,新潟県,15.51297255951193,93.45300754039333,114.60835636158046,41.720181330534125,32.52085540816888,1,89.27417351867419,10.0,0,0
66,0,群馬県,22.483384332093433,131.39640066666715,47.43838734787665,40.90612603436764,14.723603419438103,0,88.9815743230772,10.0,0,0
67,0,長崎県,22.1345197759793,133.1890990154002,154.17678050784787,41.36230287228595,21.395829452540283,0,73.66684274440372,10.0,0,0
47,0,神奈川県,20.933479936397344,86.32009121422341,76.22114433586846,41.183039319404145,5.515294603189771,0,66.84454419642559,6.206544755148037,0,1
68,0,神奈川県,21.51243252097343,120.77334972534204,59.90845868254391,52.71931409613919,18.339869183960307,0,66.99962719440288,10.0,0,0
62,0,愛知県,31.99147574889312,145.05084955666257,75.15089503513092,51.12223025257756,46.60372257714032,0,97.1816549813429,10.0,0,0
53,0,宮崎県,25.210017834314513,102.51910070356267,123.90761324224196,41.475266954631735,17.27251371564113,0,87.01626131787515,10.0,0,0
64,0,千葉県,22.09035003708835,124.1493441626273,195.89882857556728,45.26703008760039,13.9854823551073,0,117.04564402033492,10.0,0,0
48,0,神奈川県,18.45269847307792,88.10206371869053,28.306851564132874,56.14147267805043,3.003418143724007,1,83.58300007757488,10.0,0,0
69,0,愛知県,20.65602910144035,139.30804607809964,28.377886319216874,42.19030190004024,18.229471703756342,0,74.52150413088766,10.0,0,0
45,0,高知県,26.463887835716903,133.86792482122544,39.938552446873246,41.60210439942393,5.405626257087525,0,115.93143279879159,10.0,0,0
68,0,東京都,26.20579976683311,123.25838251922394,451.4406902201605,61.4723761188517,45.00264662080418,0,124.40424466259408,8.83110884404675,1,0
63,0,神奈川県,31.58872026127299,144.10725542631806,64.46874788160464,41.682484685072005,60.42514616509468,0,114.25153258573009,10.0,0,0
54,0,神奈川県,26.77643026289432,154.17323849215936,178.47921756892674,53.50426690064959,30.066092299590448,0,104.2287329220373,10.0,0,0
47,1,神奈川県,20.6564275615668,138.56904416837588,236.33682765330738,41.07673651352274,79.89427259619728,0,124.98433463170063,10.0,0,0
47,1,神奈川県,22.036088476432962,122.90016812849062,52.2775496237422,51.77571085026785,19.499566887633314,0,84.83834324263456,10.0,0,0
47,1,神奈川県,21.640743440754754,116.38292381165574,16.60721601277067,45.44670759549382,4.793702316487707,0,111.84491421556584,3.7454364741663784,0,1
61,1,三重県,29.193776368934085,138.47288315710736,133.99361683437317,53.26718750192992,67.27562589657724,0,98.53331498255945,10.0,0,0
69,1,福岡県,16.525310172423502,92.52644297897315,131.07470085983962,40.85015736249625,12.226590063890212,0,82.06260174203045,10.0,0,0
42,1,愛媛県,26.0794413485317,106.64503423742359,118.4344103528997,57.58366342647253,14.295528969474816,0,102.23561849565031,10.0,0,0
70,1,茨城県,26.032438259273363,155.8717192001615,84.2911925720173,72.44097632731109,78.67620585336026,0,83.26896027619793,8.016541848240502,0,1
69,1,神奈川県,21.970149344967513,99.3836263914315,79.020619924069,48.21189052026351,8.982689358341327,0,82.19990114536586,10.0,0,0
46,0,神奈川県,19.31268899588545,165.56140051474577,37.840144976233034,44.787169482446245,6.473914971227346,0,59.15717086281271,10.0,0,0
72,0,神奈川県,22.944068323122924,135.28670274545667,183.6808985075038,40.795791145744104,11.996128672987135,0,82.83824844521075,10.0,0,0
44,0,秋田県,20.739127525858883,122.73023281293587,52.667601621004245,52.629673125957986,9.1757622694734,0,106.89468195266262,10.0,0,0
51,0,愛知県,25.137101558903655,145.872104493471,93.15407181918366,58.27786812576261,17.860224682082432,1,125.0,10.0,0,0
71,0,山梨県,25.74703945358028,104.80856192378663,96.59642558172888,37.47730195658125,32.09859131508424,0,91.67085922130468,6.107027316677416,0,1
60,1,東京都,22.254610992341526,131.49321859233063,82.77922743829859,40.893413994276365,11.2855635888995,0,92.695724525843,10.0,0,0
42,0,山口県,18.445437049630463,104.77582467808065,37.80685785935237,53.06735630363836,10.204834600102235,0,69.68106087914856,10.0,0,0
45,0,大阪府,21.75810074362374,129.85687285695093,56.87103929310104,41.85615450601101,22.007894479785744,0,77.18179858673521,10.0,0,0
57,1,神奈川県,17.122498990779654,125.26305983511503,60.79259177598006,50.511513012442656,4.936099099925113,0,102.22579195802811,10.0,0,0
67,0,静岡県,27.146407086423704,150.99900562531263,52.683800453284,63.34174472938077,45.27872454186234,0,95.27127110677647,10.0,0,0
50,1,愛媛県,28.73512795313486,147.70890372671516,118.76926452509936,42.674253632810036,39.477006824001485,0,92.39921772560795,10.0,0,0
45,0,神奈川県,20.596335737640594,118.690994360681,53.9498898469281,63.87307777022539,0.5384118740411623,0,108.99503826437257,10.0,0,0
55,0,神奈川県,16.329721242206137,121.03801424271144,58.2229069750192,56.43233879975287,15.531340335925183,0,109.95219902067514,10.0,0,0
70,1,新潟県,23.05101562400344,157.17381392507951,82.52514685722964,41.68339361260851,16.425961849633193,0,70.47169157656849,10.0,0,0
67,0,大阪府,22.003928082464835,108.89222425300302,98.40179359819557,42.826440021693216,21.866281437715138,0,75.28427955903824,10.0,0,0
52,0,神奈川県,20.285053353076282,109.28601794855669,14.583953626197387,42.22558582607221,9.90484825844069,0,78.62969171498267,10.0,0,0
42,1,栃木県,22.517073867420148,105.31901177516211,75.9066752483396,54.410030587625116,55.77519668228888,0,89.00381520194793,10.0,0,0
63,0,大阪府,14.88580537553572,120.78433685390954,24.596195251328353,53.05702964414831,21.59937122716256,0,116.72071666150575,10.0,0,0
59,1,神奈川県,29.381049519136106,136.23877911255522,131.9916698818009,61.17223902647881,26.51589732524682,1,103.31724942814638,10.0,0,0
42,1,東京都,25.18178746851902,89.40242829898659,56.34833651177778,61.490930493368595,11.455472583486833,1,97.24139567412367,10.0,0,0
45,0,沖縄県,17.366268901473457,65.55185853535163,29.39208565421245,70.80541952548099,6.232838430952739,0,101.40970408640375,10.0,0,0
60,0,兵庫県,28.434026834020443,135.56525814992892,273.2918538783934,46.48210123982626,86.91918265330133,0,91.62379383635361,10.0,0,0
52,0,高知県,19.86669450454048,96.64773697205193,118.10377908176953,59.18347544458062,22.8894737375467,0,108.29747231819377,10.0,0,0
43,0,神奈川県,23.5748276375152,107.82782354736361,39.873348437920086,56.06245738551581,4.9897026251293,0,89.51422551702376,10.0,0,0
43,0,神奈川県,22.72924108926036,133.484030079403,92.0551257653444,41.84347404274851,14.477337333067739,0,88.23944621498671,10.0,0,0
60,1,新潟県,25.009499553282165,135.69287258537773,70.84629302309494,41.68402460778879,29.92512802344619,0,97.7823939546023,10.0,0,0
49,0,兵庫県,18.351639106335913,136.75343404407852,31.77152148448287,42.00238667184818,9.23970164428442,1,77.27215371083831,10.0,0,0
65,1,東京都,20.466387222851587,130.26176427028554,49.264666064273044,40.48696468596907,9.007685120984284,0,123.1814459059891,10.0,0,0
58,0,神奈川県,26.212959381892706,97.41185699623819,273.7204189290378,50.160750445237014,19.506218469096016,0,104.27217418968732,10.0,0,0
73,1,大阪府,17.827030203560156,112.32064677596058,107.99114871811273,62.181136293223545,17.451741347870566,0,103.04319360116081,10.0,0,0
72,0,山形県,26.74433228995033,124.00564647115935,44.64557569138654,40.06097019230353,6.532177296652173,0,106.38196914123913,5.025070533031865,1,0
62,1,徳島県,24.669488392703332,114.2005258326396,144.4689327562066,52.43552303178843,44.437646174818376,1,95.38618869614997,10.0,0,0
44,1,山梨県,22.526954270932602,122.69383065647406,36.57288847147334,55.65083142488313,12.195521978087212,1,84.24092500695102,7.037278626560966,0,1
58,0,神奈川県,19.339231097476294,112.1639198717991,63.370610112933534,55.440864421621285,14.386191557768358,0,106.37329989688473,10.0,0,0
54,1,滋賀県,16.625003388058595,120.08385453618367,48.52554961024903,42.06308521306389,7.3012171434048705,0,80.5599166075268,10.0,0,0
72,0,福岡県,27.93943589338292,124.53268238703542,167.9353732277289,56.414957398438354,68.72411213130191,0,101.62439806325712,0.8148800635745697,1,0
40,0,神奈川県,23.18988768096972,119.49007315100758,75.21863025385001,42.48696687180486,10.952832546626095,0,79.70952375751645,10.0,0,0
62,1,神奈川県,27.441570665075552,131.4975036776285,229.71183539870503,48.96484372227797,33.74750203042538,0,122.75352747205552,0.8710191781542508,1,0
54,0,千葉県,21.406302046969248,143.0673633214892,74.76888267359712,65.40373322540904,10.855577334111128,0,96.5655328758034,10.0,0,0
45,0,鹿児島県,16.08844040301943,112.93960753950464,50.083827000035846,42.4041353116534,4.2475665063867325,0,54.6105874938073,10.0,0,0
48,0,静岡県,26.071305809859965,150.74429730711017,113.38579268510863,72.44098583621307,30.62119358178863,1,92.60613320087636,10.0,0,0
51,0,東京都,32.30779078136585,144.4557265126359,120.87598742735167,41.745357027062745,103.79890540883021,0,93.15350829122491,7.987843447477129,0,1
70,0,新潟県,22.948677703509613,136.73070976642236,358.24018265577604,57.490580054312765,60.48393779934359,0,95.93396314899677,1.4267585220590107,1,0
71,0,千葉県,23.43381082617585,128.3021360291642,138.09854786393763,51.043654290362554,33.411771730725604,1,108.68664584344359,7.709433077195158,0,1
67,0,沖縄県,15.840378658574673,133.19855774933706,55.86858602557314,42.37716722354272,2.4982840315871546,1,91.61326309448918,10.0,0,0
47,0,兵庫県,24.483668587388976,124.40655392013348,123.76416977616906,51.40335000492776,5.8967548786214445,0,107.11171688837341,10.0,0,0
73,1,東京都,21.892239276232793,134.68070315297237,122.32404525587579,57.72960282085769,44.17550770454725,0,101.4968845042244,10.0,0,0
53,1,新潟県,20.98628010550423,127.78737931172591,50.230609821886375,56.72359098546902,2.0478922800029373,0,94.33410668326101,10.0,0,0
74,0,大阪府,22.762930748128316,152.23942859570187,54.16263151153187,40.622082550638055,6.474436543242318,1,111.78240143680037,10.0,0,0
48,1,長崎県,26.532153975717534,145.21013191669476,107.6812196747095,40.65882459661733,9.713218715154412,0,98.85904568275777,10.0,0,0
45,1,茨城県,23.295988408221827,127.70678507117591,56.003574691090655,40.656231570786076,16.707890223575053,1,71.7524579235166,10.0,0,0
63,0,神奈川県,20.71469084890491,106.78141591157,27.741209920711537,41.87329723086188,9.160408973630753,1,78.62198140893904,10.0,0,0
57,1,大阪府,25.673851635774316,157.2200215265251,52.46790118429183,42.58823585144172,12.699773190841048,0,94.69166346443029,10.0,0,0
40,0,茨城県,18.707265181914572,87.89700688153327,14.582921305747744,44.02876121700035,6.895625163673619,0,63.77803147459119,10.0,0,0
71,0,愛媛県,20.227916147315792,115.95611975078691,46.42369565215321,52.85677997478957,5.507178294638,0,66.87659125850917,10.0,0,0
66,0,茨城県,24.753960568488466,129.10690626316085,122.63560693116473,49.85220302146245,62.61924471974113,1,105.68354560503349,10.0,0,0
45,0,北海道,26.6299380629553,157.46459381319957,152.0292476106295,61.62340703693696,10.34377280553479,0,85.94124147425663,10.0,0,0
63,0,福岡県,24.485347689398736,130.60591924552284,67.30658922819414,60.470108617537484,20.871965938353668,0,94.734219818555,10.0,0,0
46,1,島根県,24.77295867346489,110.64863784474946,29.893766203610518,41.46537222617003,9.112912629959956,0,83.6730162671074,10.0,0,0
66,0,神奈川県,20.80748747301447,125.45420363805022,105.07063488420273,56.98197784395758,17.56209445937509,0,108.08267016803109,8.70570238979899,0,1
54,0,神奈川県,30.99831463620313,122.58264427139667,60.62161743559676,41.344001576872124,8.494375594918438,0,99.51000368890648,10.0,0,0
55,1,神奈川県,26.45016582383148,144.0472516756938,47.462524252949095,41.71305877115109,13.55875269804321,0,106.46289054062862,10.0,0,0
53,0,神奈川県,23.87729368996542,136.19968436022694,29.438950806001525,41.32987334559909,41.322881382559665,0,83.68950054574253,10.0,0,0
40,0,神奈川県,25.40677322078124,104.75176964770215,110.40093868656528,41.58716684036052,14.320096902042765,0,80.48838726798382,10.0,0,0
61,0,愛知県,24.606180693576526,146.89042289844383,64.60050350854958,41.72024098758715,14.796702634969819,0,75.59305861040258,10.0,0,0
50,1,栃木県,22.20740159499538,97.41169620177409,69.79464364179583,42.35662397133064,17.29229586724418,0,81.03796346878451,10.0,0,0
47,1,静岡県,24.906609683385952,110.62275808806042,119.43720999729884,41.370976734459425,9.030519775379336,0,75.26453986481908,10.0,0,0
60,1,茨城県,27.7136998550509,131.76016783259237,173.30271739149327,47.965430797190706,14.490116930307744,0,112.64723922946557,0.22657367079984636,1,0
58,0,鳥取県,28.372184868891807,132.05269780296828,210.33001539953477,42.680352436451834,90.97874471884164,0,107.6703358549067,0.45437776463743773,1,0
74,1,静岡県,24.62314095100697,155.3731463122361,202.17515141007632,40.35012801583721,20.401134636460174,0,92.71363300733779,1.7783589467518455,1,0
52,0,新潟県,32.50332508392371,115.04377240311189,105.42883800162593,57.140458903685236,6.214691583748277,0,105.67542108519112,9.493625202451177,0,1
61,0,愛知県,25.51092181669794,137.32039576596335,28.30586391351529,46.29280552559636,18.008642296643693,0,85.18653612513035,8.002399532950568,0,1
54,0,神奈川県,27.524654955099678,130.5563419113092,83.40392997884678,41.353014759054716,35.348838080643056,0,88.57475692623765,10.0,0,0
65,0,東京都,27.336590583294146,124.34080600754385,120.43910268496987,60.6312610736414,41.8951192805932,0,94.3586086883704,7.869137717567376,1,0
57,1,茨城県,24.690917067896393,130.80501182068036,110.95820195172035,41.34327473566972,16.18960185812313,0,108.52983318113026,10.0,0,0
72,0,大阪府,20.562216255634148,131.44812896898378,119.23807808790023,51.81610026531856,20.54916725639835,0,101.92111169694564,10.0,0,0
46,0,神奈川県,23.942238223754973,130.89953283078697,34.15706377315805,34.23592557626466,4.337466639177328,1,83.49523787992021,10.0,0,0
57,1,神奈川県,23.708357354266948,120.95224617309906,51.05494095569566,41.862224025241886,2.6591018485773765,0,88.55344693159806,10.0,0,0
72,1,愛知県,25.938294601393658,157.9790983193393,56.85426768498746,41.37377258883802,47.097356503215515,0,95.242403888127,10.0,0,0
51,1,茨城県,27.4911915209179,133.431486370515,64.739169320077,65.0013992600754,19.10319760208034,0,76.59890039905606,10.0,0,0
73,1,長野県,17.7131788437599,104.06823434802402,52.247089560197274,42.28721771760327,10.574365560031044,1,120.52885998362261,10.0,0,0
72,0,沖縄県,22.175519504973007,123.50529087571253,110.29350951043578,41.70809306932076,26.948988403709695,0,125.20769793559826,4.804487945564705,1,0
65,1,岡山県,22.434084245639724,149.2662898323128,92.69106884939453,40.79966951744285,14.775490901501133,0,113.50939208329265,7.344247508209082,1,0
48,0,富山県,21.762059559827463,107.00197375668513,15.173760600000707,48.35312540994658,12.875815221339737,1,51.15817274056381,10.0,0,0
65,0,神奈川県,28.168439769559907,154.3578215402721,102.97984734558302,41.563673918880646,14.13338149355624,0,95.58351131210205,0.35555290441288734,1,0
54,0,神奈川県,20.916480951983456,152.60085901236667,109.93039803062874,41.31709007661839,39.18391494033815,0,74.71490912135461,10.0,0,0
45,1,神奈川県,23.212658371352127,153.24186763832753,91.98089628951759,45.6108316309601,23.121579609140422,0,87.80416728049892,10.0,0,0
52,0,長野県,29.176303288126256,142.22879857042292,118.2107626183911,41.81753634310776,87.88580029677917,0,84.28803112483955,10.0,0,0
60,0,愛知県,27.25730453092176,115.33834615803653,111.78058998707478,40.391329216533194,11.105541860861173,1,105.65130210092705,10.0,0,0
61,1,東京都,25.42360052625376,132.116415717584,72.26041475427125,65.83369642853016,7.179650345459142,0,97.10543769585095,10.0,0,0
60,1,茨城県,25.138523511528177,143.1251653709439,64.60033291265565,40.75758978977941,16.424552779013805,0,80.3972626140332,10.0,0,0
44,1,茨城県,22.96719861263393,132.31913380996383,39.666232544283126,44.044155352650094,9.396787728185862,0,70.82084098519427,10.0,0,0
72,1,神奈川県,30.463978580480834,157.15921209610138,150.20505172831605,47.32513397802358,10.356646229831487,1,115.7475379866398,1.4609619812775527,1,0
49,1,大阪府,21.337643181509407,128.22619656031665,42.3759050399068,57.132853203886796,6.474831694730363,0,96.39844674961164,8.838700988346584,1,0
43,1,福岡県,27.99520847424653,119.50288169728111,114.41525405400496,50.93945641038313,74.47914918508428,0,85.21896733777858,10.0,0,0
42,1,栃木県,20.73027564736989,119.4938296968145,21.982884278896123,35.44465552798849,21.047109524466027,1,69.23228028879385,10.0,0,0
69,1,兵庫県,23.85065378944039,116.09193546454607,49.25755705813528,41.0260438005588,7.278861327522571,0,97.96497646296785,6.110100686591072,0,1
57,1,福井県,21.077933875240692,91.90777736702091,21.07508608082854,41.9492050422578,6.321891480952008,0,81.551990358074,10.0,0,0
62,0,神奈川県,29.102286090495504,134.6136745947284,64.76410828771077,30.929461684467377,10.340002550462788,0,90.99248934274944,1.1468315673248175,0,1
44,0,神奈川県,23.067374266734074,111.10076297558096,28.044539970174334,52.38791886305879,7.23217371612236,0,73.56872684272875,10.0,0,0
42,0,愛知県,14.63241447168742,117.85343057150155,14.129445104383285,71.74508015721153,6.494901335804758,1,97.827052950518,10.0,0,0
56,0,福島県,23.037620444560357,129.88392860672727,56.0870359825117,41.65517473950116,9.394478841907027,0,110.48948173906413,10.0,0,0
68,0,福岡県,20.916411335767357,130.7190880724644,36.65894761994287,42.599298741905216,23.347247966657264,0,91.41985873641879,10.0,0,0
71,1,愛知県,21.731728046657953,128.3076844489933,31.21245271123121,61.36849479885463,11.491751021539427,0,74.6754663066523,10.0,0,0
63,1,岡山県,22.74266705196679,126.28805067810116,71.54618965247167,41.24124731472945,15.198559556453034,0,80.22345601471461,10.0,0,0
68,1,神奈川県,27.923914784383424,128.87592089255406,85.81723683243828,40.54732103598506,29.749319399859765,0,111.13835308300494,10.0,0,0
53,1,青森県,27.51576311072726,119.27393769488502,165.43490968450524,41.171996398736695,16.420813403225445,0,80.53972002091697,10.0,0,0
59,0,長崎県,24.600566727632575,120.7738119550149,112.816950197889,41.378637533238184,12.159394058571012,0,116.75696408379841,10.0,0,0
71,0,群馬県,25.899948463475038,134.86071690871526,33.77753414948541,30.449614925007584,5.312621971597128,0,62.19108165231927,10.0,0,0
41,0,埼玉県,20.113600767839586,121.74554887354742,30.83605216453075,41.694893911312235,3.250518801599375,0,108.64584102402641,10.0,0,0
52,0,神奈川県,22.86757490875076,133.41774977060874,101.65427216383364,41.84748778162506,29.439065070979595,1,105.33755810189894,1.6019244951968163,1,0
67,1,石川県,24.255584494813952,137.0470370305421,131.0295446801883,40.30198277148193,39.46575140994499,0,94.35632075152331,10.0,0,0
47,0,東京都,17.04587250701434,121.47638284376721,94.05787249840076,41.43570619753177,9.906941847590597,0,84.22685713644961,10.0,0,0
40,0,神奈川県,21.33744649487766,128.34922681475203,12.959367441728155,41.10548261077154,4.445259220411775,0,65.74830523313229,10.0,0,0
61,0,神奈川県,22.658046732132668,135.28186720579578,23.52958761819293,58.01367255977106,16.29931657732518,0,102.87960210150422,10.0,0,0
41,0,北海道,26.415098045127294,104.044932090876,62.98140109095006,42.17479050388519,14.289738948493373,1,73.76576467027435,10.0,0,0
70,0,神奈川県,22.78669837756713,108.60137620184148,86.29450813681997,42.82461502020959,20.407278675864852,0,63.78591684992542,10.0,0,0
45,0,岡山県,17.217595352904052,116.91441346831722,90.18033616173899,40.255723383078596,11.936320101630267,1,72.65882816920838,10.0,0,0
62,0,東京都,26.099348155759944,125.91780292815304,114.30433936582503,41.83993338311645,22.026900973537487,0,108.28949904884996,10.0,0,0
49,0,新潟県,26.457048033100744,95.91695954604721,53.52839984606328,41.11758036930151,14.22660334515942,1,69.90165088728455,10.0,0,0
66,0,大阪府,19.960407574736333,128.57916721334877,51.040939972204875,41.773780367428685,14.519862270869384,1,115.42282862708386,10.0,0,0
71,0,神奈川県,32.00335706982507,153.44559733639812,162.6945750861657,61.96891212331757,51.45073873786794,0,99.6486425774503,10.0,0,0
68,0,神奈川県,24.492974935107785,157.20894894341944,47.272964235536946,40.22335004485658,23.89631765687536,1,94.60783596736502,10.0,0,0
49,0,高知県,17.62511178561679,115.8850820768938,51.03402346672485,41.45086347746699,30.59317821811228,1,94.76897322438235,10.0,0,0
55,0,兵庫県,27.523261471361916,139.3804884772982,358.7269869100546,40.478791570710754,40.199396905233655,0,124.33469285479597,1.7993481625536325,1,0
45,0,神奈川県,28.631438516745273,142.32894369334633,83.5932306545224,76.07387867856129,27.66103002510205,0,110.81024619765971,8.48849017779443,1,0
42,0,神奈川県,23.949313683902844,82.24470162756525,121.63320320811549,59.318970662515426,15.537347749146306,0,98.072689102567,10.0,0,0
46,1,神奈川県,22.342499990450435,108.02121210216959,120.63907635195552,42.523498568982696,8.851049293891718,1,90.72807944880678,10.0,0,0
47,1,東京都,26.79463947383189,109.28675862530974,82.56208737033482,36.59920644948621,4.608876762583924,0,115.43729774369504,10.0,0,0
48,1,東京都,19.771778911584256,108.57248417246943,49.69591602170646,42.00843830929814,6.712092329860889,0,63.6287067820681,10.0,0,0
70,0,千葉県,22.43478035500112,118.54201338210143,109.75850947716378,62.19877764857822,20.31131191132163,0,106.06350192951751,1.4144867934122682,1,0
56,0,福岡県,24.353741620630846,121.03736822118293,52.45007285460121,41.25436377651623,26.689105878069125,0,115.63834411576129,10.0,0,0
43,1,山口県,20.618386985879354,126.37812942476181,48.53369000682068,73.26741566547807,14.415095062266706,0,104.069955584922,8.57210351230081,0,1
46,0,神奈川県,21.217187977568564,116.13017556806153,41.36272468158429,75.24978091751363,8.874430335614507,0,76.5388758283869,10.0,0,0
41,1,愛知県,31.894477072262088,145.23412284083392,76.14207278016717,41.05650494883773,10.468837131019534,0,78.71302143651175,10.0,0,0
43,0,鹿児島県,26.62960100913195,122.41187277120198,140.3229000381171,42.272035766698174,10.952396624572387,0,69.37316342604493,5.166539465381884,0,1
47,1,神奈川県,25.078905754029133,130.71962345893337,71.88062287257567,42.13653187157484,11.21638023553437,0,83.74941268932355,10.0,0,0
51,0,神奈川県,25.229919082607164,119.76171700539457,21.36803880416601,56.22175496728249,11.631588970439713,0,88.5905803069631,10.0,0,0
40,1,東京都,31.157227250664288,135.5980413787285,129.15484028796067,41.47312158297471,18.991175434108946,0,114.45477161723754,1.2617817612441418,1,0
48,1,茨城県,23.297015951383592,126.28066719915199,170.76043359784552,41.597856890901504,19.927004498552783,0,106.4355095495701,10.0,0,0
59,0,神奈川県,26.63208475661131,130.80759976250653,71.19022664256958,46.72620281142533,13.544550004609912,0,110.90440337538809,7.059158489748173,0,1
54,1,神奈川県,27.27449907489253,160.74275207479243,243.47405634640185,41.93771217821541,28.58940274268016,0,81.95865770583808,10.0,0,0
46,1,神奈川県,25.10890557443328,115.03176576919661,52.447817900640096,56.48710902542628,23.79112247784624,0,114.38696197407656,10.0,0,0
43,0,神奈川県,21.46041578094006,120.08535112502987,49.571700124799236,45.41792773370717,4.366113834226562,1,88.91168883751692,3.207376387654025,1,0
54,0,茨城県,18.877315998478156,123.24970605795467,134.43735213933985,40.847882181128725,10.40491121178798,0,75.76369354689419,10.0,0,0
51,0,東京都,24.305487277181232,136.76673445163257,139.40733518489893,42.43848733512154,13.624078577420995,0,98.2745201186825,10.0,0,0
70,0,和歌山県,21.898987387548917,109.26647738001377,83.94195821267742,41.683370063369864,3.730909393440456,0,107.67242324911456,10.0,0,0
55,1,福岡県,26.62068219447757,129.86867715170973,123.80509446678055,58.70999440679754,45.45086191184542,0,91.67801558609366,10.0,0,0
66,1,神奈川県,19.299590828923254,111.61622835315767,149.12095020667843,49.1316230763929,27.424478890073335,0,77.80416165691243,10.0,0,0
46,1,神奈川県,27.067429414707757,124.71021927378332,85.52942486152719,40.561872016435494,10.272986489084346,0,78.44359874614933,10.0,0,0
56,0,神奈川県,25.076353685924317,107.75690768388898,125.49908413491772,41.960848181613905,16.764647349282722,0,98.37636445977265,10.0,0,0
53,1,神奈川県,26.545044869766045,151.66852056947235,136.387593407105,42.750671695644854,39.86842217078622,1,94.82946932919498,10.0,0,0
46,1,福岡県,19.840608833275144,113.50776682455015,36.67645449884195,41.59302527791408,20.24804802292636,0,99.1465050589311,4.134553658804495,1,0
73,1,大阪府,31.553746504463202,130.51854579046298,78.20237534268114,58.64754085675535,110.96721525363805,1,122.53319934388519,10.0,0,0
51,1,神奈川県,23.826203388081858,125.28232110189049,98.61881773942497,41.155341455748356,8.772480772176475,0,77.3114273596662,10.0,0,0
64,1,神奈川県,21.300958619391757,128.58149078073998,97.31212513920734,40.974430167598264,5.617830455132743,0,88.77288265557091,10.0,0,0
51,0,宮崎県,31.554194947807105,127.4906808346716,134.45236985643862,55.339515410689195,40.689484543489094,0,95.7150381135538,10.0,0,0
66,1,福岡県,18.715181576973816,141.98052527208438,42.86701399732159,41.76033441089771,1.5374065464022024,0,89.0495884224987,10.0,0,0
43,1,東京都,25.14201940550629,124.02758306880631,118.66448035958709,43.96899094722351,9.00901066485286,0,73.12908510050832,10.0,0,0
58,0,神奈川県,27.82609661856052,146.8277401901733,133.2052772368501,41.69235372153048,17.79626747306733,0,92.87219335251422,10.0,0,0
52,1,神奈川県,25.680370087933493,156.4627094657871,89.63722357715811,44.673505853643434,11.814632782422915,0,95.32035830351772,10.0,0,0
42,0,新潟県,34.11754439852807,149.6887582070906,244.8470642372271,49.96771824990324,29.509506596671603,0,93.38286089647411,10.0,0,0
61,0,神奈川県,23.87447417901075,133.7597277092032,181.3863774493692,41.81870629869183,26.8745130076371,0,93.96589792266438,10.0,0,0
70,1,青森県,20.252596609463783,124.2749290801641,32.40444553092577,64.62557540278051,18.428063041372653,0,78.13928950173893,6.225910381565287,0,1
48,1,静岡県,18.19037659255237,115.00367398342539,20.11047306580264,54.98098937201546,3.26649654642655,0,90.28651666427345,10.0,0,0
51,0,神奈川県,17.39367780564159,108.01580461577323,93.09657937255909,41.858456700194445,5.264973630795865,1,75.21665242112837,10.0,0,0
41,1,愛知県,18.813470400168505,80.95891620223578,8.646938886372416,41.10283107953767,2.9426151467486785,0,69.24361119569353,10.0,0,0
59,1,神奈川県,19.54996981599647,129.92678834729438,113.1456530088442,40.64764781555907,14.145724045242929,0,88.62307218090066,10.0,0,0
64,1,埼玉県,23.058365801240708,149.13291885239076,90.27353840649171,35.35870658922905,4.766819104910351,0,80.24784706608077,0.5473830201493285,1,0
61,1,山口県,16.88084592088309,85.67289926565407,78.73781088410554,51.40149891209886,9.361585687676367,0,84.39625495929795,10.0,0,0
52,1,愛知県,24.072553374675714,146.07885616044862,156.74850088392714,42.67818550290928,14.11698016002815,0,121.19828538344956,10.0,0,0
49,1,神奈川県,23.242060926017707,117.18490077284136,120.50951578243489,53.68649333855056,13.823564063360338,0,84.0519055488256,10.0,0,0
60,0,島根県,14.908276247784144,119.73777850376791,138.6172090026403,41.63657213716077,7.6594151081376145,1,108.88069099484866,10.0,0,0
40,0,福島県,28.34571899288334,120.79431282016513,87.56686377413824,42.52772256263027,81.53011993930969,0,111.37150241009358,0.36584805907456375,1,0
44,0,山口県,28.636442399009816,120.58421543741868,118.10405393761451,52.40190042393861,45.357391829236114,1,108.56729742572755,10.0,0,0
68,1,長野県,26.191687669134126,131.09920837295599,115.88865269019087,41.427338167553515,16.428170830624563,0,81.14844014642368,10.0,0,0
69,0,神奈川県,28.25145671532608,135.56530545097198,199.28183013305414,40.545619621895185,47.92961234212366,0,110.03939593762975,10.0,0,0
55,0,大阪府,21.40422635674039,104.81815382563728,428.715275496056,58.49694989969219,59.4067019912312,0,86.78954491167757,10.0,0,0
46,1,愛知県,16.711235436217166,95.87738595287419,52.92897339908428,42.24569223390249,3.4194857706995405,1,75.20409998861417,10.0,0,0
60,0,神奈川県,25.692717361556724,113.19379272455673,167.38717364487846,42.033897576931004,16.685186867716563,1,72.06889537026422,10.0,0,0
55,0,奈良県,20.181950527218458,131.24031124878329,58.72385952239712,41.10527855260642,17.847080756963358,0,91.37727113885187,10.0,0,0
64,1,大阪府,25.859684160702795,121.47944879137602,94.91845986189908,41.458794294165685,28.97869094499549,0,88.58763600220573,5.370832516881832,0,1
46,1,愛知県,22.534228763550665,117.85564831343088,34.909079058978115,41.030555870685525,28.593518238233326,0,102.71735229505799,10.0,0,0
46,1,愛知県,23.500567670023685,138.25561717187975,117.32351512794834,58.52534830548099,20.224244131782896,1,122.20810297589829,1.561584620673818,1,0
48,1,愛知県,16.893898210690402,116.38555658219317,55.93890966811666,48.212996354178344,4.68270898256178,0,84.64108770009229,10.0,0,0
50,0,大阪府,23.0199682651679,156.51369178145836,105.69169728177896,41.967436064531306,5.8768102708919505,0,105.33157984426197,10.0,0,0
52,0,鹿児島県,22.496193070011124,129.0251873410051,35.01845701844093,41.67064967057313,10.566856574823857,0,89.1579125933759,10.0,0,0
73,0,福岡県,29.51944603799077,153.14299383509015,269.57246110591666,41.87782612382924,18.502098650614407,0,95.00375713048935,10.0,0,0
43,0,東京都,24.241582768891263,107.71763887330437,351.90373325730786,33.91362528747177,11.820063530426074,1,84.40821099263185,10.0,0,0
65,1,埼玉県,34.41931971073603,119.51044154444456,150.63230259779348,54.00366139047169,24.286844805118847,0,81.9160642062665,0.690690457252343,0,1
58,0,神奈川県,16.182449921538836,83.02214257269887,39.71947614185883,41.19269036641753,1.9168195820809004,0,98.83912786891432,10.0,0,0
43,0,神奈川県,18.09577710720827,100.49044633914883,42.83343547750965,59.32701463898395,10.250134969127368,0,70.77714145311658,10.0,0,0
66,0,大阪府,24.82717199170784,147.5992884786617,76.57458938141502,35.51844811581346,6.250975417191862,0,97.00974042758396,10.0,0,0
66,1,茨城県,14.441842500030951,92.02862135815504,101.43283613067699,53.687414402022746,8.611368116577143,1,59.01779199816102,10.0,0,0
59,1,栃木県,21.70689106302625,126.476492288471,62.49418715323874,56.82785282204634,18.07801231526445,0,103.57672299306535,10.0,0,0
71,0,神奈川県,27.715854470799922,113.55772912768272,73.10002982783513,41.692941676891536,14.045567258162688,0,101.31196165598298,10.0,0,0
40,0,千葉県,23.89531334406508,136.75211628285007,91.4420157662115,41.55657769867262,10.82748698051133,0,77.62785214463469,5.530144698384779,0,1
41,0,三重県,18.41030141047309,130.6922501556706,66.70514506533748,53.004627661061285,13.940986361847486,0,83.47580732167184,10.0,0,0
51,1,長野県,29.40361147547961,138.43406877754686,93.19763831071111,63.883816337267575,17.694825226803914,0,81.66123734670447,10.0,0,0
48,0,福島県,21.476236954162644,108.55340908703864,153.67894693108093,51.59882557020614,25.8177527552886,0,103.70143021298158,10.0,0,0
54,1,神奈川県,29.56440178784923,161.6124061519554,251.6856190027889,41.03717938813369,61.868608802780734,1,121.9423096817762,1.0728606313316233,1,0
43,0,山口県,28.666623615026158,106.78152449232046,68.34008746515028,41.0565763547939,11.921069034764447,0,86.01971448391537,10.0,0,0
65,0,愛知県,29.35996307344974,164.31132510859726,193.56068863183023,47.44518904601279,61.13230397793843,0,120.27711625368609,0.8527335171049792,1,0
58,1,神奈川県,22.79225933309943,102.8615755615951,94.84400272634956,41.084523984348216,21.87669394574086,1,85.5599076621813,10.0,0,0
46,0,神奈川県,28.668628903544423,132.9545118078958,95.31191173481126,42.23093299784263,33.713887393205816,0,73.75607290785678,10.0,0,0
58,0,島根県,20.933823372444948,163.17815852746043,51.260204841539895,51.62713366052879,67.55843591770346,0,77.27447847949821,6.1059548036229625,0,1
44,0,群馬県,31.92157337486223,94.22252753187956,188.92347986025135,41.54976288076877,18.271985186167118,0,96.65627966015411,10.0,0,0
43,1,北海道,15.4559466803664,108.0882734733823,28.471102441364735,43.359635928959285,8.525019317312173,0,72.0698652190734,10.0,0,0
42,1,新潟県,23.892015042731874,128.88845653572673,122.74614444923868,59.82374255670693,98.90650189518385,0,74.808190881119,10.0,0,0
74,0,福島県,24.220044175971097,135.30586485938966,156.88019621535722,40.320489321716785,19.515060453773263,1,88.46496107351207,4.936336844217081,0,1
45,1,神奈川県,28.22556770061613,144.29557443203507,113.9036632361767,56.54214004195328,26.176591749537998,0,108.26399968846518,10.0,0,0
68,0,神奈川県,27.369467900890097,117.8860472781517,161.0902272040101,41.373182450076875,13.097215503384701,1,100.08603048125967,1.3985493737237584,1,0
52,0,東京都,21.441534193180622,152.73255912069257,108.47262669095561,41.86847277243031,13.368682878380344,0,76.05421552611436,10.0,0,0
47,1,広島県,24.3842677640807,73.42420344729823,20.130345008765694,41.49267133947643,0.8947133459716998,0,88.44721198637022,10.0,0,0
46,0,神奈川県,23.935563751739238,146.8898928475692,114.89856999979077,41.17066301449561,4.920493922832695,0,62.30547583254723,3.6454816897361955,0,1
74,1,福岡県,29.381099527193744,161.29881426658812,353.20628332389487,41.170712564025386,56.006912286130245,0,121.97829254022007,1.407304929527421,1,0
56,1,愛知県,13.381003723852888,86.76850605377257,14.435799166532576,49.08996480929251,9.288998730398708,0,72.33731506400201,9.895555879351209,0,1
70,0,神奈川県,29.03685866438171,118.52658048243599,49.69761356781957,41.639184825018134,9.363647259247587,1,88.9137994366102,10.0,0,0
46,0,神奈川県,25.673643166408088,121.48416299823195,96.8895502450696,41.84164866145132,16.023643139599304,1,112.25535500445034,10.0,0,0
51,0,神奈川県,24.48865786257037,146.88887086145715,90.08629244524802,59.73778432199943,15.495546001225879,0,121.13684067760585,10.0,0,0
65,1,神奈川県,27.940522870815983,124.19052255265021,311.34763779977357,50.33555656362794,35.37332155776101,0,111.31620236420197,1.1582452462748132,1,0
58,1,東京都,19.0929304651946,96.82582161899502,55.83158080192864,41.32929601589085,4.894578355831541,0,90.94932563581014,10.0,0,0
71,1,神奈川県,18.971049027221795,119.78067692542722,88.84789806042474,41.440206958569895,6.72988637420554,0,83.73834082163876,10.0,0,0
54,1,神奈川県,22.485582241423213,119.76148332133066,37.02270524560998,41.725996070649764,7.6433138796716555,0,85.20809176675716,10.0,0,0
49,1,神奈川県,30.13334926808145,128.35574932353535,125.9173818341134,40.372199680063375,37.8125943496093,0,89.25862558661049,10.0,0,0
47,0,秋田県,30.71264398331512,150.3667240998558,174.48978621567755,51.56479365092457,29.00678967431748,0,108.37560060452832,10.0,0,0
49,1,栃木県,27.92520522772472,116.91455109877847,21.82657538133195,41.71866597154207,3.1680807809423923,0,80.18395114527667,10.0,0,0
49,0,奈良県,20.194016464999187,107.35692567919858,29.819977021840153,41.027971645136844,6.8708258021589765,1,83.14273794078422,10.0,0,0
55,1,奈良県,21.756913062308218,129.1192951677039,113.19517082417823,42.743671144909634,3.6276655406625187,0,91.49627809359271,10.0,0,0
43,0,神奈川県,15.914526532975213,77.8692676572537,31.02511354823995,45.76195571288917,13.660052522467945,0,59.16671992753371,10.0,0,0
67,0,神奈川県,22.94494368539128,110.942296701217,53.23643476974946,71.50849384677903,14.138942094143049,0,94.99485209769306,10.0,0,0
50,1,愛媛県,21.892847293375475,126.54504781079567,39.50742343638317,63.13041687617847,6.149953003221806,0,81.64637255370337,10.0,0,0
41,1,愛媛県,25.673463388760748,103.12964437305536,83.3646180750906,41.35194038473343,10.479874583438248,1,95.51805117700651,10.0,0,0
71,1,福岡県,26.39622813101749,134.2602527202402,50.31751896482294,41.35002801722226,15.87189391888734,0,91.41389346424268,10.0,0,0
