age,sex,prefecture,BMI,SBP,TG,HDL,ALT,smoking,FPG,time,onset,death
64,1,愛知県,25.10906348889465,110.5949587691421,93.61519515780302,41.89853708096908,6.6325534756283355,0,59.4340640360731,10.0,0,0
63,0,大阪府,20.463272205434084,97.80969816299135,44.164228962418754,40.54020303636243,9.722630415463541,1,79.33397733965131,5.744246913990432,0,1
45,1,熊本県,20.573557765894865,137.6919036307434,27.978502418089796,42.31093309818416,14.568468641509943,0,85.85816972290525,10.0,0,0
61,1,兵庫県,17.270252119005473,106.7341179568468,38.75452712374362,41.93943531238397,10.7651834043355,0,100.99367564502906,10.0,0,0
40,1,大阪府,18.694310476994346,117.40078373623261,144.21210757624496,41.7001968815882,30.87184469526658,0,95.07544465003043,10.0,0,0
61,0,岩手県,25.108820587739135,132.24857011226968,75.40231019209072,41.58748401421572,47.86084630309548,0,79.4932292308883,10.0,0,0
63,1,岐阜県,24.05688976378832,118.94301643233082,175.13526980412902,40.356432296007185,8.685072839352515,1,108.13857285076115,10.0,0,0
65,0,岐阜県,27.517964658227758,168.08161204188525,60.99132963677448,42.801695190556515,36.094708220425375,0,80.69412018607751,10.0,0,0
50,1,大分県,24.865575236934873,180.36722769398122,46.66705143399857,41.6998456183077,3.4227438003730177,1,96.46555352763406,1.166281844179791,1,0
53,1,群馬県,24.06362794107109,125.0729472912211,84.23936983492445,65.2709879296086,5.187959837710571,0,60.172298603231724,10.0,0,0
67,0,大阪府,23.84056476076287,133.36094268044246,255.23352116231945,53.06627529876648,17.380569966786112,0,91.14227674451413,10.0,0,0
58,0,大阪府,28.00605739623232,126.60467870827763,258.66243115531665,50.07154957179935,39.802459272612076,0,70.49459203236138,10.0,0,0
42,0,大阪府,16.423529141783508,91.29403380947656,82.21065119823884,41.61519882497969,3.390865265204725,1,97.41137762262706,10.0,0,0
62,0,千葉県,17.128269385989743,139.34451631654724,30.071816758640512,42.300787389416584,2.9119994423327586,0,88.17939714122465,10.0,0,0
51,0,大阪府,20.89076259966503,95.40791676704373,34.73906508543891,59.890232357273675,3.8615811088151406,1,95.69983527167834,10.0,0,0
45,0,秋田県,25.378852208709286,122.11421458025218,38.71384571778032,44.50710138222928,16.460712759676795,0,83.17503631922428,10.0,0,0
40,1,大阪府,26.12349299531706,120.90171019397134,311.4724271415098,40.72864245089731,19.663317436630848,0,88.67713059978209,10.0,0,0
53,1,東京都,27.508233080105455,161.95441401170908,223.65375395941243,56.91770272157652,17.53091992100313,0,91.45360631601635,2.6750648417375844,1,0
41,1,長崎県,22.13181245087944,113.52735598856059,17.21585948851757,69.73968108833567,11.850212091235397,1,86.244701901314,10.0,0,0
43,1,富山県,20.790962507003428,105.81509727891749,107.2553343194747,49.075955102326326,32.23500836506903,0,85.15438386332842,10.0,0,0
66,0,静岡県,24.28215763795477,129.61950695907797,82.28701245217438,42.53898138043855,20.00834144414693,1,90.41652856297942,10.0,0,0
74,1,東京都,22.240040072423582,129.42059217639732,85.11830912026515,41.67369925417745,25.869526503857685,1,123.05926146027423,10.0,0,0
49,0,東京都,21.187324483454006,142.3485044814605,65.23578194569505,49.88165369881357,13.09576975859938,0,114.45879703115686,10.0,0,0
70,0,大阪府,22.900403275627887,163.69508657259354,34.99229722490534,56.589199420037474,11.227926916340163,0,75.63214789236675,10.0,0,0
58,1,東京都,25.67063720672375,142.6521659110319,189.96384220610827,41.37836194340812,21.886762964322664,1,83.22384529615951,10.0,0,0
70,0,山形県,23.422125343220515,117.68803739876734,107.08307549810624,40.880471951159805,14.444746513427283,0,107.44187605166921,10.0,0,0
47,1,三重県,21.809298256585066,107.40122795122952,58.445863639589845,41.45943944115167,3.303950320899648,0,109.43023422616264,10.0,0,0
69,0,愛知県,28.367507124992343,87.137658519276,251.1632875372426,40.68532306578081,29.736371382799796,0,102.82513633924468,10.0,0,0
58,1,東京都,25.560042872426056,120.41884431534828,34.1103323600281,40.395052046538076,1.3864112366594636,0,80.02242027998254,10.0,0,0
52,1,東京都,22.407882870966834,120.88791496836696,48.38520380612045,44.49579601527331,19.310641185333857,0,81.86849681036043,7.852075746049876,0,1
66,0,大阪府,17.127756031753275,99.90485507106156,53.39587094105868,40.384589701900104,12.693578692420589,0,110.30459470758423,7.328506234900741,0,1
72,1,大阪府,15.721367778181918,72.40815740305133,20.716609137535382,41.90493460285978,1.8755884598000452,1,79.41023429410393,10.0,0,0
46,1,福岡県,21.97444278780522,133.10101558116875,28.589755085902034,42.101318730749526,11.491386373395033,0,88.14185201404234,10.0,0,0
53,1,愛知県,21.657852198466678,143.49477050657924,72.33302654577992,51.5203389777359,51.58054747343258,0,71.02991798118734,10.0,0,0
45,0,大阪府,19.842828068663295,110.06003754222766,29.74101338438067,41.654794662150806,5.293716560744704,1,73.08767753300091,10.0,0,0
48,0,大阪府,17.55522434962616,131.42929886977433,72.52800156342681,66.06100993143225,10.116102946592836,0,101.30788337449539,10.0,0,0
42,0,大阪府,17.801606805230286,96.53193831563725,13.631398168588145,41.96981438655227,6.990175015323986,0,82.36097645335111,10.0,0,0
61,1,奈良県,18.701353623094047,111.35247852002215,27.793629987337443,40.49556347932007,5.16406587498519,0,78.35365234276436,6.696679292398673,0,1
58,1,大阪府,23.633188493639032,113.689696815909,148.492436263714,41.931152749903106,6.405150621524611,0,88.19945337622325,10.0,0,0
74,1,兵庫県,24.325109061867003,128.53005577917455,93.13932719327921,49.07316142970512,7.017452489415571,1,78.74635168549213,10.0,0,0
60,1,神奈川県,14.364115658387732,123.21617163547408,107.27433108980719,57.308088185807165,21.97343713567708,0,123.88925410181257,10.0,0,0
56,1,茨城県,22.224640166959357,113.85554019697739,81.00525740726724,48.54531194486147,33.56208657952601,0,92.47260817822233,6.786979779511126,0,1
62,0,茨城県,30.748533923473385,151.09934357758064,269.14113279582267,42.21212726864085,28.85003083369533,0,99.93040303098276,10.0,0,0
72,0,沖縄県,17.799155492742578,135.4966562215126,52.47126526943799,41.67472135705233,6.42024868290147,0,103.80147915933875,0.5043422260476127,0,1
62,0,大阪府,18.27669804955014,130.49550154991329,97.05533413837158,57.57402198778706,34.3574877454448,0,100.15954276641503,10.0,0,0
49,0,大阪府,20.20442489103203,108.33712527684112,49.383591788039396,42.334740747177776,9.722946605480034,0,78.59376128256548,8.425700309242973,0,1
62,1,福岡県,16.128359667956182,116.1305144077209,78.799665842313,42.566026271056764,2.3024754242044656,0,114.81663586108199,10.0,0,0
43,1,滋賀県,23.866447335581576,104.04150883118893,69.65684628061832,55.642104435508614,29.549830652917112,0,88.48597388201473,10.0,0,0
69,1,岐阜県,22.364122595893498,127.42328905363755,58.473926540797194,40.40460557856294,14.844153040833431,0,108.27578176121055,10.0,0,0
41,1,大阪府,21.303967141182074,100.63203489524642,33.942359644146315,41.5265173284891,4.725204468023046,0,66.5331107291714,10.0,0,0
53,1,大阪府,23.926716343822967,123.36211684531553,31.187011660908986,58.296581018079955,13.026739769246584,0,77.27232637924716,10.0,0,0
68,1,岐阜県,27.85745244216386,132.38312589454762,85.8462390982753,50.60227300649904,12.198313925593439,0,75.54129969632729,10.0,0,0
43,1,大阪府,20.003135097036786,98.22482764427698,25.89965969630057,41.3526099624776,3.3376130021032764,0,73.19803084230132,10.0,0,0
73,0,岡山県,27.44936440523207,137.04898049592933,94.39343176748505,57.8887471807705,22.712449360541402,0,118.57278214112016,10.0,0,0
62,0,大阪府,22.891389601168182,138.01691689967672,46.19388073799002,40.53267630752697,9.042629703838822,1,92.51976240899108,6.737841519158853,0,1
71,0,三重県,19.47893890176391,124.46031797039129,58.58478583393105,65.62192349867227,5.799978715265753,1,74.52675804520317,10.0,0,0
59,1,大阪府,17.13506620783109,88.5268095093862,49.959883309842006,41.88718566367025,7.393548831838922,0,88.71287066969268,10.0,0,0
53,1,沖縄県,27.728525554283575,111.80405715913552,69.87244713955478,41.6400575620466,10.350666070297319,0,94.0009417707464,10.0,0,0
64,0,大阪府,23.84105540005423,129.05867551817548,53.377566618510976,41.75617911113026,4.223428931804388,0,87.60782591646058,10.0,0,0
58,0,奈良県,24.658096686794774,129.01996209618844,58.302665929219835,73.05456080134522,20.95542472633005,0,90.41722610335788,10.0,0,0
71,1,福岡県,22.657253049343108,135.52723802230665,340.7971649540704,59.56438949271734,7.35899138068596,0,102.30106611309238,1.2114569410333804,1,0
52,0,大分県,18.503957855494107,120.94277866369825,168.88922043596725,41.287768145259825,9.803888165018403,0,79.27849892929392,10.0,0,0
49,1,東京都,16.742144418001537,92.48723166098392,81.02287304288068,43.567858325967265,8.891342845997963,1,62.8623497180225,10.0,0,0
60,0,大阪府,24.95946214667228,131.1497068697307,81.43450575808433,76.35079665174104,20.48379828185501,0,94.6738027786658,10.0,0,0
54,0,熊本県,18.669673815972224,109.12757977851928,92.53949408616354,41.142471211412,17.85265948442874,0,72.95365848733393,10.0,0,0
44,0,大阪府,19.859752076444323,145.17046105000873,105.15831268767944,40.87764771058261,7.259591404122652,1,103.82295819780373,10.0,0,0
55,1,愛知県,24.606583475916093,144.52331823055255,55.924847241593184,49.13784339221916,18.026401977308264,0,82.38057422666232,10.0,0,0
48,1,長崎県,24.59313257177294,111.1944779359515,121.79094999125402,47.56425707055688,39.492759795698454,0,105.5324919611161,10.0,0,0
40,1,大阪府,12.775474035070484,103.5635316336129,17.386663399593907,70.86691493036226,6.2855870718071625,0,79.3227357555817,10.0,0,0
52,1,大阪府,16.464752687940344,132.28536382624725,62.698286689959644,63.443622635242704,17.25281204760284,0,103.72550334659137,10.0,0,0
42,1,千葉県,15.786571886854224,98.21279143485434,28.774258748162808,44.68403037210685,1.02690155352041,0,62.281056561146144,10.0,0,0
49,1,岡山県,16.52034975042006,132.0280900804332,17.3217336133906,46.49908904614208,5.777963424558146,0,70.41665438250807,10.0,0,0
54,1,大阪府,23.437686107784135,105.27503787952895,73.33844208947235,41.782857631637675,19.585707383843097,0,77.0016983248213,10.0,0,0
64,0,大阪府,25.69170891053986,109.42515870474215,23.748708614592474,42.074346203039475,4.827624731520724,0,81.79780930453121,10.0,0,0
42,1,奈良県,24.298051853894453,122.73430668446156,166.9167976275591,41.727086319974525,29.61060558336459,1,86.38681169073577,10.0,0,0
56,1,群馬県,27.731841698829776,129.13891347901378,27.980274794038333,62.876646119159574,7.01235346500745,0,108.8695534840575,0.5056435638914272,1,0
44,0,兵庫県,22.04043344680099,121.89798340764466,61.315721868725646,42.07102887565014,7.628119066650537,1,76.75666526394686,10.0,0,0
48,0,長崎県,14.02993185678228,126.64539200089146,25.985698336962585,62.86740850752301,10.238623036786286,0,101.46932402280027,10.0,0,0
59,1,大阪府,28.889619166779454,138.07662608893168,162.21897610707646,41.75127195446415,28.15806054147882,0,90.36777366741852,10.0,0,0
69,0,大阪府,15.969741935679737,126.55635435382402,37.87724373886908,44.256241080704804,4.299969837659135,0,67.9945999159749,10.0,0,0
49,0,東京都,29.791852465354,136.52510658205168,657.0000773530907,40.71458997681702,59.208038051996134,1,71.27173987438248,10.0,0,0
62,0,神奈川県,26.08763861253556,156.84487850375376,138.31239933505776,42.30255881077785,28.63139666083203,0,102.30006330378183,2.2549177919725225,1,0
69,1,福井県,24.28811873735346,181.13326269517728,42.094487285998625,42.35686939285302,38.21762249964,1,101.88024328129009,10.0,0,0
46,0,静岡県,23.850229419829226,160.46461464913943,189.9541607072774,43.02356936779463,26.700370762684113,0,92.34096419536502,10.0,0,0
67,0,千葉県,23.011292855950533,116.7188040500407,28.68092810188482,41.7806658154752,10.931964530825258,1,96.119888174011,10.0,0,0
72,1,大阪府,19.81359433457462,131.11383559977332,51.21440631352346,53.78407389651213,8.422646360485835,1,109.34840990488459,10.0,0,0
46,1,大阪府,19.88592731348028,93.10732499627139,36.754846641428195,41.282840108403164,2.366468708169685,1,92.26327241217457,10.0,0,0
74,0,愛知県,16.53929743009711,142.19009907815177,30.1778596553721,41.45895890814734,7.524838120677223,1,77.20445624962021,10.0,0,0
62,1,大阪府,25.19281281695931,114.39634489090089,219.53276049271557,41.84078866104259,19.202816315887688,0,82.2490184187204,10.0,0,0
69,0,大阪府,21.44858140739745,136.21650051641078,110.86492267643837,52.3401114333296,6.980498046863375,0,110.26632495542897,9.627531389168919,0,1
46,1,山形県,22.312264572106677,121.30638568625395,81.00014616908685,40.36517454370443,11.327779583531825,0,96.59980993634343,5.235547827229698,1,0
51,0,岩手県,22.530725155776942,116.27115478021432,48.04646703294361,39.66304802370014,3.776328155903048,0,79.91646747222376,10.0,0,0
72,0,群馬県,19.96164492116781,161.81407337499041,34.694259967865555,64.67221736626138,21.434077542540084,0,115.99336919721057,10.0,0,0
74,0,埼玉県,17.1249691372969,151.91477710208204,75.87260718790913,41.57519805408572,8.622115940805063,0,98.25922330954519,10.0,0,0
74,0,埼玉県,17.199106605281603,125.80573903400953,34.192923838436016,42.058132098559845,14.004792301804445,1,79.73731930384612,10.0,0,0
58,0,東京都,18.8159601150993,82.46232717195231,198.75933813214468,41.85796195606934,11.549206572795285,0,84.50738731589783,8.291475731918624,0,1
65,0,千葉県,26.30596431762813,150.14623283935637,90.67196123281313,53.580791314061294,20.445486355082327,1,86.09587285616398,9.691808226080513,0,1
63,0,熊本県,19.403877092622466,114.2007923241361,28.99508797779969,42.23001113386313,5.106530124242415,0,84.06140734694992,10.0,0,0
59,1,大阪府,24.606464516774924,114.02885254896191,34.846707651032496,46.70190598840386,7.188502703616958,0,107.31497800054932,8.43255069012031,0,1
45,0,神奈川県,27.835791720279605,140.95226625167237,94.55711456114511,35.89449000362497,18.02776385183902,0,85.12070492842082,10.0,0,0
52,0,大阪府,20.357976763781956,139.88231725357733,79.01489944155426,41.61436903499324,4.715057351949752,1,95.33049370350457,10.0,0,0
71,0,山形県,24.395970777541503,113.30106362133796,56.70206628657813,41.841658582887895,6.420839632513776,0,65.54778996772566,10.0,0,0
46,1,北海道,22.160130159358797,132.75162640508526,23.555476953883613,46.122506764489174,11.612124597894226,1,70.78549138672467,10.0,0,0
69,0,大阪府,20.674570053496247,112.40660768160811,58.02964177874256,41.5959874359394,7.451114113132658,0,88.67010668309656,10.0,0,0
68,0,神奈川県,25.04631577309831,115.21566680278096,82.7774983149754,41.1231496475342,15.399378001250192,1,98.26416390742085,10.0,0,0
53,1,大阪府,20.940441093193275,134.87692883742648,132.76042006799636,41.907324826298485,30.49078043775366,0,103.78066566722089,10.0,0,0
67,0,熊本県,24.411211760846665,150.61455244377444,35.620404748988335,56.680883168929284,9.748925796437844,0,70.77761772333795,10.0,0,0
49,0,新潟県,26.027400388211444,164.67235053448027,275.54758999260105,41.90424425678251,113.3717379070844,0,102.19139140002848,10.0,0,0
68,1,愛知県,20.17523020833223,120.18155826892762,176.1668695556627,41.753343960615396,28.70867859477206,1,101.8623899891652,10.0,0,0
48,0,東京都,22.531811931795712,111.5629474443697,99.83567435794089,41.9222744755676,16.79723318669004,1,78.64180489433578,10.0,0,0
58,0,群馬県,21.083974341690976,122.96461585802804,63.42869763969779,48.94570052023768,25.933122785558805,1,78.93413009156959,10.0,0,0
60,0,東京都,24.751604062851765,103.3810215295372,105.26100411501106,41.920166679307236,33.45809238903534,0,71.69292733694196,10.0,0,0
70,1,群馬県,19.836468099062746,137.4772173804628,228.07156238924352,42.46500405274492,13.5165622483066,0,99.51028313125332,10.0,0,0
59,1,千葉県,24.45025370815891,132.65928833513993,127.54198190941783,41.1287849014879,21.144342087215854,1,89.28317558285515,10.0,0,0
45,1,岡山県,10.479880648750306,90.45554469713676,31.834813502561154,43.883247443040105,2.856444211041687,0,57.81064945685805,10.0,0,0
47,0,群馬県,22.302855432256198,110.54065133344938,112.31337462368417,39.925253104529794,9.06702709514033,0,65.50849973112999,10.0,0,0
58,0,兵庫県,22.047264495622183,133.68637491310372,37.480873523942954,52.587448956968416,3.4690149536503143,1,91.8700439531697,10.0,0,0
57,1,大阪府,25.63925899729694,121.87111764633622,262.15871529679845,52.92760079230328,23.684531969048894,1,109.82523108121917,10.0,0,0
71,0,三重県,15.951373782238033,160.3550882570312,120.64647036171921,61.638370110809184,26.14578054902493,0,125.09584414421373,5.3413820550898095,1,0
74,0,大阪府,25.237972052099963,134.876617583635,79.42311988164843,60.29048660514716,7.773932077559602,0,101.42655856392851,10.0,0,0
42,1,大阪府,24.957400533744252,136.37337720475878,173.01372667537413,41.84012986396739,22.220658324715767,0,99.61415850349795,10.0,0,0
65,1,東京都,23.68027724260558,114.18791324400321,56.473275014759835,41.03824115775413,7.769860219999312,1,109.14618143274755,10.0,0,0
68,1,大阪府,21.365630423258047,112.1555425875602,31.656300727111407,57.206886814927174,8.009816223176148,0,95.39242943992376,10.0,0,0
46,0,長崎県,19.702796016861974,149.2250681840213,85.74770583469846,30.152387626197438,10.882106719821468,0,111.38926751672061,10.0,0,0
45,0,大阪府,21.76211936507798,121.44403717327359,32.53468188711395,40.74447997860272,5.164023293562722,0,81.63217444134747,10.0,0,0
59,0,静岡県,21.686782776589332,116.352456925531,78.52261079974296,63.52874495751541,22.26138817208373,1,79.93663078622399,10.0,0,0
70,1,京都府,21.75675581621726,123.70779349984225,105.24427638722847,41.25535991564324,3.9046165723051827,0,79.14374964504864,10.0,0,0
53,1,新潟県,29.798706820411393,143.48445478385491,69.9425284117191,41.31389241792934,41.3857735788604,0,82.02062278023496,1.123282513524208,1,0
56,1,大阪府,17.111710389524124,75.3050995406087,41.25747959466214,40.7753757892534,6.28018740780491,0,62.58830429500297,10.0,0,0
63,1,大阪府,16.735461212440327,114.70175939433776,36.05959639823247,52.33763578240866,6.0869315534806026,0,97.66691056335821,10.0,0,0
72,0,青森県,28.007385506248646,180.54137949539052,76.19264468868302,68.22565355867911,9.042049789242835,0,82.26113741922552,10.0,0,0
44,0,石川県,21.34870470700594,120.96248261893734,88.1553243712688,56.33864149343741,14.818137696821918,1,110.79633340783388,10.0,0,0
59,1,東京都,20.96659413340584,120.71382751757575,174.56036714619444,49.30719576079773,14.120024194621662,0,81.24477958014782,10.0,0,0
47,0,大阪府,21.704206573471478,132.75202285763095,120.7899263163798,41.13544482243882,8.341535551497726,0,101.28366767488899,10.0,0,0
69,1,大阪府,22.16965279820184,149.3347169962043,69.65668993805345,42.21931668855017,13.075839725281034,0,108.44876423715723,10.0,0,0
65,0,長野県,23.670695328220628,135.6392221911472,39.98042724340327,45.76702159953995,18.398271717210058,0,82.28968290090313,10.0,0,0
48,1,大阪府,32.69431860369357,138.04607711615566,111.47551189171898,57.764755612929775,10.837578750835196,0,88.90043685458186,10.0,0,0
70,1,北海道,17.668865791355437,101.27414622545156,41.465103850692685,42.8009315432254,2.6777799215062834,0,86.32026068498342,10.0,0,0
49,1,東京都,16.46166475853438,127.05329231669647,17.276005506649074,64.25516416370428,6.508263917455686,0,93.94151055449004,10.0,0,0
63,0,大阪府,18.458582374315817,137.89859970781126,36.19456847813728,42.17814360161292,5.185585013380504,0,67.90259447696708,10.0,0,0
46,0,岐阜県,30.819686470636544,112.08624807903057,419.9273814465769,40.655453499226304,105.30484382827207,0,81.20927819963838,10.0,0,0
58,1,神奈川県,15.231332716111114,133.39768957821556,133.38924061565606,46.15669777910832,8.853916404578408,0,98.21558638923973,10.0,0,0
56,0,大阪府,31.444066359916825,143.55387110220852,128.47162549940708,41.77230731964022,87.13957438677308,1,92.97574591445105,6.260660403998851,0,1
54,1,大阪府,24.292302218449397,154.74342570357305,74.38109096790598,41.90265037355725,18.85819534013133,0,86.96327877821611,10.0,0,0
63,1,大阪府,16.825006649408387,111.8046385299671,33.56561701086422,42.19824180973576,1.0026451447395945,0,79.90925909315538,10.0,0,0
59,0,大阪府,27.2074616949778,104.95825427553517,128.5143893909681,41.59902065361208,25.987584705194845,0,74.94620113671216,10.0,0,0
57,1,千葉県,23.83046139629505,110.35111661574854,53.31319309361025,41.38668394852719,18.784184918752775,1,121.18078867143905,10.0,0,0
44,1,愛知県,22.722708552481038,114.01443872798532,118.63137546072292,61.620070398763694,26.679703394854318,0,98.37041383928255,10.0,0,0
55,0,福島県,22.25884179755591,113.76049375195659,135.02983918507488,41.46091736884001,15.762623092963874,0,86.53557056570395,10.0,0,0
57,1,大阪府,22.166168984522255,130.52869906219595,108.88484849847893,41.37339389686052,7.452639459495634,0,72.9246819278644,10.0,0,0
71,0,大阪府,18.573690693964828,122.98372091831364,76.14694146070053,44.47769985801669,42.18538250002615,0,79.92000670396382,10.0,0,0
44,0,大阪府,22.91264664921492,119.52154834579984,130.47931112224515,65.24866989698599,21.679016361533986,0,93.39869470886944,10.0,0,0
69,0,神奈川県,26.34868855620476,162.69650337846178,191.54801672079503,41.105265238450876,15.849748626719327,1,110.79638830181533,10.0,0,0
67,1,福島県,27.61783364761003,112.06946551453397,39.7162363283588,41.7256334399547,5.716757261757926,0,116.11830860388396,10.0,0,0
49,1,新潟県,17.519850709454484,98.04491243889383,31.966139738391817,52.98533291701804,15.47682306463127,0,93.5413571186207,10.0,0,0
49,1,群馬県,20.021343630964864,72.43257734366222,51.224353049839664,41.46829339668262,2.312662077192505,0,97.59347637367974,10.0,0,0
54,0,東京都,22.10293241656573,127.26256207514405,65.93558389269154,41.568851648542605,15.468107058218079,0,66.4503250504926,10.0,0,0
41,1,大阪府,25.247838314187206,107.11661715013872,69.6836956046347,41.537531933410555,7.06812907205548,0,86.02892963603945,10.0,0,0
44,0,奈良県,27.05945281853181,135.4986446107835,170.68747288545737,41.31201109549331,31.238742076289338,0,96.70523354526614,10.0,0,0
40,0,大阪府,25.47934683432816,121.383733018061,112.76267842567859,41.19684077926001,13.931125476991523,0,78.4337385205337,10.0,0,0
45,1,千葉県,27.70808942738616,116.17097166312239,93.32985633343323,42.79630624936301,14.843018299036546,0,103.72512093164194,10.0,0,0
64,0,愛知県,25.252119148944256,114.12421186186837,133.75267854949135,39.75019655281397,6.98864755038185,0,91.69144831835105,10.0,0,0
48,0,三重県,22.04278095637239,97.8754827354279,85.47049657220165,41.38932557824404,31.27558480023074,0,85.86368059498739,10.0,0,0
54,1,大阪府,24.23157788057347,123.25105001507005,72.46882776160231,42.33407023244742,11.896081710467474,0,78.13586769405545,10.0,0,0
63,1,愛知県,16.906760755542642,113.85407997978392,130.0113692395725,42.06472852673568,6.416027728835766,0,99.450533312008,10.0,0,0
57,1,大阪府,21.020405725677403,122.34571757434601,32.233259721762586,41.19922910587932,9.780165007267659,0,66.42043266363225,10.0,0,0
45,0,大阪府,26.589752116931663,109.98834149718081,111.57606722825959,41.84075409508466,16.439593185456587,1,91.46958303463322,10.0,0,0
46,1,大阪府,25.030586580290315,141.29705470482352,66.71839770543882,36.34757048581609,18.78299326007881,0,88.99579115015695,10.0,0,0
51,1,茨城県,21.229281052008577,109.67465878568281,18.965620892563987,46.12768786856992,1.3116894441689724,0,113.6266235536638,3.368430014656187,0,1
70,1,神奈川県,23.99798233181816,143.49583543702462,120.69709805723836,41.40782524923131,17.822910540567385,1,106.8183915841122,10.0,0,0
41,1,大阪府,28.5210344633383,125.12710475909442,101.46530963522706,40.89847688916009,18.765318018988058,1,81.68540324696264,10.0,0,0
58,1,栃木県,16.779771067069678,122.67224753284155,36.68433058738201,58.088018734946225,4.6123558315435895,0,93.02899634375572,10.0,0,0
60,0,千葉県,23.436117583465556,125.03460087887338,147.03060343225445,67.21657168983273,11.859694045991054,0,118.29696387838803,1.1709414192973109,1,0
67,1,神奈川県,17.272171096727742,120.7077692440121,118.77238638083828,57.1267167789701,10.779916656441449,1,77.90640189948053,10.0,0,0
43,0,大阪府,21.86288646016795,130.15050799424637,132.842354943915,40.88898013987828,14.822458654208324,1,108.06793316703302,10.0,0,0
64,1,埼玉県,24.841584427105616,117.60703824389009,84.88428263905772,52.26813702696134,6.4195966324716185,1,112.93901145335244,10.0,0,0
45,1,大分県,23.848958465672574,129.0207835409962,210.2452694412071,47.24514318793925,54.84962110036268,0,93.116085572428,10.0,0,0
42,1,神奈川県,26.23517300984327,141.09070687492235,110.48642402757014,42.08849876958838,36.92621105511124,0,110.67484270095379,2.9980233293663527,1,0
62,0,大阪府,20.596701207265017,86.34309534425432,68.85269756104508,43.552940882285334,10.238371707901587,0,101.42350364134566,10.0,0,0
72,0,東京都,19.464789144768638,121.19468951255082,16.072464325658586,41.71663672322436,5.693534455432062,0,104.30884424778858,10.0,0,0
62,0,沖縄県,21.333757810604805,155.60230906114575,34.35437436062055,63.513057605683215,22.139281350493953,0,90.6388903911505,10.0,0,0
41,1,大阪府,29.748305280815746,143.02589507108246,121.08875113899168,50.963842554957836,35.23125276572098,0,85.86434804217372,10.0,0,0
53,0,北海道,33.6768244833957,156.21676941866414,261.3178184136863,41.12314778777111,41.3971275196937,0,88.54034689675737,10.0,0,0
56,1,岐阜県,24.231711427040693,106.4743222609725,17.979863362485997,40.77501254199552,33.52461394058357,0,101.51662305446885,10.0,0,0
72,1,長崎県,28.38407435145592,144.26614922039394,51.88685687213772,49.25265140822705,19.915929081849026,0,117.17599812702257,2.4950014586803873,1,0
47,0,福岡県,25.531829196200206,98.04108659240285,122.80205103750112,40.951740890110734,15.961458525241452,1,74.10789496092468,10.0,0,0
51,0,福島県,16.688893870723305,149.9188814556974,52.571389653831766,57.35367207885269,6.078049716196427,0,100.73311424907489,10.0,0,0
62,0,東京都,24.153582889591497,111.17968875697896,99.05503295043708,74.89563138038429,20.94409853655856,0,109.14499789284909,10.0,0,0
52,0,大阪府,21.468513433474683,115.89939134534471,73.61037539545279,51.5384666524983,49.75609387225955,0,70.39807516021938,10.0,0,0
45,1,兵庫県,19.61582780634238,57.83088987989466,34.629626423467904,41.02908064950775,2.797395936240207,0,101.312016323813,10.0,0,0
63,0,福島県,29.607445785799385,154.67674986620293,146.96071311190778,52.0794021115768,19.942947577286898,0,122.49306915609958,10.0,0,0
50,0,東京都,20.88445862852983,100.96073977784673,93.35773436707967,41.220197224575394,9.669727338921723,0,66.20313183387795,10.0,0,0
56,0,大阪府,26.097598865264644,92.6804762586578,241.96708182483619,41.969641055852435,40.7032371552314,0,68.1508152871203,10.0,0,0
55,0,大阪府,25.709894129356638,127.22507199372687,59.60950742567201,43.53481058602051,31.45219080269783,0,91.50383751801637,10.0,0,0
47,0,大阪府,29.634750470761883,145.67505299940973,66.09162397321936,40.938780521032704,24.879228892791897,0,72.6681824103957,10.0,0,0
70,1,北海道,20.540266525767898,142.06183584497214,35.69513512872559,40.63484802874038,1.2976591541832312,1,81.62992678680622,4.864471072742914,0,1
48,0,大阪府,26.344375109165483,127.53994343289033,56.94395938175846,60.444755431503545,39.63042087656688,0,66.17718413723897,10.0,0,0
48,1,大阪府,26.715071721546984,108.65443331508826,48.74655016364924,40.8987233617426,5.40061428622135,0,80.82603966304873,10.0,0,0
58,0,大阪府,27.37376349073709,113.77929743304621,168.34501675168912,59.08645378862051,22.4073348370212,0,97.35102547340225,10.0,0,0
69,1,長崎県,23.020084859911503,109.2652299871633,82.08023907797298,41.732918006087786,10.474685379284228,1,99.91522035750805,10.0,0,0
72,0,三重県,24.914801370465288,121.57091214258703,118.32335186314266,51.623398846590206,13.524592535388939,0,95.81376289551696,10.0,0,0
51,0,群馬県,19.247271257161806,92.15343722345618,241.92218501932678,49.207193085269374,22.162976320192364,0,78.59176570393903,10.0,0,0
60,0,大阪府,26.54418282657875,140.41565085603906,251.33989747723746,40.867593520359996,14.179260364022936,0,79.82331877559558,10.0,0,0
42,1,長崎県,24.355298022326735,111.37027050624516,31.8206799265448,50.336678110233,13.501024598028158,0,83.83888748375907,10.0,0,0
62,0,愛媛県,23.720992051140886,141.0673258432213,154.269686551892,40.9559424767068,29.619767698967344,1,84.51399734397255,10.0,0,0
49,1,茨城県,27.442467628214164,142.65179779767215,102.4857475521602,57.14474470731656,6.0104331556260515,1,81.85921823827833,10.0,0,0
46,1,大阪府,26.32564762501464,117.5901806237407,49.447582583756066,41.25340909055566,33.65193117036487,0,94.47622283236862,10.0,0,0
45,1,大阪府,26.45490522366665,136.5459952165101,85.74486545936307,41.60270318161266,6.537705115540412,0,62.804372731769575,10.0,0,0
68,1,島根県,22.722205390008664,137.12054097482903,66.83102361313357,41.3793777612294,12.259026447093392,0,84.06046714598655,10.0,0,0
66,0,石川県,25.631006142950234,141.2968624105963,109.7417500832736,42.18280358529724,26.886466890646954,1,76.43792141008223,10.0,0,0
42,1,東京都,17.19368988611615,123.20460658657474,105.15911729416212,40.663263070383294,11.896249192222355,0,110.90368668366189,10.0,0,0
56,0,大阪府,22.059204588942606,100.08392360254955,163.95233902818595,80.19427224947708,35.10136939805642,0,72.91415818253785,10.0,0,0
45,1,群馬県,25.565178743979175,92.52688021896589,32.68600052881488,36.711317032021924,7.486850948601381,0,77.7822619493922,10.0,0,0
61,0,大阪府,28.69389883506459,94.2455960553764,111.60921005834945,28.30517932392492,11.665467806990232,1,92.38276053949119,10.0,0,0
47,1,滋賀県,23.140106527768562,97.48599969087472,31.572596871416547,41.42620162336258,25.10422645607524,0,85.7021956060604,10.0,0,0
49,1,北海道,28.00600543824291,141.51587329659273,113.1217956358549,52.30675166724244,11.687686557347885,0,83.40985804828631,10.0,0,0
47,1,山形県,20.43338724147654,116.06135360105712,52.891190800446125,41.2389642885101,4.076591386860203,0,73.20049575445053,10.0,0,0
47,0,新潟県,26.424077266001824,107.44499226516523,256.21409709602847,41.88574908161091,55.62639963146271,0,78.64204236083746,10.0,0,0
58,0,和歌山県,23.324312623279354,105.74282987066762,50.642622685453354,56.35159465942644,1.5051789109510123,0,90.80084181644318,10.0,0,0
42,1,大分県,23.324567582423274,98.03190295193858,31.92674927866789,58.1119999019815,7.630598994069711,0,79.7329631802396,10.0,0,0
60,1,福岡県,19.331271702839167,121.44437559082982,197.276976266275,46.42774995020191,10.861972866037673,0,101.22860964612656,10.0,0,0
69,0,京都府,24.40778618248341,113.56731688370196,39.90820236927873,44.96653078869949,19.97278345685084,0,101.98971429282402,1.1720676357110094,1,0
67,0,福島県,21.07593340383071,158.11591890946067,270.4085357187248,42.09072449000911,20.988925697526263,0,118.09381483549902,10.0,0,0
74,0,長野県,27.27366556290146,141.9636200828587,176.65203835538685,62.68849344802546,28.12262523357568,0,92.46462257144324,10.0,0,0
56,0,愛知県,25.121715851859328,127.23186220879275,111.19619263610359,39.583045913448736,19.174290507417055,0,92.02713958144899,10.0,0,0
42,1,大阪府,27.599034646460613,132.31904881598714,46.922707376870584,53.30326026052009,7.924488619775549,0,100.82187848413884,10.0,0,0
65,1,新潟県,26.562127717151704,135.06076911761932,51.229496956724994,39.91476556618796,7.372862862214324,1,99.57477486441586,10.0,0,0
63,0,大阪府,23.931663611484417,118.87900296001779,12.465020309549157,40.78721553025445,1.0285069479586206,0,97.59315806109112,10.0,0,0
48,1,新潟県,25.12729707253893,146.58471540505263,34.37508707549603,65.39252496926174,15.613900803123418,0,84.51849523361923,10.0,0,0
52,1,大阪府,23.359461852625834,100.94434211388433,78.80777862997768,59.80197271409585,44.307604215125615,0,101.95283155300507,10.0,0,0
41,0,茨城県,17.439281938551375,111.18008303176458,58.551857574010036,43.33065349695883,8.60979845795673,1,106.83173819952007,10.0,0,0
57,1,埼玉県,17.723262991485957,135.4494008507667,134.4966017439291,51.62355415006636,77.86549019249043,0,118.53176442012982,10.0,0,0
65,0,鳥取県,25.989530528678312,122.30354312300622,209.5479554821581,49.96146414541696,30.22547315928698,1,68.28411096351692,10.0,0,0
53,0,滋賀県,27.355230704318235,108.65240780042312,43.99373534061158,41.53217339628079,13.510951228119762,0,88.4569902353837,10.0,0,0
58,0,大阪府,25.79801789107928,120.88161409450375,45.42457593498683,41.577903879438836,8.3030730157758,0,87.57123923079482,10.0,0,0
56,0,大阪府,27.4326840095545,134.2587571773442,191.51820723786744,53.16026346005131,13.529712656418894,0,118.27611175013647,10.0,0,0
49,0,大阪府,23.844699611440436,97.72961202032855,90.78140824894905,43.12779951778653,21.047788902085095,0,91.04200611309241,10.0,0,0
49,0,北海道,25.622031037587018,114.18770000867639,272.4351007276955,48.76760535341896,110.07512367170538,1,104.7426271548683,4.878385295345559,0,1
65,0,大阪府,25.491669335621367,159.95694635778491,53.412203074628906,49.23012877243506,15.197619522304096,0,108.97976370548308,10.0,0,0
56,1,神奈川県,20.434912662234655,130.91719921757465,32.710471373320004,41.71888595734269,2.677862168231949,0,78.57817946807117,10.0,0,0
54,0,大阪府,25.62915756960513,153.81342420643065,122.71644517387422,43.05106291731221,31.414875886714356,1,114.2048759213617,4.71930453271384,1,0
60,1,東京都,25.562223992640067,131.25460861608744,15.752278862904621,64.011028437672,4.486590269331062,1,79.91781565891266,10.0,0,0
55,0,長野県,28.43701565190562,126.19449163522678,115.78418307373298,46.674762019980044,59.28510912529821,1,117.22154449523872,10.0,0,0
59,1,千葉県,28.514686744888458,143.25562277887687,184.77981924385364,49.253522229264625,19.034370691038987,0,91.55614885255757,10.0,0,0
60,1,青森県,25.853593994308152,124.15011685362529,42.06949802446397,63.44264861974636,30.47689996981826,0,109.48775915556526,10.0,0,0
57,1,大阪府,22.636533961892933,142.1759152661852,147.3384882054047,50.840207408736234,22.457511299878945,0,96.86791406648351,10.0,0,0
59,1,東京都,24.34429636257354,160.13231553475646,173.5456275092161,60.600424700156665,78.73029300108753,1,111.1079296048894,1.8892976033056768,1,0
63,1,群馬県,25.12522336990737,143.24127029416792,178.37908311653135,41.41188361391084,23.616080480332414,0,108.2867812244381,10.0,0,0
50,1,大分県,26.241129495693237,104.20227760978439,147.46751582862242,41.87302220023641,7.983705783388,0,88.82023639678181,10.0,0,0
45,0,山口県,30.8807290446146,131.68483635767183,215.09757716183975,41.23865045150997,33.64166984079317,0,84.2408996017854,10.0,0,0
57,1,熊本県,16.527197737208862,106.82361153169192,105.60789408070504,44.715995171195715,18.336829103056086,0,83.08126686843615,10.0,0,0
51,1,大阪府,23.830370569989366,131.8232068809428,69.71643262447878,59.88296643862351,8.419543016233824,1,70.37623917346839,10.0,0,0
73,0,神奈川県,26.545516779793676,132.24550497880654,74.03236058738077,41.38896655808679,14.577693119660864,0,100.89605970487567,10.0,0,0
48,0,大阪府,17.88707022758378,108.74157936832925,48.43201638834158,41.112597053359146,7.083980198483431,0,81.0274267381499,10.0,0,0
41,0,千葉県,25.415959176496692,135.8396351023488,57.68684542863145,58.29869178690293,18.037804098186033,0,75.68226049932748,10.0,0,0
49,1,大阪府,26.58421089055853,182.91213796915576,85.09424415940522,41.867193330592535,14.711672186555818,0,99.61360801664475,1.1698573349164536,1,0
55,1,埼玉県,24.281189675718856,141.82014551205737,39.81183732324525,48.22265556808619,7.822736609744255,0,90.8219342919444,10.0,0,0
41,1,大阪府,18.452904908306373,130.9207430402108,36.188827945084014,42.09156128469334,1.1144752715236352,0,63.17104043439664,10.0,0,0
73,0,大阪府,21.44238040573982,101.8810066599121,27.87830208447858,57.10418281934237,18.02577051976111,1,86.18211047040946,10.0,0,0
72,0,茨城県,22.48595383139954,115.81993924405471,34.639904390699456,56.983023171732064,13.512932841923709,0,86.04575622256417,10.0,0,0
58,1,大阪府,23.955996231379476,133.70669214865634,71.34241476459272,41.306482960631094,10.855988789175445,0,80.82100236614488,10.0,0,0
72,1,栃木県,21.844018041283064,133.13283936715288,88.15218594352136,41.334698124014025,6.988921539471805,0,86.61385329155519,10.0,0,0
73,0,神奈川県,26.284205850552752,138.29739442145072,261.2731373808961,42.49796865171747,48.89333553921235,0,84.46300612822533,10.0,0,0
68,0,愛知県,17.767971763731293,91.40854100146606,196.54986596112136,40.9816874328519,9.668319645190113,0,70.10005926490247,10.0,0,0
53,1,大阪府,17.12676849246945,109.7284829646377,56.709677920790305,41.995301406368945,16.84383500762439,0,100.17477989079481,10.0,0,0
48,1,宮城県,22.557287416723007,124.91358816549582,120.69683026288789,52.943861967473914,9.552120781587156,0,97.36684707174176,10.0,0,0
60,1,大阪府,25.320879546780038,138.67422635568232,194.72972053784105,42.313772171825924,13.3373271771553,0,90.5590587849299,10.0,0,0
43,0,大阪府,31.648174936621,156.82762031461692,261.49509999633847,41.351688920560065,34.17205645604971,0,95.10704553192687,10.0,0,0
45,1,大阪府,15.709494795313935,98.83534213954559,43.10514361496904,68.4982661602032,19.151645450151516,0,69.68416000421583,5.692274794516247,0,1
72,1,大阪府,21.743857105011276,122.92671625822105,84.92751753810033,44.47385427785168,21.088327719081796,0,115.47648278318911,10.0,0,0
56,1,大阪府,23.649196470369226,117.38880978170096,130.03846469892775,46.40539693329673,18.845911645771302,0,91.3279368921716,10.0,0,0
47,0,大阪府,26.162656113794725,149.80714687297757,113.13283243745627,44.40612803707513,19.03562772209115,0,89.70273698286775,10.0,0,0
73,1,千葉県,25.882059010392666,108.73068579455533,56.8061783936337,66.92788820276951,8.270321056402974,1,89.88349646989543,10.0,0,0
52,0,大阪府,23.895112345838783,115.57560358478239,85.46501372082112,41.23930648091388,7.725913336632284,1,85.34924544887528,10.0,0,0
61,1,大阪府,20.887945797863754,114.05124223480864,108.46688860362086,41.20400281544154,4.1416608416188225,0,79.22279092477812,10.0,0,0
54,1,大阪府,27.309941409325315,135.44100947977734,128.5055508460802,41.74010415605,17.463834894908945,0,78.95456690404855,10.0,0,0
74,0,静岡県,23.55237636867273,116.37402986500979,93.3266665161072,49.87563861521907,33.36026435571255,0,115.24005410084456,10.0,0,0
58,0,埼玉県,22.631400748907005,128.23729988143384,7.040584865712066,40.581512095048225,13.768471685027782,0,72.91323675159384,10.0,0,0
50,1,宮崎県,32.713844534214836,136.77809946762673,137.85649305675213,41.530423346375635,38.47955706740705,0,87.61687240296227,10.0,0,0
50,1,鹿児島県,24.532640030778467,128.89136675547655,147.35840318755703,40.72767914466442,7.508414187499468,0,91.71136951385469,10.0,0,0
51,0,群馬県,21.84147154482102,135.58736615174587,147.41201073125774,41.58932574919522,34.25965404773012,0,72.22448194612087,10.0,0,0
43,0,新潟県,19.968185349278148,88.79942387219836,89.64742874668202,41.44572134939529,7.352305562436747,0,104.75707159571799,10.0,0,0
45,1,大阪府,29.04215588907738,120.08756511821814,24.704339774138685,65.21313907411094,17.4616042577473,1,119.7295694289771,10.0,0,0
58,0,三重県,22.811746588590704,121.8764090731319,43.86051070522889,49.19367167428907,8.960356449254359,0,88.25538956302533,10.0,0,0
48,0,大阪府,24.07136324771452,116.87057472996936,54.294100862457036,49.20815536177304,9.636426474901377,0,115.29918686990327,6.097247009407688,0,1
55,0,千葉県,20.051323142552157,133.7020854850039,88.7581064405974,55.89776668486355,10.864370122935924,0,121.93086590333766,10.0,0,0
51,1,千葉県,29.792782013423473,152.0218105139661,265.5284871933234,51.671244806929785,16.117638416388424,0,116.99670939402206,10.0,0,0
70,0,大阪府,16.206217975294535,126.05428249694309,114.3452537111873,49.08490251221022,10.779620917454752,1,120.61010010223558,9.696081362267476,0,1
71,0,埼玉県,27.731827894454565,126.6439700306671,88.14391069074428,56.74602620734977,3.447234450706195,0,91.38168194761562,10.0,0,0
72,1,大阪府,26.357851173952216,116.18531638396104,109.61387606259119,41.14199958912217,54.66794491290204,0,107.35065072474491,10.0,0,0
51,1,大阪府,25.444478045182002,138.74367233728722,15.127645078093295,51.49064019160181,63.7658864831838,0,103.09606920120443,10.0,0,0
57,0,青森県,25.030496363247163,154.65712988338223,65.93256570040886,52.156520538003285,54.93768800026826,0,109.20945847135248,10.0,0,0
59,0,愛知県,18.383381171453784,116.91446414326956,35.541598650224046,42.23456415902211,1.2994935293135665,0,93.00294075886718,10.0,0,0
40,0,大阪府,21.599719610445618,92.7728197280126,105.49724470859402,56.70510105348249,31.052674391254893,0,73.55949058905162,10.0,0,0
68,0,京都府,20.491074458386965,130.4233655340665,58.867649326435746,61.79444404647865,10.777728301675442,0,100.62890037896076,10.0,0,0
54,0,香川県,27.304296050219815,114.08773502006248,25.900830024440516,61.77782935900385,6.081795551051947,0,107.76612633746362,10.0,0,0
50,1,大阪府,26.683645504167234,112.31268907276444,100.8657457629378,58.10151576901523,35.565402264315004,1,108.44448252561997,10.0,0,0
57,1,大阪府,27.37232652295484,137.14673504383046,81.18676985502074,41.50012947256362,45.85707538855232,0,117.97740119762466,3.610455588409788,1,0
47,0,山口県,21.185114972858184,117.14317441811195,40.968589833693095,55.68682452350194,18.026518227805415,0,119.18969700588504,10.0,0,0
40,1,埼玉県,24.81339869906174,131.00108119845584,219.47076694690097,51.05558200408906,21.38403250876768,0,79.32236322213797,10.0,0,0
73,0,大阪府,16.443297505256513,137.38294990275756,49.26705817515343,41.177476974175335,17.548715884497746,0,86.24399568964782,10.0,0,0
54,0,栃木県,18.593330377589943,111.77486643381296,80.92315501116497,42.560584773565644,22.438510802164824,1,112.3708820300223,10.0,0,0
58,1,岐阜県,22.51568875740322,124.60975022573066,69.26927792247132,47.628984544725675,3.2954431329135643,1,93.79687572773695,10.0,0,0
74,1,大阪府,16.15240141423124,124.4055828831833,83.55357503304712,54.50168804633143,10.607127051119598,0,82.29059087499479,10.0,0,0
71,1,大阪府,14.094071468017713,170.01965239632509,47.42674266899289,41.5685689165083,7.358384832184276,0,66.16144364015771,4.625585524573601,0,1
49,1,奈良県,25.633438251694347,132.47407816385416,91.03172080294088,40.75549740042193,18.936490216084994,0,77.72959975370682,10.0,0,0
41,1,愛知県,30.09132713360499,116.3578733366281,134.46852992420767,42.23456718359496,15.772439852568828,0,97.5382124348778,10.0,0,0
60,1,千葉県,23.96133061902081,134.209758925805,66.97815100934646,41.66878524758988,8.289932179702507,0,97.68422190895076,10.0,0,0
41,0,埼玉県,28.38095227375189,116.01077026683109,92.72449939072978,42.5899223154885,7.927669651480182,1,68.6041713935283,10.0,0,0
70,1,愛知県,19.97886381021169,115.63002289888222,54.47504343227785,41.85099569220711,5.972645476137788,1,82.04736716353453,10.0,0,0
50,1,岡山県,23.91296411952334,133.08984234768067,36.1886040041117,46.21031202088541,14.052804870277631,0,91.81877387376547,10.0,0,0
54,0,愛媛県,25.109842378763908,132.24430519660115,271.88942072641083,47.47723059960773,11.66150091580141,0,114.04501377491694,10.0,0,0
52,1,大阪府,21.469961513690443,85.82790113951407,97.87305713261661,52.83125160053249,17.610367157761168,0,89.38416990162357,10.0,0,0
51,1,大阪府,21.63597760766536,134.48412763407342,85.09633279455512,40.82690159247855,10.454129945039854,0,83.05390741859902,10.0,0,0
51,1,大阪府,31.27077819291814,136.53588175867625,108.11553842729181,40.865965499531626,40.08526493191183,0,65.24444035993461,10.0,0,0
53,0,大阪府,27.497310492954366,114.38883817634105,72.46348905884987,41.437412496661445,15.708692974375678,0,89.24171735505153,10.0,0,0
56,1,岡山県,14.023661603296707,101.88971936182193,67.28497678809424,41.79553692408734,25.613482228447133,0,95.62374147391742,10.0,0,0
49,0,大阪府,24.9965563055361,129.44518478547207,110.79225810466227,56.36193768210436,25.55470386642132,0,98.39158188766866,10.0,0,0
71,1,北海道,24.42402102260281,139.22206647381455,62.94758938752751,49.80043514495715,26.96886318116257,0,95.35779115467045,10.0,0,0
62,1,新潟県,25.123425617254306,139.73467902863476,55.19624544642898,41.796725226756514,11.9202746597463,0,103.8632830963698,10.0,0,0
53,0,大阪府,25.45845682777664,132.24728835157288,28.444174819325553,49.75095340364639,8.745019854188433,0,95.96459716668403,10.0,0,0
65,0,東京都,27.381903802059167,182.8951663030903,453.8470782969028,40.75488996436358,55.58930040131243,0,125.13352055547487,10.0,0,0
74,0,大阪府,21.22289810914676,122.35666495639784,53.37542933438207,41.88044211769196,2.575444111511123,0,108.66484899905771,10.0,0,0
67,0,北海道,25.492858771988654,143.74222151490065,74.06153778497773,41.28282981374707,58.97496509426292,0,81.5838298317147,10.0,0,0
70,1,長崎県,21.300618179154004,105.73663241093374,128.44022435143896,40.68533988130092,25.6135440458008,0,97.35406908822688,10.0,0,0
74,1,東京都,13.327498989117137,116.90966009239492,35.62122017353148,41.9423670803662,1.0022272012948823,0,98.11425756604,10.0,0,0
71,1,栃木県,20.420373393355618,128.53171373383444,44.983297219851565,57.53675937908371,21.243504067800554,1,64.87217398124534,4.291882356104508,0,1
48,0,大阪府,21.330778393604312,117.69302351214986,47.5338520034084,40.621076754858784,7.281430299302985,0,77.63679454925062,10.0,0,0
63,1,埼玉県,25.778716991906744,132.23180867548666,80.82219934165977,41.73065396388645,9.895831621713262,1,71.68072885246099,10.0,0,0
54,0,宮崎県,16.761463380597018,122.6998881641179,57.06712700813912,61.63889248993609,5.283919520433174,0,87.18129471925646,10.0,0,0
42,1,大阪府,18.31120551982848,108.75919995394688,122.82534940117509,46.196138889662606,2.6655929457951233,1,65.87842520843273,10.0,0,0
58,0,神奈川県,20.53865658088517,113.74534047922063,111.88306501184849,59.881032637463,28.157529364168415,0,105.50330318962423,10.0,0,0
66,0,大阪府,28.453601127377823,131.32775075327606,173.28160181965544,53.185264152650056,32.41804004838706,0,114.33974465944335,10.0,0,0
50,0,和歌山県,20.886097193693278,78.97851405350318,45.24885295795258,40.44929816874356,21.34930366295107,1,98.30014998127842,10.0,0,0
74,1,大阪府,29.78402671610926,156.2146864639448,381.43354925876724,40.632939235373485,46.529832037667894,0,110.19790372034807,10.0,0,0
45,1,愛知県,20.601262522189256,137.02435657827922,145.2555849410378,41.6420040894816,38.257810043900236,0,94.55910754472309,10.0,0,0
69,1,大阪府,19.506293415618334,162.31552950333332,132.57504269340285,42.61066379065405,9.065361178034387,0,110.33456518523512,10.0,0,0
43,0,大阪府,21.02288538993423,139.79840252257713,34.62759269437173,42.31785900105106,3.127492745501324,0,90.0504907617517,10.0,0,0
68,1,大阪府,30.26429934571205,158.18149017376908,208.52700313634898,40.9514165664448,29.05515063833492,0,103.76430473322422,10.0,0,0
41,1,大阪府,23.897374170421426,93.45192794884404,128.1394710005483,61.56524528521892,22.249295190640378,0,86.56612184046224,10.0,0,0
62,1,大阪府,21.959367895625228,132.06230163569995,60.03527293770043,62.41571406312378,57.68999039902037,0,105.49786279152642,10.0,0,0
41,0,大阪府,20.03381589077613,109.22323403517821,57.325483786859486,41.65613499162694,10.932443161745855,1,79.72968993549607,10.0,0,0
61,1,大阪府,25.136804197721247,122.71209693551016,69.98254086840568,37.485741352798385,13.652214413342357,0,97.33905476010698,10.0,0,0
46,0,福島県,23.562530567921943,122.08701731896744,52.610542262209066,42.469330229654894,7.7746238381767885,1,110.19168727574238,10.0,0,0
53,0,北海道,28.965895111261272,141.76483348566623,97.32253083995833,42.230030674410656,7.43147570292415,0,116.24081500914406,6.496927782912709,1,0
71,0,愛知県,27.00255841527918,129.4311135604927,141.85937143131815,40.614824531547676,15.749923313423137,0,115.04842547304932,2.2008881073943343,1,0
47,1,大分県,25.444188782875635,123.33622996167037,85.1161657957609,60.23327457821192,59.06270778907224,0,80.82489555693755,10.0,0,0
50,0,大阪府,17.761625876156376,114.55251965028481,34.16021454405664,40.364890547090255,7.2734164420462015,0,90.52180830197545,10.0,0,0
57,1,岩手県,23.43522772339712,126.59578992323658,108.86694062311919,42.03126936257998,37.10123589402773,0,88.71234879212226,10.0,0,0
45,1,山形県,25.182209602908603,127.86188675694694,18.282202264366774,40.83710389597742,7.78288997534291,0,94.55904879059166,10.0,0,0
67,1,山口県,17.924781616991467,70.8775617780808,78.23800465343847,71.92425327180534,17.487744058209444,0,91.67472027789515,1.5925765130894616,1,0
64,1,熊本県,24.23122045189348,126.73657299964069,51.801129507438716,56.37676600466554,9.74928051620626,0,110.21745927494992,10.0,0,0
47,1,大阪府,20.598604711106447,133.84815632446958,93.49593092338529,41.62151976101993,11.921404824709844,1,98.77847718573791,10.0,0,0
73,1,東京都,18.237895677775704,140.14442075875903,120.7373370883175,41.75690715422881,18.74358814578927,0,86.29635453809927,10.0,0,0
43,0,島根県,22.04939079733749,126.56027491956296,112.58290284131859,65.0616085381084,9.421144696760974,1,73.42500356956037,10.0,0,0
46,0,群馬県,20.326871930416477,124.08619584090673,137.5372184181399,40.54249356969125,2.4016458845317263,0,77.48434687453971,10.0,0,0
40,1,熊本県,16.89240847891983,74.39935844443193,18.718148688624595,58.08674892356791,11.292096492541233,0,78.12807444556049,10.0,0,0
51,1,沖縄県,27.662539402858954,133.1253823062526,49.83278096784626,41.49333810524401,14.587374270373589,0,98.40606514374836,10.0,0,0
48,0,東京都,19.96008658813042,116.10127287409104,26.606312724071167,40.58830361276631,7.127686492278887,0,77.89443018721234,10.0,0,0
61,0,大阪府,22.924189027176457,125.48564512844995,134.07200213605188,59.866761493147195,31.185290718956466,0,83.84978216609156,10.0,0,0
72,0,神奈川県,28.17578503237456,123.3621034848268,35.507728041915385,60.97771707596398,29.626798852170218,0,112.4208560833199,10.0,0,0
52,1,愛知県,21.229415059047852,110.71773957613208,124.07511472123487,35.81179562720851,40.45762357464817,1,60.71745035035073,10.0,0,0
41,1,大阪府,24.985439993187498,125.5543176917976,270.6736619062062,52.33521375120002,4.778689684768138,0,123.53734422241426,10.0,0,0
51,0,青森県,22.530609199583264,135.9406387012032,124.722578268403,54.3294020423365,35.66015884052427,0,77.03073857113252,10.0,0,0
45,1,千葉県,25.598043470301445,122.61647912497084,112.02027836806586,41.40413530021642,6.405331281407793,1,66.1354210897491,10.0,0,0
58,1,大阪府,24.921830317331032,121.90059097261378,167.54918380083777,63.9821839492049,15.300939355764134,0,104.75734625002003,10.0,0,0
73,1,大阪府,19.95750694772071,145.35894149842008,261.21955038667613,36.96632613903356,10.862853807588362,0,105.2943458169761,7.196630662299076,0,1
66,1,東京都,24.142285283195278,123.96854929553005,84.5129134826608,41.53033572454987,22.848448387765703,0,123.04924388670696,3.1247756699412546,1,0
40,0,大阪府,25.87920485868827,58.37966920847409,67.79106718419641,57.33925680257367,35.608998610039656,0,91.38371886491578,10.0,0,0
54,1,長崎県,22.726500022708127,119.44152562546282,43.73268771504242,59.42705470780584,10.755858994758574,0,78.88087755658223,10.0,0,0
65,0,大阪府,25.977223503058706,151.97477349227356,256.5618527296347,43.070342942040895,31.180171008447893,0,87.65899114698364,10.0,0,0
51,1,福岡県,22.846597819268272,118.99975077767294,142.90530425055147,40.39502217791808,38.794185463143066,0,97.15190366254357,10.0,0,0
49,1,東京都,26.247365973155862,124.38397010954941,118.67694441218744,69.32942095836697,81.02997066903656,0,91.94631753822452,10.0,0,0
63,1,山口県,27.438353684966003,123.56333754412843,35.290628699642944,50.70854220383754,24.99980516194355,0,71.88601730806757,5.707623886477094,0,1
73,0,岐阜県,16.08938624526267,127.4236312339052,65.96650718363297,46.14899199535045,7.217172254560912,0,81.75522054498312,10.0,0,0
44,1,兵庫県,23.860321274666,124.12695239005924,112.73083669489964,61.67795417161417,18.142652992573346,0,111.96423808004958,10.0,0,0
47,0,奈良県,23.658468895892824,109.12673648575402,56.51417980647262,66.7097217972054,12.401375460151238,0,100.07652453650466,0.35877793008477554,1,0
65,1,福岡県,19.393019598175027,120.06218423683833,132.24089712171005,41.874338796418286,0.9099292272652809,0,73.62663234359438,10.0,0,0
67,1,大阪府,27.606039147552146,138.2479113254421,213.3758053212349,60.20863053673568,59.76671452239447,0,86.6099431983252,10.0,0,0
62,0,東京都,24.009970454326304,117.85769141370463,115.8294121277269,41.597127856811056,16.641381661307328,0,96.9045464343688,10.0,0,0
45,0,大阪府,26.633517573715064,137.18369706188267,115.72829626113267,40.52222996503834,13.063055131228724,1,88.73378617330368,10.0,0,0
40,0,大阪府,21.616766777000162,113.858775194326,90.44769930249247,57.247784247781155,52.25480588951427,0,92.3498905962167,10.0,0,0
48,0,熊本県,24.647838668111618,133.42419687923078,26.518205956864634,41.134887253058146,4.7270458907227955,0,79.59806195125589,10.0,0,0
45,1,新潟県,24.725566099508068,129.31332326746883,28.188639922198853,41.71881240031455,7.375646255574261,0,66.29879299888458,10.0,0,0
51,1,愛知県,21.007381822267597,127.30899045395496,62.61450768109662,41.384750914008215,15.90710583898659,0,67.67227682146408,10.0,0,0
43,1,東京都,26.53984710784218,129.8295355083597,50.47782678257648,41.31673639545708,41.50584289550257,0,72.73861496650531,10.0,0,0
61,1,千葉県,26.707266423160092,140.28991002539993,221.3608501494445,41.75173647707192,25.46797202881502,0,79.53820917560684,10.0,0,0
67,1,茨城県,24.76710216584763,105.988696081883,132.43655745369375,43.10910215920986,10.929633101798958,0,90.53970371270202,10.0,0,0
47,0,静岡県,12.973168529153925,79.89389949510677,20.531916507081334,41.11157290001293,1.5321306182752474,0,77.22678533900873,10.0,0,0
66,1,大阪府,24.443630171343337,126.07188485298165,64.49703311930841,54.20834895387475,30.147943108709665,0,125.2846421024012,2.063426804943537,1,0
47,1,山形県,26.606072685247547,132.56085660268877,130.04118700641413,42.36909770539714,40.477539522541385,0,81.62342097432081,10.0,0,0
69,1,大阪府,26.468244432565022,113.68649333417906,170.81684174298118,41.5907178284995,10.283688109800554,0,125.08886517385434,3.1137101165441545,1,0
48,0,福岡県,24.1264518672139,132.66160137760477,112.43807338892745,41.73763226361989,20.284732835276856,0,123.27671694322814,10.0,0,0
69,1,大阪府,15.974628088606005,99.41691261420962,113.6527766039278,40.85643440246576,7.451956959376431,1,81.61170053943944,2.684271000461293,1,0
72,1,大阪府,26.123553580394073,118.35278962253273,341.0622464355784,54.26381211504568,16.882250549729772,0,75.05366273369988,10.0,0,0
73,1,大阪府,31.256477370777525,173.70341364101978,323.6847042456295,51.80411326125053,59.628066361264054,0,115.85648918467366,1.82006192557146,1,0
41,1,宮崎県,23.863422127681925,129.22836075999254,35.55393362060865,42.088757078759365,7.854336295733794,0,90.46308014637614,10.0,0,0
51,0,大阪府,16.018530387797153,115.98964497222697,32.296679724379175,48.61570861515327,11.63039345416451,0,85.99945856446014,10.0,0,0
64,1,兵庫県,25.897632600869446,132.7039096985651,184.38902196875233,41.74437484333513,21.525773127214812,0,103.86381356691098,10.0,0,0
72,0,神奈川県,16.07436883483812,120.04549816815303,100.92748557525837,41.15412867192041,3.4698721402872073,0,85.72028796340945,10.0,0,0
42,1,東京都,18.493479133220106,59.96831446131858,86.9362198558952,54.48579031452323,18.089538555998793,0,74.1019013040676,10.0,0,0
58,1,北海道,23.30200738212103,119.02430981096742,12.62669060609561,42.09128984421094,10.238652523999123,0,84.30693626895732,10.0,0,0
69,1,香川県,25.71387486438423,126.19558654876127,68.11642092446709,41.5748573477732,10.236216209531936,0,83.67117749274861,10.0,0,0
52,1,群馬県,21.64269114198832,111.03718956868114,64.75522974021618,41.909627835406546,25.142953021682732,0,87.05149659123764,10.0,0,0
70,1,埼玉県,22.649538572847735,145.10516928229274,91.50855935355631,71.29278484135597,11.679447503977475,0,84.7980942125797,4.626774593470512,0,1
58,1,大阪府,24.453745148535965,121.41183745107031,86.79417395253229,52.72783077630905,27.5102271372203,0,88.3024180322836,10.0,0,0
49,0,富山県,23.005795329172113,117.99564303308702,73.02901071596948,41.38519371935801,22.072895061811742,0,114.57636815653639,8.715399372715927,0,1
41,1,福岡県,24.095353441698734,79.21839318228974,48.04812732636545,42.71040172069412,1.7083812463479662,0,69.8399900130422,10.0,0,0
53,1,富山県,30.269506578029265,149.90485843844988,111.9991202529209,47.44401480957035,26.980900755199727,0,112.43088421248495,10.0,0,0
66,0,大阪府,23.336657719305506,124.07434804961659,139.6844081403042,49.59204076280504,12.192832071642055,0,103.81661447015381,0.614533953172765,1,0
47,1,奈良県,16.249831262925024,74.65174995213644,20.309464607244035,41.482675454101994,2.228739748086078,0,56.587193154226824,10.0,0,0
65,1,山形県,27.619663864614324,147.57834826860216,98.90344062344197,67.19106189087746,27.82055321317121,1,114.12895680610185,10.0,0,0
60,1,大阪府,28.610326058355163,152.54032765037246,104.16820067161046,41.79671342016492,18.799688156500107,0,121.92866807682859,10.0,0,0
47,0,大阪府,16.43993954921787,112.42287254170981,121.68213037709512,53.68303862433739,8.88910239334774,0,99.92269196853225,10.0,0,0
63,1,福島県,29.652943055322783,163.3066968327355,185.3891538568555,53.168293042656714,19.901912334572106,0,92.0289630823845,10.0,0,0
61,1,大阪府,22.728554933918094,110.77593547879565,68.52914121623822,41.458143905731674,3.816100958961286,0,88.52500522939847,10.0,0,0
57,0,福岡県,23.956050172398328,134.92555050489966,58.548474464719554,43.3202381768051,3.4222427515827647,0,70.640388057479,10.0,0,0
72,0,福島県,24.437099962712495,132.5340359743222,59.62614043264885,41.31614800438962,17.554472564674622,0,88.2843335427293,10.0,0,0
45,0,大阪府,26.709993788467997,138.37008962237167,211.89999099644172,39.31006580439984,96.26329113196117,0,83.32953971800417,6.279727966820108,1,0
47,0,奈良県,26.518088922691128,183.28009417616636,109.72945370414611,51.072931152931794,19.841869240167597,1,110.79617540518402,10.0,0,0
71,1,石川県,22.30289070382225,118.86256044603304,91.73700249618929,41.62270106977781,11.941582025140331,0,74.09584164142304,10.0,0,0
46,1,大阪府,26.356974908166258,115.57893958169282,101.2869619859939,40.88591056148142,7.40702150795633,0,72.7985796536607,10.0,0,0
56,1,兵庫県,24.72597524050602,112.11701098189671,110.47861877905906,71.04063953694315,23.00327641146508,0,100.15656407009935,10.0,0,0
67,0,大阪府,27.63448881236847,156.7778199340283,56.707805398697026,41.08683308835674,7.2863093634947464,0,75.88156411463484,0.7305158692467018,1,0
41,0,大阪府,31.985011726125986,119.67089449103975,100.16946087775158,41.480108109229604,71.71071207521656,1,76.08397451957119,10.0,0,0
41,1,岐阜県,25.41636164183225,109.20821643818779,106.9873422463192,65.83466486544138,8.609195612120041,0,95.02647578459798,10.0,0,0
44,1,大阪府,21.900976503989774,126.02602500036843,63.70724159734121,51.794558335921536,7.215377563031343,1,90.1612287680132,10.0,0,0
70,1,大阪府,22.60624004948665,144.15063922074066,28.295738747058586,41.7802946164206,14.723352582528262,1,93.12933081083357,10.0,0,0
42,0,福島県,21.215869157061064,105.70092814732413,30.064629997901143,44.16473978726945,9.8359344313378,0,63.0002684085503,10.0,0,0
50,0,大阪府,25.874138066958757,133.86422428612815,176.82365878645933,41.27729023814709,19.072218355284807,0,66.7997645687989,10.0,0,0
59,1,新潟県,24.313161008189024,125.05978994586958,56.77606643506401,51.65478738698568,24.370161029238915,0,82.10379081692022,10.0,0,0
46,0,愛知県,24.127384930896365,121.33717566477227,73.53224049457224,38.15176792173319,14.289899285795126,0,83.40361673077463,10.0,0,0
61,0,千葉県,25.17118979954203,131.95779568693447,147.0835234991966,42.05794718746845,29.862568531057367,0,100.74310392381047,10.0,0,0
41,0,東京都,24.582115406567628,116.17215629416707,155.95154742558037,41.93241476036838,28.331560307477254,0,92.25184651086693,10.0,0,0
58,0,岐阜県,16.747581273778547,136.94345091966255,187.26219126331128,41.58611353160559,10.861373510231676,0,101.19830500684584,10.0,0,0
71,1,茨城県,19.31939456022542,132.5555932265493,368.2682657258116,41.613674517126775,3.4838942176725047,0,76.0980340117439,10.0,0,0
40,1,大阪府,18.441651714576683,120.07506751700868,81.76505116611297,42.081230394753334,4.094861544813332,0,91.68014775350673,10.0,0,0
65,1,大阪府,25.00763947019198,125.93441009114447,211.20945183812088,41.715760664875525,14.899873386528016,0,104.76178624635735,10.0,0,0
73,0,大阪府,12.377218815881294,109.84333261677475,59.8324421514573,40.70441472092888,18.261651678673186,0,124.85582272805868,10.0,0,0
68,0,千葉県,17.476752213037845,111.41090380586544,32.41752650141171,42.34016642821862,3.7800966438814347,0,78.4236720111071,10.0,0,0
51,0,大阪府,22.308262924109624,114.0166500916733,82.10502001946614,41.43120964433619,6.937097205129469,0,91.59378001506809,10.0,0,0
55,0,東京都,22.83255316362006,118.91207912976974,281.741301846505,41.757436702626045,42.269406854457095,0,107.84793323306339,10.0,0,0
55,1,福島県,22.310809425865482,122.64872793769278,56.708360874930136,55.190238167975565,17.67876229264848,0,95.1765142867154,10.0,0,0
70,1,群馬県,24.965285353258242,141.39744385038983,62.930365914095454,41.568550219056604,18.921984698513363,0,117.10304602882341,10.0,0,0
67,1,東京都,21.074608983163277,122.91049585514749,84.47722358750667,41.8379706638792,7.9850199486765465,0,100.05223030716621,10.0,0,0
50,1,大阪府,20.32653746971728,135.89700011546714,69.00023281177106,41.030091441361094,11.190931672099847,1,73.55943839615682,10.0,0,0
52,0,大阪府,26.83009642376715,138.03101592111312,43.86342829218542,42.76193011010634,39.00602966579428,0,88.68518261276067,10.0,0,0
48,0,大阪府,22.383126022213474,111.37038543131239,45.73487417557659,41.6196758288645,5.211456366082986,0,72.93484578089394,10.0,0,0
54,1,京都府,22.443679939872425,135.5094990635314,108.8677377289742,48.21631805251541,10.849689441377505,0,74.50538235274229,10.0,0,0
56,1,埼玉県,32.933223447857834,174.19570972123685,118.52876805205435,40.63379344740315,26.29384577195182,0,89.5718483198662,10.0,0,0
66,0,青森県,29.387536106824733,133.64191058381374,132.69697475282308,41.7512155385799,10.79685383241844,0,113.7268857152903,10.0,0,0
49,0,大阪府,22.384568439799438,116.92087010447977,109.753873043293,56.94663587871877,18.668125248631018,0,84.96488224493842,10.0,0,0
50,1,大阪府,22.475149888616496,147.57470362358586,113.18444974020767,41.05302614721962,51.59201157142906,0,96.84882565750158,10.0,0,0
52,0,青森県,25.03548865636453,131.95084856809697,147.7828548765975,62.69916034319091,22.741649333487267,1,115.35642509719935,2.781389665937889,1,0
41,1,神奈川県,19.35779948559828,127.85686108143783,209.22538356801064,42.11119581670528,23.74312908016848,0,104.52832307528242,10.0,0,0
58,1,大阪府,21.560361516756142,116.87844656960932,50.98361540136765,41.87039828582497,11.42198811173822,0,81.56285032877719,10.0,0,0
67,1,新潟県,23.370047932613836,132.21567478309808,92.99630068108803,41.59741603341816,22.6330106166763,0,84.8171216788578,10.0,0,0
41,1,大阪府,20.076134404541197,133.57430377701894,83.11320257229158,54.84311803907163,5.1695543604949385,1,99.77237428782934,10.0,0,0
66,1,茨城県,20.8836644210585,121.98904643786328,28.28728084653697,41.77226014308224,6.279187406220645,0,80.82454066201208,10.0,0,0
62,1,石川県,21.74292108385591,100.22398851542209,216.3970253439653,40.302155722962134,11.491568682347797,0,71.27609998735493,10.0,0,0
41,1,滋賀県,17.153084392913005,128.22378128228607,87.25745623564455,50.06535212752702,8.0802693337933,0,61.84961253710464,10.0,0,0
58,0,千葉県,19.391031268564817,118.60847946806452,100.34721911316298,41.90868252363953,22.404081237373596,0,85.8600623125413,10.0,0,0
51,1,奈良県,24.31825110034735,163.5482815640968,280.2284573866568,41.75738726568563,39.298904766262154,1,73.24561367538111,10.0,0,0
70,1,福島県,29.7975545131215,126.57369053097764,173.66516627260006,41.97702295501864,26.72257544724714,0,78.50643780793611,10.0,0,0
40,1,愛知県,17.45766397781646,105.84492897349489,77.64382559833734,40.719244946486924,17.026847252526963,0,81.30538904834872,10.0,0,0
40,0,三重県,25.891424403540707,119.99418514417981,373.57292007633,41.67298176978843,11.619671798495807,0,75.48582261066281,10.0,0,0
47,1,奈良県,20.674728791230805,142.05099627931534,117.98029216790032,41.26478696720379,10.011002121180326,0,75.89154903122167,10.0,0,0
46,1,大阪府,25.05159848571233,141.8541612372447,251.3281164301553,47.475279540429554,68.78097751119057,0,125.0,10.0,0,0
48,1,三重県,18.246531611826025,152.63779520818545,105.892345459285,62.149111409692736,45.09259482019144,0,65.99097835962166,10.0,0,0
46,0,福島県,26.836774520211694,120.04585729838091,214.37853729702223,54.15716607413735,77.7437086531489,0,106.1696566253237,10.0,0,0
55,0,千葉県,23.49988515064055,120.17761163262013,56.29327816998877,41.48315842615519,2.944290751472647,1,76.66431265147196,10.0,0,0
69,1,青森県,24.164058805051,140.49740526178672,98.80628633679899,61.12523905955621,36.75629316325136,0,91.32146755480113,10.0,0,0
65,1,愛媛県,19.378331539735143,125.62843541007547,46.201217367676286,54.82921937571202,10.463531986455218,0,100.72251198457053,10.0,0,0
45,1,静岡県,22.52901368919677,106.58082234466275,78.64854446938264,58.54237401931916,15.50886358387748,1,79.63230316799812,10.0,0,0
45,0,新潟県,23.65013008884861,108.55157484140081,179.51252764556966,65.48439916067103,31.982237359065657,0,87.6192535476583,10.0,0,0
66,1,茨城県,19.511844952883184,102.70813094078949,35.54089443959594,41.123636210312725,21.362107411017913,0,70.41982250893585,10.0,0,0
49,0,福岡県,23.324522962612086,127.2269540211224,117.72561058756095,32.13613246474328,5.013154306669749,0,60.3055905672066,10.0,0,0
48,0,福岡県,25.522930489063963,113.40981932492012,88.25843989625616,40.7281065540598,27.129503527770986,1,91.15298340381172,10.0,0,0
59,0,大阪府,23.557589351853633,124.99713556619164,19.545567287323784,41.508172090645516,10.338282128752411,0,97.03590058728652,10.0,0,0
61,1,青森県,22.664609032076985,108.64842271952426,99.9596868229405,48.27756063582633,7.428586924307905,0,67.95639755885695,10.0,0,0
50,0,千葉県,25.657712935476173,112.3514555049566,83.94657111656795,55.21405670234226,9.015395450504,0,85.58375759756315,10.0,0,0
52,1,福井県,25.04242269872873,132.19957497604918,231.6973414394964,62.099653821641596,31.057205119215777,0,104.49578525979449,10.0,0,0
74,1,大阪府,20.537879966045878,134.36830228766846,31.192847759468776,46.953139489034434,2.5292479615350123,1,87.21192307362865,10.0,0,0
69,1,兵庫県,27.002557587453296,125.24877967418405,70.05255861479621,40.46908804088743,12.526207145566488,0,61.99814418403219,5.215507001916241,0,1
68,0,大阪府,16.33398772435901,120.81574186404062,219.58707984636726,37.555002721628,13.165823637670075,0,76.08394344034289,10.0,0,0
59,1,三重県,23.901066708838282,106.4694856309879,50.52537773043704,50.136004391500904,2.8588290692955693,0,77.635211203246,10.0,0,0
40,1,大阪府,19.393164980140657,115.2905809290817,45.40430687553236,46.422002789968595,3.4750508274506906,0,87.81958042790929,10.0,0,0
42,0,大阪府,31.465173735722157,129.347210276484,109.7949507119721,40.098265046497474,36.662090665738106,0,90.14588664476535,10.0,0,0
61,1,沖縄県,24.098414930632714,133.80009441363447,68.99045304989264,64.4058920204295,28.155374117011615,0,99.4161563787628,10.0,0,0
44,1,東京都,20.539124672893795,89.08166620873008,90.07553424298128,48.10965612428926,9.204099648904839,0,57.880053939232525,10.0,0,0
74,1,兵庫県,29.584924479439,163.2933103979477,248.56355806088328,49.10465841430081,12.463989495985945,1,112.86027680087894,3.128690121800599,1,0
42,0,熊本県,24.109891286590727,121.11548396996437,77.42266887665284,42.15385897748388,10.222959690079472,0,99.56851530179978,10.0,0,0
49,0,山梨県,28.877878625889817,99.87610390426599,179.28136390010104,47.3475039342761,12.106242157151158,1,95.27077903260587,10.0,0,0
45,1,大阪府,15.497534160356041,144.89373022939517,31.329598324770554,65.64115775535667,9.370751414486355,0,108.65451717319041,10.0,0,0
73,0,神奈川県,15.40267079170155,118.39292152978778,90.14457566969276,60.0393560681088,8.006739426500376,0,118.73026022856476,10.0,0,0
50,0,東京都,22.309955157861037,145.38328914090235,52.875094396333076,39.97626443046265,11.399385138000815,1,68.30998090148043,10.0,0,0
70,1,愛知県,23.855288422434235,129.03228190597238,382.0460072062746,42.028733406704134,4.774377835025632,0,110.22622532343544,10.0,0,0
48,0,群馬県,24.082596027818187,136.74181665136086,49.995499212431305,42.43332984824536,13.55470983661008,1,105.60000296119065,10.0,0,0
57,0,佐賀県,27.004169980592906,126.0792365829808,182.58405918774667,48.51215356606693,14.866673370297054,0,86.2363397642519,10.0,0,0
45,0,大阪府,26.36469331306914,105.15640836695289,65.75282081099014,41.35195304080393,10.75928284740926,0,81.81742370930726,10.0,0,0
58,1,大阪府,21.385559623859464,120.1974656725637,68.53465970665937,42.24992189196734,7.710734379221965,1,119.5893601922459,10.0,0,0
72,0,新潟県,21.94953668247688,142.03531596090096,51.88122600192521,42.031850697025384,11.356125367155151,0,103.45511944335601,10.0,0,0
63,1,大阪府,23.430818089455656,119.81469293234863,138.79975281904984,41.26513140454952,13.797292187466645,0,96.56837061682533,10.0,0,0
51,0,茨城県,26.21614814481621,131.12942746028153,30.66627546413687,41.541452590668534,19.678454711253824,0,97.63561112142797,10.0,0,0
47,1,神奈川県,23.22796070901906,110.50242937997169,20.71574405914861,49.347458317089206,10.934908701938571,0,68.69944397574423,10.0,0,0
61,1,静岡県,25.197098791040943,134.3876498731355,88.97081883304693,41.40384311414765,1.5181334934092556,1,63.84819619867879,10.0,0,0
45,0,大阪府,21.664378381091545,119.81631846105726,293.4620863560471,49.585620001747074,9.304728484829447,1,99.86466653147671,10.0,0,0
53,1,青森県,24.325176250010152,118.97929624249312,58.50905868275225,41.110427418994945,13.296373354370179,1,89.30378444223452,10.0,0,0
48,0,大阪府,20.220223415478884,97.79371708554378,25.67476236953068,41.20195379371459,8.312864342004918,0,86.38213787341779,10.0,0,0
51,1,岡山県,30.074071595484817,125.94525775225678,85.4699648417908,41.4287158533936,39.939705552549206,0,100.6072522435906,5.738225338522864,1,0
47,0,山形県,24.4854705598057,117.59552191406341,103.20447315404377,41.22990412772772,14.118706325459561,0,109.1787456838066,10.0,0,0
52,0,大阪府,28.42984474622869,125.223939830268,187.32721238754394,41.70155826166415,14.590121474459634,0,67.9562338110538,10.0,0,0
70,0,山口県,22.911052557484943,163.2141225002414,129.25504046523196,40.70849456638618,12.156655232021109,1,113.67885052538554,10.0,0,0
69,1,大阪府,27.616377951741875,173.6240315615702,53.42045755703932,47.26887769798265,13.520922162818373,1,91.95166041500045,10.0,0,0
48,0,福岡県,26.014971130359164,138.2217667170192,50.9655435741672,57.20673787252507,35.55788234927025,0,71.15630576491938,8.957786287183323,0,1
41,0,東京都,28.566712486875637,140.2284699308461,62.92801259733073,48.596269913053156,4.213638983643297,0,79.88945262540572,10.0,0,0
59,1,栃木県,25.034647782866156,141.34319760970746,61.799942333039056,39.82557409556866,14.04908835079857,0,105.07868400332129,10.0,0,0
63,0,静岡県,21.48559940848921,106.87878637441464,125.17281154789971,33.78327642841714,4.772970830114931,1,97.65968778856987,8.704273268644949,0,1
41,0,東京都,17.060352408055635,71.98505460222808,49.95407925821182,42.606828906708415,2.6581874546535653,0,83.744817754838,10.0,0,0
64,1,静岡県,23.161672495082687,113.56931784926515,97.98269771724792,53.96236244878163,18.66524311317135,1,85.66672628820393,10.0,0,0
63,0,大阪府,23.268905429069214,151.83910911834872,78.70031339249041,41.76011941102404,28.8340035796728,0,80.11679438316523,10.0,0,0
48,0,宮崎県,21.238776221091545,117.76735429857415,26.57470453888264,42.335457407382044,5.192661632299073,0,92.05266162063175,7.393413153553763,1,0
57,0,愛知県,15.618471900814944,109.19839998391366,73.52611298812442,40.388199758352485,3.304726629227601,0,66.28606734661011,10.0,0,0
51,0,大阪府,17.060283653745135,83.21276353946845,60.410899359933595,43.145970870679385,19.849872032242786,1,103.41836693605181,10.0,0,0
54,0,大阪府,26.47682432873875,144.2007024033158,58.34628556751941,46.995503282039984,21.76653359074764,0,105.14627368250615,3.91805360918055,0,1
41,1,埼玉県,21.7541688857775,120.88462644732424,78.63032797215254,41.63668772635916,16.433598692887028,0,110.97226963559669,10.0,0,0
52,0,岡山県,26.129950457118575,132.02739404991735,147.23035298955543,42.001681411006686,14.510709981990566,0,98.43902861181324,10.0,0,0
41,1,熊本県,24.7974612089076,106.7235479069166,70.70462467642666,51.56115582252882,32.732657564272884,0,66.42292885099353,10.0,0,0
71,1,千葉県,26.544290842299453,130.98761261636335,248.1832537098958,36.71090263973188,12.07856622676077,0,75.03011463294762,10.0,0,0
67,1,神奈川県,21.308942356354482,146.6756519098267,275.40779302378087,40.36019314260045,39.58101773162427,0,83.32561240313726,10.0,0,0
42,1,大阪府,19.014117582241784,100.4462487518777,12.544214738544351,46.66850262630832,15.396800699133935,0,82.01612066185368,10.0,0,0
61,1,大阪府,23.939850339950755,143.2913269461124,88.98590904352137,41.89326208574617,19.095046502930764,0,92.21200549259332,3.0202869677586466,1,0
40,0,愛知県,23.464595552683736,150.25629249860495,139.60242509852844,62.14873747046696,2.8829087016738093,0,106.0109256350676,10.0,0,0
40,0,北海道,24.532678022255094,129.31377641448952,91.49067403467613,42.36905219707655,31.906993823224155,0,99.39977307548025,10.0,0,0
47,0,愛媛県,21.759214310690016,108.21718114634828,49.27484332972307,39.61414818035094,5.9327420178116075,0,64.93835575138438,10.0,0,0
42,1,東京都,25.424043654965637,113.78393861434363,64.05881522656652,54.15739826162187,12.490316376938038,0,99.76136647839986,10.0,0,0
54,0,大阪府,23.463846237054586,116.34486613438986,115.60269687674499,58.99531236785255,12.421504890361708,0,89.2464794778852,10.0,0,0
60,0,岐阜県,25.155666005541622,127.05183032424138,130.1306337422136,67.18330083537887,29.25670580639956,0,106.47468418823816,10.0,0,0
48,0,長崎県,24.865600920443264,113.80693714889506,74.93129305478436,41.75148883025565,26.88620984158119,0,63.453038220024034,10.0,0,0
52,0,岐阜県,26.447153999462515,134.4837455006387,136.62717199331667,35.251384932467175,8.054543514091186,0,91.25457018305441,10.0,0,0
48,1,大阪府,18.10744507946744,109.99278967524211,7.942484447609684,44.4771720245145,6.775456088876359,0,84.75539514419732,10.0,0,0
47,0,大阪府,26.011270260916262,123.18698798983927,163.74211433990246,42.68749418745885,39.52953771899651,0,99.62863563012203,10.0,0,0
67,0,新潟県,22.85331010333985,131.12017933886796,38.51435055950211,42.21170073887428,11.69501798739659,0,64.86977295538698,10.0,0,0
71,0,東京都,25.367940592868457,139.64219490316137,88.18274707785089,42.439859119465275,5.210197214437493,0,98.62130492423044,3.778710855287538,0,1
40,0,福岡県,17.021026394219895,89.90334709550594,59.02006498419997,51.31898572996165,3.5592636474360924,0,95.56088741677725,10.0,0,0
73,0,熊本県,26.613742284309353,146.80594985877,163.90616277971088,41.214255782783596,6.427786357717668,0,88.35395474463708,10.0,0,0
44,1,東京都,24.049023713543264,104.07626462414657,85.1221554716552,41.56934058145635,13.640361584907714,0,84.63176441725365,10.0,0,0
42,0,福岡県,34.15232586958412,137.44810692123298,164.73780142456863,40.35774298189338,7.289122062531029,1,97.53974515939711,9.296654306582992,1,0
57,0,大阪府,28.21673644250502,120.2108542434766,133.380766638593,41.31408709322463,8.264747129403174,0,92.2351654814675,4.293522940725138,1,0
46,0,大阪府,25.948305613831195,133.15721216305252,22.699731660088034,50.893645529151065,13.662406450609973,0,82.55782904067863,10.0,0,0
60,0,大阪府,26.969012860801257,114.01194194811411,41.40059221605696,41.73767288980285,36.92613721357342,0,92.28981087362166,10.0,0,0
58,0,大阪府,23.204976151176993,135.3893411727986,69.64564915295303,56.12154602297893,45.28178725077714,0,124.98190842461457,7.45180169327714,1,0
56,0,愛知県,20.269894995280197,120.35431977447602,50.252226365788935,40.6748817115394,5.197583139304723,1,79.4910058732077,10.0,0,0
44,0,大阪府,21.573249844102975,144.66102214236628,73.29372715757916,40.99223476935072,8.89304153372361,1,87.89495279305278,10.0,0,0
71,0,長崎県,28.380473286505172,180.13927408871683,42.412310298301314,42.25033207851729,16.492718784283646,0,81.62009791915713,10.0,0,0
52,0,大阪府,23.762161581389915,136.4554941783371,74.72278171283567,42.22981049985167,33.42699923204656,0,125.0,10.0,0,0
63,1,大阪府,25.653917549671867,116.9108018854043,19.13706621578798,41.795782340883704,12.344002258161343,0,77.77838319673205,10.0,0,0
70,0,滋賀県,28.308411270111534,119.79999785212584,57.006156492417325,55.11327030622016,24.85513099242542,0,79.3595777656948,10.0,0,0
66,0,東京都,23.554836723966392,127.24786811920096,86.75164651784299,41.734785327527895,15.675855156649131,0,82.65319371758244,10.0,0,0
58,1,大阪府,25.845405613246502,155.04388569308875,200.83898004613962,41.83893899727484,102.75773688578784,1,113.65352246814875,10.0,0,0
74,0,岐阜県,18.584138464595416,109.70941151175016,35.27846036560879,41.23461544941756,21.42888215793054,0,94.55885784218434,6.2025250311940585,0,1
59,0,大阪府,21.757181045691684,146.04575253321798,55.716808583834485,40.4257447759582,6.693801750395262,0,52.85215767087207,10.0,0,0
70,1,栃木県,19.51020763200955,128.55556033880978,76.00061017130837,51.5076163731148,10.845136246525536,0,101.40715579552999,10.0,0,0
51,1,岡山県,23.444448890736826,124.27293782305564,52.86225491298126,52.673354584948434,31.18213376334825,1,114.28319983913805,10.0,0,0
58,1,宮崎県,21.54963716548688,141.26283832738844,120.32752959648136,43.20101883899119,38.17641721136338,0,87.0432906946772,10.0,0,0
50,0,奈良県,12.709072296785072,103.52637295464686,6.420457725465746,51.49873747328001,10.851913051513758,0,60.96938030053319,10.0,0,0
42,0,三重県,20.920693522550632,107.03208216361823,36.84994777405374,46.20050368261116,5.330316071941477,0,85.42125815494946,10.0,0,0
47,0,大阪府,19.331346281492902,137.29135101307065,31.339288906055465,41.226654114584726,8.883453188506403,1,105.28127800900565,10.0,0,0
62,1,東京都,20.7030382031045,130.51463534147203,72.33154208052673,41.76937402324573,11.50242171531006,1,108.01184310685194,2.062646869432548,1,0
49,1,千葉県,28.322608922148206,119.4719255982935,261.82888767402403,41.771700145299576,63.7679527457621,0,110.79194846980045,0.3254427357155349,1,0
67,0,宮崎県,26.31900662175883,117.31521683539327,99.60503067610794,62.79363305612575,21.93415147377673,1,90.1024436147657,3.6732399835441014,1,0
69,1,長崎県,25.42546917258433,127.75007040996269,247.3264189372855,50.97854504155406,74.14497671314905,1,90.35028717094768,10.0,0,0
45,0,大阪府,24.94030158927547,117.31793301356393,30.362918645307023,40.68587336779496,13.04476526190049,1,91.95171468341088,0.33023294379227625,1,0
63,1,愛知県,13.805853463259712,114.82105731305737,38.023849854796836,61.095078664181784,4.930679039635041,0,75.58237833178724,8.96251148717137,0,1
63,0,大阪府,17.46846890022678,122.05071809176884,57.09212031389427,41.75107787980446,8.740330398525487,0,81.25351996337774,10.0,0,0
42,1,奈良県,30.66439766194547,115.95636980314232,117.95999156170636,41.135161221227555,53.71253534220019,0,113.77617248293893,10.0,0,0
73,0,神奈川県,23.32469065627676,133.3101844499851,147.0075985408851,40.17162556235284,7.798761900604101,1,98.01531432367598,10.0,0,0
49,0,鳥取県,30.831100272220816,154.12929291846604,38.571072596776034,42.4518780657913,10.920056883070693,0,88.85527930988445,10.0,0,0
60,0,愛知県,14.719236056673108,85.13559587125506,71.82631806071437,31.29347034252327,4.5984164282711255,0,80.69541037729417,10.0,0,0
56,0,大阪府,25.434844855331452,140.2543957076197,354.6640426667981,62.921047414429566,28.574187230550674,0,106.7781058906101,0.5632469276796243,1,0
55,1,東京都,28.411385899742783,145.7239846450103,118.65317075515661,51.20517131089432,57.905330055160576,1,108.60600376726691,10.0,0,0
66,1,大阪府,25.17593357447548,120.90489886253776,368.25080940856924,42.2245907369614,97.58667168027203,0,101.58821886614093,10.0,0,0
64,0,大阪府,15.32820339050077,139.67390953359617,86.65121993760687,40.7130247644835,12.517502657597047,0,86.36518300790742,0.31769838939579625,1,0
46,0,愛知県,26.086876768427313,150.16911289160717,120.67298289271358,52.682684622422315,7.510963288211535,1,97.41272518717781,10.0,0,0
66,0,秋田県,22.72530006431497,116.92726291351234,28.916489621267704,40.39171799590795,5.286937584390014,0,91.32333284377367,6.284610299833401,0,1
42,0,神奈川県,21.84264196925799,104.91373181473747,57.86057080143311,41.860277243200386,21.27813870133857,0,88.44639959288327,10.0,0,0
42,0,愛知県,23.91505568307548,121.50426141610966,76.08118758869162,63.08346829287535,50.094950301919106,0,85.46662194288656,10.0,0,0
42,1,東京都,24.072311516405577,111.5708116095807,80.94256609717759,41.754920239978254,28.70235553992097,0,112.96259749984654,10.0,0,0
48,1,大阪府,26.840041306634514,127.30562834348252,76.19225670566179,56.08543133423842,20.856466063072396,0,113.64913281709553,0.5441668037935893,1,0
71,1,大阪府,25.376978124081372,111.76432224861176,274.82049600127266,53.312775764068306,12.461285437633585,0,86.43011193362153,10.0,0,0
40,0,広島県,24.00198062531548,98.54026281297566,68.81579205682276,37.14693686231229,3.1965306813492167,0,59.743923594468896,10.0,0,0
48,1,愛知県,22.12299701923965,100.3568752758237,59.15338297923728,62.681261169160116,31.157402277500235,0,92.57322934022959,10.0,0,0
48,0,愛知県,19.980213313853618,97.79160191106499,31.85799578941691,45.80209988989361,9.716918370682198,0,85.34885308579004,9.692680303689551,0,1
43,0,北海道,24.353583727675066,126.29544301233653,132.39024432030624,64.28963751072051,5.258807788876145,0,119.40900482540727,10.0,0,0
45,0,新潟県,32.336142389371155,130.39309406102964,116.43993080670573,42.18337667469977,35.732545727084684,0,105.7455905417899,10.0,0,0
46,1,大阪府,20.24090935235529,113.46701259636734,70.99327319099271,50.984698762792,23.79813834560406,0,98.72716405213188,10.0,0,0
47,1,沖縄県,32.87577441446512,147.19563450985478,65.93131034727165,41.55025001146599,74.08416003105769,1,92.07954778386045,10.0,0,0
43,0,奈良県,23.62840217948128,151.62899802277155,195.20777509763448,66.8561235103804,47.95829120368565,1,118.29055686188839,10.0,0,0
40,0,群馬県,18.325298208152404,91.20382882778016,25.209302310846642,41.175666120820885,2.8734480862163005,0,86.96385560346037,10.0,0,0
69,0,沖縄県,30.332592267498505,169.12554151106121,72.24641377126696,56.433065088734956,55.17373141954119,0,86.18711831231248,10.0,0,0
69,1,大分県,21.10997065538712,110.98860220645066,71.36357150298444,40.38498144855512,3.5000490138528453,0,101.99437844697928,10.0,0,0
51,1,東京都,23.640690316526403,108.03093435749201,191.40009662581332,41.437338774679,31.996976849007687,1,88.7410834874573,10.0,0,0
56,0,長崎県,28.639371898223924,152.5555696498886,38.499766696848425,49.52632348989985,21.01466807193235,0,77.43422654961856,10.0,0,0
46,0,神奈川県,15.826121023846055,94.73379361840367,34.720219658993585,41.77564040280203,0.8893874672881699,0,106.21757350216278,10.0,0,0
56,0,北海道,23.741365809967576,125.11449283592613,131.13337843316458,41.59251677214834,10.492285051979165,0,97.34145506208813,10.0,0,0
52,1,大阪府,23.50865856163359,140.17493278764144,131.9477359871416,59.571287304025134,53.55051699348179,1,114.10229314929245,1.5005907107679364,1,0
65,1,熊本県,25.881112927155733,145.9534879920544,48.4830062989494,41.09218589423437,4.8394313531489495,0,75.27159997804567,10.0,0,0
59,1,大阪府,26.49610638814822,140.26258780519504,108.75093659844505,49.17944414460647,7.772820622488065,0,89.31597032989056,10.0,0,0
46,0,群馬県,21.081432073087484,104.97854574590272,80.90932255317149,41.62327684495992,8.31793216855056,0,101.51687178763774,10.0,0,0
69,1,北海道,23.97272176401913,144.19754378688802,108.95374701634147,41.6247223054176,14.357007293738095,0,116.64611741419029,10.0,0,0
72,1,東京都,22.91624838137413,133.35401017040473,110.79238183870648,53.124045712065,42.14945216535162,1,87.48352613105271,10.0,0,0
71,0,千葉県,26.22414665477204,121.5707604823502,87.4560359612528,41.25403756678317,8.124968503292521,0,97.74451936271758,10.0,0,0
50,1,大阪府,22.234912802267456,124.10087706408463,87.16658207753105,41.34664326914422,6.024933596835685,1,60.79252897936153,10.0,0,0
74,1,栃木県,27.64487609593473,132.24760352615473,154.2233854607092,41.35198040274067,19.073665613335983,1,115.88694294247168,10.0,0,0
73,1,大阪府,17.260522398479026,149.30871196146407,104.7287326839464,40.91888581817872,6.895479421283385,0,75.24575793155897,10.0,0,0
40,0,千葉県,21.84242407105433,106.67077896852607,36.28946651274503,40.74728646246657,10.915545223052618,1,101.37849272024519,10.0,0,0
49,1,福島県,24.624326427234326,125.23909068861246,36.189217368008634,42.36563871413645,15.74762389511645,0,81.85083203489775,10.0,0,0
47,0,静岡県,24.68119873069706,131.097395961733,121.08488336823117,56.03551995937752,20.563020669441983,0,97.45108068329324,10.0,0,0
61,0,大阪府,22.610716209520493,129.30775362928856,85.47067513346812,42.1052949582396,21.721186722809357,0,100.73499041879172,10.0,0,0
59,1,栃木県,26.679145186319232,137.20621402589921,49.10124131862725,41.6499979284264,13.217008831181602,0,87.62537112445277,10.0,0,0
45,0,神奈川県,25.085825751068285,134.5520728870902,30.67911762745351,65.12585593019446,21.329484717783966,0,110.15265766267237,10.0,0,0
55,0,大阪府,28.231748117594933,123.98212343488834,40.68427135139939,41.717028854524855,9.388492053308456,1,79.19862762828382,10.0,0,0
69,1,大阪府,28.034303093027376,155.6248143744786,208.2260431365215,40.4888826445105,39.293523123463906,0,114.11243061244068,1.8555996145086515,1,0
55,0,三重県,20.088573973688064,145.36465767673874,155.8539791459615,40.87060440394545,7.054874878578185,0,104.64069914370539,10.0,0,0
73,0,福井県,21.689725308493415,144.73197717624458,45.49027353398728,62.662731075733646,29.635790464627355,0,81.76669355688317,10.0,0,0
43,1,埼玉県,27.65676496399931,128.2122812787278,53.43115985691099,43.55638660650072,13.80665856284283,1,69.92795761141366,10.0,0,0
53,1,大阪府,20.92853571293682,100.22258172927091,21.0614928536093,51.021072492836076,1.971247309862027,0,108.92660604883251,10.0,0,0
45,0,福岡県,15.255377684294155,84.47390213019466,33.56870181023267,50.207638091528814,7.760431322066619,0,64.87182127154219,10.0,0,0
60,1,千葉県,29.79920880370876,123.9775653939602,142.9339035611128,40.85441830075153,22.07296611249556,0,95.22421272128179,10.0,0,0
63,1,北海道,21.45546124140044,132.93431840462236,101.48914104109737,31.375126297702955,23.05498764347503,0,76.9880980198488,10.0,0,0
62,0,埼玉県,22.6100407428045,128.10576989583058,367.4269733340389,41.627407245532204,16.296479723720623,0,85.36182155218911,2.99659682995517,1,0
49,0,福岡県,21.12900407969313,108.57729484007851,181.18980508762056,59.88397250443633,28.123077028580926,0,102.24551895428988,10.0,0,0
55,1,千葉県,26.094965040784146,163.4166204204135,247.9803244380337,57.32863741026694,45.0187375803941,0,124.81204611446711,9.788724272232864,1,0
46,0,茨城県,21.321990129020083,121.9892150900887,49.945652314735185,38.15524625815738,1.0288528252850297,0,101.31134744636883,10.0,0,0
40,1,千葉県,19.834740745984174,119.85365751479807,57.3189228810293,47.74400358171261,17.674256089443265,0,83.91381735866419,10.0,0,0
74,0,愛媛県,27.186972993532258,147.37880156759306,48.96955124995199,40.98513588130307,21.006350540806167,1,97.71182935238063,9.435184026475543,1,0
41,0,大阪府,19.837694573399713,100.65503340016512,69.25898328468651,49.40510973606828,13.03885790089689,0,85.40087271247799,10.0,0,0
64,0,青森県,26.42728904862448,137.29705410922836,133.7732396275026,56.36856184062228,16.587532603467086,0,98.3549822237771,10.0,0,0
49,0,三重県,30.363472586722118,136.25866363989505,48.57249363515765,40.8818833590958,19.66406592264095,0,92.94269356188047,10.0,0,0
49,0,神奈川県,21.6818654775197,111.52780983342791,81.65061603241685,65.18221084538969,33.429378380806476,0,92.58737552598289,10.0,0,0
50,0,大阪府,24.90421595558515,119.709298997833,78.80876926356027,56.94664835804896,17.688609933519945,0,70.71317450149675,10.0,0,0
63,1,兵庫県,24.361773744437162,149.4251775071148,130.76003103844013,41.31423596382966,49.71572543676416,0,86.47856178408726,10.0,0,0
66,1,福岡県,17.946058137789226,101.9516263459359,37.54172326181858,53.539606051834966,6.279898664490352,1,75.68026050591016,10.0,0,0
57,1,大阪府,19.763663114719506,97.7409284783148,43.22555845625699,62.37787773351981,5.8483944544620465,0,80.48642389798368,10.0,0,0
52,0,東京都,28.7987921380736,144.23523417163315,104.49271656714743,41.9816640402601,29.862899058167134,1,118.2449999934013,10.0,0,0
62,0,大阪府,22.837502268506867,119.03194059336059,53.964630086040245,40.732413690712825,11.812696348574919,0,80.07933033993045,10.0,0,0
48,1,東京都,15.946134532016613,117.14318190447588,70.8652048958803,60.429826041198396,2.340228584160723,0,92.97826688298139,10.0,0,0
46,1,神奈川県,27.935016430749705,111.41056488320153,35.951645951439666,47.37544666177226,7.725746006056479,1,92.28831643867731,10.0,0,0
45,0,大阪府,20.031822823459237,126.51207381072051,22.704094187625188,61.256905799611175,6.534946586927175,0,96.87290801686751,10.0,0,0
41,1,千葉県,23.777748959976115,128.17627865006878,46.69863558225756,65.34488916626297,18.450106373444985,0,94.66949408419399,10.0,0,0
49,0,大阪府,29.648301124108304,126.89922390080444,94.88285475012772,30.201605840851947,10.307301677436659,0,101.58936482552508,10.0,0,0
59,1,神奈川県,25.158084065386483,131.1169305515539,86.56268447529759,43.17062128849985,3.1248816350191553,1,82.19492666457398,10.0,0,0
57,0,大阪府,20.018311752695148,119.49014471206839,54.43394162491503,41.377817793237924,28.150726317649525,0,96.70122829625444,5.07097708531915,0,1
74,1,埼玉県,24.767486143843897,139.69558463246858,123.00902152546495,60.18963810643722,15.616221668643888,0,92.99730155337662,6.693836971783038,0,1
67,0,大阪府,19.4131772671908,119.81574442434378,48.91528828884431,40.77211220925393,10.680506521453653,0,85.67144865326776,5.812823048609598,0,1
42,1,東京都,27.102410977701318,100.97155003156203,215.59048004357803,48.26507831082351,22.557842441159348,0,101.31996044616696,10.0,0,0
59,1,千葉県,20.70246649558904,89.2159409718985,74.25205071274657,52.32227309310665,22.91132507378631,0,91.33050468276679,10.0,0,0
73,1,大阪府,23.056674932577316,119.44543425746002,271.074169096974,41.93434919042951,8.118234248883768,1,119.69937278001021,0.3239801177672658,1,0
57,0,愛知県,22.13908418456924,128.55181564916774,26.642807238952713,58.24684057033922,8.73144016568846,0,119.6977239075908,10.0,0,0
51,0,大阪府,21.28875986849922,124.12009258274416,34.04165418587396,40.41916559831844,8.06899261808549,1,100.61490852159127,10.0,0,0
58,0,大阪府,30.311466917965586,124.37363440678037,63.85580184683037,42.42888346648761,27.936101327871306,0,99.90230884815543,0.5694404529391479,1,0
74,1,埼玉県,28.203178444951888,170.48373155397124,271.70252210938077,47.69383545990202,41.43689158816225,0,105.55884380329739,9.642198023284315,0,1
53,1,東京都,15.899481880353765,123.18390131713136,37.48121093890681,40.883503364466016,5.303935451260993,0,75.06972455939534,10.0,0,0
63,1,千葉県,21.38620082366925,123.90456644143917,65.19590162978375,42.545060885774596,41.11829729509315,0,89.37384317874923,9.585447845402092,0,1
47,0,大阪府,22.37592349955646,125.14802727320959,74.28165089353602,41.61949242477379,10.931297280688968,1,82.78288493435382,10.0,0,0
41,1,神奈川県,31.88933417320232,127.94623923929676,240.00389560256502,51.79198865423606,52.23790892051131,0,86.66614668110915,10.0,0,0
58,0,熊本県,27.785150672674312,118.34345257521954,80.81835504047926,58.10350901437093,27.05780258211865,1,95.08363503643793,10.0,0,0
47,0,宮崎県,20.473043014334497,109.20149282898849,25.321643392716638,41.89350057425311,5.351654944675465,0,82.9118125327305,10.0,0,0
45,1,福島県,22.63225722881879,127.66214454005483,197.09801220539023,53.91052919583581,24.514520524746505,0,101.9753152603728,10.0,0,0
40,1,大阪府,26.803229700426193,114.7705284485423,89.69648672668197,42.090523214523806,19.702762603769923,0,101.50498955523825,10.0,0,0
44,1,埼玉県,28.217206169521322,149.40924397217836,77.94908738244831,41.573240015339536,9.261926688729398,0,111.14517244790908,10.0,0,0
59,0,大阪府,29.96701437471011,133.6116995368919,251.4406902482627,41.517931992486425,29.622133520302693,0,77.66452850620733,10.0,0,0
58,0,愛知県,28.031565722135163,134.48231216765421,78.80147468991422,51.319201614925845,46.77092913403813,0,99.9030879400328,10.0,0,0
58,0,大阪府,24.955497030068003,132.8288396080067,370.77633682745034,42.80386774279473,57.62881051917646,1,104.90048057161607,1.0221418930675934,1,0
48,0,秋田県,24.537320979901672,114.40382610776194,118.2375733841092,42.066308590798684,5.368034253690042,1,98.25980585877299,10.0,0,0
57,1,神奈川県,17.208521560884247,113.67298953026572,54.89719344144147,59.02617514519408,7.16837223117085,0,79.12258203523518,10.0,0,0
71,1,岡山県,23.038177109434667,147.5637321436756,137.53822710577825,48.91267228053303,1.8393638654788673,0,100.99563321699578,10.0,0,0
51,0,大阪府,31.94745440538977,180.6383324043576,99.53602306440773,50.059670723636074,14.1305792914468,0,85.11041480664142,10.0,0,0
59,0,大阪府,25.971763546555152,125.8340552196991,59.10443440177827,40.882086275463145,7.127124766027833,0,97.25738775435231,10.0,0,0
51,0,大阪府,21.55259184709207,130.75609384078513,27.131382764551873,41.966382117061386,11.36909986476711,0,71.3725244194459,10.0,0,0
41,1,山口県,20.479889427254005,106.54253355226328,83.30718658722841,42.58934052266299,13.009353663620914,1,109.6999733500181,10.0,0,0
45,0,大阪府,15.270001490564425,83.7547378175251,56.7094611436562,49.0494770223315,1.9941857748135685,0,63.4673439960284,10.0,0,0
41,0,群馬県,26.831828367043073,108.54251514621073,42.048230919488496,41.7509075674334,11.23390585083661,1,73.01942088271038,10.0,0,0
64,1,熊本県,28.007693770781565,162.8943374850754,47.989373110728444,41.257801806375866,10.842967410592303,0,87.16627332729324,10.0,0,0
72,1,鹿児島県,17.425494665945436,124.56002441073358,18.053005297243825,45.71268915182919,1.294613294503326,1,65.82691043336632,10.0,0,0
42,0,東京都,20.799410455936183,94.56055157523589,136.64026144963697,42.032456604906145,26.802541361927233,1,91.2331354901431,10.0,0,0
48,1,北海道,21.494222580983873,124.07640478526709,28.502463743661945,42.42337539151446,13.907017120047147,1,78.87711773576923,10.0,0,0
45,1,東京都,23.989131763992322,98.0535585897876,107.59977014710894,41.86961828793026,29.233156450475914,0,86.36898298698893,10.0,0,0
72,0,東京都,16.18641259531777,143.53606882855428,36.18841116913683,56.70055950497904,5.42503429054449,0,73.2421623315022,10.0,0,0
56,1,愛知県,29.71896425924195,154.74236800110586,70.1834498670904,49.891495559184925,7.054046449537377,1,111.41070436941826,10.0,0,0
58,1,東京都,17.2092860536815,117.36622200930186,33.952039047861234,62.69286944161992,21.435709475877044,0,66.53196218191583,10.0,0,0
68,1,北海道,23.93356402878905,139.98638066819288,35.89589571376351,42.22700075418312,1.9524951106017439,0,81.36736859189234,10.0,0,0
68,1,北海道,24.250750487330414,146.9709126189449,102.36328597636027,40.96317263214699,11.920528968116594,0,90.5142424923113,10.0,0,0
41,0,大阪府,18.720733892239824,59.495905450458835,59.60087661416842,41.13819192114171,3.5691866811733077,0,77.5489138236835,10.0,0,0
66,1,岐阜県,20.192701897558074,155.57854817332762,101.5701887764672,41.109935359691285,37.557929689663844,1,90.10191698896226,10.0,0,0
53,1,長崎県,26.302802888850255,106.72831652997519,94.55769217736342,41.082105302756645,10.355448754665941,0,108.87126430892626,2.0643254488042593,1,0
58,0,大阪府,27.86211006095413,118.39194640627895,297.14531835633426,41.48652393170408,25.49901551285669,0,82.0144993247878,10.0,0,0
60,1,滋賀県,24.958484593769594,143.32329926940008,72.26347209285767,40.78942509318346,3.307052418514676,0,94.53266595312218,10.0,0,0
63,0,大阪府,20.33389952603486,98.303346743098,97.70554091164757,56.01689564345172,13.203601817752292,1,93.34523995157204,10.0,0,0
66,1,大阪府,23.272176258070893,114.32567519657545,44.0501515315302,41.45867610616687,2.505238987184573,0,86.03849547245923,4.646820667858905,1,0
60,0,大阪府,26.244210392767236,144.44810676189036,40.07710434627331,42.25278106036784,42.314440135583645,0,75.43751244622952,10.0,0,0
59,1,群馬県,20.642261235512404,108.19826852760178,68.53280554855885,40.36746340202665,3.4805385053433615,1,86.45655302028604,10.0,0,0
46,0,埼玉県,22.22329341042434,117.76427798540658,68.03676925957377,41.24270543512104,10.779853980024226,1,95.5843845959776,10.0,0,0
57,0,大阪府,22.22526282732234,144.73356908821168,189.69681944015664,53.94022850397385,32.57305952981814,0,83.54859993857309,10.0,0,0
66,1,福岡県,26.2469877590305,132.46264121955173,95.87496015476653,79.51649270479476,29.744520167115343,0,125.69671198773396,10.0,0,0
69,0,大阪府,15.912837533730876,119.61836816211019,39.16632913430836,63.34290207163662,16.895676337485206,1,98.4172634735255,6.209242146136681,0,1
53,0,大阪府,17.47792454595369,138.3012439665107,86.69731034923672,41.26112287025715,8.88409585348744,0,97.83551156463236,10.0,0,0
49,0,大阪府,22.77578790120972,116.61608583538221,119.86522390664854,41.59127805300631,3.375949494877599,1,99.80597613261207,10.0,0,0
48,0,東京都,31.4565197030511,131.94214982944243,134.38519801374127,41.01073467523864,58.83772060284046,0,106.42598332246641,10.0,0,0
56,0,神奈川県,23.044684127546695,118.3528976795479,91.19070372656526,40.38756256871567,11.547885890037334,1,79.90065546702468,10.0,0,0
61,1,大阪府,27.71743322551866,122.35661222338864,111.9941568736214,41.83702189036755,55.12294000764007,0,118.22443431630379,10.0,0,0
48,1,福島県,20.211637050694414,110.3846278315565,18.146080028821945,42.360694767506644,29.734941292040634,0,68.29744723904999,10.0,0,0
72,0,大阪府,22.70313860910688,128.28810766304224,99.16594724351393,40.986526078902635,68.78191617186528,1,108.06593021700199,10.0,0,0
40,1,東京都,26.385161537397458,115.35470466133543,124.0870842972582,40.71265004349692,10.022594844108053,0,100.90152137679524,10.0,0,0
63,0,大阪府,25.758191339561197,133.57778196296118,46.465628344752545,42.353103330965844,7.646496110346356,0,96.95974936306949,10.0,0,0
63,0,大阪府,15.585504476825058,131.71862177049985,30.811985267104642,41.591593854997164,9.107493513446308,0,86.96289726902388,10.0,0,0
43,0,兵庫県,31.18288939948717,118.6025556427758,34.655482789328424,41.6577636484418,39.302103966742145,0,93.1334069519836,10.0,0,0
49,0,大阪府,25.048366118103086,142.06653229680362,71.1728116200744,41.437969392474194,21.138939313205192,0,113.87638625244819,5.0629713114883454,0,1
55,1,群馬県,25.53865529260262,109.65277973600148,49.83888092532418,62.93868464679901,33.43950389511291,0,103.77751046246419,10.0,0,0
56,1,埼玉県,27.735999714006326,137.8471431453723,132.42047231159512,32.31982064565214,49.51531475951225,1,107.93448255003224,10.0,0,0
44,0,大阪府,24.3328491219626,103.56312460974446,147.765596947771,40.96389284991417,39.66710097102903,0,78.4167285835901,10.0,0,0
65,1,大阪府,26.540277691164597,118.41482952173934,55.39893744989781,40.62051610564806,6.5231255472818335,0,88.70861572062404,10.0,0,0
44,0,千葉県,26.191656926703402,141.38089884418025,148.46203614779083,58.375641348550175,29.023893482257645,0,125.04384252107073,10.0,0,0
58,1,大阪府,19.3924921033491,116.14142094960509,99.91525478366435,41.538623167974066,10.677668811809887,0,93.99799365397388,10.0,0,0
48,1,愛知県,29.88783809232326,140.13758067130487,191.53365965797556,62.8595326011546,18.32689213868599,0,123.62170961566287,10.0,0,0
74,1,大阪府,20.211542005863482,149.91779677803913,48.772048580968075,41.7250080359198,8.708865649467535,0,123.04970548833674,10.0,0,0
59,1,大阪府,26.24187066409907,146.96518837405563,86.960149927778,52.5008680037453,10.5345253450229,1,84.78840235735113,10.0,0,0
46,0,大阪府,26.8439666476686,141.97875583447654,76.16118945395397,40.802051678866206,31.49340185452909,0,71.308828718979,10.0,0,0
69,0,東京都,18.616519361260863,144.16034220546555,87.08980682340781,41.49124113646968,10.859957234937305,0,109.33789974071607,10.0,0,0
40,1,大阪府,21.354353649448537,115.29996838820007,117.00421722685296,51.623273715029164,17.823782950834786,0,85.24508146339367,10.0,0,0
74,0,兵庫県,16.1128934904784,157.6836358962596,135.69571331528454,39.97627913853337,5.325053011229633,0,86.24022494754763,10.0,0,0
49,1,大阪府,21.999193537949594,128.9292211064935,159.2379339862818,36.93294367775048,13.526230742603431,0,81.60239388847833,10.0,0,0
46,1,三重県,15.807477210291326,121.83101762374454,17.07390886752954,71.29349107862606,8.400383696767673,0,79.91521767687149,10.0,0,0
52,1,新潟県,24.409280130048103,109.9250159404733,109.29452928610019,40.56434308688804,38.06956702563718,1,98.18444311071548,6.8847325671906505,1,0
42,0,静岡県,22.196504371825082,118.3501200435528,130.60513228328992,42.25263838475218,27.501985027884302,0,102.8835941811784,10.0,0,0
66,0,兵庫県,31.994936248185958,132.33311700578173,282.382151418061,41.782041128415884,8.975022191829293,0,108.65930168821063,10.0,0,0
43,0,石川県,17.746585319048044,106.75919670103588,37.08524489360768,47.871785957255554,5.155866385846398,0,96.29976687968114,10.0,0,0
54,0,群馬県,20.517301693528925,119.31414879672401,90.77735548030239,58.09075628089549,13.667744628029231,0,77.25910048636251,10.0,0,0
47,1,愛知県,27.67151120694831,144.76658074507262,21.138607096737836,45.419219300566255,5.857311317289264,0,94.47989947495464,10.0,0,0
53,1,東京都,22.848173652177863,119.16033339169633,88.9309915339298,39.90874099399919,12.478054278027425,1,108.43963378311123,10.0,0,0
44,1,北海道,18.45286782367358,119.74454036455599,73.47621983573872,78.90644805607934,34.91749665845047,0,118.2907568579331,0.33019289815224456,1,0
59,1,東京都,21.225100505442807,113.66259668406236,48.109071037450526,42.51747311883745,30.42506862598971,0,101.45150580668626,0.3252395499516771,1,0
45,0,愛知県,15.96440248967142,104.09054118069942,48.89779442430194,41.934977684150574,1.6220849129203512,0,94.65253967661309,10.0,0,0
55,1,大阪府,29.164967099589568,106.0883822405193,115.96333896583675,53.68426111674494,29.843912084473864,0,88.7191545530013,10.0,0,0
69,1,埼玉県,17.423461537543833,119.22295828285786,121.11088421081789,37.99631014696012,15.805729819124762,1,124.92165045307752,10.0,0,0
42,1,大阪府,20.033031332425402,127.05317131523469,134.3699001637461,51.790724598030536,40.018679517890725,0,108.81211006942563,10.0,0,0
54,1,山形県,24.963143942827088,139.0661292775314,101.51863942622205,41.412432292292806,17.54258853158014,0,101.28322408769172,10.0,0,0
55,1,千葉県,24.226078010091875,96.88069837204141,118.8119101895578,43.38676388407002,16.419489503029016,0,91.35180790715313,10.0,0,0
54,0,大阪府,23.334155318943015,100.15266763959247,31.428602873061845,59.84823409604481,19.590081419697132,0,71.10189334946801,10.0,0,0
46,0,大阪府,20.039986203862796,115.57022512568207,62.79608861444063,50.20762072325572,10.075094705354363,1,71.12823976859748,10.0,0,0
67,1,大阪府,20.219910147056385,105.43983960236746,74.90821882346323,41.751776864485315,14.776100138395753,1,71.28447776707984,10.0,0,0
63,0,島根県,22.7304322656333,130.76615096412274,101.82293603918566,49.52736154856635,13.4271209353213,0,95.24741906646994,10.0,0,0
65,0,東京都,23.4073650833461,130.01016638873938,96.07228429835669,41.38459302292521,15.616220017729843,0,114.74611074349954,10.0,0,0
68,1,大阪府,26.705878782715317,141.265339173202,155.41390633407934,59.15545924323443,23.566036878785983,1,125.1133409481505,7.533694036750587,1,0
69,1,大阪府,17.507660819999426,120.179037131249,28.366563231182234,58.94909698594928,6.850827736701222,0,114.51940303318261,2.2773551930327596,1,0
73,1,東京都,25.17113782516757,145.67491314270896,138.2554347985862,41.46759624440418,37.05118858317077,1,117.67813759943793,10.0,0,0
63,0,福島県,26.582122662355538,175.9225980272646,115.81554430493487,40.87823438928626,77.94086947990573,1,69.25792509073617,10.0,0,0
59,0,大阪府,15.211169744858733,103.43181735702588,34.13156203940246,59.047916932189175,4.559826252885292,0,98.43328093937494,10.0,0,0
55,1,長野県,21.092018049969496,136.65396394665595,42.02761790329498,57.34989448245109,12.35569558944097,0,93.00909334813726,10.0,0,0
66,1,愛媛県,22.405424605874675,173.92634530009096,179.54431521064458,41.47014372914652,28.448959207537325,0,83.56912688581363,10.0,0,0
51,1,神奈川県,24.353050360836882,124.03777905869627,66.50868886463444,49.26105976248929,8.412216878356055,0,78.96556213890923,10.0,0,0
40,0,北海道,22.768725521150397,109.23577105502778,45.351646938466395,40.86570837327701,1.7884320713698165,0,83.0438913639469,10.0,0,0
40,0,大阪府,23.328952737758055,143.496673003307,71.26495466897516,69.27382762367554,12.846684479584576,0,93.38349374700428,10.0,0,0
42,1,富山県,20.48198953295686,98.8089956588516,56.048653870215055,47.40590396573503,10.34489225859859,0,98.09282958568457,10.0,0,0
61,0,大阪府,25.874444832751546,115.482544139154,159.0575902960587,41.45857505717001,31.201464331309094,0,98.42471879431574,3.779980885633354,0,1
43,0,大阪府,24.8976960390435,85.47671324026471,27.97903393755343,41.26665058901851,3.4101798912678287,0,69.91059904949434,10.0,0,0
40,1,奈良県,22.135526121057424,103.40645896670271,249.97542818330643,42.80012755813803,29.088452718718496,1,96.87471034664526,10.0,0,0
53,0,滋賀県,20.905174167121807,107.03355171184155,37.18468904177415,40.45375685126883,1.935941894553045,0,82.36375722200542,10.0,0,0
40,1,長野県,30.702464228878018,118.65990199958088,71.3641278559472,41.27545818826245,10.112138001722808,0,111.41054119973528,10.0,0,0
60,1,大阪府,25.669442928590804,109.55192091259545,100.05336754148861,44.668569090901016,7.761144717040387,0,102.1147220828048,0.5776551830468578,1,0
54,0,東京都,31.668177107044553,121.32116409154787,210.15807681661195,49.7626109101823,18.913791318126197,1,91.32249996621344,10.0,0,0
48,1,大阪府,24.11374303641252,138.69426015256624,48.10221214111497,66.45496655014183,5.205335083525482,0,74.91324006866523,10.0,0,0
52,0,大阪府,29.952518301114452,171.41255874118167,87.5999981492179,41.21092414653521,13.690634384280257,1,82.49088911714045,10.0,0,0
40,0,新潟県,24.112169882181448,113.90884382835362,82.82291172158824,50.48307549075131,18.89113063491652,0,94.65602838631216,8.737137201374143,0,1
40,0,東京都,30.857572798977582,114.09739486243424,45.827189388238374,65.6521402245088,7.86735557486902,1,71.51715019138224,10.0,0,0
61,0,青森県,26.0300746338876,120.7262191570505,141.1629172177462,48.63119847155961,11.306198729478938,0,88.63141095724066,10.0,0,0
54,1,大阪府,21.959250704044383,113.35469576393116,92.61690263379201,41.77022399534722,13.801636835245322,0,99.532194403017,8.346232396681208,0,1
62,1,埼玉県,17.900003989168297,112.42443403302616,84.81124497962685,41.0540445213358,7.520462295851021,1,106.9344959634291,9.639800496179351,0,1
45,0,山口県,21.410114053420923,115.43610359898692,103.11730769942274,40.700054386760975,7.4350801769976895,0,88.82720150058907,10.0,0,0
58,0,青森県,15.584193375562297,118.88560286068672,39.839631777288304,41.41315796024711,14.563239506122072,1,97.94272866487366,10.0,0,0
57,0,大阪府,23.424594461451292,110.4637505085453,86.47176309635788,41.562038211375835,11.693829602968025,1,89.41142329399628,9.176704766314316,1,0
68,0,岐阜県,25.031035882667723,143.00535824143586,51.14417617870308,52.26034527046537,57.92195038533553,1,107.79273280765737,10.0,0,0
62,1,愛知県,19.392988621163198,135.1131966550941,76.33148643428973,47.39202715359721,21.423767279526132,1,89.12929011251609,10.0,0,0
56,0,栃木県,20.204951908991532,97.75193611287428,364.8026637119954,51.49802543099364,19.093236590617575,1,119.90564135869754,10.0,0,0
58,1,三重県,26.424007229357688,142.44178820794986,191.52446889284178,61.63872728024773,2.799089419440069,0,78.09932791795114,10.0,0,0
40,0,宮崎県,26.474421515292708,118.36297989231382,69.456541224525,42.35248432137923,19.93025495195092,0,112.42336848900415,0.47222384409162016,0,1
73,1,熊本県,24.29164411490531,127.35652949931391,101.65550070527814,50.20788332701611,25.000331310484114,0,105.92580825162052,10.0,0,0
74,1,大阪府,22.1395125658856,110.59618581021489,256.94014729857093,48.557079617204266,15.213838300741122,0,83.16006329474455,10.0,0,0
69,1,埼玉県,21.880881259804283,124.99722945000879,84.97154458895707,41.226719459163625,5.903726081543685,1,69.5901038771487,10.0,0,0
51,1,大阪府,23.57356366895329,127.24645951541565,87.77602101033405,54.611112541454006,6.534702238980918,0,104.01340582558032,10.0,0,0
67,1,神奈川県,19.829781976248547,114.29796251439963,131.93989468622257,55.47111165709794,8.00438857279748,0,101.92472690413739,10.0,0,0
73,1,宮崎県,15.303455395175876,132.19939925857824,165.0029486987537,53.8561208537778,13.109162987733285,0,101.36144186500539,6.250687671153089,0,1
73,1,東京都,35.57231877226474,174.33316230414667,499.5622253937231,61.249311763925135,74.17411120810641,0,114.45924256505437,5.075286226899303,1,0
70,1,埼玉県,21.753625503255094,142.05483911525704,45.75315075087717,49.07937040586128,16.433906775337352,1,82.54908923719866,10.0,0,0
66,1,埼玉県,29.549923249294377,133.27196672053034,175.51937806870015,44.285867236829006,20.4998651425438,0,63.61218439295539,10.0,0,0
60,0,和歌山県,20.188836736419262,141.79987345864026,34.2615231122667,56.58817971310852,7.984337196918693,0,109.88075710987756,10.0,0,0
72,0,神奈川県,25.13691436055901,132.3410472973276,144.12219894636547,41.70055483097626,28.95298955872611,0,93.82502066256184,10.0,0,0
57,0,宮崎県,22.474418125947007,116.87677250236476,77.28426222816387,33.45440714495894,5.935918893106331,0,70.07684608135348,10.0,0,0
63,0,岐阜県,25.27945283105946,146.49427857737325,76.41896503635435,41.5992574600328,35.34782141020938,0,104.75754413414097,10.0,0,0
64,1,広島県,21.287125540710374,142.05093856129173,191.5297005382649,42.11093670859379,15.89947932126464,0,113.64181499482618,5.742098762106625,1,0
43,1,熊本県,23.366656482688814,142.7117385402462,52.865156042195615,51.62200390178933,20.467459910290913,0,81.19055983733216,10.0,0,0
50,0,千葉県,25.04096819958833,134.54024409485953,92.26824429230038,41.69898551676493,19.68054180602722,0,119.39263900136612,10.0,0,0
54,0,神奈川県,22.905249830330128,95.21821107461636,76.40956883502591,41.052624135849534,14.751449268562261,0,101.52590428993952,10.0,0,0
59,1,熊本県,19.392832446291298,116.58520012816686,16.05193124059344,42.11149667865192,1.8337231709397845,1,82.35629520216116,10.0,0,0
54,1,兵庫県,26.428916270425137,136.43102010141908,90.84075928650213,41.00718502106863,22.86378479797788,0,91.44213434787471,10.0,0,0
70,0,大阪府,20.339853207856724,104.22937631591151,36.20731342996454,57.17027264468755,6.544819045078667,0,101.524566592852,10.0,0,0
43,0,福岡県,23.452973331744744,83.79267550142842,92.76913044266772,41.13309295957409,13.432676878036556,0,78.17922150268475,10.0,0,0
45,0,埼玉県,21.654457590827793,104.75908570444967,68.10767220921875,66.77929972285646,7.87421293909766,1,79.09170387415107,10.0,0,0
48,0,福岡県,18.65446456894956,136.47477507456628,110.36490510222492,51.5529379682405,8.005770518116726,1,92.43032523514697,10.0,0,0
63,1,大阪府,24.864465568170267,152.01814778088004,63.969818621437916,51.63644436266316,51.25600608837698,0,87.10983444373036,10.0,0,0
66,1,奈良県,20.465132189321384,132.34182657871244,78.80021798787445,60.485172236985356,7.428801548491854,0,99.59164961725166,10.0,0,0
48,1,三重県,22.895520022178765,132.58312733885708,8.551639693621132,59.33745762566117,2.8810587952650373,0,84.0767132830411,10.0,0,0
53,0,大阪府,17.88842664732615,143.49536513789084,46.511446846155984,41.38060658260044,1.0087168025970454,0,80.6958651290964,10.0,0,0
71,1,大阪府,16.59690336147712,138.08602529164637,48.081139362356986,31.108236172454255,16.295738386463587,0,92.46491922967094,10.0,0,0
55,1,神奈川県,19.902718514830656,84.42818821511646,38.08023516110619,41.249425973533974,15.353788240512074,1,80.82826804394317,10.0,0,0
74,1,神奈川県,26.971216189676422,118.58773798069254,158.98538430567604,40.885927704444,14.778870426570672,0,110.22499075088905,10.0,0,0
52,1,三重県,24.23115481991974,109.84427798658228,113.86925754859695,40.938599675721015,19.209172636246855,0,83.40013611611734,10.0,0,0
57,0,奈良県,28.219556685801248,127.62395852111193,342.0295454423072,42.15475957674895,36.32652136988144,0,125.68248262114078,10.0,0,0
48,1,千葉県,23.301467601246625,94.85225358595092,36.153936135234005,41.87388865013416,6.770906518780603,0,78.90554276211653,10.0,0,0
65,1,愛知県,22.48600508540978,146.5534633904134,197.28149424418274,54.55992635872149,10.864432735624176,0,80.85816527471796,10.0,0,0
45,0,大阪府,17.48078432843892,77.71413185600936,43.900475932802614,49.20116503928335,7.505462401339363,0,91.75607780822493,10.0,0,0
69,1,山梨県,25.392159023570848,141.44309780451223,73.60529323685489,40.38880265901577,11.364038908869684,0,95.55087066851216,10.0,0,0
71,1,高知県,22.376215673073,109.12656408571993,209.88838711979363,44.38435228639513,22.746953782001942,0,105.27666186192293,10.0,0,0
62,1,岐阜県,23.135394700846444,140.28158698155116,149.07676494120358,40.52502925484901,8.163628802050594,0,96.90737044379806,10.0,0,0
49,1,岡山県,24.726888449571728,104.21480812473165,93.26759843737864,61.09953245912102,25.550167563354155,0,77.56532732725319,10.0,0,0
74,0,東京都,15.24388781193132,100.63352674655971,88.89604796574865,40.804471159791596,5.169919017468072,0,111.44631401370532,6.805882744279324,0,1
59,0,大阪府,20.539411498818385,120.90760654088874,42.31837568226196,42.721232122677485,5.40641229728332,0,62.23057031829362,10.0,0,0
50,0,神奈川県,19.828213836020257,100.11904857583909,12.82085994960051,43.06019474472393,3.4143991619813487,0,73.27833489808457,10.0,0,0
71,0,茨城県,25.125152120426282,131.95653025418918,282.80368128403484,40.950291597920184,6.832689515221735,0,106.9647733962825,10.0,0,0
59,1,大阪府,23.949723730780583,156.07786964296594,196.65956673679676,41.27852481583369,8.404460200029542,1,108.79488117081655,10.0,0,0
73,1,埼玉県,29.961513206574516,163.2847128918074,127.80994489206725,40.625493899635984,36.52713887252766,0,102.0515563092555,10.0,0,0
69,0,大阪府,31.436963751754703,152.02255069721514,42.656445633154284,43.92756997152261,19.93148584989555,0,101.51675984413575,10.0,0,0
50,1,愛知県,27.251692743481993,134.9285627422072,103.17408419476695,36.480175986709476,12.855717514541967,0,81.47521362980764,10.0,0,0
73,0,東京都,20.50223644505649,136.71286628741518,109.24018835076329,42.09240639161887,29.739249811510916,0,111.12695797718399,8.939457102856778,1,0
42,1,北海道,19.432998566749472,107.7794938970009,118.32706996301758,42.25014826329853,15.602399531844423,0,69.14596789667685,10.0,0,0
50,1,大阪府,18.710762212011335,95.0380536551062,19.623774147759576,65.07359236210344,7.066559484661724,1,77.19272515174967,9.645899000139897,0,1
41,1,大阪府,25.517081826092113,121.34298025036935,261.90408941341224,42.46861733502707,11.257325703714748,0,73.18985657421051,10.0,0,0
59,1,大阪府,22.853925685228823,118.613569434087,65.8658030782454,50.05928603728128,12.481727332957824,0,91.80356878354317,6.191246598040162,0,1
59,0,大阪府,25.73364298845148,135.49521284296048,70.70554568948,41.22808478618659,28.160251475361683,0,88.70039664052847,10.0,0,0
72,1,三重県,21.779088784283402,120.01946841992334,88.55159204438387,63.44977025548584,10.77977378496459,0,88.72826116678087,10.0,0,0
60,1,大阪府,22.480808779142507,118.61550534018669,142.00996969422832,40.81629000990819,25.1370120769054,0,97.91720208225047,10.0,0,0
60,0,大阪府,23.3884999919048,117.33363890678754,100.79753759716108,42.28739064608939,3.9621819756601027,0,96.3552873874415,6.519876577514674,0,1
46,1,兵庫県,19.97951942503684,108.6551105046744,109.05789824868349,42.38452273757948,5.40054556406409,0,110.22094510813685,10.0,0,0
68,0,大阪府,21.178684010657054,112.44901229134506,115.75263163832814,43.546072468425955,13.392063332015613,0,98.59556049315873,10.0,0,0
45,1,東京都,15.947828916624971,87.54100844895235,38.74845585183543,41.4127288156917,20.661729745140487,0,71.7851050450745,10.0,0,0
59,1,北海道,24.05528974240576,134.26003769677308,56.649431958916054,44.484777502824535,7.774849138189466,0,90.37085734526354,10.0,0,0
53,0,大阪府,22.320938299458472,163.23333732100377,82.26038633360393,65.84537959210316,31.053945625684634,0,121.98933719912495,5.17684379551422,1,0
41,0,和歌山県,21.831395412354084,100.49353176710918,30.79237048363275,41.40427060407951,7.8893120696881,0,62.85014333016151,10.0,0,0
48,1,奈良県,17.0614515537329,70.15485926798647,38.36059662838355,42.283189869111986,27.004850814471336,1,105.60019250862915,10.0,0,0
72,1,神奈川県,23.848761050853874,151.65701204127902,66.50574171967536,41.90891873932902,7.337340890271747,1,71.07832597200981,10.0,0,0
51,1,愛媛県,22.04317734675026,141.9549666412255,62.749762320988886,41.5730567296788,1.9435566324635443,0,88.44951623050702,10.0,0,0
63,1,埼玉県,22.22158032226156,97.61054312019893,60.05850056690106,48.29413620008825,6.508742097271451,0,103.66783326047852,10.0,0,0
46,1,群馬県,22.90512048937827,90.08129605130364,89.9848547027261,41.548799166743066,5.164488870005133,0,59.26821927932804,10.0,0,0
52,1,大阪府,18.395650722766305,108.17795837020311,120.23329623279223,41.15144508177025,10.858321458497805,0,97.75614590271887,10.0,0,0
70,1,宮崎県,26.635599786580762,120.18189136819008,104.82093672930337,41.75313477881392,11.787710798341157,1,78.44097897212144,10.0,0,0
47,0,大阪府,29.14866740411469,131.09049158209814,101.43195511612845,35.50339035452362,29.58008956016493,0,82.49395251263864,10.0,0,0
48,0,大阪府,21.51542246749998,99.79318134466612,59.95822553589519,52.17349917840705,4.815463748659416,0,93.00691126995163,10.0,0,0
48,1,群馬県,16.827501993959714,104.07389729786651,12.954184865983008,47.47578670936111,7.38738908606911,0,64.32459984739988,10.0,0,0
58,0,大阪府,16.45872711398059,101.78396437085766,52.89265172425403,40.52862406424929,10.916656324283844,0,90.61709685797922,10.0,0,0
64,1,大阪府,24.726236923025713,154.62597424489678,76.42564478302847,66.49617229849731,10.77659657362487,1,108.67077415093881,10.0,0,0
46,0,大阪府,24.370046603207786,108.16326335234855,60.05779093574542,46.51170737559105,29.083341991168354,1,74.13201225690787,10.0,0,0
52,0,山梨県,22.30300225084173,130.75565775309698,35.889569028345406,44.47012235244853,23.21652845477948,0,101.00368023838213,10.0,0,0
50,1,兵庫県,16.420841428583827,137.1903690526657,46.43471310920113,42.739994188649916,14.953266200952513,0,103.72380501720973,10.0,0,0
58,1,栃木県,20.592015670478183,119.14032556988211,148.19901063880965,42.002096891896414,10.94650779114285,0,79.61150316021721,10.0,0,0
41,1,千葉県,28.234075743603462,132.43383553409313,138.1508126056301,42.38043938602319,24.72332731950101,0,89.40134607580154,10.0,0,0
60,1,大阪府,31.45763213578104,147.43702101161358,73.11797921428563,41.66344055150112,31.361754042056,0,83.04171803873443,10.0,0,0
45,0,熊本県,19.963200304126996,135.37649118224337,31.284081919730784,40.966998602437634,3.784028461570938,0,92.07496486924546,10.0,0,0
40,0,埼玉県,21.06132863131783,115.83588850094797,19.38577380691209,44.457595960423205,9.639556337516817,1,85.78521685842937,10.0,0,0
60,1,北海道,28.590261034263484,100.22346542858433,72.24699464538797,53.134224958288904,6.878478616549567,0,80.69868024331689,10.0,0,0
52,0,富山県,19.46049696297303,122.41714026290943,173.53441309951728,49.24765081934977,45.02523345634083,0,65.49943251619509,10.0,0,0
49,1,三重県,27.10988024653048,111.29622985709211,94.58737613123947,51.48843558008746,28.158821711666338,0,82.95091412217387,10.0,0,0
58,0,神奈川県,18.892757531904767,136.48797618507538,51.08206083932672,41.78924629408053,9.643981262997464,0,84.70357624140568,10.0,0,0
45,0,大阪府,16.614788897097284,99.77807443482912,46.399481251091295,52.696827503907166,23.520208298127518,0,65.46789567828509,10.0,0,0
64,0,大阪府,21.370305689224192,121.26703965065974,38.546230123301825,58.52185968511139,16.611708413211247,0,84.7005826182587,10.0,0,0
53,0,兵庫県,23.66875413483595,114.09387837326776,80.96384648751285,62.93083685168351,39.58217654969587,0,114.78416836713731,10.0,0,0
66,0,神奈川県,20.3016883396609,100.96525089662876,82.2734248229716,40.565500177215526,6.483822130612046,1,109.17419879275185,10.0,0,0
50,0,福島県,15.502896914193256,92.43946499147332,57.863176630383755,42.922710070101616,3.181368967468716,0,75.9423193563078,10.0,0,0
53,0,茨城県,19.614780518275662,78.86314038619797,55.95828645338304,41.9295843488308,10.111061580580502,1,76.8586223154493,10.0,0,0
42,1,大阪府,19.316688719436055,103.57443526784775,73.32194400469271,41.38936462899017,14.176581255834153,0,100.99550834322763,10.0,0,0
70,1,大阪府,23.851980612481874,156.22024774876232,81.59139085428241,41.90575302941839,5.168965220991541,0,92.7395713208687,10.0,0,0
40,0,東京都,15.246679558574243,85.40135875621577,112.59490775266835,41.81541807236414,8.169321979880934,0,90.16990459370811,10.0,0,0
52,1,長野県,16.42261556226168,50.642764835579044,42.87169355612202,41.62111707009045,4.089724591605662,0,81.57664794066378,10.0,0,0
73,1,大阪府,27.065495542317425,143.51528446784448,45.42533273830856,41.4712532234225,10.530221146713565,0,123.04989079811585,0.9086177459042506,1,0
45,1,岐阜県,22.61075487938808,115.67892771209824,81.79361974804117,37.34670894505793,6.321501350794967,0,79.31705895040557,10.0,0,0
67,1,東京都,24.60454367099299,157.70994223927397,56.1562604803819,51.317281797164675,16.61251051097161,0,114.57542924969214,4.129281777964434,1,0
71,1,愛知県,27.086839312169197,142.51732401075603,66.35316703897428,44.38893833357457,9.634313880043724,0,102.1455682431525,10.0,0,0
54,1,岐阜県,25.532317280744156,154.42358305531803,68.73779037916947,45.77197486044312,14.845642478977721,1,63.78215455564782,10.0,0,0
54,1,新潟県,31.802652551890475,136.41837332703224,146.2897154150831,56.81016383831702,71.68833938729931,1,89.8871215785274,10.0,0,0
54,1,愛知県,19.950981151394025,131.10068309977797,65.52769101645393,42.244699989452684,17.716925874038832,1,125.0,10.0,0,0
60,1,鳥取県,20.539798206173455,117.76330379838367,37.8669073191961,62.175086195844415,11.948891616124197,0,121.61303443478427,2.1214331089952374,1,0
43,0,東京都,24.279277416831558,145.65378411660973,88.1992595978232,41.5147214409213,15.327055262292944,0,110.24259314950385,10.0,0,0
42,1,兵庫県,22.170941265944474,97.31006515697692,58.96384117797768,40.7566068886631,3.3217270075700456,0,81.62747314850228,10.0,0,0
43,0,富山県,22.4738304392627,112.42810233694338,12.980725038427849,39.50903200508398,1.025013034987675,0,71.15784483726384,10.0,0,0
71,0,徳島県,20.165722654512763,131.23942745950833,49.92864024295161,54.43024971060571,10.317985500376942,0,121.67977046063424,10.0,0,0
56,0,兵庫県,27.00240555966156,136.16005802050225,89.85023416236369,66.43882816705747,79.83650636617882,0,118.30957642711265,10.0,0,0
54,1,大阪府,19.815867487106306,110.43743767917655,56.90186032152844,49.7542359304661,30.453929713171384,1,87.65833133931896,10.0,0,0
60,0,熊本県,18.210140802296966,132.7505593590789,46.241517231979316,42.164788669279275,8.008730641472974,0,111.15316357665228,10.0,0,0
59,1,大阪府,19.303984251315896,119.85319180239824,38.14476597300799,59.876585800272395,13.49895044614077,0,71.02987782392212,10.0,0,0
41,1,広島県,20.88188433900653,113.6235028449776,141.96305108103726,41.43303470939023,18.70480220161479,1,114.52162647893772,10.0,0,0
50,0,大阪府,26.54273907193121,170.37544985834188,203.9682764241712,42.316194544303144,28.948896845604725,1,108.07048805987674,10.0,0,0
47,0,愛知県,24.416590173654622,115.36804569724615,61.30870209378428,46.668250798018846,3.1951978776621583,0,82.75532105449555,10.0,0,0
63,0,山形県,26.696665209841147,151.0950223091975,154.2723302849942,46.53262254318248,27.867715343211174,0,113.82903005961516,10.0,0,0
67,1,大阪府,24.10074388628938,100.22141945950841,83.82842047305328,52.65322855517381,5.980777272698648,0,81.23986317275038,10.0,0,0
54,0,秋田県,28.00572806143388,152.21223190356204,78.80508752267446,41.31165383754153,18.248728140544653,0,80.78620474309241,10.0,0,0
42,0,奈良県,25.141011570237573,115.67773891167056,147.12094368413815,58.19540311830562,50.725197802684015,0,70.80215051752681,10.0,0,0
63,1,奈良県,15.904275249819106,115.68901799657029,87.97372799065194,63.97604202602257,1.881240404365923,0,92.34075843776611,10.0,0,0
46,0,沖縄県,22.941161937545495,122.39875639221138,108.98006692776993,48.21416601774387,12.575972296242522,1,94.8282360882466,10.0,0,0
61,0,長野県,16.655721101079838,139.6434951141887,37.881650515405354,42.06593743830384,7.686120470842303,0,80.59716804292266,10.0,0,0
47,0,大阪府,22.302835393559537,115.63830832570225,112.02920467523249,42.71508317376989,11.121814615809734,0,80.36477141160444,10.0,0,0
66,0,大阪府,20.910322994356402,108.51266005497878,22.852705619927278,53.928940773820685,8.315741070806904,0,102.80528107442566,10.0,0,0
42,0,大阪府,23.26973020308139,113.86487870184463,57.913031664591166,42.901088806013384,6.762278699822978,0,104.90778776014139,10.0,0,0
50,1,大阪府,22.10581671949196,136.30679936589323,134.3546985266539,40.88381402961863,10.44794058260167,0,82.02868428545463,10.0,0,0
48,1,東京都,22.400841358375803,98.22458220011505,72.46782031551543,40.804659610800904,8.845208742443932,0,66.46806060357706,10.0,0,0
67,0,大阪府,18.698802018898093,144.9877339404268,56.95959106720076,42.390152898548635,33.41035616079078,0,103.72535526820343,10.0,0,0
68,1,東京都,16.992252331308823,119.84050485240346,57.643648862957015,59.38940239057738,15.6159956393503,0,111.13287616216229,8.591284893161843,1,0
41,0,東京都,22.620077566193817,94.71239847341457,36.173401047746175,42.07142110768131,10.13174184076811,0,81.23651014256171,10.0,0,0
56,0,群馬県,23.672088847943147,148.80512122440322,71.33130983972967,40.28735411538036,7.60996478157846,1,80.15495658440402,10.0,0,0
63,1,神奈川県,20.216621218950277,122.46370593445207,43.05302722997716,47.4063508708416,7.988663292144063,1,105.77642680473967,0.4130861857033891,1,0
49,0,東京都,20.715094368103774,100.68185515254898,76.45474271308235,60.00168715116307,5.9320931325457895,0,92.17366361065213,10.0,0,0
40,1,東京都,24.309614334534622,145.8173058222177,49.99293398783828,41.255856588896364,9.806682079042403,0,75.30020958359987,10.0,0,0
52,0,千葉県,18.477266243233778,127.33236363489692,59.052553797821325,52.91133251499537,16.489095981468612,1,73.68166791643681,10.0,0,0
66,1,神奈川県,16.417638476186536,123.63822725590532,155.93401340475415,46.41893690949201,23.39777213719979,1,87.21028267157747,3.851330925141564,0,1
41,1,宮崎県,22.831350870137566,85.66662631194033,81.8324079126309,41.12767453917248,10.856115510379265,1,77.07083094705972,10.0,0,0
43,1,福岡県,21.176123977413912,105.78757876338116,29.228048784675806,41.313921231846614,7.896938616876889,1,94.70876655527812,10.0,0,0
58,0,岩手県,34.047022721697864,166.1987539053167,88.04002547886171,55.11180586233007,30.8607551802568,0,104.75261410726458,0.5644279110544947,1,0
63,0,大阪府,18.41095740395404,134.44239154384167,52.89173443994939,46.128811260920024,9.026679165858992,0,110.88711096231637,10.0,0,0
50,0,大阪府,23.557607950221932,103.51484515417502,51.8865335371213,41.76139088166029,19.89700764469704,0,87.4597919457273,10.0,0,0
45,0,石川県,31.400114185446515,128.28795679304537,122.84591845074065,48.66762534468638,11.866089296577307,0,108.87146941871066,8.868296261744748,1,0
48,0,福島県,26.59230760756552,159.58408607260733,131.76696492747885,51.62256604332901,31.15039179612228,0,114.40816978053509,10.0,0,0
73,1,大阪府,18.890435648918817,127.33332071737507,40.79885617089654,61.80986192274427,9.29292026064225,0,85.23861234480988,10.0,0,0
56,1,愛知県,23.431526212089267,115.24328525585437,269.87887078364184,40.82167189508926,13.167239997367068,1,65.48461129363847,10.0,0,0
60,0,大阪府,21.58450691130218,132.67283972741004,82.60597234328435,41.83778095229153,2.941628461484797,0,76.08420579581288,10.0,0,0
64,0,静岡県,27.514547183677795,109.66564529908244,106.8736223246366,41.94242916377098,10.473894950238087,0,95.23686356927129,10.0,0,0
44,0,大阪府,20.306310286812124,118.37216027699327,34.14471418060661,41.46816338531365,6.139771827837598,0,66.6452990573774,10.0,0,0
56,1,福島県,26.266994523559433,127.41928709047333,147.20188553945886,41.31302538730935,28.552746697904155,0,125.63098012342046,10.0,0,0
43,1,栃木県,15.228427814953362,109.54121934243811,16.025183588216724,80.44302147223141,7.9902098428879444,0,73.39878830746241,10.0,0,0
49,1,北海道,22.30740540291965,127.64020904113578,205.08836726616067,37.37993414967652,3.0950382599832675,0,66.54694098891187,10.0,0,0
53,0,大阪府,23.99866698976492,136.67558295987317,68.5321417700111,40.840790593756466,9.716238699411443,0,101.52523853461436,0.18362614918645,1,0
58,1,大阪府,30.842788346559363,140.14108176494724,94.69404185491616,50.479655848135096,11.517179663371747,0,80.97602346788827,10.0,0,0
57,1,福島県,21.745163642412276,90.65703322974025,58.90463705095089,40.7596093272005,18.29605104874531,0,95.92132808501401,10.0,0,0
63,1,埼玉県,23.998470878101845,127.41571711687784,85.79133001539552,51.32484313704255,14.675219588760545,0,105.22411778357952,10.0,0,0
63,0,佐賀県,13.615346090329806,91.99082333942326,40.96209403688566,40.95204407490946,6.3885441245428485,0,62.69018078118136,10.0,0,0
74,1,三重県,20.19002922896763,132.1998923286766,123.0097318796035,42.907388206294904,30.756911399149477,0,110.23442442161875,10.0,0,0
40,0,神奈川県,26.308754640876312,101.25591909291575,85.84029310520488,50.63378308838777,13.685720817303402,0,86.24495158084518,10.0,0,0
42,1,愛知県,17.18126967929878,79.79846778630672,86.58794268564992,41.541075837068895,4.263778113924844,0,73.41297304506,10.0,0,0
40,1,高知県,21.683676129223635,101.29910201901622,102.55082601327035,41.01082301259118,12.294340822172396,0,78.72654679631732,10.0,0,0
48,0,大阪府,26.948675539423625,142.29626428664076,110.18755386701643,62.41388651959473,40.66901354564135,0,98.87705490611724,9.626941125434415,0,1
45,1,大阪府,13.79831175030536,55.557740181052836,39.23828038807431,57.68746605162765,7.930972277372161,1,70.68576173630669,10.0,0,0
50,1,埼玉県,28.553899967046053,123.22006215500322,17.993762328268797,42.34200426797692,60.71504736284865,0,90.1687175003444,10.0,0,0
58,1,沖縄県,25.384714692211574,130.75364337805354,61.06057105662271,51.62249378409549,7.9061097371135265,0,87.76211845255885,8.506674769806757,1,0
59,1,大阪府,14.763178808372807,134.4393596107558,100.84776627883134,53.242699886680576,17.029465692899304,0,119.42933526348234,9.75046372603645,0,1
64,1,大阪府,23.518228890463266,110.32811400858787,139.72456470049772,41.2181779470764,22.77806585870332,0,70.77113769227456,10.0,0,0
56,1,東京都,31.95459175360168,133.82775101208796,140.53424030632158,66.17273630420367,44.81314036748503,0,89.69461671700132,10.0,0,0
43,1,三重県,20.42588444433033,120.72069838659837,176.92114312402816,61.57945854769803,38.739854071924,1,102.37826201807546,4.081325223238703,1,0
69,0,岡山県,20.882939036092,121.1156059805777,24.245471441654683,49.575879283325385,2.3484155856950633,0,97.60254245997321,10.0,0,0
59,0,大阪府,22.77579888078262,135.82758721297546,90.02631177924833,41.67336385599089,46.77813753890857,0,96.43475144249882,10.0,0,0
67,1,大阪府,29.744124368857204,105.149386057208,130.5921747853004,41.4346843350299,15.83380345795926,0,113.64547090627231,10.0,0,0
44,1,熊本県,27.30450794679935,125.13856045372118,95.54319599963726,62.14252416249584,36.92536058537909,0,97.10240478918789,10.0,0,0
66,1,大分県,18.223621821681576,109.24167393975637,57.07020738064825,41.83971680306199,5.199180108497768,0,80.345897096031,1.9867432110665904,1,0
58,0,茨城県,21.806478870613457,140.32915263182318,105.63950805061096,41.62465384914139,4.638681736595489,0,76.84702295254199,10.0,0,0
45,1,福岡県,23.847678476990342,106.18956159375935,16.044054507515135,42.11101726500805,11.220365658211907,1,66.26348703516584,10.0,0,0
50,0,福島県,24.099315542509636,117.65041214185972,73.1546918918899,40.690368717343134,25.644378840773754,0,98.18916113966642,10.0,0,0
56,0,栃木県,21.45398990613739,128.99873307372314,17.930426132141122,40.08594633568272,8.923659414435201,0,74.7987912001001,10.0,0,0
42,0,大阪府,15.95011749963897,86.17288111470201,27.156449010933187,41.970446670009885,0.8920540878962772,0,69.87174511127141,10.0,0,0
56,0,大阪府,18.116736234844655,105.29233430227333,108.07861461009256,40.7787711873324,3.9016757528329613,0,74.56710135822054,10.0,0,0
52,1,静岡県,31.17443108921222,145.87343419652456,41.25479430626565,41.5636236740927,16.290313644485344,1,94.71317040273404,6.82926108343615,1,0
68,0,大阪府,16.505812593041362,121.99594106437642,82.61793387523586,41.61735294274476,7.898595719793251,0,97.2209501077831,10.0,0,0
58,0,東京都,24.988367227561767,132.51143680109755,94.53158863318427,61.50849661310757,12.867762696672802,0,110.70903214693142,10.0,0,0
42,1,山形県,25.77855471499714,142.95776497148495,127.79413540672559,48.56884997191539,19.57212864425818,1,110.15259327861077,2.290912837711561,1,0
46,1,三重県,25.116158357104894,126.17552507334653,62.58201594621817,41.898386237296805,5.1875065242519804,0,99.52066752438127,10.0,0,0
46,0,栃木県,24.614804186683333,114.3269829038759,120.28008216252668,48.31162101732258,19.72598213632943,1,101.90055957814916,10.0,0,0
71,0,静岡県,18.602375519401896,114.04706166316474,88.55110934627271,56.51281202332569,6.943291857839171,0,76.5016824191707,10.0,0,0
66,0,大阪府,24.936453839000436,111.17001772745384,161.3266966132101,41.27607819579044,28.942000290106844,0,105.01775871097576,10.0,0,0
58,0,大阪府,18.45240809637788,128.44639167657076,82.60692126760698,42.140341587151745,10.931956712298971,1,90.5686800075215,10.0,0,0
53,0,大阪府,27.113037659543846,133.98431729897766,108.10182581478787,49.166943087087226,22.695672702509427,0,94.67379922833881,0.6767377128386382,1,0
72,0,大阪府,27.381874721831757,141.264614720936,115.72864985594981,41.288511926186,31.20961111785271,1,84.67899517226425,10.0,0,0
53,1,千葉県,20.28082499536192,80.43054941149836,57.9231797071348,41.25281634781641,3.1888337625048475,1,78.63873576340791,10.0,0,0
73,0,千葉県,26.105428377723523,113.73741453192703,105.47075371005934,41.36617464044297,25.63383544493885,0,104.10364824004503,10.0,0,0
52,0,大阪府,17.065351591532906,97.33119077402652,74.86542799689185,41.473640976546285,7.792829298015587,0,88.59935341459946,10.0,0,0
73,1,福井県,15.373155122630765,132.19940814248255,69.60120418540045,40.5021719047816,13.870162073454246,0,102.6875635451662,10.0,0,0
51,0,大阪府,25.14679422517979,137.41279597549655,182.80848532565227,48.763621076119634,16.289010205187797,0,103.72574256036523,10.0,0,0
72,0,大阪府,32.19643368141751,156.35824198891558,538.8315198962409,34.16890312582748,35.810544721632986,1,85.16761643208478,10.0,0,0
54,0,大阪府,25.732916628684347,160.8272505418804,79.3504402772161,58.27918534664615,63.74333810880012,0,120.30913360910347,10.0,0,0
59,1,千葉県,21.49455003008792,108.68345461653067,27.563057729534894,41.76611268027116,15.403631679845889,0,75.65531961583812,10.0,0,0
51,0,新潟県,18.60865459848257,127.24492489388317,44.6740881270277,42.30798784078194,1.7561100297031258,0,87.1196414327603,10.0,0,0
47,1,長野県,16.969265722788343,120.82364277567744,62.106984103655016,41.055854654643404,3.4681804536542193,0,82.65188318071007,10.0,0,0
67,0,神奈川県,19.948835410407614,139.53959131781008,58.65325702835384,44.47688659966325,31.17797407276716,0,91.1832094167351,10.0,0,0
70,1,神奈川県,21.75437773554886,128.2062223815449,87.34525348874917,51.95001623797027,16.280855883428355,0,113.68582384047166,10.0,0,0
55,1,沖縄県,25.136978874781015,128.42485514871356,352.53893781768477,41.939397081626865,33.55682107556211,1,103.71629432010339,10.0,0,0
72,1,岐阜県,21.8419833867813,142.05098135521155,190.68160333545484,41.63245485375876,38.116086360857196,0,93.70834850843242,10.0,0,0
68,1,熊本県,29.797917171970134,132.49517092957385,121.01683524622337,40.70413235244011,29.38213731239845,0,91.04195519310149,10.0,0,0
65,1,愛知県,20.45882344355858,106.46416046890563,48.023277944006686,37.15472679278593,13.03679919858635,1,79.9173955789815,10.0,0,0
56,1,大阪府,30.696517477791502,129.84023922751263,159.62683663471793,41.45944812193454,97.8925588439766,0,99.27799621109806,10.0,0,0
74,0,兵庫県,28.95275599628163,132.24323396916284,49.71289813163053,40.95155129399553,38.63718637762262,0,78.11342072361516,10.0,0,0
45,0,埼玉県,19.902127841388154,81.15708884977387,146.8594047254142,48.215020092733276,9.37915120965875,0,85.36980172410045,10.0,0,0
51,0,大阪府,31.270169544360837,130.91001183546456,505.6050063232227,42.29800144069293,36.92606948934056,1,89.53067972047552,10.0,0,0
69,0,愛知県,17.459450407803843,99.90843848856933,78.12152992711879,41.621275505666404,5.920630329324164,0,91.68068613873515,10.0,0,0
71,1,石川県,19.859393040550447,136.73660343100158,65.89755452474378,40.905686553258874,7.126701716648267,0,96.70848911920987,10.0,0,0
73,1,兵庫県,24.070250631523326,98.0609759467306,42.13672461751412,42.23426287437675,20.756059716423234,1,88.92914591609534,10.0,0,0
72,0,大阪府,35.38089010093692,147.6092219434338,193.6855505863066,64.38995206460588,31.86199249676177,0,90.57208077475757,10.0,0,0
63,1,大阪府,19.590997079872785,124.39924923405039,44.41835537574203,48.29348343423859,17.004093958747518,0,93.01086508055722,10.0,0,0
49,1,栃木県,22.037969858056083,149.36669732143446,249.6928327551268,41.38532812527936,8.55368552974592,1,116.46213519564705,10.0,0,0
52,0,千葉県,26.270123412702414,126.56290405721307,221.42864410853846,59.42411009731469,33.397197810943275,0,86.00704527811976,0.0157255831212184,1,0
70,1,大阪府,21.65123251531862,149.8263273116784,128.47210260251913,60.8425538147945,24.9175166272738,0,79.19059683364793,10.0,0,0
69,0,栃木県,29.579082444988714,146.53854455322136,121.42037516890237,41.53867660265321,29.631953912512664,1,102.30669861865536,5.069710133008591,1,0
54,0,長野県,21.840023871671804,139.32964711322705,80.61832064909599,49.57701393992355,14.900230071216036,0,86.59042366805416,10.0,0,0
41,1,神奈川県,22.16754903466416,114.82486214298585,76.37001520304042,41.939388051870885,15.913166721843552,0,71.24782385319855,10.0,0,0
51,0,東京都,26.39448905462733,164.94676127291365,76.7544556181247,58.1081834163961,15.460454792815243,0,81.70392116360699,10.0,0,0
57,0,大阪府,22.486047033265315,132.22837350174416,73.00270244498144,41.674836642072044,58.22848790791515,1,124.917882057527,10.0,0,0
74,1,大阪府,26.09520844139443,125.12714437631202,191.5122484750656,50.39475502574734,19.867131843534633,0,123.89406302243829,2.1845098295875913,1,0
63,0,埼玉県,25.983863783794096,147.8285485008388,24.843983240601382,65.65080410263711,12.109366721037922,0,111.42410710356161,10.0,0,0
70,1,東京都,21.671434645115724,142.91349678424896,229.62339867682473,53.839255274327684,33.561141943461536,0,103.0226847088897,10.0,0,0
52,1,三重県,24.228671441378314,128.1822244492336,88.15443175252591,40.52950744196943,8.315718120998513,0,83.87086162686316,10.0,0,0
59,1,秋田県,15.261525382123653,93.96377813372742,61.064177545315644,42.25097188910576,4.274858427952487,1,83.25176596869393,10.0,0,0
65,0,大阪府,29.610991966351417,109.18604072036439,120.72857979165583,40.939031620474566,18.32761544461756,1,82.6845693741177,10.0,0,0
50,0,静岡県,19.80988057685535,144.83593181249677,45.751410877260554,56.08188991728298,7.422143649079189,0,87.18292940166904,10.0,0,0
52,1,大阪府,23.835329573179997,152.02216036691226,76.28104281206491,41.212498977656466,16.47693978528784,0,93.18141352677324,10.0,0,0
64,1,大阪府,24.35241913390355,132.2489295994196,81.1489723774358,42.352679843224344,26.67527321918939,0,114.20456999686417,10.0,0,0
57,1,愛知県,25.637390300412914,124.1426719317583,66.09281162940235,42.33430939872268,5.302548321220756,1,62.845326064660604,10.0,0,0
41,1,東京都,18.759954121984286,115.28269658144181,25.898128318029677,45.16943719092447,5.4992661739827495,0,65.92129752088974,10.0,0,0
71,0,大阪府,25.613802906098257,124.10079948345594,98.05856638112023,63.20537549730361,39.58172689048286,0,104.8979622946071,10.0,0,0
60,1,千葉県,29.426715990941332,116.91909968749795,145.60874747856974,39.72432285971196,7.846488802266188,0,63.58656325580532,10.0,0,0
59,1,大阪府,30.306977753824068,126.57764433088849,296.0130658505002,41.72058222094709,37.88796462222042,0,111.10606447694919,10.0,0,0
50,0,福島県,24.15280224771545,111.25108619553528,61.314268476074886,41.61426966036985,34.76135172302148,1,91.38570041040776,10.0,0,0
68,0,富山県,28.46142296589276,176.82175012446487,38.08510469766618,48.86288011900198,45.093152360826906,0,114.39905062195025,10.0,0,0
65,0,大阪府,22.619778942736698,126.80274967382155,75.98782514335998,61.76225908494811,14.812129663077677,0,88.84833947911179,10.0,0,0
40,0,静岡県,15.562002890778883,90.65218339125587,20.64407064143731,59.38955451213983,2.491936262333079,0,102.12550755132945,10.0,0,0
58,0,神奈川県,28.216517466028925,123.36203602484011,61.61639919200148,56.3685502320185,14.295123581988992,0,82.87599060059755,10.0,0,0
66,1,岐阜県,30.537848356413566,137.5857278061872,211.2637211915528,41.79693869818636,36.10751695371164,0,113.41786858435212,10.0,0,0
44,1,大阪府,27.178954061954137,117.65455475094521,276.90322468113015,46.127843512116776,33.51167474545864,0,102.11421792006179,10.0,0,0
65,1,大阪府,27.522269457619558,152.1305817911008,107.1128821589295,66.43616888749082,54.86585606192257,0,116.08683046571652,2.8908010761199217,1,0
55,1,東京都,23.546980130895488,134.96858414225062,25.209377512525922,44.62543567813245,11.89448229873516,0,86.39566878379227,10.0,0,0
61,0,埼玉県,21.996029931754244,101.95066743120182,87.18869085616775,51.81618029851132,16.077791911790797,0,89.73323660095036,10.0,0,0
70,0,石川県,30.098298401263346,143.6380650486153,167.977532628105,52.23228030231749,22.36005044218315,1,88.61999803378137,10.0,0,0
56,1,鳥取県,25.714261927166373,133.31700541459372,105.5972448723361,44.05899473389933,9.565204131253923,0,80.82462435468639,10.0,0,0
74,1,宮崎県,30.903759063722763,146.55449253845606,34.15853156853404,40.86915472005461,5.665066228386667,0,86.01245837062079,8.852714395110569,0,1
59,0,大阪府,23.271755520299415,138.75652607201215,30.42340332631836,62.663232305962445,7.878838980691486,0,76.67952236560134,10.0,0,0
58,0,大阪府,32.663887742122135,163.40099278843277,179.4285870079926,41.83908173197313,48.92113970982425,1,94.79254602590392,2.6947108217220404,1,0
46,0,長野県,20.211775858694857,120.87400180431031,51.27998731482001,44.185338541726985,16.500807168876975,0,104.17744685294083,10.0,0,0
57,0,大阪府,15.983953629542324,153.91183463748237,158.42209314742541,41.78597082941366,19.703383142619057,0,83.48673031646469,10.0,0,0
72,1,群馬県,23.982262190940425,98.82023596153691,117.89327618425999,40.29086376856936,7.8698461356339635,0,96.40862345864134,10.0,0,0
56,1,東京都,20.924467097894087,72.6887503259313,40.50066902769799,41.468294334956234,11.462202137373689,0,88.7063843694343,10.0,0,0
63,1,栃木県,18.817048466235097,143.76184320063828,48.97364072957723,42.23215104003005,8.788369282625894,1,72.10916166423233,10.0,0,0
59,0,大阪府,23.24440296504185,141.97910141239458,229.73431713762858,42.23670929440394,37.9361688774003,0,110.23993900383732,10.0,0,0
49,0,富山県,22.25306898304814,113.8350077849366,75.00009729668538,44.44782203129374,8.329295285772568,0,105.94726883828064,10.0,0,0
53,0,大阪府,21.480251544840968,118.75832952704901,60.001661262633164,63.45839833661963,6.987767962579965,0,118.60839664624139,9.594386737105019,0,1
45,0,群馬県,21.655153293554136,114.1490625441411,119.72201949530674,41.578944863442224,28.13982922666459,0,117.00427459104306,10.0,0,0
67,0,大阪府,20.43846798094467,121.31686729222508,59.54246373526988,63.04658948537488,9.231128806581907,0,73.61100923478382,10.0,0,0
53,0,茨城県,26.280032982663332,139.6977535007194,81.7527442608486,40.79265135907854,7.04310605251357,0,77.226788974018,10.0,0,0
