age,sex,prefecture,BMI,SBP,TG,HDL,ALT,smoking,FPG,time,onset,death
45,1,東京都,21.418158670073577,97.7922460028739,35.755438716311176,60.686590589105215,5.727443270165482,0,66.22954391303973,10.0,0,0
65,1,滋賀県,26.159398934621095,113.13359051260872,208.59509289711195,42.2292193732064,43.45558040889702,0,114.13834962083655,10.0,0,0
54,0,北海道,21.24578747672495,112.83959463803843,53.54251353870426,41.872572995299464,7.258504520999904,0,70.9978152288579,10.0,0,0
64,0,神奈川県,22.44026121148911,126.97093773190704,27.656669453286803,48.295310170541214,4.45141606038176,1,91.40760341855858,10.0,0,0
65,1,三重県,25.742410122119285,138.6084224801167,52.765768765670494,42.10120069349054,38.362637539344455,0,84.62514990127197,3.5372028168496437,0,1
65,0,千葉県,23.123358363315102,161.93053814547636,147.01012415406214,46.79598892053091,7.725008382897634,0,117.03135288308432,3.3562117141413648,1,0
46,1,北海道,22.556522523498266,149.37988546738785,68.2251268985325,60.69119350074583,14.82921708025648,1,98.90624846902904,10.0,0,0
60,1,秋田県,21.473717453457887,110.79297239580028,64.08517711427515,41.561675858766066,27.69875151097936,0,91.60136970684512,10.0,0,0
68,0,千葉県,21.570330551951603,126.91798563174513,16.344308112922985,51.374409889671604,0.8350830017386174,0,81.12947928859828,10.0,0,0
43,1,宮城県,17.769308531226958,70.82607380546656,81.12728947587081,53.48832514694877,13.006987127683551,1,54.59468937989102,10.0,0,0
46,0,山形県,21.998275742627865,70.00279652683237,26.2045923811278,60.54300540254922,10.864693933026743,0,91.58565690503795,10.0,0,0
58,0,大阪府,25.957607720613613,129.14849885758855,182.53625050043846,49.91678706996086,24.32019029972723,0,87.19414953385858,10.0,0,0
67,0,神奈川県,20.50807707041846,120.13394341831454,76.64940724658064,41.824254263731206,24.06191102780317,0,73.12808889953072,10.0,0,0
45,1,東京都,22.206143928357708,109.19622582033413,158.67954530322604,53.65579476021425,60.19230257277844,0,83.91816308921267,10.0,0,0
62,1,埼玉県,15.227538905726558,111.34251808639367,35.93610881138975,49.654457523487174,10.335513955696955,0,67.25817788434334,10.0,0,0
65,1,千葉県,29.55536056671223,111.63583090243583,187.72714959613108,41.044650562840694,10.025158652675618,1,70.73465350678276,10.0,0,0
49,0,神奈川県,22.483507312457515,135.77132848606826,45.21827296223739,49.41535079936966,13.856690400130864,1,94.32135697987042,10.0,0,0
65,0,滋賀県,24.85813482323317,150.52595446214917,49.232958811050395,50.71427375761802,9.436704506509665,1,97.6298037778855,7.41993558724651,1,0
49,0,兵庫県,26.045527854044707,119.50581512852854,98.06627207912436,41.589831285621365,22.025010766510707,0,97.1399506350693,10.0,0,0
41,0,千葉県,19.422293220364427,115.72242718732217,72.51528000658354,47.0306489473855,16.805483005285428,0,97.81813182198464,10.0,0,0
62,1,千葉県,27.216219926568225,163.11691436775996,71.44180299085545,41.89557245161336,21.781713025687342,1,105.40077101459816,10.0,0,0
63,1,沖縄県,22.50474770170735,124.49775080924232,187.97528063790648,41.350917019921845,9.276223326201194,1,112.68781729272901,1.822428052912652,1,0
65,0,千葉県,19.42235066674595,92.44711350135869,99.11544021939305,41.0736006215058,6.674164645862236,1,70.75910507923774,10.0,0,0
47,0,千葉県,31.221074560676985,119.12289302403472,39.55749628697179,42.49411240703166,15.123378417065581,0,86.81818007894336,10.0,0,0
71,1,大阪府,17.11273375175046,129.92443793689336,44.79156171247799,50.70487733836401,9.499055693437864,1,78.15535662794039,8.295088653526081,1,0
42,1,東京都,26.169809397970212,87.40401641162681,67.56972488033612,33.506577566299725,8.425153383155086,1,97.13207411059025,10.0,0,0
74,1,大阪府,19.518683689274976,149.3027723252648,72.5433460192826,42.095338231315665,22.582401073875968,1,108.52600901648417,3.0143362742223463,0,1
49,0,大阪府,23.575601997102567,143.77860290923923,82.59284075378335,58.92575430001511,9.288739350592195,0,100.83480514603778,10.0,0,0
49,1,千葉県,26.84874415467598,144.03248623956503,94.45799049553506,41.19114530872924,7.432672254840297,0,101.69947685942651,5.457817984352078,0,1
50,0,千葉県,21.844040599914813,102.52093703579864,84.61663745842904,39.00056714879074,6.8979634707618,1,85.57440075600613,10.0,0,0
73,1,千葉県,23.001075117181784,146.30211695762696,103.40909898199465,41.79735709452838,10.707211953177874,0,75.2342745332666,10.0,0,0
61,0,千葉県,19.67005691164816,110.0277480773383,63.49709655333648,43.17576708912992,7.2249442239455,0,117.87319382387025,10.0,0,0
55,0,大阪府,20.737335066615607,112.83936442293353,35.18096006241744,50.41464853232819,11.786236220084659,0,88.13431833535591,10.0,0,0
74,1,山口県,20.95803469493986,140.5433492043731,83.68250186324974,42.71895681814905,17.100235635540216,0,86.00851760161123,10.0,0,0
56,1,岐阜県,32.06457371804554,149.36801755974528,156.54490787257126,41.824638385359556,15.695754732267618,0,97.6677709217416,10.0,0,0
68,1,千葉県,18.063888134395867,106.13876065575482,44.253297128122746,41.14700079105756,9.581273537518026,0,77.1069671084525,6.993720029439711,0,1
52,1,千葉県,19.327693602899984,110.17961603518378,78.80460207037613,43.88844401683721,5.0390344472837665,0,91.1864564310707,10.0,0,0
70,0,山口県,19.295570824238013,137.49798820952338,157.60251052162317,41.46545156313579,21.004973512178374,1,113.07111945136276,10.0,0,0
66,1,千葉県,26.259777295760006,124.7808090401465,95.09392595900141,41.4548071714291,4.486533989206098,0,102.24599939620265,10.0,0,0
73,1,千葉県,22.316163172983437,123.76775291304368,137.3232888615843,41.616457825417804,8.901103014262667,0,92.42015905572507,10.0,0,0
70,1,千葉県,26.68498403292743,165.3833936924742,146.6687677107803,42.10964687639296,22.045766598363382,0,102.89125415316055,10.0,0,0
42,0,兵庫県,15.798557683194637,98.68290614961263,16.97416252512816,41.1053613018431,9.39632848815864,0,60.52220604701139,10.0,0,0
52,1,奈良県,21.042990199966447,147.08571511748633,171.50979292613022,45.701778167562075,42.021402584781086,0,98.62269845517825,10.0,0,0
73,0,千葉県,17.853908545336356,100.43050769197984,17.32096881858977,44.35498250773841,5.809111059895455,1,94.06864643720607,0.13446412636589772,1,0
47,0,千葉県,22.21351522041221,105.31064622379984,87.39155408751239,42.36050051930075,13.233484260187792,0,94.37000827256223,10.0,0,0
48,1,青森県,22.853675803310566,111.68971544633843,320.4459195905145,42.17229803180753,13.080759922584845,0,93.40151385511578,10.0,0,0
43,1,千葉県,19.223986495291005,112.82532411681743,82.47568404597276,44.91587442459936,31.123389114356755,0,72.88095822204188,10.0,0,0
70,1,神奈川県,26.77490122112009,123.60053564821094,147.8453500670155,44.842992931507396,47.48884150409248,1,104.5722881367948,10.0,0,0
46,0,東京都,17.99098429512845,89.09513794276633,17.41406822769444,64.88686366156612,1.5831128827276515,0,87.51791317440558,10.0,0,0
61,0,群馬県,25.801461171720728,126.25701524449792,136.29350200429943,41.04589547921715,18.802078884487877,0,97.97789194045697,10.0,0,0
44,0,東京都,31.916920065041253,98.75973919767969,70.39145388328299,42.597817967301026,15.192780988980614,0,84.84652785846558,2.3070915425707152,0,1
43,0,長野県,25.72722841948939,107.4318138564862,74.99090593475142,58.43171904746662,12.581945445970682,0,84.00244290512991,10.0,0,0
56,1,千葉県,23.935401730512062,133.5040905036607,60.59051533910334,52.71767052932439,11.676573316003749,0,80.36148309880147,10.0,0,0
72,1,福島県,27.81605720607888,145.36339446169083,117.1854342859619,41.658660232677754,17.388804239990804,1,86.66111009313421,10.0,0,0
52,0,大阪府,21.331331564253357,98.90189136001007,29.225851441867004,41.93252129741576,5.1253852186698445,0,71.70534901368211,10.0,0,0
52,0,愛知県,29.666971266797827,147.57798616996104,53.696442860087835,55.576524896197185,14.010676464379504,0,73.35153315806896,10.0,0,0
50,0,千葉県,14.940797528365811,104.32858413789886,16.995041401711685,78.63555331999612,4.787595381514052,0,66.29521379332375,10.0,0,0
61,0,千葉県,20.46317171073063,116.5453002319103,37.1716471485193,41.34510805508155,8.816995858385681,0,70.7913072578221,10.0,0,0
45,1,千葉県,24.169771683698126,132.7744810728917,83.15022027004899,40.50635687768367,12.707759508183733,0,80.36220186286813,10.0,0,0
58,1,千葉県,20.849320250914147,120.13112640562471,150.266858474318,54.35543516073002,4.494826452468882,1,94.3537245378609,10.0,0,0
48,0,新潟県,21.417161064059083,146.10226579113098,94.84639957029984,43.75725796879194,5.23728522340053,0,88.28009635959629,10.0,0,0
43,0,神奈川県,29.669125570744598,134.58433541237784,44.541513924575916,40.839990720687126,37.42758178596655,0,121.3889481661233,10.0,0,0
43,0,愛媛県,21.800541263067302,110.42396177788875,54.59213943456741,45.719091415196914,4.952969097551232,0,108.65676093629645,10.0,0,0
48,1,岡山県,21.902896016372612,93.94567174144098,26.68905739670478,41.55800948987291,4.534678450597456,0,89.1753941033331,10.0,0,0
72,0,千葉県,18.221106353338005,108.04369138409999,27.635236333601423,60.69427967978616,2.740373899211124,0,110.02566668674862,10.0,0,0
58,1,千葉県,30.367521019432772,127.46292875540315,200.33593476357007,41.337053351941,24.40149314179717,0,93.46957795048367,10.0,0,0
48,0,愛知県,21.624167745752274,106.0423573858687,82.47589658218803,41.74259944613481,7.715688816028617,1,90.62870048658611,10.0,0,0
62,1,山口県,17.268481778954104,149.93627441848344,75.5275835216808,43.619344969478675,4.348353935456723,0,96.26659308775844,10.0,0,0
48,0,熊本県,17.45265796555278,124.71331412649292,161.09529824419812,41.914586766684224,21.813089257706693,0,95.87772593488407,10.0,0,0
47,0,大阪府,28.383855067676112,132.72278018006062,366.89443656808146,41.99436955794543,26.948942933894934,0,103.99592212699585,10.0,0,0
74,0,奈良県,26.0216646827809,144.04958549007168,86.95419923424039,50.03600530310683,29.51811180637597,0,90.1929456342483,10.0,0,0
57,1,広島県,21.033924980250895,124.95934455203135,46.011875011992835,42.37779831795088,21.897689333886447,0,99.50300368950958,10.0,0,0
54,1,千葉県,24.30773837290209,123.31337409470703,53.82043892078461,41.50477774046975,14.552773532232912,0,82.07203076403415,10.0,0,0
59,1,大阪府,18.784824765752198,118.5685370735953,30.620722014790488,41.037697472338984,7.850074810087439,0,87.64843725459225,10.0,0,0
44,1,千葉県,15.756339717521541,80.99039948583501,26.22451020563127,41.20207617167424,12.983254560746085,0,89.1931922903689,10.0,0,0
70,0,兵庫県,23.241953142390134,122.28852566576103,78.52428443119564,48.78097582959047,9.76237999927902,1,95.07795957229871,10.0,0,0
70,1,茨城県,21.718669740335443,138.9071878437829,119.96106442082082,36.407920049349066,4.084085907663555,0,100.1038574111888,10.0,0,0
63,1,大阪府,21.260794118417518,132.06734233460372,96.9661289469213,62.740001943042294,12.723712151380063,1,115.29688135540451,10.0,0,0
43,0,千葉県,17.770423659416323,93.23925210916701,24.596705936872556,40.621003657593754,3.0919386728883063,0,72.1498023225261,10.0,0,0
45,1,千葉県,15.220356369390506,96.91959014784679,41.34219170952547,41.44594834159601,3.085808706957289,1,56.3608093011767,10.0,0,0
64,1,大阪府,22.022206421872177,139.0346181642084,76.58432264484955,41.458676072240344,14.636997710642957,0,81.81409482862888,10.0,0,0
59,0,千葉県,19.55382765048352,132.58341438632692,135.35154452583424,44.73147407926417,3.9271392774636267,1,74.19659536289575,10.0,0,0
42,1,千葉県,24.104658624466424,122.00167396937023,177.9606768141307,56.74512507986952,12.47643838795878,1,105.97858976721784,10.0,0,0
61,0,兵庫県,25.04964232776071,165.55730767009837,144.8642058107831,59.67534847132822,7.271782939450921,0,102.60784268378025,10.0,0,0
67,0,山口県,28.771255512235573,134.52798762551447,210.45639448981044,40.915405728542815,8.900949116746476,0,80.78192056131353,10.0,0,0
57,0,福島県,18.865760422461396,110.17230315931592,63.054318306209446,72.1989230467788,21.423612050166255,0,98.14529064840096,10.0,0,0
53,0,大分県,22.812216441396874,135.37190343336633,33.011380701279016,40.461588279218674,6.8414459251689195,0,108.74145040907695,3.8090469578403865,1,0
52,0,千葉県,21.838767894915684,121.91010442976247,150.99003729460867,41.34252856982444,12.82324456333077,1,88.53662244286778,10.0,0,0
65,1,北海道,21.72490325586141,118.61896780266787,87.36751541363282,40.24329579150031,3.579125313420104,0,81.85139802683473,10.0,0,0
63,0,秋田県,28.24608034215126,114.41048788514168,38.102013970522734,50.012058758767175,37.218091795530704,0,90.5597775540006,10.0,0,0
54,0,千葉県,25.449911370831433,145.0525681885591,59.966751917986755,41.590679809914846,1.781284550531299,1,104.27878741960919,10.0,0,0
45,0,茨城県,19.09868805853856,94.22388365435268,44.31415649280856,41.90707785617843,10.037867628430158,0,92.15296215351658,10.0,0,0
40,1,千葉県,21.05912076596467,98.16553700312276,131.51031596496762,41.07576033633799,8.010158806612177,0,74.76273424136464,10.0,0,0
68,1,福岡県,25.77154963539052,127.81585459334232,137.35058005448266,41.35455089235148,9.057260199155136,0,85.08281597523705,0.28678806925772055,0,1
62,1,北海道,23.551064913796097,106.78452092741969,58.95275836456216,42.74948978105677,9.479997200570889,0,113.08135823845011,10.0,0,0
62,1,千葉県,27.15399091489454,131.77596797199362,61.39059722881627,41.49902167391468,22.662643340912375,1,98.79093747327745,10.0,0,0
62,0,千葉県,20.987564527393555,115.25231412039189,57.73390532910145,42.556251139861814,5.569754066724274,0,80.50387457675066,10.0,0,0
47,1,福島県,26.15758983909797,133.70899315257964,200.9564663495539,48.56922051882043,26.730408085399155,0,108.41519696704117,10.0,0,0
53,1,神奈川県,26.437962767520183,155.3747568635443,92.95810423305926,42.59870587501835,40.6342216351482,0,90.65817074920672,10.0,0,0
63,0,愛知県,18.06062645993125,111.78331317157475,134.3142192407245,55.859822706600454,30.698737836278667,0,85.6013615347016,10.0,0,0
65,1,千葉県,22.735087877233568,112.36506499599564,110.80434108086853,53.34638553811305,21.201282453855605,0,82.22756171314956,10.0,0,0
43,0,千葉県,27.159774454170183,131.068028673602,68.20770476129246,41.70355192717878,19.813797010398957,1,79.24575781546044,10.0,0,0
40,1,東京都,25.969768640501897,76.41140523145701,46.95043698891948,54.04192814962907,11.264758931286718,0,76.61463407486853,10.0,0,0
52,1,石川県,19.517613213462848,102.16723228388253,42.385731436215714,41.69651640374589,9.137897015661698,0,108.82022391941443,10.0,0,0
48,0,千葉県,21.829526080863076,133.20731174399535,124.5376453620005,41.71070009966224,33.831826848426985,1,78.56950099123594,10.0,0,0
67,0,神奈川県,20.842577130045065,131.80272360472148,117.94615186888633,56.922082043878596,10.391998461599643,0,94.85863575874234,10.0,0,0
54,0,福島県,17.89629658802302,124.61585275720705,74.40019942395219,41.0469931442379,2.63032668922232,0,82.26059562769038,10.0,0,0
42,0,千葉県,21.718812812027352,132.89214762892396,147.57044933340626,65.34257947741116,43.65052059690165,0,82.43222514735432,10.0,0,0
68,1,高知県,21.416462647571468,149.38037116568134,289.8693966235287,57.126587436565686,25.150820712368922,0,107.91690394739149,10.0,0,0
74,0,群馬県,21.85448262347186,160.91453210835218,171.2155391475159,60.082442587020836,5.015733411001049,0,87.8864109016921,10.0,0,0
59,0,大阪府,19.842315565870873,105.81930336553575,70.91879437674186,53.25548536166078,9.413871854519037,0,80.73863669888067,10.0,0,0
63,0,千葉県,21.10591966628575,139.41202087706998,112.64443087391007,42.67839217695357,8.279196430569042,1,97.67555992703095,10.0,0,0
68,1,千葉県,24.561074269008966,133.3149670812699,121.44730620176726,41.437421276348445,15.194792828640335,0,85.74251455142526,10.0,0,0
52,1,大阪府,19.553933451101024,100.65243486500633,37.515425258747634,43.10112629402518,12.993600281215414,1,79.34235805600684,10.0,0,0
63,1,東京都,22.019435157961286,94.0255621623485,69.88204077564228,41.59704159601753,25.000413114321713,0,89.54075715274216,10.0,0,0
48,1,千葉県,18.356024255402485,108.48298144709881,37.679938637538335,41.93241320832663,8.501358751499899,0,69.34963589459679,10.0,0,0
62,1,千葉県,28.550513136803513,153.2572691851756,112.52694726525671,41.497553011142465,13.615337478730213,0,103.93094949841911,10.0,0,0
46,0,福島県,17.771353746748805,125.45138153454691,27.963664324836873,58.27090563437724,17.882465003001723,0,79.66126870170389,10.0,0,0
49,1,千葉県,21.15377385401702,113.67057144329945,64.70245608033046,42.66095928162798,6.0902479733180135,0,83.50025559564173,10.0,0,0
56,0,埼玉県,22.39394736689899,113.70962122047088,110.63591288317441,43.9038650832349,12.406592215065302,0,90.98067960764322,10.0,0,0
66,0,静岡県,26.12300353906281,136.78666157281558,107.68520818306268,41.406586462569905,22.38468179732092,0,114.18725768482564,10.0,0,0
73,0,熊本県,17.395639037897567,113.68838587232815,24.84818571205868,42.384664970411876,16.567727463811085,0,111.51882955541164,1.0478226346620065,1,0
46,0,三重県,20.673895632382838,106.06995109473934,49.907796856710895,41.477244123960176,5.664136636221626,1,73.68361441987435,10.0,0,0
42,1,大阪府,26.509585184579123,125.07469392870607,206.04610728801262,40.65777863560933,37.22350286814625,0,119.89028399445291,10.0,0,0
48,0,和歌山県,29.530841819077377,130.7836366406131,226.4854821192302,42.032557328901326,18.36755941171247,0,88.38830676107747,10.0,0,0
54,0,千葉県,26.1522477969019,139.03462882743733,86.79565490003097,41.56219626174266,16.946357559689254,0,100.51702078383309,0.9774933006370489,1,0
50,0,滋賀県,22.533307600417217,120.0502627366309,44.571390616655364,51.45441123688674,12.98088346333,0,74.24225560381018,10.0,0,0
67,0,神奈川県,14.270299049671115,126.33081730668994,48.95492935488102,44.22068590771535,9.141995454356763,0,76.229746475622,7.100315404536238,0,1
63,0,福島県,25.640801748652695,116.39555257417007,82.8375599610803,42.86282504528438,24.32775411821502,0,93.81983990664104,10.0,0,0
46,0,東京都,26.112379839386882,105.59323390536198,38.630601281324964,55.427975984176754,58.83380814678337,1,90.14452686872217,10.0,0,0
70,0,群馬県,20.358105731321125,91.70300980093765,77.73678589927957,57.110248594160645,7.2676404209611425,0,61.19406446633891,10.0,0,0
47,1,愛知県,22.50335016738789,125.03834673269685,115.75360798266225,41.20714158174623,18.845568149785752,0,72.23394113017213,10.0,0,0
45,1,鹿児島県,17.40622494763318,133.96686433298981,204.5588639548666,42.992483806373826,20.655468620607454,0,91.59181411998263,10.0,0,0
48,0,千葉県,25.149796205003554,115.63250795436124,174.7077388445289,41.699289619078954,6.2297279537357655,0,80.89701692706267,10.0,0,0
53,0,滋賀県,24.339288676147866,154.47539763764294,89.62380666337387,69.26406761833753,21.221885958669088,0,84.8749582858141,10.0,0,0
73,0,神奈川県,26.800577950121216,154.80138701797398,104.57030848300515,40.95780613796463,12.52404422037564,1,115.57077081569749,7.702402012888061,1,0
46,0,東京都,30.170975835859732,133.87362373317393,161.40080414017473,53.69997443290576,31.434186365690124,0,117.73213763922885,10.0,0,0
67,0,千葉県,24.016712999717303,133.31353626143164,96.64370564071919,52.16557393114105,5.916882427685958,0,91.39871316636943,10.0,0,0
69,1,埼玉県,19.230340938621225,152.48279564977025,137.85134608604946,61.66798028674457,36.6753438203122,0,124.16788986125516,1.7023860151170165,0,1
47,0,千葉県,27.551849491206127,105.48332388615734,142.66549965592998,62.53704782115472,25.21919328870209,0,101.19361967072341,10.0,0,0
53,0,東京都,22.225096768318323,120.30741742710305,56.33279440491169,36.488386845638885,11.037919550939769,0,93.46351735504606,7.414314615346632,1,0
59,0,大阪府,24.223568273935545,130.51559723258663,14.692292054203909,40.65080844431508,23.92090039765331,0,84.74697370055081,10.0,0,0
43,0,広島県,15.999679266198626,100.44469772298599,39.34955501743461,41.2715395397616,5.948635442405587,0,65.41285554266078,10.0,0,0
70,1,千葉県,24.624184889812817,151.39528583667712,236.28813759556732,42.09116984117561,7.842480631727423,0,123.34053750324286,3.401729155268909,0,1
69,1,東京都,19.556493518277733,123.66075214620481,147.06845056555613,42.69226061359509,41.034695811944786,0,88.18603890955565,10.0,0,0
45,1,千葉県,21.28890467132865,101.10439390942874,53.634648164282076,41.06288388397306,19.462808962615867,1,93.75965380870032,10.0,0,0
59,1,栃木県,19.623318643869133,92.5027677457167,65.7893933713968,53.21748384726686,6.681825531931157,1,99.47452761189726,10.0,0,0
42,1,新潟県,20.559954917088074,111.08636248407224,126.11013166632279,57.277146437545376,12.510837636574413,0,108.1203735356294,10.0,0,0
52,0,福岡県,29.293833918713762,113.15629899092745,179.947283127757,66.6916716046753,5.653694191729888,1,123.62303577815277,10.0,0,0
45,0,群馬県,18.712196236997666,99.7384350472115,60.331795471436386,38.4203958611602,7.7517144456698235,0,86.77172544562238,10.0,0,0
68,0,熊本県,21.657593618215667,116.8075282163778,65.47550102257546,41.378193844450884,6.324427851851541,0,120.10354805305326,7.707338803732484,1,0
70,1,東京都,27.558745482992208,161.2376429757741,101.92621460031779,41.33945631966605,36.50352811374533,0,119.14102181995057,10.0,0,0
70,1,長崎県,26.153408893490177,129.91438602932604,35.13615991661143,41.7259208513654,4.555431805873557,0,96.64864715879996,10.0,0,0
63,0,福島県,22.21352274497189,144.63175020790078,48.77521116049437,57.169960306082956,20.66978265344934,1,84.41614943053135,10.0,0,0
41,0,群馬県,20.817633068514347,113.90690971226036,172.1052494257645,50.04801625844796,35.45655520755685,0,82.46099571655563,10.0,0,0
57,1,広島県,28.993109424425334,119.25911555688613,133.39881685174944,42.693720635483665,31.418001105913994,0,95.74616899762684,10.0,0,0
71,1,千葉県,24.863846320268653,147.1330762388475,60.00196272094723,71.2159428874063,53.82739312627442,0,81.99654023908408,2.3352789685144058,0,1
63,0,栃木県,24.01385718036345,137.32623939026104,106.1576717905357,42.0217642555005,38.116095856156264,1,109.93817490959007,10.0,0,0
70,0,北海道,27.77443041573584,164.57754380505645,156.15755699282442,40.78916984415371,25.502942856440143,0,124.1615349077874,10.0,0,0
64,1,千葉県,22.007066906053403,132.96738894852257,124.42812669434765,41.765403441552245,15.19280273453931,0,110.77984235265505,10.0,0,0
49,1,千葉県,26.96582003699162,116.09349364138777,68.4217250489034,40.941197651517165,22.016038918506204,0,103.95665340382178,2.12293150085532,0,1
40,0,東京都,23.52815006373683,138.95705765652056,22.869352628854674,53.56707548628479,5.6447749609313425,0,76.09240834332742,10.0,0,0
42,1,東京都,21.249356443655365,147.58380472045556,138.4790848785378,58.65686744144251,10.974219661660252,0,100.01748673984389,10.0,0,0
49,0,熊本県,20.38691169790586,113.48564509750015,104.08226711249324,51.60968806927903,4.259037423027244,0,98.76325662987738,10.0,0,0
46,1,福岡県,26.09032919736075,117.05804230882765,98.30972884121418,41.50036930563917,23.690700892337667,0,116.43767262676275,10.0,0,0
50,0,福岡県,26.56805709845911,119.0047371092544,52.792772431916326,53.64611974667392,13.409483688495218,0,86.73438290895542,10.0,0,0
59,0,群馬県,22.617524583048027,136.46364486086094,62.06940167009666,43.25101007824943,11.118805868704543,0,86.19257155131042,10.0,0,0
68,1,愛知県,22.22341660281803,113.91267060386596,107.1491672122243,41.04633388945731,17.006322402683796,0,88.85804915735326,10.0,0,0
71,0,福岡県,21.46350066011422,122.18969892041162,319.71643685341104,41.12904570151387,15.471395153017216,0,86.30713531230643,10.0,0,0
60,0,千葉県,21.607287229297345,82.73666075411701,42.694440408818785,41.877334693647086,16.14646538467333,0,79.64922419812729,10.0,0,0
45,0,千葉県,29.631617798756206,116.77257616052131,135.8183455183153,40.694581497688645,11.853036562327002,0,112.63909275254325,10.0,0,0
73,1,愛知県,20.21986225523395,147.1710669116885,153.53775345924709,41.0216085464091,13.979740002360625,1,91.59423813424644,10.0,0,0
43,0,埼玉県,26.42708623371307,141.00204285041653,97.91109217594322,42.87109048323499,37.019904231292074,1,70.66880118330208,10.0,0,0
72,1,神奈川県,26.114022499073034,143.7856652576223,161.33414461842108,40.709461980332,36.72983632490585,1,110.00709994892475,5.444107095046744,1,0
49,0,沖縄県,20.38867241207138,115.48774613198202,45.47397000531178,46.93725716701255,19.868502652469545,0,85.38896787441287,10.0,0,0
52,1,鹿児島県,30.411320380709558,140.55013472321508,130.9586136288945,40.85729982190713,56.69284747578144,0,91.77705595854036,10.0,0,0
40,1,埼玉県,21.09494076943009,126.45505353218772,62.2339146421485,58.022503349163806,9.374569727933594,0,96.86171821623917,10.0,0,0
51,0,福井県,17.4890096031289,150.61615519122682,100.9150137765543,52.345699787286534,10.175942140318307,1,75.43557923545708,10.0,0,0
44,1,千葉県,27.196048171858795,112.3269889835643,48.06730415857897,41.49852780064789,33.283102177652765,0,116.41632533548014,10.0,0,0
40,1,新潟県,22.183961568003042,92.5558969558051,27.789937555128375,40.908631062836804,3.227862116533901,0,70.22916096160098,10.0,0,0
50,0,栃木県,24.40349532914455,128.22862609024293,167.92016808085467,54.77140963909537,46.40355743110498,0,87.81722373280381,10.0,0,0
65,1,秋田県,27.400231992477767,112.83951725173392,97.97494338699487,44.736486773413326,83.60732114930019,0,116.68837457799734,3.3463727289220913,1,0
73,0,千葉県,23.015905029565108,137.50039076970432,94.6252634885243,41.351519214523954,4.573544752610611,0,114.20105354972077,10.0,0,0
41,1,千葉県,26.833705504455814,122.69968197590804,68.1623302805862,55.21316334893376,58.97272661013647,0,77.10246880768398,10.0,0,0
49,1,東京都,18.95209223222632,92.3929164281636,17.85232703781298,48.92784895294176,1.2674810276084714,0,101.08106533855275,10.0,0,0
46,0,奈良県,15.939000440216468,76.2718565509279,14.669772520659546,53.51904558832422,8.922833227661204,0,90.23566931312263,10.0,0,0
61,1,千葉県,25.277193705307482,115.93435005596919,96.6463972064602,50.39519531521709,20.27523255287923,0,111.85555187590984,6.5467956703258094,1,0
52,0,千葉県,19.463342474398427,111.57838380587827,33.78820979820682,58.71805978240703,6.095100170926968,1,86.82323751162636,10.0,0,0
43,0,東京都,18.280314090015906,129.24541829207635,97.28146616261489,40.95335845031362,10.590666654691427,0,79.25323670137993,10.0,0,0
67,1,岐阜県,20.0166652625516,134.60082373036897,125.70724540632752,42.022090020088534,16.60982504376257,0,96.33157884731806,10.0,0,0
47,0,沖縄県,23.054034614660644,132.94945912997815,282.4156070824088,55.43612414867456,16.345563608584875,0,94.91646999188806,10.0,0,0
52,1,沖縄県,25.06892947382065,138.1540313899471,45.79974449890046,59.10886941454436,5.085302602056504,1,116.4672259832759,5.348204783983445,1,0
66,0,岐阜県,23.859225260512073,102.43121116536122,170.35958983143604,41.966301635003056,4.681779127115749,0,92.5706670513899,10.0,0,0
62,1,千葉県,22.023650665711315,125.04726383971105,40.07398187360478,41.45608110605311,2.3306136003038675,0,82.86441765586478,10.0,0,0
72,1,滋賀県,26.59377880619713,132.5625967921093,50.86041702171793,53.18308499990607,20.69892255583395,0,107.99108842587542,10.0,0,0
50,1,愛知県,25.75399693972367,116.66725808501164,65.81568114851868,41.92570675524551,13.283438529722957,0,90.72692010324404,10.0,0,0
50,0,千葉県,19.857671276789606,104.85971907643123,100.86715966867476,40.82492662635749,4.79608291126707,0,89.96371219337277,10.0,0,0
59,0,千葉県,16.353514544883392,86.88161804272643,71.58287449809649,41.162553218233306,3.271178894785202,0,81.2398052279192,10.0,0,0
70,1,千葉県,21.82537748872869,131.16931483592288,99.49902973188676,41.60754602510815,9.571558975193046,0,77.13768807888583,10.0,0,0
50,1,岐阜県,21.07817152073004,87.83023975668452,72.88702804060371,57.674333146380256,2.8678557384726404,0,67.92528773710956,10.0,0,0
73,0,山梨県,19.247739142920466,68.49351788410557,35.86379903564778,53.44786046381587,2.384079182971142,1,68.96250162979572,10.0,0,0
66,1,神奈川県,23.444335705954742,102.55782940847189,128.80068322715329,41.66475105053657,19.28639714731886,1,88.21812208371361,0.17218323448303768,1,0
72,0,北海道,25.295662657469105,124.16044566714403,264.0050730227725,45.36840000386635,15.8252186477701,0,101.2132777634097,10.0,0,0
56,1,千葉県,23.6594568204246,96.00945183701971,78.79410491513593,50.612565714106175,8.020820966225926,0,93.86869850935064,10.0,0,0
46,1,山梨県,22.99915203159373,140.39342412984317,70.78300776333032,64.37737147485943,40.62901804003209,0,121.30803032080522,10.0,0,0
68,1,千葉県,22.632894341821252,129.7690797571519,202.6300882098593,51.668243468513786,5.966892909076142,0,82.57528018043352,10.0,0,0
63,0,北海道,23.47986089493106,162.131086369306,131.61035104643227,61.58155862010521,6.924838690816128,0,70.127928596051,10.0,0,0
42,0,北海道,23.606676088694233,119.96469564715683,82.47525241729868,42.424043687919344,14.842507152668736,0,82.17668491263798,10.0,0,0
45,0,北海道,23.671931773028867,129.04278675417802,31.358821406378624,45.18917532578051,13.550430635164354,0,114.728508691443,10.0,0,0
47,1,愛知県,28.349950387267622,124.3530002023215,116.35461866062678,41.71087693667349,39.350395527492246,0,90.82842375265331,10.0,0,0
46,0,新潟県,30.850880057366226,104.05834458681898,60.24999657364635,43.06337805751257,14.984878956429856,0,86.03616504038628,10.0,0,0
47,1,大阪府,24.137504455154364,133.75581816057093,71.45126734268719,42.14545473945394,15.480867058067348,0,120.00595437327718,10.0,0,0
48,1,千葉県,29.53187015290576,146.01605871995955,158.364832142285,41.66845764695664,104.14116461248717,0,91.65909255609662,10.0,0,0
67,1,北海道,23.481291910874354,135.5081806195326,80.6760093192177,40.85501412881512,32.95600079053842,0,79.70662916703648,10.0,0,0
49,1,愛媛県,13.991854860897188,94.31503308671118,49.28952305195503,56.11444438893123,10.564697728175172,0,68.86500641722716,10.0,0,0
70,0,岐阜県,26.561946870606025,131.19637982146855,401.55281423227416,41.05260822143616,12.481360987804697,1,102.15362274530278,5.551688412706083,1,0
55,0,福井県,24.579700406761308,101.22774690503573,53.06068630718642,41.183006218528575,10.498194253262369,1,70.64983489731775,10.0,0,0
67,0,千葉県,23.28010065111007,127.53175829722615,112.7496445006986,40.68313901753835,11.536629044483309,1,96.6162848693537,10.0,0,0
47,1,千葉県,23.609308433019674,140.85059896907765,63.51447245775391,42.36454285576863,23.137945816355955,0,94.76288304224838,10.0,0,0
61,0,群馬県,21.05843508193818,135.10548429006468,189.27641954513487,48.78537729710244,5.3553551798863115,0,90.64297392025466,10.0,0,0
62,0,愛知県,28.73483772125259,118.98269361550848,70.5832045753845,41.634969150496985,56.95723464051425,0,82.65576634990664,10.0,0,0
53,1,奈良県,23.598916595454632,118.07715029142489,104.30023608190349,41.12495042211742,4.159281535307455,0,97.1483415724462,10.0,0,0
61,0,青森県,26.05181391858323,138.68026488487595,157.92059045215743,40.790326647935274,11.006410392405797,0,87.96065482701874,10.0,0,0
62,0,埼玉県,23.054121027937924,161.15732738018954,46.56913630979959,42.344635402179726,6.221584874751826,1,86.80219029159304,10.0,0,0
50,0,東京都,18.29424675739542,100.62690416410938,76.27450575447152,36.5778286862602,0.544669929914178,0,73.77628176916859,10.0,0,0
50,1,岡山県,26.554737463216043,139.0146858255003,76.93574394850783,55.57692586132964,5.872194108499013,0,107.6628320943093,10.0,0,0
55,0,茨城県,26.374133748261567,97.55896135506825,65.79219313242983,41.109941832325724,9.756430082980676,0,89.30545259446593,4.839231587078557,1,0
68,0,千葉県,27.74776824061924,133.3952140015558,106.75969593873171,53.62759465359849,41.54004327173425,0,125.0,10.0,0,0
50,0,千葉県,27.124764448655238,125.22440704863749,110.81250176149719,42.023847650237684,31.868113000526268,1,64.86110335556174,10.0,0,0
54,1,沖縄県,22.617792691942867,107.05253565711608,74.36715827071731,53.40264466330468,12.911637589792157,0,92.48283589795156,10.0,0,0
46,1,愛知県,19.22129309934495,128.89811310013732,69.5655472965054,58.21746564438083,13.409689265662387,0,77.34602448993127,10.0,0,0
62,1,新潟県,27.173288725273853,133.73708013613475,51.48165319123777,42.69110789411065,9.105827477296618,0,92.56359850578202,10.0,0,0
74,0,広島県,23.254922530115838,148.21631662529305,146.36479110521924,42.878936509021216,36.021685846672796,1,90.80671979048132,0.8660804802644805,1,0
57,1,神奈川県,23.260111923901402,140.33413608004997,15.104062698289386,59.421541268990765,7.857173874852645,0,67.08538864982793,10.0,0,0
69,0,宮崎県,20.94997172940264,130.6231237091681,161.73276010167402,53.83068430020929,19.00837564247209,0,78.58216583988823,10.0,0,0
54,1,千葉県,19.651689090852123,138.10598615972862,52.38841424783874,57.96732106118729,13.265250732482645,0,115.08264213103878,10.0,0,0
70,1,千葉県,23.419709707259994,123.67171854884089,55.639995777429654,55.210651923805386,7.279020452226094,0,94.44161444865291,10.0,0,0
42,1,大阪府,24.554022113337055,134.26758934083927,124.64466798106342,41.82475709582367,113.6835227952734,0,97.7544251129441,10.0,0,0
62,0,大阪府,22.28279145154599,154.74070375853825,48.62994314183939,58.83349346499679,13.060488795115658,1,124.05638336759087,9.428877386987601,0,1
46,1,千葉県,23.661290136563796,100.5715643471261,50.3682203187358,41.1524591163145,8.900452582365086,0,73.52336632292126,10.0,0,0
65,0,千葉県,20.26118444847191,96.97707735364567,64.20581025046485,41.523482369654815,2.7523075762811233,0,96.31865734998476,10.0,0,0
72,1,千葉県,20.82810740339243,127.56845219611162,103.72337528403165,41.24995204595115,29.200620693639603,1,81.94875757683393,0.8052980334735842,1,0
46,1,沖縄県,17.71435691496366,73.28332218595374,16.306913340640566,41.564917716093696,8.917595209136497,0,84.86881402245473,2.3439116939313953,0,1
61,1,愛媛県,23.269778913062698,95.36189572721248,141.6367080029114,40.842245212881444,34.962904234090324,1,85.79670394842263,10.0,0,0
51,0,福岡県,28.76354880752713,139.21901110928664,517.8972863835403,57.553380081163986,43.91724732835443,0,105.86441104498842,10.0,0,0
63,0,千葉県,23.295747286563515,145.0315639820564,88.66829668297792,53.08228714923828,11.536414381289092,0,77.31735534669389,10.0,0,0
51,1,千葉県,24.523119909781084,110.06977389072142,113.78651292565594,41.20268227754613,7.654284358050856,0,87.20208049380877,10.0,0,0
71,1,大阪府,25.017266303385707,160.17111047678657,35.06142304692629,40.41796844897635,3.339443918890435,0,118.52891981559883,10.0,0,0
41,0,群馬県,24.11344862553524,125.27956715683945,67.38861910057905,40.422074701782016,4.684914476535275,1,82.87552728323679,10.0,0,0
52,1,岐阜県,20.587174744850106,111.76417851614858,46.22285105052663,41.50356171106876,5.427959052097758,0,79.48682213333034,10.0,0,0
62,0,静岡県,21.854767860865287,130.27594795759597,86.68824344250739,40.40894513225301,22.106415051464054,0,86.22760467788989,10.0,0,0
44,0,愛知県,25.8025128925422,138.8884974031674,48.733237989478596,47.92269216965663,32.11955649836012,0,84.31581966424876,10.0,0,0
67,0,神奈川県,20.15236927946697,100.6359522561521,65.4212546337665,40.701428656298184,13.098320798559584,0,82.0241692814864,10.0,0,0
48,0,愛知県,17.87908119796832,106.32055614044849,109.44480939572333,41.34909015970865,49.46949517949083,0,66.46064669170077,10.0,0,0
70,0,奈良県,27.396044221323553,109.09094180991573,200.3722324178691,41.424558269194875,43.857398792380515,1,88.53619784049366,10.0,0,0
69,1,千葉県,19.48690449151387,141.81158039400154,156.34734291950048,53.402577761217586,22.002205819399677,0,100.82466785340299,10.0,0,0
61,0,千葉県,27.816755544718255,170.49407869368483,209.81593625247686,63.681364804825456,79.49880248633808,0,116.77253247900174,2.2324573723790238,1,0
74,1,兵庫県,22.622675508891447,130.8873433288134,45.28368892581988,42.893737153169155,16.340722360401607,0,95.69383648869047,10.0,0,0
63,0,福岡県,18.65108205135172,99.8434052263391,144.5631384770684,56.039226252376004,9.50615090555333,0,78.99007537547335,10.0,0,0
47,0,福島県,19.553014738983855,108.11842030446445,26.929693347553467,46.73149273742002,4.6369547163128155,0,80.34582434344996,10.0,0,0
62,0,福岡県,15.420161687949431,98.91216994847534,46.541018020139106,42.21503067562987,10.599843251560747,1,76.22189369869399,10.0,0,0
45,0,北海道,17.747228708682396,121.50255334299561,36.53185112441915,44.411517709993184,5.1871915130571775,0,61.182382252899906,10.0,0,0
46,0,山口県,26.966471369263573,163.71368250956453,233.3043217919223,42.226818000934585,12.005975451253036,0,76.59948249054594,10.0,0,0
53,1,沖縄県,22.225979980257133,131.16955202714496,206.09390305327716,63.044024810966874,26.190419710341722,1,78.76766180892898,10.0,0,0
73,0,大阪府,21.188944043724597,133.886147978414,178.33117870404763,41.78976554929837,10.20648811632046,0,117.0345304569714,10.0,0,0
56,1,福岡県,25.725465072285036,121.36635610310134,76.0097605810646,41.934577135878264,11.438851058577523,0,97.96400259625689,10.0,0,0
44,0,愛知県,22.6390348744511,125.39273788932606,86.75533337214696,42.2001061573382,9.74570968445293,0,99.14736555852114,10.0,0,0
58,1,兵庫県,21.4195081680822,141.05123607845013,42.75652546746898,61.75106096115135,30.653768663654475,0,84.55483626092486,10.0,0,0
43,1,岐阜県,28.973798665218713,144.95575183978494,117.22131786703432,41.30493580911696,10.507812350840972,1,110.71744376772789,10.0,0,0
49,1,千葉県,22.528462040104902,145.62279722275983,93.42953112247554,61.5340148230194,16.38737912868668,1,104.16384302831727,10.0,0,0
67,1,福岡県,23.987878115202346,146.61432385092297,101.90834710652446,58.775162504393315,56.97239210810667,1,97.50110063139947,6.619043256933295,1,0
72,1,千葉県,23.0804017547438,131.885265026431,26.82163628745363,62.54922534649524,12.724387064205683,1,60.6173722493917,8.444281793289049,0,1
43,0,千葉県,22.503556385284384,135.7592047603476,208.2032393511727,53.62831469244123,43.88277817220092,0,97.83474127453803,10.0,0,0
57,1,栃木県,22.213541219369638,109.85303953879912,75.03883357016188,41.981394870531524,5.518627230072936,0,97.61024347339688,5.3729878271456695,1,0
42,1,沖縄県,16.43785767969868,111.01838485098104,40.2930255843144,61.3606955111921,5.9704389832191,0,70.67747002467515,10.0,0,0
45,1,山形県,29.692291756007574,127.84089640746008,79.51315846553604,52.86977062912502,17.101411834087866,0,102.58738353460674,10.0,0,0
51,1,埼玉県,19.67421533417371,93.24284912578563,27.916390155186996,40.981490801631026,6.308907643504458,0,81.81261535699474,10.0,0,0
40,0,宮崎県,25.55805099792169,112.61285086392724,100.09895978639386,42.86797338432162,47.48921507337417,0,98.15874696737488,10.0,0,0
58,1,千葉県,17.463831840281674,133.96663649669722,151.54446375270877,42.570001020980676,1.0030629470415933,0,81.23140049764947,10.0,0,0
62,0,千葉県,23.080392209039026,134.7498650082979,34.92618652841378,59.35201018044399,10.788362245594925,0,119.77793749442687,10.0,0,0
72,0,千葉県,28.133670907382147,134.2686147319781,104.12510925129023,41.25010426308169,34.9689578897527,0,91.4076338994659,10.0,0,0
70,0,千葉県,20.98291345767465,87.46915086814573,341.9023152092922,61.33363173495787,17.58112338882359,0,109.0619547635314,10.0,0,0
70,1,千葉県,26.31209957628449,148.01532921752238,206.1509743028031,51.61436993314927,42.01347586307564,0,105.12364082810299,4.642368443599055,1,0
52,1,長野県,19.309675169266324,105.5922842295685,14.294573844429934,57.68702700959093,1.6330200626258768,1,74.3691370978013,10.0,0,0
42,1,滋賀県,20.507768749990515,179.08514024830552,75.55515217856063,41.525494553152164,4.777883400339155,0,79.24946780356372,10.0,0,0
66,1,神奈川県,28.80234127218603,123.97381335831314,222.26440049305964,56.562466457527414,52.384672952384996,0,81.3376296300225,10.0,0,0
41,0,広島県,25.089298071651083,106.37497710925734,100.90290347852115,41.470034976031016,5.750873540943,0,89.6232632242815,10.0,0,0
46,1,千葉県,22.40868097880378,115.56364104618093,99.00309116005657,40.63454878440229,60.63900757355889,1,125.0,10.0,0,0
49,1,千葉県,30.41085819000219,147.3597320865628,201.32986642101054,40.57382884104234,7.259671277672693,0,108.4084277420516,10.0,0,0
58,1,神奈川県,22.92696686838895,126.51252209391092,14.294969134978787,41.63964997575348,2.215325588119678,0,74.76875552421043,10.0,0,0
62,1,山口県,22.655748815642774,121.84791302942133,70.89034114040243,53.314850736554014,5.1326491769872495,0,102.69069277565252,10.0,0,0
61,0,千葉県,26.777360859983084,113.41612384539506,85.40595362351048,40.99521252907639,13.116583572883021,1,98.41634944316316,10.0,0,0
71,0,千葉県,26.56117301866503,142.1906597569457,255.97196766957592,41.53082436635562,24.297819514478515,1,86.64151349730575,10.0,0,0
71,0,茨城県,19.56294132276387,107.97117584108395,27.651962183555856,40.205182220188625,6.554923229444606,0,72.10582343990276,5.7510628665174846,0,1
59,0,千葉県,26.556075468590393,146.14509077099794,62.47751770401929,41.54092441254519,9.45052670993446,1,82.4165049548318,10.0,0,0
54,0,北海道,22.690577259719923,100.71386945300789,72.98427556743337,40.85798159073742,24.7044839738626,1,92.54491115392777,10.0,0,0
59,0,千葉県,22.019398966755734,93.80420366833752,68.20201932262547,57.13423728536265,9.540539814708271,0,65.25118727863834,10.0,0,0
49,0,茨城県,21.917420992819892,141.4388582025346,191.7253996323685,33.93984714145376,11.122100319061357,0,89.56490189526455,10.0,0,0
62,0,千葉県,18.8152773758538,120.065216162092,244.97136841863383,54.70567524270683,89.07342559878575,0,93.68598192936092,10.0,0,0
51,0,千葉県,25.58199765540309,105.3505147670981,96.74584732544892,62.561639698034014,36.671397455457864,1,74.40140883988643,10.0,0,0
40,1,千葉県,20.267803802208732,97.18811082153722,60.041022155911655,46.67828864051044,11.182273556010788,0,83.72486769329123,10.0,0,0
57,1,千葉県,26.64970438946347,147.730282958525,171.0173828838892,41.045718503583046,18.97673342014183,0,89.02896302437914,6.445124885871023,1,0
66,1,愛知県,24.645759909911988,118.83837527827735,92.98180550277502,41.75255045440818,10.67520037217961,0,105.93006648579696,10.0,0,0
47,0,東京都,27.18362817510114,124.69746272550034,141.6204210065324,41.571873938734996,34.713778784852636,0,90.74333927039528,10.0,0,0
54,1,沖縄県,23.48979754189035,161.03215472189078,104.61659667092141,56.11693530510925,8.142790141325461,1,101.3741776872858,10.0,0,0
53,0,長野県,24.865332171527648,102.57879370337355,83.66942566590937,45.09827926397285,21.79891825816168,0,78.47491794415289,10.0,0,0
64,0,千葉県,20.63777674994466,88.3364978238665,178.58446493193549,41.000589245600935,10.800394879284925,0,75.58547523919081,10.0,0,0
53,0,福岡県,22.283314369206288,126.33077734321583,46.680634904285824,40.8577707026766,4.555067944749744,0,99.45437677164252,10.0,0,0
46,0,群馬県,18.914567872991434,122.80193780234951,83.64257585021348,40.857191802914464,4.198191873172361,0,71.45497169880778,10.0,0,0
73,1,千葉県,24.03393847787594,161.15197184935164,83.35372044358374,57.593419442525146,40.913356167940776,1,122.8427117088946,3.454168417380649,1,0
54,0,大阪府,19.577703089974282,98.16559305270316,50.30475936706627,41.03733685923547,2.7255551617069727,0,81.82639081684255,10.0,0,0
53,0,島根県,28.641796450858944,141.74995748114844,47.22979645935247,41.984193825935975,39.08353075401323,0,95.93222180697039,10.0,0,0
67,0,鳥取県,19.422567205590084,124.71271728932298,80.61053492203567,43.2805604330936,3.9903387796601275,0,70.16784645101505,10.0,0,0
49,0,千葉県,27.83839239241817,129.01593869286432,39.679587123633056,47.73009819988376,17.589115026008493,0,71.36464197716094,10.0,0,0
70,0,千葉県,22.690296462119747,140.5648760422585,66.25684984014936,57.88423778838458,19.001013009825577,0,114.20952780445938,1.1595143646688373,0,1
72,0,千葉県,24.02989564070663,123.60802030768944,129.37529854305538,40.17085271408173,15.666474401447426,0,97.82814445876448,10.0,0,0
47,1,北海道,22.865282952298433,139.1972235354559,222.13634476935295,41.477886682702284,16.81864889705925,1,79.4554929136887,10.0,0,0
43,1,千葉県,24.659036739529895,123.4288161866152,132.14943933321572,41.34293446042259,14.048565366779792,0,97.9819242969835,2.045249599149476,1,0
71,1,埼玉県,23.264860900528262,161.39783466071358,110.55454653865763,41.55400404013242,14.021271364014698,0,117.9112180674981,10.0,0,0
49,1,茨城県,29.629769559746492,104.02996815820225,51.19424324320737,41.68273188802047,27.23545815631454,0,89.85979603977994,10.0,0,0
40,1,鳥取県,22.871995825307334,108.44043936054777,24.805286625111734,41.254340569319396,23.98035049306431,1,87.50625377100025,10.0,0,0
71,0,千葉県,21.853992919815475,110.8957163944216,40.96568470911598,41.25707910051518,4.9523250656463444,0,100.03352504102537,10.0,0,0
62,0,千葉県,22.327469833739887,141.99523404642645,81.35847861455306,42.11297208495822,6.439644782536977,0,101.69044222488782,10.0,0,0
45,0,和歌山県,24.58293496321589,126.320293311762,138.50061560935316,59.0221107088087,53.75423687973777,0,91.60065700083577,10.0,0,0
48,0,兵庫県,20.357340614489505,92.51899551143853,49.23326951939096,42.2826689895989,4.270947979918946,1,110.4585739642115,10.0,0,0
40,0,茨城県,25.545352221364514,141.43740505792755,38.07297685061296,48.19542071169542,6.6159696889885735,1,104.2855772126611,10.0,0,0
45,1,新潟県,23.848372254407263,134.29984157208082,150.0384847234056,48.00374887533215,36.4150784440376,0,90.84655723871332,10.0,0,0
49,1,千葉県,25.416442826085287,121.82667749096035,34.39155801789281,58.50037916557373,24.495395368884413,0,94.92797601478654,3.3749970712283512,1,0
47,0,福岡県,27.878415599459718,141.93157325029708,94.9334802853316,35.79979918246729,5.566403092138362,0,92.25321357500593,10.0,0,0
43,0,千葉県,24.756735011408015,127.61194484617901,74.87656606028483,41.29143119548776,7.960461421532815,0,98.47414601986746,10.0,0,0
68,0,埼玉県,24.8587640368272,126.32142037755568,19.96253656712402,41.465423778554126,4.248220009386928,0,111.17871681732885,10.0,0,0
49,0,広島県,19.528388851260747,82.71765136534673,76.8074836785954,41.46609024386776,15.27421292822136,1,101.78982492847868,10.0,0,0
54,1,愛知県,15.4690296962229,144.98353106089758,69.4389351061852,41.26864679261579,7.386977211305915,0,101.73999135963696,8.562188977129649,0,1
43,0,東京都,21.327689477785707,113.9479910380026,226.46087778563333,41.30415188195944,42.39785588673368,1,100.7920153953343,10.0,0,0
49,0,埼玉県,19.543318083547152,101.85142340492608,32.596767780516,46.105135541844255,5.212386445350541,0,72.08560674469423,10.0,0,0
45,1,沖縄県,20.498502201865477,111.34992507218682,28.305104437835315,63.905577560636715,4.556109797154111,0,84.75616458668016,10.0,0,0
55,0,福井県,22.09678130924164,151.27886164439306,236.25303796074164,57.49042104744114,32.34869336551782,0,104.3419121253199,10.0,0,0
56,0,北海道,27.392739941134014,127.53232623109548,164.3714811015053,57.593409384366325,11.499115503548365,0,123.90218449558392,2.2233130384755,1,0
59,0,千葉県,21.167626455795453,141.61738845098398,155.45151221603425,50.34413686514645,10.416361298631024,0,109.69837562781015,10.0,0,0
43,0,香川県,21.299205965873313,98.1555741239815,19.867469921206443,43.89745989116829,12.388250728654144,0,69.88206219222998,10.0,0,0
54,1,奈良県,14.125918249708656,100.82842359816814,27.593519311519177,53.766378870354394,7.316110442500523,1,84.61201121740508,10.0,0,0
54,0,山形県,18.540338778487843,87.40348720180744,86.70254676699129,48.75909344366314,39.14771751229884,0,108.92684204747079,9.156059353323878,0,1
60,1,東京都,26.256901290195074,118.80185243610238,291.56767311902007,53.419940855447656,39.28531168446529,1,78.47915338986743,10.0,0,0
52,1,千葉県,27.493422074149727,134.31798766157868,112.06846275105252,40.83730503288976,21.85944402804257,0,74.05279806278413,5.079791135412159,0,1
60,0,東京都,21.27952314524203,133.8752791778267,71.34827881298642,42.70881292127332,7.066225505011062,0,71.62040956906868,10.0,0,0
47,1,千葉県,18.313008761484152,134.9358909268693,35.0908206157051,41.2018180629273,1.1616990221801988,0,66.22026022221306,10.0,0,0
55,0,山梨県,17.404728386646028,148.21677465636358,63.695737979555076,50.79456143404147,11.479909399621075,0,105.64244289777271,4.824552619102116,0,1
56,1,千葉県,22.74225210715198,111.55028177808795,73.95988087644741,63.66134955554739,16.948324617003184,0,100.07400907408962,10.0,0,0
70,1,茨城県,18.181946728122565,125.04986748627161,72.57445319388069,41.83412787238446,2.1911903928556207,1,89.82281816837185,10.0,0,0
65,1,滋賀県,23.048861045533968,111.34983644432647,29.85642546769067,52.06819757107206,5.660050389466769,0,88.3250746861762,10.0,0,0
45,0,千葉県,26.115597270759253,143.14309923601735,66.76633055297702,41.75800711409675,9.460416006430547,1,54.60553574422417,10.0,0,0
59,0,大分県,29.5446973307868,137.48851424235554,116.98935864642552,41.80440692898422,8.719878459489422,0,76.20084933252231,10.0,0,0
48,0,神奈川県,26.53585073123008,163.00489434598603,156.54779432079624,62.520302884127,8.95231603660637,0,107.88219665350456,10.0,0,0
45,0,東京都,21.032907149317374,103.37561304749192,32.84253861979103,41.44914275409806,11.005516643541482,0,54.54392920714763,10.0,0,0
49,1,滋賀県,23.550563351283664,113.47122861372159,54.77562505071396,62.42279906033384,16.068574340267844,0,85.14920773671629,10.0,0,0
73,1,大阪府,20.299921377414435,143.16341462517866,75.79603023484744,40.620772605910894,7.571432003887704,0,70.81517743915268,10.0,0,0
47,0,千葉県,20.968387442087614,58.76373948259752,41.38213826134442,71.13327536062963,28.280026698387235,0,99.66362957840961,10.0,0,0
65,1,広島県,25.153473410788056,143.96645430984267,43.01173393904792,69.50867123419397,3.0972060396319487,0,74.64341321557221,10.0,0,0
59,1,大阪府,19.31820421503467,133.80138451079208,27.28021726054339,51.57931533590454,14.009478169225455,1,68.11056470346537,10.0,0,0
47,0,岐阜県,21.624690362109188,114.83971102350998,38.8269691039451,41.36665735294497,12.401198326627464,0,97.39605357474765,10.0,0,0
41,0,福岡県,26.16485762516336,107.80600741237438,81.33884194780092,41.53499987164934,26.146749516595126,1,69.67188846023392,10.0,0,0
71,0,千葉県,18.262532066904924,120.36911024923201,51.584625151394114,41.81708685421561,8.022432925534268,0,97.8145939338318,10.0,0,0
52,0,福岡県,23.638155278837115,140.2532307050706,173.75177415219613,41.591078439698535,27.533556192171346,0,104.9831120483995,10.0,0,0
59,1,千葉県,24.008348487306634,159.43877813907716,61.09446333648302,44.29076593992574,9.66101741461552,0,117.03191472706781,10.0,0,0
40,1,愛知県,21.468343991913894,128.05222497957138,51.67462443252502,49.958731509963144,17.227200890010224,0,79.4713886977814,10.0,0,0
73,0,千葉県,25.363043479524812,144.6349054054625,228.4491309691216,41.46909599485351,5.949666804139555,1,97.83419678410893,5.694183456107872,1,0
74,1,東京都,22.834170058964023,129.8819131618301,148.25443463438066,41.725553486044014,17.13503361506185,0,111.77840934696965,10.0,0,0
61,0,千葉県,20.74529235462186,115.06993684001125,187.75426510952914,47.12062091518242,35.27567202729436,0,99.09729932061418,10.0,0,0
61,0,宮崎県,26.806028787287808,145.51816184233888,103.29379294241761,46.13319058608829,9.460847173536841,0,94.44890528590281,2.0901513015696542,0,1
52,1,茨城県,27.05278296291178,101.01862926456742,39.543041800299584,53.642065140379664,6.252462752162041,0,63.64122313300235,10.0,0,0
54,1,福岡県,24.53028598198656,138.9413518778233,299.744828834062,41.121686075042746,33.73424119481751,0,107.98024757752461,10.0,0,0
48,1,千葉県,26.75103943352117,135.4451676268605,29.569521116124022,41.9474388390119,9.53709887655834,0,91.12089547183881,10.0,0,0
64,1,広島県,22.772380336194274,149.48262569278484,73.77677936657605,41.47196080801885,27.228233410789606,0,118.17038626337825,10.0,0,0
54,0,兵庫県,19.45465834890467,98.54494857989555,34.22582970518576,62.63752072928226,15.826768594049174,1,70.56174671883514,10.0,0,0
68,1,群馬県,23.096841769634917,103.38251330122803,136.25971092499734,42.07447998879571,5.167724507580839,0,106.01105616518569,4.846270655788128,1,0
50,0,大阪府,20.42251618335256,137.8824452765274,77.6454317515815,43.559901954720594,7.3201622293723965,0,76.54966507505941,10.0,0,0
71,1,神奈川県,25.80105549517955,111.2743340357855,103.9439384143809,53.763785546754065,16.33441690925102,0,73.1281785538928,10.0,0,0
42,0,千葉県,24.647580913380565,111.38626373405538,206.16493617419204,63.66132958414536,27.383055831285635,0,97.15954618050797,5.502653291286679,0,1
62,1,愛知県,24.717061932478945,121.03159173663937,216.59327173263094,42.43663723994323,7.866080737940144,0,112.06395266438045,8.775442011108808,1,0
67,1,千葉県,15.391744312749957,127.06575616692203,20.249886661232154,40.513560680637354,7.865010564428761,0,114.11809320061842,8.916041563857082,1,0
46,1,千葉県,20.768945468970816,103.3917621527797,144.2560252625078,43.32757868652323,12.329126108411222,0,110.78636066583717,5.89949989221307,0,1
73,1,千葉県,25.63457982287801,127.95249178169088,76.23242293500681,41.196863850321385,29.24095266652598,0,121.87198872132666,6.977476187655345,0,1
50,0,千葉県,28.343141957356913,133.10701424196705,88.13763444833263,41.32865857957402,31.368027782919732,0,93.32908986288001,10.0,0,0
45,0,千葉県,22.155183063479686,131.77239274701964,68.22433694804074,40.98106988504393,22.571840931223196,0,99.31756026733942,10.0,0,0
42,0,東京都,21.419527999180474,88.25819189827898,86.14666506670994,58.29424232466922,17.22110865721544,0,87.73681351796513,10.0,0,0
69,1,埼玉県,14.10117104192265,116.05425997479091,26.54748816879389,42.05822934583509,5.4305066052376665,0,73.11282874468024,10.0,0,0
44,1,福島県,26.505088227899606,119.4909682200949,95.86401856240346,41.58984426431039,26.079842197741343,1,75.17142866602262,10.0,0,0
57,0,千葉県,24.22597818290558,135.56188317505058,53.57144155519854,42.19932321895162,10.5747296550387,1,92.32766076903707,10.0,0,0
65,1,山口県,24.301819883121738,127.66147603601154,56.13643181020106,53.58598482977956,11.980344448920512,0,86.75914021714279,10.0,0,0
68,1,千葉県,23.819608068561546,147.0925229875461,100.86749161043467,38.594432764920235,10.236978325576175,0,96.85251927148104,10.0,0,0
49,0,神奈川県,30.33260544577824,117.2065456103687,76.3042585911646,64.71281607381695,64.4579576589249,0,115.29497579443087,5.419552950983729,1,0
45,0,新潟県,15.127141065007198,119.54077600699621,50.13262962734596,41.829651918452925,11.653350952513009,0,95.3785140942274,10.0,0,0
60,0,千葉県,19.56847478246166,109.24191091579483,74.96446501890428,40.83870881955756,12.71966874089289,0,95.77595826906797,10.0,0,0
74,0,静岡県,17.44345318829336,128.04669735989182,95.34658007189144,41.44361858889322,1.606173440936451,0,87.8428681221384,10.0,0,0
53,0,千葉県,23.36766410384169,103.32074132981234,68.78879128519353,41.465427972136276,35.996490828864914,0,84.2722230452378,10.0,0,0
42,0,福井県,17.791625598469796,76.38775681325342,88.12021963986855,73.09571443285162,13.239685470539097,0,90.74489846691684,10.0,0,0
68,1,千葉県,21.372201488861155,135.23669402447138,160.54940753828066,55.431248316679714,16.65343163061198,0,104.9842826226957,1.7132533013238789,0,1
55,1,山口県,26.652720499172833,122.70181993352243,104.29940005100758,41.79508535741125,14.98458796304677,1,106.53643251318614,4.218473959802153,1,0
52,0,青森県,27.401365626542862,107.82032539540728,62.69526484674311,43.698554796478554,9.879833621767391,0,70.67703801244261,10.0,0,0
61,1,静岡県,25.095674464805914,112.39055318432193,81.03872454333067,42.77837863163518,17.046152325058696,0,73.11507651382409,10.0,0,0
67,1,岐阜県,18.721257358518976,116.13749659226987,35.02192678474763,40.72830486351229,14.98471055783608,1,94.94960946661001,10.0,0,0
48,0,東京都,21.15101624975965,127.43278456111007,66.13929317358608,41.79183034877152,5.3373155827277845,0,92.07182993203332,3.805716499063058,1,0
46,1,静岡県,17.882059842496815,114.84769149477732,43.0432370226432,41.13027251308098,4.946526030414428,1,65.3252132597235,10.0,0,0
60,0,兵庫県,25.178280068349572,135.49190648187928,54.64544874328627,56.98414381955,26.66659745608413,0,77.9685126434049,10.0,0,0
43,1,北海道,24.840109202860614,102.96491456666556,29.626137644437556,40.825123632850385,10.677989310104063,1,96.62793761902371,10.0,0,0
68,0,千葉県,21.84154717685924,132.49921879499084,150.55932257281194,55.5539720230102,12.92938123249259,0,103.9514179057437,10.0,0,0
71,1,大阪府,22.346798199819315,139.5085391157771,65.44957376316565,41.21364061443878,8.907598948063873,0,110.03867048577054,7.071871489003155,0,1
61,1,茨城県,20.86132409035583,163.82077850356245,172.3444516292432,47.040408041295315,27.288848724898394,0,83.98671658385534,6.62614429495167,0,1
70,0,群馬県,23.868120401836777,133.96805248630173,71.01262315520479,57.68465565191494,11.010507196523921,1,88.73226675577433,10.0,0,0
43,1,山形県,26.573264099780776,137.8142468752464,83.67447764244174,50.71381918512036,23.09150117587861,0,95.1656682932431,10.0,0,0
49,1,千葉県,27.55735976327646,125.0312252853997,126.69824168593604,41.2363869946505,10.804949809820217,0,82.07621288943447,10.0,0,0
40,1,奈良県,23.99921664442697,131.63462916942086,35.49893073939194,41.48535324220975,24.1121632558963,0,75.86698169855852,10.0,0,0
69,1,大阪府,20.96553500828203,122.02185282295734,35.134458944779844,42.20713701720011,13.048226998675204,0,66.29463123389124,10.0,0,0
73,1,埼玉県,19.431033809297908,107.5121828361711,124.36381845119028,42.44825589574044,11.030507509508789,0,94.21981487876548,10.0,0,0
54,1,東京都,22.070860984476,127.92594546599479,34.87393285195811,51.47666418334983,4.203517585105902,0,91.60347207271444,10.0,0,0
53,1,山口県,26.46445966147808,114.42936794509781,400.71815925753407,40.32955550925894,22.48162354778195,0,76.0962700006277,2.0022886644445292,1,0
54,0,大阪府,26.373463327804703,124.59427401143853,29.5280960485647,41.98795027621219,10.496725621925414,0,89.75483033950036,10.0,0,0
54,1,大阪府,26.883357285989998,112.92951076217915,69.47865615329172,38.49295497182174,17.218613780172387,0,69.38390267865559,10.0,0,0
47,0,福井県,19.42150834193628,102.5380360718756,50.28182384290689,54.221624669312426,8.210360447942278,0,64.75602595256883,10.0,0,0
73,1,千葉県,26.50509994289407,154.76571460681157,56.32028955211335,58.30128100459126,14.51401745386056,0,114.1873216927355,10.0,0,0
64,0,広島県,24.411015624360285,133.79107450876205,47.11954227833598,43.54310803335141,6.952222575581496,0,97.76550962323459,10.0,0,0
52,1,石川県,30.834455358920263,147.57835692260952,161.61501032896746,33.95199075024974,5.238147694793394,0,120.66964786474749,3.1209811924814663,0,1
60,0,千葉県,23.440655580394036,129.93366129598493,64.60452915793039,38.54823114606598,5.508384947888624,1,87.21408835511923,10.0,0,0
65,1,千葉県,26.13722222159831,161.98982596337228,76.66589399136949,41.22621189669953,7.441685937754431,0,94.06871335419723,10.0,0,0
59,1,千葉県,26.11781733818814,127.20083689373119,110.70032823757111,41.19934672474828,11.482489712410647,0,88.53445641732678,10.0,0,0
54,1,京都府,19.6912289670247,119.05590059966455,34.84466704686628,41.63289022299717,9.591388918909862,0,100.52882388528954,10.0,0,0
50,0,千葉県,24.19744748289913,99.05828139798912,62.442247881312014,53.06403321084839,37.537151113312625,0,104.07735194488268,10.0,0,0
43,0,神奈川県,17.76482504230332,117.21019445497154,61.23671887668563,42.470744118584534,17.65667812267109,0,101.13043243972058,10.0,0,0
56,1,千葉県,28.924542150787417,132.20593024840383,429.5352772675244,48.80568430019596,25.056507233033518,0,95.7059967618316,10.0,0,0
58,1,滋賀県,26.96885972294322,133.8800121439047,58.500031427835,58.82403834682463,10.086581840048982,0,103.99837020741778,10.0,0,0
65,0,北海道,15.795342020308508,122.85823533871844,56.36049792603386,46.113687489630266,2.6063886936098593,0,73.6380693374628,10.0,0,0
60,0,千葉県,24.864500565328683,111.64812796526722,248.1213149455412,42.18069658702884,17.736638160542192,0,89.95068633791378,10.0,0,0
52,0,岡山県,23.522176276935724,122.01462028533678,158.34406009538307,42.16786802137086,15.824402864074646,0,93.75731647107979,10.0,0,0
66,1,岐阜県,21.22613344358875,132.1977507258977,123.74718915272928,42.199606405598324,20.572822829668073,1,102.36319823277509,10.0,0,0
45,1,愛媛県,19.77020401204765,98.52789602392329,62.320812373080244,58.8659800504842,53.77750259764704,0,79.88942798227417,10.0,0,0
46,1,神奈川県,29.91249035297288,109.30070489247129,60.57135244974688,47.3853940209824,29.31752036625928,0,91.36807742732573,10.0,0,0
53,0,福島県,18.787899375013986,131.94249772364276,86.00115293458786,63.66125980095506,4.445912630968874,0,85.90045602913763,2.0568318041544758,1,0
40,1,大阪府,17.452912974525937,58.62852268240144,30.059053382363984,46.37114019412563,4.4861482131744115,0,67.14412038740274,10.0,0,0
69,1,愛知県,22.3532969502104,123.59584101002288,97.29930992158937,41.79492939145582,12.486485801600402,0,105.68725433675426,10.0,0,0
58,0,愛知県,29.73294343900349,156.1689410772914,187.89758334960632,63.925815066139876,14.040327967745505,0,96.69023021694919,10.0,0,0
74,0,栃木県,27.809120433253135,165.7279156739588,156.90361302153002,41.735092112699775,13.175451102930209,0,108.67452416710877,3.564523842659643,1,0
47,1,栃木県,24.59950851597601,165.1353273603842,151.6580569068534,68.47616987479832,34.77093221020267,0,100.50827922693479,2.006100986556859,1,0
55,0,千葉県,36.193619320969944,187.70762366229786,172.29190877957754,41.94394858920578,147.7516502190484,0,120.71659586896712,1.4937883980013877,1,0
65,1,岡山県,22.91366013001263,126.58423468302114,191.29602148361482,45.148802537763316,13.142465500474778,0,97.88427587664847,10.0,0,0
46,0,千葉県,21.83160433580038,110.45909124995005,59.868919062900844,50.05045677361469,5.500962393071751,0,77.01791979255627,10.0,0,0
44,0,千葉県,23.75946778670842,133.7098540302669,23.83795999735233,41.86661044994982,4.783857295668578,0,91.33463540070412,10.0,0,0
67,1,千葉県,22.03158392812061,133.83198206074636,121.61738723641233,54.94329976247911,16.848517152555626,0,87.78420070942751,10.0,0,0
68,1,千葉県,20.754070094768828,129.56760906422716,126.04548183943456,41.366554356643334,11.966397462522494,1,67.36199604255312,10.0,0,0
66,1,千葉県,17.994142100549087,97.64416764816337,74.30007992911396,46.17082520738105,4.193349817995006,0,82.93351448313904,10.0,0,0
43,1,大阪府,20.158916427102444,124.34447643696089,43.38260238699927,51.470567763176916,14.552546777706231,1,94.91730934857702,10.0,0,0
41,0,千葉県,28.34153220408096,125.43219531081047,82.33916193052276,41.936130431514925,31.21167800964303,0,78.6409990334096,10.0,0,0
51,0,愛知県,23.511053111518777,132.96479601627726,58.86021541417622,57.59351689961052,7.913266568647615,0,121.82389604603331,10.0,0,0
71,1,神奈川県,24.20951110130059,140.12984528467092,86.79054996223314,61.78496702768446,17.140106460371914,1,112.71799615106048,0.8716651481484716,1,0
45,0,千葉県,22.954037803809133,103.9509420037848,34.92950117341024,55.424570365287664,18.557293906673387,0,103.74550355604875,10.0,0,0
46,0,広島県,21.829392283425516,106.89500253523141,26.035535312934126,53.39797712629749,1.618435815888303,1,86.35461672237616,10.0,0,0
47,0,北海道,19.017021129953072,80.60090427196135,62.40144138714989,44.750834742052916,7.9422657007943585,0,99.67342682996626,10.0,0,0
67,0,東京都,22.210513099982755,147.8890223054521,37.28708295093669,41.943604655150324,6.020488764989031,0,82.17704348959589,10.0,0,0
74,0,新潟県,25.919214067411716,127.3368636201603,140.56471447259872,41.869659281022464,64.48215540101715,1,120.21613854006324,10.0,0,0
43,1,千葉県,32.08590918965088,129.3630969350811,104.77333751766861,40.55187442805156,17.8882566752521,0,101.71452195343802,10.0,0,0
52,0,兵庫県,26.03240069838763,106.32259322708553,84.19543250179922,41.519003304287615,49.36511141991301,0,77.83607882223241,10.0,0,0
61,1,広島県,22.408943172222042,152.92231122215915,68.6249980806933,54.6576374169897,24.769866176702124,1,82.97349238251189,7.975306628956205,0,1
69,1,大阪府,22.93642909147237,108.08272887184616,94.6226074829839,42.444479238307416,8.01148650881652,0,90.26132071282689,10.0,0,0
70,1,東京都,21.729135792371704,146.9525318543752,141.32444419527903,41.789945191345154,61.89791397092747,0,120.26356892946141,10.0,0,0
48,1,千葉県,21.035132102997537,107.81514585406507,49.15201238676422,61.037303101171595,6.9231910384530435,0,104.96325914736867,10.0,0,0
66,1,佐賀県,22.09572155877753,131.89437226740267,51.05788145693468,48.533582118192555,24.042812131873198,0,94.33634213500608,10.0,0,0
46,0,大阪府,22.64199579959266,84.3126709647761,39.85623345408624,43.62966456373858,10.556935712339222,1,83.9975867509927,10.0,0,0
70,0,岡山県,24.40072560635508,127.53103187915583,154.6645247938821,41.79021296834572,32.686303158182085,0,84.00332380096619,10.0,0,0
45,1,沖縄県,27.125085812897083,104.03096625924286,80.91810407798755,41.74207551266372,12.976185856953823,1,90.55130465875261,10.0,0,0
48,0,兵庫県,27.708742369589807,129.28744991148702,86.75540590908611,40.36348725415814,13.196165575508934,0,94.20345752310745,2.047190986298956,1,0
43,0,広島県,30.66717696609203,124.33754466663746,62.98382453032703,44.325526643782354,6.685039360644776,0,101.17675338100968,10.0,0,0
42,1,茨城県,20.591841716665556,123.6844997638574,41.10083918779655,40.79935992554566,4.451418167110685,0,102.32433482111905,10.0,0,0
71,0,福岡県,29.606186734745656,142.96262632298024,476.38861026063216,48.91267029176551,10.336022155963775,0,107.63843437471768,10.0,0,0
49,0,千葉県,18.612491326633332,80.55606773542097,37.53478570601717,42.01295869874476,8.922239514734933,0,89.80563598012644,10.0,0,0
40,1,長崎県,26.118550252557796,156.47483458051198,67.88007583218271,40.09519178727981,6.548633809240303,0,76.09098193853924,10.0,0,0
66,1,沖縄県,21.250685466373817,143.9425719602488,96.63426260323217,53.00873886911827,15.968174429655516,0,69.07623991341407,10.0,0,0
46,1,沖縄県,24.527645573029424,113.78281690912854,103.21404409963654,41.86623206514374,37.86352486054655,0,98.30781896957744,10.0,0,0
41,0,千葉県,21.854098059915344,109.34680838283904,102.29868874271433,40.581628651824765,18.263735099498025,0,91.66124348838152,10.0,0,0
49,0,千葉県,31.742160248079184,134.3659447956705,69.56686322031861,41.151519576614135,18.97484038299071,0,95.19840681756088,3.9823443854792098,0,1
51,0,広島県,25.41540611859208,106.98209338765454,42.43744370390185,48.7867513282539,4.686480813493095,1,81.63585706602555,10.0,0,0
44,1,千葉県,31.51859187002279,136.44044183094417,449.0181805129478,39.05407160330026,7.896255215537837,1,102.76921524592048,10.0,0,0
62,0,石川県,15.443020724037423,102.72055336306887,75.51452884070274,53.773517428126944,9.720504500590357,0,64.79990617901998,10.0,0,0
45,1,沖縄県,23.52774970900637,104.76325243045821,68.07899407892977,45.19180149313071,6.577681099041096,0,84.57578269395638,10.0,0,0
42,0,福岡県,22.21416344536129,119.82834451493028,33.63192936053639,41.58414267613161,23.100479232301105,0,73.36283937675661,10.0,0,0
65,0,大阪府,20.68413735168993,113.2747665663488,79.16187703529047,41.69619166022226,8.355975212452655,0,112.39731175432271,10.0,0,0
42,0,和歌山県,32.62720356508205,140.7595350877014,56.62001676307973,36.56325984935861,21.4034947516148,0,85.29154553346424,10.0,0,0
63,1,福岡県,22.29116164391886,129.91472273871628,73.90708022004299,40.95792544040564,7.604669983546891,0,83.73902495757727,10.0,0,0
56,0,千葉県,19.23196169987243,130.23071865134048,42.438961159781044,42.107368703467785,7.814324800860939,0,74.77309402351426,10.0,0,0
74,1,神奈川県,30.436628124726873,152.10857100588623,80.32531835220034,49.68674040690036,8.683829757153923,0,88.53692679001588,10.0,0,0
65,1,千葉県,15.9280248772983,125.11873025204166,41.281975078448674,46.67703419208544,3.0928983267878283,0,92.4854561427174,10.0,0,0
68,0,愛知県,26.88200126520873,143.7550482040486,101.07406896620158,42.14971525278603,8.030945739033656,0,118.53681598596951,10.0,0,0
48,1,滋賀県,22.091492199473116,103.71280817458934,101.92810907284915,52.04056714811652,30.543909512865056,0,109.79728561749565,10.0,0,0
70,0,北海道,22.98625773328179,133.8151515877856,119.53166781844796,42.3670655749141,21.53728654208392,0,91.41987996405607,10.0,0,0
71,1,愛知県,26.157663430116717,161.4815573132952,98.42652304553134,41.33325840757842,24.101331003635476,1,98.75393041774971,10.0,0,0
60,1,群馬県,19.097184712033698,119.00813315629468,53.85970685379643,48.5642504132281,22.6826618879582,1,82.17575715036863,10.0,0,0
71,0,広島県,24.704283755763395,132.0989419349479,13.99339220080761,40.69838146674799,10.085290811535536,0,101.33381179730654,10.0,0,0
48,0,静岡県,20.284024470909962,140.89963434000882,72.54410286490278,41.04439771571419,20.439594406586124,0,107.37885969022011,10.0,0,0
63,0,埼玉県,15.668370484134696,110.51443599645187,14.305491757272062,41.5051404072237,2.4539448159186783,0,80.4692262005689,10.0,0,0
50,0,千葉県,25.52533684886502,126.21858573629837,323.488227123513,54.627602768815535,27.04379360597531,0,109.07420990623734,10.0,0,0
63,1,岡山県,21.468978415884035,116.23132498543794,70.30056274177258,62.53636667982563,21.399408975276735,0,74.95908550293463,10.0,0,0
68,0,千葉県,20.82098580699309,151.3470659235554,197.24718365033354,49.886167908856024,20.008542637125906,0,111.21946578778693,6.627943487828001,0,1
46,0,千葉県,27.402772910819362,133.87816571475014,177.32121032681852,40.50458571941556,24.65072870834538,0,68.52287104505363,10.0,0,0
64,1,埼玉県,21.09840933449623,124.7131208456171,139.37188315792622,41.97202487720892,19.75793644088953,0,97.04961747776069,10.0,0,0
46,1,大阪府,21.652191806685078,125.63949892761309,99.08873145801944,60.49622467260481,49.48994049091004,0,81.2327025532538,10.0,0,0
50,1,北海道,25.449278788391066,127.70709472445466,58.885390860686776,41.141501965456825,27.817795891186478,0,121.02893461415275,10.0,0,0
43,0,東京都,25.15026382658248,133.2543069960747,133.77168744480124,40.611832027722585,52.895295587763904,0,94.32602187885435,10.0,0,0
58,0,新潟県,17.54725854362134,97.638712311231,48.23121890853927,58.22683955825507,0.9780833630886598,1,90.63191991274054,10.0,0,0
45,1,千葉県,27.557631513041553,97.6636231122641,67.33160805014305,53.831528537115965,16.846039812461562,0,77.11283005395879,10.0,0,0
73,0,奈良県,24.986241689332193,168.1092858354117,96.55147542905755,42.65692574996961,9.535612375653328,1,90.48675804548138,10.0,0,0
62,1,神奈川県,17.199631371705824,97.55482816681311,37.90098563743139,41.71765741275716,1.6550937871028921,1,87.429588126807,10.0,0,0
44,0,東京都,27.485175529516496,144.03498432792054,173.34153992006546,39.15551413375054,24.723209170838253,0,109.49408895648406,10.0,0,0
49,1,千葉県,18.816199274618647,134.7875556622063,65.8420820129182,56.0470818799527,15.84090274229225,1,81.22844526372597,10.0,0,0
49,0,山形県,26.16798414317525,110.14500319458065,61.13569006771795,41.72723370786725,17.405803353894278,0,85.93823609071364,10.0,0,0
58,0,鳥取県,20.586473672154852,102.12545914813305,36.02264951714978,58.24479106700512,9.546888364186728,0,88.86195275857929,10.0,0,0
46,1,千葉県,28.343572733371353,110.52129986615941,62.28886260294461,41.156189630182155,11.92095936847973,0,78.28774509111456,10.0,0,0
51,0,静岡県,23.832233636865674,109.0491901123166,59.01661194466879,41.226845909890756,52.483597368389326,0,78.16369354682445,10.0,0,0
54,1,千葉県,24.87041583819569,149.34109686322395,81.18405917518723,42.03256478335862,2.826436889849168,0,87.99300233606648,10.0,0,0
51,0,兵庫県,23.87391283570058,162.49497460749453,60.4397101518342,41.58628923310224,6.8599047692227195,1,93.81462107167084,10.0,0,0
49,0,千葉県,24.036927095324426,144.63458427756385,93.07441570466878,40.617604372148904,67.47629398611514,0,93.76372815193909,10.0,0,0
55,1,三重県,24.69105133698638,118.049640372811,62.24989579698323,40.65746617758583,17.244920919390434,1,94.88229377544744,6.2229477315915736,1,0
40,1,東京都,27.29428709157082,116.89671132286541,86.21925074424782,51.23916347832352,41.2605550408712,0,90.87531972093849,10.0,0,0
50,0,千葉県,17.258235317693856,101.24421564956405,37.5323410546985,36.54223043451496,2.6299190017758804,0,71.22763222752636,10.0,0,0
69,0,北海道,20.964731424472237,136.81386616201306,27.888376723603454,42.182953980183264,4.396167346172799,0,91.66815825562496,10.0,0,0
50,1,千葉県,21.382416896268325,122.78512137518833,64.87743089994349,41.07180373338861,4.949253707512939,0,80.91618264298386,5.57626258886108,0,1
71,0,兵庫県,20.44347388164987,150.3166649284993,97.95224987904676,52.72184153360943,5.755952909592205,1,94.71321585356819,3.3777930155511147,1,0
45,1,高知県,25.80853900274041,119.79507116027949,152.78580377458826,40.6548165531151,12.907092268656548,0,100.48904713426876,10.0,0,0
67,0,東京都,27.494510934375672,114.35086084435068,83.69701262873254,42.42674805535264,6.3390628789148815,1,84.41491649081884,10.0,0,0
67,0,千葉県,27.341577109513146,138.95197594284153,208.80211160370845,41.881095685195916,17.164087119569622,1,102.96381134002108,10.0,0,0
70,1,千葉県,20.508104959369728,130.2443973650173,47.624774151683674,60.160178699974146,10.573214071126204,0,93.47513349122144,10.0,0,0
61,1,千葉県,24.985508486065257,106.32212163071205,87.41192287645353,44.71748374814887,7.335786280535506,0,80.8840332785684,10.0,0,0
41,0,大阪府,15.519307978823436,117.65111772162292,37.8805207216972,46.05879950541648,29.66174806545435,0,73.3678506300915,10.0,0,0
67,0,千葉県,20.508238313935934,125.48257359132617,64.66887426748703,44.71935829448324,16.24626420024357,0,96.31619444203073,10.0,0,0
51,1,大阪府,23.47087734197928,117.6089584119439,47.659561531398666,58.09842174890261,4.229200579144936,0,64.03866945491231,10.0,0,0
69,1,茨城県,21.33493743111908,122.01671553227983,61.13955440597834,42.089423237958776,6.876124885055046,0,90.69112318722178,10.0,0,0
56,0,千葉県,25.70016285665464,105.10626339145323,35.68481338428214,42.6522408050187,31.53635732750352,0,91.57438168276637,10.0,0,0
61,0,山形県,27.44920640831777,157.06446612562345,68.00111357238674,41.565921321268526,6.927490122267838,1,91.99982143016544,10.0,0,0
42,1,千葉県,16.504324327514986,124.72003353464059,47.48631346203825,41.30130377589393,6.92342322992187,0,112.66957693614934,10.0,0,0
67,1,大分県,23.34078335123318,126.21429968523903,158.3656907748992,40.90860418980633,22.419705238525086,0,88.19212157198429,10.0,0,0
46,0,千葉県,23.51665508644811,94.49595395187876,45.19019927545818,42.532780640754446,11.183264126827941,1,73.27604125060785,10.0,0,0
50,1,広島県,22.543272937639937,100.32764115455993,88.07596993036435,40.58038030196618,24.067693026561162,1,84.33440760067737,10.0,0,0
72,0,大阪府,22.510703415236037,137.45448114394762,81.0097886133935,41.878940857869615,12.886859611618956,0,81.1547319566177,10.0,0,0
55,0,神奈川県,28.070235906858866,132.47291836799977,191.531357677431,41.351224313330064,16.83208246151316,0,107.89472957557048,10.0,0,0
47,0,奈良県,26.0230336284525,121.98185598346328,137.1214299513296,36.70918092358949,13.298418235345729,0,81.0950755535171,10.0,0,0
72,1,埼玉県,30.40288200593193,160.1669879477621,83.0095801970545,42.85490471193525,5.964801972195524,1,80.20064442906602,10.0,0,0
69,1,兵庫県,22.158360701655255,170.66732561992666,68.70268657584279,42.72630262885123,9.613885789279694,0,89.74275943531191,10.0,0,0
46,0,三重県,21.296906041827107,133.3760718231797,33.945333580718064,48.81188129319416,3.0179151031586535,1,96.82217736428659,10.0,0,0
57,1,宮崎県,19.225949943006853,108.44899104619623,41.18776756976646,40.97845726542142,17.424429864826337,0,60.554392084837616,10.0,0,0
61,1,東京都,16.409072784280276,97.46658516943218,56.79052518406316,41.68492872141029,4.081244809417366,0,69.26520779277203,10.0,0,0
44,0,北海道,23.656221662355065,125.63968342873024,188.08058398497812,47.744714091256505,56.560962654710536,0,107.94677981750316,8.761006445462622,1,0
42,0,千葉県,20.819249741275346,92.40056747274829,14.960978459195054,49.41455458430122,7.226737657388494,0,108.84219169105289,10.0,0,0
73,0,千葉県,29.514054220400165,155.49363755704508,266.4126192769975,41.726426579986565,40.23969999609847,1,119.6162294161046,1.4919981333016892,1,0
54,0,千葉県,25.27431171401578,122.74048898158847,158.80290003566535,36.62538261756413,7.986544065624823,1,89.7538304439957,10.0,0,0
54,0,静岡県,26.13700980209572,111.62241756995327,261.51879281208744,46.29098753432603,13.966777687492833,0,100.27042403005345,10.0,0,0
67,0,奈良県,24.220349698237953,131.00814692198972,56.30492806267622,61.04505342412034,23.09717327058971,0,105.97906366997235,4.851466284987562,1,0
70,0,東京都,23.021416981785677,121.9075449137338,46.63435120238607,40.65749339557472,12.196872490378928,0,114.55487730426012,10.0,0,0
69,0,沖縄県,20.96536148090631,141.80388003509088,27.890781670169723,58.125630356192715,13.164602066462,0,117.28479917729358,10.0,0,0
70,1,富山県,21.320617085639558,118.64459670649313,83.01765455624901,50.0418662772421,2.6682333648635863,0,91.62758928942729,10.0,0,0
40,1,千葉県,17.76616345616017,106.415268569072,34.147451580286805,59.24952859186734,8.813812598033481,0,97.74931191581963,10.0,0,0
44,0,北海道,23.584881376680375,126.4655159312334,76.89045225483422,41.09112156680746,4.4123116449994315,0,94.84195396760927,10.0,0,0
62,0,東京都,23.369213671606158,147.4038312792644,53.524644243687256,40.82212388493122,8.501375174643877,1,98.72240386244192,10.0,0,0
73,0,沖縄県,25.976611140466982,111.61443563279161,400.8800332931735,41.40596688758668,41.35931560523669,0,85.45558849837026,10.0,0,0
54,1,千葉県,20.471107194038183,119.80791063245125,321.5774618571054,67.76591863543567,12.914446481751419,0,98.81500310156096,10.0,0,0
44,0,福岡県,33.34471361998697,115.84561609828825,322.9577789718128,41.965880355300754,40.166384082363166,0,95.77901788663675,10.0,0,0
55,1,千葉県,23.302541299357877,121.210265917781,111.28599336141309,41.10141675255104,5.4041528391708304,0,108.84228304469237,3.8402327757953154,1,0
55,0,大阪府,19.41305989327087,118.88529943804811,37.71705678761407,42.44764102526585,8.017885468646414,0,67.24426707246914,10.0,0,0
48,0,千葉県,19.24821226203532,158.92089724135053,121.59147276535182,41.43842266624828,28.998951318507938,1,110.98507128067672,10.0,0,0
54,1,兵庫県,20.279149648103836,97.21977605706708,35.53254935781082,41.381495749094064,18.323087955030786,0,81.81220512311585,10.0,0,0
68,0,千葉県,19.135777200070454,122.0346111470042,138.00475172787716,45.117201004007775,8.068058511642466,0,75.94895073540462,10.0,0,0
42,0,青森県,19.272213945906177,88.22630278378999,33.08864891497948,42.37808399822231,5.755608835505484,0,63.686760629569775,10.0,0,0
73,1,三重県,21.489174626720512,124.7944191266243,58.634055831448705,40.30956776454761,4.951841048751505,0,81.05188689231741,10.0,0,0
51,1,千葉県,24.582193886526042,134.608079012938,61.37986852219476,40.639746636497414,9.426799101421675,0,92.48349220974703,10.0,0,0
46,0,神奈川県,28.244739694948684,122.93050034238216,118.42394256293228,56.66799490183048,14.759323773403729,0,117.66095687348918,10.0,0,0
63,1,千葉県,28.56053951215829,135.76795283711928,120.08359468343177,51.99481379235925,12.260031640355853,1,101.23848657881122,10.0,0,0
59,1,愛知県,13.362877569362594,64.5114249721553,29.10626538547983,62.88008950500738,10.550435273005515,1,71.8375897725684,2.9412401320973127,0,1
51,1,千葉県,25.70943576605199,161.68801194076678,96.73764306008773,41.053124826416145,38.495191715170435,0,112.70675067246918,4.715763395359002,1,0
71,0,高知県,20.64240385528796,141.37870387234173,52.69180676052869,42.223373602911295,5.730713457721007,0,75.20046981135862,10.0,0,0
47,1,千葉県,28.83988376162962,141.57541361026628,207.73094551175993,42.555518001223575,12.399259173685193,0,105.16900679476399,10.0,0,0
49,1,東京都,15.988746771980935,117.85689127080293,51.654908847751464,41.335787339138406,7.439646852192053,1,100.2133603761219,10.0,0,0
47,0,東京都,29.662847271353286,100.2979445492895,120.14855940956224,54.85117212914647,20.551307454993918,0,123.51695772945028,10.0,0,0
53,0,大阪府,26.294845368091845,122.98153159213462,277.59329892532264,41.71154099966467,24.659840856470346,0,103.98626801703458,10.0,0,0
71,0,千葉県,27.754838664959664,135.6782329889864,235.48335923659332,50.881780602221625,37.77902076430743,0,96.08494957661735,10.0,0,0
48,0,香川県,27.495220849310755,107.8193446023682,147.14085751525096,74.00699328135838,17.212847579440062,0,93.40308466694836,0.9859457208510544,1,0
52,0,滋賀県,23.855295994090394,123.3134136912766,191.4217325819577,43.0959477439404,43.804689176766026,0,116.49876420934723,10.0,0,0
43,0,栃木県,27.27726852752481,136.67794855801924,88.14893073342809,40.58499813650368,6.354476737646755,0,74.10248043286562,10.0,0,0
70,1,東京都,20.471476712554793,127.17570786598775,19.88017884119359,54.735696265789834,16.11843832343592,0,76.28929619655868,10.0,0,0
48,0,埼玉県,25.076175701930058,139.70526990171618,98.11492010034011,41.78218082136672,10.119826009307406,0,84.03725195834643,7.97154112517022,0,1
65,0,千葉県,25.872680478352066,110.36573054107636,112.02857590873666,39.75378392467119,16.088185033628818,0,107.8944148009267,10.0,0,0
64,1,東京都,28.518860089475588,123.72925021658999,136.64927626918993,41.36406086321084,44.779464057181656,0,95.37652758668654,0.008213552361396304,1,0
45,0,東京都,25.80539547757546,116.66909499440747,63.47867734475628,41.71681272322422,35.66596622621714,0,73.42090228033632,10.0,0,0
72,0,千葉県,27.109382431053337,161.23431431989678,268.2130923932969,41.34033558241427,48.47409295826715,0,119.81827283823621,3.1780175871941077,1,0
45,1,千葉県,22.35406231278491,114.14676359281555,31.86699019480322,52.144410359932266,38.37258924555099,0,76.07428538416124,10.0,0,0
62,0,千葉県,21.037514980718157,114.35291049046687,104.84746007940359,41.15163496200005,12.329022612386808,0,61.36790038317621,10.0,0,0
49,1,滋賀県,22.99714395437365,142.9510853776193,106.84209267027965,41.805169203440514,6.654556180157623,0,107.90293514349516,10.0,0,0
72,1,千葉県,23.27853345068823,149.433807054173,236.3734481370727,44.24901399447593,6.92527507874619,1,109.05205414639977,10.0,0,0
68,0,大阪府,22.929713408761135,164.4758791325807,151.26460959235624,41.98091583194296,23.74166512446813,0,100.39794481480355,6.461680365167741,1,0
53,0,千葉県,29.153739553081873,131.87640327463714,103.40514409987806,47.61477354970873,14.776182269272146,0,80.72059950863994,10.0,0,0
71,0,千葉県,16.982665952722915,114.65777646601371,27.90624970329356,40.69631303625561,3.5750427721971048,0,96.6907318271656,10.0,0,0
67,1,千葉県,16.378072726496015,126.46028738762422,138.2563427525998,42.06713080616141,15.824402703054131,1,117.60001780282713,10.0,0,0
54,0,山口県,23.2888049271418,113.58125074848657,165.92689299816814,41.2560628475015,15.55365617014865,0,88.07279574948329,10.0,0,0
60,0,茨城県,21.740515473989696,124.288724997817,40.9668320688009,41.32761213911503,18.452818598954686,1,80.35800268860882,10.0,0,0
55,1,広島県,24.643947382760853,110.94383374851455,290.9672176004727,41.5921594667037,63.22921428921018,0,92.06054265382944,10.0,0,0
41,1,神奈川県,18.723678563295394,104.69842830350724,43.573081140431285,41.668174344331476,8.404664470071129,0,81.98438918767397,10.0,0,0
67,1,秋田県,27.35128058287361,121.49815721023879,53.60536705313614,41.3067459736759,5.25142653574938,0,104.98554260483532,10.0,0,0
51,1,山口県,18.548887737248336,106.4426388472883,14.700099772169887,41.489788715051624,1.1153572469142452,1,81.8387211374,10.0,0,0
48,0,兵庫県,26.148459236678153,118.43652471221665,71.39583944603585,55.88573790888198,53.77421258301258,1,108.76154767300152,10.0,0,0
49,1,千葉県,21.098684928840832,131.84653472106191,99.44578113745784,55.86350725964646,26.94489314133461,0,84.60387458404229,10.0,0,0
52,0,千葉県,23.51887071330692,100.83571489173599,105.7583723200521,41.974412423037705,32.57655558267352,0,107.8953719205468,10.0,0,0
62,1,佐賀県,24.188499143783034,103.23099810043988,42.67216791240271,66.97745459652614,11.668526186112759,0,74.76676094397537,10.0,0,0
42,0,東京都,25.074024279893848,126.21418803184429,181.60621523979546,41.45047550211575,28.517995440377515,0,80.84883039749617,10.0,0,0
55,1,千葉県,23.280632769015376,112.18860008085178,190.84920861025614,41.56584978936894,7.193091215331659,0,99.88297053505129,8.79847170682394,1,0
54,0,茨城県,22.290268471800612,137.30416758246727,34.926772063108054,62.57183360453121,33.86355750512039,0,87.63078351099398,10.0,0,0
42,1,新潟県,20.837742323578592,114.00822839954978,53.19366828401591,41.25889450752054,6.792424475788553,0,63.56037755089115,10.0,0,0
46,1,高知県,20.449194585604197,106.13528890657021,63.090182340103105,42.36464132172905,23.412545739015233,0,98.45635043682375,10.0,0,0
70,0,千葉県,22.02132355849473,153.28140732787645,110.81264285752651,46.53878948405077,43.714165731586576,0,117.92268037796512,5.788254249609019,1,0
44,1,千葉県,25.842655622631252,111.78382982206611,116.4767615653369,40.90853160853334,18.797361963529127,0,97.83056199881771,10.0,0,0
60,0,千葉県,25.701653322101382,125.42261252050204,157.5249723318473,41.380353344178,14.544823247636785,0,82.76885356146795,10.0,0,0
44,1,大分県,32.05314961026238,122.02472408309589,501.71480520286246,41.337029063787774,46.25121201667584,1,109.84476589114531,6.7144246387228685,1,0
51,0,千葉県,19.863480591162332,117.36564541291436,114.38719855689291,41.57695332737779,22.3262619879008,1,99.57674601840137,10.0,0,0
52,1,新潟県,27.169673117503216,122.16393362691053,26.5648711680317,41.795037315683125,5.120506440014156,0,87.44709330469341,10.0,0,0
70,0,岡山県,27.112702750167582,140.86751804039085,106.5478760258485,27.844334719872677,5.02409590433183,0,85.79423773757989,10.0,0,0
66,1,愛知県,21.84453903008774,118.9503915763148,25.77187408448032,53.897616819262815,7.259317512842886,0,114.53903926684788,10.0,0,0
43,0,沖縄県,15.939993621715532,65.41547999722228,22.135226609654637,57.6082829725449,8.742933687135771,0,90.88926833167666,10.0,0,0
51,1,長崎県,20.657088891496983,103.38417808442006,104.69087380708845,48.24253952762824,14.555301974613725,0,108.77362248875555,10.0,0,0
65,0,青森県,22.161605434201693,97.60873296956801,109.80801764927871,41.15241949195012,47.44200888182722,1,115.38942594102316,10.0,0,0
48,0,東京都,20.28593021146889,135.7717241365083,51.92374097545038,40.316433135478476,13.629646065039585,0,78.7276776133642,10.0,0,0
61,1,静岡県,24.98245294184088,121.40324487227467,27.94295202784107,42.23457541176014,5.24439619579919,0,94.58765987521778,10.0,0,0
54,0,千葉県,28.864070636238782,98.19087164680381,136.3203626240175,42.57006018382283,16.566655874609292,0,72.88550933654219,10.0,0,0
45,0,千葉県,24.449765781056165,152.94995947515898,76.9425418908745,42.1663148101325,11.607420716214936,0,82.85813185645304,10.0,0,0
48,1,福岡県,23.419295860436826,96.08119233025516,106.83353581303732,45.37197820728632,29.413825678738068,0,78.89214906131693,10.0,0,0
59,0,千葉県,23.960355752578764,143.28960798642976,112.08379089262006,42.137524781803315,25.138295486986376,1,124.27972668039148,10.0,0,0
59,0,山口県,21.169474879824918,116.6301666190333,144.56942414766928,41.131263188338345,13.055408983276987,0,110.60979223684002,10.0,0,0
70,1,静岡県,14.125371922384561,130.244198763474,50.13358236332769,54.3341401539436,19.319893006278768,1,105.80290403076958,10.0,0,0
43,1,大阪府,23.831628805420856,131.0088286143719,142.83441377733615,50.575322681568096,55.07737487819988,0,78.56452626599915,10.0,0,0
44,0,大阪府,26.638844196342195,129.71037444853167,95.85813802249993,47.79320970964207,10.049489073378645,0,123.32870076312258,10.0,0,0
69,0,千葉県,24.861251290646077,146.04157554842564,80.89945361119054,41.47381701544865,3.0770986894580483,0,92.75066966850267,10.0,0,0
56,0,千葉県,22.144030475769927,113.96242083794392,98.43621682532431,56.06943402861105,5.125088863141178,0,100.19703526734848,3.8238956786068066,0,1
60,1,静岡県,22.348011282586832,136.98244682590166,24.792104324956608,56.28913209806609,4.977408028757916,0,103.94346021700575,1.933178517186554,0,1
43,1,茨城県,24.6981728948634,111.01873628798991,91.15486735772868,41.48674453958937,10.090606858981475,0,96.6905900668376,10.0,0,0
73,1,愛知県,24.652806092182388,147.31468977486796,153.70521510659324,40.72304836769332,13.557490112299037,0,92.50273717167312,10.0,0,0
48,0,山形県,22.22201971365579,132.91468919765228,76.81195469706242,47.58315605720305,24.57643124273065,0,115.74474878210576,10.0,0,0
51,1,秋田県,25.976369179692114,121.88004491882796,60.09645103300848,42.039719917481634,13.972590967200938,0,124.13804990430046,10.0,0,0
45,1,東京都,22.39406323947871,129.91744919402103,26.567832537413747,41.40116636071502,6.46335469529687,0,94.2729266820253,10.0,0,0
45,0,千葉県,28.641509509780427,120.60053223602128,237.1270118181403,42.552805960513794,100.34505032713999,1,98.14609398188864,1.007644134461579,1,0
71,0,千葉県,19.670283138111856,125.23355124832258,196.74435914642095,43.0818383718406,26.094985136909656,0,66.53321749314716,10.0,0,0
67,1,埼玉県,24.626733615898562,98.33657795446895,73.70242700969717,48.507740475891254,7.066527102579755,1,64.6658772773463,5.849216770812294,0,1
57,0,岐阜県,18.260358363635483,113.5367767774698,58.72650185903417,64.124055225541,9.1359504873116,0,84.64348738509662,10.0,0,0
57,0,千葉県,18.79374146387547,77.10992595736732,44.747079417974454,41.35135647172316,11.680832740538055,0,102.96419434650404,10.0,0,0
66,1,千葉県,22.160012137747252,118.26315851566969,113.06628220123952,41.43694730340887,24.056167187450505,1,88.17863968544383,10.0,0,0
52,0,東京都,18.944953558466846,160.0973666314124,99.49966795179165,53.268645234213835,9.178075774774777,0,107.41251761092641,10.0,0,0
47,1,千葉県,22.72707124675729,101.0203450532567,120.2364410549124,41.943357430414984,17.180279318272245,0,77.77628800094115,10.0,0,0
66,0,千葉県,18.992557321232088,131.7574166987708,141.93659719713855,49.485090268334574,10.056730936555374,0,94.4306847379599,3.8302631470990973,0,1
53,0,山口県,26.562427798686375,125.25105936579017,103.51923864370553,41.49347568023555,153.84130382781134,0,107.79678093058493,10.0,0,0
66,1,青森県,35.13765577347479,143.26137459529645,285.69159397208125,42.34253080548501,39.99353639329827,0,96.6355892515713,10.0,0,0
44,1,千葉県,22.853455557782205,112.92551984988714,64.56090578625665,41.14976700963598,47.65539473409318,0,106.64353599007028,10.0,0,0
61,1,北海道,27.76255088230227,121.73344473531245,61.137059570167665,41.668931298884765,6.243776482899757,1,96.96881475141757,10.0,0,0
55,0,岩手県,20.884504240078435,131.06293499986376,81.88729270818463,61.260581971078096,8.151614331476775,1,99.11509039667564,10.0,0,0
52,1,愛媛県,20.502584356260318,107.25648332723996,95.1823526214468,41.11333845249509,3.5711664869781496,0,95.93697133921603,10.0,0,0
58,1,大阪府,28.567261979660124,119.75694025301767,105.84366251821172,43.302002319894655,23.86690790120793,0,98.1873769373409,10.0,0,0
53,0,秋田県,24.20885072888518,119.27275321571743,89.44886748793671,38.75183278154898,9.419062544641502,1,84.64142079810696,10.0,0,0
61,1,福岡県,21.2501644233427,102.11406386744582,135.41732308506803,51.121392319593255,27.82514676386835,0,104.39521076762786,10.0,0,0
54,1,千葉県,21.590813340584635,101.75696196390793,110.78952882121597,42.134466142500585,21.344774229700114,0,60.94473633622288,10.0,0,0
51,0,神奈川県,22.71703048338359,118.75963479015824,42.8154751677082,68.6377703419277,14.814406095389414,0,89.11266262330682,10.0,0,0
73,0,岩手県,23.128032167187918,144.37133524672103,80.6771980930847,41.30380024952857,19.110971889088713,0,86.03884603842984,10.0,0,0
71,0,埼玉県,21.66169739438943,114.06836276281902,236.81745895423353,41.54044044497292,14.71825776458017,0,117.18052337203059,10.0,0,0
71,1,岩手県,25.20365208014476,141.07102511720512,107.70392324738681,41.74176145121709,12.040310276121147,0,109.94989776791381,10.0,0,0
40,0,茨城県,22.41689491161495,109.9366546810293,48.40151885261142,44.45188590926267,10.88152672668979,0,86.63424442234471,10.0,0,0
72,1,富山県,22.20872769198039,122.81591155515754,101.8964462285107,53.98279160836778,21.898250862318896,0,106.74173406743603,10.0,0,0
59,1,山口県,28.777091544364865,144.9861129367927,112.12729063013,41.7256491579897,31.591128256935736,0,99.53683744706245,1.8763654717113616,0,1
52,0,愛知県,21.975905203414474,138.13698122784086,44.13981888679189,41.59046165161975,4.2545331995217,1,98.0457333454801,10.0,0,0
74,1,千葉県,22.639673486779312,165.92811177245144,177.66629278775272,40.66988787059557,19.046581035679797,0,86.28191262856957,10.0,0,0
54,0,広島県,15.506036329242585,121.88219214646634,49.03309694453638,40.598983426783704,3.2838241992269914,1,94.26248898306214,6.637488137518982,1,0
59,0,福岡県,31.742444583707517,153.58575956657086,88.36789680030782,43.68755634511164,21.355186955511922,0,84.75468337614012,10.0,0,0
51,1,千葉県,21.06621980535546,102.16737090636377,71.9451362651357,48.32933080541218,10.674272427805727,0,84.04441099409003,10.0,0,0
56,0,千葉県,22.741506151519904,143.95926935863076,204.69618000687254,40.72543647706602,13.41717032661007,0,93.82045680111584,1.4934192406273443,1,0
63,0,福岡県,17.59924087576042,92.81453188996923,81.32193940566674,67.8223218752763,9.281183294594852,0,91.66212712365734,10.0,0,0
72,0,岐阜県,23.013833829666297,163.78476891449486,57.68304237819445,54.33471307255454,23.905923093227454,0,82.8416098516592,10.0,0,0
67,1,大阪府,17.918310417806037,120.0952945855956,43.0110661954782,58.61840947404616,5.133053788487258,0,94.85764967261595,10.0,0,0
69,0,新潟県,22.704292088794194,138.17554938001484,44.34253238497651,41.58124718551084,5.514712137214579,0,81.06145775980691,10.0,0,0
71,1,大阪府,19.135546838994482,111.26726455484658,177.60267586929655,41.5878888458432,11.973496214836263,1,108.56735923562516,10.0,0,0
49,0,沖縄県,21.382752275790793,103.80673730012903,38.5165148694632,42.44042436271609,15.84102794979536,0,89.17015526635845,10.0,0,0
49,0,愛知県,18.548344689238593,126.86624610751207,26.063522719447533,40.696146649682454,8.083443571695442,0,70.50360284512925,10.0,0,0
57,1,岐阜県,25.198775678600846,97.37172228743692,93.70184018956134,60.59193064692299,7.943763827048796,0,89.10974072517513,10.0,0,0
41,1,北海道,18.90881390215134,98.32680599907121,34.84425090902902,41.90939329931926,1.1158768484588846,0,74.43881361344405,10.0,0,0
42,1,兵庫県,24.718330355680006,111.37070503904674,115.8240274979906,40.58585983620038,26.87616534865604,0,108.70338188005097,10.0,0,0
48,0,千葉県,22.34616335071419,119.6866736570878,104.55323370686888,41.74159111764872,58.91112184779193,0,84.71594148855867,1.1932343583385334,0,1
55,1,京都府,26.259776299166997,105.39658518878926,141.84881524399813,41.46503468501916,18.275423072192385,1,84.0054170337048,10.0,0,0
62,1,千葉県,20.577329114699058,98.54006726437127,122.86711250432016,50.69696338741545,14.784479225222647,0,86.39313418636011,10.0,0,0
69,0,兵庫県,22.351099136359846,126.92485469431938,70.64964834073983,41.522189500227604,24.636088668815013,0,110.6924578685504,10.0,0,0
66,1,茨城県,25.191792373123345,145.26072903037772,94.8343809824117,45.09254649422836,16.85137252111831,0,94.24847952818435,5.529607674348718,1,0
63,1,千葉県,19.624530060061932,96.74107428865784,116.71596675053338,50.52200428526057,24.904636982030407,0,61.87889128273313,10.0,0,0
70,0,千葉県,25.393160327724072,122.1793157118146,202.5880674088879,41.43864423095936,18.206779920210995,0,104.40947994034808,10.0,0,0
71,0,千葉県,19.448599531884497,112.4051879898791,49.3925864572984,42.12974153890433,9.275634298442048,0,98.97163095646653,10.0,0,0
52,0,山形県,22.329856252143244,133.93305314292067,45.792432181217265,41.04542985243692,6.798323991627541,0,81.44801989976692,10.0,0,0
53,0,東京都,23.335652947971308,145.0577911771607,37.965710494260065,53.892981354283684,9.132611347384877,0,90.7330438765319,10.0,0,0
48,1,千葉県,29.403579669617812,170.27629273506525,432.93933879018266,51.7674289988843,43.54510419205782,0,109.66340283222347,10.0,0,0
54,0,福島県,28.472740904418643,145.01416824904408,23.582861561715475,41.466534265296815,10.33640882979063,1,56.692386269786574,10.0,0,0
72,0,千葉県,20.283092803178487,126.51115454162925,44.84583055790577,63.803275050748184,29.253273382658296,0,98.67256036651118,2.0205990441332817,0,1
63,1,千葉県,23.845620611284197,122.46626662622909,157.58132356230124,41.72385054289397,8.806876027757474,0,92.9756883917641,3.150601524755726,1,0
55,0,滋賀県,23.280144136320246,167.34589118394152,215.1322141104965,58.863047311482596,16.816061607817616,0,81.41788988433437,10.0,0,0
47,0,岐阜県,17.447446927381343,65.08149414640467,46.461383391884574,59.593910292628586,10.62771405511411,1,94.58697707112151,2.898357268993727,1,0
67,0,愛知県,26.65217556919859,137.92977979833424,115.27387181581685,53.80748066092652,4.95231764075971,0,107.44072245647773,4.438802247521087,0,1
64,1,埼玉県,25.52539799348884,162.68245585367137,141.17921659280736,67.81417558205472,83.73713808102065,1,124.05524354848649,1.3956552264939357,1,0
63,1,山口県,25.08926807277912,126.90675496650938,60.80640714386925,55.93134486863676,8.501422106199746,0,81.14343328162991,10.0,0,0
42,1,岡山県,24.320904543036125,111.23718914193168,39.58740467367999,45.189782534912936,5.704494782640475,0,94.8414823158567,10.0,0,0
40,1,大阪府,27.571437468523307,124.67730374201682,137.54142537084553,40.168781630006485,33.2850888492241,1,76.89291558578418,10.0,0,0
74,0,千葉県,22.218716698434214,152.95989919005916,180.9029938139832,41.48483129024902,17.7203013512108,0,119.14759165037572,10.0,0,0
54,1,千葉県,21.14884817710189,98.57950016173136,46.485342734675704,62.30296125210895,16.66844444615744,0,101.18949331162239,10.0,0,0
46,0,東京都,26.56291986857261,97.5522673098008,82.03475159359259,50.57137730030374,48.529822501327644,0,80.74267241259581,10.0,0,0
65,0,埼玉県,20.594867161338257,123.49018898950244,126.46429310803025,41.59885393295374,11.600688151891468,0,97.71431075409666,10.0,0,0
65,0,神奈川県,23.659390819872627,127.96108661154678,67.30389015942448,41.5440686232063,4.549662147647321,0,106.64314470649747,10.0,0,0
53,1,長崎県,27.385694216687952,145.29540165999344,76.5672086313372,41.7082754065486,22.188901577298747,0,122.69877730457883,10.0,0,0
60,0,千葉県,31.83772637193189,137.00064167211255,73.77234957446132,41.04610481425005,8.659248529781866,0,80.13862521440642,10.0,0,0
61,0,千葉県,26.576476033658743,131.71219758157235,84.64289704919999,41.109913584489014,9.504430928722073,0,97.78220022158467,10.0,0,0
71,1,千葉県,31.44202402575496,145.26280076483513,111.01723846067998,54.99395993210674,26.952603118646117,0,123.22713165373985,10.0,0,0
42,0,宮崎県,27.12580974956273,112.26758544579091,73.74017724237657,51.432447713977325,22.968809373848938,0,78.57116573723428,10.0,0,0
54,0,埼玉県,22.72332227757084,133.1938974098493,79.85377649574573,43.048796911206,17.40859919156085,0,89.2226942689208,10.0,0,0
42,1,千葉県,27.351562731602197,112.52045701484505,131.3441812016672,34.81316678027139,6.692621135924857,1,92.76735556052519,10.0,0,0
59,1,千葉県,29.933321426988584,141.90979208935428,172.14952321943454,58.251744066964,64.47683783005826,0,118.6944779546155,10.0,0,0
53,0,大阪府,20.27899958136173,101.47786822739529,59.96998731855135,42.08590416558443,11.203903199707845,0,78.1941869773551,10.0,0,0
48,1,大阪府,25.959500093958766,114.36137134990356,68.67809143236494,41.3430402666458,6.056096393667792,0,72.0748762300462,10.0,0,0
44,0,愛知県,27.15731112462705,111.73805154708772,107.63038828479263,55.87685908522871,16.362177315126704,0,72.2060390394312,10.0,0,0
67,1,岐阜県,19.441871795199834,118.70792479556079,68.2954405937542,56.58278604378379,10.55003117664997,1,84.82939828875847,10.0,0,0
58,1,神奈川県,20.31291485836387,148.1823892602795,45.92152429445428,42.45728459275787,5.332497288829936,0,125.0,10.0,0,0
54,1,東京都,24.37674645185133,93.30760901290859,72.66771594830136,47.74732772549125,10.613314284143774,0,86.66126608649867,10.0,0,0
40,1,北海道,24.353262729422784,144.6336954174425,101.45354701170814,55.2155560444144,10.707266762878827,0,86.20813027353833,10.0,0,0
46,0,千葉県,24.86822518255426,110.15786430560412,83.82805061835985,36.71415303691955,4.587862147299796,1,77.13148074994947,10.0,0,0
42,1,愛媛県,28.779802764502087,135.77550636616166,241.7634258648699,41.46026998747982,38.58089668485324,0,100.60726552491903,10.0,0,0
52,0,愛知県,24.194710596514334,126.21362388443939,159.8176226390902,36.230913185297176,25.294097131599376,0,97.1440724526861,10.0,0,0
58,0,大阪府,32.50871522248783,106.89635158402969,113.90574156517539,41.80426934208948,41.23121688585658,0,94.15934982590957,10.0,0,0
62,0,北海道,26.15747239559354,151.29974221434554,189.45090652547088,39.26010681656624,29.807140284696466,0,106.40805569314588,1.0095143180558572,1,0
49,1,千葉県,26.141578431619926,134.9659966398201,161.57828875234438,41.54178307531115,15.37638554062428,1,93.89589669908817,6.446108478417458,1,0
49,0,北海道,19.44291930041194,106.00621518928367,27.283908702483284,56.34927218722305,36.78785572345989,0,81.10468109852712,10.0,0,0
66,0,千葉県,26.172502499755666,138.95354595890748,147.29531160207537,42.341420157678655,3.5085295347396457,1,125.0,6.55985326866513,1,0
58,0,千葉県,24.985350943970204,144.0328035037647,132.38974189251513,43.031524745630776,12.5666908013997,1,83.73469492326163,10.0,0,0
65,0,愛知県,24.6922659440686,116.77227462198424,76.8086794196588,46.0972190004784,13.212047793537474,0,102.17861245066531,10.0,0,0
58,1,静岡県,24.791052326954524,129.37055936460712,48.22981071766914,42.236611627188346,8.009420476226584,0,123.3517870290295,10.0,0,0
53,1,奈良県,25.225567113169497,141.26316847812814,87.2229266817513,41.503012257571605,63.66457337353324,0,84.92810750361949,10.0,0,0
69,0,埼玉県,24.727575477416103,121.49927525042689,95.6294540187449,48.285489146217515,27.751545238528017,0,81.81416320657101,10.0,0,0
43,1,千葉県,27.717928352642975,131.4269590862375,57.3733860932659,43.7559970630003,11.957077773844023,0,70.78303200421746,10.0,0,0
67,1,愛知県,27.234280195319155,118.92830680801238,131.58622972309655,41.55122646211825,15.12880849889842,0,110.60409327456168,10.0,0,0
47,1,福岡県,21.361591061689058,116.66195851522508,124.3977358707406,41.56159717289513,22.190303839840393,0,84.11376155371711,4.350534622727465,0,1
42,1,千葉県,26.37416407572347,133.6796000228419,83.64636868739046,42.85379840628951,24.61058154891013,0,83.87439809972237,10.0,0,0
49,0,愛媛県,25.558727414653244,117.3749256952204,146.56226083340553,60.58430443781376,49.11072379654696,1,86.80936222181674,10.0,0,0
72,1,岐阜県,19.579181836602377,133.3651083681315,52.156332242239216,41.33027861886266,9.289164205128959,0,76.41102584176927,10.0,0,0
68,0,東京都,23.980148881127715,93.24307796849254,137.62439346663587,42.9877840869586,14.006973961826768,0,85.48839936261834,10.0,0,0
66,1,千葉県,21.38816669851058,140.69106027226306,25.320352709195365,62.260026908735384,5.917542409543833,0,89.25270999825158,10.0,0,0
54,0,千葉県,25.39249971507972,149.34624051424115,124.79508045444209,41.49175533412134,8.007937460105545,0,81.8119638304397,10.0,0,0
44,1,沖縄県,18.997275913250988,122.59744429134584,37.57045458814237,40.826903468990814,5.857108665867704,1,76.96859280590226,10.0,0,0
57,0,千葉県,25.531052179572757,126.44703016859354,114.33564547734821,46.56118637355327,6.802437697267137,0,102.56594746984335,10.0,0,0
54,1,兵庫県,22.98159275124232,82.77142147157693,136.61373129328612,42.87726734442044,18.28290371127704,0,95.49431655184708,10.0,0,0
54,0,千葉県,24.106096049006005,124.56441308704724,34.85808506062644,41.84782886527521,5.753055845395994,0,113.89460728713476,10.0,0,0
43,0,大阪府,21.435182617346722,84.50050158981965,80.25815767686288,40.40884305485206,6.225654391143801,0,73.13894914547004,10.0,0,0
48,1,兵庫県,18.352644170420163,111.2165313228392,42.75586304629475,59.27839719486384,14.815039302936237,1,87.66415107541802,10.0,0,0
54,1,東京都,29.627173526596913,131.8628864208764,106.82449051323294,40.23045299196182,9.824394479186363,0,105.6867111382725,4.590066224218712,0,1
61,1,愛知県,17.087519523661005,101.91614343766118,38.34964603780428,42.25362789294668,4.789361944433395,0,84.43223338042098,5.825676358676522,0,1
54,0,埼玉県,21.18219073609132,128.11023487332648,50.49339151619858,40.7097152795066,4.277161890855038,0,78.9835154650889,10.0,0,0
53,0,千葉県,16.438496862079564,107.25722582725552,48.197699596017515,45.378212580400785,3.0938273020389966,0,72.18182689495664,10.0,0,0
40,0,千葉県,22.850354763219787,99.82479686645314,31.901193975029894,51.90270204920449,11.01058241369099,0,84.40040900036607,10.0,0,0
67,1,千葉県,19.580744230434362,114.78615755965176,82.99120939418046,41.86668984530002,13.560784039090896,0,97.02472301527013,10.0,0,0
53,1,岩手県,32.409481532259925,148.73161368430058,103.69075871552847,44.201556963533115,142.53600799920088,0,90.85173411925582,10.0,0,0
47,1,東京都,23.803302756227133,134.62774820505933,54.633455396199516,49.43156928795496,9.68408665056963,1,85.47863530876177,10.0,0,0
65,1,千葉県,29.8316149107,121.05746488406605,145.89116643406788,40.50577516765844,12.25501900450098,0,99.55273314316347,10.0,0,0
46,1,北海道,17.204456078740574,135.77261325047172,25.574794410878724,43.84561003018613,10.247522836506931,1,81.96260996239123,8.626394162693769,1,0
63,1,北海道,24.629584460290314,133.80180079049993,141.55829642800305,57.68449943870282,19.54317235925864,0,118.41178372579338,10.0,0,0
49,1,千葉県,22.139547007001617,112.1893764820972,34.14352503898342,58.0821077641063,23.409098318140366,0,78.67381857451312,10.0,0,0
46,0,千葉県,22.20748362485297,120.55379949635802,147.0029852912806,42.1047554616541,1.5527364709392089,0,74.55627278589719,10.0,0,0
62,1,愛知県,19.741024312012495,129.31356281558826,219.0570385949608,41.46028465667847,14.098198421398381,0,97.88478161704552,10.0,0,0
51,0,岡山県,27.899835892963633,126.00194663140174,56.36726526814084,49.65251063661408,16.567271755133923,0,95.90823642269045,3.386591743336566,1,0
71,0,兵庫県,26.50946915997235,140.61484300101353,72.0130176548095,51.66802923384863,82.82259422149743,0,101.09018999556683,10.0,0,0
40,1,石川県,22.731094794924587,111.46917990278126,68.62202838693975,49.896999228618654,17.413273440787155,0,76.05043955102259,10.0,0,0
56,1,千葉県,29.583738530247853,131.76524685347025,74.47129653237113,56.023271132026984,16.849639162667355,0,98.31095669243379,0.48407717447940507,1,0
65,0,千葉県,20.583514870662274,112.10183440454836,118.79754499494182,41.59846000945333,33.93718383055176,0,82.5227054111023,10.0,0,0
70,1,千葉県,20.535295615349824,121.91361282701673,60.89740775865937,60.68564438725971,20.681860951461864,0,117.2744744634326,10.0,0,0
72,1,千葉県,26.093291034300666,144.0335735640467,86.70478157856127,41.47753698434629,3.195458129274784,0,86.81200286000198,10.0,0,0
46,0,三重県,27.504490598040565,154.43567424902858,263.39815992822366,41.57144536907432,34.165284677487804,0,113.62425148687092,10.0,0,0
70,1,東京都,28.28529097073278,139.48561960389048,170.40804765071104,60.72097475226583,33.91706220151324,0,123.92232783537504,3.4928953473955477,1,0
51,1,千葉県,28.9621772372423,111.25899996450123,75.56051798472542,51.432802593340924,10.998177102103101,1,91.46971704308906,10.0,0,0
51,1,青森県,23.25800827009627,127.21063360306175,84.61230022351256,41.208079442993494,40.24966472271985,0,83.95350688117257,10.0,0,0
44,1,千葉県,23.600290270946783,94.91077888720842,75.90874031019173,41.523516739806716,12.335072454292439,0,77.36500056059543,10.0,0,0
56,1,千葉県,20.311382296961757,127.87944098743186,124.43811623913774,65.1681860467321,46.38900758394437,0,108.22393498570368,10.0,0,0
48,1,京都府,24.78311011529298,121.43022919862455,138.48736564092076,41.38612706087166,3.412007341510324,0,58.762493047994454,10.0,0,0
49,0,沖縄県,22.556243245799717,80.53618619922442,22.866660125126014,50.71405676232642,9.905855851498252,0,102.17683618377649,10.0,0,0
48,1,神奈川県,29.344303787508107,136.42832545033514,63.466650641159035,61.3732489043105,122.86882847864428,0,124.18304974108781,3.147763688254097,1,0
47,0,千葉県,21.147450869266947,101.8223340910184,194.17968487070004,41.36655658996656,22.42256823761835,0,86.40650921953987,10.0,0,0
61,0,熊本県,25.177198041961102,131.7322052102571,57.62287150998629,42.17397797903045,24.116712351042587,0,90.29316109359459,2.930348234659033,1,0
46,1,千葉県,29.771667409156798,132.8019710057853,63.58307556761985,35.87544901964634,6.976795610862313,0,87.5072034130769,10.0,0,0
54,1,愛媛県,17.118607932493802,100.41649738735522,41.33877221047363,41.56225534376574,4.55644769266078,0,76.90218075016723,10.0,0,0
65,0,千葉県,20.73754916083211,116.6167711564874,51.05894357968036,54.44749297339489,10.386260553367165,0,70.78680469314989,10.0,0,0
68,0,千葉県,22.853438341581928,128.12976722653613,113.65698962055937,44.26110733729631,5.751584679167183,1,98.39735262644463,10.0,0,0
60,1,沖縄県,26.031095950480307,137.2913507818293,39.49137096982623,53.65796135529375,10.263963442806256,0,86.6540731729379,10.0,0,0
61,0,愛知県,24.188395154606617,145.53562207729627,12.67067834359658,54.405340851100775,41.6538716007916,0,91.62076887327162,10.0,0,0
60,1,千葉県,18.31555166591419,135.8357693993032,29.61055799911652,41.071172017510065,4.9513853276051005,0,87.67637894512055,0.757815851412711,0,1
50,0,岩手県,22.091868114651234,102.32219862330804,112.39473634804634,29.40405130234868,5.337258684546556,0,80.3487981379725,10.0,0,0
60,1,大阪府,27.15739900574846,113.67581573601441,242.35888312351383,41.477549360671574,37.924368315565765,0,107.92196681931362,3.4281938667401617,1,0
45,0,北海道,22.25186080882134,102.64321344232546,110.99134683147838,40.880771241078605,25.50310982926664,1,79.51325845651822,10.0,0,0
48,0,福岡県,17.48372887122828,105.40295649396202,46.680771277169235,41.61174687318773,1.0271617635417376,0,71.78082165114517,10.0,0,0
55,1,千葉県,19.376831611292584,150.78144027809654,142.42873994496455,41.96631079071238,2.4638528009835308,1,100.08027525795296,10.0,0,0
72,1,千葉県,26.53971922251756,159.43470939377485,292.32786368450473,41.95770047020144,28.218566235790416,0,109.93756053043042,3.574856309441683,1,0
68,1,高知県,27.781241586908372,121.43560416439126,162.65950118384018,42.75882109108132,46.92822971226001,0,110.78643319998663,10.0,0,0
63,1,千葉県,22.308968714570643,140.12826831405124,62.361404741848204,42.16772509420898,15.924477980293226,0,81.90355110316062,10.0,0,0
45,0,北海道,28.99369373715828,106.15000237679769,91.4023432356272,41.05257787028443,7.886894501029026,0,80.73668817559907,10.0,0,0
67,0,東京都,20.199878703422872,119.52733758342642,42.985726073362954,40.59678898416784,2.7131524013211545,0,67.91725313687094,5.037866510877093,1,0
70,1,福岡県,21.361342102938632,147.0529840664789,27.18504848420131,42.790121669330546,10.231555939356122,1,103.0721026213554,10.0,0,0
44,1,岐阜県,25.718673615062478,157.08316120953415,323.42429438710303,41.93205170344439,101.36386771252683,0,97.6962525190818,10.0,0,0
72,0,兵庫県,27.13008352596695,143.77198467189345,191.72091760777616,54.70480274616124,24.11171634566741,0,99.47110978166211,10.0,0,0
48,1,山梨県,21.103615362797875,118.70776957928018,113.86801052375027,47.78198255185427,3.558453083854696,0,80.15936354005451,10.0,0,0
50,1,東京都,23.20972719555408,133.865886541721,111.17749863599053,41.126998470564466,3.1720611778011496,0,98.37733634764457,10.0,0,0
49,1,東京都,26.882582654754664,99.1893723511399,353.4561756582918,40.70922127111762,72.20701366059771,0,83.98435699340692,10.0,0,0
71,0,千葉県,22.558037189506607,124.67921297943987,44.7562562420212,42.58539385742234,38.496102122402846,0,120.38754395176859,3.8096636634637764,1,0
61,1,青森県,25.63458044559528,133.60133626524404,110.84728249141827,50.53374611223025,10.179021620247697,0,98.05831774670222,10.0,0,0
41,0,千葉県,32.59791542086725,153.30945229060825,68.4370799984033,55.21240458913966,13.54593763830009,1,111.38353234682545,10.0,0,0
43,1,愛知県,23.29873403280643,92.49525893806089,31.283123682380104,48.34565626192727,12.535038140465314,0,64.29477950789204,10.0,0,0
74,0,千葉県,30.43930488168155,139.462031592326,319.76367843649246,40.814438679459805,36.58502518337511,0,106.44497897617057,10.0,0,0
57,0,神奈川県,25.445340688386445,124.66329069346992,34.8520829924925,55.921561447481444,4.6941504838967045,0,96.44867367293762,10.0,0,0
47,1,山口県,27.10549351974617,124.2027560189115,94.458666578948,42.43996907215836,24.115125471677363,0,86.21102295404266,10.0,0,0
41,0,神奈川県,20.50820490548625,99.19499681013426,37.130385817180546,41.634471163339214,10.060500835313816,0,63.928159167189676,10.0,0,0
42,0,鹿児島県,29.38865903948999,131.92172007487287,80.60468945216924,64.8733999265488,59.21467573066605,0,101.0709357660398,10.0,0,0
70,0,岡山県,26.40872732584597,131.42311070334122,106.44606346852461,41.13132900043824,23.136134498068238,0,111.67888089916676,10.0,0,0
65,0,新潟県,24.361433021422965,159.2675111647845,29.18367254789972,41.22708567280031,24.093070474369995,0,94.03805363967729,10.0,0,0
66,0,千葉県,22.66862014992324,142.31316363791316,113.887187756152,40.77768713229857,10.195511687716142,0,76.21446434065138,7.910473692718828,0,1
52,0,岡山県,27.347009119123086,141.07004889102882,111.28905148023446,41.96401372724547,40.60447811496732,1,104.00150527396846,9.07369623779593,1,0
45,0,長野県,26.529634673397428,116.23871454458758,124.58482041850974,41.372802152956005,7.594855521993298,0,84.06976753816997,10.0,0,0
58,1,愛知県,20.90001680760839,114.92266693007552,177.96127894306008,64.87527972476116,24.104176778218466,0,116.62639799502155,0.20092263789858716,1,0
51,1,千葉県,22.65158025921467,131.88576297020592,94.84537791911413,41.47337724793809,24.56326433845849,0,97.79157219894189,10.0,0,0
69,1,千葉県,22.22489490842237,107.52242467266383,87.66271225659814,54.62761113954384,37.430714102088736,0,89.54056020910936,10.0,0,0
40,1,愛知県,14.510360511593795,92.4277700402607,21.37947388410926,46.936879115862624,2.4535111432022987,0,80.67574018539904,10.0,0,0
48,0,高知県,26.123954987334823,101.86102525434119,37.59354759425635,40.510468213922366,17.27830951860076,0,87.03713008975804,10.0,0,0
40,0,千葉県,30.28632516801293,116.88922871882885,150.93363342248833,36.68929240757937,6.209897860104219,1,109.4966585743322,10.0,0,0
49,1,千葉県,28.533951956019614,141.60839559808215,85.48996589322401,41.48841184078869,7.259325071224585,0,123.58786959148404,10.0,0,0
49,1,大阪府,21.85740210308855,117.23685235580838,139.36924293993812,40.60625911040465,7.422543085519879,0,75.86376976203368,10.0,0,0
58,1,千葉県,17.77028583137538,115.69651574909726,24.425010983624823,41.109978814360545,43.226588790255924,0,100.27412795094261,10.0,0,0
50,0,沖縄県,21.297407824315677,119.81176140707346,60.56820930919973,40.72336718025351,6.603812362929134,0,95.57034978513789,10.0,0,0
43,0,兵庫県,17.085360297895445,137.00696889457453,39.439742675188256,42.15368209866318,10.863229493139809,0,89.70132787399672,10.0,0,0
64,1,千葉県,23.464552013263006,145.58494488782478,50.10631294561232,58.29387037003445,14.64976420693849,0,90.85140723532002,10.0,0,0
67,0,東京都,19.236584650876328,125.62590359945897,83.17323165617283,57.46808652980011,7.980881619797019,1,84.81689051765018,10.0,0,0
62,1,兵庫県,21.038389672762317,120.57753136471783,50.22671294524912,42.43634029878203,5.616467809979749,0,108.11547903975459,10.0,0,0
47,1,兵庫県,23.551279859627222,142.98414430009586,123.54517452855329,55.89477456386087,11.228494743839176,0,90.8039574566336,10.0,0,0
54,1,沖縄県,19.232711174161597,63.24669272776711,48.90709579203893,41.49449888690088,8.73963309313085,1,58.40761583083263,10.0,0,0
54,0,東京都,19.197989194063307,132.8466130298287,156.4249754470658,41.135824107970606,17.65241922685339,0,97.47568088060618,10.0,0,0
41,0,石川県,25.444285368238543,115.06033420699394,110.65912301329384,42.550819795425625,24.110697322525787,0,68.36494642955499,10.0,0,0
62,0,千葉県,19.591718876355234,149.8259813738967,68.36710715984073,40.81715666649204,4.543584062608072,1,89.54090468921721,10.0,0,0
48,0,千葉県,15.375909225267188,97.06550790247,60.87425685347181,42.02493530678925,4.139524013793526,0,73.47461314335177,10.0,0,0
46,0,山形県,18.894749919052412,118.10068653974031,53.53655707280459,42.23159574502882,11.440222792248747,0,98.4659563184729,10.0,0,0
45,0,新潟県,29.66399218250313,140.5842077978648,27.1774275927684,43.25411051337402,14.671697211056994,0,79.6635399539093,10.0,0,0
53,0,茨城県,26.898198928944364,166.51161519936383,121.61895912177744,31.271821492575206,10.56632941444028,1,106.67902758895279,10.0,0,0
45,0,千葉県,24.12235511168729,102.57231515896618,65.78275660908642,42.32774802435636,17.071255815809614,0,110.7786263468442,10.0,0,0
44,0,岐阜県,19.912819156577967,132.7918105056534,149.61278943715666,44.816626391289475,32.03029488061879,1,70.99870629511524,10.0,0,0
70,1,福岡県,24.21172557484893,101.30990867362502,134.9912616955117,40.70151414640326,7.851046074484533,1,81.03618847494035,0.667206229985158,0,1
59,1,北海道,23.01858254454183,141.83205205575632,88.0552273492242,41.23169482954887,9.420985408323723,0,98.43114245748257,6.980959983562417,0,1
57,0,福岡県,27.81312187889462,129.94413402959455,37.669114601534865,42.36710380448269,27.306790741169948,0,115.33692837956995,10.0,0,0
48,0,愛知県,16.3590117667392,130.7837919702014,35.63010539106278,50.550574972722885,15.438479074467848,0,67.20171591505944,10.0,0,0
59,0,大分県,21.2839440554115,151.34366755490876,76.88875539170394,43.98261331140264,17.660773543254926,0,92.76861232559989,10.0,0,0
51,0,大分県,20.671360076684554,104.45905620126354,35.29439885221319,65.16416040601149,7.574195444245525,1,92.04588238898982,10.0,0,0
68,1,千葉県,23.789109787946774,122.01541135095273,129.29324913543292,52.33295776370337,16.385278676569058,0,99.46117891025669,10.0,0,0
47,0,奈良県,22.823546798289556,108.78145495456515,39.789992703343906,47.741664441248794,18.59485443266005,0,100.82977659398027,5.857013170892252,0,1
44,1,千葉県,15.862142830320204,96.16458999965849,135.85280088943787,60.60666415683865,11.021075561511324,0,61.09792030369858,10.0,0,0
48,0,千葉県,21.827043826081933,129.37747219153437,37.93052002898763,42.698309522046706,9.713822469399839,1,82.17578977832753,10.0,0,0
49,0,千葉県,22.071676204365144,124.80051307321501,34.92917923008951,42.42967947275095,6.072929567120241,0,83.01701576762461,10.0,0,0
48,1,千葉県,26.431473947891273,111.34450531127105,100.11644734918954,42.57013898752333,11.970326326930124,0,114.74152973863393,10.0,0,0
57,1,大阪府,25.602618283718737,126.16597468259104,42.19350938051884,42.09473178802071,27.921306232428353,0,107.92635879904307,10.0,0,0
60,1,静岡県,22.49851674142477,101.01826958631342,26.169002963287184,61.08208209055686,18.61426773995726,0,80.32427021558613,10.0,0,0
60,1,岡山県,25.619807427830924,133.10485717325648,69.25950945553,41.70713812861596,30.61117200052807,0,87.56742426024861,10.0,0,0
69,1,佐賀県,24.43892289394519,121.22589913827639,151.76441403919952,38.34369757786233,5.329832606610206,1,97.84899414431159,10.0,0,0
60,1,東京都,23.124002535232787,133.9065875955918,70.558949462894,41.30160889498323,6.699521210108117,0,98.79895040784969,10.0,0,0
43,1,千葉県,29.43539692966368,112.90810579285233,124.33238661818244,40.502739785011684,19.35293667358723,0,85.49575058964736,10.0,0,0
74,1,愛知県,25.80703195248072,129.57331435317323,154.95327804846073,41.64798726726181,9.914156710156195,0,99.66484496897648,10.0,0,0
59,0,秋田県,22.022084464440194,100.95908947036389,50.76252565871288,42.1128616924449,5.699379148892156,0,99.64738892288173,10.0,0,0
62,1,東京都,26.542919420124484,135.13360322050545,87.83234582785701,55.06580601756933,13.948420046371886,0,105.98416247071134,10.0,0,0
49,1,大阪府,23.279859306854156,133.81758412739129,83.90210817769652,47.138218535341515,4.2605010421210086,0,78.519413794871,10.0,0,0
61,0,愛知県,19.980906326243552,106.14993425318877,33.865666044088,41.33091758573371,3.5553742737382303,0,78.360584203871,10.0,0,0
67,1,愛知県,21.906784275167517,115.71980639049934,82.29597674604169,53.5432320163277,26.178667684248218,0,104.4755484703792,5.110789959616117,0,1
68,1,兵庫県,24.752993633940974,121.37573817679454,120.06362330667437,41.571893450609764,6.039511682337774,1,106.62337224530435,10.0,0,0
43,0,青森県,22.205348291470177,97.7953774728613,57.483414594450196,63.66128814309371,26.96409095915987,1,97.82534993938202,9.783630322864207,0,1
61,1,神奈川県,24.71037215615369,140.90238516773582,36.02583680938088,41.14032303022392,4.556097297889552,1,90.02708931344901,10.0,0,0
64,1,新潟県,20.949503691003063,132.12650665367178,70.31559417210548,53.78386767196521,2.466677259492828,0,102.7620192234465,2.7607116126547253,0,1
43,0,東京都,23.94963129558345,115.49516660942459,75.5898140520287,41.44346845728333,21.46152153619693,0,90.27327742436614,10.0,0,0
59,0,秋田県,25.169077199422052,114.74378157590365,64.25786561391263,41.46985087119306,20.626292709180593,0,78.53244931267811,10.0,0,0
70,1,新潟県,23.831058488760572,121.0207957634674,78.22337826386206,42.69449024681474,33.378869638583275,0,109.4547668692388,10.0,0,0
74,0,福井県,22.36269782529962,121.86299311402715,59.32613275114988,41.08447541311478,13.440594828907686,1,97.77921790167312,10.0,0,0
43,1,埼玉県,20.61174905519867,123.57738058689661,141.56894246002875,41.934655367151315,19.875793356260235,0,70.6295827654334,10.0,0,0
63,0,千葉県,27.13070055247057,135.49247888137862,75.5442753057581,61.3631091278298,32.105095858598425,0,84.86671679106365,10.0,0,0
46,1,兵庫県,21.91320281164762,127.60231218444136,41.17135032448907,52.46595489086114,16.58766630986282,0,104.45733785453673,10.0,0,0
62,1,東京都,19.051979996967937,133.3134637040894,129.37090820743032,40.77329264698609,32.30701809667574,0,74.37548760278855,10.0,0,0
71,0,千葉県,18.272110711031903,110.69419920984859,117.74826325470471,48.08468292739019,3.6035048979182163,0,113.43633467407454,4.809528131429297,0,1
71,0,千葉県,26.99933125348962,151.0042559372234,117.69540362790283,45.0841072536865,23.063973271086784,0,102.01341338141724,10.0,0,0
48,1,三重県,20.50751412824445,108.16447305178166,88.58028107935698,40.845724528877454,10.332240757028261,0,91.35513921578672,10.0,0,0
42,1,東京都,23.59422593840959,106.12517294140432,31.976281937446608,45.192900261623464,5.425080913865394,0,85.45663347876925,10.0,0,0
62,0,千葉県,17.826733245875694,119.49800979018613,36.44524845713046,54.58503991095371,4.082010193942936,0,82.25946288082642,10.0,0,0
52,0,山口県,27.761955581597125,111.37511590857653,73.24088872034861,40.32339608629631,32.79622861847868,1,92.48743820891144,10.0,0,0
70,0,神奈川県,24.79634675876242,145.1364300861157,94.46822496236558,42.20943007488419,11.482436689539304,0,97.97137847153651,1.663242435944077,1,0
60,1,千葉県,22.853745765477687,143.62225587351574,35.583935416880706,40.70141230057176,7.3536403894150135,0,97.9599935731701,10.0,0,0
40,0,青森県,24.839109356413463,140.70459446551763,35.07151076543317,56.71628228207649,30.36218808005666,0,78.79264863358112,10.0,0,0
68,1,大阪府,21.47938596826083,100.85601831361072,89.38808045360102,36.978512431134135,15.82505450737824,0,81.5169536590146,7.0738195889782425,0,1
43,0,富山県,16.463179019685874,123.93813117002499,36.55183764931167,46.80100515325063,6.698863226926131,1,102.93436335244816,10.0,0,0
49,0,岐阜県,31.03774966028966,148.55455378330853,100.95934214103009,42.025485509173265,83.31692351483908,1,100.84002836688879,10.0,0,0
53,0,愛知県,29.622926364216223,126.89426295051932,200.24220621572815,41.08028464300917,8.175134684060199,0,82.09345893692804,5.502800191494484,0,1
55,1,愛知県,30.54010555345118,141.8294426894219,77.63212928875801,40.98386666168485,17.222469473719904,0,78.79782052988958,10.0,0,0
48,0,東京都,20.01864333726747,80.77223275203345,44.251110813720935,71.45702145997515,21.592138239481883,0,56.77796892775549,10.0,0,0
68,1,千葉県,17.467156697367486,141.60521824987168,104.50131753712807,64.8822577405119,10.848914842044016,0,105.80869704920742,10.0,0,0
73,0,兵庫県,20.201251453206694,143.30061516515846,138.0069147674352,41.43847754539251,7.2380914417510605,0,80.65275363795301,10.0,0,0
74,1,千葉県,19.125803352833685,119.02465462312846,70.31752241447349,61.00933290567996,3.6765153810956095,0,94.70916334320081,10.0,0,0
72,1,大阪府,23.50306593861881,138.9559266308075,157.83304529697358,55.51840457041995,16.56772439987249,0,84.61175799993191,8.904516994051885,1,0
55,0,千葉県,21.1845176727765,120.31229232971818,16.271999181603686,58.25121377509451,5.760561853279312,0,88.16604660969257,10.0,0,0
72,1,千葉県,20.726524980709303,122.38132234676048,214.40347777946724,46.281256347952045,21.35281853648239,0,108.98618365448067,8.917771798612591,1,0
64,0,愛知県,31.437703949970615,168.88574240623518,181.224468837792,47.69703117305553,31.57486455079076,1,99.14748835253141,4.938039229215393,1,0
53,1,福岡県,12.949042902461418,127.91097734097154,58.003065256044145,41.337398181183836,7.126685066914632,0,82.08193706887342,10.0,0,0
50,0,千葉県,25.727114179869638,123.72935593518469,34.27037452756044,42.47885489255972,15.93053723689917,0,93.47379991413031,10.0,0,0
73,1,滋賀県,27.51633611279354,121.36037814436628,139.97070319844207,53.69535327327054,23.942841568813694,0,121.07448259252844,0.9471327592524822,1,0
48,1,千葉県,22.65751828435596,149.53635181228375,46.33139573407069,40.40886215859057,5.818016014380496,0,68.65331091459704,10.0,0,0
73,1,千葉県,25.887713933458986,179.58906555653982,139.12484138520125,53.54244877984948,21.115214334763376,0,91.36287376796739,4.0593321686534,0,1
58,0,山口県,21.913815950311655,119.46604819450548,47.248676085924586,50.06930002849266,13.127363185982196,0,78.6441176380752,10.0,0,0
70,0,福島県,23.042908455837377,126.58378899450354,117.91515143975359,51.219383963567324,15.345185121790802,0,108.03719763394571,10.0,0,0
41,1,愛媛県,29.54347185788317,154.50369328314676,319.71522596810934,46.43690529010324,29.199365006383857,0,89.94296812411612,4.409771102815752,0,1
72,1,佐賀県,30.064506413281865,147.3941963766878,335.7251561679975,43.25631700457138,7.443218023353772,0,120.66526330759518,1.081507355857968,1,0
46,0,沖縄県,23.368426988733397,108.97702896832004,27.755566399712443,59.66854475184486,11.894665047718327,0,78.68194898981226,10.0,0,0
62,1,神奈川県,26.117444275182407,119.53287967765,88.73912665411831,42.18368937515482,33.01473490448505,0,88.99617993044062,10.0,0,0
71,0,千葉県,22.05956882048498,127.15807140826978,28.24066731826339,42.26158217665287,4.850257437481947,0,69.57734201647315,10.0,0,0
52,1,東京都,16.267368756353886,131.4479091123563,66.30695844233873,64.02275124951562,37.4035245945323,0,80.3457373540772,10.0,0,0
69,0,神奈川県,25.91469264710793,109.22965735800675,93.1668992720234,43.81249253984283,19.87579314276304,0,83.73061554377419,4.591761051360047,0,1
67,1,千葉県,20.559698234397143,148.6388295600216,338.31757938446714,41.86733317254432,18.602122666449617,0,94.89556589799706,10.0,0,0
56,1,山口県,20.45471545621348,126.76233797127291,89.38170677552199,61.52583747223727,7.20511003539035,0,81.17044598116001,10.0,0,0
70,0,静岡県,24.29145965573372,119.55597172154792,83.0019908620296,40.29399293911836,4.903850333524915,0,100.45560170221748,10.0,0,0
42,0,兵庫県,11.349483754154313,110.69661714205361,11.482841619789788,44.72529926956208,3.2707437982952783,0,57.36684988038736,10.0,0,0
55,0,佐賀県,20.234186388576507,119.24991048223498,44.31069235020228,41.34665783220686,7.385988724354687,0,72.65702554330142,10.0,0,0
40,0,千葉県,32.48418908588301,134.84577390357688,104.54885448505875,50.884301654895,42.691685023755205,0,120.05948674845347,10.0,0,0
69,1,千葉県,22.72732147512963,131.416798149537,64.71141591533967,40.40882906954979,4.117266206615903,1,72.52852007204179,10.0,0,0
43,1,北海道,25.249393160145893,146.20688564201754,23.911761136987902,41.787027996090075,4.246810893663248,0,70.25377851078966,10.0,0,0
45,0,千葉県,20.168136727091177,138.83937981608852,73.00103283843434,51.13399555349892,4.061190589994778,1,86.00808749765946,10.0,0,0
56,0,北海道,20.954726430006026,140.61451461122888,18.402429700147962,53.44300468711056,4.056033276364592,0,102.00251360093215,10.0,0,0
50,1,静岡県,20.06193030164254,144.33225119933977,112.45546391440661,61.750189072342195,18.353277600937282,0,91.24191641998482,10.0,0,0
46,1,千葉県,18.21952484587926,124.71865710851591,37.139138484793754,41.50529613281939,3.0918855458596513,0,82.08288729132708,10.0,0,0
71,1,埼玉県,22.42841968391405,124.20161909216857,168.47964790745007,42.68121899354332,10.3572669026804,0,89.31325814958622,10.0,0,0
57,0,千葉県,26.293225194918925,114.20108810212267,59.493131198527614,49.65231027877987,37.8638235426898,0,107.914989982552,6.049848121799158,1,0
45,0,北海道,22.212792741237482,104.66739421198929,40.20346601091773,54.892001644263075,16.147920277947463,0,77.85169272116318,10.0,0,0
41,0,奈良県,29.53418850027048,148.4740988136856,173.83913774856592,42.24220483654719,142.72025334100323,0,118.51177298134935,10.0,0,0
71,0,大阪府,22.205464499953443,106.36710747573584,93.28056163503886,60.55937360495734,31.444233869742707,0,97.47344799100694,10.0,0,0
48,0,千葉県,29.521467636484925,94.30032587487413,96.67091063269451,42.15208291157328,21.3552927425304,1,84.43003100639586,2.7785562002310904,0,1
59,0,千葉県,32.480119247533565,137.28658979938945,90.09848160804306,44.8793193442162,27.885622538533102,0,100.290971584364,10.0,0,0
45,0,北海道,23.083716583957557,126.78887001836448,55.645460742598154,63.80149816118192,11.96704654512031,0,95.43395833924123,10.0,0,0
71,1,千葉県,27.732782300252754,139.48550751614798,78.21748228940262,50.089354976579834,40.24524370751626,0,100.1955576208019,10.0,0,0
49,1,千葉県,26.419593340885342,111.14854085771047,52.49649397480312,41.02510848276051,15.920614989314211,0,96.45588250172169,10.0,0,0
48,1,埼玉県,19.277407052971,104.77874045847231,37.393238853603314,40.65787854223185,6.699748984335085,0,65.91905221081522,10.0,0,0
53,1,宮城県,23.438274415177293,118.53939719602737,26.208511578338047,49.415339758300384,34.63654531176542,0,80.03932087339922,10.0,0,0
47,0,大阪府,15.456129389369417,123.23019138177672,71.51015740323434,61.79442514421222,3.4118396796365675,0,75.51019750625836,10.0,0,0
66,1,大阪府,30.894302552181962,123.7961133871205,132.0001897931125,41.20745214725199,25.542547954632035,0,116.7720958336105,10.0,0,0
73,1,大阪府,27.19534575312628,166.48515916232188,229.72636515702217,55.54460113468649,23.93388460273994,0,107.44462841468763,10.0,0,0
66,0,秋田県,29.391807766822375,134.59974936806438,119.47829126181335,60.236617937194254,27.965719674301884,0,109.07883393755253,10.0,0,0
43,0,岡山県,15.518077105187128,107.77702566467319,26.606482538199717,49.519050772529916,5.501197903427219,0,83.05585426046511,10.0,0,0
54,0,神奈川県,26.993968291892497,146.2344790125909,262.5098982493963,53.751377063948546,54.45740848426146,0,103.73194802577882,10.0,0,0
71,0,北海道,15.389544831812827,117.22505577594126,51.03807058133474,41.455781748679705,1.2536867329681158,0,57.459623008308554,10.0,0,0
56,1,神奈川県,16.4433434370455,127.58963899321279,131.52839503706323,42.67318633351373,15.197903035614946,1,95.37730474605885,10.0,0,0
54,0,三重県,28.63211116643766,118.81480723809032,68.64382406845182,42.02347854314134,4.4966482977231195,1,88.49313821005981,2.061555032238989,1,0
49,1,北海道,16.98312616274093,107.49957880522365,73.69113744267568,39.14838361386537,27.248661061808924,1,75.60540208771273,10.0,0,0
49,0,宮崎県,17.11691269140232,122.36492345433848,111.05650037184498,71.09686251265646,26.927329867460596,0,98.57442365568635,10.0,0,0
64,0,千葉県,27.77037636576544,149.42623757778193,137.19028229263785,41.99450242924606,24.08282559465579,0,84.04914715150876,10.0,0,0
55,1,千葉県,11.652328929845112,94.12687926399539,39.575449841867126,53.06488136947888,11.22958702638141,1,70.32422445388593,10.0,0,0
48,1,千葉県,24.193552220579797,121.37727490043359,50.30249345217337,41.23059592767184,10.360388871311383,1,102.5316830592885,10.0,0,0
53,1,秋田県,24.705034854903268,136.22665582864204,213.7113393163022,44.77198756336748,38.72055575617168,0,100.97971055576927,8.350091104294604,1,0
48,0,茨城県,17.93300091261191,123.67317622986745,66.39641554831347,40.507875876133824,11.782049492505342,0,98.76171281712078,10.0,0,0
72,1,東京都,18.975692582325152,126.9118045564304,72.88482019240863,45.28477402026325,4.242647753712372,0,104.57551080859892,10.0,0,0
61,0,広島県,19.446468020625442,133.8734790432145,58.322812575105615,53.457384222062664,9.720211324502712,0,89.19295005782818,10.0,0,0
64,1,神奈川県,22.385729260800662,116.2297767172003,93.16069046268403,41.5677806322005,15.852047980842261,0,86.7819247056361,10.0,0,0
69,1,大阪府,28.785055847304285,154.48045384446064,163.4777141910499,43.47354107116816,32.99844601388616,0,107.21249508183081,10.0,0,0
54,1,神奈川県,25.58659704953573,158.52907689463396,56.28151720341297,54.29591414772253,4.454259379592071,0,120.28423132794562,10.0,0,0
41,0,千葉県,28.33849081395845,106.49915488642206,104.03784252821778,41.75302212210404,15.483468901000789,1,111.67174248374933,10.0,0,0
59,1,千葉県,21.745273302931768,141.83475349314966,106.49446358278685,41.30450987247909,27.9495752405232,0,96.69286971093848,10.0,0,0
44,0,北海道,27.558224624823936,113.96466953070241,141.77155404788718,41.59055574758778,19.71627158406178,1,75.83715882537565,10.0,0,0
62,1,千葉県,25.27040971474277,160.54727198633532,291.9685124691051,41.64518571579942,37.74297813589575,0,110.80143044453435,10.0,0,0
54,1,岡山県,23.840254595512,144.0345759556521,161.98567061006398,41.92486112385858,8.90730385035778,0,75.36120581300328,10.0,0,0
43,1,福島県,27.068691291629715,122.02319389909798,42.19893612860424,72.81044864710815,52.43141220861482,0,104.78880476934692,0.9465830016865755,1,0
51,1,千葉県,19.57395377324005,110.36285678289256,28.727642082017102,56.07323752229963,17.579703443026276,0,103.55363203121166,10.0,0,0
66,0,佐賀県,22.99469954730594,113.80583186046861,29.63654037790072,41.96522345171334,10.661535853208497,0,103.94638758099885,10.0,0,0
44,1,千葉県,22.225862772557267,100.22676208192084,43.08353115798545,62.617745116312896,15.474327380028162,0,84.0406155604411,10.0,0,0
59,0,千葉県,27.871050277084485,121.38371415205094,255.9415457635808,41.46530306179699,22.203274562005195,0,86.8111590162046,6.639065975478632,1,0
46,0,千葉県,25.487956870383655,115.15507164540715,46.75595641170733,42.129473223849644,9.463598509543855,0,80.8463495054545,10.0,0,0
48,1,三重県,26.108159946862237,105.31855604298391,76.14394901488363,41.75975025312961,19.117508801389327,0,93.47517042150263,10.0,0,0
69,1,兵庫県,26.572583291055633,122.81691582094531,155.02022161188674,44.94637662810699,33.00034503500646,0,117.48457812746732,10.0,0,0
73,1,兵庫県,30.854040299410336,158.2832478014897,172.70284352061498,41.200284768004146,15.849838337738145,0,109.84232002201415,6.573769453058377,1,0
63,0,愛知県,15.9725249911195,118.55597024703313,255.46886367559662,41.63200889164498,4.691089433125755,0,94.52748498849796,10.0,0,0
47,1,愛知県,26.813613041107683,123.66779856179667,46.94412250610933,40.90551476133213,9.168963527378184,0,73.63819915459972,10.0,0,0
72,0,沖縄県,24.757476820574798,147.86396958134628,80.97516586495759,41.202830673726886,4.195874845170701,0,104.38779410280397,10.0,0,0
56,0,千葉県,24.793908367176545,102.1386572692876,77.68418452059998,34.874882722165815,1.0926123743139111,1,76.04058857288103,10.0,0,0
69,1,北海道,20.174211927521096,135.6104558163187,50.79667685292446,58.62432889720728,19.606005056914192,0,101.31787092524159,10.0,0,0
71,1,福岡県,26.277976865748787,117.36964675328122,146.8537323045067,42.232399899525674,14.11267300596854,0,95.17763937407189,1.6561415711108844,0,1
45,1,奈良県,16.19082916435723,97.18902440385106,83.82140713363125,48.00653242827528,19.879990973811342,0,94.22108688366983,10.0,0,0
50,1,福岡県,26.01279715488672,103.65286253330606,113.85371417846885,53.563282662496235,33.98132211403016,0,66.26473044972751,10.0,0,0
52,1,秋田県,31.028232420088845,132.45731089009686,90.78333304692356,42.01365741948964,79.42301695756049,0,100.84312679174803,0.9611306867618954,1,0
68,0,沖縄県,27.271085775350524,184.9853174068651,148.47217380963335,51.47545696493259,37.79322537931713,0,102.45718358323813,2.84049120055251,1,0
61,0,千葉県,11.547140526545942,98.69885195717954,47.53332413680618,48.760782837143346,14.268977237943368,0,88.38934920695515,10.0,0,0
72,0,青森県,27.23988895470987,149.37726131332357,96.65511423651583,41.21442957620524,23.40995773504516,1,114.69070014130199,10.0,0,0
62,0,千葉県,24.793141988799096,140.8696274388227,86.64235281023966,49.97333889342599,46.93360882604713,1,104.79007444306583,0.008213552361396304,1,0
55,1,福岡県,20.64629897579881,124.239285861763,47.66525965120751,56.84814395424408,15.838451543317028,0,96.31599820844447,10.0,0,0
43,0,千葉県,28.591332485784445,125.2133626214363,50.51608207538265,50.69722784199383,23.146643720027274,0,105.12435861040511,10.0,0,0
51,0,東京都,30.773576666823562,109.68294679561087,135.50020480232783,29.38440693798878,9.758592896096307,0,107.41174074850342,10.0,0,0
68,1,大阪府,20.698860648411216,135.63414067935793,83.29665036011335,42.43251126491173,15.753429094139367,0,74.32428382362433,10.0,0,0
45,1,山口県,22.878739913740006,114.62777752953656,50.80873213494703,55.85463169034526,11.00844980713927,1,92.53328201255876,10.0,0,0
68,0,広島県,21.857085676002388,171.31935206002737,155.04010188606847,41.9734479450113,32.60157966672754,0,114.7399917286635,10.0,0,0
66,1,千葉県,18.718026116280388,131.69213612842765,71.40455406916779,41.15753430308987,14.558650588998646,1,92.18256826724613,4.590422396193216,0,1
50,1,千葉県,25.63439698267777,136.38223332319302,62.61966059336589,41.05312643189998,7.568398401221328,0,104.59386710317783,10.0,0,0
68,1,茨城県,25.181871957601764,106.14941844160084,129.73203458111465,38.35022764187999,10.1211075391753,0,89.54076927023895,10.0,0,0
67,0,岩手県,21.065347451414283,133.971094890127,103.39839853017912,43.38125271481449,5.666224564185325,1,72.90833791610122,10.0,0,0
51,0,千葉県,14.287108981031455,106.70509860830283,20.25572995201212,43.817713486760226,6.696804369112157,0,61.072200857279874,5.948979084653043,0,1
55,0,千葉県,32.10060695675115,145.0904668379274,172.2588509789066,42.353162444074535,64.18989503902739,0,111.34828713342911,10.0,0,0
46,0,秋田県,23.248815989737246,141.6094610412825,47.65361675828073,41.73809993295354,17.28355497227556,0,88.54303245114806,10.0,0,0
46,0,千葉県,25.788939119060366,127.17688891182833,163.68400019726252,40.951111623111515,11.211884096742853,0,112.03765299336345,10.0,0,0
74,1,新潟県,21.916154265184005,106.3215232001321,68.54105348187757,51.513287500422734,12.32506229636364,0,106.33945729998135,10.0,0,0
42,1,東京都,23.510694648139864,124.51774931747875,185.83935443248686,41.14145931660833,23.651567441439887,0,100.63742783309911,10.0,0,0
55,0,愛知県,20.612387609066943,115.24953699261084,120.9093256444843,41.05312607534675,14.019752054940362,0,93.9010159024755,10.0,0,0
42,1,千葉県,26.393590562043237,133.71007954053874,91.15006069156475,40.45524608793703,8.581568055921194,0,96.38830352182194,10.0,0,0
62,1,茨城県,24.05740601113055,139.71058912283374,236.89226157770872,40.895138323016795,4.728752860566048,1,89.62423518152326,10.0,0,0
42,1,東京都,21.105046243884615,137.94457683363396,151.61389660285727,60.58154099231366,11.222264573598405,0,98.63794808239693,10.0,0,0
52,1,山口県,22.064603363029264,107.67973924847495,37.564921477532664,41.026073480245614,1.2133795781242376,0,60.504048257462976,10.0,0,0
53,0,福井県,28.625946226663338,135.02274944182574,137.4275429517579,43.68326862120747,4.963875380759098,0,103.74980511892456,10.0,0,0
43,0,福岡県,22.67725382884508,125.22303757579546,60.19851353134813,44.96633488034259,13.047049199377293,0,83.73553171203258,8.904172928334708,1,0
52,0,東京都,22.852371646971307,99.60506629584832,200.28799350500742,53.18369522416488,29.008235334640467,1,79.20554250737379,10.0,0,0
61,0,大阪府,17.77008630433742,85.89032657208921,30.938551022865525,41.74147492854603,3.4112625558811884,0,71.00643122542874,10.0,0,0
55,1,千葉県,18.461899030609686,66.1664493991862,48.764661430920654,42.3670872843319,5.399788956567599,0,81.25423227239025,10.0,0,0
69,0,東京都,28.02956070942528,107.28900767281782,167.59781602584704,41.832401581699465,36.71908033752429,0,86.03790505160282,10.0,0,0
48,0,新潟県,14.006744994013788,71.2073944712581,20.139732799406016,50.02370856998693,3.634623603924263,0,72.21967406499992,10.0,0,0
66,1,北海道,21.864811595774892,136.02164503052677,57.515196499386455,56.9753207980127,37.89460820449314,1,94.95171203931167,3.8511761212521174,1,0
48,1,千葉県,25.530566601996274,127.68380013470971,167.67926506068565,61.58663643394879,13.417693063195722,0,81.43221122862022,10.0,0,0
65,0,北海道,18.962805178192475,127.97340596184569,27.732190906593505,42.16796889863964,5.544504930213532,0,109.35256880553895,10.0,0,0
49,0,鳥取県,20.957978326046316,134.2099236931594,74.0544712028153,41.67765226582383,5.546066395720105,0,78.79949175347912,10.0,0,0
66,1,千葉県,26.15759135955699,139.02597954114998,277.00119799868907,41.28852120191872,117.57663938755404,0,98.24132742759983,10.0,0,0
47,0,千葉県,18.439034767526167,64.86269835707682,27.209819984032688,49.847332361548595,4.570385961879187,0,65.2387813892695,10.0,0,0
40,0,新潟県,26.568251310228206,82.9475895419397,99.75277993818133,41.83150105085273,2.5596241152059096,0,86.31021305335142,10.0,0,0
54,1,宮崎県,22.283367716565433,117.92197124673798,122.3255241032907,36.97137526505929,2.998844222706092,1,87.18604747407983,10.0,0,0
59,1,栃木県,23.294061812786474,136.2851121996028,239.91511341666828,41.17726563768258,14.54647549734695,0,76.23388639687145,10.0,0,0
43,0,神奈川県,22.817692245912713,143.13964420744085,185.36258495965316,42.87228397267064,30.245156393250774,0,72.887159762708,10.0,0,0
65,0,宮崎県,21.800182136030664,108.88220958816164,100.87843572996788,53.42969903230311,12.830983494969283,0,75.24671730937612,10.0,0,0
43,0,千葉県,23.551448706653368,114.00540714491348,106.1020104441079,54.33041355289253,47.214156010641396,0,101.82664252133236,10.0,0,0
54,1,和歌山県,20.668830085566334,118.29374286655434,141.0636153118082,41.436321568093646,34.468326804904514,0,95.27723293562453,10.0,0,0
47,0,広島県,26.54233947246842,126.87839835076163,97.90512883383755,40.31096461658329,34.23937332595778,0,121.03490236992192,10.0,0,0
57,1,千葉県,25.787683889101437,92.3406337916686,127.18003838021055,43.68491650439592,6.973112311092503,0,92.17931406975093,10.0,0,0
58,0,千葉県,27.220989281050574,123.12007372863593,125.57930339835013,56.02588509072146,79.47270961413719,0,115.56495610659287,10.0,0,0
50,1,千葉県,26.10436885381952,124.32564208801364,94.3886122881321,41.794573526272586,12.458195762000214,1,87.70288906775993,10.0,0,0
65,0,神奈川県,18.743449356314876,139.73982824428492,69.49985388920648,51.214150716190545,4.455407657906537,0,86.99611135653498,10.0,0,0
71,0,北海道,21.27918516565624,169.20594014353262,95.695760118443,41.73522046919,12.60158399124942,0,116.53229183752629,1.9140803171100023,0,1
43,0,神奈川県,22.091430177488434,110.45333733158598,88.66397564050686,36.4228476519324,15.273390599506671,0,73.88896493110373,10.0,0,0
43,1,青森県,17.405635881473682,97.74721749662282,83.0350920070582,41.33700940186408,8.069025534366428,1,79.5056348968427,6.196251016203922,1,0
53,0,福岡県,28.13359388506682,146.75062737375427,93.2270970829171,41.907428138229676,14.64420991156813,0,89.87051011214244,10.0,0,0
54,1,兵庫県,24.25346957941776,148.13665259268885,101.64642736301653,52.121689297651905,6.811167952572217,1,116.59414859390678,10.0,0,0
57,1,神奈川県,19.856311583187104,111.62732680498429,80.84804793206634,43.79317045692933,35.97664802887224,0,76.07953736298235,10.0,0,0
67,1,岡山県,19.488040631779707,139.66942995043703,75.00665348120683,47.83298589382842,4.608263957721403,0,118.16482328432657,10.0,0,0
56,1,福島県,29.34395221020091,136.24942790034203,125.69295645241868,48.95024771054692,103.74788410698021,0,108.83436281582624,10.0,0,0
53,1,千葉県,20.06651070275395,111.16043094644158,34.92670223732866,61.15313773491514,3.938214607068672,1,75.47015059369419,10.0,0,0
42,0,千葉県,23.896805896374143,110.69909025642514,43.03190695066795,41.322389287660485,2.2292372027641267,1,71.53907500702138,10.0,0,0
68,0,神奈川県,26.15293632375203,121.71288678477353,76.07286905548072,54.04210822460607,7.0805852275264165,0,85.49994148566533,7.093579899272113,0,1
52,1,愛知県,23.0456214963758,92.36228967361187,46.513296625307895,56.329594798363615,4.244876908250491,0,96.45923173067452,7.855213021826553,1,0
51,1,千葉県,24.56156706228567,128.36171770815355,117.91712605018752,54.62747799767185,10.417287061917566,0,113.51392836895204,10.0,0,0
