age,sex,prefecture,BMI,SBP,TG,HDL,ALT,smoking,FPG,time,onset,death
73,0,静岡県,17.28441175275219,114.3759752574582,132.46634636091218,55.548787890265686,11.110647393119388,0,92.48468240519489,10.0,0,0
62,1,長崎県,30.236432929681605,133.0018114038137,84.85136063272361,55.02694042898368,31.369028179092265,0,101.42670534646216,9.972469795649578,1,0
45,0,山口県,25.25121194293213,123.19565744511029,29.4599040820544,48.07665428579619,8.712498134179116,0,74.06326686010786,10.0,0,0
71,0,東京都,19.24010723537128,121.78299841378292,91.99106594183634,42.36531534782653,24.626858585041823,0,98.19991721087708,10.0,0,0
61,1,長野県,19.523435464732223,114.97342754788956,42.8580474427313,56.0522254919453,35.86059675896732,1,101.57822145171879,10.0,0,0
44,1,東京都,21.760435763082942,95.28642039491336,167.91074153950592,62.0253326518837,24.223523764382904,0,79.59620016310843,10.0,0,0
47,0,青森県,23.53980143244295,132.96570564870197,212.75160814734795,42.64288036158786,13.941201464645856,0,94.11900593137005,10.0,0,0
55,1,東京都,20.59168147750713,124.94361537153436,64.04794730557182,42.22509512952756,6.013593384233253,0,85.5391268675531,2.9598038345728797,0,1
40,1,和歌山県,17.97373156453354,108.1366705762389,48.23455243594375,42.60981032659142,11.87955171289643,0,86.09401201158026,10.0,0,0
53,0,大阪府,25.750717523974714,118.64669461296002,57.283080890082644,49.24319587081501,12.10935811742049,0,68.29643554256447,10.0,0,0
58,1,兵庫県,26.649382257361623,131.56931272770655,43.87337314838914,45.134013332300725,8.462929927121353,0,90.1788837495081,10.0,0,0
64,0,千葉県,26.69027475896643,104.95305362384195,138.05255465319314,40.83569036951418,40.839842399875835,0,87.49151617548469,3.5806958078353848,0,1
43,1,東京都,22.547460650965164,100.8723331958332,266.7428281277877,40.72372933743688,12.912149357755862,0,77.13017593050435,10.0,0,0
43,1,鹿児島県,23.54657500766857,86.88475242147952,64.25810376586583,39.629453446696175,27.089324497231164,0,73.65521914385873,10.0,0,0
63,1,秋田県,34.88224737669254,150.50420258265294,47.55604849464494,41.823674793430506,25.12999472699418,0,100.257764253677,0.4964128312564528,1,0
43,1,神奈川県,25.36226817498444,147.83432431311482,132.26717212279337,41.5573622109451,38.929438546177344,0,99.76598903629996,5.542299109713865,1,0
47,1,広島県,24.110336247961765,131.93592294723442,75.94483799482494,41.900787360910904,4.891928249534214,0,88.86831493809113,10.0,0,0
51,0,東京都,24.689478940229147,123.51432331400031,44.41951025333942,41.04061769178682,3.913836293905774,0,81.0566219982407,10.0,0,0
49,0,京都府,21.986300432368694,110.25955966222814,9.604797843427187,57.807379718404164,6.648197036093934,1,69.97288061454826,10.0,0,0
46,0,神奈川県,23.732682899748852,140.1815928371269,76.35813133394038,40.520534512060635,6.985212792932158,1,103.21914724189268,10.0,0,0
49,1,佐賀県,19.611984626667,107.37830793346824,51.734649453586606,65.12056949964824,11.165656802740887,1,72.41720292678283,10.0,0,0
58,1,茨城県,15.593080618835202,134.6001949160952,57.488157827015385,57.8098955934251,12.540818907056702,0,79.04960757901677,10.0,0,0
52,0,長野県,23.75717520919108,121.63169769596126,69.38482434107958,44.03292908260141,38.33541630171647,0,100.48954768307405,10.0,0,0
46,0,兵庫県,24.8707234812927,143.92651090023645,109.0077004805305,70.30713782370302,20.38790971024061,0,113.00816827050096,10.0,0,0
46,0,沖縄県,24.162178005559493,125.39254820998599,195.49810394185567,57.64376880444179,14.276229417257511,1,106.88235754329483,10.0,0,0
69,1,福島県,30.601640816390073,149.92866763076907,386.61272867933667,33.07113828582556,42.80982351463399,0,96.34693233674388,10.0,0,0
70,0,静岡県,19.494873158885866,136.8679934601077,80.05348395322947,42.69355633203199,7.616401424571656,0,84.01118893674872,10.0,0,0
42,1,福岡県,26.44932951024707,119.1421777436053,86.52701060250934,41.93722077473238,22.763790992187655,0,116.46200081498704,10.0,0,0
47,1,熊本県,19.17141042602254,108.59081580431511,56.8894513743155,64.33105066697607,33.038095129118815,1,87.01854327625774,10.0,0,0
47,1,東京都,20.915769982122548,130.8722592560056,62.15430876928873,58.10432825038936,8.816099389030011,0,71.16870249941864,3.4028314072164654,0,1
56,1,神奈川県,23.518500822283272,97.2801020598709,96.39945104260343,42.686930715850764,36.74704415474698,1,89.04002141950883,10.0,0,0
58,0,東京都,28.184610477813177,170.91670121905545,71.48528401551145,54.08934056292033,46.56351106957058,0,99.04813578268283,10.0,0,0
67,0,兵庫県,32.83673435374558,129.3615429421212,90.68686186795892,63.04970275131055,37.20234635502794,0,111.7407421350082,0.631931227836172,1,0
67,0,長野県,25.749128007362966,164.06438508069675,128.9225514614653,39.66536253477775,9.63549782796406,0,107.01730643763993,10.0,0,0
46,0,東京都,22.80138372980479,117.96729174054522,65.39421255161203,42.19951353900574,5.7408341598437795,0,83.11518856104362,10.0,0,0
60,1,東京都,17.122297610423047,78.26554499074457,27.617929557757574,56.224743833119135,13.26162365312229,0,89.6017050950506,10.0,0,0
41,1,愛媛県,23.8652263890938,137.6346649005745,247.54583801309846,42.869408875639614,65.1136432934686,1,88.59880314618756,10.0,0,0
58,1,福岡県,22.559650739811577,120.9998606372614,135.40412004821223,53.603499877654535,23.53108996344488,0,97.17630895534626,10.0,0,0
65,0,神奈川県,22.087735028624046,111.19811429909484,117.97655017141226,41.39317034517285,6.488733102685281,0,60.99565377734525,10.0,0,0
71,1,大阪府,30.090184957972422,139.4246217380308,300.1297868784328,41.23147343903033,64.93843417931217,0,116.06821691476408,3.607703793724316,1,0
70,0,東京都,24.12119774722329,126.69941360139582,236.80651515308995,41.03896894705763,16.860135867038533,0,79.76151100717897,10.0,0,0
61,0,東京都,24.437784385140773,147.085698429066,25.453630363921956,42.25278593021509,6.0820026584736935,1,114.00649830627297,10.0,0,0
46,0,兵庫県,24.513269418380812,111.95790058452381,76.58813927863916,46.24614857562106,14.914205610619002,1,87.30083048135529,10.0,0,0
70,0,千葉県,17.47039611559203,110.58704975146031,199.10727173332697,41.92799240859495,15.790570509981066,0,85.609912829067,10.0,0,0
59,1,東京都,16.22480059387259,106.37307886523632,67.80256384874673,55.61173926744498,16.134689073672515,0,93.80614387815129,5.930632345584524,0,1
48,0,福岡県,21.223195153789426,101.68213843442257,50.759105339432686,48.846166785561884,7.093672049681098,1,97.30838111198025,10.0,0,0
52,0,東京都,25.27731640849966,123.69648233695877,62.37226065735406,49.079843205798,17.93302086095867,0,103.49969024235183,10.0,0,0
47,1,奈良県,22.109975430326124,130.32536872952443,185.84890407878203,40.754256533646775,83.98151725604471,1,65.84758215363314,0.4276493325597931,1,0
50,1,東京都,24.24861701138444,113.85941764250431,159.6894528377595,41.32746042878889,4.272930574369724,0,74.4265985151363,10.0,0,0
57,1,北海道,28.26096660284985,130.2274078691389,167.32580879356328,41.85690901348886,54.68999377862521,0,91.00110630603163,10.0,0,0
67,0,東京都,29.75273894584398,121.0828311286763,246.55473921059667,47.2993973621475,64.14394312004423,0,80.97881736432089,10.0,0,0
42,0,東京都,27.054568721387636,114.72223252028031,571.2121981859209,42.08538111491405,28.013879045607712,1,79.71211382953129,10.0,0,0
74,0,東京都,21.16411816706415,127.33095894489745,77.44359359662177,42.147722894574734,14.584447107796358,0,113.12039436867585,10.0,0,0
69,1,愛知県,29.683524588823023,173.0880406858286,213.75118058963199,42.09941826565631,57.36335249248435,0,111.06998519063612,10.0,0,0
47,1,三重県,24.91897131613825,111.23395755993485,128.65560242002707,53.65986669887756,7.436722484792829,0,83.24687872766172,10.0,0,0
66,0,岐阜県,25.52892815355683,149.51651613711746,71.50775168334913,52.438905193521386,5.4440943884024415,0,100.40213138833613,10.0,0,0
68,1,東京都,24.92963010481588,146.6860581903003,223.31412488269604,41.67131270517818,17.597006828476044,0,100.03514282548353,10.0,0,0
57,1,三重県,23.854480844735445,123.87464254324595,63.64397466827915,64.48020339556216,12.071523159733704,0,83.33760726297061,10.0,0,0
73,0,東京都,29.565971414563762,171.1616035471602,127.31515877573312,41.22135117868411,92.20912534267151,0,103.16604617194692,7.815352713825691,1,0
67,0,東京都,25.837028303950948,130.34466889598764,81.93598940113635,42.66366182620073,12.088738460859709,0,93.86254389616201,10.0,0,0
41,0,東京都,16.546748781352456,85.05794097585097,23.353881170572215,64.02077611882882,21.337227465754847,1,94.36535025466391,10.0,0,0
73,0,大阪府,22.97400863512826,143.64187669491514,118.3348877797111,40.54637715063212,13.112831436136732,0,89.69577685787222,1.662804344974364,0,1
43,1,神奈川県,17.878497799668352,62.39625857541508,120.3631397731231,40.90236346073266,4.237956231465882,0,85.04005073787478,10.0,0,0
47,1,大阪府,25.772894892478764,119.14330867595413,110.68530488598864,69.35323474516635,20.80371446850496,0,90.62695529978772,8.352777397047923,1,0
46,0,東京都,16.542111130012714,51.545332890641085,22.98410361453781,57.76529663709811,4.149650862277614,0,65.90730906457705,10.0,0,0
45,1,鳥取県,22.317701401133576,138.13158026637555,82.80900156642717,41.84510624845125,7.58534521063584,0,102.20216203372762,10.0,0,0
71,1,東京都,15.453485070574303,110.13255713927742,65.58594649473521,50.809741443967255,8.771905786252697,0,74.85365040041401,10.0,0,0
47,1,滋賀県,17.028349334438612,122.64566667240406,70.10061135634412,41.51361679023955,7.0022929790302815,1,97.57496601660385,10.0,0,0
56,1,東京都,17.97540613236913,106.2424955336821,88.98902835354997,51.96644077482409,11.808074580366798,1,77.12816580025297,10.0,0,0
51,0,栃木県,23.552947723188844,133.9819247326757,156.33353701840247,41.2387174433431,17.72333684353001,0,90.23329625824286,10.0,0,0
62,1,千葉県,25.74921104416836,159.16536690691555,39.24751441551778,49.595207338887555,18.47530729002798,0,107.20747132575356,10.0,0,0
51,1,愛知県,26.181703863964685,105.95267652620527,40.97598843198791,53.73921641381512,23.142424636468775,0,82.88418672481387,10.0,0,0
69,0,東京都,30.860340062856796,155.11210468546437,90.58438331795259,41.670470087355525,32.162482750873956,0,87.87621418735418,10.0,0,0
45,1,東京都,29.637495597657555,141.6624501401602,68.28751903555313,41.782426899802736,24.189922428763662,0,103.24496767809482,10.0,0,0
45,1,東京都,20.990690986687323,106.2057815317338,141.56731613573987,41.82335416369076,10.174332789696773,1,80.34419559214803,10.0,0,0
64,1,福岡県,21.90463114739492,133.99721447024638,82.63900233571506,68.66146323860917,8.404153546354218,0,81.25795042474948,10.0,0,0
66,0,東京都,23.338022013291862,137.7912892708495,140.3962626367777,52.58513784396291,13.93950812963133,0,90.58418285289437,10.0,0,0
55,1,福岡県,18.569733318469552,131.2176445509389,13.441774618727118,46.14144977527987,2.1164328306575317,0,95.95505981306538,10.0,0,0
51,1,東京都,25.342899135552315,113.93956676620881,112.83827646763639,41.2423641447357,12.124042708018415,0,79.81419607291696,10.0,0,0
72,1,大阪府,27.822100479882064,124.27214776309955,146.90440810066224,41.71006206615853,52.47503889939424,0,124.98401926035606,7.163154493257365,1,0
47,1,東京都,26.551949953166794,147.22538970971567,57.94344039553251,42.66779738053077,16.578766423514168,0,98.98136637526274,8.175249492333212,1,0
65,0,東京都,22.184226521510283,108.6945994053585,40.717029337693404,37.21820864822908,12.937616286085639,0,58.88326512166521,10.0,0,0
49,0,愛知県,23.46446729803002,140.55545256589767,19.475518623247943,70.27602077596163,4.487311312787249,0,72.90258765227021,10.0,0,0
42,1,東京都,27.30912588976579,122.60124139268449,74.22377576153016,49.383586951999746,16.476782112976267,0,121.44043788115626,10.0,0,0
63,1,東京都,20.104558904452993,143.63647766720234,105.998786879477,41.12689754878919,1.609829341576478,0,113.94473551259276,10.0,0,0
66,1,栃木県,18.091493848796354,117.9343697575741,58.82842041447305,59.917303868753194,15.227893157150364,0,84.19525396107734,10.0,0,0
59,0,北海道,30.855233386067855,131.094505043134,197.87971784747563,41.38152860427219,24.758450216330637,0,87.05018858727361,10.0,0,0
74,0,群馬県,22.913639494050106,126.21265093232184,54.91623332705978,72.15033646314951,18.482923856425124,0,86.72897543571513,10.0,0,0
65,1,広島県,25.02779962287838,128.6100079193819,233.3112442102225,40.88336458671035,18.1834614505652,0,90.70419797195179,8.81230001674221,0,1
48,1,岡山県,24.470191978415837,114.16364903493682,92.13323285035732,51.942077630821416,6.10897594118502,1,78.32725988782852,9.968462150113153,1,0
54,0,神奈川県,26.28705462441222,108.12511134066827,40.70769830776712,41.422414376071394,5.107360299150054,0,92.65966070831618,10.0,0,0
65,0,東京都,25.776146043172986,155.07352388483818,65.5846156938644,36.18675688245317,8.224440354313417,0,109.85834214873765,10.0,0,0
62,0,東京都,30.453193133552762,129.91796203627993,244.6321574831151,44.85664154759464,45.40323696831167,1,115.60498031649855,2.349862830401085,1,0
57,1,愛知県,25.067477794715863,139.82433460970225,27.927802629049093,58.388035511830445,11.716942209108538,0,93.83811532591511,10.0,0,0
40,0,東京都,21.70351916811275,104.54232798233852,68.33644733318377,42.481973920309095,8.466117561954478,0,100.28990846025401,10.0,0,0
66,0,群馬県,18.781159806902668,136.70454134035205,151.61750093164227,46.44123252066521,20.656974181812306,1,113.13496963622308,10.0,0,0
67,1,東京都,24.435541618256007,142.79987893105042,120.33915521871391,69.81663990217533,32.46155126734341,0,115.64599482921511,10.0,0,0
74,0,大阪府,17.43328142099362,128.61981510963216,88.95615638307575,40.99749678640854,5.2697020890005,0,103.22157949224562,10.0,0,0
64,0,東京都,22.17086750793349,118.60471039416325,130.9822518801354,41.40755369241212,33.997848266999654,0,77.06060023489452,10.0,0,0
73,0,東京都,28.83293467169753,147.1954573838875,129.53669876405712,41.22170494614808,9.994348934128046,1,119.0338507045344,10.0,0,0
42,1,山梨県,18.935631505792735,84.76203051288095,94.21771608946943,65.12763406742386,28.819319067928046,1,101.28391525225975,10.0,0,0
47,1,東京都,22.061726725867185,149.43777469822416,73.04826936389254,42.04251956741503,12.558011640770253,0,81.22912941477463,10.0,0,0
45,0,長野県,26.600203542291304,127.81846677743172,142.4792216840862,39.875653963248006,25.829222478475042,0,103.51819372282056,10.0,0,0
71,1,佐賀県,23.989653309185197,156.0220624652216,59.76906276785673,40.8661743588796,11.994712789024312,0,86.77668612515309,10.0,0,0
47,1,新潟県,18.09030838217512,125.3832959695518,160.72746554399353,41.90590376977369,11.013596668807574,0,85.0601469819582,10.0,0,0
45,1,東京都,27.11891894072825,129.16686823912767,213.33577239776127,41.076849866987196,45.8886986146515,1,86.82101232136982,10.0,0,0
53,1,大阪府,24.88092997460589,126.43413360070896,73.5583821679789,42.14365726671212,43.63448399704438,0,81.25009534885231,10.0,0,0
50,0,埼玉県,16.989280089978386,89.73285914777622,51.2647176765026,40.89787365819751,2.211348469787281,1,91.0940906817988,10.0,0,0
50,1,東京都,18.557201768260118,102.17897126373684,38.99177408472545,41.69479138026007,52.91217851992713,0,78.8665207590025,10.0,0,0
68,0,埼玉県,18.12096197493041,103.88508947889711,61.37189771777658,36.22300814010585,21.624419553394013,0,80.21286918760589,10.0,0,0
68,1,奈良県,26.132277002483534,144.4010148407798,183.30814312065934,40.52676715110718,34.581296739132526,0,95.43480490830389,0.2044439286764846,1,0
63,0,東京都,19.983985428958675,156.64928350345156,41.03405187310244,42.273225805483534,4.3051517287334775,1,83.62986746806376,10.0,0,0
45,0,北海道,19.121716224935785,126.36833713397145,60.397180779261554,42.0285629931102,7.430158310422525,0,91.85198852529858,10.0,0,0
68,1,東京都,20.15970655337215,141.4318504297615,140.1188507098853,56.159757115012276,26.82466917617237,0,108.7385172211008,2.537503145647283,1,0
44,1,茨城県,26.83416702656624,144.04431653576947,92.21886211907308,57.429912829685286,49.37674654203956,0,116.37635143433845,9.569935376538547,1,0
46,1,群馬県,27.222752742803383,108.5721512978851,99.13800864966036,42.39476056735198,41.16720511955436,0,88.08300942282304,10.0,0,0
47,0,佐賀県,21.152205111013654,119.93649549229845,65.1824062104441,41.45419632182622,5.135907869916557,0,79.62991154973218,10.0,0,0
47,1,東京都,24.491367907618237,85.3445119151159,26.02278842586395,53.49887877902207,5.132527265165911,1,80.33147720251547,10.0,0,0
46,0,東京都,20.705320399536728,105.81759570706714,92.46403466382674,49.2289244894024,61.63954577139547,0,88.36998742145522,10.0,0,0
70,0,東京都,21.582016690624293,136.56905281628497,123.89829570842808,42.267062314416826,17.419616042910672,0,80.7484647000713,10.0,0,0
62,0,神奈川県,26.439798310070348,137.61053581624455,61.5024182220373,41.536686379387,9.214379163615845,0,79.34382843310891,10.0,0,0
68,1,静岡県,22.59108923354547,118.96427454775592,573.0026807409723,40.84572022259962,23.898870723895282,0,100.0,10.0,0,0
55,1,東京都,21.16509423652367,142.18687112899738,151.6194404828329,54.391075239259564,29.809013780458724,1,111.52162206572193,10.0,0,0
45,1,岐阜県,16.08296688270589,113.37861887540194,26.46545033482174,41.35262112492275,5.57211074441759,0,64.41339821603347,10.0,0,0
69,0,大阪府,17.317656484820123,115.0603681219194,52.23083173888336,42.4828118326219,8.81042099371537,0,64.32890530138094,10.0,0,0
45,0,愛知県,25.45479750074026,131.1306092135015,26.16419343854807,50.77492774612093,5.784661382266998,0,111.62169309000633,10.0,0,0
48,1,東京都,22.588777235897346,111.5976078468089,107.94564233517302,41.78281266205689,10.961097210128818,0,84.1958309499018,10.0,0,0
45,1,神奈川県,16.529176939734,135.39489876751162,36.32224008001824,51.332244788515254,18.032979278811542,0,109.00772434028912,10.0,0,0
42,0,千葉県,25.69363019238495,107.97786436951392,118.01281362326363,56.716419589836164,8.526059319851283,0,77.59379952225366,10.0,0,0
74,1,埼玉県,22.137271584631282,161.62749650684822,95.84468560733492,68.46200967152065,27.163903601464252,0,112.00636113371189,10.0,0,0
47,0,栃木県,18.936754506099252,95.6285775380026,170.4302298449691,41.05417835909041,8.671838630230411,0,102.11576292064439,10.0,0,0
63,1,長野県,17.4994835155973,111.44354005352984,81.78616685521789,61.71710344854972,14.258478614600296,0,91.04445539513952,3.9584442830018367,1,0
45,1,東京都,21.466955955718387,110.12269810495432,43.78473717722035,41.1272752449965,38.39761398988704,0,52.39941417821704,2.2184259190338795,0,1
53,1,神奈川県,32.64962918426886,142.79733790808274,244.4038663173091,51.90375636774133,84.94900340691125,0,94.13033756162581,10.0,0,0
60,1,滋賀県,28.05324420708137,150.4638506351696,88.3647996638302,42.3094303876127,48.52878139230247,0,75.87402591306133,10.0,0,0
71,1,沖縄県,21.367096792008667,136.6086442521814,107.39025941432998,42.747331347781184,36.760073065519364,0,93.60576560038167,10.0,0,0
67,1,埼玉県,14.168555250836581,114.16891512859884,102.49333095788143,46.86427411838319,5.277250073583971,1,92.59040255406373,10.0,0,0
47,1,大阪府,26.803182638636386,114.39968012231292,47.69548651057143,58.24285263803831,25.316265971791946,1,115.60208491690403,5.7892146984900075,1,0
73,1,岡山県,30.351702875938003,162.05063702000078,773.431874618526,42.00839912221777,70.50130878690281,0,125.0,8.916531177921447,1,0
72,0,福岡県,22.83797680287071,129.2208390153369,58.770379914970036,50.62791830669102,3.394010680142834,0,89.71256193266426,10.0,0,0
54,1,東京都,28.866641452984474,126.10737188388929,168.6315918074374,52.51908546808683,13.269915351162615,0,121.19855255602161,10.0,0,0
41,0,北海道,25.67523951247563,117.29374301110592,44.073545997379085,62.71922339365742,23.758193592651924,1,87.26817716231086,10.0,0,0
41,1,岩手県,21.722458359388146,91.14687000898219,101.98356677522806,63.90180034501466,52.82896067582786,0,115.41809022429233,10.0,0,0
50,0,東京都,22.57950350063985,106.01805928378688,80.58712571385752,41.67863373730061,28.337021083913235,0,92.72448092095945,0.2831285046625787,1,0
69,0,群馬県,23.990404741774512,114.39996830185561,35.293739072451075,47.858146682963735,11.872804858594636,1,99.9574256307621,10.0,0,0
51,0,東京都,23.150679037686366,105.79698591079436,46.73633711558867,41.229283673417534,25.62318502784554,0,86.28325117032941,10.0,0,0
45,1,千葉県,24.85343778743395,107.53514037313464,57.814617838004764,40.804940653023976,9.488205646669398,0,85.22682781501199,10.0,0,0
45,0,広島県,19.09148855058495,99.05981891019886,30.538631062451916,53.245611121570036,18.481256854410223,1,90.18767707921957,10.0,0,0
55,1,群馬県,32.64624641616538,136.85762388736782,279.34903296894703,70.69793948651133,83.39165828684396,1,116.3358779540282,10.0,0,0
64,0,鳥取県,25.111125342096813,143.63434012617094,170.1422496018045,42.44173356246061,27.23982844562689,0,114.02152013759712,10.0,0,0
48,1,東京都,23.523055295221603,117.3047353663146,91.18028779541002,46.79078249470638,23.575081973522835,0,85.86263641874952,10.0,0,0
45,0,東京都,20.495195979548765,134.151709458839,51.008755131572066,58.16590451451785,32.42074041159014,0,92.8197015470444,10.0,0,0
63,1,三重県,21.865119840202524,127.1335187079031,34.18185708942872,42.61045829280936,34.05119510322495,1,78.85375693959904,10.0,0,0
56,1,宮崎県,22.914894289883485,108.02238535264142,113.85257584636454,48.7778495877005,13.960431562084308,0,85.67234252426697,6.795194052753132,0,1
66,1,東京都,24.66434358349698,120.88865586669431,57.53134064074639,51.419304065858064,10.847880867996139,0,111.74775790264216,2.2275326256312233,0,1
70,0,群馬県,22.261427666551864,116.43073594517341,102.666121532184,43.12693561101987,7.0419216001072575,0,70.13946302983724,10.0,0,0
56,0,和歌山県,25.240862210034194,156.2306022831594,70.17746920221339,41.452659747971,13.705731975277546,0,86.68518519357052,10.0,0,0
65,1,埼玉県,32.36814989734021,153.42760584705064,110.75170965202048,54.73859326045266,21.17606256726674,0,94.18763438989889,1.8352787239953154,1,0
57,0,東京都,24.98114065158315,104.61973542527956,76.36808885732326,41.07144257082128,6.80481298580616,0,66.07945626460149,10.0,0,0
67,1,秋田県,15.997973475558672,120.71440970252849,27.91050316749564,41.557141409495706,6.114965912850413,0,78.93174886353296,10.0,0,0
58,0,神奈川県,29.3178776716604,118.56494322986626,96.5606282870685,49.6810228900908,12.541858863982398,0,71.27275920857535,9.107854311865488,1,0
66,0,東京都,24.369937231388967,124.94188055385104,111.36972417424225,44.68484102932107,7.845110548153401,1,98.15450947528346,1.2018944109160443,0,1
52,0,東京都,24.14787429688443,111.74037830535296,48.32898505935301,40.480029578990575,7.834382412465333,0,94.91773809952203,5.4862548921314795,1,0
73,0,新潟県,26.6894426165917,116.84835182033302,145.0008909666853,57.016956420651766,27.64619865650592,0,113.2693843889182,10.0,0,0
49,0,福井県,28.83212813199707,160.14221579401013,91.34644218285186,41.47264607310311,14.577056974157458,1,118.17740189608591,10.0,0,0
47,1,大阪府,27.116454857975608,129.2192666765273,168.13017513459548,41.78740513834128,38.97121625315972,1,119.00297487973877,10.0,0,0
71,1,東京都,25.06753249215886,129.78789063728354,27.922844645683675,60.276328593243036,12.539144178658274,0,86.47512048766158,10.0,0,0
51,1,東京都,21.905645109556943,117.12639170670317,150.75206797849,73.54434377049476,19.89563173018768,0,89.32531897140721,10.0,0,0
50,0,東京都,26.188144490122806,153.52339576327967,243.0154927439443,49.49434909833058,41.72419565135096,0,95.43507599192613,10.0,0,0
69,0,東京都,25.01669075994594,165.24065815666742,291.05163861770393,51.64690128153595,56.6767420335346,0,75.97927106103097,10.0,0,0
40,0,東京都,24.924350792077323,100.01646247950762,194.2692599305178,39.89751803811732,11.962104707041084,0,80.48825947120558,10.0,0,0
42,1,東京都,23.692305498576633,132.0632484346927,70.15798234027314,41.09599680530691,14.910743460840278,0,69.94763152387557,10.0,0,0
47,1,神奈川県,24.05392968173185,130.40023082528293,94.7159510868831,41.60952396414058,44.56376591786103,0,94.74029617795773,4.019520333929437,1,0
50,1,東京都,32.368152851548494,155.08037349840353,94.99557701757293,52.75317297656032,64.84755429258027,0,113.13167116532485,6.780365812587854,1,0
46,0,神奈川県,27.23675504603796,130.73086188917796,139.15191916900827,40.85049400032975,20.2206608133516,0,87.33282236966907,10.0,0,0
70,0,愛知県,22.17938909339531,111.05002492576918,101.87952143141307,72.50013085197241,38.929520638857845,0,95.89659612331987,10.0,0,0
50,1,東京都,21.165021425361743,155.1669863023138,9.983429457494283,41.07890525442835,7.621373970756404,1,111.6766374192747,10.0,0,0
64,0,鹿児島県,18.510398502861577,116.81014885176616,73.8365683263666,42.87828495867999,9.796440979902716,1,85.09268538970562,10.0,0,0
47,1,東京都,22.115179734918677,123.52718525677987,171.18238386793536,41.60459332244155,23.83194066603381,1,115.45526313860623,10.0,0,0
54,1,東京都,28.384054462995433,103.88723901940709,33.021997999675804,41.75558377804252,12.007694633625198,0,78.17094975515327,10.0,0,0
41,1,青森県,28.09492949645671,116.24270253344439,98.08286308507817,55.363294174683666,81.99218656519247,1,94.31085297271265,10.0,0,0
72,1,神奈川県,25.067081039123213,132.12076179636816,213.1396791922118,40.870696935548956,4.434005984548359,0,101.79879334866747,10.0,0,0
67,1,鹿児島県,22.437041163060673,141.71382113981977,124.98732553519508,40.46422838915413,8.399421648287666,0,109.9912602461451,10.0,0,0
44,0,神奈川県,27.988387018696088,114.62341849982613,102.97757764904053,41.69569671170825,7.1021023282306865,1,103.63007581093463,10.0,0,0
49,0,北海道,30.581932033762236,171.92650874862917,275.86675940861767,41.067888197858345,18.65971943577734,0,94.26486549950441,1.584716399711612,1,0
64,1,東京都,25.52794717902834,152.42767847185308,215.60436307912406,41.46127074701534,10.572379517543332,0,89.04329621481153,10.0,0,0
73,1,愛知県,22.170864069356462,125.91003057334662,293.8882855330377,58.79537681216176,30.285096942113434,0,123.32805812585006,8.683241466267315,1,0
50,0,栃木県,22.974839833598935,122.6587960926129,50.42897804458137,65.67494978226357,22.31095357850066,0,77.64023916003218,10.0,0,0
49,1,東京都,32.427467968937655,175.659171305256,102.46386828948441,42.445911033824125,23.49667086436662,0,99.99898381673816,10.0,0,0
40,1,東京都,22.983537017588958,119.16951641048325,29.510904957192345,42.4192984256112,7.158556201125788,0,75.8788206291168,10.0,0,0
55,1,千葉県,28.92352470777331,141.53570752787712,250.19199088440556,40.890682953491165,15.159959087389794,0,122.89670229912102,4.34877912418137,1,0
68,0,石川県,26.19618853426803,120.74336301565772,215.308027625086,55.08921063222657,19.376927186013297,0,108.12106326324313,10.0,0,0
42,1,東京都,28.7491986102884,132.5529652276104,212.60730498699542,41.47242152727832,40.43061296606401,1,100.16734509325094,2.83363033687206,1,0
74,0,兵庫県,24.057727753266516,147.32380854852917,118.40229827874228,47.862058162790994,40.432904505407734,1,82.61235633139938,2.4326876300860487,1,0
57,0,東京都,19.801353589968087,83.81513456761425,100.11292417057707,42.102569276945026,23.838685322689336,1,89.97879219289798,10.0,0,0
53,1,千葉県,18.250988722041228,78.58498632641182,84.29571743495092,42.041406091028946,1.0198539172794532,1,84.01691348188092,10.0,0,0
72,1,東京都,21.141757626217554,149.61097354091254,60.21548468507499,42.35668953302847,5.397997595827273,0,116.58682209616458,2.7911932405891227,1,0
64,0,長野県,17.642639207344047,73.53481667403328,92.15023140349557,41.45156486093785,10.871272210700374,0,73.26356567995163,10.0,0,0
43,1,東京都,22.435486042079685,114.15413471371917,54.11796536260955,51.03284906623111,26.1412719986138,0,109.73361471596753,1.2769089522379786,1,0
66,1,北海道,24.213530217739798,114.70555187950679,133.49976474792916,40.72436643168128,11.127634927024125,0,94.36412595541391,10.0,0,0
51,1,栃木県,22.139784961166423,121.06187255702054,93.27308677142162,54.2225220624128,35.74668325511773,1,75.38238351167254,10.0,0,0
56,0,静岡県,26.93390112025467,148.37130806028784,22.924157564609157,41.40091798345172,11.870553324604797,0,117.44563295861408,10.0,0,0
54,1,東京都,31.888863091788327,132.32092352525393,59.192110789019615,42.27068465749625,25.28245297510944,0,83.58664330072149,10.0,0,0
60,1,東京都,17.03116091385887,127.71598451177361,55.90085476208929,48.10783555243045,6.7112761750198855,0,77.97793256111426,10.0,0,0
62,0,東京都,28.054684683852866,146.66594985931357,293.38613999353333,43.29968009235123,17.408119727319527,0,89.59381194445882,10.0,0,0
59,0,東京都,22.036841617801013,138.5589163125745,59.9715542973655,51.27829523698327,14.63562013006831,1,76.67960775195202,10.0,0,0
69,0,東京都,17.53567507160261,114.35831432801317,57.626610049425395,42.61634486584642,7.753626269823661,0,95.63839499157763,1.5018578756964485,0,1
73,1,静岡県,24.327102044182652,149.41206312967816,187.05704059654784,62.281349157641834,21.95574708498417,0,112.10654599376524,10.0,0,0
40,0,東京都,28.19713076725783,109.17801386498239,129.9753907099236,41.38089863662665,11.586591324775206,1,86.56183949663418,10.0,0,0
54,1,東京都,26.56740627452998,142.30738297795128,81.5409673698141,49.64127087946351,127.7226613799115,0,97.29899942133505,10.0,0,0
41,0,愛知県,19.67006647405855,76.1916201516032,40.715718514400244,41.22039100426891,1.6945018964692704,0,86.49881900403523,10.0,0,0
50,0,東京都,20.768350789859994,126.4939745164957,72.28497305220657,42.160545645116684,15.725236244339941,0,85.94479185018012,10.0,0,0
66,0,京都府,26.19433589060477,111.12792121442426,57.4357758838686,53.825746183492434,12.913298718230276,0,81.99095579730235,10.0,0,0
50,1,青森県,26.65707567834489,142.39911047066911,93.17872421486395,42.393503122243125,13.267963606867527,0,80.23590262388204,3.5905604057166403,1,0
50,1,愛媛県,23.089489172343644,108.96843720053337,15.199623069632043,41.83155858582934,5.805308315423491,1,61.32753613278932,10.0,0,0
47,1,京都府,24.45171138851499,123.12709439509304,96.3038106976147,41.65129759603983,18.28215560740658,0,119.69737126464094,3.6415005488885877,1,0
53,0,埼玉県,25.148873669844363,138.14821051788564,72.56131637957459,41.68435770538359,9.285808789612046,1,114.32351902598386,0.6535783068883193,1,0
53,1,高知県,19.80939823122936,111.99299571767493,74.16942380481574,41.75703008823312,3.6560120385684556,1,100.70998350294903,10.0,0,0
56,0,長野県,25.444397085637664,133.4188468836011,195.64584384193932,42.27565258170084,21.48842339740655,0,105.23027180517032,10.0,0,0
74,0,奈良県,22.346136819988658,94.64874190081082,48.698730427053505,60.64095010951241,10.326004645535061,0,111.20813037752158,10.0,0,0
68,1,千葉県,24.837170146024913,129.0947605250634,113.63061511589638,51.17798795558917,4.196554140887062,1,113.1912571163565,10.0,0,0
72,0,高知県,30.281492882851172,134.05570958021508,111.07654525601632,56.02774344137333,45.90573766443523,0,65.90353150138965,10.0,0,0
67,1,東京都,26.18500326249778,121.66000102957888,122.55583389932242,41.44666244108673,21.417122273542738,0,105.94545581443697,10.0,0,0
49,0,東京都,22.568871577521367,105.92598080555652,110.41764893420655,43.1346414595574,21.64434184167712,0,83.13224679752274,10.0,0,0
51,1,奈良県,28.985300544642627,121.35204557464989,216.31715273102404,42.42956879397407,22.031717991312135,1,100.6529771974737,10.0,0,0
69,1,愛媛県,31.309478499614578,141.009769208182,614.5376192969866,42.020992093237545,114.7747456350164,0,119.36543301688853,1.8180094812016796,1,0
45,0,福島県,26.495278047880387,125.36911352257076,90.59826429875339,41.23771815552282,20.710407072108502,1,105.8735498163889,10.0,0,0
67,1,東京都,18.20841395827212,148.46497149212223,17.48668703597565,44.611719964167044,14.430824677102041,0,95.89185906442233,10.0,0,0
46,0,東京都,27.19486625294508,119.26617866945479,200.96606324770258,43.42839887164352,66.95482043216953,0,115.67766833004822,10.0,0,0
58,0,大阪府,20.54517902284383,110.16783437027739,82.35099648719046,41.20064618167372,12.516924971534667,0,85.62743651774397,10.0,0,0
72,0,神奈川県,26.016212592204724,121.1645565898192,194.7497311888759,40.820380506789355,45.234485073537414,0,113.41987041262016,3.005721454231568,1,0
40,0,大阪府,17.54789986557349,101.06820156307803,27.46988578800538,50.663655611137195,8.615967758697124,0,86.9135763934138,10.0,0,0
74,1,広島県,18.887620796695938,119.54302956507588,88.8271273789831,42.47379244921004,18.139941255652825,0,122.79682418045796,5.170092691288388,0,1
57,0,東京都,25.423471571588177,120.99953372822951,164.12207505356434,42.34059812453231,54.18686306304265,0,84.16598766624256,10.0,0,0
59,0,愛知県,28.216324901229868,143.38135088093827,87.04643852035316,42.000483046948474,9.646213149931672,1,98.19773106412434,10.0,0,0
67,1,高知県,14.516244453420018,108.43388879401752,57.33904634715893,61.575730263795776,2.1535400320139404,0,81.70100879652077,10.0,0,0
71,0,神奈川県,18.031614277140292,118.55951755067521,96.28566632206865,63.806452212433484,2.918449118428387,0,123.71471706778048,10.0,0,0
57,1,愛知県,20.412454142304497,151.86828231501653,81.19846120886959,41.037136519533306,5.776072485849079,0,110.17872590318456,10.0,0,0
66,1,東京都,22.54309751612142,123.6994885059813,139.03046736155207,45.71925776678824,29.19538404495814,0,113.66022144765313,10.0,0,0
66,1,奈良県,20.274856730851617,93.06459281918325,37.85637649019982,63.4323714220554,11.173828446485588,0,87.42812279070868,10.0,0,0
51,1,京都府,26.037891283761187,133.9240224687693,19.711321957393075,41.336498302969765,5.902427986313011,1,78.95005542146328,10.0,0,0
68,1,東京都,18.144577271168327,153.6951829725821,54.756544586218475,70.83055848053449,14.632405367996121,0,114.9067199416841,10.0,0,0
45,1,大阪府,23.32031968356051,125.0162468621819,107.39541804748846,55.637101720499025,40.9103301086292,0,93.81559878229892,0.452128445545608,0,1
45,0,東京都,11.201634976352626,101.64452760897895,9.831206252470494,59.21887443357483,3.673814557437987,0,53.56108791215819,10.0,0,0
44,0,東京都,17.871108437154295,103.23601866650793,736.1773467796739,42.48649392806069,13.841912351746798,0,102.98493305630059,10.0,0,0
47,1,東京都,23.86062498785536,114.34546758965202,66.09346085541294,42.49882293527269,8.82658367490766,0,118.34759385513367,10.0,0,0
74,0,大阪府,27.781375488768216,148.66899822274684,299.4938816199192,41.47238367183521,70.48205711797117,0,114.50429442746197,1.5438140398434341,1,0
53,1,東京都,25.771572417138522,143.11201625649488,244.59353336340502,42.383554104458156,22.30538943190284,0,106.79485195865742,10.0,0,0
46,0,東京都,28.42474311531253,107.14355282779088,48.966346446254036,40.462046081321795,17.434077977764197,1,71.04529220155153,10.0,0,0
42,1,兵庫県,22.188810508624332,96.52565893078499,73.77081600602746,52.13918428286716,37.045742565497775,0,110.35052298656464,10.0,0,0
45,1,東京都,15.436776708145944,84.2753676523899,46.73730124965225,41.41740272341078,10.424422807777688,1,63.512561633166534,10.0,0,0
69,0,東京都,26.790231406488093,140.44398565245044,115.6620977733535,42.10215341240708,12.910670948202643,0,94.7317627217603,10.0,0,0
47,1,北海道,21.785043989668655,120.87949108911609,49.6258641279058,65.57056351511002,9.34075993520901,0,76.01333574551789,10.0,0,0
62,1,東京都,26.265786000497,124.53116366167112,31.74086937707997,46.06412072740595,14.73817666155886,0,85.85063183880594,3.3529278955741955,0,1
67,0,熊本県,18.423429892712154,102.72629733016778,29.46687578567746,41.72257375129676,8.851020582140594,0,80.73469803423653,10.0,0,0
72,0,東京都,16.391553292519987,117.3256623320454,48.75937427691059,58.998607535944984,11.958040971569536,0,81.22837722450548,1.0768979473720899,1,0
48,0,東京都,29.08214211926244,122.05428529318164,124.68513486664695,41.76539354391946,70.6730868495666,0,84.73980560583057,10.0,0,0
72,0,青森県,18.727275687614622,129.21453113098804,89.7766002733216,41.905675684203416,33.73074046979788,0,97.9312905954422,10.0,0,0
47,0,大阪府,31.455827683967794,148.3601708383512,28.919428793609075,60.32540526099977,16.708042662896254,0,94.64061270727154,2.621650562394688,1,0
59,1,東京都,28.37469259954472,167.30579029532106,369.98866381237957,40.74735006740451,34.932603291244426,0,95.35942027091082,10.0,0,0
49,0,東京都,19.80553643484171,105.4321344905044,53.63185784378739,42.60950480980933,10.589726995339017,0,72.0395307149335,10.0,0,0
40,1,神奈川県,26.45322568374705,120.35587419355689,56.881119956537674,52.44328939079299,18.4060231046528,0,97.02039267301471,10.0,0,0
43,0,石川県,14.852678747478935,120.38332237087516,25.150120172680495,51.009212756828234,5.932841257199817,0,74.85083767454802,10.0,0,0
47,1,茨城県,24.843882479588455,104.5708611690801,90.08846105848093,41.592969708835234,13.565884618841698,0,95.94780692044247,10.0,0,0
72,1,東京都,30.477847018899062,162.59395064724578,58.79048471191534,42.17156936212831,9.28752769163211,0,76.5460875061,10.0,0,0
50,1,東京都,29.592327056719487,92.09409161061087,89.80561229355521,41.866352665885515,41.20730158226862,0,90.71183747650494,10.0,0,0
44,1,神奈川県,25.750177982347314,107.85329553474472,135.4604570762471,41.45525950123154,40.63420315436568,0,98.51636616377591,10.0,0,0
63,0,京都府,15.888864304535655,102.18694003909543,42.50112790819395,47.42016140114101,4.161662369107801,0,95.24142209582504,7.613040240653233,0,1
47,0,愛知県,20.301752644577086,104.98506627629459,31.823976326179842,42.19491797166192,10.136500371881464,0,92.30939171922269,10.0,0,0
40,1,茨城県,16.584643465050835,84.17052808374281,72.24352676724928,58.23959421540411,33.3159031162165,0,86.88111747056722,10.0,0,0
52,1,東京都,26.5404602560059,136.83600028748154,257.3966147601133,55.05148677339906,28.017887474106146,1,100.99592235132961,10.0,0,0
51,1,神奈川県,29.771333277975298,126.40203042706,194.2672560935831,45.66348047187644,69.44276467932954,0,101.07577817643318,2.9629942352018657,1,0
71,0,東京都,19.196402330394132,92.0375434582945,213.2955106525875,68.6394445710315,29.200505611966445,0,74.93128075287837,10.0,0,0
48,0,北海道,20.370222747523613,102.15353256050724,27.61651719135749,60.41108921312232,6.338244549526123,1,58.78019254070803,10.0,0,0
67,0,奈良県,24.52083349748606,140.43996968181997,92.62498175589238,41.60775994156832,18.377171178147325,0,88.1133570169055,10.0,0,0
68,1,奈良県,22.332749948542403,136.46843712188678,256.7525468083158,42.26532292467473,2.8377677315815277,1,87.3034112583427,10.0,0,0
47,1,大阪府,26.702054521674487,147.57781014510925,61.138019573202826,65.0645699101825,10.772529637352491,0,99.93954391982213,10.0,0,0
64,0,群馬県,25.74905055577884,137.63768816020303,124.74760414392793,42.16752172836381,7.470486667477408,0,119.1835194230582,2.487390231102514,1,0
46,1,東京都,29.62179566247297,104.36515080150387,228.8083455651818,47.71261455769502,48.44218634506376,0,100.65763278386359,10.0,0,0
68,0,東京都,26.187883924120623,162.0888547746825,351.5872097805196,41.06803348174354,25.580177393668784,1,125.19660748385209,0.21481763234181936,1,0
61,1,滋賀県,25.52770612562216,133.89260691540068,27.371263697616723,40.794059989700926,4.863801992048117,0,86.41261706899694,10.0,0,0
49,1,鹿児島県,22.589616431109967,132.56743170365513,48.22370783685762,45.227865543113,5.098975363163127,0,79.4874568643836,10.0,0,0
43,1,東京都,22.239723931732016,97.28857697601126,100.99981278455671,41.74493141995718,1.837161074667909,0,102.48333411381392,10.0,0,0
48,0,兵庫県,25.067590075380714,120.03154272227331,70.41480337913283,40.27268030561044,10.865029777137028,0,60.64727311247074,10.0,0,0
51,1,愛知県,20.864016944652146,96.33856607604415,53.2791802585144,51.51734151745341,10.99912523761746,0,99.12916256455787,10.0,0,0
71,1,埼玉県,26.76291375781843,118.83502592179252,305.9257855195909,42.216727891473425,27.39554568250375,1,96.07240877657748,10.0,0,0
56,0,福岡県,19.755727409791383,135.78733316006142,132.44461254728708,40.71452762620015,2.9090277647422833,0,91.38193977289963,10.0,0,0
67,1,東京都,23.089372267142846,147.1958322852379,73.7004863462127,70.18696907016106,6.633848057280979,0,94.01864940693395,1.2506452708403322,1,0
40,1,埼玉県,21.784629810220487,86.62147138105163,168.56361633771868,53.712303796482765,15.493414158931888,0,116.62406665244778,10.0,0,0
53,1,東京都,24.82421844651579,137.3152368540614,298.29334319553556,41.42521531074307,17.944850546532525,0,80.19011684213336,10.0,0,0
64,1,神奈川県,15.194613937083039,96.62150395781872,27.17610379108425,58.56364749677379,17.01512473220691,1,75.66047233285047,10.0,0,0
70,0,東京都,27.5396904962371,142.2599408983347,444.43197423976363,41.34140655641859,28.019108517319808,0,115.13106828130618,7.429917244186107,1,0
74,1,大阪府,26.91327337047717,174.2433066204128,92.20033493454011,55.68016712734263,31.516884617445193,0,98.9111424578918,3.7100740563643857,1,0
51,1,愛知県,20.8004463884291,106.69499562110593,66.20751416283527,56.64011246946857,10.601045286652269,1,81.26831766414283,6.475018041448021,0,1
59,1,愛媛県,24.44263864697308,118.8302860659197,62.047319173727146,51.38338770281417,14.869120186774337,0,78.72436400626128,10.0,0,0
48,0,北海道,20.278595090468432,114.21845611285656,102.4783668444268,41.4177194283154,3.7877984977519192,1,83.23661218974944,10.0,0,0
40,0,岐阜県,26.501120771538137,110.44755993544524,47.313140615992374,52.81868399857741,7.046571490718293,0,100.16092582129376,1.1703425492135084,0,1
43,1,東京都,18.706936567786922,95.93962528895018,73.62715171677796,40.66712385356809,7.044308883978086,0,71.26918277189866,10.0,0,0
72,1,東京都,26.18371283997879,159.32559831327075,147.645934200094,58.11698016893229,28.771006284671408,0,91.09275460702509,10.0,0,0
51,1,広島県,27.9047970183655,161.86346059644396,139.59651942598944,42.0532000009042,20.175546983981928,1,115.56377142513341,0.3645424325491217,1,0
69,0,福岡県,22.269438041900674,111.90462388422165,257.19426802625946,46.67066137917521,13.486721081038173,0,86.1733833448406,10.0,0,0
68,1,愛知県,24.843882466613213,130.33298754552476,112.13491862300891,57.68945077739161,13.171146641802343,1,103.70179285709683,10.0,0,0
47,0,東京都,20.43052794151413,106.69055236573425,60.75614917817121,47.59804025837705,6.061895100864289,1,62.67304892182232,10.0,0,0
62,0,愛知県,21.42411857924698,143.64352944892732,164.07806178747066,56.15197681663354,11.047541473327827,0,69.08605843835869,10.0,0,0
70,1,鹿児島県,23.389588575711123,131.56612865019468,124.83824644425674,41.47671631740809,12.378357395546509,0,102.13109186054858,10.0,0,0
43,1,東京都,22.293977337426742,118.02855541793724,107.9545535668299,32.367079651795684,7.9093711418425094,0,95.12291726923118,0.5290863885809586,1,0
45,1,東京都,18.46500651283812,113.41529966730988,87.0851492165117,42.02867432082588,6.539820689707241,0,77.89532204268494,10.0,0,0
41,0,熊本県,24.03498718407078,123.49266626848278,53.76332515923788,41.91251567898359,29.754770771663473,0,90.05520098487116,10.0,0,0
51,1,大阪府,22.10965926311031,155.08236902199297,64.53763440732816,56.03401640268146,50.69677354596559,1,111.75796725843142,10.0,0,0
72,1,青森県,25.009767449151656,124.72604933407942,129.5360385919921,54.090359863712386,33.31555433782925,0,94.38670285825852,10.0,0,0
60,0,東京都,20.152049174591976,128.67041498418527,132.84506613918998,69.51731156866252,20.37731241862702,0,85.8685144264387,2.290387928068978,0,1
58,1,佐賀県,25.273442427676095,114.21337656330691,53.816890368142666,45.63755186832504,7.9048853369240915,1,79.52033865974657,10.0,0,0
50,1,栃木県,16.06948570945033,123.32517727981065,75.97659207692509,65.57618475159441,28.585393833848023,0,107.90757327100941,10.0,0,0
71,0,茨城県,30.04806209027662,172.90729128475823,146.9883307556343,51.3945116787169,87.95716704360176,0,117.32696250526159,6.165772530869836,1,0
55,1,青森県,24.87614634541889,111.62873154946793,25.430251607221603,41.78586292568804,8.41599548695783,1,81.65449661013182,10.0,0,0
46,1,群馬県,21.653708626984223,84.4120160900329,619.797296825372,43.140832811515374,43.446540429834215,0,64.6350659449054,10.0,0,0
46,0,新潟県,25.36301908874559,111.17478183869243,354.3751035230919,41.69314479495671,19.879540898627386,0,89.9260527023228,10.0,0,0
49,1,東京都,25.424149609109666,101.11239554777785,365.1814135713952,39.45080084100159,13.843259874937019,1,85.08854910348562,10.0,0,0
44,1,東京都,16.169232084264568,98.99579778623752,71.56827435064667,49.3381870423816,4.766932655690144,1,99.11958231882379,10.0,0,0
49,0,東京都,27.651338255092483,130.56177001840098,81.41456919949871,42.69360480520456,23.9162450656638,0,72.41481387092001,10.0,0,0
54,1,東京都,27.547365895811588,140.30314555487024,27.204691535260984,41.88402448500198,15.612159442401262,0,108.7209066633073,9.580358026243072,1,0
69,0,長崎県,23.714637827626312,119.15441818061062,82.48605924827794,41.75064920420929,14.64532977038186,0,110.55052261371257,10.0,0,0
62,0,東京都,23.91392248774427,143.98993528525378,139.7697909158112,42.150713773005535,26.05078488833375,0,114.28636765420411,10.0,0,0
40,1,滋賀県,23.139423330837122,104.33546017115178,18.330862601183682,53.64225006243453,18.609383708032922,0,86.50537455298003,10.0,0,0
62,0,東京都,19.80366643860668,123.19896771949826,56.18405870616424,66.16177284369896,4.96917431437848,0,79.78745094780274,10.0,0,0
68,1,宮崎県,22.986254437063828,129.66971455776743,84.2392023638191,54.944489189724344,28.748812783537087,1,84.6091097708679,10.0,0,0
49,1,東京都,24.69638075743453,120.95956138206792,169.94587418839112,43.4369559996034,42.288142740661115,1,80.13223484829909,10.0,0,0
67,1,東京都,22.102773679874584,128.71354020861008,207.93863682195868,51.97730748279994,27.74124474011314,0,111.70216859973641,10.0,0,0
73,1,大阪府,20.749877729940135,133.20005131646076,68.29097717089007,41.814997271243946,14.858055704684501,0,74.16903118110424,10.0,0,0
48,0,青森県,19.98343364535858,123.70078169802824,58.72792956029332,51.384874589839185,20.760829787449875,0,86.16395010207616,10.0,0,0
47,1,東京都,26.829312067703217,123.66768379032929,143.0295599178742,41.03946476607863,14.252179917884845,0,94.42186211371211,9.972366846719384,1,0
70,1,東京都,25.088907576452456,159.31680216860576,120.07939882311261,63.09995028225356,26.681496537556434,0,123.6132353610282,3.5762761269229726,0,1
55,0,埼玉県,21.047722353483824,96.55395574855126,28.94879752483622,61.62402498056794,8.390219780973498,1,84.128038666279,10.0,0,0
50,0,熊本県,30.750029924016868,130.65806058993428,385.9285119605894,56.02731922609799,141.63789583973414,0,98.23060040097515,1.8961238365238597,1,0
48,1,東京都,29.63376701648443,114.41702951647571,109.35557991038262,42.451158788999265,56.48650512404818,0,94.3069925450844,3.504832618593707,0,1
62,1,千葉県,22.896372113466228,152.94070634844047,26.387419502386372,58.923486488897446,7.64946462275102,0,100.72252659013918,10.0,0,0
45,0,大分県,26.613173513140783,146.7805096453379,199.65353302256676,64.56284711454221,11.532129018041239,1,94.54470180126117,10.0,0,0
40,1,青森県,20.748849372213318,115.07638017903952,39.764853934790295,59.06536990067565,14.33512927145155,0,87.25781468328532,10.0,0,0
72,1,北海道,22.161304156254847,148.61018635087134,55.836710046088676,42.11760516738984,26.149435243776704,0,116.47611455049913,8.664007706167471,1,0
48,1,北海道,25.289035552893296,103.4485991536425,81.18893386629615,51.41391178196317,27.450468604065463,0,94.62005628101839,10.0,0,0
49,0,東京都,18.413826842583372,105.9534952995787,71.6657562203078,41.761646080565725,2.167895143178899,0,71.6044871471258,10.0,0,0
57,0,東京都,27.389042239389585,152.41879642195647,92.02852668401387,42.67982358632536,65.01615325996991,0,94.66757509523646,5.7906777407855525,1,0
71,0,東京都,22.43609615333968,119.9333907156569,126.20277925430962,41.80860604659012,23.73217156700129,1,124.90631213829921,8.727083154429963,1,0
50,0,埼玉県,26.177374001508998,148.83474766673845,194.27762813817017,30.526016792043777,25.471098968813195,0,121.65536573142018,10.0,0,0
66,1,東京都,22.0218191636335,142.27287921642795,83.51016857146072,41.10011646111189,2.5437370130087915,0,74.83810987337962,10.0,0,0
68,0,福岡県,32.12195384686618,144.5836457548189,36.32217785959595,45.47769121959336,27.983357490376104,1,94.81222345984268,10.0,0,0
46,1,長野県,22.589435112168776,111.41629656688343,95.56721913241464,42.22584561630379,56.70741356511595,0,86.1656057759954,10.0,0,0
68,1,東京都,20.084515215329354,142.3295458150656,48.93347900621562,59.0576038564248,9.13488413083918,0,98.48268550668249,1.7345273815214777,1,0
44,1,栃木県,24.739838389166536,131.1175110724029,21.2526415178363,67.40361715963607,8.522506140202943,0,98.08952124419865,10.0,0,0
40,0,滋賀県,24.674102153825057,108.12816472068441,76.88326945829287,42.428408831243445,14.037681040892068,1,94.15057894560252,10.0,0,0
58,0,大阪府,24.23786139834644,108.47325658053774,138.41816864769862,40.876146819548204,9.077650583241702,0,101.37020796341939,9.003090967389396,0,1
48,0,東京都,29.643713205103104,137.98567163927802,121.12897861280508,42.773318572327575,48.464710044425466,1,93.97017977694661,10.0,0,0
44,0,東京都,20.66789040583079,74.42420720449526,48.27154769374703,41.89321661677062,10.11516658768008,0,86.1637813592172,9.484255850703468,0,1
74,0,東京都,24.738890901151215,162.31390665552533,225.43264852668224,53.99566615393875,54.267479642032036,0,113.8891013460708,10.0,0,0
51,0,東京都,24.241046955805597,128.24436018052907,82.62499230200845,75.36338250410309,7.058750133163501,1,86.69653500926215,9.686088475399758,1,0
62,1,茨城県,19.40323734879934,122.57973812031176,184.39072316193273,70.14147543184326,53.14536947997985,0,80.94898174389557,10.0,0,0
57,1,東京都,21.711794555239457,126.81664931782808,74.19012799113787,40.71215915853066,12.580828464864242,0,85.79707824300837,10.0,0,0
69,0,栃木県,20.615829438028417,108.03586651260078,65.37261763171611,42.01826913270426,20.489520577095938,0,68.527914823807,10.0,0,0
73,1,東京都,26.52022945907893,148.85721313306806,39.801333571536354,65.57742776567302,25.792799889279845,0,124.87798090140369,1.9439468360663628,1,0
55,1,神奈川県,29.627647188054834,147.80424921893396,76.42787789975148,42.230849347183764,14.299659035058466,0,86.83284130267594,10.0,0,0
60,1,青森県,24.664737641848404,149.5150288613194,120.08495912839959,63.344676776522945,19.612453792942038,0,109.09218509894346,10.0,0,0
59,0,東京都,21.812558861754482,119.15200814102971,32.156670103010875,40.90342997393992,4.247163510159655,1,99.56531502205623,10.0,0,0
69,1,東京都,17.471041902911068,143.95684400797487,43.54961714607671,40.36680846516684,19.444262310812817,0,94.16007574037322,4.623128036918871,0,1
46,0,愛知県,25.336609848989436,125.522466069078,232.58512275146822,57.79456899728829,22.410684392766957,1,96.47422210872458,10.0,0,0
72,1,山梨県,20.34173887284465,124.16126473402777,121.58561021208357,41.47173018480125,5.966647340987355,0,99.07077302300873,8.897426677171014,0,1
69,1,沖縄県,28.161398654766096,162.19020137592855,193.42231540472665,41.42395241382722,32.04155589033119,0,112.28490092222499,3.4206491058374047,1,0
53,0,東京都,25.65155447820032,109.80954111053974,223.72797681474046,68.30241058995747,22.256673329912896,0,112.28356274173227,7.2540543204498995,0,1
69,0,大阪府,29.299885415583613,130.27080607863763,143.19082080978853,45.14569231863183,9.202327601942214,1,116.58444015042403,10.0,0,0
58,0,神奈川県,18.570417631748303,108.03182701625548,7.611493398172304,65.50416921572146,3.9683890082101065,0,85.05777937832609,10.0,0,0
57,1,東京都,22.64151597418799,121.41601462663954,103.3254717956103,41.2416089402036,10.388304298660755,1,70.85011602976422,10.0,0,0
60,1,東京都,24.49406589109227,130.31600183323235,94.0695699329862,55.835230394532935,60.640709281306314,0,89.05799590462696,10.0,0,0
56,1,千葉県,24.118603914977445,111.09208746540519,82.60919517287199,43.29909412538321,18.995694144995785,0,94.80053538427326,10.0,0,0
53,1,東京都,25.337674339938083,143.41284391746592,84.62931296683209,61.10368720701504,14.180746091813889,1,116.05444510872968,10.0,0,0
46,1,東京都,22.24500688213081,89.13957053854261,120.87941338266329,42.27918072302285,28.21630005895678,0,76.76603635452145,10.0,0,0
72,1,東京都,24.72146475935058,124.6018350139145,82.62524044054656,41.284334205567134,3.470263826563342,0,87.55248263648137,10.0,0,0
50,1,愛知県,26.740155721586216,132.32424731118246,55.84419857435732,53.35884839118809,7.817731868358712,0,88.03143234935051,10.0,0,0
55,1,沖縄県,21.349052981210082,138.95303911151126,192.24472496188991,42.45592580149746,51.446062579837786,0,74.99601247735194,10.0,0,0
46,1,東京都,16.28930245356347,94.74935362945341,22.937570686526428,42.02062119956604,1.567579176802598,1,88.9768878062777,10.0,0,0
57,0,秋田県,30.582716069457042,155.15118240387625,82.84643459155235,43.01195939714098,9.34762377564278,0,100.70579031207043,10.0,0,0
47,0,東京都,25.06583994752903,138.2578696577544,74.43680961748191,65.25135580247527,52.28953394056521,0,103.68681677094051,1.914069907870059,1,0
47,1,兵庫県,26.292015785476064,108.0118699555242,94.76970551983003,55.01905891289591,25.832171394480646,0,69.96669729347236,10.0,0,0
44,0,東京都,20.699541691257288,142.74874276960875,25.490939506275073,42.22676304170337,9.803492190044514,0,77.0440344150938,10.0,0,0
43,0,高知県,24.881513284993932,123.69950564281557,109.1236884919084,55.473352873673775,15.01734361349969,0,119.69074780277457,10.0,0,0
41,0,神奈川県,22.58965888995771,126.0642187232268,19.22930671240348,41.24804874388663,2.7629015569456867,0,98.23820421719196,10.0,0,0
61,0,東京都,17.51702717596074,137.76007422338603,190.10013996310164,57.50625637405704,46.607227011056594,0,113.48093727677119,10.0,0,0
57,0,青森県,18.453827372219138,135.97971710349262,118.10940584358835,71.23956942713446,50.91683499135828,0,124.51465666507258,2.765741211342973,1,0
43,0,東京都,26.91220069191731,111.74229915475729,87.99034301731582,40.747376556802884,8.520820965523864,0,95.08246595199664,10.0,0,0
62,1,滋賀県,30.92880923838193,141.64308662058136,195.31264127321944,65.93126246907353,102.78686971937866,1,99.86626072859882,10.0,0,0
74,1,大阪府,22.20441008851688,131.3467961541142,82.75083896222053,41.25596332861035,9.575551262537067,0,77.10458671634898,2.634853707118068,1,0
70,0,東京都,22.431587262835446,102.16232017439192,53.26944756537758,62.09306670396968,11.784120322983505,0,94.35661696492599,10.0,0,0
47,1,高知県,28.428359189733612,135.9568687162463,135.3056424206644,59.05913665217332,47.63119362462155,0,100.55784985210506,10.0,0,0
43,0,東京都,26.777754871109636,101.05939140055035,163.5361391123991,51.439538161592516,23.09851926521794,0,86.8651192057855,10.0,0,0
41,0,静岡県,25.27926711415225,124.1126121972882,117.89360213993234,41.49920135404841,42.89388136869339,1,91.63152136144816,10.0,0,0
60,1,東京都,21.579113859898698,97.532804751683,247.03545810373024,42.3474452110334,14.750391085047902,0,92.32972690835413,10.0,0,0
65,1,神奈川県,17.449865437702247,103.72005548690856,160.8594033765579,51.66597423415534,23.784945847715896,0,93.43114838338,10.0,0,0
70,0,北海道,21.92923216665103,104.80851696540398,105.63520782054216,42.21485281770598,13.554664070830249,1,80.36534388659615,10.0,0,0
57,1,東京都,26.836457349492772,113.52433990862372,32.591017007034296,44.35511047138328,20.985946959185302,1,85.80869395550089,10.0,0,0
73,1,千葉県,24.247312467602747,166.21629019027648,246.93853436209648,41.17096039922485,31.13385098424916,0,111.83592315313054,10.0,0,0
66,0,神奈川県,22.160523280237975,131.76527641617085,75.71498693741098,54.99315653166642,29.7407824277685,1,86.1133642118816,10.0,0,0
58,0,熊本県,21.05584921469287,122.71173938354582,134.2656165052053,39.799389591565685,12.533154477862961,0,77.29016939242614,9.361216362135034,0,1
43,0,石川県,19.76466852664515,99.15423419985788,9.694674889820144,42.475365222679926,7.0397266259903635,0,77.35091883502221,10.0,0,0
44,0,大阪府,19.14005722786031,138.191144497565,59.565596655384894,70.21641785128132,36.03533950190565,0,94.79727060670307,10.0,0,0
68,1,大阪府,26.57909711645986,171.91615754454617,107.8960138337956,42.042356441081296,24.578858342464528,0,121.41412717102328,7.705119654251204,1,0
51,1,兵庫県,18.819197093840014,104.68784661808722,77.69750060688811,51.87267431961874,10.719576352311666,1,82.5667009315377,10.0,0,0
51,0,静岡県,12.3026768187835,118.79917260824645,42.49958979800313,42.31035776070501,2.8569944247195784,1,91.24870814036422,10.0,0,0
47,1,東京都,25.34116587376045,135.84990068953914,92.00460104298668,42.223171259782525,14.028073729660706,0,88.63081505521396,10.0,0,0
72,1,福島県,18.701991357895267,148.32103706028354,24.239470826186963,41.46519361186722,1.8045936845942374,0,77.59343647944571,10.0,0,0
69,1,千葉県,26.755960737949245,134.4898288905677,132.46090316175298,49.45651769059673,23.88043613176031,0,104.92929830387781,2.886966046265881,1,0
69,1,岩手県,16.5840656060656,110.91085938440445,19.221231679553686,41.6020949804486,1.0592519703482766,0,77.6636943044117,10.0,0,0
59,1,山口県,24.408422075368865,139.18191442522402,62.40291043227238,62.72883443833416,34.94852386922209,0,84.23409192956285,9.446030449805631,0,1
57,1,東京都,25.347219384426307,103.65169442957007,170.1418705715239,45.369520499394866,9.293796264690046,1,93.15304989703739,10.0,0,0
64,1,和歌山県,23.481635347174,132.3969450310486,155.4560666769929,42.173234846171766,38.78895240771608,0,114.06923571005042,10.0,0,0
72,1,東京都,28.21905355814612,172.49699918949506,560.2283159958338,41.796851036469484,25.593586388033945,0,102.53429962423839,3.9823678590628786,1,0
49,0,東京都,24.87676386055234,121.38441117605593,121.1058661855308,37.62181818021976,13.276082044614194,1,106.68238208322528,10.0,0,0
49,0,東京都,23.0991771491966,122.00495493934132,218.82822648385448,44.96331069894582,42.68563767162786,1,100.48661057730216,10.0,0,0
40,0,神奈川県,24.246204132323317,123.3431718361292,92.4623986018185,40.89729549300885,10.238444153467924,0,97.46549997116732,10.0,0,0
73,0,鳥取県,25.864350031082104,134.40785728954197,95.17009020387263,41.38540441594925,33.54602119393744,0,99.40548378961823,10.0,0,0
60,0,三重県,12.012003749681636,99.68311993807937,36.145081865321664,69.81647657270487,5.723287661645062,1,86.25629528354935,10.0,0,0
62,1,北海道,22.928822243847204,137.81331519114713,82.10726651435218,40.64890796039208,8.570288881559728,1,87.26732819616412,10.0,0,0
55,0,佐賀県,26.71340089203985,105.75071894611666,64.87948747270359,41.81999209148873,8.32815743436015,0,79.47381692226959,10.0,0,0
47,1,茨城県,14.86556621615153,83.79729938782499,65.64587286235034,41.8847626906603,1.8975804402050918,0,65.71502908268015,10.0,0,0
69,1,大阪府,25.58929139864357,112.31665413674462,45.12636306757239,59.24503866964725,6.2930149728629035,0,75.76857451744998,10.0,0,0
67,1,東京都,21.284550033783283,110.61408428885925,157.39400638619543,41.20200398410395,4.9713806576492905,0,74.90573854120322,10.0,0,0
40,0,神奈川県,19.92669764914716,70.6902147466131,48.754877442133775,40.82051316603907,10.522558979739339,0,64.25722715145932,10.0,0,0
40,1,大分県,24.843881373309134,73.15724050385977,18.126738801490447,41.63394752661609,18.283660772932006,0,76.48161318850322,4.501507100850644,0,1
40,1,東京都,23.903983244070588,116.6213652120836,46.204010934235455,41.62153027416531,16.07916527305846,0,93.9474343053297,10.0,0,0
50,1,埼玉県,19.130268372447677,116.30570432272785,27.352677136734844,40.63376144996481,2.614128770838165,0,99.94157333934224,10.0,0,0
49,0,大阪府,19.412267460079267,109.76167382856256,164.1706000751132,41.87308627427106,21.524520771846728,0,84.68326674067355,10.0,0,0
71,0,東京都,22.10840257818171,120.7140043156876,30.516468947226524,52.003147110044765,14.63401750718026,0,60.18455622397131,10.0,0,0
59,0,愛知県,28.229618029504326,107.70800986475118,167.72269529985192,51.2965727553283,29.827309960546586,0,86.9124516903286,10.0,0,0
47,0,福岡県,21.460461340422206,143.63453201100018,64.21093361703028,54.544120821450456,9.932482610060786,0,93.97020869430119,10.0,0,0
72,1,東京都,18.272474279738905,111.93384803441808,78.27593219507744,41.07887470290294,4.903747641043626,0,68.84486249196499,10.0,0,0
58,0,東京都,25.54950744243731,142.76443190500888,155.5209158678919,40.92335280652188,56.83178684868082,0,112.29500027691581,0.2926256276499105,1,0
67,0,東京都,19.63809505631698,111.81321472719203,50.404594605765375,41.35167419841073,10.841125596476923,0,105.83253930113452,10.0,0,0
57,0,山口県,25.351616510511263,145.94250067742945,101.09847503834332,42.49934806155005,11.728441939048809,0,83.50278190405905,3.206734200711787,0,1
45,1,千葉県,25.687401205637983,78.73977549219876,25.355462790940535,59.246517079492804,12.51387424084613,0,95.90464437922289,10.0,0,0
51,0,東京都,21.357040297565945,108.4882499867235,43.070160983324705,56.17951720820163,12.220425485697596,0,81.27125195348167,5.216014865217238,0,1
58,0,神奈川県,18.43226289950148,108.47228012121046,18.8118653379689,46.5676490263959,6.125113024959996,0,71.67433779671586,10.0,0,0
68,0,東京都,21.871713564571753,123.72592183944876,94.08302271744515,42.199308760512956,4.940906618033343,0,121.38770523909733,1.820037606727578,1,0
54,1,東京都,26.259923536432915,139.7916619862459,72.54692427567947,42.11739885736092,15.500578097857266,0,87.99744491362962,10.0,0,0
47,1,茨城県,23.6483573520244,131.7082488425555,197.11460619474636,41.979886987395595,41.781575460124465,1,76.53573027981399,10.0,0,0
45,0,埼玉県,27.490573859569622,128.34460797479673,35.40274104425227,52.155201333785115,27.052088790631355,0,118.67543398198967,10.0,0,0
49,0,東京都,13.480306917854445,89.32707700241467,27.528039743207728,47.86700199140725,1.0783202783360257,0,82.03200427270494,10.0,0,0
43,0,神奈川県,22.212554932928377,127.90497339599912,88.90836068839108,42.04145481180701,4.057176556864267,0,95.37363300134416,10.0,0,0
45,1,神奈川県,19.688016824483892,95.37256780228157,48.90511441279346,41.66419582574441,5.9328736241218385,0,91.11413212223692,10.0,0,0
67,0,東京都,26.50600616677674,128.03897154775802,186.24684066437618,39.86534519773452,28.496525102724814,0,99.70299267603363,10.0,0,0
64,1,兵庫県,24.169275128894757,95.88985543820984,79.20334810549357,54.37772328830741,8.774043244175228,0,76.67802228586994,4.312965913595061,0,1
65,1,神奈川県,25.5444686508688,122.69086649343575,107.68470700693813,41.271179640331454,12.066017178067927,0,84.03565365613122,10.0,0,0
66,1,広島県,18.0962232905158,92.49587912287723,293.7588895808691,41.694110027281766,13.279019434083024,0,103.12964960833035,6.116468873822615,1,0
50,0,東京都,30.091950860763497,108.66931612436369,244.0679798898222,40.05377975150474,25.623157388766224,0,79.76771676803364,10.0,0,0
57,1,東京都,26.480757630134185,123.36097383799627,79.60006505809736,41.49199326132242,33.585435593647844,0,72.65446979247685,10.0,0,0
43,0,愛知県,22.155909816285234,111.44151369477164,127.14695119795024,42.42968587088571,70.49402782613444,0,83.50786533920589,10.0,0,0
45,0,東京都,22.1469023146855,136.9226566021948,132.28283978002978,42.151218105989415,44.06702506387773,0,77.87541759647321,10.0,0,0
65,0,東京都,33.07045242063686,153.77138579592295,187.10607165677504,42.02104152498388,25.807064668637253,0,123.33186379633737,10.0,0,0
45,1,東京都,15.166222616583564,117.35681544287031,20.11101450958771,41.95500581033632,1.1233215996163657,0,83.58663760945669,10.0,0,0
59,1,東京都,22.056667608907183,132.69455806062192,101.20341173920205,72.52179266831807,11.722615946152658,0,111.77604843526345,10.0,0,0
55,0,北海道,26.42588418025577,145.49061891453707,197.7008998272764,55.38950306927543,14.856315341056261,0,102.4809614591758,10.0,0,0
45,0,東京都,24.435122694681347,126.50312447620038,48.69875383041536,41.06806279847587,67.30248083194707,0,84.38654135031713,10.0,0,0
63,0,大阪府,19.638114923699302,95.22293895879692,54.091857468967966,42.56703199325048,40.42979336019066,0,88.71758736479138,10.0,0,0
42,0,広島県,26.69743755617305,104.59868868805371,63.45590066508416,40.79991657730015,28.397974444561083,1,111.22102764086728,10.0,0,0
46,1,宮崎県,24.799350157856548,112.24646652401917,99.57383075179227,40.774731221282494,23.196299887587088,0,76.12317218122439,10.0,0,0
49,0,東京都,26.506065714598403,141.3675023828124,211.0801055864191,40.96985004391285,6.73452911969063,0,100.55245637097548,10.0,0,0
47,1,東京都,14.644622703792855,113.85076687187808,36.38170915509329,68.49892368032809,4.152842170397331,1,80.25428290926372,10.0,0,0
49,0,愛知県,31.107505797711116,139.63676628864675,57.82261968362105,65.49702085929223,47.8955521212391,0,105.85870632001459,8.501769838568086,0,1
44,0,東京都,18.081552775163754,101.10550250119542,60.71527400313148,41.8002248606826,14.113007716836897,0,96.82598513960522,10.0,0,0
42,0,福岡県,28.02936216423247,105.06602320180595,62.45574964890855,41.065510273859985,27.89895329477563,0,75.90100588156922,10.0,0,0
72,0,東京都,21.58062827765186,111.59759739691114,71.50803501534003,41.887915279333,3.952998474353698,0,84.41083835369835,10.0,0,0
61,1,東京都,22.095081754096878,141.15655479780145,129.4438960908526,39.92046653897588,11.376104848341294,0,92.72781962777886,10.0,0,0
51,0,東京都,20.57098042441869,86.74030547796694,84.93189951794628,40.923395347865814,14.277639265145066,0,65.75837737154801,10.0,0,0
47,0,東京都,21.780505720183903,114.69379880612377,17.561835045539155,51.40266401953187,12.531266745204734,0,82.85681906422042,10.0,0,0
45,0,東京都,16.658020254313726,105.33821795749435,40.1031668501464,42.48257546394715,18.019124496135703,0,92.54485677143951,10.0,0,0
49,1,山口県,16.86195587293683,130.40139067778878,71.6091981673636,42.12208007644071,4.563596687141382,0,94.44307467660002,8.835812994289952,0,1
45,0,東京都,18.569921119307548,104.93877926227407,47.620442520792444,41.79717472139156,12.523870372588116,0,84.28671730111529,8.202753175616504,1,0
68,0,福岡県,21.024503818127307,109.78048002888278,94.16567573157839,65.5035701029015,15.047243240067255,1,105.93191613647674,2.3939727484172684,1,0
65,1,秋田県,20.063057193788964,106.69939674866102,194.7276971691154,46.5101489115246,27.92573944433029,0,80.87531071881149,10.0,0,0
52,0,東京都,23.47158487724108,161.92407875954757,71.62525762769164,41.90552239189407,18.970415237465104,0,96.8582867804126,10.0,0,0
44,0,東京都,25.112199914513145,126.45294977836491,32.221697290374614,61.847355032860435,52.83937447160824,0,87.01863144353251,10.0,0,0
57,1,東京都,29.876370106544382,159.2649892044424,141.5653469282119,41.04510572561118,38.576165896288224,0,124.04905428843219,3.5204673422532036,1,0
47,1,東京都,26.69461365606674,142.0625907066427,142.83941968477748,47.80820611449585,40.85271437257349,1,93.00054053960098,10.0,0,0
44,1,東京都,21.44095435784799,142.98193902264384,62.090879549892286,52.61824107438436,6.37650361805248,0,95.51736876564753,10.0,0,0
42,0,東京都,26.949122533353783,135.4226337281978,43.531496531910015,42.229190871614236,5.502092598181768,0,102.76106862331702,10.0,0,0
55,0,静岡県,24.705085498999647,129.2321028812639,118.33199116661058,42.097543250451935,42.16419225451237,0,84.47218407478918,10.0,0,0
41,1,東京都,22.422229734458277,108.4671704346192,96.26175197505452,42.03550431034445,29.564548710766203,1,89.60560039228271,10.0,0,0
59,0,埼玉県,25.51078422899397,153.40511506129124,58.374915818368144,41.23297877937214,3.6148430561840206,0,105.89537753408989,10.0,0,0
54,0,滋賀県,17.357231588308338,94.6418761130853,66.00106163993209,46.50965215191689,16.638369034891944,0,103.49983110259716,10.0,0,0
53,0,茨城県,19.196230265096794,98.75316374634676,47.67856630123934,39.501565999619935,9.449855525886212,1,76.29739489371354,10.0,0,0
64,1,京都府,21.20869887314651,120.9986302438925,49.57244084514422,40.864914844492034,9.082792957098526,0,86.78800639830249,10.0,0,0
71,1,東京都,25.548072464926385,127.87056112050499,102.48113449272705,63.425403397662144,9.935013698796451,0,104.10527641939463,10.0,0,0
45,1,神奈川県,22.435494384218668,146.19546017461028,84.05119225287125,49.63495312909559,14.050669495357344,1,87.65174689023569,10.0,0,0
44,0,徳島県,30.036713307294065,170.43122055959975,132.45379969140228,56.233792718917655,67.86899796331444,0,125.72337342272219,2.9420635431390725,0,1
40,0,東京都,25.779685596283347,91.52269251849692,68.44146444872574,41.64936412034865,31.940597898050125,0,75.66517641001938,10.0,0,0
52,0,東京都,19.878200675860914,121.08008686314054,47.54703090129495,43.13286124900842,5.573031114334271,0,85.07893043004626,10.0,0,0
49,1,静岡県,24.221859930836825,121.14467292805088,112.91725035991526,42.401240210198935,11.669375384945308,0,81.38689415293491,10.0,0,0
73,1,愛知県,25.016439135359995,139.49268761165993,52.612237060695186,42.003152269208286,5.333136218278307,0,121.2214971229938,9.172973673718674,1,0
56,1,長野県,26.21384073885202,83.73282180153831,82.58698254570533,41.49700942628248,8.773034717644416,0,86.78049282803578,10.0,0,0
58,0,群馬県,21.164642603912544,121.99832650696251,35.53057545259571,52.00304532474612,5.077655266968499,0,95.35380713607266,10.0,0,0
60,0,東京都,28.257096282297816,163.5636078520593,189.7368750396934,41.03942363079586,12.121483878430531,0,112.30010887331018,5.558731995147095,0,1
63,1,東京都,14.673318611714608,101.09443787540917,114.89622254072397,41.73687300217006,4.993432912590711,0,107.10715419793888,10.0,0,0
52,0,愛知県,24.121742094394563,129.8802988781249,63.77376184718322,55.01014716084883,29.743127826137233,0,93.38835275404233,10.0,0,0
65,1,茨城県,23.957386787813213,113.65415502647191,84.15063397674547,41.421173777335575,18.99418781935163,0,88.03135929638304,10.0,0,0
74,0,東京都,22.765462471544737,136.52529149193128,231.59185355718154,61.64031679798332,8.938498036172229,0,121.14942621861056,10.0,0,0
50,1,東京都,19.130290439448487,92.95448222870733,53.15091771610684,47.409067626598215,1.8574193013750404,0,62.146628233143794,10.0,0,0
66,1,長崎県,25.001559873469585,119.1216056211257,70.14604706021052,48.27007771608597,11.273225656558827,1,101.48962974585461,10.0,0,0
58,1,神奈川県,31.92948299575015,139.84543018575667,74.31150890436042,57.66582009701757,6.649515617639144,0,122.83631973453319,6.538756075688458,1,0
62,1,東京都,23.464587365599133,152.10128196546074,132.20335770398083,41.93372828802448,8.814976958966662,0,90.71172237487156,10.0,0,0
62,1,大阪府,23.193713036064587,102.0691720787422,188.96431712816718,41.07441528204113,22.355283376737077,0,85.64836032993068,10.0,0,0
45,0,和歌山県,24.694631225345255,128.18409797027002,155.65993182088812,72.20853068178191,32.88767137959117,0,124.04353157316848,10.0,0,0
49,1,京都府,25.88685303586575,103.34166410693489,128.93124497545514,41.3827892845705,14.607231219155356,0,84.19594086909387,10.0,0,0
41,1,東京都,22.727150021999822,104.02650894908271,58.84006404696892,50.66035207184793,8.536402088185453,0,86.80385399586254,10.0,0,0
49,0,東京都,27.38933858723569,155.16790761042733,109.71562852565302,56.055474623442315,32.37639334055312,0,86.55201415803863,10.0,0,0
71,0,神奈川県,20.086874499731042,121.00112270318066,37.0315061323769,41.75233827970127,3.3186720015911146,1,88.03810151726499,10.0,0,0
55,1,東京都,20.573727501975082,100.84475098795205,115.40640787495609,40.96759248166045,32.435515060186255,0,65.3781489557248,0.057340647530447805,0,1
51,0,鳥取県,24.94556888040978,113.03601337530803,27.536723926458997,47.418355419319276,10.120183009279268,0,84.29075173554223,10.0,0,0
59,0,沖縄県,19.638164378022054,100.80326411532013,41.101919857012554,59.93248226627126,10.030132457272106,0,85.0813289002486,10.0,0,0
55,0,東京都,25.551763274356446,155.0674744236997,88.50304931011259,49.632904031100885,30.410850398280047,0,105.07309394378485,10.0,0,0
72,0,兵庫県,25.222395380002123,165.64200261234262,308.5191169954483,52.136364384796394,71.82884323408082,0,111.40640162046535,10.0,0,0
43,0,福岡県,22.881245448753898,110.36628930907078,96.25067606699552,40.68965268904046,7.715307399900191,1,85.76034106130372,3.9459840838809965,1,0
53,0,兵庫県,20.98368209433281,125.7670554865022,37.297913239450274,61.17748330564821,5.658048063266322,1,102.35247813700848,10.0,0,0
63,1,東京都,25.610307385756524,147.7062291961444,186.63885381204003,66.28804913046903,15.680609474244022,0,109.44068780126365,9.940217313496316,0,1
59,0,大阪府,24.45200420443262,125.99211819375085,24.385617099189872,41.93190341929313,21.87472067340987,0,121.96362508631101,0.6308108582776941,1,0
48,0,大阪府,24.766991084950156,114.01589966678503,92.40357096911276,41.55774848064046,11.172003472358222,0,95.81320562264821,10.0,0,0
51,1,奈良県,29.664869479452143,143.38486682879272,159.36070648880218,46.18137417981251,33.79508611630482,1,81.31139656256815,10.0,0,0
62,0,大阪府,24.875151521160795,148.72493847134706,82.62358108565998,62.28697034272001,26.152571068344823,1,95.83658539523795,10.0,0,0
49,1,東京都,19.92102759518509,111.3534979898232,34.920702025408985,51.90712619391807,3.3584064314897057,0,85.17495960922848,10.0,0,0
70,0,東京都,30.4419413897175,136.55758768770784,299.73302062351104,42.19920433663589,14.629179658936199,1,100.02181400580918,10.0,0,0
49,1,福岡県,20.725954984253566,88.78471345695827,48.67861600152736,34.91212159430983,16.23784086318608,0,59.02881855230948,10.0,0,0
40,1,福島県,22.83836859488917,105.9487466593697,90.49874353020975,49.263983275093146,11.793633088182391,1,85.07261433877181,10.0,0,0
74,0,北海道,19.998497534835657,123.75119014672077,123.89828796463455,67.33093820687212,4.965527400310192,0,70.56047154674776,10.0,0,0
66,1,長崎県,20.40818987769795,128.89367245803112,159.26702803220212,43.04978903808809,15.725274960984411,0,89.26005501979012,10.0,0,0
46,0,東京都,32.356940684453235,111.74893802949953,69.97391797885894,39.95247359954017,5.014464070397186,0,68.8952934200877,10.0,0,0
68,1,三重県,26.23535678486477,141.79452133885877,156.61766937807715,41.964978162818014,23.56767341955842,0,102.36672224140857,3.6875657429417146,1,0
66,1,高知県,17.286109626094987,120.4430073138972,16.035672506608687,41.23185287022774,0.7323782680141773,0,83.12293289764406,10.0,0,0
42,0,東京都,24.981119127089247,102.86140551633152,25.461379230024093,40.86759627783054,13.41160491768008,0,116.4881854804269,10.0,0,0
52,1,東京都,16.03214242291585,91.20710881817655,52.83022205512795,51.449273730391695,6.580338008447953,0,83.44943672699272,10.0,0,0
46,1,東京都,19.381019918394674,86.71144185970908,23.440096136208556,54.988782125724654,9.716863292306318,0,91.63229871419409,10.0,0,0
47,0,神奈川県,15.410229624334217,110.27769950079619,84.85918154107083,52.05160649536863,8.684869127435753,0,79.41156483480711,10.0,0,0
46,0,静岡県,23.477111876510957,108.15277832457174,53.7230333948454,41.90565791901163,18.63776047229613,0,77.79235378696768,10.0,0,0
68,1,東京都,20.68157983570472,121.36836763688369,119.8620820648543,58.585141178813764,6.955374943511297,0,91.0986422826296,10.0,0,0
42,0,愛知県,23.2701060549397,92.45264809677545,32.12693395650311,57.43690793674705,14.316730156410612,0,65.37782305022813,10.0,0,0
69,0,広島県,21.46018934439206,140.57264564516692,32.2268560721809,47.84514223234936,4.365556669168843,1,78.95119488721126,10.0,0,0
49,0,茨城県,24.546417364672493,106.16023809030088,69.42419625360898,43.046049971928284,18.014416668735276,1,76.38325824328,10.0,0,0
59,0,福岡県,27.905725609032267,150.84830728048476,165.00233346157208,41.75411632212577,63.97189696166401,0,123.13801151915986,9.57289682286935,1,0
47,1,埼玉県,18.92322389255079,83.85137931569368,155.47692527622314,41.922551271332296,9.806924981289898,0,77.17789677940797,10.0,0,0
47,1,神奈川県,25.0665266348104,100.20333586728593,28.022754226171124,40.52531333793464,4.8517915658017365,0,80.26106535859728,10.0,0,0
55,1,福岡県,24.372868846759577,123.04346398916834,164.1325708624808,42.20300375635277,2.352382149312199,1,91.24784170152182,10.0,0,0
68,0,東京都,26.68944101898844,164.29448254474624,128.67374870205091,65.0538762425293,21.991090799958148,0,119.90018443192419,10.0,0,0
44,1,東京都,32.656638362206934,137.96470970545678,142.95860425529406,60.733891802646674,52.291968375491464,0,83.89749459560642,10.0,0,0
60,1,東京都,27.736780855098683,149.15080056050215,90.56716252231361,46.55016729731489,11.029244976177717,0,125.64528174034851,10.0,0,0
65,1,石川県,23.849233467537484,123.85701250577957,176.14883851064965,41.498958172691246,6.626854148139673,0,97.31877614902895,10.0,0,0
45,1,北海道,16.429428014046493,114.83337393706391,53.593686268590105,41.33536777775338,15.943413799709152,0,89.92457179542261,10.0,0,0
52,1,福島県,26.753441431367943,116.30921945950885,120.62711651363259,41.064159737050495,3.3962179331864597,1,99.15334458764451,10.0,0,0
48,1,東京都,17.820475326935625,106.69137858239027,44.08328380071236,42.48684812398308,12.135678628108607,1,97.93246225744421,10.0,0,0
73,1,東京都,24.497799846177205,109.2876922474663,48.681250601178796,42.1789281842292,3.2673939458112273,0,84.50764403102434,10.0,0,0
40,0,山口県,25.25929146929588,105.86335501781456,68.92004581385962,63.21806347470077,53.26239117386131,0,97.15350281204024,10.0,0,0
49,1,茨城県,25.176084173589025,137.8089191682223,38.41116558102509,41.293582210297366,9.399592043160974,0,88.99180669313216,10.0,0,0
43,0,東京都,26.003521018675745,149.83740343283458,129.21623082464782,41.55714973715901,29.668193070381204,0,100.9359402834219,10.0,0,0
70,0,長崎県,18.885408159554704,123.36016216082828,36.093976223645754,56.11246202446664,16.91352061150956,1,76.92852823860152,10.0,0,0
51,1,東京都,21.139965969648618,109.77329088693476,61.78027974464383,41.685321165136585,24.014568769034174,0,90.612238889062,10.0,0,0
51,0,埼玉県,23.268985032873584,114.12755764806322,57.80750148972051,56.765025860628036,70.46978234169262,0,112.1743190493109,2.3930893728836544,1,0
47,0,東京都,17.722150067387133,113.10478361082139,167.6266190690316,43.27203359094291,44.89538301969602,0,85.93276852356117,10.0,0,0
63,0,滋賀県,18.45331746097478,108.12815786897728,52.41414898281763,41.200440290752816,13.38716886833647,0,72.56466593418457,10.0,0,0
45,1,東京都,24.36090903425011,155.54161037057162,122.11383228333855,56.22613446963483,21.15712181159795,0,83.57687367811974,10.0,0,0
42,1,東京都,24.874839974259668,119.492229544416,98.02063693638878,41.27924030309343,25.27266009933457,1,93.94167536431544,10.0,0,0
61,0,埼玉県,26.229284061726784,131.21686370123956,104.43189673527232,54.380145778295685,28.019072637602452,1,98.36509545547091,10.0,0,0
56,0,佐賀県,27.233694020090326,129.10763164051514,48.90402541517221,41.93305780597925,19.821603474975532,1,95.0827960246965,10.0,0,0
57,1,東京都,25.445068428156933,123.80852507763147,82.6249486583093,48.622741417705356,34.635879843425236,1,117.29868253010089,5.5415904804512195,1,0
47,0,福島県,24.363378083093306,112.95173248264767,195.20717327788276,41.04905338548539,11.681533659823094,0,86.94677557616826,10.0,0,0
57,1,東京都,27.47956114796545,134.04944540306116,117.15870395258382,64.96593817959534,70.61814325695913,1,96.73604868703319,10.0,0,0
55,0,東京都,19.874929290805166,92.52948964415744,70.20336084327856,40.68270059771908,25.812344407196697,0,94.63991014012464,10.0,0,0
53,1,岡山県,19.33625103743151,110.76336043517021,88.14163916062638,40.47596579883941,8.811775368691755,0,98.15259369865885,10.0,0,0
40,0,千葉県,21.001767204833673,66.68997772319857,62.02727049824901,64.33112361708265,8.600029564939561,0,78.36947991222954,10.0,0,0
42,0,東京都,22.350092261795766,112.98846066507501,36.0562050282282,42.39536824142862,4.854129273244641,1,108.08925981580596,10.0,0,0
72,1,東京都,26.42069673940039,143.0556968439659,241.03276194246487,66.48379703792247,18.39229187591884,0,89.86927768919222,10.0,0,0
66,0,新潟県,19.561892883268737,132.00581848439356,69.95818283570408,42.21866052879929,11.67393901192858,0,75.63976715183925,10.0,0,0
63,0,東京都,17.25065848625418,120.29907464462529,46.28904897569186,40.888687111960884,21.61335893689696,0,100.69370806579556,10.0,0,0
70,1,東京都,22.811417230593054,119.94439453572211,218.50967703984648,52.177270293099745,22.445256937822897,1,120.69205048990308,10.0,0,0
73,0,沖縄県,20.544159520681948,121.8334784535051,173.69276116983835,53.88411982610801,3.9351239110165634,0,72.4809098167214,10.0,0,0
68,0,大阪府,19.550347202222383,116.80383823522429,56.08186410105983,52.93239181820584,6.6393223649844755,0,73.63525757223249,0.38359466876414267,1,0
62,1,宮崎県,20.202445253854894,129.5506169911978,62.15817227507244,40.70270171532025,17.668117024758327,1,97.56504499186057,10.0,0,0
56,1,静岡県,22.079518130527426,133.78492684107988,222.72875937463883,62.828472098218896,55.56481639527741,0,122.84358079812559,0.8254452714127837,0,1
62,1,東京都,19.9843942003884,132.3980241781468,46.20495729295989,57.14844606125167,9.290284858006126,0,95.84647991309217,10.0,0,0
58,0,東京都,24.55188430690255,133.78203083942628,85.63540223087524,63.39844248823989,27.104804585503164,0,105.92590847208027,10.0,0,0
72,0,東京都,14.877348812725407,113.80963472709222,55.800832652677734,41.05700970232323,2.3572187268202223,0,73.65488231899567,10.0,0,0
54,0,千葉県,21.532032416709644,115.75435175568373,124.76276281726462,51.33335669656724,5.968681047541622,0,83.61581146001011,10.0,0,0
55,1,福岡県,28.207771692812003,144.9960876573438,35.16782637118411,48.778375752575,6.999294185522491,0,76.70222322210323,10.0,0,0
45,0,千葉県,24.81561877115964,87.41262781842782,81.28622185044681,56.311055022293864,20.470640082978857,0,71.04698701095136,10.0,0,0
53,0,茨城県,31.455030327168245,133.1040367905403,273.6254111457389,41.32517859688953,43.88409167701526,0,108.72259547174988,10.0,0,0
47,1,千葉県,18.453360345880732,93.03452406701591,48.698388603221304,48.97148363789568,16.891645366591085,0,70.29942327283726,10.0,0,0
40,1,岡山県,24.166150700770466,133.7849642533169,88.05225796960426,50.13223652713493,33.05059657606692,0,99.90012026440222,10.0,0,0
45,1,東京都,24.2410322810019,130.25414430753693,146.44964604799296,51.53387798208708,52.51390669089513,0,112.91336662102398,10.0,0,0
47,1,栃木県,26.02536436765167,124.2111150047906,250.319499128713,41.64839967089263,14.833772759714789,0,93.57143933832525,10.0,0,0
48,1,兵庫県,20.353206288588485,113.12044014384988,83.48698840865515,61.995680504967346,67.29788379815743,0,89.69954815849901,10.0,0,0
45,1,新潟県,21.408639177009814,114.69670368197094,57.52627042108376,41.5797657306787,7.10336281880644,0,84.1226413746058,10.0,0,0
67,0,石川県,20.024581798830397,123.48014351589988,25.079937813722026,46.81513242970171,18.585044079891233,0,106.8822272036063,10.0,0,0
70,1,東京都,23.336897540517636,120.13156376514011,161.4700492125403,48.55317153515301,14.637354067579565,0,98.15607197037384,10.0,0,0
67,1,鹿児島県,18.877063694939384,149.7830178152608,129.22665016847836,41.69155061617127,17.360614988741,1,72.4842197782681,9.581871015246167,1,0
74,1,東京都,27.393120310252797,142.2623818308886,442.7234236707092,41.4531530762881,96.88188254266649,0,86.02280570048191,10.0,0,0
61,0,千葉県,30.41243102970683,148.49750826064775,110.8929157697634,41.808797319178915,51.16820439307497,0,114.93393293263685,10.0,0,0
53,0,北海道,22.18514153047863,101.66973438006221,49.42744792742611,45.1513543181874,7.341686342479053,0,69.28923781006932,10.0,0,0
45,1,大阪府,22.055932713960324,95.84617159745885,62.67144904471098,54.3704219046716,15.499944634927317,0,92.22826259951431,10.0,0,0
47,0,大阪府,20.742476647646612,129.2146681588688,95.6951395298643,70.62200340153693,39.61286781966224,0,93.42967650592313,10.0,0,0
41,1,大阪府,16.13034908900787,122.13686412918565,7.071046994429642,46.04575311422636,8.073468058141714,0,83.6010256267035,10.0,0,0
49,0,神奈川県,21.816530788566517,106.35245863920049,100.61989696833842,40.40657289738528,17.010549352238545,0,92.09313594767491,10.0,0,0
51,0,滋賀県,26.1839860061553,126.75228185947363,65.39453714230854,42.624457754128294,15.091743031262004,0,91.09787414326793,10.0,0,0
67,1,兵庫県,26.362190330247476,114.2568307418914,224.24709213608966,60.25564392500614,27.194362256387976,0,110.67724135718534,3.6190987231881766,1,0
68,0,東京都,23.63461101595441,110.61889726201888,93.50215572723913,54.233354936557326,23.736207796822907,0,114.00457578426737,10.0,0,0
50,0,千葉県,26.059229695048995,150.5855431636294,133.40604492486892,42.42767212036829,16.74528195168938,1,74.40215336908683,10.0,0,0
53,0,福岡県,15.784866495457612,153.6007159582718,48.827208910203,41.89123665526627,22.22409630945422,1,94.4164469188535,10.0,0,0
40,1,奈良県,19.89719228536719,115.99507791678633,61.79230332615791,42.12971687431343,41.54953808337454,0,99.0467263518679,10.0,0,0
56,1,神奈川県,18.95290604337546,113.58287082417945,10.538737057426577,61.20901805497418,8.052268180368984,0,123.33235896655728,0.2855210144105303,1,0
46,0,北海道,24.930788098793382,128.276711813698,139.24856955265042,41.44804379941704,10.43006290828459,1,78.78221759278732,10.0,0,0
45,0,静岡県,19.3958641755228,113.72104331737722,26.00299919403506,41.57366356180885,10.868486900740006,0,98.35655017059469,10.0,0,0
47,0,愛知県,18.26782039594812,139.17649515124398,53.72050783453179,42.69098526388597,3.2510808182674555,1,61.760845066336465,10.0,0,0
43,0,長野県,28.40462479970628,143.65085996976495,169.95307333067396,42.081459255942164,63.37038611411253,0,87.31348364264014,10.0,0,0
61,1,東京都,20.685152286472622,128.24516311093217,83.17706663246518,64.7952078839478,15.883248332212814,0,87.41284855973306,8.414786844346876,1,0
60,0,島根県,24.162157454063532,133.22997963803127,18.92643068696608,45.522330641024325,17.601825321165347,0,74.08853377096916,10.0,0,0
69,0,東京都,22.379710103828668,124.24776887549116,57.516309389378506,41.51991950756401,23.69537286308433,0,91.56792928949626,10.0,0,0
71,0,東京都,26.03266575330467,128.15280736673523,48.86195272023937,37.72005653626607,2.991680497870786,0,71.68105369323345,10.0,0,0
45,1,神奈川県,25.045148985483436,131.47290348513394,25.15321250502136,61.605189169873576,13.569596862849592,0,108.1236550308529,10.0,0,0
71,0,千葉県,23.715099446716103,137.55236583274842,93.17706904107001,39.67187542653024,7.484064828841879,0,92.3175514486509,5.801215038292369,1,0
54,0,山梨県,26.447547772679574,101.49287772985562,119.74136753015281,42.482014235891455,28.015503960612747,0,83.18925033473782,10.0,0,0
45,1,鹿児島県,24.68974074975456,126.11953481473628,107.67881884286508,41.96575230132041,24.368533414262604,1,102.7063854835791,10.0,0,0
65,0,大阪府,20.03579421727674,125.98153949193285,131.32278786134412,49.368523856218175,14.079382723265587,0,104.859777211986,10.0,0,0
65,1,東京都,19.842625786551853,141.24929273794697,84.5927744571028,50.43332075330817,23.092695637511138,0,98.978453811245,9.90060095405749,0,1
48,1,群馬県,25.064511870473304,121.83128558736115,176.14417868592463,54.07696488726397,32.631522702703656,0,99.31798372811255,10.0,0,0
40,0,東京都,25.22347206128429,105.86521299069845,137.91061637631591,40.05540453083048,14.817757335285624,0,60.53209799684648,10.0,0,0
46,0,兵庫県,32.75430697151141,130.6956830276384,296.24717353379805,57.49864137233413,61.08188736122683,0,118.02374080328138,2.9689826606871974,1,0
67,0,鳥取県,23.465171611926376,145.02220908850316,67.69341503268295,64.65204386345958,8.163989571492396,0,79.94137168255588,10.0,0,0
61,0,東京都,23.483672189642565,132.3239674240339,78.25609991761232,41.875717153742656,26.13975862853775,0,84.38900119698722,10.0,0,0
74,0,青森県,25.478385123996926,135.78633187716895,786.035266964599,41.87576925737868,43.63469797813166,0,90.13789798480171,10.0,0,0
54,0,東京都,12.042736774102254,72.86261572428579,93.6021691018823,41.07871948740367,18.650822774884336,0,104.22565217343094,10.0,0,0
54,1,秋田県,20.64830354352521,114.38411509366257,113.08933870290574,54.33969112949526,13.988140039835196,0,110.71647285568933,10.0,0,0
52,0,秋田県,26.246895679613242,121.43096287724629,57.2188320829865,41.2415776629906,18.10140064753233,1,102.99650078787836,10.0,0,0
52,0,神奈川県,25.084486296589283,143.87606641868936,122.98849414332176,41.67269662639131,73.39627852095094,0,94.80053756182285,10.0,0,0
55,0,兵庫県,20.38322358147089,117.28628217340027,121.36498900231412,42.245224353100156,12.039044174879729,0,115.88169516574422,10.0,0,0
60,1,東京都,21.861172606828884,110.34513899652315,92.44161715517924,40.149029678549645,7.00683653116082,0,94.45054160481737,8.145989152049507,0,1
47,1,石川県,22.744740733977387,84.03624891194464,121.46536315222482,58.78547522020196,9.125639402604184,0,92.56680985172969,10.0,0,0
71,1,大阪府,21.361989795512375,133.32297516925405,80.6558233852482,42.52782345149623,4.386174333716815,0,72.82290222283845,10.0,0,0
43,1,神奈川県,22.374125828915716,147.8047707978224,109.72284355921853,42.148090608472046,28.935242659608786,0,86.80658445458994,10.0,0,0
57,1,奈良県,28.09467889656169,162.02920676238105,453.7833136171129,41.158075940512816,64.71363587873222,0,104.97509044528789,0.24825352160298872,1,0
44,1,滋賀県,21.318206006739878,114.72662295175626,30.864432229422036,52.52789129710791,8.168078570680114,0,78.38623600171492,10.0,0,0
59,0,東京都,18.72584017450845,119.14270422011225,43.535816963650596,58.2814294101482,7.8196442211086215,1,77.936136457488,10.0,0,0
53,0,東京都,23.626744638881917,125.22740623599239,381.8470570991096,41.456661925760955,14.231421958676503,0,87.94115675085229,7.583414491637622,0,1
66,0,東京都,23.703600999018548,124.27067483946169,115.67231738151473,56.983765306258164,18.101268637938766,1,81.2505372582619,10.0,0,0
62,0,東京都,30.07774283211694,147.28789204276603,194.27318825817963,41.64585600536085,52.74376526139637,0,110.91821367040912,0.12641752138597576,0,1
47,1,東京都,24.752912974962584,108.0146882303003,94.04793979923633,50.17880135882501,54.128841921292654,0,92.27542450486726,10.0,0,0
49,0,東京都,13.994021604835309,108.02713588082104,81.15775043780256,64.47889169055708,2.7310035164011284,0,78.70211679402111,10.0,0,0
46,0,埼玉県,23.551400290003045,94.29978465514462,58.74688060560275,42.19932203264472,5.604715954599534,0,87.33593633512203,10.0,0,0
69,1,東京都,27.995507412061528,162.49147881272955,86.43502409243634,42.08804535504934,25.555695939141668,0,85.39761146187682,10.0,0,0
43,1,熊本県,26.643112229144048,144.21612033482896,118.02232732899358,65.36229257580656,94.12145990080734,0,109.58345097260298,10.0,0,0
50,1,愛媛県,18.04510558918873,104.03173406025627,15.117905721295248,49.11047357001733,5.933160683289667,0,72.45067866134552,10.0,0,0
52,0,東京都,25.33833139925976,126.503033126094,103.23923627880545,64.26988453964839,27.77986636583005,0,91.05505176310639,10.0,0,0
49,1,兵庫県,26.35495008128075,95.13999087936597,129.53564908024455,51.89693080104265,132.86476080330578,1,93.40081082652219,10.0,0,0
67,0,東京都,21.21827464072926,143.63661586480904,167.8086680600439,41.50626887475257,7.563477415914407,0,105.91582525180958,10.0,0,0
43,1,東京都,27.460780374527715,140.53547329170274,46.20457274515704,41.922524118921196,13.652317130707221,0,98.68172992681365,10.0,0,0
44,1,大阪府,23.505777890380024,129.2115103727648,81.68197780028815,41.67119836757566,17.264036025014885,0,81.04578867128426,10.0,0,0
48,1,東京都,26.504663340982905,96.65842349128948,53.21220870754151,40.93773119590072,22.888697905806936,0,77.1267487510335,10.0,0,0
67,1,石川県,19.46813252046215,82.65397821225685,125.89995585715756,41.20207864447424,24.603838324790402,0,87.26798692025547,10.0,0,0
66,1,東京都,23.279304673244656,148.46106803932264,182.85289354693808,67.92306968153812,26.59380516747677,0,101.29438094637084,10.0,0,0
54,1,山口県,23.569952854150603,110.26472735619711,52.51823301000656,41.07492755328874,6.512901462775925,0,81.67278064449108,10.0,0,0
48,0,神奈川県,21.161987030925612,123.81373447852508,72.37625239002014,53.55348357104051,2.82977719026263,0,70.74488747389384,10.0,0,0
49,0,北海道,16.826988220953496,103.16930644431028,23.058664519864365,65.61253590499805,6.4423681938169235,0,78.15395547797078,10.0,0,0
47,1,東京都,23.900055047496277,102.89933001447142,32.18737703820443,42.35883593925027,5.023673250846121,0,65.79770669093617,10.0,0,0
51,0,東京都,22.437849396514817,109.73903428772982,96.16227085180469,41.77955277803368,17.26810928103881,0,78.84768220666274,10.0,0,0
47,1,徳島県,25.61002532809851,111.16861515513622,43.84860349449919,41.72004098651254,10.929969545598606,0,77.58506171100025,10.0,0,0
43,1,栃木県,23.438467097895174,124.94845440332395,93.8485688256015,53.64226683798581,16.707068998136457,0,77.94066245974804,10.0,0,0
73,1,北海道,19.684325033018922,126.38891230840481,33.751940328109896,72.16073161589556,5.8966463794225525,0,77.39583989397072,10.0,0,0
59,0,東京都,27.306644165735804,114.41929390044072,45.629946966878165,40.589028386669874,1.5480813903928232,1,71.28044038220082,10.0,0,0
40,1,東京都,15.999773703773226,106.71192053010384,9.459054513469443,67.88230537343415,7.38423409073965,0,73.28798707958157,10.0,0,0
46,0,兵庫県,24.624775184976393,84.97061756938413,69.34166091972916,67.40811441576763,39.51809709425635,0,89.58781986986887,10.0,0,0
58,1,茨城県,21.20974968606709,140.6340756353321,55.42450176093501,41.75574313828343,4.543488714498963,0,84.39407609719964,10.0,0,0
59,0,福岡県,26.74918342777217,124.26741331837194,122.11155481426132,41.47505549290277,16.710629449993675,0,69.1471910842174,10.0,0,0
72,1,東京都,22.768971201742616,140.5140995285989,597.9676665932017,44.68203265536172,42.354997153641456,0,78.73124895509636,10.0,0,0
50,0,高知県,20.345156747401067,125.99064410632869,16.485756816049598,42.393633002715916,4.189493429946925,0,66.90547628021694,10.0,0,0
49,1,京都府,18.112671872648168,129.2429542098734,78.26741995141307,41.53727581455252,2.744761885669126,0,82.86641202321961,10.0,0,0
70,1,愛媛県,17.605604702159695,136.4124898905418,26.834955523894013,53.35383284754792,9.663883782759209,1,69.90354453479465,10.0,0,0
53,1,愛知県,26.659498009830603,135.4330023037597,211.16570093419818,29.349993534665124,5.207845980945531,0,111.74347309580116,10.0,0,0
42,0,兵庫県,21.919118329578954,124.06511887228135,35.45507664052051,41.40551316288322,13.007673822210426,0,60.38917986555304,10.0,0,0
46,0,栃木県,22.329378216358098,140.45954867142441,58.752308159576266,41.59352680237081,6.108549447832953,1,79.06097821971701,10.0,0,0
45,1,奈良県,22.280575475674528,99.28491078469212,158.0387383603661,41.6008424219569,3.521026628530962,0,73.02744281573018,10.0,0,0
53,1,岩手県,21.346427317203283,162.39914308225258,29.92541612298089,47.864306232073986,21.14037143372179,0,101.43409041190412,10.0,0,0
67,0,東京都,20.407382444840152,109.26360429968544,28.16176862196165,62.1357438304494,5.02603451615078,1,91.91715453815728,10.0,0,0
53,1,東京都,24.035685590121812,149.12068358393208,197.30738386199098,42.05308229224716,15.89651104385066,0,72.05663543457612,10.0,0,0
46,1,埼玉県,22.109401100167013,147.2404956631796,59.417173728620924,42.06469810295087,28.674478132830146,0,110.55514109471983,10.0,0,0
64,0,千葉県,21.993069724661428,136.95109135680255,36.46237281347055,69.18942181458274,6.121435825708106,0,84.47041097230591,8.754862397281348,1,0
62,0,神奈川県,22.18420946135189,123.33433288965597,105.71512217240947,41.009042408763904,21.40967598090986,0,84.16432236697064,10.0,0,0
67,1,山口県,22.405447407194274,146.49417966901837,52.270930356489416,63.03323884556782,11.722145171825895,1,91.6456009543078,10.0,0,0
45,1,東京都,17.467697495566405,83.19824899892723,82.24155419666313,55.10338080904398,11.87391110609375,0,99.82265060060529,10.0,0,0
57,1,東京都,23.56659104292103,126.98797054022808,64.75015093174115,40.3915725767488,6.592288388605042,0,82.63984880024456,10.0,0,0
45,1,栃木県,19.87018930141078,119.10544111800374,61.93024376085328,47.007655351916505,34.8794101012765,0,87.01888442518894,10.0,0,0
62,1,北海道,27.430957524991236,131.58440872835186,118.35376536344147,52.05306838584661,16.03571358392372,0,123.24528336862686,0.24668261175642492,1,0
56,0,北海道,23.131593648677132,151.68507210204743,76.1649141236443,64.34118612565548,14.434736649095354,1,92.39392206277701,10.0,0,0
72,0,千葉県,19.122346558420645,120.98079042333322,36.67614588885827,43.32042744455027,16.370751190341466,1,96.68135870482729,6.438158604310857,0,1
61,0,神奈川県,21.58132570155023,110.10814657872706,132.47373492908713,52.193413872482445,14.291654119510815,0,95.36414956112674,10.0,0,0
62,0,兵庫県,21.928076948589204,106.87216321119735,82.06251818739369,41.48994581293525,3.195922527308536,0,82.25877071232405,10.0,0,0
63,0,東京都,21.78373752949689,133.79440566409124,106.80754941154383,41.819086165255136,27.831145364238356,1,104.19235993054427,10.0,0,0
59,1,栃木県,26.643280660199096,118.57516252351171,38.65947582343921,54.38378101125395,19.17728377164169,0,68.16895789930855,9.624852021476995,0,1
74,1,山口県,20.31475573493532,139.15926283174022,31.635994423518053,42.86865240629657,1.7949323898355558,0,87.99907571925138,10.0,0,0
61,1,奈良県,22.155795738497076,102.73258014480477,67.97921412955004,43.03581491281848,25.876234708007743,0,108.77932461875827,10.0,0,0
56,0,東京都,26.606685745191694,150.95951377150095,65.12665558048057,46.19869013355918,21.98139432044442,0,111.74600703615366,10.0,0,0
55,1,兵庫県,24.028231928334822,134.5725654155336,110.86648253879264,41.6113816833626,52.743712414702706,0,77.73339193259247,10.0,0,0
61,0,兵庫県,27.26171641198229,98.1859070645635,159.33638316175617,42.15108229254662,13.85119871374399,0,78.36239797716443,10.0,0,0
48,0,東京都,23.563869221618226,118.09519599000072,65.63337594069543,41.70491545167219,6.207110535140359,0,95.09379647412933,10.0,0,0
46,1,東京都,18.141686365721707,108.13812394966443,36.47112068865826,41.561416369907896,4.838405286992326,0,101.70569909901877,10.0,0,0
74,0,東京都,22.544163793371542,154.01949192775362,170.00060507476576,53.915784429569705,20.90805230286824,0,119.22514641418768,10.0,0,0
59,1,東京都,24.314653611020535,129.86345463840425,199.6346627736811,41.58854782999553,33.73407676659018,0,95.24660818401466,10.0,0,0
49,0,千葉県,25.42764798101025,131.14750698831085,18.80728072987695,40.82994658609128,2.031745116077598,0,106.02626308366632,10.0,0,0
48,0,兵庫県,18.745353754617167,111.36766157545854,125.52581231738498,59.846437849097995,16.62445455767783,0,83.34238633228323,10.0,0,0
59,1,千葉県,22.567631339985244,102.95614524725538,177.50649561402253,41.3403698319272,20.055823545296782,0,106.19621262097615,10.0,0,0
48,1,奈良県,27.9107005315867,119.75265200222935,96.06980424318618,45.37883310123753,16.708711952169633,1,78.89669293830113,10.0,0,0
43,1,東京都,29.847288484058012,104.54501708423446,97.90544343477615,56.4098154557016,30.553470913480382,0,106.14931961340127,10.0,0,0
47,1,東京都,26.463556302814272,95.14549060017069,120.17753721101529,54.7643300951082,21.559253595243362,0,77.93399246992713,10.0,0,0
49,1,東京都,29.87086585243701,134.73801981737893,195.64345282040077,42.84252313100805,18.683087249022766,0,94.5444178428846,10.0,0,0
46,0,滋賀県,22.658640626571746,116.27012566430672,101.45462903846264,40.584274180711965,5.933257741376347,0,73.0939407405065,10.0,0,0
70,0,神奈川県,26.913643025994254,140.4712845878358,101.18797382211689,41.247793048893335,55.30600841891079,0,74.4141905697212,0.7919288105989364,0,1
50,1,愛知県,20.402894556265117,113.71775894395243,113.78266097095964,42.17917414551716,13.413845511132207,0,112.77411899897929,10.0,0,0
49,1,東京都,26.1992813765535,136.18394931937772,114.19431028266337,43.12776592599146,7.600419514564158,0,102.05833325091042,9.58051549904003,1,0
55,1,東京都,16.79061625192656,120.63361301268333,151.1573887059084,41.0784130111592,12.792119714475614,0,77.57683012920226,10.0,0,0
48,1,東京都,28.247099641282315,123.34427718503291,99.12723389406756,37.45506470220186,15.235921098237153,0,86.24668850568797,10.0,0,0
48,1,青森県,17.7671451202056,128.70961643436723,47.89700847666267,42.10081656542168,4.1607401391555925,1,83.90485587035724,10.0,0,0
68,0,東京都,20.288192614994554,116.90139221234729,141.5703229311051,51.02666330933972,8.944876279344204,0,92.81214699438665,10.0,0,0
54,0,東京都,20.027781629058268,139.80896312130162,210.92566808204106,42.02251900896392,15.55213770629276,0,65.87129203037755,10.0,0,0
49,0,岐阜県,26.803305951867667,136.44830205262207,36.460202281330766,42.29222823472494,9.287781060643532,0,76.37458455434503,10.0,0,0
70,0,埼玉県,19.977706635564573,118.79743018577152,27.44507785865269,41.230043611014565,2.384255790734108,0,78.48856998355716,10.0,0,0
52,1,東京都,20.201668571682006,102.85455943300713,159.7416453295913,40.16685290011115,7.375426005745144,0,86.45461711824422,10.0,0,0
68,0,東京都,24.11495333939426,121.08132653784138,83.80019707056134,55.14970096110302,5.818118408768302,0,87.85421237091057,10.0,0,0
51,0,秋田県,24.470276219216696,102.38873771395524,111.15664476101634,65.57675979090293,19.973466982687285,0,76.35390739076058,10.0,0,0
58,0,京都府,22.695153553265847,118.58840968763799,40.046198392051934,40.817998809185475,16.228565976875913,1,91.56258495398292,10.0,0,0
49,0,神奈川県,27.401984301816704,118.71094118417618,44.45019867554328,45.63222197938965,8.274080267783685,0,77.28525405743498,10.0,0,0
73,1,東京都,26.628748251179864,126.14818445295934,116.31918409448144,41.76751754965883,1.5577300815536466,0,91.24851280967117,2.9581184146089967,0,1
47,1,東京都,21.712068737082006,113.66417619969035,44.4774410156361,41.423421130547496,6.659798644496767,0,106.68002465712509,10.0,0,0
48,0,福岡県,21.989783449513375,111.97113813304897,52.23925652936316,67.40632698433333,32.54069384288892,0,95.07740371526998,10.0,0,0
69,1,群馬県,32.322932912796425,174.967602888291,148.42075219291684,54.83496295712509,143.43001427438116,0,114.30904508894943,7.214489196213173,0,1
45,0,愛媛県,20.59006048559365,110.1464549981175,46.76256363835805,49.61943656432498,16.752580115210492,0,88.91368362340364,10.0,0,0
71,0,青森県,20.535108767947442,131.68641151002626,222.37603310838247,70.37090499670599,12.52266642370103,0,115.24717258049314,0.29130066938406135,1,0
57,0,大阪府,12.20900524090891,89.45625667223129,19.907076561388475,60.42606228729069,20.585660406102154,0,70.66488763215607,10.0,0,0
49,1,愛知県,24.003332580282542,136.5670212632541,213.04729680098592,51.2657439501834,21.99450633038881,0,106.24564803636686,4.535282544012255,0,1
53,0,東京都,26.180545097019472,137.51932897801734,94.05119023347517,42.482059462292575,15.73586480458738,0,80.71415957418289,10.0,0,0
43,0,東京都,20.977365850947827,116.5719639207718,38.848267395674235,55.700628151141025,7.960698317681608,0,80.69898105173554,10.0,0,0
53,1,鹿児島県,22.185144861281255,120.37839531964536,125.10495092039585,41.50865054364992,20.913752968655384,0,95.70749982333801,6.570460294949745,0,1
54,0,東京都,24.174861244779205,135.7426079808742,154.9674743572642,41.04469898464234,96.00454099440981,0,112.31688149826122,6.794629298729301,0,1
57,1,神奈川県,12.551841430886405,82.51065377868268,71.74515225653332,42.39822071773781,19.022995824162347,1,70.48109393228009,10.0,0,0
45,1,東京都,17.089176200514704,108.58609670612472,48.33857100052259,42.129430478289855,7.0508309474550135,1,101.78914859935233,10.0,0,0
70,0,愛知県,20.47406611066939,104.65672597307183,56.1179704462409,58.11437856060948,11.398448880286823,0,95.2415353347421,10.0,0,0
65,0,東京都,26.012388942271265,119.07480499164043,164.61759769195535,53.39520060971386,15.158555535567208,1,114.01835830475198,10.0,0,0
49,1,熊本県,14.850537270001707,89.19143111388809,95.82207015502362,43.8308660644618,3.8630625731934236,1,70.86209056616524,7.263071710428495,0,1
52,0,東京都,26.94823100675754,121.02333371016115,107.9818127190919,41.20300287701538,9.421151417096219,0,91.77145580141817,10.0,0,0
40,0,東京都,25.74614546138215,89.66942976342428,56.94189790142936,48.025888176723214,3.4814180546474542,0,81.42450728253786,10.0,0,0
43,1,長野県,20.6240908446444,100.93265450268058,120.08531939135126,42.06302872249232,39.5133025467844,1,75.5659531462425,10.0,0,0
43,0,青森県,24.23338223461072,113.01983032927593,49.93993324245443,53.60191305631632,29.701954175541033,0,93.99882751553163,10.0,0,0
40,0,埼玉県,25.765245625390637,103.83339272942459,81.28316861928415,53.35921872054521,18.227194538203854,0,91.44184570049954,10.0,0,0
47,0,東京都,22.186970850648766,105.77057459774281,56.80809064439761,61.31300825287363,1.256723737771471,0,95.09588156624798,10.0,0,0
69,1,埼玉県,17.517679754105053,127.08200378478948,34.96628896806453,41.47198877118993,2.854607847224263,0,113.78829763241555,0.05475701574264202,1,0
66,0,東京都,22.093394810645826,134.51908296285936,30.854768036587018,62.92732451890058,11.989219504234516,1,87.21321756412848,10.0,0,0
62,0,奈良県,20.4567729135534,120.34643008369756,70.23186859900171,48.47335658634094,4.866239122605596,0,101.40375888362233,10.0,0,0
71,1,静岡県,17.98538839124525,135.4104856169538,35.425499558874975,52.21932457461762,16.920178043538222,0,94.79989278057558,10.0,0,0
57,1,京都府,23.00571510309946,102.94241239598595,106.34168692811504,41.98453636244068,12.236540415229344,0,91.30785380935494,10.0,0,0
50,0,石川県,25.6097161284873,141.66503879877817,44.242203672032495,53.72640493787004,23.08775336866718,0,93.0428449441383,10.0,0,0
62,0,東京都,21.465181343075756,101.85803978186458,78.39611455328756,40.75321291586426,9.550529188389689,0,77.60246013018671,10.0,0,0
68,0,京都府,26.125303348110386,125.64173125033837,296.87454448587926,41.01395231671316,7.995933200295203,0,101.60721924171608,10.0,0,0
63,0,兵庫県,19.44457791400129,108.9402576176254,91.81089865070685,61.72420094425705,30.750425977347522,0,110.78853217181877,10.0,0,0
65,1,東京都,26.436730391487508,132.57538526112586,170.14102185765432,52.8797471000836,7.733531165201433,0,92.80008817090406,10.0,0,0
43,0,和歌山県,12.45108591051274,109.1503436016873,19.518501799857617,40.90667441451781,4.080676838879978,0,72.58053071078324,10.0,0,0
42,1,東京都,26.185744491049956,116.08688114517898,60.71355467395694,41.07446091356354,43.419443694996595,1,80.33193896960563,10.0,0,0
55,1,大阪府,20.309646510436824,120.79347678415057,59.211043018875884,48.09275652607056,12.913801685073295,1,76.32991740485689,10.0,0,0
70,1,東京都,28.83323241718144,148.56422625118523,83.02666890117989,54.32999231421907,28.716948209206528,0,120.44607628395984,0.2740872254817659,1,0
48,1,東京都,21.66893395977731,114.01864346204863,62.93284966134005,41.585337294808774,11.717399574135579,0,95.55951849392368,10.0,0,0
62,0,埼玉県,25.232088719156938,153.40894317031714,101.69829790219669,41.41710859209667,11.718942808889055,0,82.9159974906969,10.0,0,0
72,1,埼玉県,20.465622311819704,115.50263063686526,84.04890124568418,57.627538268336814,10.439347700521779,0,81.36015536308842,10.0,0,0
45,1,東京都,18.45724557186865,92.43112963943489,55.21812369796184,60.374396641555165,6.750216332086351,0,79.85499808553223,10.0,0,0
57,1,愛知県,11.325538105505546,116.31616769913227,12.258980838611013,41.04060137614822,0.5251457473145498,1,63.49405727680391,10.0,0,0
47,1,愛媛県,26.11649092175057,140.27621678320284,65.58545303455774,55.9188496263485,14.473378370430428,0,114.5114253932539,9.484887138385526,0,1
73,0,岐阜県,22.860163890952826,130.4070899534589,48.6990820166752,40.19673656527218,32.96468675590881,0,72.47587985455068,10.0,0,0
55,0,東京都,24.70550179399961,159.1606899462448,56.3068574332104,42.26015198557271,6.7351715095705424,0,78.96555851539729,10.0,0,0
54,0,東京都,25.965818039186058,143.64116394177893,141.41279047635916,42.88162041523798,52.274621103884414,0,89.60515882447051,8.67043349363617,1,0
44,1,東京都,22.587775580376995,89.67145531913943,133.13820268202292,53.43106677197677,18.05987282231815,1,94.15694398045035,10.0,0,0
49,1,東京都,21.35378338069849,139.23170505767857,65.58721051973858,41.17217948081691,8.672275557796775,1,88.6310469730628,10.0,0,0
57,1,秋田県,15.834401784872675,114.11823369196695,76.59927265771498,40.85167919902095,0.47202537201934747,0,86.79548497853256,10.0,0,0
47,1,千葉県,20.1808750385993,100.16100842449582,71.5348830943713,41.11893084826748,11.979463924514123,0,96.61054847661819,10.0,0,0
57,1,東京都,21.40922693319715,131.61748239586228,208.20027076827458,40.985355634680765,17.055044984349596,1,116.34294280001218,10.0,0,0
54,0,千葉県,26.31392531793939,93.28999028933312,41.10308134062257,36.50015459413842,2.739541278493287,1,86.94380691635911,10.0,0,0
47,1,東京都,20.03808412087582,121.41121098135814,61.89114610578044,40.82829220934438,6.542724164487045,1,100.68584426845148,10.0,0,0
47,1,鹿児島県,26.095160111920286,137.00812340893472,58.63218831691579,46.31261858951884,32.151344944216106,0,94.42509625890732,10.0,0,0
44,0,北海道,18.534068938927287,81.78486451955915,76.54952656704432,41.665674460246386,12.903744589279398,0,75.37497946901112,10.0,0,0
49,0,福島県,22.83817645337054,129.04804988667183,43.40161183984044,40.67267794463561,7.472580694986421,0,76.98666737187587,10.0,0,0
42,0,新潟県,14.845828132627974,102.19218724846822,39.86503996874737,59.220581987117555,16.234255010104825,0,98.98378791824152,10.0,0,0
41,0,静岡県,24.84388134629674,131.57810258554713,166.01554876266854,61.19737564914475,48.14717765406648,0,93.91814726040322,10.0,0,0
66,1,静岡県,25.2831602370935,129.86359299970536,106.80555246297757,42.47168412286684,4.750370405119811,0,77.62675774905193,10.0,0,0
40,1,広島県,22.229316046527007,79.33512904027778,25.39450774075537,41.078642610805325,12.798457634811003,0,86.04336122072874,10.0,0,0
40,1,北海道,16.015445662344472,98.69952914090207,53.18011999995934,40.47375807532032,7.082441585375712,0,74.17268009542629,10.0,0,0
44,0,愛知県,24.12139920448492,129.10052950678119,11.419537139901525,53.16043210706043,7.374832509917044,0,116.47571792969492,10.0,0,0
57,0,東京都,13.294731292912768,122.16097271708189,66.11709149524303,40.72221122101107,3.2706124309983706,0,71.390314013799,10.0,0,0
40,0,佐賀県,25.03296287081388,118.91692542099008,87.56445057801103,42.870975671299995,40.43195495246509,0,92.6246207293934,10.0,0,0
45,0,東京都,24.452027419962864,110.09836459049806,132.33007299822432,41.69009310136469,47.748431301372214,1,99.37191232039056,9.579840415575664,1,0
42,1,千葉県,17.973570385779126,73.27068776021383,37.748816204505665,41.558803397353245,2.8573771448219554,1,85.09918058502416,10.0,0,0
58,1,宮崎県,21.57446776387846,136.34468636981381,145.15609101480052,54.99671779519731,7.512518116425883,0,86.8313972127519,10.0,0,0
45,1,神奈川県,25.029230472554506,76.56180879011012,101.87520727191122,46.55066357420028,15.680273559271782,0,107.1184008656612,10.0,0,0
54,0,栃木県,25.490380108226468,104.59052938664409,110.73585961529614,41.788407173604405,12.082361412577836,0,115.66471599081207,10.0,0,0
74,0,大阪府,10.490846413807013,132.87162095680162,71.60487634041003,41.87414417545602,1.7494111221272999,0,79.40175847751553,10.0,0,0
65,0,島根県,22.931486211443293,126.37196107193279,21.136677818416043,64.29716042157824,7.985048001176809,0,91.15348505603221,10.0,0,0
46,0,山口県,26.7530225906359,123.45507566371097,58.795417104594236,41.100215873646114,17.588324282841814,0,106.88226552615448,10.0,0,0
47,1,高知県,28.827659639560757,126.71991466026742,785.2423961429893,32.6191443615449,18.136296894475638,0,125.0,3.0022069121684973,1,0
66,0,東京都,16.32361120228632,92.49586653132339,117.75310472914789,49.487740497318335,15.583935733245925,0,85.83307890816312,10.0,0,0
53,1,大阪府,21.927637788453538,131.24420701076733,46.70858177260713,45.2003407250202,12.006217487404227,1,100.17637613176076,6.065732708092338,0,1
41,1,福岡県,27.64395478182231,109.81047424566256,99.5948670717348,41.625704923410126,3.7391642552679674,0,81.31850929844599,10.0,0,0
54,1,栃木県,17.58951109027475,134.73569896046922,139.39123878495343,41.609454825450555,23.556535003766008,0,85.60277537422525,10.0,0,0
51,1,東京都,25.775338701209193,120.98168729902466,76.06279483296068,39.063035501538465,8.416140533865146,1,104.19149999827613,10.0,0,0
73,0,東京都,24.41085767510139,129.2433573902697,278.4542750340095,42.09311505878326,23.655705249423274,0,112.64216242974044,7.16760385480697,1,0
42,0,東京都,25.027496960566083,139.8921358291958,95.81746363421071,42.93082245154705,42.232735177110264,1,105.89232048255225,10.0,0,0
44,1,東京都,25.765582328852616,125.10357697690537,134.8025546772459,41.69273257668447,45.97595264119536,0,111.84028675627472,10.0,0,0
50,1,鳥取県,18.82135378309287,99.56002174334398,16.43089198695328,41.737314196041275,0.5002362626596758,1,63.723452397539724,10.0,0,0
41,1,奈良県,31.412790951580966,102.72174588465434,319.3099578102931,42.53523166093448,102.92291028134561,0,105.85916043996122,8.366033617598328,1,0
59,0,東京都,15.925271515036316,111.15850550839555,45.68181677907375,42.02096337961876,11.49307203640003,0,76.49077112113379,10.0,0,0
62,0,神奈川県,25.61299263757562,136.38485960384705,198.7839886607207,55.2059730684433,48.10341197640749,1,88.12145110768164,10.0,0,0
44,1,愛知県,24.97846335642011,129.84080215974456,69.9737987848499,41.64262175647381,5.904981062382278,1,97.25092247866738,10.0,0,0
49,0,青森県,23.93322686622754,125.71635524486646,92.04708895973204,64.46809200936548,20.43147198413696,0,95.36873335247002,10.0,0,0
42,1,神奈川県,25.739276287687012,114.40264557926187,113.48295460263249,41.097337344914344,6.450290096248798,1,93.81647975431096,10.0,0,0
53,0,京都府,27.048649335333327,133.70810940004495,117.97194706974486,41.096277032543945,42.382070731153775,1,92.98459316875271,10.0,0,0
41,1,岡山県,26.113310104748805,113.46581843030988,43.19334572831485,41.79979716401348,27.067053902291022,1,64.40183631697592,10.0,0,0
47,0,東京都,30.46264811036676,119.10554482825675,230.0274159664733,41.092542307583436,28.478061657108054,0,108.77939290276103,10.0,0,0
61,0,東京都,25.02081868210794,142.96634154169905,94.7525787017284,41.18768952674353,16.318396604547974,0,110.74647303914938,0.35714720259866223,1,0
57,0,東京都,22.20461690997693,124.64890801344676,122.83740231535296,53.08862861975538,13.153526515640966,0,109.52131426999216,10.0,0,0
69,0,東京都,25.773572364967695,115.82326593939551,84.89988182769767,46.602164751364555,8.918891336424403,0,122.70048733430234,5.295021259309497,1,0
63,0,大阪府,32.41077679881444,153.39159891456868,136.7634868154526,40.46505778113926,29.56965649481788,0,120.83675903205473,2.3735493351899972,1,0
40,0,東京都,16.49692844276175,90.07440814864455,76.21859903966822,55.951804210354425,3.1217513669135912,0,81.34575449007058,10.0,0,0
68,1,埼玉県,16.295609781296715,126.61311806165945,60.97039494100756,41.60209419280508,9.505029869217038,0,108.74206034231194,6.117487146911816,1,0
43,0,東京都,22.709102821156108,107.66730609565155,26.35163851819281,41.50051801569974,9.165342088522376,0,82.88234571380869,10.0,0,0
42,1,神奈川県,19.361793694036812,106.30984687425382,62.79025019890059,53.93941284745082,11.731965878517807,0,72.48362933688678,10.0,0,0
50,1,東京都,25.639365477590577,126.4680130967094,62.154715226277695,46.1772334761705,23.62867739318324,0,72.12841605178723,10.0,0,0
55,1,神奈川県,21.89938645046938,116.38238192387011,70.5151233594671,42.48201353815035,10.336358795909197,0,101.1009038536402,10.0,0,0
57,0,東京都,26.913426301506146,159.2589131639997,107.78882363725448,40.87547988129148,10.840790556889667,0,116.02714527852864,10.0,0,0
49,1,鹿児島県,22.09508429295898,160.98279157222726,43.514724213379466,41.67691562082057,25.30985262580174,1,77.55450127640499,10.0,0,0
52,0,神奈川県,22.89872065457192,144.99455948256536,37.92290201747903,41.413614336705585,8.598118853377139,0,120.70581436451232,10.0,0,0
45,0,兵庫県,20.104219182106412,91.11312423238306,48.91130573236509,43.42739543874814,9.497764931209602,0,82.85500945595103,10.0,0,0
41,1,東京都,22.36752356424713,94.33675558774848,122.64449569919678,60.90105742858027,53.68136911450252,0,92.88576299583123,5.391776258056663,1,0
49,1,東京都,28.230338898920905,120.99806296646793,139.79322475324963,55.18027072611947,20.60934838445444,0,85.8464243754287,10.0,0,0
49,0,愛知県,22.328668100046734,127.80409375759405,48.89310361753492,42.845208139786436,11.248285319552018,0,78.4952542650151,10.0,0,0
65,0,東京都,22.202130767513005,103.30839343437194,124.80084323718977,57.80591526923836,47.595052952252075,0,96.41736877989719,5.234741558481186,0,1
59,1,東京都,22.417175065293563,121.1003845694833,93.64101985198847,41.45919548660344,22.86225585033195,0,96.33667533831756,10.0,0,0
59,0,静岡県,26.234577677536528,122.21572587176341,232.08354254273135,39.826647299653516,44.59066399976009,1,105.24841639258837,3.510918339646353,1,0
50,0,和歌山県,25.97294044815223,129.33707829101974,31.20059031794449,65.24871291765476,5.0053498090006885,0,101.78304975254568,10.0,0,0
65,0,東京都,19.969232704194013,153.0271122609596,28.918677460171907,50.22487967613361,7.0418530495222615,0,94.44137928506136,10.0,0,0
46,1,大阪府,23.55418246025042,112.93185324478341,27.396989698423827,40.74364830765259,4.329833646424142,0,75.79984688373703,10.0,0,0
58,0,滋賀県,23.271712900227783,118.96263347926185,85.0073613066397,57.159446348283815,9.290895098546594,0,83.51465467100893,10.0,0,0
68,1,山形県,22.036064993463487,126.63472232893783,146.41327291376348,40.587712260691575,9.28586738156288,0,88.66523440714278,10.0,0,0
45,1,東京都,25.85658980591362,130.3005751375194,84.67989146900818,41.18569815901555,23.959552446570257,1,60.787247419746016,10.0,0,0
48,0,東京都,28.751654588133977,130.3050114022194,112.87988732045955,64.84678062535805,8.164289439883023,0,80.119958714003,10.0,0,0
66,0,東京都,25.853019880392576,123.13667310556882,76.15676505059656,48.976919312434596,20.620843258438814,0,72.66627910723975,10.0,0,0
72,0,佐賀県,23.776708200000964,132.33224867913148,256.83336896506347,40.95269828321824,25.61558704377147,0,86.86096489355097,10.0,0,0
42,0,東京都,17.975211350155455,96.52738776264653,57.433880237743445,64.9661747989457,15.33691911215625,0,103.62034280403529,10.0,0,0
44,0,神奈川県,24.173081448749983,141.49671948240987,293.067059448002,70.2666261234372,55.60321232604129,0,106.68387324386195,10.0,0,0
58,1,長野県,29.583121436330238,133.24361016531813,174.98121495221233,41.97357508511914,17.342681982059037,0,103.15290529121364,10.0,0,0
49,1,東京都,21.107723751592847,93.25138023719443,99.66619997559853,51.591348910058656,6.221869820325586,0,72.4311409402942,10.0,0,0
59,0,高知県,18.877650963910103,102.89925239052096,55.349138028770824,42.683518435474895,9.242998346748614,1,84.16235429582792,2.1683711280419202,0,1
70,0,神奈川県,21.31165743607561,117.3090107862052,52.21802446409773,51.39961490706882,5.015202405590103,1,78.1460279225324,10.0,0,0
67,0,京都府,26.909839397247215,127.12808453960875,256.7155228617664,41.0685059091885,40.12203469333001,0,84.74001795213101,10.0,0,0
56,0,神奈川県,26.287243463502403,138.0417445948431,99.14925823416098,42.037209465393566,10.07670099007171,0,110.79666865631914,3.6585277179093096,1,0
59,1,大阪府,23.56417045426146,157.11088231157953,99.12993963979912,40.86293040646914,40.829436369677026,0,98.98595990984111,1.411705077979609,1,0
41,1,群馬県,31.448913732808855,141.67115392901934,123.43416599067132,40.95162759898468,31.033009003399282,1,108.76303307399168,9.788970227238579,1,0
58,1,大阪府,18.12914042864674,127.7128449832869,128.42597015662872,64.33283300844806,15.35364586293437,0,74.2584545627599,10.0,0,0
50,1,神奈川県,26.18041489288565,137.0190231046898,170.35410308613348,41.48604637533947,16.016039756346416,0,78.38017618498687,10.0,0,0
71,1,岡山県,21.453558235221255,133.17294619700112,92.83385695696008,49.30677503346283,11.69604377795538,1,83.96005673023241,10.0,0,0
66,1,東京都,16.495644070897082,116.18075111943769,65.89592822568514,41.91431600489023,3.6072702797273073,0,89.3786693152441,3.635574494872042,0,1
70,0,東京都,22.09094579825501,135.43667175718,110.22184156406114,46.67874122901708,7.37488454526024,1,99.70300644078662,10.0,0,0
62,0,東京都,26.80371862463819,111.8369023581177,448.0713879750085,41.80394424628139,44.29705126392502,0,76.21755994921776,10.0,0,0
59,1,栃木県,22.202157346509058,155.06485829254908,139.37990348296645,55.09455811644,18.024619419275158,1,98.94799847323762,10.0,0,0
54,1,群馬県,25.510922125056258,126.56845019377023,88.23914524925638,53.83512771414902,7.075247721953925,1,87.6501146274407,10.0,0,0
57,1,東京都,25.24027040583047,136.60729042943024,363.6165933451094,41.8730400889314,143.71552056836754,0,94.59105972145095,10.0,0,0
41,0,滋賀県,21.32120902235043,100.8035532160651,53.546819955806704,55.74446927851506,28.013305822282998,1,118.0097929524156,10.0,0,0
40,1,東京都,24.4516978061447,134.089282610619,24.219481114325998,42.13658388157031,22.840165374966745,0,95.47003744548739,0.7713181549643645,1,0
64,1,群馬県,24.81233080659454,126.74042093469568,101.21630376088233,40.769964135331364,36.8540741162888,0,99.76794699577982,0.29807838813127224,1,0
65,0,大阪府,24.318770491533172,120.46530176437784,443.0924510993749,41.56054068212912,16.199244907159542,0,122.08517841575467,10.0,0,0
66,1,東京都,23.392018194629657,123.00488369513036,165.1389872077665,39.97097273580077,21.673923202827986,0,113.89787677907341,10.0,0,0
65,1,静岡県,27.828934643708944,139.54161127240053,45.12381790239255,41.96399896027337,4.0350692116663245,0,81.84208020664356,10.0,0,0
56,1,東京都,31.454364049324827,159.15621299005323,253.9573976184071,41.39159672624878,51.95868662160263,0,109.17780513901198,10.0,0,0
41,0,栃木県,20.914153253253428,85.34495841435167,24.35453330661396,40.47055266945537,0.6696019738657947,1,81.16291750494901,10.0,0,0
68,0,東京都,17.282849253440315,93.02451805382665,123.11418109445073,41.38479629339769,4.088432405338572,0,115.88294285460776,10.0,0,0
47,1,岐阜県,26.61733321591468,135.558894876338,27.175460671247208,51.462296668865314,13.116836001113853,0,116.26151476513905,10.0,0,0
49,0,茨城県,27.138583126557933,132.51014348233292,90.09061412618921,41.095892179626354,73.40434412712992,0,98.69211506141035,1.7840003373061766,1,0
59,1,東京都,17.587773814335705,101.73241101868064,29.711780887037325,42.11736757275355,7.374869586815037,0,88.38837328963407,10.0,0,0
55,0,静岡県,24.84551132395523,134.40784524355192,14.950841491031422,67.84441875407568,10.52822944728582,0,95.18712757729828,10.0,0,0
70,0,茨城県,23.965565217971346,135.61401797615213,266.87675212585947,61.56512547149601,14.742685389317494,0,101.57325173119766,9.967699166315118,1,0
48,1,東京都,23.47708093368183,96.17017127339263,35.703457874605064,42.680909276253175,2.8439903702120106,0,94.44168636586588,10.0,0,0
71,0,東京都,15.124457661567057,111.1765746917145,46.44109849610571,42.62220377561432,7.453967445016516,1,118.15004672589389,5.419772438525385,0,1
54,1,大阪府,29.86981640634536,135.56504758047706,137.66168318855185,63.438833550645626,51.211588589115564,0,112.96347926440244,10.0,0,0
50,1,長野県,23.005389876633902,102.91665962944474,77.10391589010392,57.97904878795831,41.06451789175127,0,89.70218296893886,10.0,0,0
50,1,岐阜県,18.33532504878272,145.05051813020134,89.98884255835416,58.54109394471024,33.82051019652703,0,84.19554426298222,10.0,0,0
48,0,東京都,24.337758516668043,67.54079760890313,37.12394620333792,58.5475955321425,2.810362834222141,0,103.82170351634161,8.664550453484289,1,0
48,0,東京都,22.856925276945464,110.47130047477017,88.07103348481247,41.46142018757773,14.305224879960718,0,81.65557999028286,10.0,0,0
68,0,北海道,21.362925337783366,135.60832688788062,50.40914644985772,56.58866283232853,10.72663876177666,0,82.00652968854367,10.0,0,0
42,0,東京都,27.779209476888276,114.60485842134953,61.01835857992819,54.81958098931708,14.861634461205742,0,82.83730054384903,10.0,0,0
47,1,埼玉県,23.90464605523768,116.62321788371783,46.904073120711324,60.23281269518194,28.428849375449772,1,86.3422498177306,10.0,0,0
67,0,長野県,20.5532287620289,113.65427348617365,81.07480039800203,56.145850280121856,7.4729466860591,0,100.35988847341729,10.0,0,0
53,1,大阪府,21.85513627911182,118.62236050997997,97.8684067735012,56.20189066529321,17.10735880162078,1,98.59273438736656,10.0,0,0
41,0,大阪府,17.86076496714302,114.1943166904601,47.91209455706126,46.07423557599389,9.102682644728887,0,86.57445390373258,4.241333616359165,0,1
43,0,東京都,23.933870394324096,108.01568570548451,263.5992626538609,40.792842844147785,6.684174684904173,0,75.74425070643845,10.0,0,0
59,1,愛知県,23.483299913666492,122.05259626085055,127.81242213320431,70.89081446410843,23.849360589897632,0,99.12688996165393,10.0,0,0
48,0,東京都,24.74222586167182,122.45557841868794,146.34582270295564,56.09232599775172,20.884510695224648,0,80.39494704080242,10.0,0,0
49,0,秋田県,22.261862416895884,105.3257627595724,81.91130848068065,41.78944017313912,25.853457258160127,0,119.11459590167253,10.0,0,0
48,0,東京都,24.701575541914558,104.30601793449262,50.0147582003335,42.5705348893973,32.61237243090878,0,95.74333322646314,10.0,0,0
63,0,東京都,22.160087952104988,127.42468276523866,133.40461383148062,47.00081687443394,102.60349333142288,1,116.33570444029718,10.0,0,0
47,1,新潟県,23.291350874258733,110.26492347233892,45.613167615617556,41.54276946102256,16.370962227629875,0,103.20178574033268,10.0,0,0
47,0,東京都,24.0586078724044,123.34624194118136,88.0857864581073,37.93175263788738,32.6741535400219,0,85.0884763843198,10.0,0,0
49,0,奈良県,21.449758509742242,125.75458005195362,77.61872996895973,54.36158395748754,23.94716458830265,0,91.10712662968719,9.90298906844162,0,1
41,0,千葉県,27.32546145460604,104.66646281563665,91.28476337493433,39.766328761026706,29.53499790182942,0,118.13482577343757,10.0,0,0
47,0,栃木県,25.39923277024914,111.93307302857252,176.57655180400567,41.19535963000588,30.55183601555958,0,77.28813242672709,10.0,0,0
69,1,東京都,19.963274422545943,125.99699419825356,40.2024749056322,51.92684858428406,5.228933791974395,1,83.12312999246662,10.0,0,0
52,0,東京都,25.537763644435447,146.01072017910005,87.87004179246543,41.755857873385445,31.253187060541052,0,80.70206041211692,10.0,0,0
58,0,鹿児島県,25.76561087223408,129.33726730052277,83.98038392185347,48.82207464059781,12.190444012978167,0,87.45882580032361,10.0,0,0
48,1,福岡県,20.480397714103848,117.76792680794384,25.423866563456535,59.90688857362628,6.8383885452158975,0,108.20163795423521,10.0,0,0
53,1,東京都,29.944580257856284,138.15143325684176,257.8420608133008,42.28957698549801,46.584510971173806,0,121.39938584570562,6.480123404371713,1,0
65,0,岩手県,20.839301343192606,97.20809530869589,47.490932050869766,41.16254710785053,5.219270373207617,0,79.19598244866198,10.0,0,0
50,0,東京都,18.526651015854778,126.85605628912036,26.27130794444684,41.90566189849621,4.955680405294186,1,90.4133874291374,10.0,0,0
54,1,東京都,22.116006203859964,139.53505090168176,56.56749098113925,55.83537643581002,25.652280935291095,0,100.19145718881879,10.0,0,0
45,1,愛知県,20.170307338081297,120.25467206659421,23.31959620647429,50.315361003704666,6.123352658415594,0,80.04805342844007,10.0,0,0
69,0,東京都,20.403612251290664,149.68220096925504,82.52490294224911,42.247347618277466,6.061890215915435,0,103.0206118768675,9.621071456529004,0,1
67,0,東京都,25.428540424356964,128.76192793874753,63.45728373706428,47.762490150925366,17.034218673382828,0,99.88927327429975,10.0,0,0
63,0,千葉県,20.380867863861436,101.24745210644733,108.69710580398046,49.97949992834023,23.842257035997868,0,72.47467152954766,10.0,0,0
58,1,東京都,26.544258175546837,113.1132208138987,53.82434918040075,43.11946005101733,10.840942123088638,0,87.24331572675067,10.0,0,0
59,0,静岡県,24.38192488962575,136.45249009060782,114.55234479733585,60.46562604885853,40.90838038612082,0,92.52916583713184,10.0,0,0
69,1,鳥取県,28.894949913005636,142.81817626640787,150.9494747270916,39.63350389832114,45.36454161603048,0,107.47441452766094,3.546419929381687,1,0
69,0,東京都,26.34306534341601,140.42941027679188,80.88100305598387,41.798093243586386,16.835018827212085,0,114.76647568504698,9.596225000255792,0,1
62,0,兵庫県,15.888637495127403,137.62739908785085,36.02858224287932,45.265481603506394,3.8812471166405147,0,83.64402642989874,10.0,0,0
50,0,東京都,18.721001351750182,102.52380139866654,124.68522335078923,41.57427715953734,5.996285517244589,0,82.41301379465949,10.0,0,0
67,1,埼玉県,23.470853331634952,93.14759300215373,226.278278690113,36.82170428192763,9.934638200352461,0,98.51011331898532,10.0,0,0
58,0,群馬県,26.699175057515887,137.8803873462394,121.15366536536614,42.05427898053763,50.54340087417716,0,88.12966739891367,0.7657809235748008,1,0
44,0,青森県,19.687520299972558,116.23937292727574,46.70616277669142,49.73559953809557,14.274489141876769,0,69.05418127467316,10.0,0,0
41,0,東京都,19.245226953145913,126.44162847837613,51.283831970716285,57.55663503575412,14.421554848008716,0,95.09571521735133,10.0,0,0
54,0,大阪府,30.049443409541478,111.47367094864458,176.35512315963857,40.0593114696633,21.375514848907788,1,86.17039157890353,8.33308748174688,1,0
55,0,愛知県,25.45870675461316,138.14829990839277,88.06436488473892,42.382140361960516,9.685152127000858,1,120.11936929495016,10.0,0,0
66,1,兵庫県,17.920359570186665,101.97724217618584,24.427789507009017,50.211786621764574,7.969026791091713,0,66.11042928518349,10.0,0,0
74,0,千葉県,22.98456494634827,114.14679212663536,173.46960548087694,48.14947815381889,27.517081965955605,1,87.79975434519284,10.0,0,0
46,1,神奈川県,28.113433259195862,96.57282972977833,25.393487406875543,41.67227425883749,5.162486786247511,0,70.55920909488462,10.0,0,0
71,1,愛媛県,30.88853230240985,152.95768249125618,149.2773586962212,55.550796867724415,18.773812163825834,1,95.82752390874057,0.6873170927580075,1,0
46,1,愛媛県,21.580541266330716,140.23343074633456,194.80976649896408,41.20570561026578,48.49198552537813,0,92.67506837976742,10.0,0,0
47,0,兵庫県,25.42361718919241,121.3044685044524,32.66655856448691,64.83272347066968,14.763312367622541,0,106.39150508034497,2.6959899687327655,1,0
42,0,青森県,24.23427540016864,129.2153297244285,69.3453233209685,41.645160336114905,12.288068049300378,0,91.21591471251722,10.0,0,0
74,0,埼玉県,26.739218675753765,148.88030365921944,172.55159137488386,41.57489719137734,12.04308396494997,1,103.71625262438263,10.0,0,0
40,1,愛知県,22.036325846122406,102.3951213690198,39.01297306991638,41.04003131428777,2.2147412640352884,0,85.29228381622778,10.0,0,0
62,1,大阪府,15.031688304088803,119.7476173225222,35.990895529042426,48.85035240762639,3.8765239887051535,0,92.05984249681497,10.0,0,0
55,1,東京都,20.545242044966162,112.37675316392044,95.8408549605397,42.11736273267642,6.152050676318135,0,106.251614514111,10.0,0,0
43,0,神奈川県,19.98989718441283,112.38513825355341,66.07922606046708,53.9158994417327,15.348730076837661,0,86.90980384093078,10.0,0,0
49,0,東京都,31.555374996692066,130.62906046556466,141.74719178818577,40.97515204693621,12.822510018005488,1,112.26225024235407,1.54833476851061,1,0
62,0,東京都,24.30042036368028,109.73071924660292,48.82294885068041,62.3623505599729,14.620084864972519,0,67.71327858430773,10.0,0,0
63,0,栃木県,24.432644816554777,132.59203318758657,230.8882393648599,42.02779629618714,13.963495919303403,1,71.6118823686843,10.0,0,0
53,1,東京都,17.9697910850665,119.02940391525567,15.821805724187044,39.93202147787405,10.823696997294512,0,65.8723154848422,10.0,0,0
46,0,北海道,25.020085917876102,129.03576556776906,94.87668706309344,55.550281218767914,22.168963692275472,0,87.48897223454676,10.0,0,0
45,0,東京都,26.91288124780295,130.62479095579982,92.39985954663105,62.91564950006181,16.618841919372034,1,75.6859066437842,10.0,0,0
61,1,東京都,17.865070610355854,95.60292081070921,79.79365868584206,46.989913489978825,11.25161908188238,0,77.08945244195509,10.0,0,0
74,1,愛知県,18.711121721590494,129.1395305399236,84.01807887727996,42.35817032724216,11.25370325047955,0,95.9562073472395,3.644583099087449,1,0
69,1,大阪府,27.71653732759328,159.31812850444837,229.22363056212538,42.767181332489116,64.53806977987513,0,124.06416935077655,1.8974781449792382,1,0
58,1,埼玉県,19.493658947593982,136.45132363597727,92.43253517335775,42.23218505134673,16.626866715989852,0,62.43042070178479,10.0,0,0
71,0,埼玉県,23.094852461897048,135.32827959590676,73.52438254293152,55.55328268541426,55.081731935328186,0,82.87237906859455,10.0,0,0
46,1,京都府,22.854759056033057,106.15247312300681,119.00915857515064,41.37964671819492,6.702051504007129,0,85.95676700217805,10.0,0,0
73,0,東京都,24.849190505481353,139.61354590588473,277.01378094429333,66.22779749963361,47.59420062907622,1,125.21304246230368,2.9937047978552362,1,0
64,0,宮崎県,23.68927555309562,139.81004497961396,151.0314546882036,55.01250042201704,15.442111748214481,1,78.16411259407485,10.0,0,0
44,1,愛知県,25.56969426284028,148.85622893459774,199.1350738499311,50.243032194566766,31.9441484889076,0,118.98567794679683,1.5366584835788697,1,0
59,0,兵庫県,17.061493338459318,110.74129321092522,68.61318471157104,65.03281965220638,10.531431956520068,1,93.7370366481831,10.0,0,0
44,0,東京都,26.066017702773124,139.44919214670145,15.862499402737336,42.35691152123727,2.2691165680196743,0,88.0382794309179,10.0,0,0
40,1,神奈川県,17.43807919173962,104.94606913939558,85.52858549477551,75.74992288649055,2.9363015069081864,0,88.99270176468792,10.0,0,0
43,1,兵庫県,29.59848354369192,139.63590400916482,34.07871793329789,43.10413473695262,16.638599887537413,0,92.69364165882989,10.0,0,0
47,1,埼玉県,17.979566765798882,137.31564592451366,223.51836202183384,56.98893578074197,11.310268731983971,0,105.78834264940052,10.0,0,0
60,0,宮崎県,21.44068084117821,114.60099301700652,24.982644801326497,41.07428392185023,2.521044593828815,0,103.69278707789995,10.0,0,0
60,0,神奈川県,26.156778102406697,114.34720929366358,150.95022643306822,41.72158212649485,30.60372124504768,0,75.28508732656697,10.0,0,0
48,1,東京都,23.847309073787812,126.58353732654338,109.48088699414521,41.45619493619332,21.417778632296187,0,83.62398931675513,10.0,0,0
46,0,福岡県,19.091186665226445,79.5481819599523,144.6989764396463,40.628092773815446,9.936535784454726,1,121.83923098067561,10.0,0,0
53,1,神奈川県,24.44918355434118,126.2187378359047,267.5280989478523,27.88005726508637,27.418819852049122,0,102.13468395203671,10.0,0,0
47,1,東京都,26.505906082036123,120.99974305481109,92.38208303560651,32.24179880948561,3.0059024789061684,0,67.6863155133949,10.0,0,0
72,1,福岡県,22.438332904064616,141.21731664101338,26.68856659429113,63.94528357589089,11.097959066767594,0,90.20702041472855,8.313875864075767,0,1
45,0,東京都,20.745261450951865,121.08029839003206,21.14467776921542,44.309729364185785,7.374923503182069,0,74.36956343080739,10.0,0,0
50,0,東京都,26.12196345160984,137.83365409971142,281.6447703651317,40.894751245364816,12.601594876508743,0,111.64083428626898,10.0,0,0
43,1,埼玉県,22.517146183416028,102.19810834902418,117.93576229356846,54.37314237743425,43.87593028185915,0,100.94684379027395,10.0,0,0
57,1,佐賀県,25.332624570383786,147.2129152147138,145.5598569160376,40.722738789026124,64.00202093795153,0,79.62780661889391,10.0,0,0
41,1,群馬県,18.094344877779314,109.01034636930214,62.68458672593111,41.395522459270495,3.794288908957812,0,103.10635728465476,10.0,0,0
64,0,福井県,29.09070066269162,147.17013854235827,73.45437582584707,44.336739696399086,33.68002088539172,0,67.68418714261064,10.0,0,0
54,1,東京都,21.60393772164467,98.99493836922093,186.68314027048302,67.19476538406519,10.45616998426762,1,88.62748325586142,10.0,0,0
54,0,東京都,27.561444516928095,136.87447626232733,140.52871341866418,41.624761851441306,12.793661687121736,1,71.39229262123663,10.0,0,0
68,1,鹿児島県,16.428177926451873,137.81758940525967,72.27547119145072,42.20118208136626,20.735884197070042,0,73.26939975829632,10.0,0,0
54,0,茨城県,14.555817682083282,110.52209689285631,60.94891999445593,59.13299719437972,2.225813169450549,0,93.42642301019329,2.060684864011785,0,1
49,1,大阪府,20.67587758594957,114.12365537684013,59.54659278181502,41.72243852855446,4.145744364077941,0,78.1499371648529,10.0,0,0
62,0,愛知県,19.354545438447275,111.48654805581924,31.807351713403502,40.805140426221534,4.212232208994403,0,99.1128136973985,10.0,0,0
59,1,東京都,29.56364317022246,121.25614842613858,178.4481747056133,59.045263052149835,41.15381446286559,0,81.39435096618733,10.0,0,0
48,1,京都府,20.74410130631332,118.72462415093459,48.552712449287554,50.633670358483066,9.75037475968413,0,100.06300751832077,10.0,0,0
53,1,和歌山県,24.30512383912199,116.11539448841775,36.476904396203444,37.513160274302315,20.393708090749346,0,83.34771294838055,2.0860380777164185,0,1
62,1,東京都,21.7850337395525,126.58269921386254,27.795553139875636,59.11024829822184,14.0368109045756,0,79.43467416848276,10.0,0,0
56,0,東京都,25.20926984042813,144.5730517036079,133.40046710350308,55.47565060534439,15.888267305444732,1,81.29542199883039,10.0,0,0
58,1,東京都,21.282623674046963,106.72870136614155,42.872644328903384,40.52552403599285,3.894465196506294,0,82.84526478284398,9.979800923099061,0,1
72,1,和歌山県,20.088393311722733,149.49945417751707,57.78647348386766,62.01617222987659,10.090896583110563,0,89.59274140279811,2.0000354683135075,0,1
44,1,兵庫県,25.511156101378496,123.33864218235053,199.54046517703026,41.47717339116695,8.435227165151742,0,106.54685094740178,3.5909686373560508,1,0
43,0,広島県,27.816465354358296,123.42162313782765,66.24560673737226,61.13809993434532,29.72531137724776,1,88.68155172254235,10.0,0,0
47,1,東京都,28.224420154154597,138.2136213943841,155.39143753772643,42.311278276388855,32.12206655588108,0,87.3026786050534,10.0,0,0
69,1,山梨県,25.01364973142931,133.26330830226104,88.85618004974897,41.383577708513165,10.91412565849409,0,116.35015426342694,10.0,0,0
58,1,茨城県,14.479525977136472,129.33367659598056,119.63202454721568,40.87264070700368,4.7648165247130825,0,83.17468531269152,10.0,0,0
59,0,東京都,23.57585271638364,155.11207812348528,162.54740225603555,62.09247772561362,24.591065155455595,1,93.53621477406062,10.0,0,0
67,1,熊本県,21.36414668588742,127.63619537098725,35.380505669401614,46.569776201617785,86.6383687765695,1,110.07651138942259,10.0,0,0
61,1,東京都,26.777866103837294,108.93898320249727,56.028085993488126,40.14417054045513,14.473370533578342,0,102.87844139141247,10.0,0,0
71,0,神奈川県,21.784997986060866,113.13433958648481,228.06655148141607,50.61265336441175,43.486013902427665,0,91.77321278135967,10.0,0,0
49,1,埼玉県,18.608212542037776,116.37244775788525,51.435198178739185,48.62047739705652,7.386412556725817,0,82.42845091295172,10.0,0,0
49,0,鹿児島県,23.000171440715963,110.61179907051753,75.95522618849945,41.701631570552436,8.1863141592609,0,83.90287213699786,10.0,0,0
62,0,東京都,24.159573214767434,107.84659879633301,66.3154343997529,60.68185526332704,5.74446420949304,0,125.0,10.0,0,0
69,1,秋田県,21.33992129998734,108.63235720073003,43.92905451526831,40.83144123981312,9.173538676768134,0,99.05806180828226,10.0,0,0
57,0,京都府,23.519877859281685,126.68595099281937,83.48335247963774,41.3039629890701,8.289030917381547,0,94.73111848787742,10.0,0,0
40,0,神奈川県,24.579310480560018,127.79764953671497,196.63847104913455,51.24068193882009,85.74931883303519,0,109.50543506164969,10.0,0,0
41,1,神奈川県,23.933085543036654,106.20609887641906,27.56062983068265,55.69475765524521,5.7227713847503985,1,75.94292405500319,9.883315257925165,0,1
42,1,東京都,26.803487127262823,141.24280437329796,25.29837899723985,41.93327410759381,44.02469840118884,0,78.48824844186952,10.0,0,0
44,0,鹿児島県,17.362392573249917,99.03790824581463,26.359461919036505,45.007106964286145,4.842164701548704,0,100.99537242930481,10.0,0,0
47,0,福岡県,23.469011367716316,102.18980573094034,234.63347215813775,40.21650988813589,13.97189899921906,0,116.47459112748773,10.0,0,0
47,0,栃木県,21.784711156243652,131.7060777550184,46.62364789565579,41.74728685944515,9.515729828093097,1,82.94656433457355,10.0,0,0
71,0,東京都,23.180271432646713,129.0403781347734,197.38171088379008,41.37671087438512,18.011540662511564,1,91.76827693620062,6.578685944629536,0,1
49,1,北海道,20.900156626787133,126.86070469407954,86.36651599684394,45.5322593994491,22.835412914640937,0,94.13950859706941,10.0,0,0
46,0,東京都,25.770537429659505,114.15636160651448,225.78789688346097,43.04887500686361,26.17426375753168,0,102.95418507763766,10.0,0,0
59,1,鹿児島県,28.052573669865914,118.69838139235073,50.02406070028106,49.259070832543536,15.721786401826405,0,94.83922647481924,4.333786640129484,0,1
51,0,栃木県,18.33837550927627,113.28948333440096,48.783235255412414,41.96719292103244,10.606843712326745,0,57.00531310797467,10.0,0,0
44,0,東京都,20.071494367954802,130.09570767613508,53.62428657291439,41.2335046126815,6.652594377563073,0,85.55553940797216,10.0,0,0
57,1,東京都,18.6450771377621,110.21166095742497,73.75197328853302,53.50123365543851,2.870541227678967,1,100.82665809899827,10.0,0,0
61,0,岡山県,24.884268492845305,116.23986437733622,137.6449692193851,41.99493440295037,28.36401468564174,0,87.68154428685486,2.046439017673451,0,1
58,0,愛知県,22.895039405049395,141.58327886236987,105.24506806935266,51.683807897347826,10.091049011619688,0,67.35178608430792,10.0,0,0
66,0,東京都,22.284144276777877,91.20708599839303,39.55114340774167,41.186882310847096,1.1464860794024487,0,87.30284600396328,10.0,0,0
59,0,東京都,18.156968714801327,120.99827245151752,37.556904805586626,42.3107515868806,2.4905242716770997,1,58.23044961615507,8.147608438935556,0,1
64,1,東京都,22.101833961109204,147.21695308802873,94.08193936916129,42.22107892340583,52.37217144366242,0,102.35168121301379,10.0,0,0
47,1,熊本県,26.919115646495747,121.72584487146143,56.66073311416094,73.23344544830596,24.820344269338012,1,121.42043698238486,7.09405087670821,1,0
46,0,東京都,21.347505880368896,115.39887096190294,78.25438768933279,42.03909320426066,20.520598937549128,0,111.97156183955329,10.0,0,0
68,1,東京都,20.118121228288796,115.21783155993235,198.6816531271237,51.044310338259734,26.822305245553594,0,113.93766105156017,10.0,0,0
40,1,福岡県,28.8211801390228,148.46235273646255,51.01923700758646,50.167809611735294,27.251555716143674,0,87.47876174463235,10.0,0,0
55,0,東京都,22.153688013261146,149.6362210312513,48.66207005796353,41.902904793044094,4.47930212152299,0,98.98405562341853,10.0,0,0
72,0,熊本県,25.4604508232039,153.40293253960255,48.69846613394263,40.71408698558182,14.445116580415828,1,104.22934086228479,8.366171906133314,1,0
45,1,和歌山県,18.35349143521896,94.7108419879982,56.83509366860838,41.33529871228157,29.742830582459657,0,78.57067842579856,10.0,0,0
67,0,大阪府,27.915166443967546,164.05705418751214,90.20953076107196,41.79901841900042,45.22080409836386,0,99.01202462199815,10.0,0,0
60,0,沖縄県,28.056854477979005,151.88267892365636,254.14031101769268,54.08944435795739,20.884099828897718,0,71.30477219614961,10.0,0,0
50,0,神奈川県,26.58504248234506,139.78493891237537,41.43588880862524,41.7755764194642,13.650774822586303,0,117.04327681619078,8.193326440165395,1,0
45,1,兵庫県,25.51365271906847,111.19780574982548,56.71814434082996,56.347818919385865,5.201593714215501,0,73.98863314073813,10.0,0,0
56,1,東京都,19.64121508385211,111.74538336864589,44.31584253446351,41.62987056650123,10.071148183663045,1,99.48954865868777,2.2194340880293684,0,1
52,0,京都府,14.637766302071203,93.98226388368134,46.192914164923245,52.36377917153021,14.473987707129057,0,84.70517024315193,10.0,0,0
49,0,京都府,25.773919945592574,130.33030698976276,83.4535974508736,41.64135289727813,15.171456272744987,1,98.13288621307106,10.0,0,0
67,0,新潟県,20.546567341011205,116.73782344980269,47.85503904863417,44.02313230395255,12.538569325293773,1,105.82332753507512,10.0,0,0
61,1,兵庫県,26.539207894381327,127.22047197681107,48.554124923151264,61.585617095006704,7.0061649054596495,0,91.85126380605479,10.0,0,0
49,0,東京都,18.031094566110376,115.87714218993531,35.373638238687526,55.47441488630916,10.708237951311327,0,79.07616855011935,10.0,0,0
73,1,東京都,24.736859473380203,123.9854092632426,548.1709647611211,41.48752342333019,32.65009250404622,0,88.12171560340573,9.484483723209458,0,1
47,1,熊本県,20.002064816973647,97.95495877559657,22.915956822179226,41.70239828961761,10.841084370129082,0,94.81818904120516,10.0,0,0
49,0,奈良県,32.99183988681703,141.09088403927498,282.36259029485996,41.12438842704645,57.49839664805333,1,87.25522498215143,10.0,0,0
59,1,東京都,22.805931335398586,147.05489071788747,48.3954715275374,51.109044562760346,14.917682137629107,0,102.43264983964102,10.0,0,0
71,0,東京都,24.235851910512743,146.68421237918903,48.28441433148087,41.16019396168084,16.679827578807245,0,119.91582119282528,0.5074955609289286,1,0
69,0,東京都,19.90872512066721,118.58427896585911,50.522296468010026,41.27026085110476,25.11586429391744,1,94.22166045325974,10.0,0,0
63,0,埼玉県,25.65234606762134,131.69406676326994,38.773949616299355,54.34033215717824,11.650997791034824,1,114.08414743689879,10.0,0,0
74,1,大阪府,16.626398172124446,142.7544810105654,63.71091079974401,65.258350911405,7.5467258861704085,0,81.06749203013742,2.2200434448333572,0,1
41,1,東京都,21.55432841689769,118.96189021222331,26.56659487150237,41.068173779747994,9.55975454579399,0,83.15167829268337,10.0,0,0
46,0,東京都,19.893185597661333,122.50153863806547,9.841202121150973,62.74473680059779,18.266888943132987,0,86.17005720573124,10.0,0,0
49,0,愛知県,21.35984691849163,136.950709188583,77.11964708303158,45.216601563643856,11.174384408989427,0,89.69103372611347,10.0,0,0
66,0,千葉県,19.197472912937872,118.40933872950795,128.61324914671587,39.09015257634601,6.175419126209491,0,119.19886673703131,10.0,0,0
