age,sex,prefecture,BMI,SBP,TG,HDL,ALT,smoking,FPG,time,onset,death
66,1,静岡県,26.469851259960556,133.19524809259636,85.78619369348878,41.97827693732775,25.847558783652126,0,109.3706741838578,10.0,0,0
54,0,埼玉県,19.764786395743332,107.10658746743866,32.12562681240613,42.393847398660064,5.627426840218984,0,74.06095346392908,10.0,0,0
50,0,香川県,18.32674853055931,131.43319754882614,59.51044619984412,41.33603346131848,5.834929886772053,0,93.14968397314921,2.3117395422084233,0,1
61,0,愛知県,19.91019256521755,136.29295644835426,44.75153305488584,41.79078240440041,15.114381724904273,0,90.56273520003114,10.0,0,0
54,1,京都府,18.446031392310324,116.55920280932484,92.30259463354348,55.488176521969905,7.611413809980921,1,84.16669410929855,1.773972136969849,0,1
74,0,愛知県,15.39850702766821,135.51602360878343,112.01050511380788,40.09050531804466,2.6001061531273475,0,85.14767768245663,10.0,0,0
49,1,富山県,17.643064180000998,131.44427004772365,43.13380876743151,56.595475282070765,10.675992748306857,0,82.74941338736635,10.0,0,0
40,0,愛知県,25.24430142571282,127.25399719316228,36.56255817713231,52.806974855663924,8.579398756629391,0,103.48231947481622,10.0,0,0
46,1,福岡県,28.012281240676188,146.19834366724137,305.0123386486518,41.53807342049912,25.06334700898043,0,93.80858965091774,3.4893494313889275,1,0
66,0,神奈川県,25.742075410699844,141.35736536797012,64.79136625602558,58.38458152320741,14.937883021843309,0,122.90964635521007,3.632727784806721,1,0
53,1,神奈川県,25.73080742137607,130.7320637171452,66.0548864660329,41.645220809779524,33.03589896233885,0,86.96422805956513,10.0,0,0
70,0,神奈川県,20.462750777339313,128.71277384417914,111.62635234187968,42.207160309943376,12.334762527923248,0,89.54337664361123,10.0,0,0
50,1,神奈川県,16.504754178129737,117.81474106099635,44.40034913034787,60.42278680537797,13.481547608131248,0,89.16542833600819,10.0,0,0
73,0,神奈川県,20.242945844265986,113.90046186243808,64.2446629237235,52.19560657071703,11.775413959885004,0,110.72033668530112,10.0,0,0
70,0,京都府,30.291712818481518,149.9061346838911,286.8441055624656,41.651222554139736,28.613152446303655,0,86.35753265828356,7.569632710113037,0,1
45,1,神奈川県,25.30225600483087,144.44210780574323,73.31695345156507,39.25065094465263,7.851983027439561,1,95.403029698769,10.0,0,0
72,1,埼玉県,27.625624719979363,140.00478819500663,128.14018976488484,41.08599955751291,28.044579989500196,0,120.18115111949659,5.308600427144574,0,1
69,0,埼玉県,25.74215880718902,141.10184112577159,65.68870789816806,38.336653359877054,20.239239623212544,0,99.10831141361233,10.0,0,0
49,0,北海道,19.31554375764939,121.22190815468075,52.19167414575532,54.05332883337065,3.8443829733171357,1,76.7785067964199,10.0,0,0
52,1,宮崎県,24.739733627330235,135.20525823549423,66.15143354318191,48.89002012579628,3.80439114797192,0,104.30754173039651,10.0,0,0
65,1,神奈川県,24.424064727765497,149.71317763312504,91.50851146375764,41.98318595281197,10.84822419520456,1,89.76884667388626,10.0,0,0
60,1,神奈川県,24.46035811622785,119.43549008825985,104.53917819403433,40.70855972875519,12.556620697563162,1,90.38315937015778,1.4510739041418002,0,1
68,1,神奈川県,24.45490684143051,114.53597178470488,56.42439085546424,58.37124930219024,7.415912216962461,0,81.00999194332614,10.0,0,0
59,1,山梨県,29.565655768152904,170.15574288746595,186.6288554781939,41.48666350252174,39.97948239370877,0,121.28953178853139,10.0,0,0
71,0,熊本県,23.59275102292424,150.55177076661556,203.49843286774245,63.411253689239025,44.557410153464026,1,105.19648425187424,10.0,0,0
59,1,東京都,26.04341346339174,143.850383992176,116.19676406049967,55.9537276221395,58.767632026231894,0,118.23376483401996,10.0,0,0
72,0,埼玉県,29.708307452158028,154.902579689099,164.52148397650905,41.907651800578975,9.366563432752576,0,58.6397490349324,10.0,0,0
47,0,岐阜県,19.853353512106782,120.95694563677263,92.73543536468993,41.75160776685968,4.090523492559814,0,84.94952545814255,10.0,0,0
55,0,東京都,18.04020920086102,126.03774145518743,185.64083214510484,42.54318160992416,79.78711815415035,0,80.06400115264914,10.0,0,0
56,0,東京都,24.352226620093514,125.08883654930794,154.97623609446507,57.53582748483798,8.601272451634655,0,116.14283410223501,10.0,0,0
72,0,福井県,15.179153607220982,148.67834439670457,37.17038541331379,41.209708748843354,3.352965323277446,0,79.75588700033414,10.0,0,0
42,0,神奈川県,21.466675231523112,107.71832957946238,26.966540729864363,55.493551644927955,10.766263097289709,1,74.79060076167,10.0,0,0
54,1,兵庫県,20.01161934850092,113.96819774455784,57.73818730107822,54.093128561934506,52.51923211362657,0,89.06986398001985,1.2092767758416978,1,0
43,1,神奈川県,26.08741922852257,135.68936632579246,104.58164130004113,41.80372837275461,14.339581460568946,0,90.11155963198152,1.0085632938535622,1,0
66,0,愛知県,18.60730766228456,146.1856066991287,127.03677773260952,60.912293131889236,7.617724921898801,0,110.55310495068599,0.5187398829031635,0,1
72,1,神奈川県,24.396993267954837,138.25301426309724,60.650961414952,64.4402473210756,42.47800960035877,1,78.46608762548875,10.0,0,0
63,0,神奈川県,28.518474245654154,134.48030321467363,32.77788025540749,47.6976469963832,4.742901618404128,0,111.05358172858251,10.0,0,0
70,1,神奈川県,24.746613855452054,142.0551298797503,109.89437504226572,41.17622472596643,8.977611014030794,0,107.68614760454065,10.0,0,0
54,1,福岡県,21.48713193436545,127.74177243667023,138.40775226646795,39.38041149029206,8.011237064552555,0,78.48537873480795,10.0,0,0
40,0,兵庫県,24.703987956476706,78.32463645151242,135.71267517567645,42.2184364989863,11.81658930936042,0,87.06286605126999,10.0,0,0
50,1,神奈川県,21.411015740637534,128.08818963163299,36.651268634636615,42.06882805422617,5.061151641387428,0,110.30291283770148,10.0,0,0
65,1,北海道,23.634421482660745,106.43828829151136,27.752932377253117,41.558869957975006,10.022208543051923,0,109.03372151269748,10.0,0,0
60,1,愛知県,24.776019490111086,110.08774857478316,113.27497089136119,40.187476448952935,5.053128592991435,0,96.99321957525336,10.0,0,0
52,1,東京都,29.464315548945613,139.7520930363344,33.23445342326301,40.90592987168485,9.723070245422736,1,106.9637027180845,2.589728883934142,1,0
70,0,新潟県,20.19158754433017,147.0166811472129,60.07271682737512,42.11999421845627,25.069226596518128,0,105.2496879663855,4.3736460628209395,0,1
56,1,大阪府,25.399290648263396,139.017735692094,56.426048890521386,54.17489447081076,19.515897560356773,0,90.01537715322065,10.0,0,0
51,0,新潟県,25.503380819149815,117.41106166235012,52.40274522751984,50.33888229045434,5.458295179018038,0,91.10357705763597,10.0,0,0
66,1,福島県,19.6203995754377,125.35350637079775,31.10390569430025,42.073092064306735,15.581452497660747,0,112.48998785771238,1.6900757772344515,1,0
60,1,神奈川県,18.31133712469862,110.27156282324712,89.98897831527299,40.775430871775185,12.780726391628754,0,108.05325579085473,9.493640394609674,0,1
49,0,栃木県,25.857512550578466,129.24091551973805,60.20106458164193,53.912078341373935,50.72897918136938,0,96.80127566764992,10.0,0,0
48,0,埼玉県,23.82562084682465,142.05714884854714,141.18547406225147,42.79492365032134,14.518345696039498,0,109.1069184346726,2.986875251315825,1,0
72,0,新潟県,26.044542194300256,135.98837665291768,207.77183185139705,42.43447033797968,15.099498073672454,0,89.25088146974419,10.0,0,0
54,0,宮城県,29.474595578840596,131.95170516152967,28.205499840219048,49.356844437919165,11.691040770414295,0,74.89813330710632,10.0,0,0
60,1,東京都,21.71727421302307,105.08454121637337,92.99923427018406,42.863360598803254,12.818671510799325,0,89.95960585248993,8.792488254895629,0,1
43,0,千葉県,22.517923678264985,105.20185567784505,124.48249453025065,41.819531877289926,16.63936868992321,0,80.97845396447481,10.0,0,0
66,1,神奈川県,26.043402354528283,152.90849067649108,48.188497513933406,55.675103170750106,28.152372037648483,1,84.82939989759282,10.0,0,0
65,0,大分県,22.222008592640563,112.94219317019429,66.5850103652057,40.84811305139897,20.45744588702519,1,77.59559481227825,10.0,0,0
73,0,愛知県,23.53075154523824,111.20533353760477,83.66213763487706,41.973519325746956,6.140586273495127,0,92.47628867164262,9.907873624901328,1,0
53,0,神奈川県,21.567194005377928,139.0175845258131,113.24664929394461,41.29138545310865,4.671304453369253,1,86.80925327042188,10.0,0,0
63,1,兵庫県,24.959041955100744,118.05982356506465,108.80359187479202,40.90114415725794,16.7725346964167,0,85.05581589793276,10.0,0,0
63,0,神奈川県,27.262459011207188,131.69612055219622,261.97702882680824,56.022173262642006,43.162512367257364,0,97.29316290925058,7.1907977508704075,0,1
48,0,神奈川県,24.90609082703157,128.13663245356943,63.269047270091534,62.71386728704048,9.355067889454766,1,85.63341035304977,10.0,0,0
67,0,愛知県,22.531744066005142,112.94876814994853,291.3793486462463,41.55286402006999,15.69402702083746,0,86.22613204339397,8.908311083445769,0,1
48,0,秋田県,19.855954427080565,96.70297771236801,110.67135474950523,58.726732253979705,5.828554523183162,0,95.97413251590498,10.0,0,0
56,1,神奈川県,19.891510473699068,111.66483411660275,94.59091725516961,55.49335652372724,11.196867656673572,0,77.70668325232884,10.0,0,0
63,1,埼玉県,21.674104076979237,112.75822933896383,88.62750349492232,41.62821919871842,10.739744281267875,1,71.55875013879457,10.0,0,0
55,1,愛知県,24.83925980282633,133.19501715041358,111.55448979417935,42.416072345180346,15.50499752003637,0,103.15066268935493,10.0,0,0
68,0,北海道,26.05796810694366,135.6715994723741,155.40162933550104,53.904797566659916,49.417098184806804,1,82.4963752921447,9.168365041762973,0,1
70,1,福岡県,24.90693590183939,147.71572946595873,108.96174271099467,41.6092378986577,20.46958997365422,0,91.10517981152425,10.0,0,0
60,1,神奈川県,21.399484394983215,128.0423419001659,31.66820932306373,41.21300286044505,11.638084210474627,0,89.5396866202862,10.0,0,0
60,1,東京都,35.78650302447405,136.2054268059491,131.89392515477078,41.558847230423666,36.040235992408434,1,115.06028928176013,5.166220833991591,1,0
57,0,神奈川県,25.564724312975393,104.77143204717157,77.89296878268966,43.31194419091089,4.364374131329587,0,81.73798357218614,6.507665498155443,0,1
73,0,北海道,25.387047020594807,124.4963600587387,166.07320754381843,40.9598113502435,13.523315828885883,0,86.13430173742833,10.0,0,0
68,0,神奈川県,25.391383548307005,125.77649643357068,19.091528336038763,50.5200433428199,7.350315110723047,0,102.50046322682311,10.0,0,0
60,0,兵庫県,21.843941347562296,125.54474347197541,98.44566856573232,41.68004249666753,16.094923995165846,0,95.45534015542731,10.0,0,0
66,0,神奈川県,19.32253121415408,123.90638485298632,95.37431938760733,53.318805252039446,50.14198290582779,0,79.2868449600285,10.0,0,0
45,1,愛知県,25.20442726785843,103.68926430789541,29.683527357415322,41.188241177038876,5.223112050950118,0,81.97528515216872,10.0,0,0
51,1,愛知県,24.212950297530462,130.5425371831987,384.298267549991,40.731948533950224,14.615276465089599,0,98.85610041225034,10.0,0,0
53,0,神奈川県,28.156402080623742,133.80379200870647,36.64565096043141,46.43242861118474,14.24696283781668,0,106.07796655262327,10.0,0,0
43,0,山形県,26.908943446428047,120.63034483066336,105.67310309794658,40.83128416358553,24.876138213182813,1,68.3888544985138,10.0,0,0
73,1,神奈川県,22.84972919043461,136.98547585693416,186.6863403264145,56.479428701834436,7.424494111148971,0,94.55407474737288,6.767817250135722,0,1
74,0,岐阜県,24.755875305334186,151.39402965082186,169.2112921664904,41.51626167744782,19.591142779048678,0,115.42049718427096,9.256755380361467,1,0
62,0,神奈川県,24.396991238697144,147.42666221574308,78.38767974104452,57.407241775723854,23.935611100437463,0,113.5795630525423,4.965917553018906,0,1
59,1,群馬県,29.08338539577028,150.52000171985767,590.8484232254631,40.716846338139185,42.651975946986035,0,110.17675283527943,2.6852123235148286,1,0
59,1,兵庫県,21.031669894228052,138.28727760295564,33.434737568772654,43.47717225145991,7.670980545152884,0,115.43249321158964,2.0564968718845744,0,1
74,0,福岡県,25.55360670548681,127.93879555191661,110.77504528146368,50.48934558250951,3.186925808791054,0,110.25323675317775,1.7144060162159185,0,1
55,1,千葉県,22.85731478221363,138.43781825685383,47.47086592438115,47.44668685773932,13.851380117544824,1,97.37835655588366,10.0,0,0
54,1,長崎県,28.4268396319361,158.00030151810049,79.32837080764085,47.08337354390505,11.908889623490335,1,111.04880701298775,10.0,0,0
55,0,神奈川県,17.82699270855864,130.85292383217703,46.065002427758586,41.34536815048733,26.973375408491123,0,81.46820970212602,10.0,0,0
54,1,広島県,21.29841281349933,87.50840983887228,63.99106699187901,41.65022820932697,16.67056228174277,0,81.62297101774361,10.0,0,0
57,1,岡山県,20.33756649534989,138.20087384873815,36.02510624976502,41.470198024826075,13.657859469783391,1,93.35905389526111,10.0,0,0
45,0,福岡県,22.48562244656151,138.58167432311706,116.70996407597936,47.72975693775825,36.6493364567601,0,81.00236909697875,10.0,0,0
65,1,兵庫県,23.4515837319033,121.53284781627261,134.8453373719277,56.98175115363928,17.38422759394761,0,93.3594445454399,10.0,0,0
69,0,愛知県,16.551249269858086,85.81003116080781,40.22217534757114,40.48767428960207,2.7848127755871612,1,73.75426730370012,10.0,0,0
70,0,東京都,18.628329816617928,133.06898354318866,143.5808799336428,42.2651064081322,17.615371415262608,1,104.91211139579238,10.0,0,0
44,1,茨城県,22.751965865362,108.75808372885086,48.27241790339122,46.81151563611937,3.161353874411664,0,67.65612286116364,10.0,0,0
55,1,山口県,23.199897735903065,132.0479984840142,118.62847245840412,41.535870687453745,21.553953982128323,0,88.88822786289846,10.0,0,0
61,1,神奈川県,22.945210857557377,145.76878787586259,297.1193512489894,42.36269451105642,28.79276050569563,0,104.37856175739549,0.9162900978072642,1,0
40,0,栃木県,26.690940752003907,88.61333490976534,159.60928810346329,63.330014733329094,13.476754138330614,1,75.28456237839656,10.0,0,0
41,1,京都府,27.560157783175313,114.79501299080255,100.94892338450126,51.530469874027844,14.066707117819362,0,89.79895616346715,10.0,0,0
57,0,神奈川県,20.754703412040033,115.04113735546748,48.71623292724369,47.06178138906874,11.973016583588755,0,92.22491452820334,10.0,0,0
50,0,神奈川県,21.4712516544915,107.76667557402068,69.63475008332568,42.00627016783096,6.24967752862141,0,84.14649235141151,10.0,0,0
57,0,神奈川県,27.862968278703494,143.71451929334535,104.96003628043606,55.73368474203889,17.842736805205625,1,95.03910034691566,10.0,0,0
59,1,神奈川県,20.78749022773129,134.6423207759845,165.18417322956137,41.72150424518889,20.711503881328902,0,75.33716078271068,10.0,0,0
53,1,千葉県,23.912214375733072,134.2546115748559,147.09503899273545,54.66581493593594,35.74197872877633,0,115.55871483791624,10.0,0,0
41,0,神奈川県,22.118406203720085,83.32372314003258,90.78255887373074,58.5053221452513,20.502682886753977,1,98.0437404060169,10.0,0,0
59,0,埼玉県,27.730306232996067,141.27879667880583,72.66256057010148,44.838080645389574,30.448390006216925,1,124.49547149080429,10.0,0,0
73,1,熊本県,19.744854592852832,141.11810116361195,49.74205754888549,41.63727035676452,36.74609534574995,0,95.72165004977262,10.0,0,0
48,0,千葉県,20.651433523533225,125.56266800997835,68.81430479905352,43.04384464374604,33.81190190521106,0,90.10715396568057,10.0,0,0
69,1,大分県,26.120040859342417,139.0756221951388,159.55739656710037,61.86746840226413,63.37994723110935,0,92.48060280620976,10.0,0,0
45,0,宮城県,20.21349756262702,94.50508460675736,15.069152924923149,62.37749576122349,2.890772503307126,1,58.4361342480692,10.0,0,0
63,1,東京都,26.276412191606703,149.97069965849826,43.05288483413682,58.21721416929544,8.952827271492541,0,109.7774730062006,10.0,0,0
43,0,千葉県,25.976522185325763,105.40694860595228,59.30286638132444,41.93578074119959,6.814089901006245,0,78.67802126214866,10.0,0,0
54,0,愛知県,24.621376030077815,85.93537798212748,181.14959078569638,41.72857797216327,20.886112664129357,1,85.33146557508276,10.0,0,0
45,0,大阪府,19.74394993408329,116.76480018707639,133.1879499982034,51.222930769348125,5.104511508281316,1,98.39303086674232,10.0,0,0
51,0,愛知県,23.46483394110575,137.43063036586827,106.77924806243001,56.10785114841126,6.923515207278734,0,83.10696718699187,8.345624815083694,0,1
67,1,神奈川県,21.108945609381674,146.91183588416754,74.49473670888445,41.44665542824071,4.109360222858562,0,110.66601129466665,10.0,0,0
41,1,岡山県,17.975694261101903,124.10034202839188,17.468670837323753,39.382249089760926,1.2779363006371958,0,79.05726162177186,10.0,0,0
56,1,和歌山県,19.5459308920918,108.75737659829554,39.434723778716695,41.48782863338744,1.4369587028208086,0,100.57166737622316,10.0,0,0
48,1,大阪府,21.263986891750996,141.11698299970888,73.86592145212549,41.92223528406603,44.553229809375246,1,63.24659876566399,10.0,0,0
70,1,鳥取県,15.301988185035919,131.94127707293714,44.61037452059947,55.231244781771935,8.650238782667728,0,85.3021711827601,10.0,0,0
43,1,神奈川県,27.397082957412568,129.9846471940031,61.51897822570539,42.3110776267851,8.86103555601443,0,80.9865250293387,0.8436140762204087,1,0
56,1,長野県,21.40447299250302,129.17825855992012,73.03151174936559,57.177440371509455,19.496514887614193,0,94.86301686175791,10.0,0,0
47,1,神奈川県,30.869604938135154,129.27182945963443,87.36977478126758,48.073561412010726,33.35795626288312,0,88.88483579420696,10.0,0,0
42,1,北海道,22.01561647549828,91.29555632177023,95.34971688812013,41.90026985193005,16.080205783229122,1,79.98779501766886,10.0,0,0
59,0,神奈川県,24.79425837915129,120.30365249468981,74.43371690685902,50.13398271834407,7.379254219410746,0,83.76701827757887,10.0,0,0
42,1,熊本県,18.066862646273304,90.31243795101639,26.55985652488055,40.80810257149717,10.430015226128523,0,80.67863988300176,10.0,0,0
47,1,神奈川県,23.83752541723269,101.72619563486175,45.415567765863585,44.448755020030504,10.752073949517957,1,93.75854906084987,10.0,0,0
71,1,神奈川県,30.68387181447239,108.37067759944678,184.91410921028304,63.31941859304565,50.82715975365854,0,98.25137111559194,2.3642410738529,1,0
73,1,長野県,24.434940951432928,136.71286989323747,174.34660421666737,41.103015207835085,17.534647121449478,0,94.33889717591515,10.0,0,0
48,0,東京都,16.12939593478625,113.54781728235676,35.28222462940218,42.44840988291557,10.220730625694992,0,79.43931819422579,10.0,0,0
54,1,大阪府,19.36705537417363,112.87237413198008,58.37348551641617,58.97653331727911,9.064109357200545,0,91.11373260316314,10.0,0,0
73,0,神奈川県,30.876247170140186,129.84104764272516,158.48293206880894,40.907420256180345,14.371322227404063,0,78.69463170323277,10.0,0,0
50,0,滋賀県,18.01805730926463,113.90795336303712,43.771553904892215,58.23097546262989,4.719678633607623,0,87.1307525423916,10.0,0,0
45,0,神奈川県,24.75330384007807,130.02104005382924,35.43468954579032,53.886956414746294,15.111180333552616,0,78.82691834891514,10.0,0,0
73,0,新潟県,24.574360041098977,138.6828339806894,187.3619261741048,41.434162924186985,39.940631484254986,0,107.15943976602537,2.0548759357646023,0,1
48,1,東京都,25.387704363143353,129.99143183524703,28.69467496915146,43.01885747253019,12.531107401244064,0,73.0840100350665,10.0,0,0
57,1,徳島県,21.369336364305383,124.39013370059972,44.75124430919573,49.476139533812066,9.061592883046634,0,66.8267819148549,10.0,0,0
48,1,神奈川県,29.225979168790133,105.08080214941143,146.9736186690808,62.14081088760534,39.9448901646751,0,110.98445772792574,10.0,0,0
48,0,大阪府,13.604868773739772,126.43557116124231,19.81546870210826,53.019784348003775,5.8533471642812795,1,100.4304591143943,10.0,0,0
49,1,愛知県,20.309212047205996,109.83581692499496,23.36584604487936,40.9789942301317,5.732248830442799,0,83.28019031708,10.0,0,0
56,1,兵庫県,18.265118429666032,141.6613767134067,60.881846228420486,72.76307455077321,10.82254483197148,0,98.820669460222,2.0369354613493167,1,0
46,1,奈良県,12.151825733615263,80.63845965877438,79.70301397879035,44.424622963212045,6.357885232273616,1,94.40793384252056,10.0,0,0
47,0,北海道,24.776534516503688,133.72004190241677,52.250263891956386,41.88617345232022,10.575107741146402,0,74.77215330030862,10.0,0,0
56,1,神奈川県,21.689288645254848,107.78675427442121,108.90923163385834,41.94803800946353,11.648951307802713,0,98.97755791026077,8.30967004432221,0,1
57,1,静岡県,26.28800202791917,121.25811361274606,111.72719126739916,58.08472468910429,21.16112451024315,0,94.54170846795773,2.915408694605234,0,1
48,0,愛知県,24.806900469986342,163.69707950646244,106.91453378984708,41.57992448235458,63.484175618235845,0,101.94573362939634,6.848008672079511,1,0
58,1,神奈川県,25.40964597174015,105.67866899160343,104.8331429968756,41.47362037094011,18.859053257360046,0,75.63798580888438,10.0,0,0
47,0,神奈川県,26.8457634241498,121.52634377256325,95.4097367361045,57.535976802868916,34.96628357818277,1,92.74710103639747,10.0,0,0
61,1,千葉県,24.029505401598268,147.093201602859,159.18026882937005,52.18879575594229,50.39545614520772,0,108.60786477965036,1.7050395763248294,1,0
71,0,神奈川県,19.90541843190616,127.37056415293237,137.5333142413762,41.13166828291085,8.03081388969311,0,74.98769528375296,10.0,0,0
54,1,広島県,24.006496231655525,147.3799222187283,208.7863743797493,43.31128175313298,14.015205825513895,0,84.2009084899561,10.0,0,0
59,1,千葉県,24.670733787962728,125.55986724657377,183.86804479143166,41.72281010207288,8.970951607840219,1,92.83996498305486,10.0,0,0
68,1,愛知県,21.4677973698288,101.80398898865558,26.96919065915663,49.03052031428605,6.225050525946189,1,78.83821604625109,10.0,0,0
40,1,神奈川県,22.11479351959328,119.76684029460688,15.555914605159703,40.943830668422294,18.120147909045578,0,85.39762369257879,10.0,0,0
41,0,岡山県,20.40034975907415,128.0169060513815,71.22585675156925,48.81968809678104,11.820526968534773,0,73.03839262118167,10.0,0,0
61,1,奈良県,19.612620835155944,108.31222042363483,19.01598763480617,41.085767260485774,2.0025786385533304,0,81.94862213577672,6.739849759046245,0,1
68,0,宮崎県,27.37457228102928,160.8858316738026,219.18014167896152,41.83002687751955,13.261292812025308,0,108.08077755665026,10.0,0,0
68,0,東京都,24.245811045312994,138.06448545101844,122.05186497019348,42.15357439530717,7.611252780269494,1,109.10300743737905,10.0,0,0
49,1,石川県,21.325131929367068,107.08077154028997,135.0619240037805,40.813729138645655,3.0976360938859395,0,106.04818210054701,10.0,0,0
72,1,東京都,27.941748176432583,139.7009220613248,172.22392968606772,41.484579051643074,14.334820274872474,0,101.18022236568758,10.0,0,0
44,0,神奈川県,24.791717173696256,136.257753670281,35.828708516644106,41.218794268456776,8.323012446480023,0,81.00845305500116,10.0,0,0
57,1,岡山県,20.169755857830843,120.52864862240389,264.1654701431904,54.05790463096294,42.90414641695202,1,61.76264887293501,10.0,0,0
50,1,東京都,18.198856268199656,112.49142618496474,33.61540702573413,33.67492031926097,11.040716904977536,1,53.76736518771314,10.0,0,0
48,1,神奈川県,29.051889063793112,121.44605105389424,125.57605244839604,42.87951698668905,8.603849914997104,0,88.30734098156447,10.0,0,0
61,0,千葉県,22.01817410839021,121.16800901510938,80.50932403505189,41.110426377280426,49.920809899805576,0,100.86655975900987,10.0,0,0
72,1,長野県,32.22986325378686,165.71735343581705,163.18998722428205,53.31849658180372,34.552950260869814,0,125.13309278715447,10.0,0,0
42,1,神奈川県,21.0872389209622,114.89297244900597,70.22810490525373,41.28812791004986,35.494906149388434,0,103.27949201247948,10.0,0,0
50,0,大阪府,29.599343455232756,121.14487435260111,117.91577844880625,42.43497041344798,9.88675892705736,0,75.33723756855908,10.0,0,0
61,0,大阪府,23.84154860678758,79.78467546537263,56.05815454698744,33.86484849052853,7.769426107180619,0,81.82552703966388,10.0,0,0
59,1,神奈川県,20.776332160064833,117.45413628921833,27.3059930191099,40.62478239572527,12.260125301951147,0,88.11512307396438,10.0,0,0
64,1,群馬県,23.56252932013396,126.13024443447215,105.02790863236895,41.7417815047104,2.7848399129188683,0,101.30189125193627,10.0,0,0
57,0,埼玉県,22.43413819704341,121.46803149833357,79.7715460535375,54.14254597275249,44.72115360490462,1,104.31172306695942,10.0,0,0
49,0,北海道,27.33678523273346,101.77974214109823,75.65388261770548,42.435106827464146,34.1036210706246,0,89.79884363977905,10.0,0,0
62,1,和歌山県,28.510785659646707,133.8033413454215,162.4776840784187,54.78473243742293,29.424276159341336,1,102.55767619754775,10.0,0,0
43,0,宮崎県,23.447969204303412,113.54028223891066,106.9171804795414,41.60972148724939,29.77246712695999,0,84.01588142445777,10.0,0,0
69,1,埼玉県,25.38672298904704,142.08691765089043,102.68030571127579,57.16369038772829,24.980751443632045,0,109.16444148296179,10.0,0,0
45,1,神奈川県,21.556893212851037,85.00980577270913,16.650313561076924,58.20747217763952,5.074524969045356,1,79.25519798349201,10.0,0,0
51,0,神奈川県,19.251712621559854,88.92059923831745,54.84524048764475,59.95598998751563,8.891712396923035,0,89.57836293289678,10.0,0,0
43,1,福島県,22.43061350026603,101.59000998116383,46.73706265651487,43.001888616153465,11.652267739481905,0,67.54878637837449,10.0,0,0
66,0,埼玉県,23.725913032882815,122.69106496351523,11.90991131893768,41.88590110986201,2.0605058322132104,0,91.1119217591561,10.0,0,0
50,1,神奈川県,27.71787663981067,148.96170832734728,79.33073880894992,40.66693105655777,8.467085218099681,0,82.67267825073966,10.0,0,0
47,1,千葉県,28.417155863163693,125.59610635727459,38.18045293408542,67.3801906918115,43.18063100344048,0,80.40226989489305,6.759946076130132,0,1
74,1,岡山県,21.861275233471616,151.83576339084217,94.57141105539881,41.28133379039664,3.082091444627181,0,109.3748036022926,2.039220295244648,1,0
52,0,神奈川県,21.48916534821051,105.01122814689528,48.702610443850176,55.315232212092155,6.123508475328815,0,98.80161753406917,10.0,0,0
59,1,神奈川県,19.692144495264245,110.49629264393324,41.359885671917674,41.714821409239605,3.5215856167468873,1,82.80058006877833,10.0,0,0
70,0,宮崎県,23.322355531304815,137.41566392586515,158.51411317634035,41.6667459999152,11.374300885139117,0,99.19206437767211,10.0,0,0
47,1,長崎県,24.975828061856895,135.51041886750411,93.31433888546569,57.00736248506097,15.713422881858422,0,115.06815603947962,10.0,0,0
72,0,長崎県,19.953545962950916,135.5513119164854,142.0166617647421,55.908893393141774,26.52526004165659,0,104.66369682684942,10.0,0,0
48,1,宮崎県,19.395023854475966,106.83560545686818,53.43647589372924,41.950665680759734,8.150319740392534,0,100.82872575876799,10.0,0,0
56,0,静岡県,23.907641649341322,124.15643605220589,88.11590850692664,41.55317676611128,12.946896251718881,1,118.2809286139546,10.0,0,0
47,0,兵庫県,20.986702276214974,147.32472834877785,52.825994702548016,51.28382696497849,17.479744700118907,1,116.85284595933787,10.0,0,0
40,0,埼玉県,24.998037515824944,109.83148179541836,23.78335798298817,41.70161821773818,1.1635357680611196,1,68.18913123120848,10.0,0,0
62,0,徳島県,22.794365287146597,115.47730191614691,224.91893928669336,54.838453011437025,43.04192574240128,0,119.43505324589874,10.0,0,0
65,1,埼玉県,24.35689621934993,130.5461230204802,116.32390994742237,41.23879082220381,4.363328102622248,0,98.68807722572797,10.0,0,0
65,1,神奈川県,27.268966771814988,120.50661648634501,58.17746665122093,41.885947742101955,10.688380529365839,0,107.39455740326457,10.0,0,0
50,0,茨城県,19.301571488496457,101.68531244205904,107.66445235225778,53.7269589563384,5.771469038600869,0,99.30888512515006,10.0,0,0
48,0,神奈川県,28.633359606810718,103.84118614361289,87.42793441633789,41.831496352805814,8.833126945559927,0,85.40148083232758,10.0,0,0
49,0,愛知県,16.450193095936097,109.10868151758629,181.58043688557171,56.51802517412238,22.82414769098103,1,102.21094094347623,10.0,0,0
52,0,神奈川県,19.35407689986797,115.30244863156138,160.5277033344272,66.9710878527725,28.282938357011336,0,85.31711144637622,10.0,0,0
74,1,神奈川県,24.39173825181183,152.27442960463995,39.25001559571165,42.29191471080052,22.409857664123617,1,118.09667160005539,0.11835749486640412,1,0
60,1,神奈川県,26.30172543591217,106.78475979048305,132.78777239899532,41.68112301355375,16.63407680424348,1,77.39633929894084,10.0,0,0
54,1,東京都,28.994805704158566,126.65295703865652,129.69553745627712,41.163672275306006,23.102066323795633,1,82.64273987636001,10.0,0,0
60,0,岡山県,22.38231353951271,114.09072692585691,102.16017590562728,64.18942132329352,21.31302452743628,1,103.77652579036985,10.0,0,0
73,0,千葉県,15.932328833848931,113.6899204682349,104.1680550591489,50.209609605205685,44.02126603360329,0,102.79095111406897,10.0,0,0
56,0,愛知県,20.692439403105162,123.5957652130653,78.23003677497958,40.90409268517096,6.31460339845235,0,84.16678990936133,10.0,0,0
61,0,和歌山県,23.599870299482582,132.06461013213922,51.87691714023603,41.19956340259344,43.34221371741383,1,81.65324325180904,0.11954065908321865,1,0
40,1,東京都,19.611848011669064,139.71102222539636,65.62759583755616,52.632850594272625,4.543200719983384,0,74.47547261147155,10.0,0,0
58,1,神奈川県,25.067496482378587,118.90295413528314,92.11242158691319,41.48331687184838,44.72103369384111,1,80.03784238724354,10.0,0,0
56,0,三重県,22.617627199357198,133.328988791036,63.92632099996082,41.52528376644913,51.105560549402234,0,106.11810844746766,10.0,0,0
60,1,鹿児島県,24.765860982474088,135.75979759702568,79.61901296024669,41.25354451420257,19.891328174241725,0,103.27117359746907,10.0,0,0
64,1,鹿児島県,18.353747710952327,127.17268311965724,171.79270789823667,57.79409953282358,6.733443288729365,0,103.61605176895137,10.0,0,0
72,0,新潟県,26.580995057961548,147.4109574741474,177.38440590299558,41.36815610315831,44.90757624173238,0,101.72939418585091,2.403381896581731,1,0
49,1,神奈川県,24.003664721304602,115.43263326039386,68.94514581923858,40.75252992993608,24.97583534654389,0,100.69592107256672,10.0,0,0
53,1,東京都,19.743683284851098,132.36266594948557,124.08408096752709,41.093200548740846,38.604805924304344,0,123.67303369157273,10.0,0,0
61,0,岐阜県,25.053479314659537,134.09507464399832,97.64614526484408,42.09404896839931,11.015695695744498,0,111.20582212614492,1.0054506161121315,1,0
44,1,福井県,24.708302220812868,119.36199699211464,41.19865203456161,43.23515095083249,10.151715303223137,0,79.62415464400094,10.0,0,0
51,1,鹿児島県,24.93435318443277,119.58946794607746,37.318518586906244,40.75559304180751,12.216970320335133,1,123.80393443969523,10.0,0,0
67,0,愛知県,21.183970328222507,136.20719033159338,69.62263464623885,49.553143807934,13.961751963591986,0,84.10377664224643,10.0,0,0
72,0,兵庫県,21.68105517389576,129.25269282077915,56.16707921624098,41.5840219490663,18.62854620916347,0,82.4844743175721,10.0,0,0
52,0,岐阜県,26.173420908556775,108.31554259323347,160.14622223368897,41.74383488969051,9.485172932558394,0,78.83846247406805,10.0,0,0
47,1,神奈川県,27.88227888122861,109.85058594377283,63.707070974683205,41.899766947291916,7.627677736018199,1,105.55182792865956,10.0,0,0
65,1,神奈川県,19.335627317514547,130.09323147529744,456.55586860674356,40.86375250137348,13.169079302193731,0,87.04552520357593,10.0,0,0
50,0,神奈川県,17.82898509663129,111.47216563014408,112.32488545485536,47.63921348022183,14.805047802611627,0,103.9354951371396,10.0,0,0
53,0,東京都,23.704254420746555,94.64307191511396,73.60499068655683,58.11458522541898,31.739114285011198,0,73.16790068213763,10.0,0,0
54,0,愛知県,23.599295220221418,124.86630323546149,48.84178346796933,55.747018863347954,12.427739471042145,0,82.83212644927248,10.0,0,0
60,1,愛知県,25.29410440310005,127.80015863778321,268.440825785831,41.34117705268827,33.369661138308295,0,124.46613546127107,1.0569772435686833,1,0
53,0,東京都,22.310112865095526,123.11563164256773,101.53656029913569,45.69178461948146,6.364615690449812,0,78.01417536708087,10.0,0,0
40,1,神奈川県,24.090860707585303,104.90634694816409,65.43985900675888,40.86440275375413,9.823881180713292,0,88.93153408486751,10.0,0,0
52,1,神奈川県,18.521107297582862,106.72802613747,66.10253596334779,57.692029049784075,2.9637518186349006,0,98.97922796544444,10.0,0,0
72,0,神奈川県,21.4560686328325,126.46692726951592,107.39251008759278,41.44016832310023,6.528608712600261,0,86.80143634844787,10.0,0,0
57,1,神奈川県,25.957819064761797,120.57494813790278,35.30026996557938,48.18176285577235,3.309178205498706,1,94.85831828355546,10.0,0,0
73,0,神奈川県,28.521166989858745,136.28512121478605,515.5983039375828,42.01328577792091,9.605086726196113,0,121.01437403631202,0.6286889407666079,1,0
42,1,兵庫県,27.9501394673716,134.16945207164687,65.24831926186965,41.06875110097706,8.827938112353566,0,90.86801921467121,10.0,0,0
66,0,神奈川県,23.1199166536712,118.9746000408302,62.2242207014337,48.88290622406987,27.10130187233922,0,109.11242796947141,10.0,0,0
54,0,茨城県,24.050378594357614,127.71849002147322,135.0648791569675,51.781253351116746,28.793422435454303,1,112.86165329326248,10.0,0,0
71,1,神奈川県,26.601361819304437,135.74545797278464,198.76209662985588,41.95747566328645,28.60707369001756,0,98.57768895147922,10.0,0,0
58,1,兵庫県,18.759326787311068,120.65389349145521,53.52580394840616,41.34267514660801,16.05008335037289,1,80.68021551922881,10.0,0,0
47,1,沖縄県,24.802220066315897,122.5551811039345,117.15552142492913,65.67299452548568,22.543090300489837,0,88.4562873812561,10.0,0,0
69,0,静岡県,24.46502559810802,109.12476535888432,250.52853581463037,34.57031032942714,29.163037007532026,0,94.00306564425185,10.0,0,0
43,0,神奈川県,15.290485411965946,116.75753867071508,51.42201397626911,41.03258761715439,3.707874189847059,0,101.27829367401351,10.0,0,0
50,0,神奈川県,18.933189459146583,119.05172492522622,68.415396530293,57.196716651897034,7.397734673410666,0,94.54191681720992,10.0,0,0
61,1,長野県,24.963835723395945,136.29458545451718,100.35994053087617,33.849935310672905,4.839904448734278,0,105.24559265317697,10.0,0,0
60,0,福岡県,23.927976357609055,79.90565011057878,35.96632064509877,41.97888876047998,16.230695002221537,1,67.6849553277469,10.0,0,0
51,0,山形県,22.537838940093692,147.09990202257245,75.37632781329692,60.523936671463524,28.593215351335118,0,92.28031678841839,10.0,0,0
47,0,福岡県,14.357107191587868,96.48982151366579,16.979422950967226,43.01350561872434,1.6880661813023947,0,70.25724566852082,10.0,0,0
58,1,神奈川県,19.78488686609694,125.41154796162704,51.875563460228804,58.47543825672801,49.17468743234593,0,107.16709662606074,10.0,0,0
74,0,神奈川県,28.122248045287726,152.9006347489887,66.7436342437485,40.066963652516776,5.419715480253096,0,85.30205738866026,10.0,0,0
48,0,滋賀県,27.43245189628569,102.40164147405656,62.72818045416691,49.996627854699824,5.623855606866989,0,76.89431900738535,10.0,0,0
74,1,福岡県,21.161752161344495,133.16319074265797,68.21463695232659,44.95910899857026,17.62268239930098,0,110.33926303035632,6.433868631764547,1,0
68,1,栃木県,17.29777605093014,106.6092354165151,63.05972237461304,41.602380552141035,5.241900866746578,0,116.0511112008413,8.593789908396749,0,1
43,0,大阪府,19.091977235861734,88.17874413200907,34.229879234981034,41.40372213743551,2.152751312739268,0,96.80141020112443,10.0,0,0
56,0,沖縄県,22.388119951336083,105.19793484210426,26.112011156130276,41.78272702080955,7.610393988447127,0,92.42855009759236,10.0,0,0
69,1,福岡県,26.56025876026589,138.48874934041666,117.46105467842953,41.32167581966127,8.985535848523808,0,76.83406733605551,10.0,0,0
40,0,兵庫県,17.67123590353588,90.09689861744523,33.792661215374295,51.80084845769417,17.636754574075447,0,56.732603117511005,10.0,0,0
74,0,大阪府,31.60904520913231,157.54325139608008,251.64782265765885,42.042866941927095,24.603363875875086,0,124.04643058253718,0.4339672476652088,1,0
44,0,大阪府,17.634149819268764,97.53787655132845,89.77322465246552,42.07034732975771,9.042927311808173,0,98.90176183722753,10.0,0,0
67,1,宮崎県,22.941107234582663,137.88463139477568,183.83880277108474,70.9577808487879,21.40850805759149,0,112.22633239186467,4.889206255663193,0,1
53,0,神奈川県,14.072749763440244,84.04659437558347,19.661318303842524,43.54180721663479,10.020825332390439,0,88.96353045827075,10.0,0,0
54,1,愛知県,25.859192161288515,128.97170439680357,65.9568245260993,55.019053125536075,5.436684396113806,0,100.0,10.0,0,0
74,0,東京都,19.623270316237058,122.73245396052064,33.26261056254041,36.09544888256153,5.163465737424159,1,98.34250339891406,10.0,0,0
70,0,沖縄県,24.905165582128017,137.28119195834336,55.88681251401238,39.989450417716974,7.9992812843602685,0,84.46015427276765,10.0,0,0
48,1,奈良県,15.89574861772083,120.12861410288332,15.207199211014185,60.98111602936291,11.549869443675162,0,102.6961322920724,10.0,0,0
62,1,茨城県,16.41937141096374,101.82001001936906,88.80046260075406,62.88576193880553,17.923373685360584,0,117.52705032350875,10.0,0,0
68,1,神奈川県,24.605063507681095,137.48262548677144,211.21057524267837,41.13726903440586,65.75648866381975,0,115.48929942370819,10.0,0,0
70,1,埼玉県,19.818633664272873,105.87744958889601,211.1767403641018,41.71214726967556,7.009994065148847,0,101.29281433749254,10.0,0,0
69,1,東京都,14.006848270714068,135.84956119908105,58.21299585058387,40.907952086771424,6.12632758404232,0,84.94773866040752,10.0,0,0
49,1,神奈川県,22.846114172578844,110.0355362192796,88.82313264488971,57.254389833334024,15.581077789744802,0,83.7628092680214,10.0,0,0
54,0,神奈川県,24.20904877382595,164.55607264870366,79.69927454901088,46.24156334722151,26.13366794344444,0,119.50489707335761,10.0,0,0
40,0,東京都,23.097702477450127,125.74143443194473,51.69000730485402,42.507351646113875,7.974605892637759,1,100.81435928498622,10.0,0,0
46,0,宮崎県,22.56371343125725,121.01883722815731,56.14094870308379,49.476966031733205,9.047895205746698,0,90.1880721176324,10.0,0,0
44,0,和歌山県,15.766026980102009,89.31816901147029,17.76099669936796,68.13558307257821,6.117644502812921,1,72.29694044872546,10.0,0,0
70,1,東京都,13.81733211508442,110.62942559598154,28.55571114078473,61.18432475434056,3.161437667805705,0,89.93963046149554,10.0,0,0
43,0,神奈川県,29.059486940433345,143.25018082733766,186.8263689390608,41.2448645280407,66.30177990490589,0,106.02179016427134,9.462013448432364,1,0
41,1,栃木県,17.38930264758225,113.46852886548206,69.20012508910465,41.50158366899559,8.151835179129666,0,81.39257583777433,10.0,0,0
52,1,千葉県,15.766179189470698,111.42689019244995,83.51035649784359,55.23224460445974,13.458830298700358,0,88.37435347961168,10.0,0,0
49,1,神奈川県,25.753353376420385,146.98579148364195,74.46966129555892,41.18724475823217,26.923900914112274,0,99.10767944117724,10.0,0,0
43,1,神奈川県,19.84971167911136,93.30422958196868,42.24196789975305,40.00349193743813,1.9674283603469782,0,78.45309456276064,10.0,0,0
66,1,静岡県,22.689071863090916,96.90682996116904,104.90360648435265,41.62006442115945,32.60962296165233,0,91.72719274937012,10.0,0,0
67,1,新潟県,24.248927891618603,146.8874314599314,43.586475727547885,41.034982461076396,27.163848046443686,0,108.07346652362894,10.0,0,0
53,1,岐阜県,25.659520549371035,118.92132834564504,105.34835877457105,42.32358117062732,10.017048977939883,0,117.0541403424075,10.0,0,0
53,0,沖縄県,27.02227707562167,134.7630538718883,115.51970910332966,62.791568101679616,21.237422668151023,0,121.10194164489597,10.0,0,0
74,1,大阪府,31.433145431594685,131.6449103046226,266.45393996042264,41.57902477358925,38.357248338972546,0,120.4746289952188,9.427156578266858,1,0
50,0,神奈川県,16.577660193344055,99.72135869277088,51.78669211202273,44.51030052479299,21.87173778961167,0,86.35152492370243,10.0,0,0
47,0,愛知県,25.374956458491553,130.2953378162357,152.7808937461464,41.776004626334206,8.95112237746709,0,77.94191278659628,10.0,0,0
43,1,福岡県,24.83741765081322,83.33050365126297,105.64661766535953,42.82307444731693,14.812784645617716,0,88.13892939611812,10.0,0,0
45,1,岩手県,26.750409436038392,106.19517752426123,49.96080333271815,40.3572348774691,9.338498802943853,1,82.30157100616739,10.0,0,0
64,0,神奈川県,22.098422000190304,89.32458748260629,24.192563097203532,37.055842724392996,13.983658760127366,1,94.5513425202659,10.0,0,0
51,0,愛知県,21.036499178975443,94.65013367075001,47.13532978113804,41.570058664844964,5.747151795909832,0,81.36296275775429,10.0,0,0
70,0,富山県,20.1001380171319,114.92665188739697,29.758840245914143,62.467787052116336,6.726090615487087,0,75.01734553680771,10.0,0,0
49,0,長崎県,23.906349280684854,122.38405242953283,107.38994757104791,40.91192437841061,12.184126236238152,0,70.82046048293884,10.0,0,0
54,0,神奈川県,25.061756159726052,97.54435758075469,79.98728576269019,46.024250036204656,6.401851661307867,0,93.36024966360044,10.0,0,0
45,1,神奈川県,23.071500670943646,138.7414479918486,66.55644691483063,35.036709224407794,10.821212469621816,1,77.67300574823591,10.0,0,0
74,0,神奈川県,18.48465513193289,127.42393398343434,48.798967521814795,48.24361934523224,8.128344450864013,0,107.70702050907025,10.0,0,0
43,1,東京都,32.005579822065116,108.11069001648967,111.48026988960207,41.456983867138064,28.77516200510635,0,102.49427910864658,10.0,0,0
56,1,愛知県,19.435489250640067,116.90813989916707,36.65536102174052,66.83555497049694,16.908035561631607,0,101.00314567888523,10.0,0,0
57,0,神奈川県,15.621893918894937,125.58234449062572,57.93895275519024,55.31215448570245,14.607039841397716,1,105.1826518369568,10.0,0,0
47,1,神奈川県,25.90126502200422,133.4572954715303,104.18456448275636,41.643197150535364,16.37449108207878,0,101.73028662095452,10.0,0,0
49,1,兵庫県,20.749980537703063,118.25972187993142,59.82267258766155,40.02623713448607,8.603850090361261,0,65.74328458522318,10.0,0,0
57,1,石川県,19.36121256229999,100.12866225950462,28.110509244674482,41.47367164277665,3.0841915923019854,0,81.48853844055328,2.490748248659811,0,1
56,0,福井県,23.513235329838274,143.8358167035422,85.0439159721057,41.95804510170038,4.798119125762118,0,89.32280016549117,10.0,0,0
47,0,大阪府,18.542869422283225,90.42976583932246,29.5763638660951,41.55072073249052,16.186666713812095,0,64.73815408384758,10.0,0,0
74,1,大阪府,21.5294483227817,148.8506208207657,176.12445557548926,41.69446283144009,29.5977900090406,1,86.40711289990607,10.0,0,0
68,1,秋田県,23.618052545159127,118.9123764905308,210.8886012324113,58.350686884587105,9.022432894812503,0,108.82346062392416,8.089974232360444,0,1
46,1,群馬県,26.825236165777394,144.90139414910465,333.43905967246843,43.91810415179532,152.15265782008143,0,81.33505548149395,10.0,0,0
40,1,鹿児島県,30.12445112169656,101.8074849210114,49.92608775962987,64.47292903211714,30.54319406984845,0,104.88754565959418,7.347115417435305,0,1
58,1,神奈川県,23.84105794908783,112.58392824632993,99.02615712333717,57.29805515012458,7.584140498824888,0,81.21570026373936,10.0,0,0
49,1,東京都,30.892597195229516,137.29179224744635,102.29425644980661,55.06612779768307,50.5840304156021,0,95.38550176293339,10.0,0,0
43,1,愛知県,28.903719202256422,135.51461185226495,213.30735590852262,63.32294397517425,19.572723964077866,0,84.23874944575024,10.0,0,0
45,0,神奈川県,23.03725560005657,112.51318419965581,89.75012598012299,50.41200576384679,7.974100334749357,0,88.23319222095907,10.0,0,0
41,1,兵庫県,22.12516347698495,121.02936251258126,42.488296181863106,43.30289594152494,17.247876765026106,1,80.04074429379524,10.0,0,0
57,1,神奈川県,21.701975242267718,120.34470702224885,120.70127457375554,43.04037433873539,27.25426263195647,1,105.15496083598339,10.0,0,0
62,0,大阪府,18.08795862863224,103.7783811322629,70.04029092577794,42.16841618040448,5.8297306614009825,0,93.00027448196398,10.0,0,0
57,1,神奈川県,26.278833058281514,152.28924040952356,66.13569359426103,56.74287681114955,20.86223718307344,0,93.18314942653944,10.0,0,0
42,1,茨城県,20.516565639131773,115.08660685807368,79.87176904340062,55.555132993537946,25.07874888454987,0,99.30627625326446,10.0,0,0
57,1,神奈川県,25.043085890738325,136.2052485180602,37.87984392548114,36.628071736536555,0.7550802118200802,0,75.33712608894182,10.0,0,0
59,1,神奈川県,18.953860962279744,124.37233104852906,69.6504100762339,55.912644418037516,1.6748100056399058,0,77.94783274094867,10.0,0,0
50,1,神奈川県,19.748493032393807,121.43582736768117,118.51155512784001,43.0253083692067,28.16695132830954,0,89.12660715306686,9.837206711989221,0,1
62,0,滋賀県,28.398578052760673,134.07275516219931,117.23480170568506,41.12188724451941,7.00570351388318,0,93.25531258447998,10.0,0,0
45,1,愛媛県,24.782657035729102,111.3185065552501,88.56302246188496,41.45521008114808,17.284769760924352,0,79.63780260507285,10.0,0,0
62,1,東京都,28.160917582986492,121.96828266328717,88.01768020461232,38.508661618837245,25.593569844503055,0,105.61677593002698,7.003973953172424,1,0
72,1,茨城県,17.421225302554948,146.2246110033208,105.67163297684675,60.917286979501775,14.520221971165672,0,89.37752762765292,10.0,0,0
63,0,神奈川県,24.77522327355648,138.30026907281342,169.12003492218636,47.20800661237121,65.36110494750422,0,97.82430315526446,10.0,0,0
63,1,神奈川県,20.733722246484994,98.3153188869635,13.803848085667902,69.43756476919269,15.892048772875441,0,70.8124593171154,10.0,0,0
70,1,神奈川県,26.080197094128923,143.8391991844443,70.2737884497487,40.9457011330074,10.757160480126629,0,119.57990976641294,10.0,0,0
42,0,石川県,20.521734754506657,108.06450565394469,19.3827121425035,55.67393623807694,23.08345612139155,1,73.15827175241685,5.392368673591886,0,1
50,0,東京都,19.52531487553462,99.85188666457094,26.110338608416473,47.57258201195899,9.706694415824131,0,111.7535500356657,10.0,0,0
68,1,鳥取県,16.51101919172631,180.79379901924324,124.8600777889217,47.876180285423494,27.62831767682406,1,115.37155214102054,10.0,0,0
41,1,神奈川県,20.936528511718002,117.88890795252681,52.43312584041427,72.39341326711936,18.135402555836944,0,77.99118959425698,10.0,0,0
49,1,滋賀県,30.188415811932497,153.3153718839866,184.44083443522828,40.692338800372646,56.31205990329979,0,118.26823952792634,6.662407946172266,1,0
53,0,神奈川県,18.428762950027316,120.12790285437843,117.38515093760826,41.81706668470757,15.754081246429216,0,88.13222675146477,10.0,0,0
49,0,北海道,23.429738179164765,76.23286508972464,74.34399695855974,41.84948938223577,31.925277684911375,1,103.05143978932598,10.0,0,0
59,1,神奈川県,22.681988559181672,140.0028279969222,72.33314272976665,54.20228953445947,8.858049144195292,0,103.95432055252711,10.0,0,0
48,0,滋賀県,27.42133212905169,103.7327780078014,115.69156271824598,42.279571429706685,21.410903886568697,0,109.76996700938149,10.0,0,0
51,1,神奈川県,26.17271554701092,141.4991188666154,113.10396100863024,41.49780514317222,40.436309907235916,1,102.25794236715764,0.3368938397422794,1,0
56,0,神奈川県,21.181462665903346,118.30097656097469,109.72936183116016,35.216468229199954,3.0832690271283294,0,88.1384948144711,10.0,0,0
70,1,熊本県,19.359161975996216,96.3208260446338,15.771458373972646,41.25663075025475,2.096769206717863,0,71.84607639095121,10.0,0,0
73,1,神奈川県,34.19683689663439,146.86646283414862,264.57403559354094,41.806725463556454,19.462186676568443,0,95.44438336015283,10.0,0,0
57,1,秋田県,24.72120337203674,125.72693424849622,31.102733371770277,58.453307656415284,16.69202791446887,0,124.45218546951654,1.759494497854196,0,1
49,1,東京都,23.47095735323245,134.24782038419994,168.84793944234067,41.16966608351706,21.823405315668374,0,88.14168146865379,10.0,0,0
48,1,長崎県,27.83633537956455,101.2407821619813,69.62723919262918,59.76588905273046,9.200939752419096,0,99.2591365725622,10.0,0,0
62,1,神奈川県,17.14268595840038,117.41801476918697,62.14398402763413,39.913654879294015,2.322002618459925,0,85.84892245189286,10.0,0,0
58,0,東京都,21.592333099101236,135.84393790539391,65.93645936232366,50.56147544366207,9.024237831825351,1,83.38379307835471,10.0,0,0
41,1,愛知県,22.65278646628027,130.54436898774955,86.4541961879687,41.44031299031772,4.78999899829272,0,91.95204374186358,10.0,0,0
61,1,神奈川県,25.075379295549563,124.58218377747804,139.08122438343827,41.46499713912462,16.951490145754413,1,111.04748189117893,2.0456685126028957,1,0
43,0,神奈川県,26.70436919849457,149.54652764269412,158.27338718708643,59.21451447967641,20.140699590678658,0,105.18207206851785,10.0,0,0
66,0,神奈川県,25.450791017432632,130.29160120577393,101.04721357161706,58.631809818854336,10.553703812861084,1,110.37466401952736,10.0,0,0
50,0,静岡県,19.61954154824219,137.02362339319194,48.881194428197546,55.98253964872529,9.203355410857514,0,86.40785816085292,10.0,0,0
63,0,神奈川県,22.569544041217718,132.1954692063724,23.412374204926586,43.125849029533796,10.432556563705129,0,84.97817000901706,10.0,0,0
73,1,千葉県,20.32525450578536,105.6834997354219,169.09676160745005,47.426053429373944,18.84758746456497,1,83.99369035162478,10.0,0,0
43,1,群馬県,25.05060228828518,126.13254020063336,49.703425015964186,60.48705142515629,17.928291005903695,1,83.01267427184564,10.0,0,0
54,0,神奈川県,27.216146699389196,122.3828271732732,121.72725231157007,46.02391271670025,28.793016667781604,0,73.0254567885027,10.0,0,0
44,0,神奈川県,23.811334281628135,94.60542543169151,51.413911000340406,50.851761878602126,4.788638774798316,0,64.54490123506832,10.0,0,0
52,1,神奈川県,20.083608236215504,116.56970476777201,33.30946255459901,50.438511217651175,7.595374682896049,0,86.91788489389384,10.0,0,0
69,0,栃木県,20.653991313200645,107.66178795195573,31.132306438233744,41.77204611882774,6.393212763290756,0,96.80053442552297,5.98040472263648,0,1
59,1,茨城県,25.754573002743342,114.60799930945234,67.13456270407886,57.90223764100668,11.909679085229595,0,97.01553981553477,10.0,0,0
60,0,愛知県,22.852144645228968,139.21970122404068,66.49585212552616,48.22647439536052,3.847620188362537,0,89.95753425059682,10.0,0,0
72,0,神奈川県,28.620157257430794,146.10071894168723,132.82118889340754,43.65928903742959,19.52682712260101,0,75.33718180504182,10.0,0,0
61,1,神奈川県,28.361443908694255,144.8988135735537,245.27631125843686,53.72139932550387,3.8681177334271575,1,101.6962662226732,10.0,0,0
48,1,福岡県,20.9309644299734,129.8392958700654,70.03227355600012,41.077396798177055,1.9515275391101432,0,93.36041593478373,10.0,0,0
61,0,岡山県,19.511632739654118,101.52620434734895,73.14679305006989,41.14137883217417,11.674614522015943,0,75.11497613094451,10.0,0,0
46,0,神奈川県,33.76691248566812,138.18137881148493,63.107845872719466,41.281262002128,35.43716211932602,0,122.83455813825769,4.3952517119198635,1,0
47,1,神奈川県,27.262667825122474,127.16186260460704,29.75687956668333,39.28145778643158,9.813455010242107,0,106.00505455339427,10.0,0,0
74,0,神奈川県,17.308681072322205,109.8944084596552,67.5035985755453,59.0046843481935,19.26141341509009,0,98.7774723480643,10.0,0,0
46,1,沖縄県,19.699003278127645,132.9537589564782,60.23851622286315,41.815001791101714,15.007804811790912,1,88.28250055117498,10.0,0,0
47,0,兵庫県,24.879156717454638,122.72159282947338,61.71941486143646,41.198082838551,10.229857929834475,0,109.11214410614753,10.0,0,0
73,1,福島県,34.07165547255359,154.00660757413175,180.76843868453412,41.979509026493,27.681511099332333,0,125.35715230861662,2.0290756647909602,1,0
71,0,神奈川県,26.450127766366382,123.02934885872882,56.21959125891904,36.45805657448605,2.12726132242618,0,104.53203431171936,10.0,0,0
70,0,東京都,22.49397189552592,144.0149312916961,34.05155579378181,36.490582799677455,3.297795670803463,0,89.11502345735565,10.0,0,0
58,1,福岡県,26.682978991457706,131.05503751508627,120.08063818713447,60.878022034720416,22.579895733549787,0,97.81997352186407,10.0,0,0
64,1,神奈川県,22.798982533350983,131.6326868321215,125.72678910986134,58.76944953283559,22.628324361153847,1,97.23212423450747,10.0,0,0
74,0,神奈川県,26.57931298590068,149.95452260331118,74.51645222618141,42.878643839752755,14.629189374176455,1,104.30766816323313,5.2866442825150095,1,0
52,1,神奈川県,17.315091133392322,129.8799708906788,56.37770233798196,41.08587583275793,8.931586312326788,0,69.6450117223161,10.0,0,0
60,0,神奈川県,25.076639334459315,127.33067901332386,134.23098382662948,41.35816238928646,8.151101187496442,0,116.7476891628335,10.0,0,0
46,1,愛知県,25.68689411955591,138.93789921351856,105.50523935590581,46.46154729461976,5.438749904947987,0,90.2409462022967,10.0,0,0
65,0,神奈川県,25.41204628467882,123.14220978654689,72.51968175503772,56.11423617813953,7.153750001911115,0,102.79062889333123,10.0,0,0
55,0,愛知県,23.544089392269555,129.88611543793834,104.12997811016591,41.216191578238984,11.989031468523205,1,96.88383094650504,10.0,0,0
69,1,千葉県,22.8054548685205,135.0506128802701,159.33171588414737,58.91043376230288,28.60432449732973,0,119.95219221989856,9.568493487874644,1,0
54,0,神奈川県,21.181717687376345,135.5901412643727,84.48860348661675,44.83120247944011,7.785537438714149,0,102.5519143049535,10.0,0,0
68,1,神奈川県,22.33543835238241,144.5084917378001,77.31073561280388,46.822124684486404,30.44832016536868,0,76.32814961266712,10.0,0,0
58,0,東京都,17.085761724362115,122.73413812280647,41.843669772209225,43.95105353936051,13.142923939464598,0,92.59443683895663,10.0,0,0
42,1,神奈川県,23.081727589526437,98.1684132677661,52.55314542949595,49.58826090992229,9.52391294208687,1,82.90064046185293,10.0,0,0
50,1,千葉県,23.51800148519835,92.16874855166238,145.680178352699,59.620770254910624,91.58888078235539,0,110.19240164197755,10.0,0,0
50,0,岐阜県,23.919237864326927,118.38062801266284,73.28016862214506,40.75383444916241,8.32702181050766,1,108.10127823262086,10.0,0,0
40,1,東京都,26.067771172247006,117.41111004165222,104.08188537486551,63.597345022703564,29.370487973121076,0,94.4334334264877,10.0,0,0
63,1,神奈川県,26.171095960088312,133.01542113474142,87.1599485107464,43.37236577012518,58.83633977443928,1,86.8075101124814,10.0,0,0
54,0,神奈川県,27.344441767610004,110.66477775423544,36.804091708877564,41.400190717249714,4.9541136406004656,0,69.39617570858472,10.0,0,0
47,1,神奈川県,21.4140148522455,95.43846530581877,56.16816841534006,41.450157633664745,4.10104402291189,0,67.71601184939642,0.18858405092636585,0,1
59,1,山形県,23.832148617388395,138.56757887632693,145.61194092753465,41.478667568911895,14.839362318424815,0,109.3707458044632,10.0,0,0
42,0,千葉県,13.732190234410538,105.10327755093532,86.5574608471445,40.62643108191517,3.5198121065140375,0,71.62874381288694,10.0,0,0
72,1,東京都,20.78750242954185,143.14674479062037,85.85823568861413,57.535710424692425,49.70216211094593,1,83.2509840235635,8.791885537647111,0,1
46,0,香川県,24.389288015285267,146.45048853153662,38.974746719993405,54.42242712303183,5.490340417654291,0,93.12020550340607,10.0,0,0
46,1,神奈川県,19.730639789313205,110.59971429518407,79.63316825108748,40.77981364531172,2.8942116583873916,0,70.28186189801494,10.0,0,0
41,0,愛知県,30.380521537605667,129.26602307085437,98.90836022060988,63.07528723815312,139.42812827397998,1,81.75270276802455,10.0,0,0
69,1,栃木県,27.718763806521256,153.66822689243662,42.23398528482656,41.626240481557055,9.689377295392951,0,117.44801161261279,2.526418125898924,1,0
48,0,兵庫県,28.35209414308596,106.98300412688877,112.30174564438036,42.50257902093003,36.63175683008877,0,112.43270273083388,10.0,0,0
66,0,神奈川県,17.831438339497502,142.9170359888501,73.96466887970232,40.77646425025552,9.02225109395489,0,96.74677970565135,10.0,0,0
50,0,神奈川県,26.492512559542508,118.7674372375421,109.02865567483039,45.94875386988327,9.38972774741142,1,79.55417904846738,10.0,0,0
56,0,東京都,17.990756105480145,113.06912612934673,75.41716103105965,45.9654389265557,20.391306579591408,0,93.41400087599216,10.0,0,0
50,0,奈良県,22.114966880939352,114.92429849172217,89.92650691335525,42.964388049687734,8.18986817918905,1,96.15987323488406,10.0,0,0
58,0,静岡県,28.47321496940589,146.42842335151943,86.39431994028679,57.62365153734348,23.631820944779363,0,93.31615480438212,10.0,0,0
58,0,東京都,28.218908326486254,129.15667945759603,280.84745027727797,62.52339346087994,141.7710905211019,0,85.97312481730977,8.944798839388497,0,1
51,0,神奈川県,22.526349782950938,142.079454229883,163.20084525554734,72.26585825769125,40.827436161244414,0,112.78856601761716,9.7106639874105,0,1
56,1,神奈川県,23.16598332283376,141.26509964224667,60.57150190603845,62.68443806255225,16.01592543484419,0,88.58097943853903,10.0,0,0
53,1,東京都,26.686117016616272,170.45023254186438,129.62872809712835,41.5646169055078,17.709807421298542,0,114.38261712903109,7.516260147364085,0,1
48,0,沖縄県,17.31255949674299,93.74716734404002,79.41090780149845,43.82662055751076,17.874754911350696,0,77.4176855595049,10.0,0,0
46,1,神奈川県,25.522698016702957,122.76083867212309,47.17299714861421,42.40873922130419,12.20393542046408,1,72.96411989951139,10.0,0,0
67,0,愛媛県,22.63590231914515,109.92870115011819,33.169707892042226,55.21855570219884,17.410778460753495,0,88.50224546072323,10.0,0,0
71,0,富山県,19.436357295552472,121.27970680064504,81.92789612189088,53.93224607041757,14.305233008414511,0,86.7129926346431,10.0,0,0
64,1,山口県,18.209641952608585,122.72549359768612,29.789831424510044,41.671854153091104,2.5056228796900286,0,110.73081229707918,10.0,0,0
45,1,茨城県,31.567849007575745,148.9291466274273,211.17656627570219,46.78792765537518,138.34975686394864,1,84.16787318951941,3.6529443258135665,1,0
51,1,神奈川県,20.652170761904216,143.888529183146,69.62145154251502,43.31071957374415,10.86948892816483,0,81.32908793478082,10.0,0,0
63,1,千葉県,32.410464228987095,163.29460959284407,296.47766919490226,47.84257785543478,29.60109322478959,0,110.91107376795276,5.201417698499792,1,0
42,1,愛知県,24.838079493358,109.18604436042425,38.318419231177735,40.198755832834856,3.4534484013671616,1,70.79935527243731,10.0,0,0
47,0,岩手県,16.007531859988504,83.30800043597515,51.22937819534123,42.50808045650768,6.926940382130428,0,100.44850342790292,10.0,0,0
70,0,神奈川県,25.522386285742087,122.78474020004818,134.63004857352436,58.481856497386836,8.455152848401939,1,95.59141101599477,10.0,0,0
48,1,神奈川県,24.36357277462851,113.48454957830923,79.38413271033284,53.76176365976231,19.125927835892444,0,87.21692222046376,8.892088707956486,0,1
50,1,神奈川県,23.837616463921403,111.34172848610666,94.72534377844075,62.376159532736445,7.359816398878249,0,77.54756525231733,10.0,0,0
73,0,長崎県,26.928847554193307,149.68318608944108,163.46527101835457,57.29214855269684,11.953461579861449,0,94.97156370145223,2.9894303762066707,1,0
45,0,東京都,25.87688168235708,122.56033396664945,159.55755982729923,41.573990552897456,44.64798735250495,0,104.7824164819573,10.0,0,0
73,0,兵庫県,24.909531307090603,129.86594011584447,51.23253868021767,47.440780520079755,2.3048227093033127,0,104.17324582369234,8.981241513957388,0,1
73,1,北海道,27.571140540173232,144.28600869021807,104.07493472012524,66.44486216375509,30.444855338159577,0,95.38474496423851,5.425785129428054,0,1
59,0,山口県,19.281250884682212,120.57406589727259,121.98128457916862,66.02427057831875,40.872145789568535,1,110.64219099115653,10.0,0,0
49,0,群馬県,28.08974295875724,110.60535501321827,477.17885355099787,35.808015476045995,67.80319580432074,1,111.68921094707959,2.798441356687795,1,0
65,0,山梨県,25.244473559610224,122.36634486359401,72.7108079162674,62.378909968667855,18.443267776673398,0,91.6716396070905,10.0,0,0
57,0,神奈川県,16.032532553189277,119.59915063523549,49.93825726005789,42.92638979587151,6.201882495231229,1,85.86588712209569,2.4038810380796085,1,0
47,0,神奈川県,20.21525970251369,135.51060055746137,116.93277395771737,55.87268092473496,10.04712916019541,1,99.97857817544009,3.0284371741264655,0,1
74,0,静岡県,21.135746548700485,139.2163280172623,105.02959780249614,45.066680144061934,1.6849460577319015,0,79.13234231269249,10.0,0,0
52,0,神奈川県,20.083411049665518,93.19107542351429,52.52620540220959,41.12703851551332,37.322545209169625,1,108.75377744719967,10.0,0,0
46,1,福井県,32.598294050437325,115.50610425716177,203.84994728594552,50.193479266476764,141.65871455318845,1,112.46219929504862,10.0,0,0
50,1,福岡県,22.697570679452973,138.23644243763567,63.49379210784792,66.79244839789718,8.117108149493665,0,120.59146363451978,10.0,0,0
53,0,愛知県,17.099286432617635,127.75470608379972,18.828076925361227,59.73077141810501,18.238418363859473,0,115.83381143915622,10.0,0,0
44,0,沖縄県,28.66686689454268,135.80727975128886,390.9784154666083,61.76552502208536,44.614858546367635,0,100.40744751657742,10.0,0,0
73,0,神奈川県,28.9807859696525,138.71758682931133,110.15887295679312,36.617875530746275,5.585821438348963,0,100.93934455276346,10.0,0,0
49,1,香川県,18.99118971721992,117.31059121221988,114.03138916431871,51.170289775135046,8.323529357697954,1,77.4076596589811,10.0,0,0
51,1,大阪府,21.86077972154188,119.36180948556289,23.265163665100637,46.995683594246614,5.811192106127719,1,96.80065099509766,10.0,0,0
46,0,神奈川県,21.299132162361673,134.09098380450715,32.9747932166343,55.68436885253695,21.543009065674543,1,85.267350637753,6.834078796177022,1,0
53,1,埼玉県,21.929395970752946,131.7236321055859,55.80687278620453,42.26635585951864,20.138375350032174,0,99.14372914175594,9.78591739864438,0,1
61,0,奈良県,25.503454061613912,125.59567986487706,163.124343400392,50.27915391433217,21.888212141502184,0,106.58233700974206,10.0,0,0
68,0,石川県,28.253124264028347,157.48134151614227,63.88555687358834,43.749560772738626,53.8067056596045,0,114.44254342297307,10.0,0,0
43,0,茨城県,25.433879090181662,130.59013953048478,175.7727754314669,41.93584218831014,29.77124126254204,0,75.42830613319147,10.0,0,0
69,0,大阪府,32.15506436384891,131.18361399809132,155.8277225924179,41.0857527897291,34.55059314401317,0,95.98490950700672,6.143254952671379,1,0
63,0,埼玉県,21.27751709142307,114.59588293309643,18.34443517169039,43.26136590351013,8.78109627486023,0,64.68120960189215,10.0,0,0
60,1,神奈川県,26.78604535901534,146.19861873843132,163.75171872177688,40.122536506576004,2.344212089893911,0,93.07146834002805,10.0,0,0
64,1,山形県,28.90361008976958,148.01982083819433,201.07995665312583,40.973445059125424,23.50532009488181,1,111.78045636538666,2.487438212441024,1,0
72,0,千葉県,27.669486605296512,141.27500249886555,210.46269717645964,47.39593106869126,12.335193238008895,0,112.47428149601633,10.0,0,0
63,1,神奈川県,21.40993332474896,119.43126477462607,24.81735006097027,41.40033348571197,20.376962040512524,0,64.36747853971542,5.364310616467878,0,1
61,1,神奈川県,17.225949776156085,87.28839941857267,34.35546565032859,41.227651049346505,9.68979738109441,0,74.79858920289745,10.0,0,0
58,0,兵庫県,22.924272061992813,93.74056396498976,183.73289145394963,41.88589823163882,8.832936192154309,0,102.55846263531893,4.7959632564306,1,0
45,1,愛知県,25.04471070304109,116.7435132803316,48.67595629355114,41.92540023183384,10.340314216765746,0,73.41334227118602,10.0,0,0
56,1,愛知県,23.851832714176073,120.94522226201512,192.81685691495923,49.087276526545644,16.804253035324535,0,86.72058988629927,10.0,0,0
60,1,兵庫県,25.871988354737017,113.54414868048403,35.65976099231439,57.186148173617525,33.30840580566399,1,104.82763027753214,10.0,0,0
42,0,神奈川県,26.090386581475606,125.73975290842245,158.8869567642511,48.14643693124155,35.0456841930986,0,113.5785777325841,10.0,0,0
72,0,茨城県,21.082696123403142,133.555716934277,29.898762247865488,40.780223119512364,13.386943522253905,1,102.4620326860951,10.0,0,0
40,1,神奈川県,21.844027825733534,119.16102994228874,63.88311226051473,41.52092233471919,7.586645512086926,0,75.8835999765064,10.0,0,0
43,1,大阪府,24.02444375578431,118.58346185199474,39.62130486062908,39.68132343490824,2.28131147401324,0,82.48297599512951,10.0,0,0
50,0,神奈川県,29.51533443635131,144.39951981093378,315.8293830193876,41.65237249743498,50.823260290995464,0,107.37518259851306,10.0,0,0
52,1,神奈川県,16.548530193766695,105.40591437332404,20.828083647432628,53.203268127364964,10.437920296959284,1,93.13253788285807,10.0,0,0
68,1,沖縄県,17.309516072112995,99.78517064205771,40.200646813690874,41.29497618391873,8.984764842621434,0,104.46367926875985,10.0,0,0
59,1,福岡県,27.979722859445058,142.0797195401922,76.82525650130226,43.4523552137088,7.619925458035895,0,78.11309423233945,10.0,0,0
47,1,兵庫県,27.317245566757805,160.2090957144511,63.779255287468544,41.366038740937,49.328482566307244,0,103.76419693172363,10.0,0,0
63,0,神奈川県,25.68660695646885,126.69180950088307,109.94687757167468,51.54354263271565,21.62883394856317,1,109.90268609914196,10.0,0,0
42,0,神奈川県,20.3366010464911,111.2528545554135,34.9251268343869,42.198486767291136,1.2216991284505,1,81.21973722320558,10.0,0,0
55,0,神奈川県,22.88716539414817,117.32142388096571,108.27080743504456,41.96920661553777,31.849617979785965,0,71.30216421127952,10.0,0,0
72,0,京都府,28.50934934004041,136.34495333180996,198.19959227422837,42.069054226110644,36.65128427736267,0,91.68596953971941,3.3383262820284108,1,0
50,1,神奈川県,20.352655926510195,117.85322678410779,35.61430939043879,40.964858900637545,3.8055412007428178,0,67.1657628648641,10.0,0,0
46,0,神奈川県,22.89796625293788,116.80816074345127,174.87823382880072,41.35937336501432,9.1959135676797,0,118.04109173686851,10.0,0,0
51,1,埼玉県,21.718994299229134,131.65888984879763,49.66653818444531,42.43418396547609,14.621256129566323,0,91.94917753338247,10.0,0,0
57,1,東京都,23.612058793880053,124.55558374098736,106.79569306238167,40.86876153014888,7.711334945987249,0,78.81209831659068,10.0,0,0
58,0,愛知県,28.209013688912368,136.80682705941229,158.50535003785495,41.63974600265515,66.84739399679135,0,111.71026249312912,10.0,0,0
48,0,埼玉県,24.90765739004239,117.82089800413756,163.52370666353406,55.609442601113386,19.533273987793322,0,108.07121127265063,10.0,0,0
46,1,神奈川県,22.63787378855322,98.18652036669178,40.26932827762542,42.176630927897314,10.799775489592523,0,95.08621573991724,10.0,0,0
61,0,兵庫県,18.042101998367535,143.0130976043298,73.46020896133818,62.17467108629412,14.410061028504286,0,72.96489037949021,10.0,0,0
57,1,千葉県,33.15198562965627,155.28368595087858,127.3317171950994,41.17602847069747,33.254942941150674,0,106.69277586207166,10.0,0,0
74,0,神奈川県,15.487464234471071,101.36115042476665,57.258798258453524,43.11495893914502,8.64041814314684,1,91.12004431623492,10.0,0,0
54,0,福井県,24.21736668107343,138.12873298259615,479.7716544774051,41.88670000093062,22.850003822774166,0,88.37277941922235,10.0,0,0
74,0,神奈川県,25.104619052375988,147.41489880201198,383.8348429684936,58.33744231156502,35.17456658604444,0,79.97406005133891,10.0,0,0
47,1,大阪府,24.42444908944172,114.63946071514663,37.25473892562252,41.55159558442495,2.5311676563650254,0,76.90038374904513,10.0,0,0
50,0,愛知県,23.906707874565953,104.75079176269314,91.41264684891,41.271447817849264,10.511779069507638,0,84.69736777136676,9.642519898375602,0,1
64,1,愛媛県,21.39585526132864,133.10617840253673,47.334564839627255,41.565455957999795,13.429971395061118,0,85.57345669196502,10.0,0,0
50,0,神奈川県,27.969416633137477,130.71143394254892,164.58076036435867,55.83590617101837,3.0936796810727896,0,107.16859009681524,10.0,0,0
54,1,神奈川県,25.872376102613725,157.54375922833907,125.3598848250429,41.75790450966046,39.33328647483167,0,115.456288372864,10.0,0,0
68,0,神奈川県,26.57258847806452,125.40999808949145,293.9992998518685,41.5431085731574,15.205720459408916,0,107.75399797824414,10.0,0,0
72,0,神奈川県,17.671707525455762,144.9399431676929,99.85659436330943,63.3305447079384,11.321406047847475,1,63.27624280948174,10.0,0,0
58,1,神奈川県,24.213038152240788,94.67374308140701,35.293653386820644,56.060100686014295,10.388293793059303,0,100.47853536195421,10.0,0,0
53,1,愛知県,27.936464733980344,153.11231861887836,99.61781070242448,45.83179192977569,47.53037063673488,0,89.3076223177747,10.0,0,0
47,0,静岡県,26.74350969169369,124.04817053082097,36.16617169581026,46.74859806309125,35.51754061105057,0,83.27218287933046,10.0,0,0
43,1,神奈川県,25.102334630325622,120.94533613387335,56.08665076884651,53.57633787975542,48.144047754647005,1,67.32040735878174,10.0,0,0
48,0,神奈川県,21.346023575519627,113.09654344473708,117.15967475670826,47.66621506685484,50.24389028052015,0,76.94557834318121,10.0,0,0
49,0,神奈川県,21.722734426232055,112.48574189247171,52.82534847919097,68.13772280259354,13.292704399060764,0,89.34707442774949,10.0,0,0
43,1,神奈川県,24.598480428247502,114.71456163840645,24.526680234880025,62.85468155867458,22.862059106784177,0,94.33936893550808,10.0,0,0
63,1,茨城県,18.197249617407227,97.79075377394817,60.663966381039,41.36450812706649,6.717673686055943,0,102.54289310863318,3.5614738104500185,0,1
67,1,滋賀県,20.086824106125356,112.87232425744175,187.61846324185038,41.23918745400632,8.526949483474485,0,82.4951131591821,10.0,0,0
67,0,埼玉県,21.696001418139684,99.92713572687218,106.50737887781462,51.44282746207972,7.407852592146933,1,72.52311384093524,10.0,0,0
70,1,岡山県,25.0690289224997,131.02995958200822,187.0994446681486,59.369342774326526,40.98986863094877,0,109.38614918364492,5.232100692541183,0,1
43,0,大阪府,20.696267369180532,110.09668248892444,32.54698232418158,40.32571488897397,14.624984460313076,0,85.32415325802586,10.0,0,0
57,0,神奈川県,20.188166457931963,137.56534389373442,35.15366207401578,41.95961889006004,7.265541046675559,0,103.01908373271912,10.0,0,0
50,0,千葉県,18.271671293901115,104.60046220497583,24.67835511347885,42.19844921113097,8.593757622756463,1,93.68173321991573,10.0,0,0
66,0,鹿児島県,20.90759255539854,132.36599426643625,99.37659513707193,61.838651242050055,9.443694189187914,0,103.25460518578981,2.4903184061912147,0,1
61,1,長野県,20.444670571223995,134.66748870176818,71.12649921338817,40.15157490122949,8.319855794685903,1,72.42304128235064,10.0,0,0
58,1,福岡県,25.4803574445456,141.21441275176687,113.25196428266342,51.092544560971085,10.807051341163648,0,82.68187332598266,10.0,0,0
54,1,千葉県,25.502913847639842,102.29256489865705,186.8945945759408,41.68281352767498,29.800474200317147,0,79.66795820674734,7.5265311369834045,0,1
69,1,神奈川県,25.09061680734165,132.631276599734,177.46455326166628,40.52063239629189,16.950616631785792,0,87.05354992890334,10.0,0,0
48,1,奈良県,21.47795541323056,111.36558456374577,107.48887204672623,59.70755652375043,7.582631329119323,0,86.9461114893701,10.0,0,0
67,1,愛知県,22.277249817704714,101.77486049877582,101.01291279270556,41.724705755981816,16.603252309113053,1,89.73592869042028,10.0,0,0
54,0,神奈川県,21.066986362532052,122.80380304893775,43.154761300419594,36.68868267653333,6.326612696104676,0,85.19671970020804,10.0,0,0
44,1,群馬県,28.734836125362794,139.91153616650922,157.7393984588237,40.90958030666968,18.056676596313995,1,111.04775429766768,10.0,0,0
66,0,東京都,24.18163501256704,121.53554435686056,143.47783363478786,42.43504505004109,29.058145439785836,0,93.0724138375769,10.0,0,0
70,0,大阪府,18.757309726448263,114.95935778072318,11.675512767093764,40.15469629613498,5.10630164879128,0,108.09807141882716,4.689675910351408,1,0
58,0,神奈川県,29.548477636621495,139.2231353792854,59.4893556833918,41.43387454902694,14.645678010630666,0,111.62691853652606,10.0,0,0
70,1,沖縄県,19.756005743826137,133.04107981048523,123.77824257007235,41.31684334933156,11.775579766260705,0,96.11668445159845,0.1465254752358959,1,0
43,1,東京都,19.614206109366197,130.40546327352533,66.52145480884167,41.57958618182886,20.930405927424783,0,80.90515103464683,10.0,0,0
49,0,神奈川県,26.44655268366518,136.20866345913683,62.80192029357914,53.53227107856741,10.13255997268363,0,100.69354307821726,10.0,0,0
59,0,神奈川県,30.2349493221139,150.62630844805597,116.39057886642944,41.171966674723315,9.227254072055107,0,111.05058033046727,3.6533200919124234,1,0
49,1,大阪府,20.487230983677666,104.78790324161801,100.8053378333348,41.425444920724686,3.766470642505394,0,95.69145686909654,10.0,0,0
67,0,埼玉県,24.471885813027907,124.62929050502211,78.51078946117727,54.24957898681219,10.260985344827809,1,79.05864426229985,10.0,0,0
66,0,神奈川県,25.192779344530575,157.9419252830438,174.63349511708876,60.44687135484487,50.742456569237426,0,110.59110952425272,5.410429541442333,0,1
60,1,東京都,25.365086318657397,114.79105606507424,34.95031693234783,46.124504603244326,19.05971917277554,1,107.68620053274573,8.368675780347886,1,0
57,0,東京都,23.55535129496693,109.11011760462331,78.45490598799667,40.19309819543533,9.006254065388458,0,94.95434721377862,10.0,0,0
41,0,神奈川県,24.371966707968728,113.30055892553607,35.7388904126298,66.85352855417788,44.7208176086109,1,67.78637339143992,10.0,0,0
49,0,滋賀県,17.828598448221545,106.06437810452674,73.87058086684883,42.2163919058339,18.21664662955864,1,98.87706129053728,10.0,0,0
43,0,滋賀県,26.60927227228513,132.0207086730937,155.71719640939207,41.08486893691653,106.92948321808153,1,112.43350899592815,10.0,0,0
61,1,神奈川県,24.23551508213285,147.39981959167258,343.3334281935088,39.90706785040049,17.171817399716705,0,106.6968872864147,2.031498015316248,1,0
58,0,北海道,25.572033064517242,114.70737398961083,151.4017281608695,56.01887993935849,16.56325464572019,0,77.02544240956664,10.0,0,0
48,1,東京都,18.098735119561994,136.8831370529482,72.20000228436265,54.72081225152823,3.498459645653952,0,109.38143671352901,10.0,0,0
40,0,岐阜県,18.06655417110617,76.16264457218244,55.3029107710397,42.30753242503105,1.7038036762057323,0,88.15591228356409,10.0,0,0
61,0,栃木県,18.109385720796052,84.19829833075555,65.72905036062967,41.5690315622945,4.5413154918254985,0,123.16019684642058,10.0,0,0
62,0,神奈川県,22.159528090087022,112.02772528013965,99.8881900575528,42.243840326991574,2.4958237984397806,0,88.72259269268136,10.0,0,0
62,0,奈良県,25.67137104828019,126.98586106935012,281.49470882164724,41.80296297709388,17.47500395152242,0,95.37805045277699,10.0,0,0
48,1,長崎県,21.163529397355607,103.69391366872463,93.28624606609917,39.16131335530085,2.6871761572735675,0,99.15786228096424,10.0,0,0
59,1,神奈川県,16.839830704616844,108.30322301602406,45.788413198122996,41.05704560694104,13.921830127580737,0,92.45642457064334,10.0,0,0
46,1,滋賀県,28.015119878716085,138.45745723402328,83.00217985717512,41.23020758043583,5.163450159828062,0,77.17733922978253,10.0,0,0
70,0,神奈川県,23.841187622114926,128.74285321823962,29.585274650923594,41.80818356612529,3.8055232403675063,1,103.38752244024226,10.0,0,0
70,1,神奈川県,24.55562185142043,120.96129013797548,267.33889581294085,41.62852789736886,13.82678624165155,1,103.08440574440631,10.0,0,0
54,1,福岡県,25.350217747149618,126.13463959899686,118.79494897948406,41.982432260418896,28.90218723859097,0,125.07170485697974,10.0,0,0
74,0,神奈川県,23.2048547437652,135.87196982491471,249.58792279902733,58.68843444536443,44.55392967928454,1,106.50651564371883,6.7628300925543945,0,1
52,1,兵庫県,21.793238886363795,127.74287400045849,102.25988116179357,42.172084045929886,6.187499419120061,1,66.92929564633968,10.0,0,0
59,1,神奈川県,25.929832820180184,144.63121537838362,138.81396659072672,51.55983500108006,18.449515119421747,0,105.12660312735683,1.0708800964307215,0,1
48,0,北海道,26.267581874305776,112.77376569646906,16.492377035249614,41.64169596046837,21.870976490587342,0,75.64116928980346,10.0,0,0
58,1,静岡県,16.551674373752757,101.78265489608097,60.116877660049894,76.85839418769112,8.45953312772814,0,100.66224527394728,10.0,0,0
72,1,茨城県,24.014248412882196,127.41977987154947,149.715682494601,40.30199360372806,2.384360007869554,1,90.3908786349753,6.826369214041188,1,0
45,0,滋賀県,26.657192451505715,146.94286611153444,63.4136345631658,61.06182482856164,15.822837531483925,0,122.96614000772126,10.0,0,0
72,0,北海道,25.029972322481584,125.7402146526745,105.06251465541064,55.474685344040445,40.558196395979365,1,100.45083650275697,10.0,0,0
68,1,熊本県,20.808249466753846,132.01814510729128,95.13096364382966,55.621809553700814,25.793290572794703,0,100.36883719120962,10.0,0,0
74,0,神奈川県,20.82236267242241,153.15240692678134,170.6090754832629,47.412484636093915,50.74967317526276,0,100.69888655086079,10.0,0,0
41,1,沖縄県,26.01130145086851,111.58545935016612,65.6108317824932,41.08310009555515,70.48031848101503,0,96.9277343906093,10.0,0,0
54,1,神奈川県,22.056918037330547,119.6145518126144,60.957986068779135,41.97776886136551,11.943730908437757,0,75.54811259926859,10.0,0,0
52,1,神奈川県,19.858682445901007,128.75247144627855,65.68365292031665,42.43448971828138,14.839220580811793,0,86.35995404031958,10.0,0,0
47,0,神奈川県,18.48513627068654,104.23406665599,38.15132260243586,41.23987397623704,9.724867893532815,0,72.62612617755585,10.0,0,0
58,0,神奈川県,21.39937729239043,103.49239532758578,98.27673952426017,56.17734330513322,10.024485802561216,0,91.38704118943586,6.282794062463397,0,1
66,0,滋賀県,18.59820650018949,112.94042552573922,133.59975820595048,55.887187937291586,58.40044125865335,0,95.86704250740318,10.0,0,0
47,1,神奈川県,19.903906927149333,101.86840148356822,64.0350079307578,58.231224655336035,11.620026125365266,0,109.37309121658879,7.421253743515614,0,1
50,1,東京都,20.16242959579117,107.78898124857085,33.572042731281805,64.98886766486478,6.333982400483431,0,86.66355500645106,10.0,0,0
50,1,神奈川県,22.929967553478097,106.34340537176088,53.1828792502772,54.199421946802815,29.792830827325517,0,103.77143149689171,10.0,0,0
68,1,富山県,28.65792062215023,102.52871242613126,263.49245116690287,51.49334302267233,63.379040947424436,0,73.71481837218094,10.0,0,0
48,0,東京都,24.84205267748104,127.91640869655372,166.21652793582464,54.00911436398433,25.93749302629403,0,118.76709908612659,10.0,0,0
56,1,島根県,14.382514594290052,109.86679935933998,23.045491740539905,36.561774701753585,5.756734401586417,1,86.34630245074156,10.0,0,0
48,1,神奈川県,22.05904006778839,125.30467148778152,117.15970737669419,56.640708177471225,23.914455800785124,1,100.4502873461533,10.0,0,0
66,1,茨城県,22.441071894579636,120.6271332748987,40.772885086446124,42.28061084370013,3.702575239023208,1,100.66241274706854,10.0,0,0
49,0,長崎県,23.273052645607656,127.40082335974135,162.04442468397104,40.82230171080913,2.8958291622005015,0,95.44652238920075,10.0,0,0
45,1,神奈川県,27.087941195478862,166.21524944576416,37.511219271867425,41.30993214963818,29.127695431901877,0,115.93289850894071,9.577937537162052,1,0
52,0,神奈川県,19.96437649954005,101.7915996601614,28.01039604356275,60.91499923991084,21.631908709372066,0,85.69756335323291,10.0,0,0
63,1,東京都,26.000081544608786,146.20724841162982,305.13077343593045,40.56484179709314,33.13859983074493,0,91.81144192759618,10.0,0,0
59,1,長崎県,22.339370080897318,115.56746256330226,58.13023831924871,54.78912997165992,17.624385373112318,0,107.34983294731265,10.0,0,0
52,0,神奈川県,22.10825953319039,111.05762681812917,168.3969454778646,40.99867514689412,12.049537525154665,0,85.255284885158,10.0,0,0
50,0,栃木県,25.197036197213293,113.21904614348313,220.14342269128434,40.90806795972876,22.840124274057533,0,115.2288677063312,10.0,0,0
56,1,沖縄県,25.40644559768483,117.44839452274704,111.46104110935164,52.676566789157384,34.127316976029334,0,71.32214690459278,10.0,0,0
60,1,宮崎県,19.419518782836214,142.91892188865552,333.6926726780526,52.20170043433793,14.8822807607807,0,107.40207575271893,10.0,0,0
52,0,東京都,23.69155316544725,113.59679392068549,83.50559351737502,40.95210887413431,5.674343352593065,0,73.77356148645545,10.0,0,0
56,1,広島県,26.92852603212642,133.91462361415873,144.63732348778538,77.50738452981271,56.23098428350678,1,87.25738321615634,10.0,0,0
44,0,神奈川県,26.740163635853698,113.56901488807917,44.56918230084766,66.49290517275523,15.110339783598628,1,84.35403091826991,9.622540446091147,1,0
59,1,神奈川県,22.667488836700258,118.09526900856048,52.575113983608425,41.88660518968219,9.107879542183706,0,102.26671821496997,10.0,0,0
51,1,神奈川県,20.90618302078872,114.13122849348257,19.953322818166633,41.36592065058258,4.789875464615652,0,100.99864134967643,10.0,0,0
69,1,神奈川県,21.412313357300697,112.75831464982306,19.187996411626077,40.85737795388181,18.443660187442294,0,103.87915131665397,5.984312702964434,0,1
49,0,東京都,26.485980711796003,125.19654007492873,187.62342597597555,41.52322122136562,14.733006950729505,0,91.75700143536302,10.0,0,0
70,0,栃木県,24.574260609640024,141.22629350956285,224.91615740002348,65.62539769360004,33.86473922438637,0,112.35694402535245,3.7066813902365783,1,0
72,1,三重県,21.109840363244295,109.76010485090316,96.03338225350888,41.087560103535104,7.010481330600992,0,112.61066098906257,10.0,0,0
73,0,山口県,24.63407363572775,115.20696997887602,67.8768176334564,40.51458441823189,10.42881335946442,0,77.67238750097277,10.0,0,0
60,1,鹿児島県,24.70553301837322,156.38444132624417,28.136654702753955,43.86195653948077,20.379887015987617,0,88.15375146198346,2.043500895857761,1,0
46,0,神奈川県,18.09534167499675,108.32364333402066,56.11446943140769,49.63859634783313,7.2247263376876605,0,65.21512512762902,10.0,0,0
72,0,長崎県,19.164573177849924,104.23364978816247,108.83896439030178,42.044251855305774,7.862918910252269,1,77.78701868906363,10.0,0,0
70,1,沖縄県,26.325942764486054,135.9212568811126,183.46393386393396,42.20041621555193,15.627391270674147,1,98.92307783569305,10.0,0,0
55,1,神奈川県,20.020711468413175,149.58555777978827,89.79837832392421,61.192336513413025,7.850503541980986,0,91.32992859756376,10.0,0,0
56,0,神奈川県,27.822451775024636,126.13837783588241,277.5682766267581,41.89071699261358,17.479575584415148,0,65.95095678856978,10.0,0,0
54,0,神奈川県,26.173497219153827,131.3725889989077,121.50152826842447,54.10531440552545,31.77187007040638,0,98.90164430883881,10.0,0,0
57,1,兵庫県,22.622078186401307,142.95923341221877,140.63854763394713,41.59538566102649,8.940121238321394,0,88.30211380973343,10.0,0,0
50,0,長野県,15.746536871422448,135.69248722921424,42.35336069023998,66.48519050624513,21.97095526561695,1,85.83652291618726,10.0,0,0
43,1,三重県,18.187369813543576,130.23746179108608,38.46052280814995,41.508513015155486,3.746825115471345,0,82.96523695195526,10.0,0,0
51,0,神奈川県,17.422758656144154,100.87576762383313,35.04100720401088,50.26577213140955,7.224825179680925,0,82.6292385857855,10.0,0,0
63,1,長野県,25.693452657309397,141.12077912251607,118.39967960277063,64.68191839606737,50.87048497500124,0,109.10942116909132,10.0,0,0
66,0,静岡県,27.392234756190106,142.1179147957968,131.20661903977762,59.65060025044579,62.24772771545921,0,115.85697897511986,2.0852961685713267,1,0
49,1,神奈川県,16.742631656336915,105.80260758266472,58.017415314547,41.93611792635883,9.401533131760118,0,86.7569036822843,10.0,0,0
53,0,宮崎県,26.58343321436612,146.46076873755987,49.37165157121407,42.0508561294555,9.151726147656747,1,103.62555252103718,2.7385765116368197,1,0
50,0,東京都,22.52278972092786,125.33987613979015,56.62194190494172,58.315491542202004,22.41058270127518,0,97.8192751302735,4.281134374720962,1,0
43,1,京都府,24.593084047126084,116.25135020701678,55.304396228129086,45.153425196997226,15.08221668220923,0,79.86608070936683,10.0,0,0
73,0,愛知県,25.883046250304517,149.77410583129947,218.9966421115064,58.52820646235671,38.91451120105492,0,107.41153884164484,10.0,0,0
73,1,神奈川県,21.086001004537625,118.03806677633929,73.11782736929598,41.081855333393115,10.817800985037255,0,98.3550760136011,10.0,0,0
49,0,兵庫県,19.439609078402633,114.92657182308302,144.0000593661728,47.90836201176117,7.368510223709989,0,83.82893252675919,10.0,0,0
48,0,岩手県,28.54459037404379,135.50611330142806,128.77845430793457,47.60405405356469,24.6242283303657,1,106.1091801986988,5.908349810272858,1,0
50,1,愛媛県,22.21203257358872,138.30199296902697,32.030521089421086,41.28877671834163,13.823739588021661,0,63.53483641067257,10.0,0,0
73,0,岡山県,24.04402924083096,149.37809740756654,83.92347782657114,57.51514891798822,18.433615910424443,0,120.87038520360306,10.0,0,0
73,1,福岡県,20.369669005308392,139.3927323702041,81.35559120304788,39.96968243586714,4.839815532342903,0,100.32828926841998,9.669924632587419,0,1
69,0,東京都,18.464878546668917,140.27467695913975,163.0998346233271,50.52967201391852,30.86080407458715,0,117.54926968576758,10.0,0,0
43,1,沖縄県,16.646739924835476,97.46397009212234,11.469384676074181,53.94574676104851,1.4008248975745898,0,92.03139641530237,2.5262618843995712,1,0
42,1,大阪府,29.75110345168269,116.95301232033546,60.049046541425554,41.17148169202419,14.54530635572836,0,91.07866113249837,10.0,0,0
67,1,長野県,24.09357653543694,122.71790651864724,152.95805799793257,36.608976492190756,12.935198879681232,0,101.01295336054336,10.0,0,0
50,1,沖縄県,15.300509536341082,87.2091339453562,24.941146128409716,53.90565945000136,8.779030765482002,0,78.22601129520498,10.0,0,0
62,1,神奈川県,20.782557018875625,109.1044465191468,62.514132037135276,39.88652793658152,9.457469672869596,0,95.37200310749681,10.0,0,0
63,0,岐阜県,23.33279798344766,133.92445610419887,99.12883316030353,41.92880310693457,42.92672971622394,0,90.13289014814163,5.849227007489265,1,0
46,0,神奈川県,22.358286406071123,83.33116080070268,32.85312108975973,41.16090008095208,10.543305000099323,0,58.9343035274613,10.0,0,0
48,1,岐阜県,18.91948899088671,117.75878680116254,74.49193811193891,41.95552490313747,26.965925001104925,0,103.97818115879325,10.0,0,0
65,1,愛知県,15.179607832522473,122.402897897871,104.58923329287295,62.4626807431622,14.024132398906664,1,121.63387375723781,7.207573426403527,0,1
51,0,神奈川県,25.108620213492173,99.63888932460667,57.45360516569787,55.008599358978195,8.52199732582654,0,79.83125995885626,10.0,0,0
46,0,熊本県,26.701472394933866,130.0814857669845,120.81368029202659,40.727920348336816,6.947161207063549,0,88.96000085810898,10.0,0,0
49,0,兵庫県,25.927027202838637,115.27285887045515,95.27036635914772,41.367017416721204,4.031871363951755,0,72.46396204594697,10.0,0,0
68,1,神奈川県,15.766664984914414,108.07435629330337,132.74673345399066,41.67862982787496,9.42106245392844,0,90.77412915888968,10.0,0,0
52,0,栃木県,23.247984200962602,107.11497889886333,24.629445458600248,41.666316712326015,6.337276964649037,0,104.20141963417177,0.39619463127784815,1,0
48,1,鳥取県,25.082595862240883,103.97750705654987,73.5182112598741,41.31484652208521,19.792297725442904,0,84.350578150844,10.0,0,0
60,1,神奈川県,29.56956047037058,125.23086657221907,119.45249090758878,55.871223738951485,17.03448985277207,0,89.55059684610423,6.385828785203334,0,1
66,0,千葉県,17.643731513323445,119.47547014298641,163.20224450260127,41.12954518294663,31.67494168679177,0,102.02575593338095,10.0,0,0
62,0,兵庫県,19.914724920127927,120.30809980110156,83.06586303736259,41.97451175401152,68.70821246790324,0,111.23446000004402,2.5500002376663735,1,0
67,0,栃木県,19.07004911710996,98.29574610295579,67.49104464406834,51.15318711080454,17.614979808940728,0,74.45006780863083,10.0,0,0
67,1,神奈川県,22.11366325312426,104.41861421550185,19.500385435038,43.486731094629,5.61257140993781,0,72.56255993854886,10.0,0,0
63,1,神奈川県,25.02581057943108,138.50296118809086,51.12400738652154,42.1622038957318,29.129848339161,0,105.51667115038278,10.0,0,0
74,1,東京都,28.007665641834457,157.4189884745201,155.35340156164278,41.084871648140386,14.285502662351231,1,92.3593144100297,6.406168207388667,0,1
53,0,愛知県,15.17812922354034,92.12929306256748,22.29327680438872,54.70478831993501,5.241693981702314,0,69.41719628497641,10.0,0,0
57,0,北海道,22.486601848814786,117.82991490061654,31.718984491121905,44.408084874018904,16.223621412578893,0,97.7458480215544,10.0,0,0
63,0,千葉県,25.51603435570654,147.45862652127104,102.78928213946045,42.90004551161147,68.80746865725254,1,108.08324217439889,10.0,0,0
48,0,神奈川県,26.279259980840443,107.11900445614506,172.95077152738062,41.45541811975233,42.88585964851299,0,123.80735389513453,10.0,0,0
63,1,大阪府,26.663281425543463,113.29817098358697,108.83771326536207,41.45743654597158,9.137810558539014,0,92.32465324037896,10.0,0,0
44,0,神奈川県,20.47025128442927,108.8250362631173,16.120284110523198,56.02624845914719,12.10283298050494,0,81.3341923471386,10.0,0,0
54,1,神奈川県,28.109107448383718,141.56197341998472,27.252981006680344,40.903836341985986,7.016873790530209,1,86.35064448595129,10.0,0,0
42,1,神奈川県,21.419969565721612,107.01820563312639,35.857593045319746,34.56578984952469,11.208509250793487,0,89.76415228376105,10.0,0,0
41,1,神奈川県,24.54601142676388,136.35164815817777,101.64302259851368,51.1588282233413,10.816529257168135,0,94.00463194164642,10.0,0,0
55,1,神奈川県,19.527378188954927,125.13759850957132,40.18689893942529,59.26050861109005,4.016229376703878,0,88.12395451020949,10.0,0,0
49,1,大阪府,19.754787323974146,139.20494780130772,49.97527501993164,41.666537925729706,9.375088361750603,0,73.57838188937083,10.0,0,0
55,1,東京都,26.058545092771514,110.511864696943,277.6470193663738,41.63558699473778,25.317589934346124,0,119.69479140096492,10.0,0,0
53,1,兵庫県,24.591323270048736,117.26720400053702,44.05184930548256,41.84924313014691,21.666632191179463,0,67.73985936369866,10.0,0,0
67,1,福岡県,29.54796845805384,133.93992583740766,195.23407217186082,52.918763468139325,8.77175405606595,0,98.85547298465858,10.0,0,0
67,1,神奈川県,23.3052863850574,141.81265127864506,78.17578699345665,41.64604086066308,6.383178521599025,0,102.22276616196667,10.0,0,0
60,0,神奈川県,17.792693587601317,119.65945907881422,145.15307819051358,41.64169126590271,14.926266647940768,1,75.33816397609239,10.0,0,0
61,1,神奈川県,22.26032479206881,145.79460202585483,123.31350337058973,41.407029147172715,23.105987007617227,1,104.46363836573157,3.472933410674552,1,0
55,1,神奈川県,25.010583057901645,132.95132299071835,119.06048606771483,60.94837062141642,16.795237692869534,0,113.18183133217327,10.0,0,0
45,1,神奈川県,21.18556041066745,92.25022238393643,36.76429767482791,42.162908704243065,5.371678349461906,0,74.40267418514107,10.0,0,0
68,1,埼玉県,25.03003749154949,134.95177128672344,224.46720200102405,42.69776264302174,24.118428572517185,0,104.75658985890178,10.0,0,0
42,1,神奈川県,24.354260656710526,122.76327615390011,153.30970210744766,36.561706247836355,7.2398304165746765,0,78.4434382377886,10.0,0,0
56,1,岩手県,20.353295471491105,114.06528057436165,61.575283181299135,55.29912153867255,12.75109061032413,0,71.63315288014644,10.0,0,0
57,0,神奈川県,29.705337446565455,170.9421053687746,294.0734941506459,68.6494112210949,42.7488945836326,0,112.5120037986579,10.0,0,0
72,1,神奈川県,23.616315500846234,129.34570448200984,79.32965292989681,41.79413732270377,19.598620231883253,0,89.67434235837551,10.0,0,0
47,1,山形県,19.393120355963692,120.91152394660644,41.130217914479466,41.93337191580293,32.210441843629205,0,89.97316633420328,10.0,0,0
68,0,神奈川県,20.12174051053351,137.23951249035807,102.67403445626243,41.7235220480511,2.488182741752642,0,90.74359054690626,10.0,0,0
59,0,神奈川県,19.484855219200355,132.90283753339443,23.129143608364014,40.909169064836604,3.5019701123858744,1,96.79812961562466,6.935587123051029,0,1
46,1,神奈川県,26.44577702343533,128.89340388311803,34.797233923419306,56.77979047165048,6.710268655009169,1,82.08265702979594,10.0,0,0
65,1,愛知県,24.52065267364797,137.84792405403562,123.78164288935406,42.072681026543286,63.002296252991506,0,94.56103747233982,10.0,0,0
40,0,福岡県,17.007798225714716,109.87329931668319,14.17857422334442,72.34820532084966,11.389723549133665,1,95.5759153524572,10.0,0,0
53,1,神奈川県,26.288615254084014,103.24503946387549,33.254366296719645,47.67788508277192,20.470147458165073,0,76.0876960343539,10.0,0,0
50,0,神奈川県,24.20453397832411,122.8698557592434,58.13261076692711,53.53530199372429,14.836723253045536,0,87.1696621847145,10.0,0,0
68,0,神奈川県,20.669061117713625,122.3713832752561,32.91200345346596,62.866208889078514,16.845380952724533,0,82.85936227529153,10.0,0,0
64,0,千葉県,16.556952515518287,97.52529351494023,28.875260416673775,40.83311551784708,7.376218717866305,0,70.71135808929132,10.0,0,0
68,1,大阪府,28.11769721493704,120.87103679341786,277.65695647924184,41.7539900239022,21.9443005293095,0,89.57534567803224,10.0,0,0
53,0,東京都,24.527828899515757,124.21996703446595,98.13403481383625,41.57202047604055,10.02273581071111,0,120.23399818491207,10.0,0,0
42,1,神奈川県,23.91797175543129,121.12727393826178,60.57759532755976,69.18569812582325,42.90686182726835,0,90.95144877461888,10.0,0,0
56,1,福岡県,18.067489073992935,116.62769934928049,104.99069753454289,42.48637342129531,10.27523268940843,1,101.15619716541558,1.0573598911684365,1,0
72,0,神奈川県,28.872947694740702,133.02720503846754,161.25034785320298,41.62693065222833,7.611376919759574,0,82.47142433526457,8.345657811471495,0,1
46,0,福島県,17.144972188800832,85.24362682312304,41.68891328980655,61.19480279347364,8.606626094794478,1,71.62382337397007,10.0,0,0
59,1,沖縄県,16.937027953075166,96.2780086984465,29.089185455942594,46.62131093527704,4.6140590747618635,0,67.77533312918952,10.0,0,0
71,0,鹿児島県,19.45461209460011,119.93366884094804,27.979168352384498,41.583172026442284,9.400780248184386,0,96.4876506176861,10.0,0,0
45,0,山口県,19.08272213875156,112.08933965809356,32.112199836908076,41.57372331181341,12.546750742570188,0,100.70731704398746,10.0,0,0
53,1,神奈川県,28.760746080428397,123.06566548748671,220.11883655488464,41.62620472507763,21.859717600452015,0,95.93773544911042,9.828354588948002,0,1
47,1,千葉県,24.64290505284476,127.41860262655712,63.81930168803378,41.21878588939495,17.56567877953708,0,91.80820602913296,0.9922278379452386,0,1
68,1,神奈川県,19.520557313920882,129.35360855677533,56.42668254767559,41.29144202085182,17.64048250781369,1,91.12958567035346,10.0,0,0
60,0,京都府,20.78822946742949,143.02959064325677,62.8999471102054,54.12836842738922,6.710238536866843,1,92.46908664711862,0.9446346959877272,1,0
40,0,神奈川県,26.12872178733195,127.42934676732717,102.37493909444144,41.811175438319495,16.231358054035585,0,109.11177506395515,10.0,0,0
46,0,大阪府,23.121542368278188,132.38014448678692,38.919646219728875,42.46831646487042,7.339718287709354,0,92.27470424498394,10.0,0,0
59,0,京都府,20.30469586100835,99.8375507981117,62.51410234328471,62.56598680506897,13.882749317027569,0,117.47654979976066,10.0,0,0
56,1,神奈川県,26.293776616957953,106.1994225628332,81.78534987150685,40.913400328215644,6.140029364783917,0,111.36470485129658,10.0,0,0
60,1,神奈川県,19.39183661823084,127.70382327996005,48.17733745797362,47.37965266433217,8.8323281558562,0,84.81303629137496,10.0,0,0
66,0,東京都,22.531538257349272,118.35842346068915,118.39327366561854,41.80939127388631,27.517638007942374,0,96.7709774240376,10.0,0,0
48,0,神奈川県,25.90396676168658,125.7279813135136,91.02380604031572,40.906865816583725,13.247700117167813,0,92.3232862161916,10.0,0,0
72,1,岐阜県,23.07726951094824,131.55226080717637,121.78201328577661,60.83435129912481,21.86658398913858,1,79.78296795472717,10.0,0,0
48,0,埼玉県,25.23466111912787,124.9738118267538,372.18554300047015,41.69367788746594,27.455641596621316,0,102.73223642429281,10.0,0,0
61,0,神奈川県,21.676251701250468,125.59607850996153,136.23642821672354,40.73908245549777,7.342223739328252,0,106.63676961863274,10.0,0,0
54,1,愛知県,24.606961787988585,104.42877919402683,143.98662412910747,41.62536858391388,19.581347509156018,0,84.24424966285612,10.0,0,0
47,1,茨城県,25.89783137316415,139.4954614516034,57.27974189168225,51.80476357530397,8.830014028399955,0,91.8098453439327,10.0,0,0
50,0,静岡県,27.960234756189976,144.324847243061,351.5126770149206,41.58827809724948,27.901326976863867,0,115.96520589599137,8.368847725228079,1,0
41,0,神奈川県,20.163616440960542,80.88634073720608,96.02895964597975,41.82901563310706,13.171831558823564,0,92.27940348952814,10.0,0,0
51,0,兵庫県,19.634894315665886,129.2424051029017,38.10620996899093,41.579438070034264,10.769930363032621,1,125.04089097927425,10.0,0,0
59,1,神奈川県,22.352497078435242,132.35780246959334,69.62483325269933,41.92535054349681,13.24677995301894,1,115.15678170053499,10.0,0,0
43,1,北海道,18.524757774543342,120.57754323736194,89.84678339182544,47.53742504387249,4.74122246719059,0,88.14251430556455,1.659683486228035,1,0
73,0,奈良県,21.7009757894535,122.82004809014778,36.071760426870696,41.27180851504144,9.785378969406635,0,106.84476115418764,10.0,0,0
54,0,岩手県,26.68932143207762,139.4141573025726,48.359132894851506,47.68693683399557,29.69011412531864,0,107.1300957360786,5.371082796483205,0,1
57,1,神奈川県,23.94514315819202,138.5195874411002,110.18915591476487,51.94282620852901,6.926735949341565,1,98.96900525461474,10.0,0,0
69,0,北海道,23.906111229368005,136.12978635776125,71.6390766915891,41.77446696061182,19.226546324506486,1,72.22587823824216,10.0,0,0
55,0,鹿児島県,26.597319029261687,135.8723833252075,107.11190269251551,41.72719685700325,117.3485966621534,0,120.87319698921107,5.9807636650150675,0,1
59,0,大阪府,20.514829201936532,116.42211144860146,18.81833022737126,41.90077644373685,3.6797440239443877,0,69.41703315961719,10.0,0,0
53,0,東京都,31.652516968786294,135.90510341105113,266.8279403582433,41.70924893224907,152.22231639676608,0,125.0,0.9488218561164802,1,0
52,1,愛知県,31.378735096995886,109.82338763447069,99.11104272805093,41.648455935627105,17.300515799037278,0,78.25258044265179,1.6994550480692463,1,0
61,1,東京都,19.530350821266172,90.89600810851783,81.38159050608772,41.21017083953938,36.937951724291274,0,79.94303861588604,10.0,0,0
69,1,神奈川県,22.877331262076293,116.56926141202169,51.22461311046648,41.59085826760022,2.306599729290662,0,82.7696956508222,10.0,0,0
58,0,奈良県,22.087070478096862,132.87706643445233,160.64063734424343,41.22088819456496,21.409807044932748,0,101.73225821636396,10.0,0,0
58,0,群馬県,26.82457671682194,104.97635467742357,207.6826879507741,53.84787085914528,29.961787985955098,0,87.03138543736078,10.0,0,0
67,1,神奈川県,21.723455373395293,142.01886995291787,48.180048316751375,41.716632095005856,7.612376326081008,1,117.00851776243488,9.588271947695656,0,1
62,1,茨城県,26.579829015249075,120.69934787307247,65.8098489690042,54.05254991125711,9.400766239494947,0,83.30030757734946,10.0,0,0
47,1,島根県,24.014294676831078,135.58044157077748,101.0210493316344,41.40641546332177,12.115528456210017,0,98.98798361042915,10.0,0,0
64,0,福岡県,16.57580971330711,138.4047993735935,99.37155117837084,53.91095470066684,10.80878134880877,0,86.730911674294,10.0,0,0
61,1,神奈川県,13.5620444940452,109.85108023533938,104.98511587176684,52.656090672334756,10.804932693986377,0,94.33695536518785,10.0,0,0
70,1,岩手県,28.409795908522508,135.6952753575404,70.95279740609448,40.16367119544412,9.150157105992797,1,95.03448639008785,10.0,0,0
55,1,茨城県,22.998299272368023,133.64707282571985,113.33613040643107,54.79377005749034,33.7717775542441,1,118.01422547343172,7.298675900685924,1,0
40,1,沖縄県,27.41178387602173,107.16761569757615,64.12679633879402,41.28386025687413,33.725211946052404,0,93.3610161138637,10.0,0,0
70,0,大阪府,25.094263993509994,137.0624140917162,191.5529735053333,41.567079522354916,7.449982807118444,0,93.23235765396737,10.0,0,0
45,1,神奈川県,18.117249718541707,74.52975092421718,71.6292236897931,41.16874159646698,18.90123143577456,0,80.54734429118496,10.0,0,0
59,1,大阪府,13.870805224923824,102.05517395152867,37.429249820433974,58.482165833612605,3.430364915939321,0,85.87965717078717,10.0,0,0
40,0,神奈川県,30.900494500835297,104.77754656409186,196.46734010482024,42.49514616612428,46.51853414453751,0,110.6382252525749,10.0,0,0
43,1,埼玉県,26.30282877422324,119.6591966929032,86.87241725264343,43.990883608140635,15.632269780142641,0,84.62453816872151,10.0,0,0
46,0,愛知県,26.227735198301556,129.18956642128214,66.42472955162425,41.46274489398094,28.81357312759284,0,89.81014189431679,10.0,0,0
48,0,秋田県,28.349704029583226,119.82940747766706,46.16114718840385,41.92943516704218,1.1715889152672112,0,73.83684946691561,10.0,0,0
47,0,宮崎県,28.99055365727507,149.71125519266067,115.32035473164228,44.58740008327595,5.4047478033572895,0,112.2472814849836,10.0,0,0
73,1,神奈川県,25.745833453679758,130.2896621855424,116.21305567994165,41.89358077968986,79.06524724642581,0,81.25330325376643,10.0,0,0
60,1,北海道,21.792018177004913,131.73145492997858,220.09653324881458,41.60861749888787,26.774275881110125,1,94.32189862811897,10.0,0,0
45,0,岐阜県,24.660394984878984,102.59314768166226,28.724870159770198,72.27168887818203,8.15242718647871,1,89.52760818991476,10.0,0,0
57,0,香川県,23.935883279316545,120.27160304111561,55.21269286581775,55.55662253762351,45.06450625691237,0,89.44179828757152,10.0,0,0
41,0,神奈川県,23.11849447182908,108.8030782234403,36.655176013534025,40.55502821310892,31.221843606063707,0,81.0568226597347,10.0,0,0
48,0,新潟県,21.677412826542447,132.54011881745026,80.34005346741685,40.977109887327984,28.426207916882657,0,107.90585781080453,10.0,0,0
40,1,秋田県,24.085413065315656,101.5690117861903,27.536261876177225,60.93484433728781,10.64566511204676,0,64.19753481439176,10.0,0,0
67,0,岡山県,24.95656972976975,129.0620540924155,117.23453764398297,45.69261467569148,20.29705611706965,0,77.98992406494429,10.0,0,0
60,0,東京都,25.69629194883911,145.3751078050806,104.10024326484678,51.31939747576334,105.6582426020832,0,125.93842210441018,2.9935791955549598,1,0
42,0,神奈川県,26.58119728777321,96.15706421645311,148.53012202146692,51.40029834599714,7.1924020445941474,0,84.38587569037819,10.0,0,0
61,1,神奈川県,22.387328785360406,140.61430379416353,35.022132550296945,41.095661552038386,8.807817883645416,0,62.46139831882911,10.0,0,0
70,0,東京都,26.3152546372023,116.97840057413295,58.86993008883306,65.38815999840295,20.864236378097768,0,113.33117557905626,10.0,0,0
45,0,大阪府,27.881384874879256,148.97434825656651,276.24510676544674,41.28650564647352,17.98140554204308,0,123.53699810966604,8.023120363512342,1,0
41,0,千葉県,25.745773152057822,123.43533157564299,55.23983889208107,42.24226525398676,37.73015508521205,0,91.72417758824118,10.0,0,0
52,0,神奈川県,25.755369338785417,139.82560175881864,63.87555301079293,40.501889662846985,6.689018278288766,0,100.64691560112004,10.0,0,0
45,1,福岡県,26.58153344240189,142.07559208641592,191.52166043669436,61.26884944292993,42.077395614138354,0,86.77645244179594,10.0,0,0
47,1,京都府,18.793280864882888,122.45329707265641,32.94048427567817,41.414987992302294,16.560894222924585,0,105.36525932025089,10.0,0,0
66,1,熊本県,25.000580688220985,118.94153389222792,88.02989460284851,40.05516472644134,6.375515988507879,0,86.96512103901121,10.0,0,0
47,1,愛知県,24.0230576512931,103.09789143844647,34.87830996337703,41.197817662653144,25.144383064416857,0,85.1199000749098,10.0,0,0
57,1,神奈川県,28.319782303916192,125.1371086010072,152.7938779390408,41.62607704969305,16.52738138487607,0,108.75537374591624,10.0,0,0
68,1,神奈川県,25.320629031134086,149.9866094413361,164.6204458631303,55.488039165384514,34.93024668080923,0,87.59205932493485,10.0,0,0
46,0,神奈川県,26.758366724034634,104.90407977665538,329.8895074311004,33.04568149598445,28.66401606377007,0,94.8506494283773,10.0,0,0
63,0,神奈川県,23.367015877209962,134.48900180791634,58.161069475689324,78.31034441254401,12.231421849215106,1,81.06739874035857,10.0,0,0
52,1,北海道,27.40102135743029,133.5940213029107,200.87344694771585,41.03662499432328,7.235593698161739,0,101.28969635120099,5.137919183095853,1,0
49,1,神奈川県,24.021838068522243,114.60811462767028,27.992099487940166,41.84728731560774,7.271142387570837,0,92.10283936251543,10.0,0,0
47,0,福岡県,20.08283475694695,139.21162630287023,46.04715849970231,40.198493306736594,3.541063313912022,0,82.63479071032033,10.0,0,0
72,1,東京都,22.982474217191296,124.86074784944252,55.7635834340149,69.49082082314672,17.018816335089323,0,101.55480757623906,10.0,0,0
67,1,兵庫県,24.754392382405506,130.42494568336133,114.03384944327024,56.90685744580058,17.930126978046946,0,79.05247734002457,3.05710432770836,1,0
52,1,神奈川県,17.668629954373056,112.42683111452457,64.31580932295422,46.67084606014738,16.00869468725522,0,98.99159696830498,10.0,0,0
59,1,北海道,30.992405395897098,165.9322012931044,195.4296008965218,41.592826757296656,17.451063722289536,1,111.6867864313694,9.588910360141465,0,1
73,1,沖縄県,20.31236737237256,112.6535279360556,13.627461003870911,46.97934057130639,16.079545086018904,0,81.50830129644338,8.792051408767005,0,1
66,1,愛知県,19.85109310972136,166.5452118263155,107.62057495374223,55.49171752603672,23.627731861607327,0,110.61762771027463,10.0,0,0
43,1,東京都,23.413989621521672,95.55487685487657,46.135169345781236,57.66956834409002,17.884028988481884,1,73.43312826608788,10.0,0,0
65,0,茨城県,19.4193904637967,101.62695775095864,65.7219034529337,41.14087930592915,13.500505445696549,0,80.87739241204609,10.0,0,0
46,0,岩手県,26.339966585525804,90.47593112232596,132.71620244593532,42.090896276520475,24.207390538861834,0,79.2570611738254,10.0,0,0
73,0,岡山県,28.077991847321332,116.53966326551104,102.09566275925428,41.81475181068469,21.86143153369345,0,79.66701894832262,10.0,0,0
42,0,神奈川県,23.084299054822736,120.46552462635398,44.353220451345564,41.908908518664504,37.17082240851879,0,67.15201473350379,10.0,0,0
55,0,東京都,19.752342881795304,134.64225307284394,21.117971746102853,40.897028123691165,7.243290982966469,0,79.26376026085194,7.318424177873372,0,1
46,0,愛知県,17.631732133955065,112.06638236526268,49.6494405231352,41.00945848009861,4.247852273681222,0,95.97141759358436,10.0,0,0
43,0,東京都,22.529963838701292,123.7330243815964,60.23953627927862,49.469630893697286,30.8539125767453,0,93.35780839745578,10.0,0,0
51,0,神奈川県,23.709236501757527,143.57925549855557,101.54273042534446,58.97359983513428,7.341539745409983,0,77.99840818431277,10.0,0,0
74,0,神奈川県,27.60617019143598,133.24219466806366,68.90160491451157,41.56872192603735,9.057256543694042,0,79.3007948397896,10.0,0,0
49,0,神奈川県,22.41924711743302,88.82793498945242,101.63582065948947,41.164562715449655,5.737599519721019,0,69.74514626696858,10.0,0,0
59,1,東京都,16.173737651019405,131.73245135701902,80.14748059396305,41.21881693076169,10.869946525689363,0,72.45938412486753,10.0,0,0
60,1,東京都,16.452145777755057,133.37025969050345,42.75715898324062,41.04662924679155,8.728138087728667,0,95.50004189523153,10.0,0,0
58,0,東京都,18.786733088072655,135.92830412134157,75.771135014387,53.628051013253895,31.973457732051052,1,83.10350749535105,8.244426568893278,0,1
74,1,宮崎県,22.528612616799176,123.15311151341527,117.16016702910974,41.37180252112885,14.209876498306457,1,75.29945064710829,8.912124004001543,0,1
45,1,福岡県,18.43633624311856,79.98872348176134,44.44064857798379,56.02178805771945,5.096903865663302,0,88.69941070311573,10.0,0,0
56,1,福岡県,19.921390915757428,129.433989268856,108.845023792153,42.23251062848588,19.792769779540087,0,98.57584234728407,10.0,0,0
63,0,宮崎県,20.422065832879365,128.38443679819184,63.871951593309284,40.08664284145355,17.01409293938087,0,103.04819790743844,10.0,0,0
74,0,福岡県,25.18458054337129,145.09150047398938,40.02476424865704,42.06443755777587,18.204942124408227,1,79.99157882003196,10.0,0,0
56,1,岐阜県,24.107724163581068,106.3300657603913,73.98134829517959,41.21276779617649,4.621129537515907,0,86.03528271500794,10.0,0,0
49,0,愛知県,20.078176811146385,131.69307330061162,45.55853711887888,58.405487405463745,15.538375956306053,0,111.44045754847232,10.0,0,0
41,1,神奈川県,26.49263653615767,141.283172125351,132.83987357775524,66.86061539690277,80.61939874561777,0,84.68189620538932,0.9388721614469853,0,1
51,1,神奈川県,26.173424407596666,132.38014472158812,91.55197198613241,41.70396298503273,10.552827844768853,0,94.80772763075181,10.0,0,0
66,0,埼玉県,13.134371502611094,104.5803374289479,58.119541180644056,42.324728389465086,5.409908684672729,1,69.30665344483107,10.0,0,0
73,0,岐阜県,29.00613337306233,175.66946857079927,211.22150714639363,41.50447379863648,20.313983988178517,0,74.5931216268002,10.0,0,0
57,1,大阪府,26.144280745119957,124.54086642365628,60.370899276096935,42.408336147931756,8.892751586429295,0,95.24117071891536,6.646609538461922,1,0
69,0,神奈川県,26.750758713462137,170.4108698600635,263.74210178647843,43.30864511890383,39.731715956549316,0,105.4219053020852,9.151106720985585,1,0
73,0,神奈川県,13.398458616236212,122.71410105708713,78.13989428843497,55.761902952052594,2.892463443396489,0,97.59753150803684,9.5906606249371,0,1
54,1,静岡県,28.323685710217248,147.97381420990303,96.35180822284183,72.41324084000956,25.53530475947793,1,107.48149270467232,10.0,0,0
65,1,神奈川県,23.50872812065773,132.54326582668295,63.300501672059006,51.80697716106582,14.359404533041289,0,93.23258627687184,10.0,0,0
47,1,北海道,23.927994547829275,133.8035048864143,87.37646844085087,45.79915023428812,7.2528081662157415,0,76.68762447236551,10.0,0,0
67,1,滋賀県,25.9074715456055,142.52794010014216,163.9113377739675,45.24788083355723,15.192147504020461,0,95.03556893790748,10.0,0,0
73,0,東京都,21.18161549423836,128.5356897744047,64.6464580934903,62.55968566561495,48.91153143313628,0,86.81462476419183,10.0,0,0
53,1,栃木県,27.978782305668428,126.00220683646342,34.81627018822425,40.85908805127894,19.258132925150694,0,108.31223151454687,10.0,0,0
47,0,静岡県,25.968267159405922,141.3108541610304,52.7851990354855,56.76808087470423,5.061879194201855,0,85.11164427087589,10.0,0,0
59,1,東京都,24.973447958437145,122.84677125052204,95.15965606718098,49.881241729201925,18.0840388898478,0,73.04367594757831,10.0,0,0
48,1,神奈川県,20.471505383497195,123.00067190971438,63.319510306657925,41.15133061875661,4.38277728047509,0,57.37926116482517,10.0,0,0
61,0,神奈川県,26.267473072627528,158.52052198975346,48.53342285153617,52.211715192145405,15.650136432410205,0,94.63340004344295,10.0,0,0
67,0,茨城県,21.873827382968503,121.25987499734019,294.0804139541005,54.43192128464193,41.644172779665425,1,77.85811077313522,10.0,0,0
48,0,兵庫県,22.521054506882393,119.69033430489971,94.58222853433092,41.554134800392944,8.517921471061536,0,101.33266961252409,10.0,0,0
52,0,新潟県,21.613311923083543,103.98440918186883,78.08058373599707,57.248510090457096,62.33990415513299,0,89.7988084889323,10.0,0,0
71,1,新潟県,23.161113432158096,146.18503495764926,81.39778925901446,58.59717226727997,12.384837613346951,1,91.39406260291922,10.0,0,0
73,1,神奈川県,27.303177530022325,147.0076021381322,721.7537260424936,41.57369645258305,141.70153558557388,0,100.36488437413904,2.370189778004995,1,0
48,0,神奈川県,28.252372605405927,134.6124450427371,158.74968018617193,55.325862269430125,137.66586200278357,0,111.2188677502268,9.60450285326504,1,0
46,1,神奈川県,28.056918901759268,124.69137130968475,158.3137193697778,46.37442366725386,24.829518336918156,0,94.33904464173216,10.0,0,0
63,1,東京都,19.744171546678224,150.52300396384396,86.60707464231322,47.668938780025556,3.5534417681638253,0,106.96655288712758,2.378732303498983,1,0
54,0,神奈川県,21.354518351021724,150.32041926151572,65.65006658840878,57.625603338920655,5.651367797566289,1,91.82659705191186,10.0,0,0
46,1,神奈川県,22.337521512091595,79.99928316071346,52.69981340712396,41.096975190152506,2.0329910345232585,0,110.12112974378637,10.0,0,0
45,1,兵庫県,24.251399046736474,82.85539446197919,17.6711482557748,41.641710419774164,3.025567896654793,0,93.24714413783235,10.0,0,0
54,0,千葉県,23.606007911620953,136.20805994696548,139.6046625843309,41.44192253833989,7.370335915310162,0,94.81984046476322,10.0,0,0
48,0,神奈川県,29.401607020897497,133.43958435691383,168.36005730788636,40.86003268264444,11.363260176924385,0,111.05211396148425,10.0,0,0
48,0,神奈川県,24.94715249718632,123.14084922832818,74.50369772296848,55.32817254859916,40.86979268337636,0,93.91891163682097,10.0,0,0
56,0,大阪府,33.76316622871869,147.40677036137038,169.13518287863752,57.005901814841174,20.71419702456978,1,92.6507468738348,10.0,0,0
47,0,長崎県,29.757457062703754,126.68117162336563,165.64132633021183,41.71972004658202,71.65524764689627,0,102.53624654194118,10.0,0,0
41,1,愛知県,23.03557671554237,102.09115046438325,33.74223616843658,57.30339027251158,18.474931121325454,0,110.66716699974303,10.0,0,0
58,0,神奈川県,23.306696379578835,133.59612408861855,118.23211281502057,45.748171400002555,29.99249266963384,0,107.74899824726238,10.0,0,0
58,1,神奈川県,20.45757011641338,91.86196062939149,59.901606601410045,41.34459470874778,49.46266048467654,1,110.73481497014109,10.0,0,0
47,1,茨城県,17.677551487172234,130.5396564886562,109.80625874168234,47.75883785980503,10.012120867166919,0,108.74318538780467,10.0,0,0
62,1,神奈川県,26.042745235525263,133.49046580890413,310.0304147740584,49.476947536487515,140.8058106596963,0,96.81930423504771,10.0,0,0
52,0,東京都,23.027157817170078,119.2022371237081,85.17592314145539,41.51227274630909,4.798069669464817,0,86.44636936019215,10.0,0,0
64,0,愛知県,24.36979854839253,139.03747577183867,95.68163239057384,41.421853313793115,22.411980258343718,0,101.98200795457757,10.0,0,0
70,1,茨城県,20.104034763687213,134.65076119380043,55.901515679425664,45.63161629229425,8.603833915846668,0,89.65848625519205,10.0,0,0
42,0,福岡県,29.386646255804546,119.51538780824943,155.46885454945019,51.32791432605054,50.75844547741578,0,101.75930489781135,10.0,0,0
46,0,長崎県,25.456763336145745,122.5731983593104,53.45559448639266,59.07682136281934,26.850441599002163,0,67.79968531271642,10.0,0,0
53,0,宮崎県,23.413716048818536,134.0474145797648,44.636051756587825,41.70964202685234,8.07190742173802,0,86.79019471645472,8.797782288080146,1,0
52,0,東京都,24.134511755301233,113.67186730815367,206.585307580605,41.83414378026163,50.877747485324534,0,65.3918445979392,10.0,0,0
45,0,神奈川県,25.014515600513008,100.64690210876161,108.07722434169976,42.98648460838489,8.51812921049083,0,76.30413939364603,10.0,0,0
45,0,神奈川県,24.40090962009917,119.55087534374715,122.54057643044929,42.7148003434281,11.719701894674504,1,74.39048301233966,10.0,0,0
74,0,山形県,25.927815494902166,170.46663382536116,70.9561756936401,57.29377619280525,18.960463481321252,0,106.31413484460984,3.5957607499773228,1,0
72,1,愛知県,23.44330344938241,110.5864785012853,75.43400262001116,41.80297043339684,8.537779656304252,0,82.64316124072866,8.965331005259149,0,1
49,0,神奈川県,13.096870276770215,88.25670021350713,72.05823667100029,40.77880722729779,5.07216071025024,1,70.89488831620031,10.0,0,0
69,0,宮城県,23.365685352748052,136.35856602615408,66.80668690807617,41.320489938530265,3.868058153592099,0,76.99216937914666,9.207202767326443,0,1
44,1,神奈川県,26.04269237192066,122.81170547226843,182.24714377639526,41.59103180881969,22.158317696146806,0,120.47609832325759,10.0,0,0
43,1,東京都,21.058758218055353,97.82424060037822,69.73022602297583,41.70530301968461,8.495756925331413,0,94.593146091959,10.0,0,0
53,0,千葉県,22.14964912520974,156.01139391463218,101.00124639741858,44.83001840023276,5.834963064136906,1,96.78802564563031,10.0,0,0
49,1,香川県,30.495536094088653,157.2133440837356,456.6981528896373,41.07134839369806,162.7862289370492,0,109.14716113190221,4.135695524082939,1,0
70,0,神奈川県,19.849927198649528,139.32540554829313,152.34301333577446,42.2568905854499,32.58287720120248,0,83.05217369396965,10.0,0,0
52,0,宮崎県,21.480410714890017,115.33298149399872,267.7944125845754,58.969712456770566,56.471877645216026,0,121.57230593795533,10.0,0,0
49,1,神奈川県,26.690369614856902,131.81024215396627,99.77696033621457,41.50679469549778,31.874660804681525,1,107.95590652909327,10.0,0,0
55,1,神奈川県,22.93514538631581,141.25564736138742,51.13044803877009,48.877108262663086,2.3239857217717423,0,68.27188362241573,3.865135720563575,0,1
68,0,東京都,27.373363741435856,125.007009559423,176.20300280705123,60.91347316499899,9.200567829798343,0,101.9377478674028,10.0,0,0
56,0,奈良県,32.87840866894485,166.37299546262344,116.42758606478188,41.53047951217362,63.46648256594477,0,81.4656261848894,10.0,0,0
67,0,神奈川県,25.989122326040295,138.7271814558722,120.1955991776213,47.8506013411287,11.505477633565375,0,85.75329088624467,5.420232783200582,0,1
57,0,東京都,14.489999196172105,111.11390048026853,127.34191033529045,41.60696772613266,1.3705904662394626,0,92.23312725988524,10.0,0,0
50,0,神奈川県,17.307478365317262,89.00015151442665,37.420370558004485,41.0044421413492,5.761894358199084,0,99.1726141793976,10.0,0,0
64,0,沖縄県,16.08251289844735,101.61751376917597,36.25975179267595,41.55921932345168,7.460993398519605,0,96.78344078466195,10.0,0,0
43,1,岐阜県,21.463996604325285,105.12135663355023,109.22161056852373,41.695665130573296,4.24768131639004,0,70.69128617985761,10.0,0,0
61,1,埼玉県,21.71733916405871,113.55614802515547,39.19593186833263,41.97504767549583,3.8641852825521634,0,115.79925180314687,10.0,0,0
40,0,神奈川県,24.59388909426076,93.16636335090834,44.575637723977124,51.835246558312605,19.291573523290154,0,74.39873070160253,10.0,0,0
49,0,神奈川県,19.468881092202775,110.49188799721827,58.10337987009395,42.49456077890232,13.634820367085574,0,100.64104807100101,7.409087894735116,0,1
48,0,神奈川県,25.3942579624398,140.19398219594444,74.49087011979266,45.687611733990565,17.53694514252242,0,110.34087798959678,10.0,0,0
65,0,滋賀県,23.526512899219295,105.68171877808206,116.33745607062646,41.635172721298616,16.682498166565534,0,83.00925107305343,10.0,0,0
69,0,神奈川県,25.45526649180512,138.42401837795182,137.67690599736363,41.50311374578985,6.113904108131475,0,84.62242022874064,10.0,0,0
58,1,神奈川県,20.821897839994662,117.59879450812085,169.22562960960727,66.16667759826139,29.003207445712274,0,79.9828140693657,10.0,0,0
44,0,福岡県,24.31982874730001,112.5656157684022,112.21412178049047,40.7986105292138,6.11230923260917,1,64.52605138238863,10.0,0,0
67,1,神奈川県,24.96046402441181,122.83261884576508,139.33475093184327,40.76556019575491,23.50431779405841,0,73.56334324896724,2.497726100477647,0,1
67,0,神奈川県,17.57479231466475,130.0147498204297,37.03248333919142,41.5533843156051,19.74974694108706,0,76.81858970469642,10.0,0,0
74,1,神奈川県,30.313331702374732,170.92481062869538,82.10771212034918,53.525177461098174,51.0974500816883,0,118.99878991375793,2.7741976580603476,1,0
49,0,神奈川県,22.384778481545602,135.58538049923115,187.15242067726126,41.74979311264802,30.646053823227586,0,73.72221232390731,10.0,0,0
53,0,神奈川県,24.397037666522372,165.90971107820383,67.40186272870305,56.98249042591568,25.078468674974598,0,99.44212780381629,10.0,0,0
57,1,東京都,20.312802273927556,103.10397518709246,201.67127697578857,40.867557067457554,30.006149466666503,0,112.59559460220694,10.0,0,0
65,1,神奈川県,23.54147938197044,139.83808831074532,87.41226491383416,41.90079893475987,9.355080370669418,0,89.94643614139267,10.0,0,0
60,0,千葉県,14.312918030413135,83.32402630345952,36.501458948392305,41.835332952488166,10.83365044017254,0,95.13886223875794,10.0,0,0
56,0,群馬県,29.402604806438223,144.13798427295885,79.302661364519,57.529574829331885,43.33761155019178,1,85.65172184768743,10.0,0,0
70,1,神奈川県,24.399401044583207,151.5223118669209,41.084442532811615,63.6008215957928,33.16128274046107,0,102.5573322992785,1.2044234242378618,1,0
49,1,神奈川県,29.75671417482581,135.74101497031126,389.63436572576444,41.895514455410414,41.73351862546034,0,119.66169421441727,3.110589649373191,1,0
54,1,福岡県,19.29066179598417,116.7635901076987,27.53709276813289,42.45598266709001,4.989094795849659,0,89.17867134063559,5.08719469284497,1,0
56,0,神奈川県,32.46074111509585,124.96098009829211,203.48150415000583,50.56551952371204,118.96461805232687,1,113.98470589609408,6.692552296850805,1,0
59,0,神奈川県,25.200283657394596,122.78040663170677,111.5244604211966,67.00919636078032,10.446458395675444,1,101.53208988870837,10.0,0,0
49,0,京都府,31.355853645855078,165.6690047159148,220.4443519865378,41.44538438467716,26.704704136873175,0,81.61745371424782,10.0,0,0
65,1,沖縄県,21.20532829892338,126.04880911586076,64.74058473362409,41.00808058336214,4.772050204551999,1,67.76988915112452,7.2833345585897895,0,1
70,0,福島県,21.468412803983586,133.81946616547654,106.91877244053026,43.25960056504178,18.998239661343646,1,82.34457060140222,7.283245668295931,0,1
40,0,東京都,26.630821576350712,88.04458814374141,33.17071120607754,41.45225831786906,7.011683922007408,1,70.00334153723303,10.0,0,0
72,1,神奈川県,22.021435352508202,136.22296497286172,123.45172889181207,56.983167122298,10.53050279223718,0,115.473898865631,0.15801309900625096,1,0
43,0,茨城県,19.860736144921578,116.15125639983603,45.11722227854863,40.86633512407797,10.746442062221918,0,77.46005421112787,10.0,0,0
52,0,東京都,19.963651413314224,117.32567077425195,25.143902866644115,41.694706363741986,3.0836167562784444,0,62.16978341598185,10.0,0,0
74,1,神奈川県,21.4783439153196,120.89450457312874,34.221496139144215,59.26616443389603,5.809894947365988,0,94.76496777577836,1.7866612037923943,0,1
40,0,東京都,14.315177023155124,83.32829810424762,9.053551014173078,67.9360641308606,1.692916198960034,0,69.30305653183058,10.0,0,0
74,0,千葉県,24.012029475724635,146.44027932608475,76.89092476109126,57.53621319443677,112.33378993700225,0,125.4692402310214,2.984654197177809,1,0
45,0,栃木県,23.9588475253722,96.14291279303451,56.56707907031316,41.27205802150066,10.842629836778798,1,82.75344079487608,10.0,0,0
52,0,神奈川県,23.94613258296289,132.5505604943064,42.939966137361736,62.62325246762852,7.87497742243442,1,88.88915771842314,10.0,0,0
58,0,神奈川県,21.7205991998699,138.93446449847008,103.85484363877686,42.330980016560716,16.981671993598894,0,110.53144192729505,6.790786816920248,1,0
45,1,千葉県,24.731432469677028,139.33532432604753,88.25509864816875,48.759634600116115,80.67539028184339,0,89.97644451999241,10.0,0,0
58,1,大分県,19.55912585660835,90.69422116034785,18.317711074390097,41.93839629475929,14.805894906215094,0,69.02528044545794,10.0,0,0
70,1,愛知県,23.99752263644484,117.00493007524719,206.5482502185698,47.71579854581284,17.615164212368214,1,97.72545899168075,10.0,0,0
74,0,兵庫県,26.04287312526424,137.7025432253303,137.97393192205578,41.48271588821519,18.36802446890691,0,100.42826240349501,4.673522509907752,1,0
70,0,鳥取県,16.575537818556928,107.69156553363648,47.43258020937342,41.63855205946309,2.6294617398794897,0,95.88494039371562,10.0,0,0
74,0,東京都,25.719145463565635,136.8002341464747,58.75493815407671,55.91701620044527,17.797652914073012,0,74.76473413258282,10.0,0,0
51,1,神奈川県,13.585234643181273,106.97256545121802,36.834306564195025,32.772846722951506,1.447546151520393,0,71.28910990512853,10.0,0,0
47,1,神奈川県,21.821484680232253,120.19302157150901,46.08318843689896,41.67269504048064,11.367630040628354,1,56.690668747859554,10.0,0,0
47,0,千葉県,25.584218928013815,106.40100940300594,38.23392389552656,49.48328985724419,14.942812911337798,0,52.01907859127346,10.0,0,0
64,1,千葉県,27.41286539871513,119.92288380373319,143.6810232642079,52.3268703256495,35.532474560626255,0,80.88952061079077,10.0,0,0
67,0,静岡県,24.437273275694682,131.6407689429331,139.8975040538038,55.21499322618859,13.991262334021114,0,95.376824023137,10.0,0,0
43,1,栃木県,21.84388297559203,133.934863520045,101.12771643718328,69.90157435782395,23.196139340584683,0,79.88200858030295,10.0,0,0
72,0,茨城県,19.43407044631872,142.05716517367813,52.78614109251736,51.76726303492394,11.019333453199133,0,102.24951111107012,10.0,0,0
53,0,神奈川県,19.538621042443673,97.52183161391899,35.44023564810952,41.0512315911633,4.1686082400165985,1,70.28908634403228,10.0,0,0
65,0,神奈川県,28.095636770219198,146.88358052526746,28.01462409507448,41.81520747981588,7.587752342149532,0,73.44553320016142,10.0,0,0
58,0,福岡県,26.279114510915043,96.15626230732505,120.78100791940733,36.626420767330224,24.540331111605575,0,97.74842076875997,10.0,0,0
46,0,埼玉県,20.53945796965551,127.34556300501607,118.51586869649535,43.22218900745692,15.186833155442354,0,93.40629172455998,10.0,0,0
41,0,東京都,23.864263441195213,122.5046785721316,70.20724026879006,41.31949829409011,8.387963730893919,0,96.72486899484998,10.0,0,0
55,0,福岡県,25.380914331338413,159.5976833467568,88.6795933911621,41.289722936186095,10.01662589797501,0,93.33048145406607,10.0,0,0
41,0,奈良県,20.405165229787137,138.23381203342097,33.14584049970012,49.24400644500556,5.716226428293397,0,87.05123675888609,10.0,0,0
54,0,福岡県,24.58445551220325,104.90207812555417,63.683841341950206,43.541094980081525,15.570533274847401,0,86.07292827498866,10.0,0,0
46,1,福岡県,32.82214865268902,114.80557195545192,43.11421551134043,41.585927214933655,23.812108318963297,0,82.74906654596903,10.0,0,0
51,0,神奈川県,29.548302107212102,148.9336812385709,78.1710179641713,50.79746879819198,11.637129321568583,0,107.16540023955767,10.0,0,0
52,0,東京都,25.198996576733265,122.82429938441423,59.69084466652281,41.28632200413883,7.166935081785125,0,105.09232466692649,0.46870441408519536,1,0
49,1,兵庫県,20.973276211763068,103.27999437911792,26.772430370809428,41.36372945981619,13.603300215459534,0,96.47329427073441,10.0,0,0
68,0,大阪府,15.305658466999734,117.00194587584386,102.12172775535139,55.30126290889153,15.56089241908125,0,104.31249642811282,10.0,0,0
64,1,東京都,20.353790093947172,117.35739203370329,28.67660987424737,60.15319030742745,10.352380875522737,0,87.91232899830528,8.93275204537568,0,1
73,1,神奈川県,21.30978926018519,123.08378463243479,108.8441684394216,57.512822977122,8.501393092857231,0,81.0714002289948,10.0,0,0
66,0,神奈川県,25.95523814768345,135.68939168402218,251.780733690344,41.76531492952058,47.557105987963695,0,116.60669927092665,4.864499493820843,0,1
42,1,愛知県,24.372219721778837,106.31132296925823,15.245230854532418,49.83150134370653,4.371307545522745,0,70.77599922899508,10.0,0,0
49,0,群馬県,20.809970603382265,106.054456992737,123.78373680061836,41.32177700954172,13.143427926231997,0,112.21986942303037,8.337030129465452,0,1
53,1,新潟県,14.303614187409828,101.78150984507106,13.632427512992331,57.146096636938886,6.692302373020229,0,110.4562182371789,10.0,0,0
53,1,大阪府,25.557317016923108,101.74821466431247,18.049944908823452,68.24822238882538,7.261136247801261,0,80.62699789983112,10.0,0,0
73,0,神奈川県,23.20428124924011,122.49658025142467,99.81622661009605,43.25934194262659,5.077155809539542,0,90.7200859002839,2.5923255064846713,1,0
43,1,神奈川県,26.268765895394285,165.08977356811235,92.77594399506962,60.93593266366199,6.7258575342488145,0,123.80734414510349,0.8294677949404677,1,0
56,1,茨城県,28.03746656017616,129.91606334513278,103.84091267725712,53.712328796247206,16.07927862573639,1,120.85994810416628,3.6248792363938116,1,0
54,1,奈良県,22.238665272526635,140.40676731745307,85.49137200756626,48.202898060532306,5.978127409613036,0,98.63618901464059,10.0,0,0
45,0,神奈川県,23.12108586163963,133.64754600199177,34.98119596177205,47.11577375376112,8.388342313757192,0,107.15568855103615,10.0,0,0
46,0,神奈川県,25.029324507042745,112.72618294060969,33.31567001483951,57.25330969249771,9.357358577177152,0,84.24700959689538,10.0,0,0
56,1,埼玉県,17.002427825813136,88.36125373635856,90.77640192510356,41.692492887118526,11.59311628828374,0,95.42298330407414,10.0,0,0
56,1,東京都,22.674286974261353,133.09814151865024,69.25529050949437,66.80057058164682,31.8778421633988,0,118.78436464339164,10.0,0,0
45,1,神奈川県,24.36366019659752,110.55858756339605,182.32862860490843,53.56407740561695,36.724845973167845,1,91.14303421249035,10.0,0,0
66,1,東京都,26.872491802172952,132.0912773038113,105.66739433402974,40.929879772525915,15.973901898549334,0,96.57367832348243,10.0,0,0
71,0,岐阜県,14.449964989844831,115.32562377234889,77.9414790023814,52.65547362369362,10.433784979124807,0,97.28732102852757,10.0,0,0
63,0,神奈川県,32.319266291002094,124.55020964522595,141.58585024454618,41.86279587445274,50.5601863921506,0,106.81467019101196,10.0,0,0
69,0,神奈川県,27.690122766220405,136.8811619662824,66.71790739240181,41.81595490941213,42.99812918888178,1,98.03939481767009,10.0,0,0
45,0,長野県,25.964996010328687,113.29964009912766,117.30305968641689,45.65963706990963,14.565053576858743,0,82.47284275556265,10.0,0,0
72,0,奈良県,21.552898869578307,92.46937382586519,95.38601063431163,54.38819044578471,10.196349343487219,1,79.17203619656271,10.0,0,0
66,0,神奈川県,24.574190523577297,138.45500793367918,166.3478907288111,76.34842185406926,22.95873866862763,1,115.46732963775852,2.3214695751251893,1,0
43,1,福島県,22.078707079598324,136.35856876136427,99.20670871670775,42.16304818824738,4.280926481661847,1,64.54532082797786,10.0,0,0
61,1,東京都,23.60706499571858,107.70888710858043,39.572451023348044,41.19063377615693,9.221100897259848,0,88.94308834772066,10.0,0,0
72,1,埼玉県,26.01052038348998,157.53672897752537,95.93076792123122,57.59375957380983,24.83141759191161,0,119.51481242695387,9.930267238142987,1,0
52,0,群馬県,28.393634402319805,132.0057852515535,95.3822812536004,51.76843166948344,39.3728070030044,0,98.904415593711,10.0,0,0
55,0,沖縄県,15.829897402144134,115.69527004403258,30.877912336316175,55.906392970941695,7.005797751979329,1,99.95810621934886,10.0,0,0
62,1,滋賀県,26.16004198711313,121.06828786251457,91.930729256206,47.72971694229445,25.65862457281986,0,92.65707085146668,10.0,0,0
54,0,福岡県,24.853968995212078,172.0287490829593,62.900811664226666,41.588564247526314,24.219224800483232,0,110.42603939894748,10.0,0,0
49,0,山口県,20.307886452006485,94.29215164648838,51.208722250528815,41.36956761060923,5.840846904756026,0,103.020781413864,10.0,0,0
67,0,岐阜県,22.150362782906008,147.19016330856041,50.12996109011317,57.66650768679586,10.514580645237034,0,78.27042798136205,9.206523282142275,0,1
73,1,鹿児島県,19.162710783513837,136.60736930428527,139.24708789162435,57.52535948829536,11.15566682663543,1,106.17688986484303,10.0,0,0
67,0,新潟県,22.31936833413539,108.93047421682694,101.0750697267156,40.51448137834787,5.156702069154329,0,79.25543525832909,10.0,0,0
73,0,神奈川県,24.562943083666923,136.81673017737552,124.94898003878403,54.62334953521527,26.97040648818292,0,91.42793910719149,10.0,0,0
54,0,神奈川県,27.66572923213639,133.802688579134,148.21922308678123,41.926937091598035,39.72888367033103,0,74.58466986103173,10.0,0,0
63,1,東京都,21.221720052391525,124.82827854937014,65.16151578402909,47.04864031216805,8.888312504754968,1,86.35692271840747,10.0,0,0
61,0,愛媛県,18.21244345734046,127.68920787699258,24.49405461784421,53.91108122374917,13.38692292236903,0,104.52246799470211,10.0,0,0
54,0,愛知県,17.64249518505004,112.29623695388567,74.3942578086655,67.40826415264043,25.128886057725666,0,113.59364707979472,10.0,0,0
64,0,神奈川県,21.63194962729267,92.18874996628873,80.36255088360953,41.55356155816621,29.16804826705899,0,89.12675754358091,10.0,0,0
63,1,東京都,25.727952148843382,132.98274927936018,195.80218096902337,41.25035217355142,18.02321404038446,0,85.61959538635585,0.8497863246485156,1,0
70,0,青森県,24.39708204181493,156.60544398317373,104.22427813016179,41.48680690514134,18.24405237322768,1,118.8269712563575,10.0,0,0
74,1,神奈川県,17.315081256018484,139.98538066589074,53.792314311062725,41.09153617776227,7.363484273730755,0,106.92662701634,4.152260213235916,0,1
53,0,神奈川県,21.632053869946542,144.32109590895078,54.859824843671014,39.654475903856294,7.01240624547059,1,103.93028521430091,1.7169960613849582,0,1
50,0,長崎県,22.42698158842741,108.71978082683006,40.18545054268581,42.07207649158163,3.0915808066386847,1,100.0963081821161,10.0,0,0
65,0,群馬県,21.586136594429693,89.34866414457065,16.36626647924948,60.52842161426049,15.065186935535403,1,89.95650990483378,10.0,0,0
46,1,千葉県,22.7030751125808,130.26151768321523,64.17081717403168,41.97663544968163,10.928248167015905,1,88.38343391953674,10.0,0,0
68,1,神奈川県,22.337468414172875,135.62383428038706,188.9953431152321,43.39970805728597,14.740364045104974,0,96.69659204540402,0.3864980483886042,1,0
70,0,神奈川県,23.069087047211212,142.91905935439092,27.985920526727803,54.10732957411568,7.563768431816348,0,106.03750628645018,10.0,0,0
51,0,栃木県,17.821642649123596,119.01470485973447,87.4215804718392,41.44335097831253,13.584254241214488,0,94.54693220951371,2.5397896779616325,1,0
72,1,静岡県,20.311903979677016,115.2621073919692,79.57810397694338,40.948796163278516,10.820463099342929,0,73.88233339221824,5.344559929330912,0,1
56,0,愛知県,22.47808674285535,124.55742271470366,41.82075581741701,41.07027665472959,5.868477045223493,0,70.55738495526344,10.0,0,0
66,1,神奈川県,34.18830364021692,166.01330084283478,294.8893966901344,42.5007604153025,49.115752979590475,0,107.75654937436097,9.637043100191185,0,1
55,0,奈良県,21.273208326957903,108.03204506883456,75.64707872680465,41.486100879744036,14.022289071012118,1,105.24972238417634,10.0,0,0
72,1,神奈川県,20.78790170627104,119.07900301425703,69.50311183204671,42.177714054654736,17.442971027608028,0,80.89225232436272,10.0,0,0
72,1,大阪府,27.050036925142898,144.6891503550777,106.20271688065411,40.564014215646175,11.291279925148322,0,93.70317282041921,10.0,0,0
57,0,福井県,22.99213225403933,136.50003963342849,710.937574666843,66.77575379309201,161.03008944249095,0,117.75729240845554,0.4709018927149659,1,0
50,0,神奈川県,25.50454644211661,133.7415072265411,56.853187661317335,41.46855502280629,7.9410806069694475,0,93.06880655251977,10.0,0,0
69,1,神奈川県,19.69030378712131,122.52392713583085,71.75311412811729,61.15897283462347,3.838720079291591,0,107.16499330727702,10.0,0,0
43,0,東京都,28.341603600747682,117.73406276143746,84.16156001607855,54.17919636212488,7.679974324563889,0,97.0036729039554,10.0,0,0
56,0,埼玉県,13.967246189017239,136.2892385036726,52.43871198198585,41.18726615049689,2.2441939574658556,0,100.89096636871788,10.0,0,0
55,1,大阪府,24.20875658181629,111.12311766555345,182.0217458467988,56.02434555346266,134.06621710208222,0,106.82297728945926,10.0,0,0
54,1,群馬県,23.82699942887585,96.67574755687676,69.88791274021318,41.100153684785084,24.59799083266798,0,86.80076635930997,10.0,0,0
71,1,愛知県,23.61818959821294,167.88114317430617,110.14384026735623,54.06875734251799,42.50386867446464,1,91.27689825720492,10.0,0,0
53,0,神奈川県,23.814783180067344,89.02913092697301,99.38962049051698,39.65199790535578,14.734248363246683,0,107.16069630776136,10.0,0,0
45,0,兵庫県,21.862533959788948,142.03855512947246,105.04295956064753,42.09720452037817,11.59074332356074,0,97.82001916803496,10.0,0,0
50,1,兵庫県,17.996433417276837,114.95589380028542,65.59911659614588,60.923334551888956,15.98039556791847,0,104.52206372430985,10.0,0,0
53,0,鹿児島県,19.611355844094838,144.6542828777244,111.38085159413997,55.210815543036944,6.604216693608374,1,119.4126248529544,10.0,0,0
40,0,埼玉県,15.293538626788395,83.6709467101956,38.948211062486024,41.77158023624062,9.176978920285798,0,86.99292043743407,10.0,0,0
64,0,神奈川県,21.470341409228432,103.69004092801798,102.06783830728102,42.36278936123471,44.76142185862251,0,115.9283077657128,10.0,0,0
70,0,東京都,26.846368132468076,108.11709175976682,73.10362568025994,41.30711508652827,16.208813388661248,1,85.78755550867679,10.0,0,0
64,0,愛知県,23.92054422394062,124.76389946289005,187.62444129404687,50.178783424020494,19.043457074355832,0,83.23756885846541,10.0,0,0
61,1,神奈川県,18.097303375275683,115.60668322452848,58.3059282650103,52.758691995619465,8.010530939973668,1,67.9137186258236,10.0,0,0
61,1,愛知県,28.90665512314724,128.598062806581,228.29106620538772,42.00307516503823,31.690946451690614,0,118.96056186738564,6.026714792334337,1,0
54,0,神奈川県,26.75814093078178,121.39470383830053,142.99740029750208,51.39936332420108,26.062483066674588,0,125.44107166185931,10.0,0,0
45,1,千葉県,26.24951395449596,133.03909474906044,124.08892719438927,55.914765043488934,12.496085540946572,1,92.05980315676206,10.0,0,0
56,1,福岡県,24.376969619144766,104.73934668560126,109.06743028649653,55.87255842122872,38.876919235222466,0,79.40386217629602,10.0,0,0
72,0,山口県,23.838068153073205,125.12381744192497,54.53497905395978,42.69840430371574,39.57981988490634,0,113.58184777062087,2.049866710946706,0,1
67,0,神奈川県,25.65741468559788,101.75054798145977,104.06707525003343,41.597953434391115,12.125837077380417,0,78.60278774698294,10.0,0,0
71,1,神奈川県,26.264678076662516,144.33418845804417,132.1800025789243,39.871160407358026,26.968783740135578,0,125.74574809037729,10.0,0,0
41,0,栃木県,25.04813428157511,120.29869115491644,139.14180675758575,57.254204905391724,16.918762070487297,0,93.35676427102739,10.0,0,0
55,0,神奈川県,25.900389948758107,97.52554530261855,162.00947467597095,40.03319385287705,17.456377211919225,0,94.56157823940569,10.0,0,0
59,0,千葉県,31.462746973288663,147.37698076255282,62.86729167552501,41.71995759896336,24.398776109737913,0,96.27012067264866,10.0,0,0
72,0,神奈川県,23.607973422744905,129.88426666211902,36.65492027379119,41.08822981495002,5.931936101762893,0,79.13019389310065,1.7398237086056103,0,1
64,0,愛知県,17.910015370822453,98.00086897677559,11.717886864776991,62.2306021625722,5.349935828097573,0,91.43718464942387,10.0,0,0
49,1,栃木県,21.117881278358116,115.10455348608731,113.6873009165782,47.28645886323296,11.815495725615385,0,70.72402784687604,6.876387950957254,0,1
58,0,神奈川県,19.582250292215495,136.0075741392195,129.07931000642594,60.0437104402353,8.830913677017096,0,104.1772019922415,10.0,0,0
59,1,静岡県,15.306384614390874,108.8251595303411,49.78521387377347,42.35509828348286,36.93841704197546,0,83.85842749123924,7.3536418094403775,0,1
71,0,神奈川県,22.484749219852535,129.1241495811834,139.9852821870905,41.69353732467867,56.643420585448226,0,121.51653844518503,0.941538721049412,1,0
57,1,香川県,19.83309950087788,89.02848633485956,120.17995253278568,41.52954974763842,13.132548437488447,0,90.01657763045652,10.0,0,0
45,1,山口県,26.503723356052703,138.93512211255802,104.90923739692987,46.15997794882243,10.74172996676804,1,110.66310001036844,10.0,0,0
55,0,東京都,16.539267968071673,137.06132164981335,95.69333883927145,43.17894289668191,8.833632643818472,0,68.07219877195689,10.0,0,0
69,0,神奈川県,24.927951744865478,140.80218607805963,87.93405819332713,40.017267713682536,9.222503553928155,0,97.67604687187097,10.0,0,0
53,0,神奈川県,22.219143484657145,112.30977039529155,74.34788426416202,37.047590161906534,2.876707579809391,0,73.4189037784484,10.0,0,0
53,1,岡山県,17.474022966662496,98.3037319080992,51.149295879576606,41.05626762195011,5.254546638332213,0,105.90297514920765,10.0,0,0
54,1,神奈川県,24.430570150988583,151.28483776489236,212.85524433670813,42.17379227547823,11.196322261407797,0,119.95038604771615,10.0,0,0
57,0,東京都,29.085821173444764,149.90812006722214,248.10814611737757,50.1138220572673,131.2684722575355,0,88.13972348419937,9.575382611280443,1,0
52,1,栃木県,27.237738541180168,137.53649963131497,137.08488354527978,41.694065474307905,9.56059904210676,0,105.96296746011214,10.0,0,0
60,0,神奈川県,20.95676376749369,139.1965376067308,298.4908175852539,40.54189014769311,35.32788361178071,0,121.92080673728894,8.368022268140624,1,0
50,0,群馬県,24.776138767205268,112.89118367625774,65.11362299345907,39.73576406724576,7.178051093035841,0,63.315670631885936,10.0,0,0
49,1,神奈川県,20.289719789367116,116.88326577335295,49.874614171722136,41.17210245594537,16.93916296891146,1,81.30470907808814,10.0,0,0
46,0,東京都,18.573442448846553,104.3584476734893,53.41533974148319,56.87551537395255,3.999444317372753,0,77.66445206743006,10.0,0,0
45,0,栃木県,20.593217029353706,112.38825462980941,41.411517927871074,42.09047204453273,6.887450826402579,0,74.01855136324636,10.0,0,0
47,0,福岡県,21.534571470097653,133.10873329256745,31.059386089962647,41.99481851836235,20.859375576684847,0,95.38313858647228,7.291984129711657,0,1
67,0,神奈川県,18.733390413463887,87.19364020747011,12.344184789058268,41.87444649823326,3.139771479746168,0,70.83647947129788,10.0,0,0
48,1,愛知県,24.277732761448267,108.04706374850929,68.74448563678052,58.11833964089683,12.379964540167974,0,98.93073249799092,10.0,0,0
61,0,愛知県,18.194796201387607,104.59874531112379,213.80999064890395,60.583935027015166,7.8521894221724,1,92.24381629088505,10.0,0,0
52,1,岡山県,26.317557723292776,110.38525885319879,58.290234644826846,43.30782472405494,27.051573472805174,1,70.0734053576103,10.0,0,0
44,1,神奈川県,24.543116498061575,106.02977308137083,42.13438073169414,39.07647078194694,1.936781778720157,0,70.59319054947194,10.0,0,0
46,1,福岡県,23.413014690263072,107.0896795427138,22.0301797100117,42.481902245531764,2.0827186061092156,0,59.134588048876346,10.0,0,0
53,1,群馬県,23.84286916525039,149.53382887958065,272.90524243194307,41.10755615693626,20.38828967326877,0,107.19105947264944,10.0,0,0
50,0,神奈川県,23.31349483124264,96.48943329891542,222.50933309704305,41.1263609087011,44.55469361851316,1,82.74951486766723,10.0,0,0
52,1,神奈川県,15.885725737802366,115.43848673568971,73.16717371999994,44.92237570742211,20.073981187738774,0,90.61559476500722,10.0,0,0
65,0,山形県,22.837198780892816,130.71014197549886,88.43676761620499,41.64224760360804,6.667989861787714,0,78.47691554971546,10.0,0,0
42,1,神奈川県,22.11933053667609,108.30066118875133,46.12796913706106,55.618046689282444,6.017853952458017,0,109.0567146736547,10.0,0,0
69,0,東京都,22.09740767569366,111.57939596582423,148.48171344173923,40.31347317261223,13.821750061054342,0,91.37326848630622,10.0,0,0
52,1,神奈川県,26.683075781216505,126.47193073374673,156.15594458514715,41.46349475472239,5.755340605473047,0,84.23471225266218,7.6723061030448605,1,0
70,1,神奈川県,25.02047335308227,135.58844862249725,71.1031405456712,48.366496368561485,43.74100702931981,0,87.5389129638487,10.0,0,0
57,1,岡山県,23.3075129973219,122.63037604970594,24.394748442009867,42.51009520401306,9.853920699979605,0,101.46560458815914,10.0,0,0
47,0,神奈川県,17.294809022018235,117.4204909254792,104.94478487242665,50.9490963329663,8.824441602864885,0,113.29926422241736,10.0,0,0
50,0,神奈川県,25.902204062586073,153.98775319787293,108.63725601437869,70.6007221100232,13.45636621323821,0,110.78503556377255,10.0,0,0
43,1,滋賀県,15.555816573762616,93.38352638150316,110.2808464507073,41.78970562555994,8.586333728314058,0,77.0096707906126,10.0,0,0
63,1,愛媛県,22.39444970227154,138.47787397772217,197.96258122193282,41.81844285257049,37.693138899723394,0,91.40079591981237,10.0,0,0
56,0,静岡県,15.801878612571553,109.91443924557605,80.38262526759941,55.48794224978509,2.868715029213831,0,77.41617176961243,8.370362971032815,0,1
54,1,神奈川県,26.510305637454728,157.542569957088,102.87223194216786,41.46490729361191,27.831128878231574,1,100.66256299660525,10.0,0,0
51,0,千葉県,27.03790729179258,158.90971301412245,253.29250986418108,60.528607900665705,79.0759609763196,0,86.69275225072641,5.822955808791835,1,0
63,1,新潟県,23.60936521661451,100.79905201059194,38.31802531975731,60.65072565801142,16.909637859002427,1,93.06979652751035,10.0,0,0
70,1,静岡県,27.631531909583455,147.14125170690792,178.89564709071627,40.753865219963124,31.31520065112451,1,107.22412727946725,10.0,0,0
57,1,千葉県,24.56448558104765,136.3477679062107,54.51779801047388,46.31909245454673,22.834907325750034,0,106.76256433560745,10.0,0,0
74,0,愛知県,23.44816536963576,127.35051105192595,112.53291391864298,41.7753677335724,49.15656495524929,0,120.78819032812403,5.286735610325515,1,0
50,1,千葉県,24.63514357830775,118.5125701824336,125.16640478170117,56.98715570886802,23.37544919778773,1,81.65892771854939,10.0,0,0
45,1,神奈川県,25.50537491878071,98.0687123592212,49.47827250572421,43.81245178297479,17.8697053177178,0,87.21688509742748,10.0,0,0
60,0,神奈川県,29.43854115312543,116.6176713873838,277.1067198258268,44.38370747414587,24.651044432663944,1,124.14111269188405,9.58090340569886,1,0
53,0,大分県,20.240763719430873,106.54344686238174,51.15043196800689,53.07576834539152,1.9582144073239158,0,84.8198703243929,10.0,0,0
45,0,滋賀県,14.838381289506756,109.90031889555253,69.19159186510689,42.52002211972702,7.363701966844865,1,110.66213308703114,10.0,0,0
58,1,千葉県,18.067516764251348,120.95633464638082,58.16143818021397,40.84941375439408,5.79080652063919,0,96.86909914158875,10.0,0,0
47,0,大阪府,21.918312130845404,110.64499683605882,75.34054454374579,64.23336180840641,33.727782250682175,0,87.5242207433664,10.0,0,0
72,1,神奈川県,26.44132680644456,137.41428311672925,56.816016306059225,41.402829860651266,7.6522886199017055,0,118.594709487116,10.0,0,0
72,0,神奈川県,23.30187748405474,138.0060536896162,117.36989040423539,41.921182111311,15.560371649735357,0,104.88001701919626,10.0,0,0
69,1,滋賀県,24.96928789501582,129.18477755401906,125.99331230717283,53.32400502397057,9.79542662128565,0,100.14507030711903,10.0,0,0
46,0,神奈川県,25.03789081660779,147.4253669800796,79.49123161652547,52.21437534402863,30.40069039108012,0,95.9207983352112,10.0,0,0
74,1,神奈川県,22.140565594760808,165.76083156969398,34.09636818923142,69.61547167478493,3.880417673664031,0,85.84193987762045,10.0,0,0
72,1,茨城県,16.94117583333233,114.9583602308651,28.699020927118365,40.51200537625183,11.779450539532304,0,79.38951844862903,10.0,0,0
73,1,千葉県,21.06184229873272,145.8449031662053,39.902271478863625,41.77435646710431,3.0411497749453913,0,105.33305570944201,10.0,0,0
73,0,長崎県,19.363491387645453,120.97235143140495,35.863443026254295,60.67364420624307,8.06667042589614,0,115.8424580257839,8.800709181067663,1,0
71,1,東京都,23.600747624077083,132.49437043037508,164.69628330463175,48.91403040422025,17.768237204215268,1,98.97944102291703,10.0,0,0
71,0,神奈川県,25.68196184903228,135.4817610301446,83.6774436147245,42.15331055254171,8.144067395296736,1,118.16862158118941,10.0,0,0
45,1,沖縄県,19.633907644594945,137.0111921907635,36.65637890523023,42.71637604839114,6.1153512344614915,0,98.84645408592476,10.0,0,0
49,1,群馬県,31.296470756113205,138.30106267199568,82.28565197123915,54.16205929374387,80.71463974408658,0,106.66152541515497,0.6139366649805831,1,0
70,0,群馬県,27.73130873248408,143.515347958888,124.91784808206232,56.119682068645275,16.36658621612338,0,86.80073981110745,10.0,0,0
50,1,神奈川県,18.043694957322195,94.83558131134642,72.84735157847216,48.65287379378224,2.5328859125246024,0,80.0459567030778,7.155919647070242,0,1
42,1,神奈川県,15.825294758024969,105.9188442511711,107.52703389623889,41.633606970917775,10.821391643088171,1,80.10451841307716,10.0,0,0
