age,sex,prefecture,BMI,SBP,TG,HDL,ALT,smoking,FPG,time,onset,death
64,1,群馬県,30.872825320415515,138.6052676041243,237.79793729270173,41.10791048445237,12.683654240547188,0,85.2635112654811,10.0,0,0
70,1,東京都,26.670643166555077,131.61495248816001,74.24153329062942,62.103045566709454,30.98527898122705,0,98.85040869282791,10.0,0,0
68,1,三重県,25.48746069917778,147.23737538373115,104.76108244165367,42.65332129649659,23.050013297470592,0,78.97403638425644,10.0,0,0
59,0,愛知県,22.231506849542026,156.50069685092075,25.75408119307519,46.64052564792442,5.809370349071895,1,92.13157320646475,8.404486977731663,0,1
70,0,東京都,14.895917360890497,94.19199260087662,24.114647236001684,41.11194950684574,6.571922324473567,0,84.60499039106716,10.0,0,0
54,0,鹿児島県,21.413322496582126,110.0137421013639,127.1114213627887,40.49950782915447,9.377407713753142,1,67.41103652588585,10.0,0,0
49,1,島根県,24.958907335163182,109.84757876950869,75.60630520565465,59.57953630679935,39.168749437995196,1,88.59091766112108,3.0319328315048035,0,1
51,0,山口県,19.0046580543334,106.06394341202682,47.77317274608337,64.48024072627062,12.856234211397402,1,108.92367076307944,10.0,0,0
69,0,北海道,17.123756713538402,113.39210634899095,71.18730133681552,57.411383052210915,6.759972799283435,0,76.3393533124304,10.0,0,0
60,1,東京都,21.41522343804292,126.2642993469358,191.35203415101145,41.37893431898131,42.53709179242511,0,100.77281907539111,10.0,0,0
51,1,東京都,19.10794285874279,134.08226163886562,45.13672689136774,45.873012265355975,4.036725415458699,1,102.98349210312138,10.0,0,0
42,0,青森県,23.076099750859346,106.49802702803304,12.279942912254976,40.32459840903779,11.989637427985945,0,67.53574599184228,10.0,0,0
43,0,兵庫県,25.690956524168342,115.76387550744671,206.66720417038204,41.911859911698826,17.652815922627273,0,100.8252569497295,10.0,0,0
64,1,東京都,19.902159642416812,122.79503723331983,120.13176268100743,41.376814261916934,1.9071793072901961,0,95.33629590402317,10.0,0,0
43,0,東京都,24.671202615169545,131.16241609003237,59.32348029546793,57.49351700857468,7.61638895833664,1,81.6547470608988,10.0,0,0
44,0,兵庫県,30.271497000302062,126.69826560440843,75.2047484289036,42.54439924592515,6.326217768844395,1,74.15355382136612,10.0,0,0
45,1,東京都,20.591942532647835,117.14906266989009,63.35196625855042,42.327082482407015,11.38308330040048,0,86.71101741532398,10.0,0,0
54,1,東京都,15.69802237019039,113.40992031964062,32.12994935619588,48.721831977250126,3.390298155802853,0,105.73015970323887,10.0,0,0
52,1,東京都,23.505155421749826,117.97939043765615,82.47547062671683,47.69399777464513,10.399786637219325,0,98.16304236499771,10.0,0,0
51,0,東京都,26.59948250187945,114.49092663399232,145.4488573039718,40.864821907133255,19.14588136074418,0,95.90695189153526,10.0,0,0
60,0,東京都,18.27114880647273,99.77586530852665,112.81395565646555,41.62423400451366,3.986744504796363,0,82.72972118861286,10.0,0,0
54,1,埼玉県,26.813321627118995,136.15492284113714,64.09604342687857,68.26118519329947,33.803075783038274,0,91.1656344278936,10.0,0,0
64,1,埼玉県,16.75684074045653,102.01727330949076,37.73260925449635,42.442835263090615,7.800966287425684,0,109.19373459529696,10.0,0,0
56,0,東京都,21.80802914243363,109.46304726538955,172.6226238584271,40.39330611350399,14.77592410766106,0,110.55662574331858,8.400011692047974,0,1
51,0,東京都,24.247307929383346,115.38111385362774,88.88915514687048,69.14013952673783,8.96310106266397,0,102.77972139631149,10.0,0,0
44,0,福岡県,21.4379238700299,134.19098353782496,68.21162893263602,54.47363620428513,17.24662163860903,0,108.66045894428929,10.0,0,0
53,0,東京都,16.010559583385955,124.58822314156099,94.86845003833359,50.139527236849645,9.27144524151379,1,82.39226236425468,10.0,0,0
74,1,富山県,26.687600720246518,135.18607817465508,89.7183600547439,40.84578061982024,9.37670066852573,1,91.09826284523659,10.0,0,0
45,0,東京都,15.432063371651168,95.0466845751803,32.8990298719423,56.73707505511575,1.114012385656422,0,91.76440345248804,10.0,0,0
60,0,東京都,27.374986069010674,138.61913024344733,80.03498653838824,42.0416802334576,6.8577662751577755,0,91.13155114818854,5.006245540290014,1,0
59,0,東京都,24.382328401648266,146.55624453567046,102.07230787696636,41.14374379099611,2.2862206065148727,0,81.73928368387841,0.5809795549013874,0,1
68,0,東京都,20.69286426116454,146.45823471158414,130.8790767540055,41.32500638290641,13.766156298292971,0,87.46682521160817,10.0,0,0
48,1,沖縄県,20.85729719893709,126.00672730887703,174.3223621076369,41.674041109742724,1.9097492757875076,0,98.07911475813721,10.0,0,0
73,0,千葉県,28.075096362936694,119.33535157290464,160.68348834830584,55.02047487900846,10.637209704477392,0,117.71786302395084,10.0,0,0
46,1,神奈川県,18.306363036917674,93.6602744723017,74.74992809530305,41.013899918005094,1.6042670355762474,1,65.12296738425668,10.0,0,0
44,0,東京都,26.356572885079437,119.6226214385109,101.1877170953364,42.82765994269267,12.885554918436863,0,84.77024561987886,10.0,0,0
73,1,東京都,16.656561465258513,131.28619995603464,60.24488231959114,45.069441932488324,15.096940026319427,1,63.658531755015424,10.0,0,0
59,1,東京都,23.588046840251593,125.33587351694791,75.18762882880537,40.87118524031759,33.17220289028809,1,83.34413410944913,10.0,0,0
55,1,東京都,20.695070167944287,136.42333984323957,69.29606971454108,55.51945928909286,16.314253134519912,0,122.3273656045998,10.0,0,0
69,0,三重県,19.308441201425047,146.13016873979254,100.13499395699549,42.486615347676526,12.210715544938498,0,70.21421957819662,10.0,0,0
51,1,岡山県,16.45571548557165,139.16608060650034,32.05965748489105,55.24325531881777,10.328343762540849,0,104.3032370930294,10.0,0,0
72,0,東京都,20.001946471408925,125.21670588358099,97.48121230216972,49.2913927726755,6.961054965301434,0,96.81688136261198,10.0,0,0
73,1,東京都,24.445174263062682,136.16487839951392,71.8767635942096,40.7820818265744,2.817787021007526,0,111.76738955095472,10.0,0,0
61,0,山口県,25.16763270642921,130.00382583817077,77.4000572324975,56.519986958336254,21.4424321394136,0,123.09865185199176,10.0,0,0
67,0,青森県,21.496649728995685,135.15234831833465,37.09758114545535,59.799579287583946,14.376794898780142,0,99.70351864299161,10.0,0,0
45,1,大阪府,23.48188983531717,156.563153678224,36.91918365655855,49.28153555392609,2.9093896310398804,0,110.20372694241524,10.0,0,0
67,1,東京都,16.79651124851603,132.42574230410628,28.448989005224735,42.75810132018652,20.6976261263163,0,76.05156583063037,10.0,0,0
49,1,東京都,23.136496232799445,127.22852198015023,272.47747912477433,63.998850705760844,6.7353533623291035,0,121.92471132642414,0.39917538272625686,1,0
73,0,東京都,22.6974539141716,164.49083530300754,97.18028353870082,41.48319305937631,27.626179091410417,0,89.9806210553745,10.0,0,0
57,1,山口県,24.190407532732355,118.92986010713665,213.36670213498718,42.11016319241755,19.572473736116006,1,94.76020597520903,8.248778717219286,0,1
68,0,鹿児島県,19.101814790149948,110.39066773460213,43.87941343219207,56.737841794085845,10.690235270581478,0,77.81317978422807,10.0,0,0
49,0,東京都,27.484480142382782,104.37049649722239,204.4076545926872,48.454166304082065,12.25932309102203,1,91.39249564580182,10.0,0,0
63,1,奈良県,17.80741968857884,109.49249762855477,29.36255152077926,55.95126700896909,21.821262342830998,0,93.67551746309564,10.0,0,0
71,0,神奈川県,27.449080846355393,148.52213876437884,98.00091153835407,41.638041247864734,3.0621046065610704,0,108.6274874798673,10.0,0,0
45,1,群馬県,20.634091759929873,119.46327003956692,94.9499408126709,41.7754952226946,11.19064416132812,1,81.13168855115329,10.0,0,0
43,0,福岡県,19.215823665746253,132.8698284432566,84.91807140075166,57.850248504959154,28.1981065830271,0,92.28010720603305,10.0,0,0
66,1,東京都,20.537483495640224,142.37568557613884,25.01809588425741,48.93719079104315,5.337564806064248,0,73.32817714457725,10.0,0,0
52,0,大阪府,14.819691725400993,101.37250428252855,36.81548656712522,58.05522383460635,2.9049809719606485,1,97.78064583570458,10.0,0,0
42,0,東京都,24.10567635770583,103.84115656047969,164.95393450943047,51.97531431832477,15.824698246703077,0,96.82082305930254,10.0,0,0
65,0,広島県,22.752148966003123,128.14279628402386,134.88471670506158,62.88471378410065,23.1813815124033,0,102.88424695784913,10.0,0,0
41,1,愛知県,31.672980482128875,145.87402755806067,130.62279590980907,60.90651284332527,22.403614964070925,0,94.48616875234407,10.0,0,0
70,0,神奈川県,18.519488220591843,119.50088936836275,24.96564046703244,51.38816041808365,8.290376064953657,1,112.02465090497928,2.0514024227542382,0,1
69,0,山口県,23.22958481845963,129.63579636249813,310.7873521754345,41.56654476337973,74.03206611203132,0,109.03606370235461,5.463473306861762,1,0
54,1,大分県,24.20482395181755,154.25281236720411,169.96689854139353,41.11663409208034,62.005078895885056,0,89.91815058242484,10.0,0,0
49,1,栃木県,21.47539312805929,99.68812576714619,41.391666700132106,57.55527301691265,6.492696846642772,0,83.83986784452418,10.0,0,0
42,0,東京都,30.435183479277924,137.83273903369835,76.70755588083837,41.85879447075903,59.42000463529867,0,72.50541225309443,10.0,0,0
71,0,東京都,19.623345545995846,119.49178730308205,52.03849334400189,40.892235308174286,6.555742683813876,0,84.41482493630872,9.666858753584302,0,1
74,0,兵庫県,23.351011796213754,152.29767643429813,76.8450791994134,60.97133806888907,20.86475151501495,0,105.26591051349182,9.896727235959018,0,1
69,1,東京都,19.155841198226117,102.7627384230838,50.76780135150822,41.490520577994864,3.303089373633524,0,85.71225599723641,9.914433619972142,0,1
61,0,滋賀県,17.280165179020532,120.25343153266883,43.247670490938745,65.76294795463191,4.116485020056545,0,77.00187030246741,10.0,0,0
55,1,京都府,32.76826546902601,149.0989000817577,579.2807207192067,41.133079766964094,22.0870323590627,0,95.14215351599148,10.0,0,0
49,1,東京都,24.31263223513259,116.14598739446832,60.628881764711835,41.98015623521394,37.79446269247012,1,98.39407421242144,10.0,0,0
49,1,東京都,14.882155786013127,101.77921050798707,80.05532935773427,41.68843696209412,31.569363620592068,0,88.3103548232125,10.0,0,0
42,0,東京都,16.726097825865597,119.26592314058728,74.63836862374386,41.16943582260819,7.498408200905978,0,85.29303602773277,10.0,0,0
58,0,長崎県,20.24842263686475,96.0625811437622,31.28196175494193,52.372217011216634,9.33979522928666,1,82.21146863574641,10.0,0,0
66,1,茨城県,22.955941186062013,143.62022714815618,178.41626091606418,45.345118682720326,64.93181628543329,1,97.24097734687184,10.0,0,0
59,1,岐阜県,23.891636818390424,112.47652404767213,66.25892296472904,58.55233429907093,62.85017328478876,1,90.29816566624604,10.0,0,0
68,1,長野県,20.00409885411023,141.8658000023618,91.0750138389076,43.271014921599686,24.0083779591678,1,116.91509177675178,8.98339685228407,0,1
55,0,東京都,28.126068373302836,117.9390595235531,137.9942435707985,31.30860023721174,29.527555989368395,0,116.2390438543889,10.0,0,0
49,0,千葉県,23.875647422453778,119.04840616126897,121.8881163390651,41.783865638209036,61.277153549583346,0,77.15643269340056,10.0,0,0
70,0,東京都,26.234167810518283,126.32274953558162,204.18387269674105,41.56749936532879,11.507158048831942,0,96.843629877578,2.3606664221755964,0,1
49,1,東京都,25.621925069692757,126.29534662398814,31.98467624022454,41.138014016332924,19.14372872248841,1,91.22640163935728,10.0,0,0
40,1,長野県,24.3795705663343,102.73242893069074,154.74218626907688,41.427963082484446,65.59655912469874,1,114.94299368771598,10.0,0,0
51,1,東京都,13.447526770969944,94.76521479343864,61.99219138091389,41.77656588128369,14.142298120215244,0,66.41267737066286,10.0,0,0
46,1,東京都,28.404442536743826,122.9504472711481,322.51645282856634,41.29275946459854,30.812101751262702,1,75.62006509943504,10.0,0,0
57,0,東京都,26.776905260175397,136.59148463537284,177.87858648671292,40.87658088498971,22.50183548759117,0,86.41970964039238,10.0,0,0
55,0,兵庫県,19.275495123695606,118.38732569197425,91.0786552382052,41.883539536292645,11.453221567249583,1,84.59628138179667,10.0,0,0
54,0,奈良県,20.479415394289802,99.06252139031639,228.39018553923026,40.9846529090434,11.786472487745456,1,110.93574604181542,10.0,0,0
57,1,東京都,18.801383750475008,110.16722582856268,42.87126409863333,41.901051119491065,10.06539467610503,1,111.89809354466833,10.0,0,0
60,1,東京都,24.664825433152096,152.53008031719293,139.44942754122897,41.437714635236496,15.902105457054326,1,95.23478320764627,10.0,0,0
44,1,東京都,25.453247645267254,106.97835869020257,93.77392294900406,65.91707692719892,35.50714299134357,0,102.20001598329212,10.0,0,0
73,1,東京都,23.40125245917247,122.61867942044768,103.39334171572759,40.33889306494163,24.53962196649759,0,91.06877219127112,9.15794721300301,1,0
65,1,兵庫県,24.92517234416865,149.0655582450775,33.46022157805467,39.925896114896105,8.375807626900112,0,67.99420333829995,10.0,0,0
52,1,兵庫県,22.16707898679922,109.46435499540893,156.36195888851444,41.32060296200906,26.29815107484032,1,71.28624615681109,10.0,0,0
48,0,茨城県,20.564282852543446,131.57075451304596,51.88513226801369,41.33433682513146,5.927819801754507,1,66.9157315218166,10.0,0,0
55,1,東京都,24.61915451052226,129.74282054418686,125.52633020566299,41.96179574523436,43.83407722701144,0,86.83416548095622,2.315253475750456,1,0
46,1,熊本県,24.836680333258858,136.4162204019765,83.63488276213016,50.91742626355207,24.658599558132657,0,88.90221896651256,10.0,0,0
45,0,和歌山県,21.187834651787966,129.46043067954434,69.34863643745113,40.39704577511305,20.848750560139287,0,82.16846437955854,10.0,0,0
45,1,東京都,23.550002228925095,126.80230641575149,145.93625076412857,41.699123600437154,28.276930188298046,1,93.99221700081766,10.0,0,0
42,0,東京都,22.1552599902084,114.93773923180643,36.45430937057757,59.017133222337904,7.32445705874054,0,108.40692252703573,10.0,0,0
48,0,神奈川県,24.404176703547645,97.14089350390815,121.80087142129257,48.973139584219346,35.18599599204549,0,90.2330730521609,10.0,0,0
57,0,静岡県,19.55629878871366,99.16114550754858,130.99482477452315,50.84270728393672,14.99641538429532,0,72.20820040894527,10.0,0,0
66,1,東京都,23.097773991869218,107.6562078243954,203.98402204368642,40.662659400526664,18.508544701940266,0,97.619809868146,10.0,0,0
72,0,東京都,23.461442493285315,138.52367322739954,76.7097049212336,43.144806909354315,8.281001613447126,1,84.56424823000383,10.0,0,0
48,0,東京都,17.290839908239974,131.872516697014,130.02711146352266,41.85585262543032,24.25563215016153,0,105.77295823551745,10.0,0,0
60,0,兵庫県,20.802816492244734,129.4013989958232,132.92032755251034,40.53131956302732,6.487747160692865,0,80.97587903410272,10.0,0,0
49,1,秋田県,18.794515583493695,161.81284233617677,64.44824347172082,65.2176760021509,22.42575814841384,0,70.31052390058665,5.449511034752406,1,0
61,1,東京都,22.72430169427135,139.58841805670727,102.37473709218804,34.51369635628453,7.806301764749269,0,72.2254790574458,10.0,0,0
70,0,秋田県,26.844950593195737,119.09414383783124,438.17026290709276,42.53738231732746,35.923891198887816,0,125.4399645631109,10.0,0,0
40,1,東京都,23.524818292633196,99.00745570124921,59.97099369720458,40.928283129656926,37.15483040449703,0,99.84059977926071,10.0,0,0
43,1,東京都,24.951085393501344,100.94092317978374,58.19883975513564,54.83626101385427,13.859741984182497,1,114.7895705342338,10.0,0,0
67,1,東京都,28.430528348748908,143.4196719139219,9.812358602062849,67.60866859750527,7.614263265706221,0,116.93422718747667,10.0,0,0
44,0,東京都,27.727564695586185,130.89777494442635,43.544132106067906,59.94791988245984,21.791766200619904,0,115.02381549204215,3.742400374223593,1,0
73,1,京都府,14.895382546044894,124.71510761188395,49.578760608927624,60.94733859271209,35.09827451625703,1,91.17672890265337,10.0,0,0
63,1,滋賀県,27.46546445297658,139.61476089201062,21.843456857621604,41.46145558728266,3.882538081125185,0,99.59756308954262,10.0,0,0
48,0,千葉県,25.725028986412145,117.90648735287091,157.08930441517575,41.382714927444034,9.361159725352337,0,89.75148602796892,10.0,0,0
71,0,愛知県,23.508623070280354,118.02432364838766,119.63136999876302,58.39804464025943,23.186635833613757,1,74.25497903240064,9.704588002509734,0,1
48,0,埼玉県,14.826413465830775,125.47804735293683,93.3349664195903,59.270562355160635,7.970287305773907,0,97.23123792640666,10.0,0,0
46,1,神奈川県,21.475948155329068,136.16551373119117,207.81936691167613,41.22923158410443,20.44021462644801,0,116.1099466484738,10.0,0,0
46,1,東京都,21.504349442464733,115.33492354368416,45.177353375789714,56.73543733080021,6.815822129735221,1,78.81848995544073,10.0,0,0
53,1,大阪府,13.731249736387866,83.22353179013751,29.825701444178517,56.07627973153919,4.190656005591704,0,101.00465153239004,10.0,0,0
63,1,群馬県,24.678463551635943,102.32851022444993,52.808621584769604,41.67464104864381,12.106746270093412,1,81.18674332850945,10.0,0,0
68,0,沖縄県,22.071448436792846,118.07365937324366,43.17382809112587,41.51516256690022,31.043102368806647,0,92.35002815491286,10.0,0,0
42,1,東京都,20.111227286537105,136.33979378711584,64.67122391298584,41.38023376736843,11.579376648955096,0,98.45047325903897,10.0,0,0
67,0,東京都,23.669493626484712,109.45714465419657,87.73310449409797,40.776790447615305,16.465977733265866,1,98.73665816904285,10.0,0,0
43,1,福島県,24.65124820007638,112.45878464166424,504.69076710224846,41.380888216384534,27.33102805588688,0,100.0988733588842,10.0,0,0
68,1,沖縄県,21.47851875389376,125.05561066975918,233.41652544302906,41.831383183881734,10.754428084313878,0,87.12345251851465,10.0,0,0
41,0,東京都,26.170388323259644,105.16838143582372,32.10897239957374,37.98991388081946,18.921723785322335,0,68.8221513316395,10.0,0,0
67,0,静岡県,16.516677584330505,128.3219755092018,72.62428688860186,51.559357530593665,14.145242903959245,0,96.81082639666248,3.5887012718160674,0,1
41,0,東京都,15.684343505660225,91.76320854503966,27.693438430268998,42.69584456115561,4.991673944310823,0,89.88476596387784,10.0,0,0
52,1,静岡県,23.149788653467432,65.8112683742423,240.3182605373711,57.26542239463023,52.587784491465904,1,97.98265053287804,10.0,0,0
54,0,福岡県,25.277647469506373,95.18594251692592,66.86421261726932,46.78599635234878,13.717858052055252,0,74.24576646598618,10.0,0,0
41,1,福岡県,28.958320594592877,90.94126109016634,113.27975638108342,41.416418311567774,16.242853996534926,0,116.76370491698388,0.40394680853791215,1,0
60,0,千葉県,21.4953419391512,110.39561238918596,186.28434733675118,41.397287493596544,16.787657092278042,0,107.31821022307717,10.0,0,0
40,1,岐阜県,18.564866322874,114.24038329750506,52.234722578058275,41.933824326492626,15.589792856173144,0,87.95661994131717,10.0,0,0
49,1,東京都,23.75066761612094,128.19745918214156,46.34142035628702,55.41685120197652,4.737539774663154,1,77.4680049852879,10.0,0,0
49,0,東京都,25.163156669808654,138.5706922536471,86.00326016925217,47.980960845403956,71.36529347641797,1,89.99245640908889,10.0,0,0
46,0,京都府,14.749924392102637,118.90547141932652,49.10674947611035,47.814395451204,2.225850334570854,0,65.05053901952836,10.0,0,0
70,1,東京都,23.666311475347,130.40248887935005,57.56020791319078,59.60438629766055,20.843009669761056,0,93.44038952071712,10.0,0,0
51,0,石川県,32.706361465125006,132.21677024640255,50.54929263162305,41.149518597891856,6.093859830949501,0,85.28617651122332,10.0,0,0
72,0,東京都,25.164932640606352,122.00766984165655,82.97961156701446,41.418159036415645,35.42328440691937,0,98.42585663006896,10.0,0,0
50,0,東京都,19.56112780726321,138.77587688923288,148.44558066605433,41.12135487446873,21.78590840089321,0,117.63072579816858,10.0,0,0
49,1,東京都,12.456714606964793,98.00686757728259,24.228594202916792,46.67968743044294,4.720001876074665,0,66.55897873297081,10.0,0,0
68,0,兵庫県,25.525831741161426,145.32623685991925,62.98721227290434,42.48672178753036,17.425787063085195,1,117.90270831428921,5.57800853508718,0,1
54,1,東京都,27.465882777188156,144.98507283267483,64.9185504351494,49.03884532799149,2.9338955511447065,0,101.06616085557347,10.0,0,0
52,1,福岡県,22.094451781700055,110.03004959257916,145.4801881365445,45.19618712663269,7.702749210447204,0,71.85328665097266,10.0,0,0
65,0,愛知県,18.600799561484102,146.672443549925,115.64023571351943,51.53665652385537,4.919677474997386,0,116.06552563457048,10.0,0,0
55,0,群馬県,28.87965334888741,138.1151776774856,232.86048567289194,50.73359298956958,29.784404995413514,0,102.82096015150488,2.220444634357475,1,0
72,0,東京都,19.357947915402743,139.7987647759308,129.98715404082915,41.85411840442992,8.964237130378498,0,87.90179332428491,10.0,0,0
48,0,東京都,25.018396138614968,97.86038198759222,89.67456981937802,42.62677218191641,31.867581508398263,0,88.8578190452878,10.0,0,0
62,0,東京都,19.404766493643844,135.7605942401477,65.9720723804741,41.74373820969972,14.357236969272194,0,94.446281981782,10.0,0,0
49,1,神奈川県,25.206056071611265,110.18326165117276,31.049733287564848,66.43825949423989,42.27589743996912,0,115.17155826554317,10.0,0,0
51,0,北海道,24.00184174897205,122.81798979179801,47.20903894469002,40.78742937900592,7.720273801111453,0,74.800803931506,10.0,0,0
70,0,東京都,22.09241505735264,109.91881688424688,118.11804280647486,56.01837857822284,17.857695006346457,0,108.65935879398253,10.0,0,0
66,1,東京都,25.832810451743402,112.26953283963591,75.4214415063568,41.5673394251499,28.703245206222622,0,86.02258179276268,10.0,0,0
72,0,東京都,24.25526326490408,132.39922591856993,167.59316803156472,49.24871514543883,4.736480370828452,0,92.92169413493714,10.0,0,0
62,1,東京都,22.97378378314557,130.40588374560136,83.42771708651297,41.22246104201038,8.644749756180847,0,95.86906863430136,10.0,0,0
48,1,東京都,26.504022591799146,122.89493134493281,88.78820433431339,42.431384595412126,20.2551439005602,0,82.78398694054788,10.0,0,0
57,0,福岡県,17.5344169867849,146.07317698132584,38.69919499324917,60.45764294260606,5.6423919390467185,0,88.92293843019326,10.0,0,0
47,0,東京都,24.001998502680095,110.09173907559375,26.39178267881328,63.259682485878606,10.176367321933723,0,102.79000140875976,2.988393680010601,0,1
66,0,静岡県,23.529747199687733,121.15377082434554,137.4931502048136,47.953640191433315,9.709809421698074,0,75.19960877164344,10.0,0,0
73,0,大阪府,28.789599010661263,128.77328492077663,151.44294424405575,40.218319551334254,7.021047536413445,1,98.05198274570388,1.7773199741230328,1,0
48,0,東京都,23.789264746866273,121.66910925504469,80.73629866517406,44.354543795612585,8.10996428853901,1,72.45572524323674,10.0,0,0
42,1,静岡県,30.18114479348839,139.69994286839184,38.37031853893857,41.56834755223696,36.22896865766656,0,95.48471081048739,9.636518957632047,1,0
60,1,東京都,22.32569577298606,129.73698735119132,66.87704392857252,55.42998055145191,16.732655261995497,0,78.86505395662027,8.280941701464645,0,1
71,1,福岡県,21.644061753360226,146.08921334280006,229.9730596010693,55.312862196742174,22.497644585744503,1,98.08578523236527,10.0,0,0
44,0,愛媛県,20.802190801481537,115.52569025344674,97.12982131968063,51.004886270305185,13.518289361454334,0,70.00027857760581,10.0,0,0
55,1,富山県,19.24616999763054,110.15986863597581,60.316275447333915,41.173441165079645,22.691389898263658,1,106.16051093927294,10.0,0,0
52,1,広島県,27.67656032008717,126.39355417078468,51.088193329853276,41.41028169556677,6.567037229740953,0,86.75611565920931,10.0,0,0
59,1,広島県,17.53125268429915,118.9133071315585,26.975312232376556,41.3853993374251,8.35226907865749,1,89.07318179133436,10.0,0,0
41,1,鳥取県,29.21989800838983,131.3938777897823,176.33080583840908,52.49327774597025,27.565408093744484,0,97.90880030170666,10.0,0,0
48,1,埼玉県,21.688203683584906,116.42577224979175,93.77029573175385,47.33734906598675,27.000675036542347,1,88.58809993057807,10.0,0,0
74,0,愛媛県,19.736101109069725,101.63160510111845,135.67919615646866,40.74108247291804,15.185232402895393,1,99.97946020698961,10.0,0,0
44,0,東京都,14.081997851866205,55.081468208803805,58.893206314209976,40.77093550285935,13.9461442155823,0,74.56307321234934,10.0,0,0
50,1,埼玉県,18.282063779440502,100.73309199065726,56.39566192122838,41.5924620631911,5.577716930645393,0,117.50278201935329,10.0,0,0
44,0,東京都,19.404081360616747,114.2020353849185,46.80225483676905,52.463643321998,26.02164666697103,0,84.78531716325092,10.0,0,0
68,1,東京都,30.05989487173182,151.64094127160885,84.20246730463704,53.550040712479564,22.75367530329039,0,108.38144032392995,6.220073101590586,1,0
72,0,大分県,19.00821177001385,106.71738125147272,72.49596081221742,50.73355664101086,7.936787841216427,1,108.24887886623314,10.0,0,0
56,0,埼玉県,27.73951351472847,141.23994459679207,71.90386649823398,41.33659015939167,14.53531236335357,0,69.7119101502403,10.0,0,0
48,0,愛知県,26.042255025097393,128.4030995874144,64.69751066276737,40.5670251119026,9.843020113989395,1,116.245373225734,7.494521088022259,1,0
64,1,大分県,24.951289873903875,136.10799820906982,32.51497989728853,41.027867148765154,11.95629433365232,1,73.40391108845165,10.0,0,0
46,0,山口県,28.141725324280948,141.39268502328397,60.51528673274375,46.92736394482881,24.25563113911675,1,95.72579276365103,10.0,0,0
43,0,東京都,23.579905255869356,106.35860197380441,31.30804407305376,31.33031363209418,4.593012518198274,0,79.90108452205568,10.0,0,0
61,0,群馬県,22.564200371441615,114.97159372009644,54.40054889573874,41.48850615205022,7.255497426369981,0,95.22870376596553,2.9856938087471794,0,1
60,1,福岡県,25.501443169119135,135.15065301794678,76.88542170952232,41.99906764236365,26.1636827729761,0,94.85008905225233,10.0,0,0
41,1,東京都,29.877877950138405,124.4335610431345,32.13111353589659,40.41118357356322,14.72001996409624,0,108.52348848293104,10.0,0,0
60,1,茨城県,23.601100332510814,123.00672954860619,63.72979122298973,40.662669339508014,7.493942782729104,0,81.1322238041572,10.0,0,0
71,0,大阪府,25.367504763714287,133.6751206506203,120.3861732689072,53.81973243512731,38.8800821218497,0,83.77715319984385,10.0,0,0
47,1,千葉県,28.00620323228811,144.4764543680177,306.3525147830143,42.029159928968916,34.3366051948861,0,100.58013362517856,10.0,0,0
67,0,東京都,18.09024918522985,119.79687156174457,60.289525024952,55.64262256911171,2.622253309748242,0,80.86758031853073,10.0,0,0
48,0,東京都,30.831615072594666,128.21723260225642,54.52876559694927,40.34587754529271,21.845401179195363,1,107.80910566933939,10.0,0,0
56,1,神奈川県,23.08749311169915,121.70573457446851,67.91998113607723,64.47260116511094,14.524789825192554,1,104.79390482840773,10.0,0,0
55,1,北海道,18.75025610903792,136.4936450718054,98.50925765364993,62.84815338798492,48.25451310839252,0,88.50881191873592,5.405531244693047,1,0
73,0,新潟県,28.01905341472693,154.21217130663595,172.65797417425367,41.95009615331438,26.953756904958393,1,101.95125062433955,10.0,0,0
48,1,宮崎県,22.496415660631648,128.6196432064214,74.05152142683121,44.56285134785054,22.820916266458536,0,93.30716281338034,10.0,0,0
64,1,岐阜県,18.516421133179104,112.28154642826453,207.74792080078726,41.792844233256254,21.804543367800267,0,90.80301079127456,10.0,0,0
42,1,埼玉県,23.112499633073686,101.55584839105842,121.29317243079281,41.22650076061302,10.839632860459266,0,89.52105456995403,10.0,0,0
69,1,埼玉県,20.847161873930677,137.51633855739115,132.56044144053115,42.20643391526269,81.23088241889863,1,84.36620898564209,10.0,0,0
59,0,東京都,16.534902187792085,93.14922052921064,31.920517087551197,40.597472491294965,2.943726499875327,0,89.77747101523494,10.0,0,0
71,1,新潟県,12.341826122780567,112.11006949081447,45.17214986595151,41.64963623328002,12.574164296763376,1,100.85482009930259,3.5270571861060924,1,0
70,1,東京都,22.68486789838253,119.11069796280533,115.42131499062315,51.59810101139243,15.294848829239665,0,83.83093366319305,7.837205063543928,1,0
51,0,埼玉県,21.897271121515242,130.3934764058954,112.14761146928153,46.61719718846248,13.971149256236185,1,111.20805810750555,2.045800838630312,0,1
53,0,東京都,17.13602592588339,132.79001815831109,80.2294671807991,53.40447523597022,2.941735302836094,0,79.70043300406644,10.0,0,0
45,1,福島県,19.368548234603704,102.53626646168485,73.41078336103227,41.810586941642164,8.350582506545903,0,83.41427346113949,10.0,0,0
55,0,滋賀県,22.639953338502934,105.66348205243885,34.34665545994587,41.176359242487436,3.378239183817635,0,65.13890306069314,10.0,0,0
43,0,宮崎県,24.954061524133152,120.15172873231083,103.5038498204976,37.462817871112286,20.842994295647838,0,107.83068365972434,10.0,0,0
52,1,北海道,18.416313782864307,142.27994495747743,37.56116387223804,74.16408842842486,12.207400566865626,0,122.375762526373,5.406541962238391,1,0
57,0,福岡県,20.936849782979166,129.31621471702536,165.4811718613969,41.85493624558329,14.679646447254783,1,78.60890010880058,10.0,0,0
47,1,青森県,23.29407629321599,138.0300558497006,33.872061636679504,70.78400786483779,7.760768101642222,0,83.40049434929735,10.0,0,0
59,0,大阪府,20.57216933048995,142.71867736891355,32.07466944006015,52.48272855292648,4.213319795485977,0,93.68109773942015,10.0,0,0
71,0,愛知県,27.06491333699479,154.2875372963203,36.110073318296514,57.39316877085072,15.44032384228199,0,103.12406122413029,5.336190945108449,1,0
60,1,新潟県,21.651270515635332,134.15275350695978,77.30785982341288,55.65452056733159,9.805872964092735,0,81.21645034134255,5.113647585561215,0,1
57,0,静岡県,21.67937163034322,135.36760422655723,85.9845319972676,41.93865869158274,31.626103374546894,0,102.30264507869501,10.0,0,0
54,1,三重県,28.597670956336096,133.45928374323896,54.8556541040813,65.37116535551053,42.75348419483632,0,118.13586171219721,10.0,0,0
46,1,埼玉県,16.911087617098335,118.20189897080621,27.36411126332023,54.98804761002073,8.258546358738508,0,94.4130199219595,10.0,0,0
69,1,京都府,27.47615838035694,135.85828155147365,201.6924871867774,55.21962306942291,81.34926025716433,0,117.11640002605462,10.0,0,0
41,1,群馬県,20.033061645352486,109.13975603976516,69.04577598695714,40.338090799223224,33.80825485046878,0,56.4951533709167,10.0,0,0
53,1,富山県,14.058309593551877,106.93104071818826,53.190622640581246,41.03389419932779,12.683086783360888,0,100.77204615994218,10.0,0,0
66,1,東京都,22.36245740659341,144.39735161961278,241.75423496372667,55.96137107255811,15.295315815778181,0,89.9528324403063,10.0,0,0
65,0,東京都,21.70236632874905,98.72376096788506,67.9220808358305,41.79287449277585,12.217962860984832,0,112.4030089739077,10.0,0,0
68,0,東京都,21.83389112830485,123.49782830669115,96.78975045956253,52.37631082873975,52.7230017541252,0,117.67778390576697,8.911813381117407,1,0
55,0,兵庫県,24.86205663719197,129.24097873355677,134.987565781803,58.230499107125326,25.358002933264547,0,112.24648869671658,10.0,0,0
70,1,奈良県,27.77736876634713,136.72992407854113,157.62062093366077,41.60551115435754,25.446283771789975,0,118.45088615864209,5.3004556808867305,1,0
54,1,兵庫県,15.521372521034882,103.21628203073391,26.890933275654678,40.8883718909178,11.558814544002518,0,95.38252371938226,10.0,0,0
48,0,東京都,22.79992396597533,124.70897905129442,73.05201021867825,46.4623228782763,13.975991668733474,0,94.54547919896919,10.0,0,0
45,0,東京都,19.283348972351398,105.79143944439346,98.37531887854617,61.87262386115362,9.400948596591943,0,70.7076206109425,10.0,0,0
50,0,東京都,14.895429403753694,89.7711543195911,17.287503359548626,42.5171374867465,7.410444373482992,0,101.08793764444466,10.0,0,0
49,1,神奈川県,23.097649668368717,127.37847171161891,303.38734657029227,42.5350572815083,6.095767227703889,0,93.8609951480426,10.0,0,0
55,1,東京都,25.581550715906967,101.59122125964238,52.32849330047185,41.72207958465193,4.256875653833137,0,101.32946148262174,10.0,0,0
50,1,埼玉県,25.81971293850464,117.30047614587289,124.33228410709734,36.05505808723361,17.774346863646304,0,116.51914067053586,10.0,0,0
68,1,北海道,17.887510851297613,144.97889050843327,61.69582548589158,42.17024841367387,34.62900342822932,0,88.37993522777124,10.0,0,0
68,0,東京都,27.596872101208238,138.11776828136763,160.76251983615776,40.98885285127973,10.387362732567231,1,100.77282450589179,10.0,0,0
73,0,東京都,27.055628015775035,174.0093174659909,123.90066545698386,42.34291812418321,2.8253825076602515,0,117.53497316899762,2.0544392537002016,1,0
70,1,東京都,20.552275687345652,112.4369285374949,459.21272865162155,41.92847192450384,35.23328955184026,0,86.42796575209563,10.0,0,0
47,0,東京都,25.667371657477638,127.35468188729662,67.8401585096897,42.45572688784303,38.774822612134415,0,85.9503462461059,10.0,0,0
58,0,東京都,21.70875366202476,114.28605573851776,103.79849706564522,52.65508982425959,6.495464720622241,1,83.58270367581292,10.0,0,0
59,0,東京都,21.677044128775766,105.70711120677208,130.5959204585123,41.878192817069674,48.00755844039889,0,99.35247614549684,10.0,0,0
73,0,東京都,22.098977980115535,112.7438837717562,42.99637743163628,51.55098115765938,12.070282943417562,0,106.05547925173884,10.0,0,0
54,0,群馬県,17.798928899762608,118.48644533029236,83.7417938037681,43.56692353133609,10.456643220627333,0,115.76093761577852,2.3499102166993766,1,0
61,0,東京都,28.353282406435884,125.16994033800846,46.12352916989546,42.27735601345006,31.56660639617629,1,68.58952610778373,10.0,0,0
43,0,愛知県,20.365704936548003,102.31843688447948,114.98116006689521,42.10876637803521,12.159324881905073,0,97.85099866485463,10.0,0,0
57,1,大阪府,26.244232662287555,133.6884808092189,229.5235728007428,63.11212966683538,36.655310514695984,0,91.91103828991538,10.0,0,0
46,0,東京都,19.769845808358077,99.24845356355611,61.80748906197316,50.123537059950486,17.281427262360182,1,86.12010615564665,10.0,0,0
45,0,東京都,18.865882901303063,78.00615338492526,43.54422352041436,63.197542210237025,3.1659220159754398,0,70.14014118578834,5.584914181829372,0,1
45,1,鹿児島県,16.62874575260119,105.17964724267154,38.74104919470003,54.381528143152096,9.377188898882578,0,95.39044803524101,10.0,0,0
72,0,神奈川県,18.06617203907218,144.03199637718794,431.5146442375558,60.49827894041206,30.645513179569697,0,98.0131614122839,10.0,0,0
73,1,東京都,22.01601288223786,129.26997121198772,35.041538328842705,41.24861957099771,2.8063706936931934,0,95.10940575108806,2.143015217245617,1,0
51,0,千葉県,25.147827066782543,109.53049052098541,199.08640214577454,42.50412923103418,8.5686690320967,0,77.77093763237248,7.890779502098559,1,0
73,0,東京都,18.513235621221536,96.98183950252785,29.66434662617232,41.54733196732432,5.977872843157465,0,75.98336841230169,8.98517498764919,0,1
45,0,大阪府,30.059063600352452,123.6489702182618,228.7324637472628,41.321472899805876,15.610858522548918,0,121.69537930880489,10.0,0,0
53,1,長野県,21.470978041164646,137.68232118072157,227.1235900689928,50.79586377878947,16.663929549714254,0,105.74954502552593,10.0,0,0
63,0,東京都,18.79449883353961,97.32807643125479,58.19461603538278,42.03167692561058,4.5108005211090925,0,68.46013779795081,10.0,0,0
57,0,神奈川県,21.857384652819807,127.10973410594971,116.56079989440215,46.90573295549686,11.091674985756695,0,69.19678730418428,6.87200833086151,0,1
53,0,大阪府,20.65199400265256,138.74776578350037,117.15745105927057,41.18270008299543,12.239718688046128,0,90.3862940394005,10.0,0,0
55,1,埼玉県,28.089582334905025,130.989879613544,54.43694167943579,41.510798116435424,5.342535152107085,0,98.37263283380173,10.0,0,0
42,0,千葉県,24.77509028444913,114.814831359979,60.31837465470304,42.74824747874472,43.112963809900094,0,75.60531828412519,10.0,0,0
42,1,東京都,16.60027730050616,103.427088656046,40.90737661069991,41.385200560941044,3.28360575943589,0,78.40629836861083,10.0,0,0
47,1,東京都,18.211940751382187,130.55652522770885,186.82380423324614,42.48710504237615,11.901370431557725,0,104.41100329420341,10.0,0,0
73,1,神奈川県,27.57116380697091,122.0093354862552,106.04525174221753,41.75710401200333,11.657348097694674,0,103.81629403707221,10.0,0,0
70,0,福岡県,25.758196717926406,146.0380728097196,95.18444979952156,53.94290775827747,30.745661367128193,1,117.64284470106237,1.5679476534127823,1,0
67,0,石川県,20.968660198065628,125.49498770798762,59.45189942694204,74.41535599980536,20.817944327243026,0,121.93971086052491,10.0,0,0
73,0,神奈川県,19.381563074235213,111.34021071679604,103.3571122796215,36.6388081517944,7.752676173232621,0,82.70200550749743,9.726057833762932,0,1
70,1,大分県,24.44122830445292,110.30383737533954,139.64038066550924,41.426769265041266,30.495964505683016,0,72.20745821076558,10.0,0,0
48,0,大阪府,25.60912450698801,99.9021051816885,48.963765534264525,41.912926181335656,1.8219867543391368,1,94.94357809030043,10.0,0,0
60,1,愛知県,23.14218497410452,139.1024779894346,11.468298914836843,41.16511992469402,3.8740035472698247,0,92.15008333743472,3.612153213957787,0,1
73,0,北海道,23.64179540319052,140.33225663732003,112.73646100669,40.29427699775415,3.598952090610948,0,79.20035651149355,10.0,0,0
44,0,秋田県,17.86601118289189,104.99663790889066,39.589377076934504,54.273327749591,1.804754672994219,0,70.61149510509969,10.0,0,0
60,1,愛知県,25.971094061515092,126.75053849527106,147.74611486681914,40.32857763268168,15.832818046003469,0,114.02459084165662,10.0,0,0
41,0,千葉県,21.87279689767467,119.61317885709718,14.57677759486745,41.30092399586052,17.884227086858388,0,104.34479395491266,10.0,0,0
59,0,山口県,13.660483686181571,109.8288278808975,24.245590240643764,51.6503110297776,26.3423762100849,0,81.22448022163049,10.0,0,0
44,0,福島県,21.81939944124009,94.03026878222754,60.24854627902654,42.703399153090025,5.679184527423963,0,62.86043312293974,10.0,0,0
68,1,滋賀県,28.095528789079818,162.3442909010991,35.103288574496396,65.34251805159165,16.243077106682318,0,99.49269607503619,8.001560703441033,0,1
64,0,山口県,24.038010192260383,117.15872703806339,112.97480799916187,42.09863278313336,24.488191508657156,0,88.40939122500389,10.0,0,0
47,1,兵庫県,23.13950238320127,128.7883049982147,30.93917952186248,42.92297550812428,4.50232821263653,0,89.01458813955594,10.0,0,0
53,0,高知県,28.09382398699493,120.48524343134842,188.19417584048557,41.65766289646361,27.561773163999966,1,106.73296184399777,10.0,0,0
49,0,東京都,13.622719999424485,83.54116676824518,89.02426721401993,41.47860783720088,8.053235616805752,0,86.47360242380476,10.0,0,0
50,1,静岡県,21.563254075421415,106.40856597499933,121.04689915825462,42.349385941970674,47.913484526691384,1,71.53130313722251,10.0,0,0
40,1,埼玉県,24.909665057792534,99.62322012185784,238.89088919695044,41.582807817789984,40.695396342600716,0,109.67517545159052,10.0,0,0
42,0,東京都,23.63485554733714,107.07570408162178,37.10653989575886,40.92848523095271,6.864803654315896,0,65.16190674425299,10.0,0,0
46,1,京都府,21.894732957830556,120.18962064125463,100.86533512428996,46.37429744594578,35.81554138795212,0,109.86479035807966,10.0,0,0
68,1,茨城県,24.617286249124337,148.69782247311883,518.6806868484563,41.10323837923926,56.99123550300455,0,99.35749102412946,10.0,0,0
67,0,長野県,16.601823958903104,107.17344658078221,30.050056229844614,41.52027910797523,8.813039353522077,0,117.71986081677952,10.0,0,0
59,0,北海道,29.65173702709336,127.89941305409654,42.32758585872331,41.602185401275115,12.989312335645684,0,107.57342689396165,10.0,0,0
64,0,東京都,16.60935256907716,71.41434924451706,35.03186717021504,41.14709925349102,4.914898006136304,0,93.82828905682202,10.0,0,0
70,0,福岡県,21.045821263106983,130.89592383072542,52.27759655130378,39.844170479123925,3.7874934744354016,0,87.91187885880348,10.0,0,0
47,0,東京都,21.72534015332217,123.59051405556728,91.91970438926727,48.56629196447318,44.73821987149619,0,114.50864776594153,10.0,0,0
61,0,愛知県,21.680954513519815,128.20991978807422,224.09278517636403,58.242468583435404,29.059261942431363,0,97.88727017389694,10.0,0,0
49,0,福島県,23.345215152430555,118.44958547717862,36.62258730500318,37.09462223923738,4.198433894948536,0,81.26618884708729,10.0,0,0
41,0,愛知県,20.576246070697504,107.17468683870413,132.28369993426855,40.59598367227807,15.851785830053775,0,77.46387891199299,10.0,0,0
59,0,東京都,22.047630066570797,107.04011768057595,63.198023512366774,55.079113287236105,10.61765610292164,1,89.00969231465679,10.0,0,0
64,1,愛媛県,23.66960102592103,107.19616127688893,43.634927216541165,43.148850644192045,4.710109707166104,0,86.23804289462623,10.0,0,0
52,0,東京都,22.509263422812282,91.18388527400809,172.9618676615113,53.667395305193274,41.51918164099715,0,77.68313378415766,10.0,0,0
51,1,東京都,25.528023365112777,134.52837806178428,81.73609609949179,41.082064556188385,36.09036933317756,1,87.92725975559492,10.0,0,0
52,1,愛媛県,22.56254624438803,115.37169326643993,56.11741975092344,40.45289903276196,12.501402096185508,0,83.99464851947741,10.0,0,0
41,1,佐賀県,22.15835627381809,96.07125470987573,14.688115462080443,52.34507641507258,5.193548603732586,0,104.43073338406606,10.0,0,0
45,1,千葉県,23.450863578043734,81.04085287825694,89.30794656440317,41.43117640927357,25.090200229854993,1,67.28191101303119,10.0,0,0
50,1,東京都,29.41600174493711,127.56469688902642,93.46504222849907,61.32556899810084,22.34299528779441,0,91.15306278488693,10.0,0,0
41,0,埼玉県,21.41376252824796,91.54126148081033,48.98343372875555,41.52769733563946,7.596493324456699,0,79.64521156892542,10.0,0,0
46,0,北海道,17.88158482896772,122.91879453010759,43.62925208360425,64.46406090398482,8.105612388153137,0,116.11014605952099,3.4290738771841096,1,0
52,0,千葉県,23.4708873488338,149.20147720621998,80.17087109591249,41.43509200771845,36.41157589524385,1,86.74235362006046,10.0,0,0
60,0,東京都,22.101790257929576,139.71500640593186,132.6280425172991,53.623012288547216,11.107217934988443,1,116.38940246377702,4.802295981632722,0,1
42,0,東京都,25.36793095397004,106.80215625047896,64.88096219862089,41.876258996916995,6.457392577659892,0,87.8514160261011,10.0,0,0
61,1,三重県,18.776898032955298,106.7017515012406,43.89924802212631,42.00144668959838,0.9756971340756045,1,67.63479942160791,10.0,0,0
69,0,東京都,20.86118278680014,106.01226412008333,157.47700964677628,41.71489626934375,15.599470421317507,0,76.01357622065638,10.0,0,0
41,0,神奈川県,20.80926862864914,101.62278206411666,120.68589134678037,41.510629814744085,7.821223984985754,1,86.96769103704183,10.0,0,0
68,0,東京都,25.313046575563934,174.11073322414387,110.15789420180701,66.65438071984882,47.60139172544103,0,84.33985781711156,10.0,0,0
71,0,東京都,26.085869650472095,116.48671369686262,97.20899834613944,41.42392865149503,19.74806512682668,0,93.39693430042084,0.28934129597648667,1,0
69,1,東京都,24.62440337081863,176.15378650203513,45.453216000063534,66.42518068138317,20.334480762935822,0,97.41686263497553,10.0,0,0
59,1,東京都,25.18283755049572,133.68161224369763,75.65115579789367,45.015670060129985,61.73873540542366,1,78.18510007620972,10.0,0,0
53,1,富山県,26.551121992657173,138.60439021769952,158.65529418855584,41.78268070760221,29.517119355352218,0,87.8341386418294,10.0,0,0
50,1,奈良県,28.065963709527832,135.2162217689935,73.58729616799418,41.56704555461718,33.77232546747392,0,92.68789730593257,10.0,0,0
57,1,東京都,20.38741193575662,130.86391420941106,72.65663262956912,63.12487717667607,9.841433549738712,0,77.44085706886132,5.9352326843802015,0,1
43,0,東京都,22.954707751023555,110.7876917295862,68.78847577683173,50.429020659548854,10.3192136796395,0,74.4717035208447,10.0,0,0
67,1,宮崎県,24.512458527931656,127.62268470302686,81.32994251343757,41.440241472865786,6.750182151265655,0,93.3093691067182,5.4504585506561005,1,0
72,1,東京都,18.485699676980158,137.13733991447646,76.66647715279457,54.398060701500896,28.249982726785646,0,105.25065586183716,10.0,0,0
71,0,神奈川県,25.82529999581994,136.16474016504299,126.90718250731184,57.2014836355335,136.3399010464997,0,101.8122962649137,2.9170655562332524,1,0
51,0,北海道,16.744331387191405,113.3642929386638,30.378330969697892,40.68539511725096,2.941240998067334,0,68.24539342595232,10.0,0,0
41,1,神奈川県,20.33617693968303,110.49579163533146,41.726682933600934,40.607929021315286,11.577721740084824,0,102.32404462477857,10.0,0,0
44,1,東京都,21.318187334825044,96.07813376711648,52.79355014876515,62.93314727321004,15.314260629942575,0,74.87602770611791,10.0,0,0
59,0,石川県,27.991083724799243,126.58343188004777,22.85813662659839,54.50039110998742,3.276836988446149,0,68.18992933444062,10.0,0,0
51,1,東京都,30.43221056452988,142.19927818153926,72.55533718142684,41.77858453415401,8.788997506327135,0,100.49396915663931,10.0,0,0
49,1,奈良県,24.196092250088263,135.08374804503765,25.08074336575594,41.63727146260184,2.4716550155615753,1,77.72332524379797,10.0,0,0
51,0,兵庫県,22.60597857458334,136.5299699343489,39.152409963811266,42.44285100345693,9.132698522863363,0,82.20707665951754,10.0,0,0
73,0,群馬県,21.254122395858282,173.07542956569807,177.62705851005543,56.462222100414124,17.201069041871364,0,101.57315277162584,10.0,0,0
67,1,東京都,29.25337158014048,126.87743533532743,43.60856122117103,41.58459322943396,12.500641470475108,0,81.72807498596966,10.0,0,0
55,0,北海道,20.79986730104389,102.53248934676317,67.37327223551897,39.86008050994987,8.874840889228063,0,71.65331047313983,10.0,0,0
46,0,愛知県,31.166979651450596,110.77320073203127,86.50634317161038,41.85408862228774,10.106258671235738,1,104.73942634120259,10.0,0,0
42,1,茨城県,19.246138837866273,118.70890148134252,77.62991563522708,41.97002046373439,13.205907079355248,1,90.67250369626369,10.0,0,0
43,0,千葉県,21.308487842513216,107.59335095072454,52.68243553923397,55.54448879991037,20.96528093301292,1,92.94219933662481,10.0,0,0
64,1,広島県,24.811219788943404,142.1862167085757,308.18391573280024,41.95143200143081,32.80287998623236,0,90.32997529860964,10.0,0,0
48,1,大阪府,19.854674912508024,97.60547424760712,53.13902078845532,42.92732512920842,29.519600022923886,0,90.24350722704584,10.0,0,0
58,0,沖縄県,21.56545706149178,139.87325497197457,71.81825778442747,40.89610692429288,7.750744667772107,0,100.42515873864897,10.0,0,0
50,1,東京都,21.555547134425048,112.45017879919072,162.40319734066458,41.66093254418439,20.586772745079035,0,112.39853609956882,10.0,0,0
41,0,兵庫県,19.102375406897647,135.61781930267068,23.574052148011184,51.356919228403086,12.250405589139643,1,59.09160814007434,10.0,0,0
54,0,北海道,28.430010126629245,151.47197462193182,143.80007690445711,71.55727286159656,22.67357037236638,0,75.51702859160423,10.0,0,0
59,0,沖縄県,24.469082596455653,119.57363161204893,37.73252037664563,40.52794058999875,7.618652229463877,0,85.32688238423766,10.0,0,0
65,0,京都府,25.32076128294536,143.36331628362632,168.94570081264402,48.388286196602365,31.6154863091555,0,119.10905781087715,10.0,0,0
69,0,岩手県,30.560784495967244,144.9784630759656,66.56870657837214,41.299769226564685,12.458255868715723,0,100.28191288895161,10.0,0,0
42,0,東京都,29.402366487624832,135.2687213639894,76.33285589235275,41.67668821255808,12.677567665702245,0,90.39378898488492,10.0,0,0
54,1,愛媛県,20.11741464152006,121.94098801659696,171.66664472462594,40.314768644255494,18.59653596095069,0,89.84807203577694,10.0,0,0
50,1,高知県,28.789214318978967,104.01874983994587,171.24476492348288,50.74938008618037,19.130061192177486,0,115.19336123270355,10.0,0,0
53,0,東京都,26.005509574989965,145.33949435897765,282.1784583377584,43.62745596232604,36.559642347681844,0,118.73832997132018,2.127334175876916,0,1
73,0,愛媛県,22.95302939206501,131.91304858010554,101.86291993915434,42.184327102450794,5.927559860185886,0,90.63484172594997,10.0,0,0
56,0,東京都,18.492307016639852,97.06453719248132,116.80817716290491,47.68650507081221,23.054247181419328,0,88.02073166870052,10.0,0,0
70,1,鹿児島県,20.06236822919671,151.28095641787115,172.14159968282746,41.79376805647725,29.455817612393602,1,112.02596220660315,10.0,0,0
47,0,石川県,17.649754837839886,105.84886885455506,71.82071699411676,41.98343557927105,4.189738714842558,0,98.73157408335557,10.0,0,0
44,0,鹿児島県,16.772297832707288,118.52376204912574,31.457422238777617,57.648231071453694,53.25868817789135,0,94.63022124612883,10.0,0,0
45,0,埼玉県,18.30320106677348,139.32346317105353,48.867091328984564,46.782881260102634,25.146204814857338,0,83.0462489499835,10.0,0,0
71,0,山形県,20.060479773702816,149.2901491285515,55.747976168183406,42.01729709200087,5.917238825755647,1,93.22553066653703,10.0,0,0
48,1,東京都,20.46380758157074,124.52249149909481,38.466912005058674,40.910401674393434,20.86539778124996,0,104.9069488919634,0.40285261768045205,1,0
60,1,埼玉県,29.105818433616925,132.50111043053084,99.38180017937137,42.04187240266421,12.700050274515355,1,79.56892356024929,10.0,0,0
60,0,東京都,18.634013793073734,132.3701342841234,63.06213007308882,41.380368132733466,7.039980925974841,0,76.95836722131139,10.0,0,0
57,0,静岡県,20.467948992331227,92.95145171943088,60.25855948084752,60.37158990145872,11.190708209835007,1,83.63620629707434,10.0,0,0
61,1,山口県,17.82210657868532,92.34463477490843,52.829739417239736,45.144262367134964,12.499642559412226,0,81.81696021328216,10.0,0,0
47,1,奈良県,21.162095507682565,107.17638614525212,192.09150612579,41.50869398873684,9.737662281003935,0,80.87707952786113,10.0,0,0
55,0,岐阜県,24.67712233543629,107.71607586602677,53.21525147680096,44.743794976947,5.810288728701722,0,56.432499271121856,10.0,0,0
45,1,東京都,23.607776996102878,101.64897869890243,63.42387408096384,41.85880520284245,16.217645204973326,1,72.17439368692763,5.620457983455159,0,1
69,1,愛知県,22.870024549581778,129.8107421690514,71.92879674463244,55.27536137743883,4.6643574990108805,0,99.23271649229065,10.0,0,0
54,1,愛媛県,15.049021673157345,145.7476598705321,39.15477833245861,41.347292931882734,4.12824587795045,0,98.46134363960583,10.0,0,0
55,1,長野県,21.163915923337726,137.51157367971481,136.94223234139955,56.73753597042858,14.87980587023875,0,107.18216048995323,10.0,0,0
74,1,東京都,19.425517290527434,112.07468679153145,32.873983618412986,42.224107346828355,8.830334270376506,1,103.79271946381682,10.0,0,0
48,0,栃木県,25.18847642813087,128.79780533575297,138.4036160172274,61.69804196776044,38.89821139199068,0,100.15921158672735,10.0,0,0
61,1,東京都,12.705744715450003,110.6413340128144,121.39012359323682,52.13749837033046,86.6663078966201,0,122.5734609949489,2.463965746474656,1,0
70,0,東京都,14.525677718080273,127.57981547413661,57.287053174594845,40.81307194607918,2.9444053280260154,0,72.1627478843259,10.0,0,0
59,0,千葉県,21.19122893272276,139.61444897453848,55.72045651576001,57.68962368776809,6.637779920134305,0,82.92806155275305,10.0,0,0
74,1,香川県,23.74866634005682,156.57556998087884,104.91492587729178,62.884514838544234,17.278282266135637,0,95.45597735607946,7.4130397412921605,1,0
54,0,福岡県,20.451682105839176,138.20508403187407,180.56445616239972,58.93373340286243,23.183365499900937,0,85.87473658330529,10.0,0,0
70,0,東京都,24.620023330574963,158.6139339049261,71.82641031785381,63.79971686539012,16.771309058416463,0,70.16200799972134,10.0,0,0
50,1,東京都,23.14328063269577,126.3364875758565,47.04719872943609,49.904410899235,3.075872535476735,1,101.8043621479219,10.0,0,0
54,1,広島県,31.985648044869993,145.92491437299552,145.00714067610124,42.23241668562454,24.35384541148108,0,116.39609351310304,10.0,0,0
46,0,東京都,23.142575740731168,108.84594106314661,90.03589927894949,46.79267705874522,3.6514985770972026,0,65.11058193371927,10.0,0,0
42,1,東京都,18.495096286788648,104.58083212867608,26.73011788842491,34.36954744646315,3.3872223421081498,0,85.70671724583183,10.0,0,0
66,1,東京都,26.595497167944814,126.87840481068704,61.93212641435375,41.38583113712817,7.554488589198961,0,80.05861672896935,10.0,0,0
48,0,東京都,20.245140214937013,78.23633742007647,60.843814332109254,53.51711404978157,23.40006255254809,0,87.81721387097193,10.0,0,0
49,1,栃木県,26.014232251861145,130.1463543128238,25.7443608502931,60.86363411303711,12.204150555162453,0,105.24319856491292,8.88801145598228,0,1
56,0,東京都,19.36305786380985,142.7544550572207,52.63678204685137,48.72738179301344,23.277909275254203,0,96.3419598385178,10.0,0,0
58,1,長野県,18.920987183175527,106.14383771635133,127.12696575881093,40.67835307398048,22.6888952276702,0,109.18755210396284,10.0,0,0
71,0,東京都,21.768494268337406,112.49344837764932,54.426783872041696,41.53978348610472,14.24052560575173,1,87.49228286183777,10.0,0,0
66,1,滋賀県,26.744220595227812,122.90355234885922,542.1514727322459,38.374026122671246,22.341407251864833,0,98.7582644902128,10.0,0,0
45,0,東京都,21.668334702091965,93.8688323521058,48.73166232630434,65.08104782245951,15.623324699808284,0,97.12327519533933,10.0,0,0
57,0,福島県,27.19113396591875,127.4724510823619,66.87176713782888,55.36960496082831,8.018914846911908,0,104.92023335401832,10.0,0,0
56,0,佐賀県,28.70910348642132,117.42095812457454,131.5715600799009,41.996211574071594,24.327890107231724,0,74.15575094664176,10.0,0,0
69,0,愛媛県,19.047283654141946,111.62716208044961,117.28507217232114,40.753302847490055,14.44919099739879,1,67.76337699298391,7.710746357835014,0,1
55,1,石川県,14.520974585616873,89.35928781387949,44.049462885658684,39.01963020890632,2.2862059975933526,1,86.99958114461758,10.0,0,0
41,1,東京都,26.955143305971436,90.32605288773887,71.81718027339086,35.963568065545296,10.088196631303589,1,79.69512112614558,10.0,0,0
63,0,東京都,22.216326663857714,130.36755086760425,43.38814268636771,41.982300515589074,12.096324385253299,0,78.63896011022041,10.0,0,0
49,1,東京都,23.74908762740999,121.9391937659857,49.91777838291851,57.97636173713696,37.28198315455221,0,90.98289009851317,10.0,0,0
62,0,大阪府,27.019334867974035,125.39145548249503,158.21164230902392,58.98373658493694,34.076122665508215,0,122.34427476280463,8.106580215317086,1,0
54,0,静岡県,22.736271695536498,159.9337292340998,155.19231691371775,50.83498331368176,25.26035051255374,1,81.24677821365542,10.0,0,0
66,1,東京都,24.68714126090895,110.17941842558,334.2500070936511,41.32493208412707,26.446007526672712,1,96.76970925427665,10.0,0,0
49,1,秋田県,23.29053088082473,101.59333978954565,57.583559617203335,60.015161922540166,10.701444506455552,0,92.82473779302843,10.0,0,0
69,0,静岡県,23.821075177940468,102.30377517052345,287.64766050767383,56.71417530110039,26.36366049601704,1,71.78247496915773,10.0,0,0
40,0,青森県,26.40237746508252,90.79649528986498,111.93896886806291,41.301480748074866,33.80427426895796,0,82.142183084272,10.0,0,0
56,0,千葉県,20.685429769390723,104.27402776814044,15.617854505499697,54.831748525417694,3.9162292667217744,1,87.82826833592269,10.0,0,0
41,1,新潟県,22.698005444731386,108.45002092224088,72.21571861528923,54.82797998543999,38.81393274666778,0,71.13186179805426,10.0,0,0
62,0,東京都,23.639767665996096,119.87691040072687,57.34250673529614,41.597016101078516,16.78906084543123,0,105.14700889531443,3.0942304390826014,0,1
42,1,福岡県,25.74274731833023,112.26377267388459,81.22236893166423,41.11287595155746,10.022018240169361,0,108.51220695435592,8.123796117874242,1,0
54,1,北海道,22.50013163717697,106.70349540961584,35.83585064217443,43.72321691389102,8.07950365959284,1,68.57092000344896,10.0,0,0
53,1,愛知県,22.716915141921792,129.67010642456904,217.97397780077338,41.61521631824467,36.432285653146494,0,78.40869234339094,4.69058722843149,1,0
63,0,東京都,21.30622905537421,122.84378443401474,167.46997767203263,41.757739495037015,8.202932255957752,0,79.92504634186344,10.0,0,0
42,0,東京都,24.810643169418203,98.9984635882507,59.051028355308226,55.65639183511335,15.756832241501215,0,93.00162236124699,10.0,0,0
60,1,山口県,31.012075629722553,139.40815909345363,344.9193420416508,41.61330267838241,28.35378171940012,0,74.15277767222757,10.0,0,0
57,1,東京都,16.76213536161479,72.28913249181677,93.78574761472733,42.26382700437059,2.214252544544084,0,71.3878235647135,10.0,0,0
48,1,東京都,28.113311787703122,134.00424732146973,217.90734470437712,41.56859135100479,39.335504201531286,0,97.25668727546545,10.0,0,0
57,1,東京都,20.649609630870028,136.76246856920383,46.57057514875241,53.5176131672741,33.00221924659193,0,93.01339963334415,10.0,0,0
47,1,神奈川県,20.023496271935574,110.86467851240883,117.35692381788529,41.06040246349591,20.646025586588635,0,98.14900201708065,10.0,0,0
66,0,神奈川県,21.68313478951082,130.1456473551516,168.536588807253,40.98788362130113,9.819735026880764,0,85.94209632997031,10.0,0,0
46,0,東京都,24.862292295856076,159.64939512023847,115.41651545836713,40.80540251033153,8.439787969235228,0,96.8914504634469,10.0,0,0
45,1,熊本県,22.618376792289027,118.31967036256866,49.2762484386613,42.27683179787711,21.627025299148343,0,87.21510930145611,10.0,0,0
70,0,岡山県,32.0370275775975,164.26787824801625,70.64549536851929,64.51692110660147,15.686401721290226,0,110.14371275466527,10.0,0,0
46,0,東京都,13.38440542686091,125.75288284742062,16.107108841102054,55.64468085798072,3.1852999051947926,0,78.1677216376773,5.8451224843020695,0,1
55,1,茨城県,20.850619292901744,118.76471709386489,29.926992062157417,67.42048838942824,14.465535543815648,1,83.58454671949768,10.0,0,0
51,0,東京都,21.474152835546004,137.36114740198664,55.874461681208444,60.46967275591914,14.138738983827718,0,100.99722606720819,10.0,0,0
56,0,岡山県,20.539834750017498,115.56005293990137,59.71508761120162,68.23531395522222,7.584247864804969,0,60.80670964816901,10.0,0,0
46,0,東京都,18.81318273730564,139.16802277081848,47.800902244981245,44.25754959030595,14.996257670535261,0,81.27664364517462,10.0,0,0
47,1,東京都,30.52299343806151,108.55772389949428,49.23256472905519,46.80427606852185,14.624371123799454,0,79.56768614779222,10.0,0,0
43,1,愛知県,20.77552877676955,111.61792745302205,118.43458315778211,40.338086696923526,34.58815206257157,0,82.08023522239687,10.0,0,0
70,0,兵庫県,21.18779122832512,137.83091653676308,41.55911501961049,63.14989177423654,32.7596654506647,1,117.65157779094574,0.5376509753869758,1,0
73,1,北海道,17.329344146079244,97.87125470295736,33.25987118698405,41.51074633415236,21.916085856571463,0,115.64228953334617,10.0,0,0
41,1,千葉県,30.082788600831982,163.103707704,60.11728891040118,57.68317782282664,16.61077143977396,0,122.44859353064659,10.0,0,0
64,1,東京都,13.855407271773007,103.71031905195503,37.50054066617752,41.54584145476725,2.366794372658254,0,78.41186526191655,10.0,0,0
55,1,東京都,28.732956190365737,114.6239530364243,85.66015263482232,42.52139605468778,94.20052072007118,1,90.33036015341285,5.082693627086801,1,0
45,0,東京都,24.518579031707304,136.23376674417693,217.18712004523852,42.58284096064274,66.72495059623097,0,105.97672705038774,0.26252836977749566,1,0
65,1,富山県,22.980634346493442,130.35310564094496,114.68877324179364,41.57161953614036,19.888994573126407,0,93.98509471602912,10.0,0,0
51,1,熊本県,24.354575172349865,132.4922999851098,115.4880005503591,41.12346340783456,28.23248189357379,1,100.33306913515646,10.0,0,0
55,1,東京都,28.439524659540623,107.76533863803091,80.68877183296075,41.807910590525545,7.861675666342543,0,69.39581014265457,10.0,0,0
54,1,東京都,19.59139509403736,104.90952568783639,68.23269881736744,50.66441527433759,12.824212228774101,0,86.1867435752688,10.0,0,0
73,0,東京都,21.974881077041537,173.11114781907833,71.63604358664824,50.74311495679305,25.54802228750574,0,112.74125347696933,10.0,0,0
40,1,佐賀県,26.122783815169495,122.16003255661819,85.08892094078017,40.46411418563785,12.501203057226519,0,102.79356318753588,10.0,0,0
58,0,兵庫県,26.20721423914178,137.3260784756162,577.1799666625723,42.26438686575158,23.786151363204873,0,123.36873918176764,0.4013673124310242,1,0
54,0,岐阜県,22.30323457612849,118.96921156022607,44.36420687490608,42.218864847,22.931140335142896,0,70.25050091988406,10.0,0,0
60,0,東京都,20.97135793354531,129.25045216056174,82.37071948230685,44.64094092613323,13.722066367547868,0,100.76407543995143,10.0,0,0
66,0,東京都,20.53308426005862,115.7426531855869,51.879969961494595,40.3381710201003,17.636458748023486,0,74.45997426662491,10.0,0,0
62,0,東京都,22.342524909394474,131.7894723664128,69.25397604419008,42.02006897224705,30.75504378106014,0,97.8156857881695,10.0,0,0
67,0,東京都,14.806119874165752,132.29253933556342,52.77025027540313,50.8463857936673,9.704952201626373,0,95.86716280583784,6.244766883211219,1,0
55,1,大阪府,26.971893766488744,131.30334801291067,17.04339582276146,66.67212019849138,11.873385313939254,0,66.49756804926118,10.0,0,0
67,1,東京都,26.356609703708727,108.43010269793103,60.253223918426755,41.95071278583654,12.947235297626627,0,92.78335881363569,10.0,0,0
65,0,神奈川県,20.23410678490084,153.02254326924333,150.22474663843454,40.861323489174325,8.867853238541155,0,89.54898627208019,10.0,0,0
60,0,東京都,27.864254371826295,105.64493012954743,191.39551309916524,40.741209160410655,36.15410915048985,0,90.7704254256808,10.0,0,0
56,1,東京都,26.537383444026872,145.91662484683368,105.42002373969518,61.059166507476846,13.741469017616655,1,96.82666540192712,10.0,0,0
68,0,茨城県,24.63885029927885,137.84827024228008,152.44676701748767,62.88389520250537,23.312682062175593,0,99.87423232750359,10.0,0,0
63,1,千葉県,16.833670699683513,127.47063696341456,34.81847946898292,40.883201788588764,3.1971798115828296,0,88.3604470105169,10.0,0,0
40,1,東京都,24.025484135595153,97.82949519162136,39.14780860181149,66.54833119157101,4.910938001906172,0,104.94333427818259,10.0,0,0
50,1,東京都,31.143444364118356,138.18378333938483,331.8946222916117,77.27203389676279,65.51499256995253,0,112.6574435736159,10.0,0,0
53,0,東京都,16.60017473737897,125.50928529396866,102.0824770373317,56.002812525196404,9.377907131744351,0,82.24612240850334,10.0,0,0
52,1,東京都,23.220338539800974,159.48843218318018,531.4197243962566,55.56711865756515,15.79390284999809,1,106.78205872002924,0.175224920129622,1,0
48,0,福岡県,20.644425988546516,117.01440488363664,112.81064833398442,63.44239011204131,13.010001045084259,0,72.35532697607948,10.0,0,0
52,1,埼玉県,17.600408925136573,121.06512483181879,158.65365010598398,50.31915552030098,10.773039867606702,0,99.25274238933581,10.0,0,0
56,0,東京都,26.381308082923745,120.79100932323956,172.3364417346671,50.79625509274948,68.3260560404266,0,87.83902866202874,10.0,0,0
58,1,東京都,20.54367969184822,138.80943034422802,153.16574645285064,46.022846829140775,27.010577086071052,0,98.07781513932316,10.0,0,0
51,0,東京都,22.393146132819837,126.75601255714389,211.7757194119979,46.23020623738918,34.10911766562625,0,118.71092306585051,10.0,0,0
61,1,東京都,22.638693346966065,119.82834106368898,52.2448844625919,55.31392889518132,9.358854795014388,0,79.68896413384836,10.0,0,0
66,0,東京都,26.055291837485463,147.44880690055786,59.43836851999915,59.87521436962963,6.719400289826346,0,93.43513955952002,10.0,0,0
52,0,東京都,19.040680430271323,121.93505460265936,111.97119195392034,43.20845099300235,19.2750529264274,0,98.9020182770818,10.0,0,0
53,0,茨城県,11.690017511784331,122.0806515584061,103.29917274475882,60.01524777704808,4.158373996284669,0,86.65018503462201,10.0,0,0
73,1,東京都,18.77008575241277,129.9306276065488,33.113488319960354,57.283410867560285,23.65257426644048,0,106.78182355632799,10.0,0,0
48,1,東京都,25.851111700835855,144.5447561820452,229.20569324365678,50.807044901637575,15.809506735777644,0,99.42813086068335,10.0,0,0
51,1,岡山県,23.012508532537822,133.66042260174194,52.10760588992239,40.86572958680652,4.744155073015525,0,92.04594940313031,10.0,0,0
49,0,東京都,21.48694014376865,117.97896602018433,148.07119387734852,41.23638779817908,44.74687834519712,0,100.15131256613013,10.0,0,0
74,1,三重県,21.31691979762395,125.24512891371253,41.82121730743086,40.685193263718574,4.210424711783902,0,99.78328810435703,10.0,0,0
55,1,東京都,16.29288314737111,114.6565623296936,34.25625164642065,59.24168000401383,2.545816829073995,0,73.88442528464995,10.0,0,0
54,1,東京都,17.185971314778964,121.91983807001863,31.5650026803978,50.08401433568129,9.345113360398521,0,89.51853391717962,10.0,0,0
60,0,愛知県,18.601149171571677,128.99081372882785,61.66222150848486,51.676641655489995,10.362090860147976,0,88.08461206230746,10.0,0,0
72,0,埼玉県,28.54662324580719,111.67667055557321,157.61107150907722,41.03656153086533,47.7659450585856,0,111.177734867155,7.4108660838354155,1,0
55,1,千葉県,30.509828549048535,139.74213692414338,38.365162782429536,41.699117557626394,32.03819306038986,0,79.1696857082254,5.9222292704762705,0,1
69,0,神奈川県,25.164370241385548,143.4862848271951,143.42706231450347,41.48993760039705,14.857315352699063,0,109.59998887055718,10.0,0,0
55,0,京都府,17.946382657792064,71.20792941331919,98.374736875727,42.510304511887064,17.456069577482378,0,75.19104740001424,10.0,0,0
69,0,東京都,21.476547553315996,138.1148247162875,172.66156515984952,54.31895698199652,42.12147391402224,0,99.49302885741092,10.0,0,0
46,0,岩手県,25.46600542768131,134.63649663473586,48.956367187162215,41.229037664642306,26.98764794477991,0,89.83593624821665,10.0,0,0
65,1,鹿児島県,23.67339321199976,95.84249394232506,216.43445560375304,35.62136331348023,4.731120445708249,0,85.7851371865087,6.8560889639399525,0,1
59,1,新潟県,23.78814591195942,125.04534659511606,43.362579513449134,59.9217588163446,12.251946443886057,0,94.29709093828967,4.808458277428621,0,1
58,1,群馬県,15.687701101293065,103.2801742904423,123.82613593770596,57.738986801263174,28.18672042727776,1,89.03573911463252,5.337272336765418,1,0
45,0,東京都,15.651534876763838,90.44938839165765,36.86816703133348,41.99591905461967,17.21145750174043,0,92.79009862588917,10.0,0,0
45,0,高知県,18.870257698843407,118.3453265235852,56.95734207713184,42.62781839587491,4.87878688631325,0,114.34012377974574,10.0,0,0
74,0,東京都,20.847261966912605,149.30114269742143,134.91888791056516,42.40151795895803,5.8996496837759755,0,107.1753065649257,6.8538414962438035,0,1
52,1,宮崎県,24.40422837226438,132.19304956394734,61.95633101130529,41.91697473316946,12.24888790291723,0,123.0340066357026,10.0,0,0
73,1,東京都,27.49001959842425,164.95631616230668,167.27827874801554,59.056312260918304,70.91796617447395,0,97.65757802016529,10.0,0,0
41,0,石川県,27.055548156570325,101.26377645402056,62.10482782556702,48.40482530712435,49.326944522041714,1,68.49052440561378,10.0,0,0
64,1,埼玉県,21.75762555963629,125.73490771212875,132.30383204271854,47.3804361798668,19.522448552795137,0,100.32419226761606,10.0,0,0
49,0,山梨県,20.19129124945875,126.57933316849306,21.90311432275257,42.442944492222466,7.6172816625040785,1,103.95577398303386,10.0,0,0
74,1,東京都,17.558730423439595,159.67610238044185,72.55585691584467,53.22089022340188,12.831607724594225,0,87.01925700659997,10.0,0,0
44,1,北海道,27.586250050042107,120.1449113498769,156.39511731766203,40.435795859326404,34.48400437708553,0,83.7445247519538,4.736523346444136,1,0
55,1,大阪府,20.657088739584008,116.17027893627188,57.468385634634345,41.14561508677087,2.612768115191234,1,102.97053845470276,10.0,0,0
74,1,東京都,20.06575307069158,161.5086105738307,215.0646978816926,41.5678747039548,1.844053222885912,0,78.1708183421806,10.0,0,0
46,1,岡山県,22.300687847139404,131.2103825984463,123.98949593983468,54.56776275378921,15.057631386055924,0,99.52119552653846,9.02292434059823,1,0
54,0,新潟県,25.838325865575793,154.16829769902418,137.4940775996822,54.48734555447928,18.530607068382473,1,97.69487394670848,10.0,0,0
67,0,東京都,23.673174533771828,118.64009224667285,41.824916959362156,41.781990190107216,11.006453568841287,0,92.53441773625829,8.209425748827073,1,0
64,0,東京都,21.808705834106856,132.17137513970886,12.509076631341498,71.05208987502854,11.201149892649823,0,101.0694272146438,10.0,0,0
68,1,東京都,25.615988035280377,139.57463743956765,145.89676942020125,40.47664847725783,10.067354589380189,1,105.74188161536188,10.0,0,0
65,0,佐賀県,28.18009160873969,113.98609949430787,71.8254058948625,41.21977973959117,16.276836801949635,0,83.04708618996152,10.0,0,0
44,1,山形県,20.39264652084094,114.03476786374796,39.456598324919185,40.18150171414532,11.122450602064825,0,84.3444612312192,10.0,0,0
54,0,愛知県,23.13347197803016,129.2278261676494,307.721207757238,41.96453774483167,49.01606001534559,0,81.22408901212559,10.0,0,0
45,1,北海道,24.829929687903917,112.42234379182192,179.80204228126104,41.861545425541955,47.26420635781417,0,107.21038089484053,10.0,0,0
58,1,福岡県,16.598517065461667,92.68451690981611,82.34962866492418,41.72175328251581,16.87835070607843,1,80.44744291580805,10.0,0,0
60,0,千葉県,20.29426196346523,126.39365571196328,85.14874829260152,41.437990837423264,2.9787318673885212,0,79.33518115939597,8.346594107096822,0,1
67,0,東京都,20.061048205833696,139.209180523219,59.325401882259236,44.98617160337194,3.2223796085447702,0,75.97700070620772,5.473951312598713,0,1
69,1,奈良県,24.208572415106868,130.24733199325152,33.872253917207786,41.48439556635402,4.690849724140338,1,113.10963019382177,5.803160082537527,0,1
73,1,東京都,18.98309361655918,115.65488544299745,72.9008586093739,42.005023418020016,10.414037550687958,0,92.32357311092932,10.0,0,0
56,1,東京都,15.69749427198312,133.62260046256017,94.98530399148345,53.119510014777894,17.799414541040118,0,82.24712889058108,4.820193884128839,0,1
68,0,東京都,28.95740130388168,163.22461711844963,115.40108462880302,56.24311129033845,17.972684227186374,0,117.6595991723098,10.0,0,0
42,1,神奈川県,25.64156631499986,121.8593508230873,228.93896200220922,41.75865877441162,78.10386568757214,0,102.22358582442969,10.0,0,0
73,0,神奈川県,26.55116153860991,146.60788195732786,43.24196897990292,47.28152931436767,28.21154538146951,0,98.28987765129727,10.0,0,0
73,0,神奈川県,17.53520398348868,118.9817735058413,134.1700186813092,69.55663145995106,22.15720821458049,0,105.77707391289589,10.0,0,0
54,0,愛知県,19.079964609714803,105.79319823159709,18.28189774609316,53.680525123860576,17.244549044278187,1,99.84160902215451,10.0,0,0
73,1,大阪府,19.489871982216183,136.42345375469742,59.91049280248866,51.714899227725724,5.927492354276083,0,98.93599099586075,7.637402078642902,0,1
70,0,新潟県,31.78810983608822,129.77174614890856,99.3873306579254,42.37672194273671,40.39688154225219,0,97.37569498309625,6.259836159308855,0,1
64,1,東京都,21.040548971794202,74.08865435993586,14.252613632868757,41.92013292612191,1.1250108805485481,0,69.73546636697905,7.214426670810305,0,1
50,1,東京都,22.74344919196288,128.271264943292,164.10090106339226,41.863668143810415,73.11757550356619,1,80.97283571156895,10.0,0,0
53,0,静岡県,25.242508684999144,129.3177885154659,17.139372584969205,41.699366322244785,6.88878310976188,0,66.57917965823208,10.0,0,0
52,0,東京都,25.272904880204447,147.19051654081431,394.5948780234246,42.92684940351845,82.77533312517508,0,81.54870705164679,6.179400683803942,1,0
42,1,東京都,32.475011996084525,132.95983176224192,84.6861312470115,41.12102203332887,38.880851915889814,0,109.73412847346681,10.0,0,0
51,1,東京都,23.52060301927226,110.35400093712867,49.28703780917824,55.442392895242115,10.080550387837812,0,69.71338888998267,10.0,0,0
48,1,岡山県,22.572620757825913,142.16327926911282,57.006701883532116,42.59480419710715,18.019605250577925,0,83.84250933300262,10.0,0,0
54,0,東京都,23.91621696061655,132.86229425635014,57.37893426742968,50.81282781234359,12.09838437584478,1,78.37418265856873,10.0,0,0
70,0,福岡県,22.47381235584821,90.20149375043688,50.77810244589998,56.05515860831482,32.801308025011025,0,113.12543672595984,10.0,0,0
60,0,愛知県,19.594640893423893,97.80457382534625,51.98810634296448,41.367302386999135,32.16349011117823,0,101.25782619236827,10.0,0,0
55,1,東京都,23.579158721996336,110.61872237738552,118.84335675261194,53.484028982000154,16.814637561627244,0,94.94288962427613,2.1716948491427908,0,1
47,1,福井県,23.642694893662714,118.09505049065227,105.30624431160045,35.66058557850833,18.099274019649243,0,89.04557448920843,10.0,0,0
47,0,東京都,24.623927175047584,134.98449817643598,72.85133160788219,47.31766662802348,28.262659028189642,0,82.02179309194294,10.0,0,0
70,1,東京都,27.80044590037518,153.92972096148037,109.20267908471887,55.56673309490326,47.60585818989652,0,111.17883919063625,10.0,0,0
73,0,奈良県,22.15087634637439,130.1157050866379,22.459728842608065,41.132080837879855,4.9434090785188936,0,76.08411044842289,7.8350947785616585,1,0
70,0,東京都,22.036418446115672,126.0213989822585,166.03946641829575,42.377425714045316,30.02823092391049,0,64.76205753545045,10.0,0,0
57,0,京都府,17.263228225517615,101.0188784120851,43.0983751755771,41.835894844343905,16.954683080000063,1,111.81249365537987,10.0,0,0
49,0,福島県,27.91477534115978,132.98438035830486,21.89220133723648,50.152429500992305,23.263103294361304,1,62.86539962062746,10.0,0,0
47,1,奈良県,23.46519241000186,119.65036316155178,46.027552388071236,49.55045545505862,8.391385529007088,0,58.988887366443954,10.0,0,0
64,1,茨城県,21.877495853872414,121.28555347451476,116.85229463260671,53.62866696117134,32.47966045706743,0,57.40995220413168,10.0,0,0
55,1,東京都,20.474349389251348,152.52360868449878,50.93297713119329,41.61356133946172,6.44947648924116,0,72.8601641417539,10.0,0,0
61,0,東京都,16.639411583481042,100.40776103183175,84.19698027722022,41.962767969318996,13.851156814579861,0,89.33561383308118,10.0,0,0
41,1,兵庫県,25.456056116296285,135.0151160095993,44.458278773832916,41.853610688398675,10.092174510022197,0,91.3445290243974,10.0,0,0
49,0,東京都,26.003484323387024,133.48853505797993,116.51237943721756,58.120467756815124,20.36018366467471,0,89.2584658544316,10.0,0,0
64,0,東京都,28.111095564974594,145.9528873597822,106.03374555926679,42.2509787538766,35.33062017794378,0,91.74078713269421,10.0,0,0
74,1,東京都,25.836597762641805,120.78102453357893,310.5087623130669,41.69962512996327,45.544028600955194,0,122.98621172408347,10.0,0,0
68,1,群馬県,25.142530422334016,123.19611908583225,126.39452599022425,41.69903636889311,11.049047491305172,0,63.108027628865635,10.0,0,0
73,0,愛知県,22.429214897408574,129.2379566126726,60.69095127863091,63.19827636924486,45.23320983825091,0,121.0604474510738,10.0,0,0
51,0,大阪府,28.387294429433517,138.6387561560678,215.2700518582238,63.12597276779392,45.39292426097547,0,112.04884632082887,10.0,0,0
59,0,東京都,26.54016536280443,136.92481391945827,99.72393221459676,42.221343391619826,29.850818341471648,1,85.92505250540962,10.0,0,0
46,0,愛知県,23.926754891203764,152.78166244564895,100.16691505856203,66.4184888174892,8.608409997363896,1,111.91971655441107,3.4659997611813864,0,1
70,1,福岡県,17.670744669091416,89.39017908626867,75.61161869096402,40.53364161875237,10.341612059929501,0,93.81674151562,10.0,0,0
63,0,東京都,23.119841039320054,137.1173403327235,44.11868332252633,42.58227037749482,32.8332797325614,0,91.94641770658114,10.0,0,0
56,1,大阪府,22.956614274543664,127.09352454131194,88.28952356547887,57.64377215135869,11.681553150937484,1,82.01961491166878,10.0,0,0
51,1,熊本県,11.643834779934416,92.73649104692454,12.102330681128812,74.47080770987134,1.0387646041018512,1,67.99420059981512,4.8082591404330985,0,1
63,0,北海道,21.429546067256034,131.8114170198275,51.69404046950119,47.809914700060354,4.800796392009322,0,92.3714213792831,10.0,0,0
53,0,神奈川県,24.45604995022401,105.64714252970668,37.23569309443968,40.76684751208598,2.559741984969312,1,95.38375372182114,10.0,0,0
53,0,千葉県,21.496505857246824,113.6747007602117,64.13583195824373,41.8873683864715,32.08924360154465,0,56.23847092876494,10.0,0,0
69,0,東京都,21.70377080087806,125.420282938053,53.01843966998329,34.33328261170645,2.09738528411555,0,96.25535847194695,2.4197321982958258,0,1
60,0,熊本県,19.392725877094772,138.38481193491793,134.08900277034445,41.94104153358901,8.850987505991855,0,99.36196037371984,10.0,0,0
50,1,茨城県,20.51142318901287,120.58208373709734,116.91898640758085,41.590598358701875,14.246319472972917,0,78.44690279549297,10.0,0,0
54,0,千葉県,24.50117905096776,104.3692010782454,49.62327376339292,52.66206564672122,4.160906369367732,0,104.59933063274845,10.0,0,0
41,1,福岡県,21.26681141116674,94.97555192454736,12.42499352356025,57.441860562805175,1.2754651838864761,1,77.48336987654852,10.0,0,0
52,0,東京都,26.69622870529969,165.0990334888774,276.1106468872487,65.53078090205767,49.57020807032748,0,95.86841180454327,3.7368847888439456,1,0
51,0,東京都,26.392726764932945,112.11285458790223,57.094990367819854,40.8530178312765,3.068525769437474,1,71.2881593641603,10.0,0,0
64,1,東京都,22.564613226149817,157.54454232735824,127.11860099618514,43.892914778915284,41.633313452745746,0,99.67717161811271,10.0,0,0
60,1,東京都,17.555944859258982,119.03287206782196,111.31517741956262,51.4575731126848,5.450189654873925,0,98.07745905751722,10.0,0,0
43,0,長野県,26.816155880362814,93.19902350733008,97.80104563594631,40.57255177722703,41.221751531680844,1,71.89392679748737,10.0,0,0
61,1,大分県,28.42631499424516,153.79014986310818,310.7748330819803,41.23730091530514,24.651361018402177,0,104.823894362377,10.0,0,0
53,1,東京都,26.505171673306254,109.8128403726952,238.48065144868937,41.01396060161365,50.395047709038394,0,98.10598607618614,10.0,0,0
44,0,千葉県,26.075993693921262,110.40084135623921,76.73490628275394,40.63063575768838,7.52885654224371,0,79.67192622601841,10.0,0,0
48,0,東京都,23.400948321722122,146.2609994316851,100.97955350918862,42.016266363623714,11.924732390384785,1,79.81199094271935,10.0,0,0
60,1,東京都,20.6450303374137,146.08002291675808,100.34742403987039,41.6735180720014,9.516939264596937,0,78.18715489122306,10.0,0,0
48,0,神奈川県,23.13878446385947,118.93988257807547,157.71246620530852,64.93728765594345,12.228672976859757,1,86.02093176077376,10.0,0,0
67,1,大阪府,23.429661042183536,130.146951832381,80.19034938603497,52.35657648683728,12.455964284754767,0,115.1898390557296,10.0,0,0
47,1,愛知県,18.601023999831607,72.29393546674008,53.163907968742,41.451734114991524,1.497198561717934,0,99.21571816408145,10.0,0,0
45,1,高知県,21.404835849775594,88.89182829141492,49.868063188875794,34.19190889546564,10.826109226665768,0,84.36424876404388,10.0,0,0
48,1,東京都,19.085971079445912,134.9750452653002,82.40196986325913,61.47259552501012,15.766108047053056,0,83.32927488462956,10.0,0,0
63,0,東京都,24.5700459050786,113.94026813459861,91.88863240079296,54.94592141625732,24.382444010834096,0,116.22908085771842,0.6412745739562922,1,0
72,0,和歌山県,20.136431509162072,123.14009949665285,43.883278741030715,40.595156436397176,2.9121425035226096,0,113.11888164128538,10.0,0,0
55,0,千葉県,30.535459823714188,145.07183400672986,41.275244719881286,41.1731530404035,9.103434285796865,1,108.84673562869803,1.9186147477359234,1,0
67,1,愛媛県,24.715468230216672,151.71934385952233,137.40013076150916,40.629772618472,48.629034337168065,1,87.09969720368224,10.0,0,0
54,1,群馬県,24.515360874394883,143.1217283439778,59.48155774353982,44.186359994304766,16.539793014447383,0,72.48219412418061,10.0,0,0
54,0,東京都,24.35866701371999,152.51172091082205,137.402196354764,41.03644331165963,52.572254824970315,1,112.37795693551935,10.0,0,0
63,1,長野県,21.289612668366658,134.6975267293004,210.64593578363377,40.61631126202149,13.235506558840504,0,100.06166078111636,1.9618620103135433,0,1
52,0,東京都,19.8766739757185,143.6686703152521,61.872745647719945,61.60882462552396,48.289431951338635,0,109.98137798815404,10.0,0,0
53,1,山口県,14.704098212446091,134.98695438279356,79.11960611371177,63.220782705141325,33.81130925514081,0,117.85709530448959,10.0,0,0
46,0,東京都,22.563593231326433,103.54451164680346,55.718673361163034,41.858822561672284,26.403374639967808,1,86.16810038208722,10.0,0,0
45,1,千葉県,18.979192396371694,114.04303810042377,157.42844711972873,40.6090326925257,11.768551099483776,0,104.7502359530083,10.0,0,0
68,0,東京都,22.995690348907903,95.89236043887585,142.20345094595774,41.8878176993907,27.750490057036625,0,118.0121559124846,8.403373245186373,0,1
66,0,東京都,21.444030407493848,118.10969715742613,22.89740852188038,51.10357306681746,10.088966229361008,0,78.4752267930376,5.794890078286455,0,1
68,0,大阪府,28.222480141038048,137.5504736755482,75.85989788500439,41.249560818326955,20.823604659889874,0,74.18451326275368,10.0,0,0
53,0,栃木県,24.20753665430212,132.42473408937494,99.92771293078303,42.932547556500396,12.505658136661673,0,117.88319856257954,10.0,0,0
43,1,新潟県,16.751764378452776,98.60883935061304,30.964576490789973,49.945948426448815,8.3188986031391,0,100.92373547460865,10.0,0,0
59,0,兵庫県,25.49332040421201,107.2465930580736,94.44224224997058,40.28368434815961,3.2963521549528654,1,111.15193692988584,4.075943237090388,1,0
44,1,栃木県,28.366904600398858,126.54982295960093,143.71686269629902,51.285555242527366,41.422470092058774,0,112.54858764945433,10.0,0,0
72,1,東京都,21.599551838878696,111.39453903081886,36.45442459222051,40.486820249463165,6.88124750596302,0,58.274868251158445,5.566928812967916,0,1
73,0,千葉県,23.097668225949896,118.37922159063946,39.952258243481516,41.29326537460678,16.902279380107885,0,97.8795904554603,10.0,0,0
53,0,愛知県,24.250187432458738,97.81601327267322,60.55168068315345,46.99741143613063,21.096336404895926,0,86.21465887015927,10.0,0,0
54,1,新潟県,24.95201444590895,130.86363512575556,96.9667540243065,62.43769637078232,13.225503920200948,0,83.05202164425228,10.0,0,0
58,1,沖縄県,23.56200185876206,137.360951035257,119.51801065447093,49.98605437737364,82.68975493330666,0,74.6031798415826,10.0,0,0
51,0,岐阜県,16.533599849299847,105.08016227930547,83.82633611025597,42.67740566475329,9.020683683870908,0,105.74782872151873,10.0,0,0
48,1,愛知県,20.436166302557087,125.04247004998118,172.01417143101588,57.28376436225984,23.408656054509027,0,122.93981638854548,7.761321524870721,1,0
67,1,東京都,16.59809127432445,99.52989786761421,72.97278864258377,41.24137228269215,14.904861800937056,0,105.77527909329967,10.0,0,0
68,0,埼玉県,24.661287011026808,132.45807870136022,336.3188446594141,40.39848052313129,40.30178836903085,1,98.93167784771572,5.842283650894003,0,1
61,1,山口県,21.964953093923373,140.99738284343334,98.733441343923,41.22611892157841,10.08957747115466,0,114.86044870678269,5.568577291679421,0,1
71,0,青森県,22.78299097002185,149.73929015015557,39.115575311939246,69.46016831945317,7.699548663325898,0,86.9662580920014,10.0,0,0
58,0,東京都,25.84818523052613,139.98664283579382,51.33981106435034,64.50056640025525,16.922596410562438,0,71.64838502189656,10.0,0,0
46,0,北海道,22.798228226372583,117.3227067177314,121.2083085359051,42.05828265186505,18.28066832483337,1,117.05789779272189,10.0,0,0
47,1,東京都,23.466784224490507,142.85202452272557,81.14423568414122,50.850593139123646,21.66779473675206,0,106.9177853930096,10.0,0,0
61,0,東京都,29.05832790765208,145.3549140419684,169.1349539765781,41.90917238175043,18.939965202432607,0,101.97307843558502,3.8525257352111884,1,0
47,1,東京都,25.625837407028442,130.99746682760468,61.16291265017946,41.2390847969439,2.910898897595196,0,92.73598723409013,10.0,0,0
41,0,東京都,12.331247983927947,53.821623019626145,49.96722771478965,41.60778311814227,6.314892063148056,0,83.33188402721841,10.0,0,0
51,0,大阪府,21.35859259652356,125.72777963574377,20.603821371505674,48.86894250006094,13.440703732408858,0,83.365890326173,0.658435913458506,1,0
48,1,千葉県,23.80324500778686,112.06014710949786,61.849514572261405,65.81043815965315,27.10757797164157,0,91.38463145512375,10.0,0,0
56,0,大分県,15.836085723555835,88.68779958616099,31.89348378332934,52.38974983852046,1.0551371783122159,0,67.78340207113354,10.0,0,0
65,1,東京都,23.672364350051485,138.0473108364367,163.9786048171292,44.562670261704554,56.56837466687354,1,84.03498872118864,10.0,0,0
67,1,東京都,25.535253976685627,113.66753257842588,140.6641576566951,42.871811040003635,16.784186029933817,1,93.21239580784656,3.0990198883597833,0,1
67,0,東京都,20.118408721221638,107.49005900406996,41.87382284301261,45.29314172419997,3.308842949182662,0,101.7750617943373,10.0,0,0
73,0,千葉県,23.05059326831786,150.50367206840403,46.334461614615655,41.67005293498159,3.8706068315902207,0,121.95715551832183,2.4667878826761624,1,0
60,1,東京都,26.231670356042766,127.08548285370883,56.78831912003663,41.916979281316564,27.107610054330294,0,94.85383873578876,10.0,0,0
52,1,東京都,32.28236172092622,130.83583081597837,56.651901820626996,41.35284053618825,6.9947813839980135,1,90.23445960462287,10.0,0,0
45,1,福岡県,21.420679783278437,114.2265335121964,52.46846184086505,50.08781410519371,15.057119198097629,0,65.47948161376652,9.125064780149817,0,1
42,0,大阪府,20.406983327586314,98.71169547288005,55.87439713559301,40.286085309879866,22.55905196059436,0,74.25248937563973,10.0,0,0
47,1,神奈川県,26.551073568854925,113.40931710951804,85.47684725895851,49.37396590915225,21.90060182257127,0,56.31358630294555,10.0,0,0
52,1,東京都,19.086731435268064,122.00823520598344,52.80599401801597,41.242190215548845,1.4897834709156355,0,105.23243735270822,10.0,0,0
44,0,東京都,26.887714033547518,115.87790257355388,220.88222242744803,40.98635607995724,34.22298434524874,0,71.85737837802205,10.0,0,0
53,0,埼玉県,26.003581677930043,111.6730692035562,62.45865359613478,59.94714011854682,16.405501621371723,0,102.35835940857812,10.0,0,0
53,0,東京都,27.919120884304288,137.85330869412675,321.42785475375916,41.28024887810968,19.279073822423946,1,116.12565985315581,3.5702001314377636,0,1
55,0,広島県,22.64097571259839,130.1449086771658,239.54013447846904,51.07813730391763,13.791913666893231,1,78.18714945295945,10.0,0,0
55,0,東京都,22.401984890044684,139.61457271881528,41.6418644823766,54.474664644677446,12.272724553336511,0,100.24656558923579,10.0,0,0
48,1,東京都,20.618196170682758,106.51042609810206,66.20523595115351,42.4539181868772,24.224115455504016,0,91.20388068395566,10.0,0,0
53,1,埼玉県,20.18878448127428,135.55984487531234,81.82651585857292,41.2329853910466,19.52811484527193,0,95.4889309857532,10.0,0,0
74,1,東京都,28.825889138184955,174.71748906045147,232.88229161022971,40.596441300537414,12.102448767533746,0,97.84495501574436,2.747733350624035,1,0
51,1,東京都,27.677136770428703,105.57200961836327,117.15730498178145,56.347365082026386,41.73375022263986,0,77.76263679493825,10.0,0,0
48,1,東京都,25.465030150712284,138.38773022110226,120.73313585083817,40.892672067788574,33.33588550958943,0,83.41142133476004,10.0,0,0
52,1,茨城県,16.004017843239918,119.51777519539613,20.631437705287354,37.08945563854238,2.9418295191471624,0,104.46562674050652,10.0,0,0
41,0,京都府,25.2081366593546,114.1783026941582,57.260079488093254,59.478131203625836,34.51858895408344,1,66.8859919566369,10.0,0,0
57,0,新潟県,11.70247305807642,88.45534555641679,18.863647066666186,42.511910291388304,2.6721405922278376,0,57.43643392809086,10.0,0,0
66,1,岐阜県,21.609414868361437,148.70721605925897,107.17011319411549,51.7668304988289,14.320567938262984,0,91.11721813975298,10.0,0,0
73,1,高知県,22.071414595980684,120.87724362425213,23.249284442470156,42.108813872721434,15.941590040588274,0,82.96606779868098,10.0,0,0
66,0,東京都,25.738836779608718,134.41635328632194,100.42566897517412,46.40759018627543,10.0118068275737,1,101.55369324708889,10.0,0,0
49,0,愛媛県,29.005310784578626,139.75061582745076,94.90873629266822,42.199567446658044,16.936643037913598,0,117.89883672084083,10.0,0,0
49,1,香川県,21.19635775065216,114.56086988603273,130.1402467025255,42.83180603521336,19.606806711972766,0,98.16162158108813,10.0,0,0
69,1,三重県,20.721091828006614,138.03179554837598,26.73338080125894,43.557969987692346,7.669516316431851,0,83.29549827162721,10.0,0,0
41,0,山口県,15.645099680064597,72.58644286997962,41.913305761001624,42.452146244699186,4.0779257504655,0,68.54411081842724,10.0,0,0
72,1,栃木県,19.291205137509394,93.9140761010782,71.96989826934066,41.03630233994306,2.7576607975717904,0,113.46414496892078,10.0,0,0
49,1,東京都,20.294240637812646,126.00411875467312,205.40378967758852,41.90223126662549,8.858963966421262,0,88.8758461069154,2.3724927464701158,0,1
59,0,神奈川県,25.017689652829095,138.19444765082244,80.80910835161217,41.15550208713388,11.983015580189452,1,76.91101394614796,10.0,0,0
52,0,鳥取県,18.9677541604155,105.99460452280978,22.980152452465603,55.51916999055775,3.765685143724842,0,67.97164852367621,10.0,0,0
58,0,島根県,20.082511765282355,97.79455256666071,197.06077050558983,27.95478676841444,12.960549839527149,0,75.72075852635871,10.0,0,0
48,0,広島県,21.639597911042184,147.46441449769992,25.633363376991685,64.12204636442064,8.610946497400482,0,89.59964541696986,10.0,0,0
67,1,大阪府,19.52611629161569,102.02608219948328,52.432267171552056,55.50267702975883,3.669173464741978,0,90.09926020350944,10.0,0,0
48,1,徳島県,26.600564904677288,150.71031392934637,512.4197586713848,40.41956588962264,52.567451156348774,0,78.79388709288641,10.0,0,0
42,0,福岡県,20.550245534184707,161.71456558733908,76.61690139785159,64.2788801206856,34.516695453479066,1,121.95171661295304,2.7563618947761306,1,0
57,0,東京都,20.2042532546326,130.99957183208727,76.68945064538349,50.26915520009973,8.188537735594402,0,81.02019626697452,10.0,0,0
42,1,静岡県,23.41484639117717,114.12373016649678,60.25358216703776,50.56691835316355,12.098268439034001,0,116.38887010272408,10.0,0,0
40,1,東京都,22.40975025385821,126.13228407074226,164.64247360389624,43.585187006268306,36.67849586736683,0,119.47293218009828,0.40992649852492574,1,0
53,1,東京都,32.86820565171805,133.47102839370203,105.80885757119815,41.91060362277637,36.28483292734188,1,104.94613740944595,10.0,0,0
66,1,鹿児島県,21.6758315790576,118.05364898667773,69.02054126823202,40.74142126891448,8.392157771409998,0,104.49076563276809,10.0,0,0
55,0,群馬県,20.649104111056186,129.9552665075336,69.00393098093062,71.17424008119201,32.472151011500394,0,94.17654820375839,10.0,0,0
45,0,東京都,27.182632631848413,114.76667191048139,114.04322298961729,40.66266318941734,44.75119716610741,0,74.52807454566708,10.0,0,0
41,1,長崎県,18.274318519868856,132.24155350517046,12.8654714905665,53.67915504362315,13.443774311875123,0,70.87028654155992,10.0,0,0
72,1,埼玉県,19.15110474404539,105.78859524701694,116.49351901910045,39.947898737264076,6.33639714506563,0,74.66726846325076,10.0,0,0
46,1,愛知県,23.822358935454417,128.1826399387892,97.1164974084391,44.98512157094661,2.923250171609708,0,88.1930680225503,10.0,0,0
54,1,京都府,22.07190963680845,122.58374388152106,118.51389245153335,52.74774927077998,20.40846843307962,0,83.29680830341609,8.238743516102312,0,1
69,1,大阪府,26.123150674747507,122.855213911961,153.61144242476172,45.923054373854875,23.64139792481957,0,95.20875020771278,10.0,0,0
57,1,秋田県,24.028595181387832,159.40517838729915,49.21506403509412,44.18593006012141,3.8679096071871717,0,85.69311263085892,10.0,0,0
48,0,新潟県,26.222754609566238,167.7347610870815,63.74750197780402,59.36283674308558,22.50023826552275,0,91.88650729595598,10.0,0,0
67,1,東京都,17.14190895118047,127.23435920283471,22.694165447772576,50.82234024058295,3.471499481706325,0,95.76501306549291,10.0,0,0
56,1,熊本県,25.17296901207274,127.42158814744712,147.64754939323004,42.04237592097414,98.9002809326668,0,99.62200846018793,10.0,0,0
44,0,京都府,23.836156889437838,105.66215692292158,54.841810183945555,27.4915735340358,3.1065489763122107,0,64.32001678307994,10.0,0,0
60,1,大阪府,20.70923056595931,132.1731588398896,79.8692035191884,51.398914038255654,18.816197430842447,1,104.91797700060204,10.0,0,0
53,0,東京都,25.25360368999691,123.77197741671263,205.1736322572589,40.95430956447444,44.69299006439218,0,119.63847613510339,10.0,0,0
73,0,大分県,16.497838157888317,123.535124038275,44.54086186595289,42.04552688760039,8.632530960886395,0,88.20994661206012,10.0,0,0
60,0,千葉県,18.63540880804614,128.19377667706866,38.952682367914655,43.04504758276967,7.33682921126503,0,60.54704085716432,10.0,0,0
52,0,大阪府,16.664763328905323,91.5170503029939,52.74079753295696,40.8046910198689,32.57380070731534,0,81.38371766284064,10.0,0,0
58,1,東京都,20.248001778911068,117.89435866725616,29.191667485995186,40.85197769838024,11.823967150643796,1,67.4212194174325,10.0,0,0
58,0,東京都,28.73592345204369,142.65618170207597,320.13055056166894,41.995427411662185,44.74854071311824,0,75.18678674184129,10.0,0,0
69,1,岐阜県,29.989942086460136,143.6064193482843,456.11246431106565,49.66645501112397,61.52344400354445,1,108.51219472867756,0.07357639824292028,1,0
56,1,東京都,23.86351259276957,123.17436610336924,74.21794442263834,41.65963638876013,44.74247561628885,0,101.79367984744991,1.7549108739131265,1,0
57,1,東京都,24.50978820794609,101.59551139487054,26.697182585500403,58.445627529369325,16.57573844694355,0,92.88196562325066,7.83957822325388,1,0
48,0,東京都,22.013569690352938,101.28325146157897,94.23936071268284,34.58058890806066,12.289833481905392,0,95.66252515429713,10.0,0,0
61,1,大阪府,18.30156106190891,96.4248681127495,39.771870824523646,42.3856766990154,5.959705785261876,0,115.31946842272767,10.0,0,0
48,1,宮崎県,11.554398716362623,105.66505030377557,37.537856613430144,41.7957586586763,4.222223436569738,0,57.40694378924075,0.5902434546259275,0,1
56,0,熊本県,35.300710436755,157.6291821117679,276.4875111170156,41.30917717920479,36.475448429061174,0,78.66230703529801,8.83673619130421,1,0
62,1,青森県,21.68085342306659,138.61967831909135,46.94549641529878,51.28033814480681,16.932359012285335,1,116.360892634182,3.5556867482628864,1,0
53,0,東京都,22.293698158949027,114.1928638437915,18.005295841347102,40.85582500184915,2.9487201329548958,1,92.37375893301177,8.361506059696064,0,1
53,0,東京都,28.176946452615756,120.66295835706511,37.36793875799201,51.62380174048639,22.71452550016459,0,99.2216334755399,5.308054173385873,1,0
68,1,石川県,26.18657328666866,138.5755032403421,72.79650084062109,44.9959396427318,29.125591853086355,0,109.83626354140615,2.499069017209066,1,0
46,1,山口県,23.121300531230823,133.1780871516099,23.539959960732073,56.27733934803245,6.853738066934567,0,113.72012977271247,10.0,0,0
73,0,東京都,16.44283235821603,163.7251852551458,170.35292836708913,72.43612593695815,12.992210834700549,0,70.47681405262738,10.0,0,0
64,1,大阪府,24.89801908225441,124.64296475818873,206.3185834223311,55.663205304068654,31.775710616525448,0,80.44369664474961,0.9452979213141364,0,1
45,0,神奈川県,20.652012683963303,102.73203759719206,66.27504373337726,42.89705558524888,5.5945127117893305,0,77.15434691020312,10.0,0,0
53,0,千葉県,29.84223319611332,123.53039673264041,48.06384025971093,41.919356676817245,20.009895937703316,0,112.88305965535399,5.4107853862826,1,0
45,1,大阪府,29.233254278330218,135.0976333984702,368.3396568440406,41.74400962613414,68.18089393385739,0,125.0,5.267283487587176,1,0
74,0,東京都,16.44892102700311,121.67425195385096,76.59914429329741,58.96632692636602,5.008750660408994,0,94.18581057088488,2.423508174601129,0,1
52,1,神奈川県,27.055498667329637,142.28629686669538,125.58961226752854,41.69360904000266,11.095536775211212,0,71.47318868266181,10.0,0,0
57,1,東京都,17.235033434100593,115.20957833777685,67.26436505484438,40.67831237711366,21.01035005149171,0,105.10988489635629,10.0,0,0
49,0,山口県,24.023915261285197,106.84305327764282,177.17918783731923,40.96954137834491,58.572024128889616,0,85.70816965687425,10.0,0,0
52,1,大分県,20.434979503622333,120.55305971480534,49.93767924237722,41.80798954897556,10.42556122065775,0,82.09802376264255,10.0,0,0
52,0,兵庫県,24.213391468936365,129.55254301155824,64.28469829708926,51.624152040643416,2.202854862802589,1,88.37113564131704,10.0,0,0
50,0,東京都,26.074140337541035,128.18131853392444,175.3730099259368,34.54055917696703,46.26308271731894,0,91.49128956044737,10.0,0,0
65,1,東京都,27.16263842626367,110.08771770799933,76.01111355927446,41.635664491553726,8.862777841350644,0,109.43119335584952,10.0,0,0
43,1,埼玉県,28.164916908649392,122.89855035523931,231.71930795627463,42.30134025554978,52.57224137626399,0,97.2623526771415,10.0,0,0
54,1,北海道,24.611132012710886,145.35409502153223,186.71103343536245,41.618738962463546,12.106167307969272,0,98.18171086058028,10.0,0,0
40,1,東京都,29.4063164217224,148.72494105728646,155.0214286272505,58.99174608018887,56.21439012902634,1,83.42706272767164,5.8034540922148885,0,1
71,1,東京都,18.834912049831892,125.68583817838388,274.7355968196467,41.468969199252406,12.204400825965488,0,77.8653249417043,10.0,0,0
41,0,大阪府,26.824519445851156,106.88914064471493,30.870630161343986,41.784132425683154,28.31318419312633,1,93.39094199497109,10.0,0,0
41,0,東京都,18.851112283226016,111.61865130809244,22.12461139945855,40.419764451283875,4.875248442970398,1,94.22024556988197,10.0,0,0
52,0,静岡県,16.260181588132784,101.34827111754613,49.32208851460431,41.02775952687691,7.934506079347842,0,75.66579757760194,10.0,0,0
58,1,東京都,23.60594214874626,122.90556547495143,27.2096441847319,50.31371067584064,6.973546470796703,0,108.99564693584102,10.0,0,0
49,0,神奈川県,26.74414250857624,132.10363137606447,95.79091933589535,41.35758748882537,36.67798815509201,1,65.16224424633138,10.0,0,0
51,1,青森県,17.121243527634437,122.91646198311356,72.4693386805541,55.640191680466856,15.036452221192803,0,85.66140286621449,10.0,0,0
73,1,福岡県,23.97505069619812,121.94298642715066,126.14826782838303,41.343887904662274,4.219735942910131,1,93.66944102302493,10.0,0,0
61,0,愛知県,31.79266067622975,168.16452857896573,145.97953851792627,41.14603570138298,80.35798114905234,0,93.48061314211832,10.0,0,0
68,1,愛知県,25.266052982227077,138.1179061572331,83.24427349465485,41.14192077498369,64.14371453880283,1,75.33859451329788,10.0,0,0
64,1,長野県,26.78074102255266,148.70222208510907,163.2526347770669,41.97109595947381,6.881756477129096,1,109.40032611220343,10.0,0,0
73,1,東京都,18.509138474600146,120.59926247547342,210.4499893929999,51.37474524026819,20.039568023410947,1,78.34281534295204,10.0,0,0
62,1,大分県,24.22620202850979,121.82222289833416,112.81456494876137,55.82513031293885,46.379362672455215,0,116.24166129243069,10.0,0,0
50,0,愛知県,21.908982099427938,98.52146495462343,90.99250720514117,41.96963818529651,19.546647524920868,0,85.14125017266284,10.0,0,0
58,1,滋賀県,23.603889349965588,167.02070439505877,198.1309541224669,44.93166475858764,32.18058926857187,0,100.97269327689382,10.0,0,0
69,0,東京都,23.546907047701545,104.65478049055105,67.71840916477456,46.66758134669187,8.351827574177495,0,63.02855716327866,10.0,0,0
72,1,愛知県,26.5413731421461,125.2157934554137,281.05633621464233,53.83265141113052,15.37161810549467,0,108.4947069943225,4.986893935746101,1,0
66,0,愛知県,18.23391012545434,110.8440829212106,76.71553881612128,41.23041901669366,14.564421161650056,0,91.05641975248186,10.0,0,0
52,1,東京都,19.392259793866497,117.0222655135673,204.2091137013781,48.92593289154569,14.292030315094413,0,110.38293503730726,10.0,0,0
60,0,東京都,22.070589770980703,110.18426872743417,91.07680523946316,41.619703540014676,25.89707767403095,0,91.13527141578054,10.0,0,0
43,0,神奈川県,23.42990204917006,137.97629907522625,57.37974863777094,42.18768128217267,4.717022848275268,0,80.44737035305621,10.0,0,0
54,0,東京都,15.242431869858299,129.042631434132,60.7807042518881,42.35893481779102,13.465297932708866,1,90.0678456778998,6.103123295542951,1,0
69,0,東京都,21.623025128241594,137.5109989010304,98.74340825539134,42.181507899487656,27.346690986433007,0,96.59083061684824,4.7982602353998285,1,0
69,1,秋田県,23.92337198804378,163.24414460384156,151.43145251981514,69.6949714770225,14.796123730181742,0,113.43612888384466,10.0,0,0
55,0,兵庫県,14.82401515313208,96.85803481416012,223.7919592734056,44.5028038366443,7.783388574211591,0,101.45157062780426,10.0,0,0
68,0,福岡県,20.141628164379892,115.00969515518092,49.44423567963162,59.95365355152968,10.216863216256968,0,72.90722159801979,0.5611321982287558,1,0
41,0,福井県,18.888965697830194,96.09203107912681,37.257057836467034,43.145487767864275,22.49783556291974,0,80.70478423372671,10.0,0,0
62,0,宮崎県,24.442016712802037,150.35674933788522,88.78480993549071,35.19457305390297,11.736762988112893,1,103.02199590727086,10.0,0,0
62,1,東京都,30.451010347256847,176.3411994243268,204.02169612572393,60.1702277441707,39.14338296128666,0,122.78232925425888,10.0,0,0
46,0,沖縄県,21.87714448333538,99.69934961663196,273.0222879104936,59.853870131396455,22.38034965426239,0,88.50969724004088,10.0,0,0
57,1,東京都,26.68286462592774,140.55049865468573,173.6985752115166,49.226142368414116,26.185028971720012,0,84.3040393674428,10.0,0,0
41,1,奈良県,22.695580812976747,106.4455451130656,38.96226171836862,41.53532263884928,7.4869673762310445,0,94.9655997125979,0.3406124423648413,1,0
69,1,福井県,26.09739998051833,173.76269075886592,76.98530598870191,54.31893873987939,6.487140153191806,0,96.59620847656709,10.0,0,0
73,0,長野県,15.915405689636955,125.39778227381927,46.703198090606996,41.382847187112674,13.930977874065036,1,82.79055824286132,10.0,0,0
58,1,愛知県,19.279288835193594,127.70960069264086,96.99995253068086,67.25287461923062,12.370609968855454,0,90.78212010421665,10.0,0,0
42,1,東京都,25.38238428983724,100.56382207649294,97.78303980058266,34.34687355047368,3.782683685260699,0,69.17755180759094,10.0,0,0
61,0,神奈川県,27.167814420236716,124.73999930796901,88.90041935343899,42.973109633828365,19.143502708502815,0,107.53236576265671,4.190768194119926,1,0
47,1,東京都,23.836349631442914,108.745534285338,60.30683200529032,45.00146925340649,8.670484288127962,0,104.68285230956947,10.0,0,0
48,0,和歌山県,23.605268071157884,120.38150538846968,193.92856405600227,41.29282834920197,14.947742003523125,0,108.5114241623404,10.0,0,0
52,0,東京都,19.604431281796227,119.94098659595404,140.33839485872917,50.27992114602121,61.60676989247302,0,94.43646027304175,10.0,0,0
71,1,東京都,21.451162814804817,116.05946286788027,14.947239478131479,46.52341457555495,7.140949435632244,0,68.590982612733,10.0,0,0
60,0,東京都,19.309480104777936,127.10594860815094,86.00342018250578,41.656442082923505,16.182262624459046,0,79.02581798204498,10.0,0,0
58,0,東京都,26.95691485923531,149.12978802144116,54.461970602390664,41.8378991823568,12.962306448289828,1,92.45972518048085,10.0,0,0
64,1,東京都,18.59443627157815,132.11478710078703,68.31696864610198,63.84036444517535,15.544402168201891,1,91.57214012302951,7.934114545829145,1,0
65,0,東京都,22.137969590973444,133.17244094169956,347.0652881906538,63.29952142691019,23.296904608886,1,100.39007394012819,0.14910897407164386,1,0
59,1,東京都,20.97693881898353,135.18609538939916,278.5140979201165,39.210875584636916,6.764566153009245,0,79.85386614470555,10.0,0,0
68,1,福岡県,19.10820634869722,125.51098890462342,145.92078337772674,66.32714365982054,13.41093312478634,1,98.93207056320014,10.0,0,0
42,1,福岡県,18.775752182798122,96.39902257831794,21.752859358335105,40.73812026893162,1.256707895470268,0,60.26607412759107,10.0,0,0
60,0,東京都,24.626817740121172,133.03076475446616,97.89026366624694,41.38459598673939,11.812645813723043,1,103.9279818381774,8.286103934119774,0,1
52,0,広島県,24.366357945287884,122.16227903315976,45.28939725735811,41.33192184377403,21.379160109785424,0,97.11567511571471,10.0,0,0
42,0,静岡県,22.414299897532363,107.43608960557643,63.587911835629534,47.68836804111992,9.716495931156475,0,100.8185564225017,10.0,0,0
59,0,愛知県,20.362870429187257,99.4407994501001,146.20289188721742,41.61361833257363,7.0118273138972524,0,103.21596277913488,10.0,0,0
48,1,神奈川県,20.67194296412333,159.9839717044753,57.245812315078,63.13337958927379,3.782933025791649,0,81.13220322054885,10.0,0,0
61,1,奈良県,25.613549465088507,100.21057768721748,132.26417495893816,41.449265436187055,23.072609656857942,1,70.08714990549029,10.0,0,0
46,1,東京都,19.215253776657416,136.56510164153636,42.030230485625715,42.53573896037672,8.208574182717049,0,85.3053748228484,10.0,0,0
48,1,北海道,23.506533414174438,121.82149921551853,86.2067574625354,40.92834630449504,21.684467229934736,0,81.32479447933396,10.0,0,0
56,0,石川県,19.437100783119963,97.80466256969989,87.74133123932229,34.21564178486433,2.9449969906521214,0,74.8066697690867,10.0,0,0
61,1,東京都,26.961010682835873,139.20715881582402,109.13459686084335,41.174262358300254,26.42092396919263,0,94.21977772842205,10.0,0,0
61,1,群馬県,25.33880213472411,134.40448417316694,120.60455808902523,58.32647464826822,19.23430654546893,0,79.80805636812312,6.59573546097818,0,1
69,0,東京都,28.492886806356516,122.82998420332092,100.37768348483925,41.41562254153798,10.866511113480161,0,91.42727745286771,10.0,0,0
54,1,東京都,25.969395880162043,110.0943872034412,99.69635733386173,41.642723713877984,14.151069278704622,0,83.65692391922576,10.0,0,0
43,1,福井県,17.65560260295459,70.8973259860846,22.260108560489876,49.56055168688219,1.7666373573868879,0,102.23240277570568,10.0,0,0
58,1,茨城県,27.928563106684148,92.01577777544591,45.28336350354398,40.94693723764334,7.116287908605963,1,79.79406931978738,10.0,0,0
44,0,大阪府,19.24474519847433,145.35477577363798,84.07192056399323,59.045926062661486,13.341210309249595,0,84.13656540921161,10.0,0,0
65,1,東京都,21.42762607623787,145.76339308318413,204.5113339609406,53.57986092868569,15.254535939961297,0,119.48586450084115,10.0,0,0
63,1,東京都,22.823413243812933,103.84103290614794,76.90975657184708,42.44831489358202,6.627087373720347,1,83.56130339211306,10.0,0,0
73,0,鳥取県,26.554726616541675,155.73168725258412,85.67186928355038,65.64174212521785,56.72338957629712,0,123.38298974847841,10.0,0,0
72,1,北海道,28.429427892272415,130.86467839843561,151.30701683733298,41.61511191355618,32.5720085864062,0,99.86873166646633,10.0,0,0
66,0,山形県,22.058313153906195,108.29043845530374,91.4053564838103,41.78299785331015,15.8603092449619,0,112.28159493918366,10.0,0,0
48,0,愛知県,23.569966346599823,100.9747834061464,47.379996660957445,54.50545873405026,5.405833611301505,0,119.18504922353834,6.87430398804201,0,1
48,1,東京都,24.202660291058464,117.5627655199192,84.68072648217806,55.199427282694735,10.794792720822018,0,72.24924025062045,10.0,0,0
66,0,北海道,19.231001079315135,118.34146224145285,54.69118638360941,41.41592622820153,10.760659585453324,0,90.33043492693264,10.0,0,0
74,0,福岡県,21.395748047728812,139.73655569611594,128.3605354977052,42.91801027189314,15.612166975486147,0,112.68406038027636,5.472914989244763,0,1
61,1,東京都,18.521136311228997,99.15317040382754,143.84570688677778,49.708796399625264,14.114582989138471,0,101.77629743444881,10.0,0,0
61,0,兵庫県,28.57544445027384,131.15525488074107,52.127494252929736,40.75331515410045,45.397467477774285,0,105.2027130511535,10.0,0,0
52,1,東京都,16.229557654324665,98.94838771135346,27.31049065149887,57.02705190079135,6.495483858399095,0,98.01259909994876,10.0,0,0
57,1,広島県,26.4062611175004,148.27817284272814,81.40306522862461,51.076778254437585,46.38005922711174,0,90.12443085525881,10.0,0,0
41,1,東京都,27.532709265011626,103.37192166251192,43.90382922654791,42.382698432551926,4.738668423585643,0,88.5157951161098,10.0,0,0
43,1,東京都,11.654993979867122,88.60450385269522,49.50080903410518,41.71490041743397,1.1700096789113483,0,59.05767726182924,10.0,0,0
58,0,神奈川県,20.493930749211902,173.81761866771396,53.27598436193398,40.72026890055932,3.7870669652808298,1,96.13993297763471,10.0,0,0
61,1,大阪府,16.74450513488157,116.0796822723092,41.5542003336052,47.085682758499566,17.243986821008015,1,65.18334699737062,10.0,0,0
68,1,千葉県,22.21577597552913,136.42337819726058,40.26549522377111,59.50599765889648,20.334124433585345,1,116.69215102794284,10.0,0,0
48,1,大阪府,21.35734000656786,104.65481230508956,37.80923017576278,42.04020277367045,22.604088738745077,0,89.42936785887733,10.0,0,0
53,1,神奈川県,23.56443189948775,106.20840841740603,34.096175488347825,58.94087742877748,32.80609916115747,0,109.01292931381937,7.077727615155356,1,0
52,0,東京都,30.88146342824168,156.56059355288164,343.4839054825746,41.79404391188355,72.39117730408759,0,115.1877594319909,1.8156001556503005,1,0
47,0,京都府,24.752354314806553,122.28118486619418,132.1792591466398,41.65573164808415,10.066488721884685,0,93.86140704165052,10.0,0,0
47,0,福島県,17.10773023725374,99.0726214375208,58.204305623006896,35.269180964566544,3.915415293357863,0,59.18913225485115,10.0,0,0
53,1,茨城県,23.42371364850783,101.36205945574147,32.239042989193095,41.74690205200734,4.7215914092328735,0,64.40615970053909,10.0,0,0
48,0,東京都,23.755260617597894,108.34988812433211,57.57525304637366,62.883762151771414,12.221827566494968,0,96.24477061693177,10.0,0,0
67,1,岐阜県,20.06327893545394,127.48699200404596,84.0973080698372,57.30752816157873,14.645084749507072,0,81.70141898394972,10.0,0,0
42,0,千葉県,22.801029253364426,87.6084649297702,50.434924340929236,41.8738035046579,48.70041195472099,0,91.73513632828532,10.0,0,0
57,1,岡山県,22.956432868851397,117.99320625484796,52.349708181899025,41.94869919169838,11.679681773811438,0,107.17153337869104,10.0,0,0
53,1,広島県,22.413590476521197,114.06084087095957,131.0257066371446,44.586445479182274,10.828272368378633,0,80.6842483541017,10.0,0,0
73,1,埼玉県,21.476786180424636,115.67333996592455,32.31313367319891,60.93444444536179,11.145052778959782,0,101.72157301060021,10.0,0,0
49,1,東京都,26.408772752441866,99.36573293572376,83.59394463045672,50.6988945253048,6.442568596704471,0,75.71103033474918,10.0,0,0
64,1,大分県,19.443147278721238,117.45628955925885,221.77508169127927,42.64233233164659,34.52115292200617,1,117.84689147355665,1.6065091673360332,1,0
68,0,茨城県,20.49819251195761,119.01430098066366,63.72516389191834,57.398830430844455,12.213776097900597,0,76.58696510837476,10.0,0,0
56,1,沖縄県,22.761905827929144,104.99003859984124,77.30171568686795,45.02510140112772,35.42266891666847,0,109.32593305665357,10.0,0,0
63,1,茨城県,20.494797324240363,153.68932883323095,40.727366059835056,55.31955676343223,10.174524105587098,0,110.11002541407065,10.0,0,0
54,0,奈良県,19.581979977229597,123.69840422383501,80.03384912901704,42.35112401596156,22.39418194427105,0,116.0762182892487,4.4594428939084985,0,1
67,1,北海道,15.937822967440514,114.48723266247602,23.998620864239875,41.605242516263935,1.8817307253090612,0,68.52615782475685,10.0,0,0
67,1,千葉県,20.542329217571577,128.5532937575763,212.2133203692377,64.27695465753013,10.584849684345967,0,91.69340556859686,10.0,0,0
64,0,東京都,19.74580826197184,99.08413541340997,27.924391514002668,50.5738321677639,1.3288560191754315,0,80.48530976112738,10.0,0,0
52,0,栃木県,23.659724168057306,139.69123008627767,96.43611481959911,44.51920969503141,12.098266505615097,0,93.13490012637567,10.0,0,0
56,0,奈良県,20.651829833123188,122.79507795118313,98.74346241368731,63.02822772451753,34.794347414090645,0,96.63318402574606,10.0,0,0
54,0,東京都,24.124817340559268,113.37975175563943,37.72908782250635,41.8920580295262,15.095443989104709,0,103.62221485460566,10.0,0,0
69,1,東京都,20.856500837895883,119.6469430410914,40.95714199563824,41.90208797054071,8.67034498151718,1,96.87733289958965,10.0,0,0
40,0,富山県,17.591125031780553,102.73849412713426,100.0892511941945,41.12071780991861,5.61044511056069,0,75.11263516569056,10.0,0,0
50,0,東京都,25.367705959580373,151.44113857306849,76.67610274420831,60.38090753720546,14.935070563326413,0,70.18081532041047,10.0,0,0
42,1,千葉県,28.058513984141765,138.7662225771915,57.19061868120962,64.31405286087656,36.7135385096873,0,84.78469750853644,10.0,0,0
49,0,神奈川県,27.75894930433635,129.05457326775314,123.98321519591182,42.55863441854555,13.17266458142098,1,115.4838874510144,10.0,0,0
61,0,福岡県,27.2928883964899,127.05836482899029,177.58673111940413,41.328872844690736,17.662248385192886,0,66.57293381169096,4.150031733997723,0,1
48,1,奈良県,25.83040391472216,161.97275638455218,98.42189731511793,55.05455321553688,7.446823745130254,0,93.48670517010598,10.0,0,0
46,1,神奈川県,23.64933596161301,130.36942313473637,76.66312284088532,41.38335807906904,26.106254313993787,0,90.58693749643392,10.0,0,0
49,1,北海道,24.191923735261312,106.9128305188492,73.45183732795995,61.13623681570685,6.3083670361579856,0,86.65657512055695,10.0,0,0
57,1,東京都,26.01490363311229,154.00686896200256,108.9567729093662,41.71199571181458,28.194954022810123,0,112.68672690047605,10.0,0,0
40,1,茨城県,31.065566383715094,115.80152597693785,39.04260557166653,61.467435651994045,18.923996100987303,1,115.13383029976673,10.0,0,0
55,0,東京都,24.853506062669695,131.87585123603958,92.41241212147625,43.202510829369956,27.635269633408623,0,115.56462818279913,10.0,0,0
45,1,兵庫県,28.32945839695512,148.68907693541993,164.44183726155347,40.2199517896452,44.04228925073999,0,103.9590848107186,10.0,0,0
46,0,福岡県,26.513718899923163,120.95734549193341,63.38250438321822,65.85209298136314,12.738609526365128,1,115.74718523779636,8.74334433779033,1,0
53,1,富山県,21.771438394982074,97.3649148834144,193.80368954678084,41.11605246934503,16.881465628962665,0,82.37712074077844,10.0,0,0
48,0,東京都,21.41209489366232,115.37654117919469,71.82041181133212,42.14370764591248,15.856428741530792,0,97.41003990412351,10.0,0,0
55,0,埼玉県,22.15465366088496,123.53681509854984,93.334502305715,41.06851206604902,11.451490551414738,1,71.44543005661149,10.0,0,0
57,1,山口県,14.800545251188273,78.86672534608785,47.52614258018647,41.08205762341867,17.319447698421182,0,85.74467443783706,10.0,0,0
74,0,大阪府,26.182546175174267,174.16697112996107,361.3968083093191,60.374583379459025,20.966161980678486,0,87.82482714429588,2.4180603580909485,0,1
61,0,奈良県,27.899254628806197,155.1734925271826,239.33812878530048,41.80457695282115,20.96530578791944,0,92.46727287700598,10.0,0,0
60,1,神奈川県,23.671738469861385,113.1161907443836,80.00303391056511,47.78748787355652,9.333735088274821,0,77.37118948981589,10.0,0,0
41,1,静岡県,24.833518924249795,71.26329074719644,39.12295906541415,42.51884961927082,3.8020118634263884,0,90.77448522160543,10.0,0,0
45,1,東京都,19.245884892351903,112.40564891989995,76.479685980975,42.99575934863665,14.41098394515166,0,108.66658825870053,10.0,0,0
50,1,愛知県,11.699787968785888,80.9778747389402,20.562808651584966,46.51945452136752,1.0347584580006801,0,65.91504242780842,10.0,0,0
59,0,東京都,19.68191259754571,109.80749390631541,58.229669719177885,60.08944089520236,34.49460773444671,0,99.87429862463064,10.0,0,0
66,0,茨城県,20.232096683812088,135.1870906219588,25.778504786515178,41.14605082389868,2.64592132943177,0,82.66253891655708,10.0,0,0
69,0,東京都,19.01125461744673,116.68732365711178,322.7622560526418,41.635574020149846,6.215726069376076,0,81.13145050174629,8.792724442023621,0,1
48,1,福井県,24.467429289957288,137.4972170242422,187.10153768370083,41.113467066112776,26.29570046690332,0,94.91836869262715,4.912132888792535,1,0
68,0,神奈川県,25.839970444336597,134.0004530936856,59.31467939389622,64.63028535221424,2.4134520022661126,0,96.28300131917405,10.0,0,0
49,0,東京都,24.411267456310856,133.68202776779367,144.75288460679258,59.982613408903234,7.4821714921554205,1,92.74053317188493,10.0,0,0
62,1,神奈川県,24.48200694537128,131.82780411754874,98.45473068576568,48.4327917389581,14.192257471966238,0,81.5449639392866,10.0,0,0
41,1,東京都,22.69801427247387,112.49330484686035,28.553992068955623,42.61622267186475,7.138290349062472,0,70.16666174559677,10.0,0,0
48,0,岐阜県,18.27581558728819,118.99486650624583,61.77744909638419,42.20664347194881,6.202058416122858,0,77.11785397166291,10.0,0,0
44,0,京都府,29.070957296938058,120.59636595250807,112.96417448193455,41.29980840528078,6.418378288758409,0,83.05599384256448,10.0,0,0
45,0,山梨県,20.907122443866907,110.52521371696442,58.97239409457734,49.67543908178502,5.555669695394811,1,90.62167135994976,10.0,0,0
42,0,東京都,31.91822245792717,146.50189161185492,446.20118689125525,40.98876376874423,39.38036607156748,0,117.52237249406329,10.0,0,0
48,0,東京都,32.57158266010524,137.05411568568613,121.05029196602776,37.90902092082464,2.9070983543896207,0,78.61505231841637,10.0,0,0
70,1,東京都,29.6225211901442,134.9752551968204,281.55533205393783,40.58359283901179,6.399946466955368,0,75.18662658193286,10.0,0,0
51,1,石川県,16.602427684963704,122.91121800051391,23.234951088156873,41.93396020125899,5.570028802122844,0,87.92020384646719,10.0,0,0
49,0,石川県,20.115941912949516,101.59535348314999,96.33064695204712,42.04914585580948,9.16633354310626,1,116.39630523597894,10.0,0,0
50,0,長崎県,16.3557659104343,102.02249307262525,11.571542755408291,41.28097412253361,5.074451813665036,0,79.33497434958917,10.0,0,0
74,1,奈良県,23.12152510250924,138.6524510305053,72.33625186495208,40.97739359689012,21.381946315936016,0,77.43757083004209,10.0,0,0
42,0,京都府,25.083889801744895,105.12456043987386,91.61457867345882,41.39275773869352,42.76028904385398,0,92.37116082096604,10.0,0,0
61,1,静岡県,19.382339383916232,94.96819993368385,93.84202392883438,37.31342271973478,32.792536231920884,0,64.66490767624502,10.0,0,0
59,0,千葉県,15.974937248813138,112.52260713788938,65.12998737770708,42.22118099314655,4.617597937874982,0,83.34501075341176,10.0,0,0
59,0,大阪府,18.54228491009768,109.53758260923316,23.341089482510224,41.14434927050634,3.177873772659912,0,79.75864367566192,10.0,0,0
54,1,茨城県,18.58274391955811,97.31388798350132,56.67938755328302,42.678380454630485,9.791716852737197,1,100.76570105403192,10.0,0,0
62,0,東京都,26.758619465871202,154.25177615464733,37.25620136691615,43.01209574357146,5.795251468106061,0,118.12853451832987,10.0,0,0
73,1,熊本県,20.6495071892483,126.53852968139165,158.4339561313213,41.453003684381315,29.49641929457773,0,65.15118955306461,10.0,0,0
55,1,東京都,16.788810106920586,99.11966783231796,53.13121031944077,50.536166820053914,22.96000550817464,0,95.64334107576983,10.0,0,0
42,0,兵庫県,24.83223600824106,98.66429979123147,72.75377731635763,58.90507262480266,5.759134912159373,0,108.88053494231272,10.0,0,0
49,0,東京都,19.4113895928819,104.55852640200159,52.78811184058614,41.04264334610634,33.83810597767568,1,67.75168260572889,10.0,0,0
61,1,大阪府,26.319196686697644,141.11066476985127,130.1748940218204,42.18768779444086,13.052592526389738,0,91.07804524509805,10.0,0,0
54,1,東京都,20.668982627296387,88.26318343751959,38.73312466931441,40.55841993040793,4.142084091613382,0,67.07900672833519,10.0,0,0
62,0,奈良県,23.751642326438546,141.93838422353247,112.93196488081753,42.24720954233339,20.84303152241146,1,119.74926538809264,10.0,0,0
61,1,埼玉県,16.21109205368487,114.33772411400396,23.481131883545554,41.635579287175176,2.3352620519244507,1,99.97184601235136,10.0,0,0
55,0,愛知県,20.56791381270477,111.4838174277034,35.89518340823267,42.05765648727559,14.218068674285375,0,79.90315819766332,10.0,0,0
57,0,熊本県,19.248178998782222,119.02649458593078,29.960295112984895,57.32793963013818,4.666291416615375,1,74.30370010005656,7.776977746841103,0,1
73,1,三重県,30.020254871210902,155.95566235015124,395.0394831665139,75.73939995400585,26.12378147231156,0,108.6644544933262,1.8151907851003315,1,0
45,0,東京都,24.48916453135257,95.12349603249638,48.77079592735696,41.70751109625227,7.7459030135805405,1,92.36111164953472,10.0,0,0
72,0,愛知県,28.736553135742227,148.5828324794268,54.790274323549276,41.75632134230995,30.00306015689809,0,116.38492799587057,1.6569607994302753,1,0
71,0,東京都,20.971390047514358,159.06978915678465,89.83737850214554,42.020852015776434,6.987681434032054,0,95.87040570515042,10.0,0,0
74,1,東京都,22.23474708883249,130.14613244337153,50.13217231326617,60.81095560846863,7.935369902208516,1,112.73076849991568,5.348937096311894,1,0
59,0,福井県,27.019477511196776,132.4129373238177,41.7039594256112,71.29877111054057,19.554914050477848,0,75.7590578482769,10.0,0,0
70,0,愛媛県,22.99455186717904,119.56143366900949,106.34687897741604,60.65487262554635,8.429643044824159,0,96.31946770020988,10.0,0,0
55,1,東京都,24.952652476947364,150.9924351246438,77.3628557446596,61.493508334102245,34.193999868918084,0,105.78993199711763,9.825895184924018,1,0
73,0,東京都,13.567722605569008,111.7191609625299,28.4249079439895,61.6964508357346,10.321767986554958,0,68.59119009292056,10.0,0,0
42,0,東京都,26.750270010868817,124.72066800940532,63.921052653694616,52.339013256108146,10.83556045662599,0,97.84333772660507,10.0,0,0
61,1,東京都,25.856683749875955,127.35807867605405,64.28539346139183,58.4865051605463,15.247673174976322,1,92.6920222021094,10.0,0,0
44,1,岩手県,26.973073182605283,105.84053154346208,101.02209012818763,39.90321167405274,2.8816306863088856,0,87.03521949968842,10.0,0,0
49,0,東京都,23.427443144370578,111.67507460951195,54.485423263949095,58.81852996245467,33.793679767125575,0,73.00671012743406,9.637149575987483,0,1
56,0,埼玉県,27.826023260551224,140.91616309693262,65.23491527332675,41.890610602999,21.015034318247455,1,65.16334146876697,10.0,0,0
60,0,京都府,27.48822775083739,104.70056786809526,71.27024271488489,41.83160890828603,9.336708443124948,0,88.5146868462801,10.0,0,0
67,1,東京都,23.705433751253537,128.2159509830122,28.81328001753205,41.3134631892806,6.769345198668829,0,67.7482139355554,10.0,0,0
46,1,高知県,20.955407612479785,106.93097788692648,162.41250005687607,58.47871301971688,29.82496377792794,0,118.4360511468256,10.0,0,0
72,1,愛知県,21.31188811920568,137.30795440652076,158.74385433720698,42.206485357990914,52.35860268048764,0,125.48739036883572,10.0,0,0
70,0,栃木県,24.538443331863423,144.04577424122007,56.65838643555815,60.65672907164786,9.010898808540896,0,81.63222612736038,6.870104698884191,0,1
45,0,北海道,21.453136736099218,119.4478656087787,25.711114024802704,40.98286614718844,2.2129911732076724,0,73.80645667867253,10.0,0,0
54,0,福岡県,24.770623861852073,155.16152463875517,147.7984956971577,41.60292557591865,21.010209126762103,0,108.65686066786768,10.0,0,0
43,1,東京都,27.168818098917257,106.84312956071872,69.44409807821516,41.49740157519286,10.043722445966464,0,79.1898205669605,10.0,0,0
64,1,東京都,22.738482866343997,134.1598945044154,100.38492103546281,64.81875136660948,7.578636570679525,1,115.88101575468134,10.0,0,0
54,1,東京都,21.765266656803895,140.2508289405099,99.61438898600099,51.91150787370798,17.995106094782063,0,104.7526864689653,5.470616507362193,0,1
53,0,岡山県,25.62422674323894,108.16383443886264,148.1056018579789,41.427510868891254,20.02950082794954,0,108.5050264702606,10.0,0,0
56,1,東京都,26.076376981208554,128.22899186942533,559.6034764178037,41.747880378903844,23.10274715346871,0,124.14870132697267,6.184354530726645,1,0
57,1,東京都,26.08364618386312,160.32581394945174,159.47338690303968,41.04296141063196,23.43690570547814,1,87.5008193672198,10.0,0,0
52,0,長野県,31.89481209062678,144.96800481835675,145.42122387818208,58.002136474928236,67.5351409396132,0,118.05294114009857,5.291804736395969,1,0
51,0,北海道,24.434472520335234,110.26290193247182,35.846343696584846,41.48180823398382,3.1586901313724964,0,76.53127244144986,10.0,0,0
53,1,東京都,18.09257364251456,119.59309368224474,116.15859022310013,40.76870023652574,2.691191670308539,0,72.24722756498565,10.0,0,0
54,0,東京都,26.301238486468282,118.99495251894697,61.2068527012144,42.98164307505446,13.979575545211398,0,114.68134303497385,8.574631338852814,0,1
46,1,愛知県,23.652971955502142,149.3063616013985,126.84679363774823,61.16167298416062,2.8735900996536814,0,83.62028089679228,10.0,0,0
56,1,大阪府,20.061655238118618,95.86681887317793,58.82029167774233,41.377267574675486,20.872748451046732,0,90.60724100494029,10.0,0,0
41,1,大阪府,21.654796371688914,111.65679923366217,100.38575364332712,40.9783784452147,24.288279315375345,0,99.50571564992977,10.0,0,0
65,1,北海道,19.71341226187516,115.7539186040389,49.752573408883705,46.80387053866755,9.166207940548805,0,99.22174768497459,7.186335756972004,0,1
46,1,大阪府,18.1983938049798,104.06582230649343,16.431724747211824,40.80847552221719,1.3855137481107729,0,101.06601373480262,10.0,0,0
50,0,東京都,16.334609567852077,96.42714079071267,62.100264743480125,58.10497378418906,15.632678779189668,0,101.88198623886093,10.0,0,0
41,1,東京都,19.9496567771695,123.12111847031366,28.08984267123633,41.65047863552571,5.963164023927895,0,67.37075875171116,10.0,0,0
43,0,埼玉県,20.199554973609395,112.06253032216169,49.43351003643818,41.08851383355005,11.817407682569494,0,82.1055402270819,10.0,0,0
74,1,千葉県,24.66296132928193,145.32884931136164,542.7187599835501,41.902096729830966,102.03651239032514,0,125.0,5.558828762171575,1,0
44,0,長野県,19.13500725791859,153.34484157440235,54.63056001608463,71.06355755182645,10.093694926696173,1,97.86997358851205,10.0,0,0
45,0,宮崎県,24.1734380744118,115.84226971154449,77.0131057740681,40.54410144136928,45.91522872230201,1,87.68658736808665,10.0,0,0
46,0,大阪府,26.015286979285047,112.49111694947285,41.8655335106083,51.751777482718474,19.247670505806138,0,99.56318937104324,10.0,0,0
51,1,島根県,29.67803561958022,104.51604636990258,59.378463878751106,42.0563632838827,14.19188066775366,1,71.09092147786397,10.0,0,0
72,1,東京都,28.168857634369054,130.35362248692567,97.05649151111109,41.334506915875316,6.6399823307301595,0,87.11228911185599,10.0,0,0
62,1,千葉県,26.690155312133502,120.19783626199043,114.04596112975477,41.28428806807043,8.873839038728388,0,102.56593782965665,10.0,0,0
41,1,愛知県,23.57965873666215,79.49017604515973,42.833972288714214,40.93083083971419,8.424063510389514,0,57.69007577163595,10.0,0,0
49,1,北海道,15.78138220132429,114.00133672018205,69.38850706670083,43.893167417951965,24.09919855262316,0,78.47670127972941,10.0,0,0
73,0,千葉県,23.112765158185287,138.02880367813546,243.45615823021893,45.27066977687352,34.25873160928292,1,123.45313434053897,10.0,0,0
41,1,神奈川県,15.907147603247015,81.04976382033686,107.48239217920059,50.988208271391734,21.085127358088933,1,70.70383883249025,10.0,0,0
45,1,千葉県,24.955397200823903,119.56992996986178,112.80178198510006,40.84665956490848,31.46599050192832,0,71.83235338257728,10.0,0,0
69,1,神奈川県,24.683246582009982,136.1816387488835,96.14967233727712,42.10798356343195,21.37756737678225,0,96.35373666252764,10.0,0,0
58,1,大阪府,28.080963465282686,127.03007186177153,158.6471848902142,41.461371293006145,47.52000439491462,1,76.63547444530045,10.0,0,0
74,1,福岡県,23.66485025186966,156.46342602736027,59.04667980270675,58.087175048923065,10.740541139638184,0,95.20481851140923,0.04235433811322186,1,0
72,1,東京都,26.55042628439404,145.57817150170695,114.98995104567675,27.06871417716504,9.346711918579839,0,84.19744866355845,10.0,0,0
40,0,新潟県,16.63433197079211,61.072863722051025,32.05245808698944,42.23197131757022,7.404453963533897,0,90.28181974859244,10.0,0,0
49,1,佐賀県,17.161334691026987,92.8559780987435,37.66698054347618,39.82901375080697,1.7391486286404123,0,58.23803396984828,10.0,0,0
47,1,茨城県,24.201285912356077,127.20983544022243,96.5360114463498,41.79110214447049,27.642324663297668,1,75.77829216355542,10.0,0,0
45,1,東京都,29.06674548023591,109.50940132782468,165.6245033769745,41.902147173338264,15.724085133678823,0,95.2599830093485,10.0,0,0
70,0,東京都,28.729147611768976,148.7240688161006,97.2354479555792,41.223594058715925,26.424520393901535,0,117.83902472453703,10.0,0,0
52,1,北海道,27.044691690382706,115.09651556722794,73.46366189774295,63.02939890137528,24.39272527812905,1,123.09088345099612,10.0,0,0
52,0,愛知県,25.208647371600595,138.0290450811299,98.73428426044421,43.1696142064288,35.518762089008845,0,102.67871763864842,10.0,0,0
48,1,東京都,26.597768614781174,156.4494489701643,77.64518266065389,41.59963950951794,5.201159006253656,0,113.12369977226727,10.0,0,0
70,1,鹿児島県,29.61101986102514,141.7232111711445,97.55326126658589,35.42515037398422,15.111840613104771,0,58.23110923607895,10.0,0,0
57,0,沖縄県,17.80865002097136,119.10628345720096,86.97821967010745,48.917434102337396,3.345472937266308,0,78.40518828164409,10.0,0,0
47,0,新潟県,23.891468463550193,106.18647716666916,121.6773339548006,41.83791190903172,11.190885568052984,0,88.58932064376742,10.0,0,0
55,0,京都府,22.63863858253744,103.93606292441706,134.61202058691433,41.12109026413409,11.653842809095146,1,96.139239280755,5.61517748695398,0,1
57,0,東京都,26.745003336599527,98.67518233178316,14.535400333818124,59.75393032906456,6.581465361536621,0,99.71742326776004,10.0,0,0
54,0,東京都,16.43391171670342,138.24200625572107,36.42801891585382,41.38040490616216,1.0590423733726697,0,57.103773023175094,10.0,0,0
68,1,栃木県,19.216555636062672,102.53329736075105,43.423693769919346,42.03178237003428,18.201390372791625,1,85.70481926515895,10.0,0,0
50,0,東京都,21.977111609195493,119.95649976414599,100.38403337124278,54.826049080178976,6.703878468597667,0,108.60461899990824,5.346938880490577,1,0
72,1,東京都,28.827428272630833,155.82065353437548,83.52754249003621,42.184038480944395,7.9387178050907155,0,123.49960878743745,10.0,0,0
55,0,東京都,32.719634406034864,142.17641793846417,484.96422617822617,62.89650909893867,71.51196096913482,0,87.8189988981131,10.0,0,0
70,0,神奈川県,25.18592487373048,150.59745873375482,107.33438518501903,65.34495630116452,70.91098146278956,1,111.27428128344242,10.0,0,0
49,1,北海道,31.919494724493262,146.06287116191942,243.43827561107278,48.94194352861646,21.01592379880304,0,107.71532560040508,10.0,0,0
72,0,東京都,22.164089071954947,125.72834409086762,50.81810415237886,40.5727187657548,4.664842487916745,0,87.77929605612981,10.0,0,0
73,1,埼玉県,25.16442967427311,119.40863607635937,144.82446869595063,53.95255864838456,30.11352952138258,0,95.25320632273157,10.0,0,0
55,0,大阪府,23.097967344370126,129.5898887010096,81.54598135352941,42.05508166053372,17.442754788045697,1,101.2861647336976,10.0,0,0
54,1,東京都,24.628093147793116,118.20902718501524,52.79913661446987,46.72708219954027,15.861419562450711,0,90.24324128697265,10.0,0,0
50,0,東京都,16.780433433276166,107.65270937298128,36.06567229642593,57.85675527515276,3.805043685766673,0,88.49549446158746,10.0,0,0
54,1,沖縄県,21.73070668848372,124.69602039890687,12.191734578258538,40.424968568157794,3.4481796698219918,1,88.86270359714122,10.0,0,0
41,1,福岡県,18.269864274203737,95.2536904934898,98.00236535325791,41.81173372879374,3.8353596336716493,0,89.03365407198808,10.0,0,0
65,0,神奈川県,24.028794649928837,117.93463858009424,84.84966483547767,56.254965561816505,12.034781555000242,1,89.42129576734159,10.0,0,0
50,0,東京都,21.022901772893345,127.05236201591488,201.8273023594393,52.335806397218995,8.404459357239027,0,86.27716928517498,10.0,0,0
67,0,奈良県,25.15419327525603,125.17665857240604,313.2668579340518,41.83101529725315,25.921637212995964,1,109.50799599848374,10.0,0,0
58,0,神奈川県,21.882242509241273,138.57775926507344,223.21724222080036,58.973773426323,24.134787310774175,0,108.25250675114506,10.0,0,0
73,0,大阪府,20.54217233614248,137.6704856415035,69.33226572067477,41.72988082288808,4.392591373454288,0,121.87839908332359,1.598749384508867,1,0
46,1,愛知県,28.437588449798593,123.58180337979618,76.69647580754346,40.674031600118774,27.35498497406325,0,106.88413755155486,10.0,0,0
45,0,東京都,22.52374335833317,128.47216625581066,48.30389851774349,57.7976011637898,14.601769459173465,0,94.66224289979229,10.0,0,0
52,1,神奈川県,23.116721782024104,101.4193465678069,48.74870932494284,40.13976668532194,12.250341051983169,0,67.52250590398504,10.0,0,0
44,1,大分県,22.01552002741416,101.3234072774206,60.717564769570934,40.378381992344615,12.35602145299416,0,72.49370693620587,10.0,0,0
45,1,栃木県,13.386724854967381,126.97397614251297,22.153418801370965,41.80858088847153,3.673015616272129,0,81.59599619822575,10.0,0,0
41,0,東京都,23.14382246691785,131.73993411666984,39.11960226190067,63.4236760264407,9.350183760870742,0,96.20806576174374,10.0,0,0
54,0,埼玉県,26.76605885798009,145.94679577626002,108.29644042632994,42.20675136842885,19.56331380839705,1,81.12773949478043,10.0,0,0
45,0,熊本県,20.1599839840054,98.99227702091169,138.03212306906502,40.401540375289464,37.660935483083115,1,68.48387693168809,7.172153116755186,0,1
57,1,千葉県,28.802307215943703,137.82792460690354,138.73874663653172,49.709459740547466,13.33049387821473,0,95.75758853090801,10.0,0,0
54,0,沖縄県,22.426764616316685,104.29200527375623,19.086834895163914,60.347970613001756,4.521099598935427,0,87.59243226905762,10.0,0,0
52,1,秋田県,26.080667015666467,96.68140838523718,53.42580668677825,40.386304521000326,7.507416079533911,0,65.59227038335592,10.0,0,0
52,0,千葉県,22.86448763384963,141.81953524753027,76.5126358668436,42.58617286996887,4.002493309256622,1,78.33690640771592,10.0,0,0
58,1,神奈川県,31.961170452405465,148.95515066651467,130.52038368898346,56.68637264759712,33.268825219243375,1,111.13313583784932,9.149287539812835,1,0
57,0,北海道,24.506324520636074,133.21816671489734,142.2306463515111,56.83435789334578,33.32230095979126,0,84.025250934487,0.5618290087495381,1,0
54,1,大阪府,25.346146899749925,100.48375601273345,121.2182512854857,41.04388883207085,1.3641619846345243,0,56.68372283444122,10.0,0,0
45,0,東京都,25.35326096830076,100.47187434801052,53.434878090534774,67.34885422949111,6.428950005203477,0,85.3164089204593,10.0,0,0
49,0,東京都,28.95768515285943,130.0030048710879,38.707399507820625,46.63011279852551,20.468485225226758,0,74.14135919624991,7.20190339315666,0,1
57,1,東京都,30.16345922151478,118.93189159058521,53.09312853092036,40.65612194038172,5.567443590731454,1,75.93375120279391,10.0,0,0
45,1,長野県,15.09223311433785,94.85162548076649,48.11051567456332,59.498409473098484,1.734889806161284,0,68.2290267833305,10.0,0,0
53,0,東京都,22.359868823500246,113.80316030091338,82.51816344647374,40.89646287155202,3.2756339920789186,0,84.52709376699427,10.0,0,0
45,1,大阪府,25.82462666283018,97.346405662962,40.68632900133567,57.47727005803276,1.9466317637859478,0,79.69906540034366,10.0,0,0
49,1,奈良県,24.625766001521733,130.18405581834028,59.697479672773056,56.305922779422446,5.9336690027814205,0,79.960004094834,10.0,0,0
70,0,長崎県,25.12056664254935,122.38172970881328,76.04164859719234,41.49008841501091,5.928248618510526,0,77.73340765370553,10.0,0,0
53,0,東京都,23.982299358606767,137.4956870600968,91.09503579462677,40.864463995753205,8.976207279445108,0,81.6266477632975,10.0,0,0
48,1,東京都,27.28926009514575,118.83821954389411,59.32648341818932,40.373202293866164,22.386038451530364,1,93.8491434121773,3.0166569166717916,0,1
70,1,新潟県,20.836437788006968,111.65314265121549,100.01752841178033,41.90634405049497,21.92597104283996,0,94.58983444760341,10.0,0,0
60,1,東京都,27.50926580723452,131.76934746773577,80.24760928845271,53.56013973958638,71.07483387629867,0,94.94748192090377,10.0,0,0
46,1,東京都,27.983473216744848,119.47220197564934,44.27248856632338,49.8568389400078,35.54014189327407,0,89.91275329569079,10.0,0,0
60,0,神奈川県,18.877847804727356,124.69987040847342,51.60776472970993,41.663538544769935,39.38280248555379,0,66.5835928340179,8.704747801749066,0,1
69,0,愛知県,21.791416360083048,106.86182050075658,31.05668035492648,67.52555423442946,32.371932584881215,0,99.66518581801658,9.019507349882247,1,0
56,0,香川県,21.73955820853683,161.31108404236076,140.3461273088023,58.88845005094196,36.07561976597599,0,91.30244595792524,10.0,0,0
70,0,東京都,28.434935178773582,139.99052204404902,228.974794434285,41.45193758442874,39.44263206754485,0,117.96163663149137,10.0,0,0
73,1,東京都,23.14993173474972,122.10672432859893,125.30674543674546,40.63823943811249,11.275999517314244,0,85.85032278095753,5.3397369641523005,0,1
42,1,東京都,16.775488211801004,91.17942943441672,34.3281554224452,34.305082436630016,2.7017211931048637,1,87.63039203705722,10.0,0,0
41,0,東京都,29.39115751469317,146.02748902870636,58.97887218704894,42.370026409375605,16.237302460281118,0,78.61060659278193,10.0,0,0
55,0,大阪府,27.248199178132136,118.8976843160295,123.53270206977925,51.607582152542086,61.47437896992084,0,94.22351552614629,10.0,0,0
49,0,東京都,29.323556202541344,152.55161178502394,61.07727682036916,64.19479425901035,13.052457836764367,0,123.01283671899373,10.0,0,0
60,1,京都府,25.973298430829878,133.8635954669593,52.259080020042845,42.66930618421142,14.31646327904475,0,87.83219573995815,10.0,0,0
69,0,東京都,25.103600606979516,121.93311496014879,30.87654036618281,40.50813029252229,11.23038851539998,0,84.91032596440947,10.0,0,0
43,0,青森県,20.225950440767644,111.64843885006476,28.029579083784327,40.98643307168906,5.146458607049536,0,79.66438292662902,10.0,0,0
68,1,三重県,23.954935790106738,119.00726687663446,75.6500896174592,42.75156846215614,13.089267636495887,0,115.4437897038696,10.0,0,0
60,0,埼玉県,28.175336703995743,131.46571172708593,312.3117446977301,40.68011538686591,27.442966061646594,0,122.41778459938642,2.3443491641844827,1,0
69,0,大阪府,19.16257514294249,116.97240718562983,55.869680637588715,35.566888114309066,4.196862516337457,0,70.1679288011947,10.0,0,0
58,1,静岡県,24.02001098279648,134.20364142560493,54.489608020596194,63.48435155911474,8.850556229315739,0,78.00231401069755,10.0,0,0
40,1,石川県,20.305941212190977,94.48171741442144,76.6916906849667,55.51943848293048,12.220485904725976,0,87.73201282861562,10.0,0,0
74,1,京都府,27.02047069534666,135.00774694412232,98.44247189879647,36.85554987823775,15.325455192825014,1,68.48267543166186,10.0,0,0
47,1,愛知県,20.104946090019105,83.27658138369432,26.579967332628307,40.34129590365928,13.777961767425099,0,80.69768817457285,10.0,0,0
50,1,東京都,27.39547051127364,114.50118489836086,106.56466356014396,40.964868319335096,46.225970517365866,1,94.4660621623926,10.0,0,0
72,0,東京都,20.38734998771654,132.7345320644876,77.19048448032046,40.98342368825752,5.021083393883241,0,93.63971572325384,10.0,0,0
48,1,東京都,19.154851990652027,118.31675723424732,137.92469573662098,41.036271109569405,16.1521599546348,1,110.41573325916244,10.0,0,0
50,0,福岡県,20.3917631988148,106.82090469179859,9.718541216462759,41.12976972908985,3.098705034665655,0,76.30702189758183,10.0,0,0
43,1,栃木県,14.4280258740154,107.82048782979442,35.84091145272515,41.87166901191238,10.043112476749915,1,88.52371506420046,10.0,0,0
54,1,福岡県,23.666975680966196,112.27388346751572,82.69134463526477,52.64418557760844,45.33040078815105,0,98.97838950975935,10.0,0,0
54,0,福岡県,20.00813137226549,117.74003556455635,30.339239207713508,59.29069529393202,26.42267572476,1,92.89471292877764,10.0,0,0
69,1,神奈川県,17.809937459424756,88.85197920078737,36.17888151904136,41.40944258033778,4.196932198439376,0,83.74282149909665,6.857249964430453,0,1
65,0,沖縄県,17.348385301123468,124.91055325667598,60.31780369005703,41.93997708624801,5.049975813946754,0,85.88541272369834,10.0,0,0
46,0,千葉県,21.098726411511056,110.40130553812091,31.029055975892934,42.63839863626526,5.137314993311467,0,70.56590031242905,10.0,0,0
42,1,東京都,24.958677733059787,106.13676621154325,121.95026722128823,39.93133654733639,9.403924851728434,1,75.5870932211464,2.87342101379262,0,1
56,1,愛知県,19.404133946042897,129.29376511978842,137.38791335202376,44.042568734507874,4.86148333062191,1,81.69808185156771,10.0,0,0
46,1,愛知県,25.536682047494136,131.39122519206995,110.84512802012944,42.248988398768944,49.12823509717265,0,89.23342244582705,10.0,0,0
71,0,福岡県,26.315846004196796,120.15862865105183,84.66290405042082,34.28629717347364,20.023966534296903,0,72.49610679779562,10.0,0,0
57,0,東京都,24.768375082838894,138.5681048705543,113.67114441274241,41.693895821547436,86.40023840795203,0,81.53694016537237,10.0,0,0
48,0,沖縄県,18.97921198082212,115.36865774242374,25.019789909423586,41.01464910192926,3.403660320471718,0,67.98604641502796,10.0,0,0
52,1,富山県,22.537415715142075,109.46543060205087,38.95008105723262,71.55381389484901,12.681485340203059,0,98.14505931145835,10.0,0,0
41,1,福島県,21.68170142460869,108.58461692351312,27.43692104574292,41.15090627767764,9.484826039030912,1,71.59712475154188,10.0,0,0
63,1,東京都,20.534739533019657,134.83231165886178,39.8970922790138,50.08180810477225,20.652755817862133,1,94.85008482561926,10.0,0,0
55,1,埼玉県,17.281030832191227,95.08385100129264,21.92109373007298,41.693375702671034,6.38232638734203,0,69.71163686603015,10.0,0,0
70,1,東京都,29.12459631713812,137.61545831442177,56.96988211783951,62.8657141714679,21.588879375914104,1,105.55554375311806,10.0,0,0
53,1,東京都,26.088300801172274,148.52756223795754,141.23743410092547,42.041747481139986,23.900196379840065,0,125.5906436727853,4.0190878149546805,1,0
59,1,京都府,20.831900892066038,131.91066183308604,94.23316859980211,53.662748829535474,10.137410420024272,0,89.56248179018816,10.0,0,0
41,1,東京都,18.273680180206217,80.71465142043049,14.487512242267643,42.38238893259713,8.617374242061414,0,75.9082083910084,10.0,0,0
47,1,埼玉県,24.539643371729262,115.3130790813393,278.68336735736807,41.984651830126154,20.53269572450041,0,91.88266173936462,10.0,0,0
69,1,愛知県,24.48784121716201,124.76660209152607,151.25612970903606,41.327624842167005,29.442480233706394,0,83.22517551355783,10.0,0,0
49,0,茨城県,26.39268016712641,125.06037777408099,89.83564817998425,40.399348046002125,9.376748907276555,0,117.10626328558595,10.0,0,0
66,1,愛知県,22.80611679861536,137.51118448364392,283.84764903463275,42.04240208856537,36.05637405401084,1,97.35494154233947,10.0,0,0
54,1,東京都,23.551171339636834,132.50974231645384,56.93540742282082,50.80521851836524,17.87724882821579,1,83.80967168132472,10.0,0,0
46,1,東京都,20.542885090265123,119.9785072514065,27.60132044278704,41.67518273182437,2.847959841297885,0,74.0617745553817,10.0,0,0
69,1,東京都,24.02697044300016,127.84210650965274,97.61355162795881,40.984582052419235,13.347433303611504,0,110.82228891183954,10.0,0,0
45,1,東京都,23.126728562309612,128.14455522888827,184.71253567961764,42.44484808241275,43.73968621681034,0,89.03591736523306,10.0,0,0
66,0,東京都,24.554087160833802,149.28798589835566,40.57711729137272,48.104830171495195,24.383675571697463,0,115.14343680363723,10.0,0,0
55,0,東京都,20.144947639390526,115.8686019517879,20.395336007820966,41.35504666247011,4.679622807801232,0,90.45803829207821,10.0,0,0
54,0,静岡県,24.62303331138406,114.54631338284317,172.290525058145,41.386107041730284,8.848213214767565,0,113.10442825588514,10.0,0,0
61,0,東京都,24.93182423708185,122.7191868979691,89.07231677203698,50.32411820978905,24.016129422174583,1,85.15271404198607,10.0,0,0
71,1,東京都,23.780023337553803,175.7695557066749,73.00432112034053,42.21740901568508,13.941882456252218,0,89.79476395920413,10.0,0,0
48,0,東京都,21.408563798504606,100.96370508148769,157.67153729092072,40.84513110684781,14.309262592682442,0,116.51403095059567,10.0,0,0
58,1,神奈川県,19.10704318673504,92.99925092145767,45.375027600733105,41.53511823918498,15.183962171105387,0,81.87037634798031,8.903550144977183,1,0
55,1,東京都,28.69443474897686,128.26312104841844,145.57878629518828,41.237533580914715,23.18315197836977,0,76.58387928251835,10.0,0,0
50,0,愛媛県,19.20801711029067,118.76755588581851,14.522847810842332,51.60766946981627,14.994346788691116,0,111.05716429351293,10.0,0,0
72,1,熊本県,20.666040938024405,138.11730183458138,32.67409232086249,54.658864215638026,5.827713854320914,0,105.03378277145885,10.0,0,0
43,0,東京都,18.08128483287716,129.45501966048707,60.51835485944832,41.62383244289601,5.759148294214753,0,91.3459071428594,10.0,0,0
55,1,神奈川県,19.249270900089197,98.27231067136684,116.22618095738095,41.61883097298985,3.9638841633668735,0,106.73313067279882,10.0,0,0
71,0,福井県,18.077540683520066,113.91936832912089,97.77036722628715,56.308568581335656,17.454595805736446,0,108.67016389170178,10.0,0,0
65,0,神奈川県,18.606759045667847,130.57772714578414,63.701893914496566,41.151648057230794,3.567186985287857,0,107.28155069701538,10.0,0,0
52,0,東京都,26.665618407507722,160.84384966653377,26.70568559256025,62.90476055924086,37.21830476877901,0,108.57226243145169,10.0,0,0
57,1,愛媛県,19.575378097511244,113.75507838656821,73.35164194841259,42.38006730528358,14.697776425385547,0,86.43688717084022,10.0,0,0
59,0,北海道,30.55576795879314,137.35264802635052,151.4146540144337,42.60020253820412,14.172964045366134,0,86.92017446225022,10.0,0,0
69,0,福岡県,21.8129555158341,105.84836535587966,51.75907161479763,42.54204605432038,7.3184152206197775,0,71.93241856194655,10.0,0,0
61,1,東京都,27.48931681225829,152.55444629123642,126.98354036850617,60.381501637072,56.57177105867058,0,80.71320576613824,10.0,0,0
49,1,愛媛県,26.220038801550935,149.142074006461,331.6518127168899,66.9084137890088,39.4110568821474,0,125.0,10.0,0,0
50,0,静岡県,24.894056388773087,135.53490676364908,54.497069813442174,51.123970121247595,24.582180046255104,0,89.59180970011262,10.0,0,0
60,0,東京都,26.537749385525316,122.7664757506432,62.337342763717494,41.78493573144927,8.429691806636374,0,98.08328911930249,10.0,0,0
73,0,東京都,27.020413531159296,149.17325321041346,159.4545546495849,50.26831739078769,20.014714634726012,0,109.68697390341306,10.0,0,0
60,0,岡山県,15.965283488990615,106.8461529070831,89.0019800326799,39.30207583350015,5.81529530955762,1,89.65838853085586,10.0,0,0
41,0,熊本県,23.068711085356203,113.66414481992872,83.56243504000987,43.1870580456805,32.705369522771036,0,87.68683204758506,10.0,0,0
73,1,新潟県,26.439673401505576,145.01376625645142,147.74636634303715,41.29949477747023,15.588450047519256,0,94.615069024952,10.0,0,0
