age,sex,prefecture,BMI,SBP,TG,HDL,ALT,smoking,FPG,time,onset,death
44,0,神奈川県,27.819331996358425,133.8448370068751,38.01208796780131,42.69392329295233,8.110707951390433,0,95.33851923956709,10.0,0,0
46,0,東京都,27.5962646475996,108.25474211145585,203.938153902591,45.588348739053934,29.84661840712645,0,111.42006955147849,10.0,0,0
41,1,静岡県,25.958455589377476,113.80923939804944,26.564435603739174,41.33392426689953,16.158224620000357,0,94.43705505547305,10.0,0,0
65,1,宮崎県,25.95292942645573,144.07317861119967,89.62163435563834,63.38327890626729,41.02507712224615,1,112.14058649771948,0.28887395200840144,1,0
74,1,兵庫県,31.831327881615618,142.94230661742628,189.52717780043645,41.327768030658696,26.76276740677137,0,94.58014982800309,10.0,0,0
40,1,島根県,26.85094269922251,76.44281871868401,188.02749649382346,48.40827386519647,81.08563103682326,0,49.50592461672588,10.0,0,0
54,0,愛知県,22.81006077190149,111.49496098601904,25.146164242133064,40.60135162842213,4.757758150668709,1,80.7213445382159,10.0,0,0
47,0,北海道,20.868635738827283,120.21496462745047,48.28128687610581,54.65126651261228,17.002058376041212,0,89.40524414514252,10.0,0,0
40,1,兵庫県,31.106426464295026,112.73347603841205,94.1869641949346,41.071837127425546,17.45235508913965,0,106.50924176594958,10.0,0,0
66,1,兵庫県,20.137533890424624,129.86182076915404,22.01782588051318,40.953473761900284,18.74611708928864,0,77.58919692554281,10.0,0,0
41,0,福岡県,25.746391551961086,153.37889916521502,45.67699604613019,57.662726009743594,3.231211529746669,1,88.5222876180382,10.0,0,0
45,1,北海道,18.8014840661097,88.15788664046286,53.725004931924225,51.219676720053556,29.350383066052782,0,85.62657410186674,10.0,0,0
70,1,東京都,21.861053459816944,96.05214722190948,44.37732741180864,41.73864441697055,5.274775344270463,0,112.73902714469871,10.0,0,0
49,0,兵庫県,18.253598046014975,96.18203314818568,39.04735418606499,42.22323780965549,9.774327081760458,0,70.59258206057537,10.0,0,0
68,0,兵庫県,24.431648363281862,129.41826041327818,131.1332064717105,46.173873921256494,51.859688216969985,0,125.64679080538116,10.0,0,0
41,1,埼玉県,34.189302422716985,157.22497931210907,49.62081861541743,43.11424033200531,13.220702985751592,0,74.81012495415031,10.0,0,0
72,1,岐阜県,15.728839051634564,146.09206513952674,54.171157144085285,68.87930983032281,13.504579182175197,0,99.20874379906189,10.0,0,0
45,1,北海道,23.4096318582377,134.18276478226826,280.6768215583939,64.04125246833662,31.760817423229412,0,99.21000282209093,10.0,0,0
67,1,岡山県,18.785066003825552,137.56398184727598,29.687488742192823,42.810144858425275,18.57805912812451,0,97.25982615997165,10.0,0,0
68,0,神奈川県,23.833590274871984,136.23368563887863,61.15756585425129,50.55888240954428,18.00616617839707,0,74.55502910495599,10.0,0,0
55,1,埼玉県,26.279474014011324,138.5082757250249,42.31454223439364,41.669106737995406,27.31117614523164,0,93.50705807476096,10.0,0,0
45,1,兵庫県,22.99517694334149,154.17744239450053,19.28606439996075,40.76017566643367,6.280593978327721,0,114.55766978103505,6.256437448877069,1,0
44,0,広島県,23.520884566015436,118.72634785861523,42.38738955289462,42.98288991313195,15.788926730549429,1,113.8607235889141,4.412543886935225,1,0
51,1,大阪府,19.446404475233976,130.25554173302157,131.8840883864559,42.283433638862505,50.86325246818605,0,103.94260404814106,10.0,0,0
53,1,神奈川県,17.331061878528605,106.52765288169337,25.755238454502567,56.58345704878522,20.336202252530185,0,92.86559933148791,10.0,0,0
51,1,兵庫県,25.83119582379003,133.04350160263297,360.4421242646583,40.67962427799691,15.275373661797355,1,90.00014164845922,10.0,0,0
59,1,富山県,22.16978166111279,135.76033126619913,13.57195632907381,46.73772799865826,10.912869309640595,0,83.9268459387567,10.0,0,0
72,1,愛知県,20.969552542002248,106.68355807661582,89.27319737921734,40.5502379501259,32.081195396394214,0,80.41730604871827,10.0,0,0
66,0,兵庫県,22.569215408777126,131.48352093904595,78.07574461132819,41.627748768978954,14.872216717642306,0,105.5350180223971,10.0,0,0
45,1,千葉県,22.399563694405494,150.8262158757979,49.166237694819856,42.959109443745604,6.395340818145944,0,96.56984125905697,10.0,0,0
57,1,茨城県,25.762990419498554,126.89359161337951,55.45966061523419,44.8366145061591,21.275008820939075,0,67.58250636077624,8.821677979105456,1,0
72,1,兵庫県,22.281529765445296,141.498270866647,150.8788894443701,49.89402462979257,12.473770568744271,0,108.37706622805705,8.455683215915512,0,1
60,0,東京都,27.565287672313605,131.1543909106348,92.73720355122707,41.49569285775385,17.88491041174508,1,112.75206578270887,10.0,0,0
63,1,愛媛県,31.701330170784512,117.4991154220635,130.48444040013817,41.184369464269665,17.51813988189373,0,113.09397521838308,10.0,0,0
72,0,秋田県,16.57096825817373,152.6275763829757,41.1536723806033,41.273229030996774,7.536643885634669,0,82.17895252061591,10.0,0,0
45,0,大阪府,22.82720435509915,92.40340184096925,48.27700266175449,41.12371357799499,4.754850937396307,0,80.63612677812168,10.0,0,0
51,0,新潟県,22.116889407149436,113.61118092079255,127.52769577138481,54.58945141372403,13.121999761860256,0,100.07552425391837,10.0,0,0
61,1,東京都,26.182351314649644,116.34520463380383,78.43061110163984,46.629830615882035,17.419881847060083,0,101.21274042603359,10.0,0,0
62,0,新潟県,25.652185381971425,127.55104883961529,59.75347843202291,53.07194820819543,5.33148495864113,0,79.94400750088268,4.669671997275197,0,1
53,1,福島県,19.43495368962574,108.0124899828318,65.562387581413,41.070019446436824,3.695298933610026,0,82.7874467274876,10.0,0,0
40,0,千葉県,18.081942778924795,80.06631616038834,100.83665807965848,50.68384307080365,33.28229634269157,0,94.94258416118028,10.0,0,0
72,0,兵庫県,12.780297410851196,127.02125694338395,188.5310669933621,40.39610703258187,7.510550160672324,0,84.2255292289931,10.0,0,0
54,0,兵庫県,28.581288332560096,152.03695419316418,231.62468297239792,50.28438090868905,32.4876375815438,0,105.80832069181183,10.0,0,0
51,0,福岡県,21.63274402086798,120.91899154099923,45.89963004310827,42.04962270141359,13.394143122451446,1,93.87292524666027,10.0,0,0
69,1,兵庫県,27.617804482087266,137.08966116329526,148.6483828060594,37.54786551208329,19.460739946340308,0,78.1453544279022,10.0,0,0
46,1,和歌山県,26.034261757274223,106.48173643861153,131.7490701200873,42.888459190701965,63.268266626682966,0,84.66890540490297,10.0,0,0
60,0,兵庫県,27.714856357702043,144.7461836291385,76.82414724694839,49.003484845449385,32.75841722781899,0,99.09399370925743,10.0,0,0
57,0,長崎県,28.585782050942125,153.025069880632,447.7507649342856,41.399370584095635,77.19827409175628,0,99.21004229357283,10.0,0,0
45,0,愛知県,21.622002629425097,108.20930990557758,59.867946171303714,49.31761877693141,21.481421082142262,1,84.69644988366053,10.0,0,0
45,0,広島県,24.592195290061923,96.22439126404167,171.99601721391292,62.217841733819675,42.603295391104766,0,103.00362114893102,10.0,0,0
74,1,兵庫県,21.948884089451727,135.3796581381153,93.95499798123873,41.0459306605169,5.328059954393779,0,97.81399003905086,10.0,0,0
53,0,大阪府,20.604457208409574,122.38216015934437,63.01244559432417,69.5373903076569,16.712386926819523,0,84.69037777462115,10.0,0,0
52,1,北海道,18.938988471556875,175.99156147091398,145.55375244299097,56.31041210900391,12.277092145829869,0,78.64196777511833,10.0,0,0
46,0,山形県,23.2561813822063,116.62408240939365,55.58239758889006,54.50348399563967,22.545738711452515,0,85.48154896540309,10.0,0,0
64,0,大阪府,15.466470978486965,88.61145486274954,42.46045504373735,41.54662599228616,2.3672069990528977,0,86.26630531767005,10.0,0,0
73,1,大阪府,25.56194658318249,140.17620877430926,107.50126048402777,42.216960374751636,43.0100967223501,0,96.40287484032673,10.0,0,0
44,0,沖縄県,24.139116140596233,137.53939593989645,82.6615104386519,36.23265674241211,12.271336082185535,0,67.66506302503558,10.0,0,0
45,1,東京都,25.472957785674335,113.31702122900043,171.97762856966258,41.41209773936935,8.797026515251943,0,86.72437017199037,10.0,0,0
56,0,沖縄県,19.30107159060217,111.2442229985792,170.45943180382858,40.80124781997954,9.256934843363904,0,75.02873742892041,10.0,0,0
66,1,兵庫県,28.64089543020282,141.65206923496854,240.59270116094487,39.723357084607855,14.508137847767735,1,83.12947567923074,10.0,0,0
61,0,愛知県,28.1732280441405,128.75202752114186,60.7357722932754,40.69446415714477,26.58420079452279,1,81.2891375957758,9.191164908658733,0,1
71,1,石川県,25.927978070088127,95.32915089850002,48.284188593012786,53.127667978911646,13.51898952020989,1,101.08588465850838,5.433371711277831,0,1
68,0,兵庫県,26.114413547728734,151.77893300820276,143.64424033014842,41.798733808639135,46.54002755320253,1,84.66803789606995,10.0,0,0
55,1,兵庫県,24.286808170237165,131.64948455153277,119.2510703915135,66.59715193793014,32.76978102133294,0,102.95483943054339,10.0,0,0
66,0,大阪府,20.456276795968808,147.33987132850143,29.815265227256234,54.129741231202026,3.9210242921009226,0,76.5575260127829,10.0,0,0
41,1,大阪府,16.908829179830743,123.68233045546084,16.012258198814123,40.80837412243257,13.600324829487112,0,102.2901019003209,10.0,0,0
70,1,愛知県,18.541035630133294,137.7198190076711,61.10924506901447,40.201098441274176,8.961795277998368,0,61.80480350539689,10.0,0,0
48,0,福岡県,20.486049567131282,111.54992831191241,27.899805381327837,41.00901244795832,4.286639109837901,1,101.84847198250266,10.0,0,0
43,1,埼玉県,25.850140097916217,129.67000862904496,126.37713276194155,41.16827496264421,26.883543512095347,0,98.32396016530681,10.0,0,0
55,0,兵庫県,27.63207652685483,122.71956206331862,166.05647390699542,48.22186795994977,28.80339728015272,0,70.12537787871268,10.0,0,0
59,0,静岡県,19.76475619034411,107.73269668763014,51.5492306581144,61.369733194219904,7.420294246511203,0,102.54394514877772,10.0,0,0
61,1,福島県,24.16886902081307,126.57384047283008,123.28110235014755,53.689412839793704,9.179372425806742,0,96.58021021067991,10.0,0,0
57,1,群馬県,24.56739347556206,133.25592372097142,42.775481619242605,63.19138949117711,40.78628458550691,1,88.68161663531039,10.0,0,0
45,1,兵庫県,28.052145467509323,143.2847220217601,329.9147982002566,62.1600872510414,64.53327168115241,0,103.52967978719643,10.0,0,0
42,1,宮城県,18.32849800265009,66.3848317388689,65.66524556804397,46.99320441109038,12.009307107636214,0,54.1291548995778,10.0,0,0
60,0,岩手県,21.634923736058802,134.2105985540493,59.154736648006654,42.3705652346899,16.455431066056843,0,69.62497370778908,10.0,0,0
44,0,東京都,21.427951008262752,133.92475410563682,45.36659504633447,41.30623301028023,11.835140686267666,0,77.97422615930329,10.0,0,0
71,0,兵庫県,23.019225846857132,153.02304129637838,197.33095819467027,41.40361924342267,18.764998149928413,0,107.81996100807903,9.331837780918637,0,1
48,0,岐阜県,20.670337905001507,94.9908950053498,48.91517531061596,62.732597146976346,7.085575572045689,0,78.77534723150595,2.875911343253886,1,0
57,0,東京都,25.833465749755177,121.2278622295638,89.43992194907821,41.02937423094315,37.631863326172784,0,87.14671142386536,10.0,0,0
54,0,兵庫県,26.973802497168407,122.5561311292077,141.34864261315923,63.56478232995959,27.157629404918605,1,93.60200022043176,10.0,0,0
74,1,埼玉県,26.922551446996284,153.52530461339694,88.90741171286577,58.2325755667657,16.48964464907585,0,105.42247215868487,5.405313604250488,1,0
70,1,鳥取県,20.827892392963808,121.4251226103251,86.11318433262042,41.78420143627525,6.189426011042472,0,110.85303590798577,10.0,0,0
43,0,京都府,23.8307391959331,140.19555804941194,49.612224997841274,69.79903660980268,22.24228654347176,0,82.19963770356843,10.0,0,0
44,1,京都府,24.40067813294701,148.79408463187642,90.54423336794636,42.68500804628543,18.30785836572352,0,97.27881471314389,9.53967791597491,1,0
60,1,埼玉県,24.904026710560778,150.59955478913838,432.9857483607874,48.24090257409696,15.404989488293705,0,97.9192904461241,10.0,0,0
49,0,山形県,20.073107686070585,64.39901481606576,144.89237821329456,53.06885405478872,13.86790990926762,0,73.19588487233078,10.0,0,0
51,0,大阪府,22.64604860402131,122.58905743646115,171.4853153771147,41.06896283307784,30.40331284051113,0,108.49626549482328,10.0,0,0
59,0,福岡県,22.942881859502474,118.78678189488922,105.9302315980059,42.10836360267123,9.276693802658599,0,109.405906785317,10.0,0,0
66,1,三重県,25.345637234886627,145.68101498043447,107.40888710513349,69.98994714299138,13.716050021990393,0,108.80272141723802,1.726921289362014,0,1
43,1,兵庫県,27.547732896587988,118.66776559376106,30.70966858703188,54.95621124582455,8.405468432630007,0,72.90099514144356,10.0,0,0
58,0,福岡県,24.826130317786077,133.63392893781722,278.54320971344526,58.358255898857735,25.260734906803854,0,109.45668615077678,10.0,0,0
56,1,愛知県,25.748221091070015,127.01622949272985,158.38826704702709,42.162962990291824,13.704435511932765,0,100.64871457389978,10.0,0,0
66,1,栃木県,25.544503653680156,154.7573198335583,197.54618589015251,67.92312725328745,295.3345845547239,1,85.77376880751514,1.6886319422430607,1,0
63,1,大阪府,20.99002928336915,114.27865268723109,56.69371207458153,56.48193326140902,19.10235646639136,0,107.25761761147068,10.0,0,0
51,0,茨城県,19.992290426872565,99.2602247857889,48.20069373793019,57.1390042912939,17.521140216003314,0,88.54235086870776,10.0,0,0
53,0,京都府,21.417298646666193,132.32035942674304,93.84479993415621,41.19103712417983,17.66608314739682,0,124.94746086449142,10.0,0,0
49,1,兵庫県,22.448974530462763,108.66886523089077,170.57226950166515,42.329835798798484,20.532647701803324,0,67.69668383836216,10.0,0,0
49,0,兵庫県,29.50379636700443,154.00536908277527,299.7918042722843,50.56280289579729,30.404002112846488,0,101.74447928945924,10.0,0,0
40,1,兵庫県,31.334079645754787,130.64272720269722,41.701247377806666,41.49237280755774,36.00708957564038,0,97.28845910126454,10.0,0,0
61,1,兵庫県,20.45060232393734,96.48543050119359,72.00794504596026,31.41925943894107,15.305280897498223,1,89.7620442643747,10.0,0,0
41,1,兵庫県,20.17715660947074,112.11988870743657,219.78826618922943,41.83720961065612,18.019550496484612,0,74.4255450769313,10.0,0,0
43,1,兵庫県,20.946982483741625,130.70245238903493,40.313235875819956,56.89966199918604,6.711422916134049,0,76.55867777608506,10.0,0,0
47,1,千葉県,17.78113463163351,135.37766296769095,61.481759048234764,42.79828563100277,2.371494376804897,0,91.21569228640705,10.0,0,0
57,0,兵庫県,24.670095960474235,110.11807043472801,152.60724326321136,51.61452427900103,12.3267343372192,0,94.94190323145412,10.0,0,0
43,0,岡山県,17.347063455358423,122.04723788620034,39.49187156206864,41.00710849408001,7.8569234414226985,0,81.25170445856686,10.0,0,0
46,0,京都府,25.52742460915688,120.90711522886836,359.3260985706342,41.30881921511624,21.286155843927585,0,88.5484729155612,10.0,0,0
44,1,奈良県,21.84430551251016,96.28441425978441,80.8148343351781,44.87055314065749,21.049875892479786,0,95.97128263114081,10.0,0,0
71,1,兵庫県,21.337297697329756,126.85626025615007,117.11011034238794,41.71580463107804,15.89574648686873,0,94.7295881864537,10.0,0,0
54,0,東京都,24.808962766977757,128.04683080014206,114.94462106311842,41.539606629536024,14.308635968703696,0,94.26438704794758,10.0,0,0
53,0,大阪府,19.425911151906543,105.26126651494194,140.06751209593986,52.9268207733455,24.15854078255394,0,94.09027236351777,10.0,0,0
44,0,石川県,27.72606512460909,136.11674526951177,106.92585788212718,54.5661014897986,22.112590091568794,0,102.90495639330942,2.2791228337943132,1,0
43,1,神奈川県,24.293817564103865,152.9966774795893,130.4899552477835,66.24055612554996,22.299601508951554,1,108.40084337072199,10.0,0,0
41,1,兵庫県,34.53351469587942,117.01736034953535,78.29163324002492,58.22764158895994,92.07674495769265,0,82.49660552951877,10.0,0,0
54,1,埼玉県,25.615180682008447,136.97415141541214,78.47375937099747,41.662250922506146,6.1440745955767415,0,90.58218290531525,10.0,0,0
40,0,神奈川県,25.85425214080633,112.11913331123222,142.65740135571477,42.964469252205944,4.286487812258019,0,81.36236223285492,4.09183947601039,1,0
51,0,岩手県,25.833407205753158,118.32325276103154,33.88727405561502,41.78430977837748,15.59464590549435,0,92.47309639232293,10.0,0,0
48,0,東京都,22.360398186288027,117.6438373923856,63.014664588072876,40.790566490738954,19.036857488245435,0,94.42022839953655,10.0,0,0
43,0,愛知県,24.308137882212275,91.6105979283134,88.87302331691097,41.660776299527505,21.105996172664973,0,102.28911680775884,10.0,0,0
46,1,秋田県,32.33149689820599,119.63972314065762,88.22837911992772,42.26360875470151,18.09584012996599,0,106.31515829455402,9.083765657793755,1,0
56,1,兵庫県,23.26033319108612,99.50418715641935,26.02955665292538,51.44313236873105,3.9223224908052527,0,66.2954667847478,10.0,0,0
40,1,福岡県,28.036598252578788,108.02842066769614,46.91830967082316,41.50813163052765,4.95954971256734,0,61.87828931468894,10.0,0,0
65,0,兵庫県,20.0589866808541,113.57234532997356,123.35908235667293,59.331568137213154,48.34364883861501,0,91.3792833269012,10.0,0,0
53,1,沖縄県,29.091382814650906,133.25525531601423,96.90764382337075,41.13587542034742,35.90717977560117,0,108.08883820777078,10.0,0,0
70,1,佐賀県,10.525231568440066,123.19684469815763,33.75251047011123,43.04722804878236,9.416799070546995,0,87.07747101488341,10.0,0,0
53,0,愛知県,26.85567505400954,137.79536533750473,70.84896235059428,51.109401336809206,10.121057527006535,0,79.08859960004986,10.0,0,0
72,0,兵庫県,19.520088707350638,127.8302064161827,85.56767780496918,41.96555430391217,3.276377692615896,0,77.64674050669778,10.0,0,0
49,1,山口県,25.061488738260273,147.6647605370175,25.24845015909348,42.32073529833383,13.298767877487911,0,81.28994369974622,9.107255175113888,0,1
74,1,埼玉県,20.34874145199162,112.65180126764263,341.0805673882582,41.81111313690194,95.80315635246058,0,81.03618935775613,10.0,0,0
49,1,鳥取県,30.720999334437177,125.09549772026364,80.53211942660653,41.25235735483485,38.801675582301954,0,83.79744486988156,10.0,0,0
68,1,北海道,17.2140479970551,104.03433382888812,450.1925161007886,37.344254847574426,52.37416436612146,0,84.1233074824085,10.0,0,0
45,1,山口県,27.704040575320658,125.28946104565368,63.88827904244181,41.20954283828962,13.399824390800342,1,100.15072872046588,3.421975279727354,1,0
48,0,神奈川県,19.762284962881758,123.52514150906059,178.63839539761872,65.43690544177714,4.2507409774680704,0,84.98307588610281,10.0,0,0
67,0,東京都,28.119250926469224,117.43100758861566,88.59981481864453,41.83909066766061,17.44440655208238,0,77.2994305060721,10.0,0,0
48,1,埼玉県,17.489862076559753,106.45740345184156,102.26928545857854,54.09883421661675,35.390622221173004,0,72.34110347021196,10.0,0,0
65,0,兵庫県,28.050734790396824,159.68445398021507,238.43919162521482,41.923861300607214,80.72506791272487,0,101.72624981969135,10.0,0,0
53,1,福岡県,24.84327421360708,136.1280534889032,131.22424352721126,78.14580793417262,80.2850725945941,0,86.91861341974248,10.0,0,0
74,0,鳥取県,22.3738251134628,129.55644769577378,92.00862043764235,50.65874889357418,8.537313015859104,0,94.9471990620821,10.0,0,0
52,1,千葉県,28.049714811733374,150.05794940000115,103.83061553729193,44.481113861385076,14.841493322271518,0,112.15362312961145,10.0,0,0
52,1,新潟県,22.856690483911734,125.53281561971224,91.66625114363882,41.74950072855286,7.536420123838158,0,72.50890097175741,10.0,0,0
70,0,兵庫県,22.94345433083935,91.03836612713988,58.20803269627834,41.02100107490428,38.69699594197693,0,70.30902500134343,10.0,0,0
50,1,埼玉県,14.384916302073863,111.45221908740787,21.695203410203124,41.05911180250529,3.703109967613916,0,69.64723783344071,10.0,0,0
60,1,大阪府,22.710467023082764,125.00884930849907,48.85707421313844,47.57163038057949,10.150349598847074,0,76.92581867379471,0.7643338017859452,0,1
58,0,福岡県,27.707277532011517,153.92313641493138,93.31559619209547,60.377680180016824,19.38830332527145,0,87.68383533802033,10.0,0,0
68,0,熊本県,24.88012623657641,100.17517624156591,51.633117569524735,58.22114193805146,2.1524683121957007,1,78.87962825862795,10.0,0,0
61,0,兵庫県,20.24744664367009,99.82274753940061,40.29480881650461,41.73614516153878,28.802721986706608,0,88.05942930266603,10.0,0,0
51,0,福岡県,22.176221537285432,90.88682460549616,18.416722687993566,41.13578333695063,29.692147176018622,0,105.20160049921786,10.0,0,0
50,0,秋田県,23.940406222070543,123.40226850672416,54.97377489341803,62.37088798917845,16.49357505321974,0,84.10465185997863,10.0,0,0
49,1,大阪府,28.564384756263365,125.23345652509882,128.13748200461237,42.03906783065091,25.101200799951737,0,100.81165395344588,10.0,0,0
60,0,神奈川県,27.924684280939918,116.06724397421254,462.96968579262017,40.85263765927927,39.30103765378041,0,84.21311653086512,10.0,0,0
59,1,兵庫県,24.367845488433247,118.20119641900818,52.98395851010307,41.99466149952483,30.409666394747727,0,102.29529666529687,10.0,0,0
72,0,兵庫県,18.624173127986865,120.93540427132005,51.988878680742204,59.91477086833601,12.517873843809543,0,103.26351873092307,10.0,0,0
48,1,東京都,27.59774782642227,111.62565539522706,102.17531320474333,41.67964939727853,11.495986441443337,0,109.2910841782837,8.166660088008287,0,1
54,1,長野県,23.04192214915103,87.96501535247086,102.03635574336653,40.76346488927693,26.49064608586389,0,71.35117630947825,10.0,0,0
52,0,東京都,19.42224129373621,115.76286993765109,69.37680658796418,41.35504930473696,1.402429329977651,1,91.9405841543688,10.0,0,0
49,1,東京都,34.18977939390437,146.1017129861296,147.4212336825336,43.567445914839446,46.45753827372346,0,85.69766167487207,10.0,0,0
66,0,東京都,22.233843018718378,133.0060331952807,43.02186982247191,62.16481745037528,10.256804582786497,0,120.42008327448248,2.8284443684305054,1,0
60,0,和歌山県,17.157939536036626,144.76986302098015,38.021550831199626,49.0300157638479,3.422054799863606,0,111.43004483293588,3.0930972725804784,1,0
45,0,愛知県,25.81093624938318,136.1357411372044,68.30388271855274,41.9427360509744,4.286067344250443,1,81.99678587700689,10.0,0,0
72,1,東京都,29.759337347653897,125.73733843719936,165.9945053112488,41.57868405024263,4.447125601911558,0,125.37755140447233,5.610341896793297,1,0
41,0,沖縄県,24.0108619790315,89.44304169858033,56.86155857842672,48.095120757439986,8.947916965845351,0,80.42593879330265,10.0,0,0
40,0,兵庫県,25.080595775529634,112.83644564534082,76.91750250556325,41.28287446209895,6.96108787733381,0,81.53768705676194,10.0,0,0
40,0,山形県,24.14716413377244,91.10716597460258,173.13595238935147,45.276954336186364,64.5105918572311,0,74.54593216646929,10.0,0,0
41,1,兵庫県,25.958627745982277,100.1242943842495,88.54921266413163,41.490017527270965,35.79509436289875,0,82.1537963127097,2.494449400194448,1,0
59,0,兵庫県,16.33060107553222,155.63458071775423,89.5914700670693,58.10729274029551,12.121458936416271,0,88.0377223065662,10.0,0,0
68,0,神奈川県,26.793727427589687,135.88060502876522,58.443836931503185,65.48030915941855,42.357700256438264,0,102.98728800965448,10.0,0,0
48,0,兵庫県,22.956094822667026,115.17901527270224,88.35128910534168,40.856967416571415,9.028580799802437,0,76.5471107898729,10.0,0,0
42,1,兵庫県,23.772621557883962,93.04804823185972,93.31584364904474,42.3371929075923,8.645597482348338,0,102.91436457681925,10.0,0,0
54,1,埼玉県,22.391166952049904,143.38735046968245,92.52586802197777,44.23561134438924,21.807751750126897,0,73.613719900875,10.0,0,0
62,0,兵庫県,16.304931622876623,119.99818387947278,50.75327912342676,41.50871658610012,5.997680807720445,0,120.73217828846735,10.0,0,0
62,1,兵庫県,24.935366123130958,144.19086384562732,131.62055642858954,45.99432149733149,14.608396244684144,0,77.61766337118569,10.0,0,0
62,0,大阪府,22.635735424662915,149.43202373806437,68.83290177734305,42.797514435424965,4.841120622254283,1,89.40417196938715,10.0,0,0
44,1,兵庫県,25.383280609962544,107.50709084127253,125.23321740305656,41.61779033982374,70.37102996372332,0,105.71286133721401,1.4257912998779294,1,0
58,1,和歌山県,19.15756697257416,134.05270114537925,94.11128594306538,48.549172009281946,2.9939522294177197,0,77.28945599774256,10.0,0,0
69,1,兵庫県,23.390074949663756,155.5863963203065,84.24581393767086,41.94164049177088,23.16385698512106,0,99.85789531560143,10.0,0,0
45,1,大阪府,17.101428876075353,85.86497255888591,47.634380752620764,63.92117447929107,6.208011133941929,0,76.59382824532747,10.0,0,0
72,0,愛知県,26.144671117259104,122.72871808500685,49.911155329922174,40.35732193084603,12.90588859739012,0,84.39154688824918,10.0,0,0
68,0,福島県,20.258514802545413,139.45055062410256,37.81301730110675,41.28861035381338,16.02490702779603,0,88.08399204727695,10.0,0,0
47,0,埼玉県,26.076694255415102,102.94205551765337,107.44040334460851,41.43780099901905,62.32172524446309,0,83.7227624174481,10.0,0,0
74,0,岡山県,16.99812631921703,130.51626190569382,77.4882331003308,58.264875289690174,8.903222120667667,0,109.3579681265795,10.0,0,0
58,1,和歌山県,16.574974127697686,98.61697576097454,22.249646554409253,54.14278441122858,8.048633910617506,0,80.63568776354762,10.0,0,0
62,1,北海道,22.286692264655148,130.00106913184962,59.141123333462446,41.37177309391318,8.111996765304092,0,97.5404207546651,10.0,0,0
57,1,兵庫県,25.142970765216486,141.44567806634123,75.60333538983772,53.06593820082247,25.788564669965805,0,113.37371778489543,10.0,0,0
56,1,兵庫県,23.412592401993546,132.340535647156,137.0989202033067,40.87404653280175,3.971414738510794,0,114.74583123548645,10.0,0,0
53,1,兵庫県,26.17753481602961,123.45281518108588,133.38820593764044,41.24329194931051,5.188513499233513,1,79.00119257733078,10.0,0,0
52,1,愛媛県,22.707818068860085,137.55138736443604,144.09299020444567,59.46700086343548,38.96310547780325,0,80.54050312868584,10.0,0,0
46,0,福島県,22.395775267873017,91.99143178328654,100.82500606036285,41.67290902836286,20.878614198516566,0,63.65610273607336,10.0,0,0
70,0,兵庫県,22.158355631154215,133.28041132356194,79.08580272587633,48.43036400460761,14.906850497889913,0,98.79556860749372,0.32196698630840775,1,0
45,1,兵庫県,18.995972296548164,109.24007197543585,39.69854210273345,57.564818781521126,15.886222772493625,0,76.93996610105421,10.0,0,0
53,1,大阪府,22.994539800780185,140.73984906683535,80.89640010345617,79.56154863745454,14.84369832071388,0,95.1261782967771,10.0,0,0
52,0,東京都,19.574995047005512,154.20982052645655,114.68804062602212,41.838961003762215,18.12145570140533,1,105.39991803506466,10.0,0,0
41,0,兵庫県,27.925592470622817,107.68371969038918,205.13170478446833,41.37208437286459,36.63001791513618,0,84.65726030263909,10.0,0,0
49,0,静岡県,19.62100359396195,124.51233753460255,64.3675108008133,41.083681529789864,20.187937078186547,0,78.76885992551212,10.0,0,0
48,1,兵庫県,31.688483547160548,118.2268617352306,113.46118653515971,40.58862953296287,49.8691288530334,1,103.99767479099864,7.6302653655135995,1,0
49,1,兵庫県,27.529903958645644,139.16961577701136,124.02105844087068,39.83262572896246,11.968142505754576,0,85.56673044707762,10.0,0,0
45,0,京都府,25.31894644278028,148.47708868165515,77.35001454453331,51.381241993256175,12.168790150027766,0,108.0873804337036,5.400189340981227,1,0
61,0,秋田県,18.758747790145666,111.24748223519707,58.57796002455072,35.69322747705767,6.006237136216051,0,54.049091335427775,10.0,0,0
69,1,京都府,20.60712658974675,123.45368131415864,71.01165200076524,41.16948840457465,3.9037343507799243,1,57.97038801571848,10.0,0,0
71,1,福岡県,24.190488918122416,159.46082491280322,139.92518069717224,41.741579057908005,3.8824547620341963,1,117.33730572019198,10.0,0,0
52,0,福岡県,31.217981856229805,161.93907064689716,153.13188045771105,41.07243367490459,27.034405189522648,0,92.71437158012226,10.0,0,0
64,0,千葉県,16.025797192368938,125.09130854535954,33.69908649292879,67.6399122837217,3.7378630439093365,0,96.42083776416402,10.0,0,0
73,0,埼玉県,30.446001316471595,140.9984823734183,165.3375033816479,41.421310550846485,21.115167101981907,0,108.22513668593716,7.216631714618125,1,0
41,1,奈良県,23.321603309762587,100.73738570535477,89.13027444074969,45.227586423663695,27.357312533585294,0,101.82527705752736,10.0,0,0
58,1,東京都,17.36865187914001,103.28535987970682,71.5364961095193,42.96710699580413,15.387966056056149,1,84.3587830618716,5.495393082165383,1,0
42,1,岡山県,28.669020910386784,152.35295925421826,94.05837861420959,64.09813752163788,15.527418513843903,0,105.28691803096982,10.0,0,0
46,0,福岡県,27.610434073931753,134.38801919412285,24.150647074680222,41.23844253551473,22.065492189348262,1,98.11520332148235,10.0,0,0
48,1,栃木県,21.536887437594533,131.6574340832583,71.67688164605651,41.38445223891445,20.23544624743683,1,95.81667560594217,10.0,0,0
56,1,北海道,26.30305172363342,125.6195480811616,23.513134272192517,41.23822884031533,20.515730362839868,0,104.98418216563967,10.0,0,0
74,1,神奈川県,17.142906772574506,138.86065136728593,32.17394295901971,41.1514072292584,15.805178510978308,0,83.79307270223683,10.0,0,0
51,1,兵庫県,28.119167828013953,97.80587496035153,60.86994019316977,41.29321099025813,9.12265489264625,0,80.44899477230909,10.0,0,0
41,0,兵庫県,27.562215620529674,126.29267783589025,139.97653891681526,51.318700849168266,21.11297606801307,0,100.91919383222682,10.0,0,0
65,1,奈良県,21.412556061704443,121.82079920013305,105.97985880886735,41.891371161569616,8.571371487736847,1,81.75338182858607,10.0,0,0
66,1,兵庫県,19.406459743410473,131.1353246663451,23.26841289431478,58.40658393313084,8.521769120671806,0,125.69163592427715,10.0,0,0
49,1,奈良県,22.68880521797315,120.71792246655767,18.872741139598016,69.7004285216724,12.030286082473083,0,72.77910215873884,10.0,0,0
56,0,愛媛県,19.75175410711346,136.35343804997788,93.33040499442582,41.42336973336366,7.879094229319648,0,79.34317391027312,10.0,0,0
40,0,兵庫県,28.13173923665053,87.29513445164233,187.40746108672244,40.800092656989186,19.982769462189783,0,120.76583723696713,10.0,0,0
52,1,山形県,19.286401514745812,145.43810585777175,15.773631012160541,46.446766743863755,3.632895704769587,0,91.1993863644076,0.800587968648461,0,1
66,1,埼玉県,30.36964294489078,113.67141491386725,111.9154733284896,41.39303733612458,29.962552231644842,0,110.8549794984514,10.0,0,0
53,0,兵庫県,28.541259109804614,140.18274832176738,185.25420907308876,51.19277195804486,88.09264213331852,0,108.7592416507547,6.600103917164381,1,0
49,0,大阪府,17.72775793138805,115.99555171186694,25.40209630470593,58.44129899103969,11.833974356696746,1,89.48626169096596,10.0,0,0
40,0,埼玉県,22.36638111126534,113.22121413428233,131.10757612074607,48.245518657643295,8.422077064071097,1,95.73305534917898,5.533781975042367,0,1
55,1,沖縄県,14.48883445265611,117.48704801165447,21.126550029742475,68.44709318452425,25.488940637458306,1,75.46227011726344,10.0,0,0
72,1,兵庫県,28.13832704693937,159.7200792280887,187.11798619734682,47.01929626203826,7.8844471410849675,0,99.23043611701107,8.838919691082094,0,1
54,1,神奈川県,33.10101896350524,146.3995273410754,165.00476121713385,41.07221103275621,19.214674054481968,0,75.4615335260472,2.272345754846067,1,0
52,0,愛媛県,18.9383655765659,115.1418447580127,22.316370149064998,65.33658130998288,20.90861760147864,0,114.06315083089353,10.0,0,0
70,0,島根県,25.40108857473287,124.97000188862162,133.4189737413292,40.78849357878054,16.25949740142845,0,73.31135678159838,10.0,0,0
61,0,兵庫県,26.963085679803978,109.5545902656825,105.92265569361238,44.26585595215213,7.532165132707945,0,86.26431431628237,10.0,0,0
45,0,和歌山県,27.306032452739228,142.93090122974624,45.42955836421142,41.62901441775076,6.125672835985269,0,66.95507801526264,10.0,0,0
43,0,栃木県,27.716201248917194,113.31910148862902,47.069708361371134,46.89076787811886,6.651623340306757,0,91.64683594735898,10.0,0,0
52,1,宮崎県,13.670627775006935,91.6037883999148,26.562618175127287,60.50548646764596,3.2612883615264647,0,95.8745616863082,10.0,0,0
55,1,兵庫県,26.927568369516784,138.49339952622915,62.410996206413174,60.04016136240596,33.76808362059911,0,110.21331966373678,10.0,0,0
52,0,群馬県,25.06261317078812,153.4930873397872,142.81783797046754,41.954236472785915,22.72513240238456,0,89.7012180617582,9.244067989346451,1,0
59,0,埼玉県,19.542881609777307,92.39410508515601,189.2171257709112,41.237483362358844,9.76475455750834,1,112.77533515989582,10.0,0,0
45,1,埼玉県,16.52588631885404,98.66235206857966,22.007896011169944,41.23546889318844,4.133140997651077,0,73.19500521871693,10.0,0,0
70,1,秋田県,20.07046265510525,107.37548298232082,80.95611747523162,41.93082836268191,12.677524002695613,0,69.59131521265495,10.0,0,0
59,0,愛知県,23.8152422344793,141.81296306626336,50.509460248594706,54.33903726057077,43.66585030800503,0,94.72901626168463,10.0,0,0
46,1,兵庫県,25.750724873443524,111.57466308836972,97.09671480979928,44.95111516592436,17.025504811780074,0,72.4876688838573,10.0,0,0
43,1,神奈川県,25.199700846415414,116.74397323211971,66.4941564080752,55.58547787718833,8.134358008527807,0,88.62876144906267,10.0,0,0
60,0,福岡県,25.4030504274086,121.61015142292648,75.13459294500954,65.02034787374832,15.509707209493742,0,93.1243182918071,10.0,0,0
52,1,島根県,29.53610744172671,141.19551920743808,71.67552352032351,41.81120069199938,29.8417272568948,0,105.21750444758968,0.1808433667042185,1,0
69,1,兵庫県,25.40125819884721,123.2097361186878,137.45196401033687,42.065975526057336,11.837902653473586,1,124.9566024658113,10.0,0,0
71,1,神奈川県,19.102719575204006,134.35643638543928,253.61356382658622,41.07107450257729,5.009512138665694,0,82.51075912328355,10.0,0,0
46,0,群馬県,24.073408177927675,121.89048943263397,45.4438796276416,41.811552513681875,5.714345335254604,0,111.4257201872139,10.0,0,0
60,1,神奈川県,27.556624652636632,155.92888519634909,111.34723757114106,55.147833605822406,14.042761677863595,0,94.29147744243197,3.993030156762492,1,0
71,1,和歌山県,20.46508793881138,106.18155698255508,127.0046245159147,42.31803861996654,9.198915167288773,0,79.6124273036176,10.0,0,0
68,0,東京都,26.867355843554424,149.28533524757032,118.91278840894022,61.43070648447404,69.1395758695168,0,99.81326314163309,7.275677111382921,1,0
69,0,神奈川県,22.339462116239712,120.9034747614437,136.70703723216107,44.263890521381306,23.343284928029487,0,85.23190710449157,10.0,0,0
58,1,兵庫県,21.302023091391856,106.69294911774163,51.202259444754006,62.45231456799974,23.25647970122521,0,74.06707170699221,10.0,0,0
69,1,兵庫県,20.256623189379365,135.3277568466846,61.15515316760778,41.791765750923666,13.256023528611028,1,75.12861272163745,10.0,0,0
44,0,兵庫県,21.574355246881574,122.2701673240143,57.66165916931216,41.6201358082353,15.862774144938706,0,53.92155252883631,10.0,0,0
40,0,兵庫県,27.36450723095849,118.81846559999275,50.792465929735265,41.70151983265862,10.38373073567578,0,98.20668612648007,2.253734884989902,1,0
47,1,北海道,25.748626539344055,109.85593018252933,56.25922879612489,41.14176554966479,9.288556535075216,0,73.79385657856787,5.319068930561193,0,1
41,0,東京都,18.807502081891318,93.96947896529778,83.83923990949354,54.68351511052005,42.9269553150821,0,68.35869526187656,10.0,0,0
47,1,兵庫県,20.568786106050297,120.82372781179572,59.639417147325744,42.403013785867095,1.6990136116005623,0,85.68713672569531,10.0,0,0
47,0,千葉県,26.608808517663476,140.17640048896837,61.903393170285476,40.91533043982341,9.815497661100988,0,90.81099289858781,10.0,0,0
69,1,兵庫県,19.262749536125813,153.76007989740077,56.28885863605805,41.068413547245235,11.829483807774077,0,84.15751403930709,10.0,0,0
71,0,沖縄県,21.555161440727915,134.40136403725984,283.90327049922035,45.71577312874271,10.972540653624694,0,94.41112167210382,10.0,0,0
73,1,大阪府,24.573120574589556,138.78696043311032,198.4335860790711,51.51364005132027,22.539984598391825,0,107.92800216000987,1.6656090986354004,1,0
64,1,京都府,29.25597356989642,108.0258295479634,180.830513733157,40.801510333121556,64.30207417847576,0,79.91584810781087,10.0,0,0
67,1,兵庫県,24.148748788020725,124.9695746020434,62.842740959013376,43.97669499221691,10.14039579465198,1,55.576793665836796,10.0,0,0
48,0,石川県,26.34243031737088,102.32722019114856,82.05356861273548,55.33089341483453,11.312472081257942,1,93.77567528668341,10.0,0,0
58,1,兵庫県,28.867729769749104,131.51357888523194,162.76085220940377,38.234615051003225,50.76008124520432,0,99.1165220823857,10.0,0,0
56,0,東京都,20.388779832544582,118.33945690985128,102.75463512195043,46.27678322130503,16.17370462904002,0,91.11267578368783,0.7712530517854639,0,1
49,1,東京都,24.8376982619744,112.62938807630478,151.01904615196224,41.10605023695558,35.40367733059413,0,89.71469068543027,10.0,0,0
58,1,鹿児島県,24.506579422421265,117.3328587840712,318.9377180861236,41.67962466927424,26.408247169569126,1,93.00369446877876,10.0,0,0
54,1,福島県,11.021802952470482,139.82356679381826,60.06861674325107,40.92072295006308,2.827984112371098,0,57.85837377242792,10.0,0,0
46,0,秋田県,23.84949669841378,115.31111825078946,29.6913735314192,69.70419028727376,12.257485182542677,0,84.98339755246329,10.0,0,0
47,1,兵庫県,21.443368330764592,128.78214056206428,48.8486136436954,54.39703275576053,16.797284635193343,0,83.85785594304373,10.0,0,0
72,1,岡山県,20.89207740622268,95.82175405480508,34.24316195500502,41.62348449837642,7.532562764631233,0,77.63523525826461,10.0,0,0
62,1,兵庫県,22.00540889294482,136.9815094405676,58.29146047766144,42.00485026859939,17.013028733299922,1,99.23292614360159,10.0,0,0
50,0,兵庫県,26.60791369611429,124.87243171153172,246.97374162615708,42.18907682877114,63.24533345785087,0,90.43618490190201,10.0,0,0
41,0,兵庫県,15.876484432163922,124.00128118680625,72.02971287576561,51.09072657138899,15.303657291485631,0,81.3788420438311,10.0,0,0
51,1,岐阜県,24.13624131751166,112.58082841602788,159.9153800335429,62.063158779608244,6.430583305076643,0,82.00056490365093,3.7888860298811333,1,0
73,0,兵庫県,21.408870803142193,129.81621642006166,38.01477520686929,41.32783235803254,9.027199654065091,0,106.34408246359529,10.0,0,0
43,1,神奈川県,26.847266497193562,116.98228244931032,82.5930877080866,54.44779221931097,35.79075925702583,0,112.74032176095962,10.0,0,0
64,1,滋賀県,26.928244989285602,141.69312538266618,131.1790539005468,40.79905028712372,13.54434628398002,0,90.43406632494597,10.0,0,0
52,0,新潟県,25.390669144668934,135.43556352152183,29.97797443386395,48.19930718844926,3.9085946703523438,0,69.62583199584493,10.0,0,0
61,1,兵庫県,27.14947800508906,103.00873361176346,156.2278014386616,47.0036930114299,41.950272206764375,1,104.79421339332654,10.0,0,0
51,1,奈良県,17.636347533662406,121.80621271019875,39.45960673106591,42.471941928973095,3.2864154422587997,0,74.38931975151868,10.0,0,0
62,0,広島県,28.5284501715497,137.7820159748123,157.6232641138641,41.27756649598189,29.385267393579653,0,123.44380741720785,5.399483324465739,1,0
48,0,岡山県,23.256180058373197,152.05457559213923,40.201126203733054,61.648058111570215,27.13336401783554,0,125.77543591844099,10.0,0,0
47,1,兵庫県,27.583209315233113,146.31768750966376,66.02316498194679,45.23462361796246,13.14758967323812,0,85.698070018236,10.0,0,0
55,1,新潟県,22.99172943182221,140.08137176949472,32.937871128647274,51.63873073154997,39.77342986563687,0,96.17535486310263,10.0,0,0
47,0,東京都,23.51507093196095,110.7250982555358,62.76622584139983,60.599371435573175,32.76055743532081,0,94.18261137848194,10.0,0,0
71,0,兵庫県,15.414520951528594,116.9400995659175,51.84464562466103,58.38373685665103,8.846473788131357,0,92.49231561339853,10.0,0,0
71,1,神奈川県,35.394024311155846,145.66765532934986,204.14926787414439,39.96344131092602,77.8409949638214,0,105.20204357183768,3.5504861835251105,1,0
67,1,兵庫県,23.72277442043492,110.1327326770085,103.32325725798691,51.224461609934835,10.414427434166052,0,114.56537185617158,10.0,0,0
58,0,兵庫県,26.483467169847707,160.35279220691197,134.5491141156377,63.53116478738571,13.552825207253616,0,87.214632652093,10.0,0,0
70,0,栃木県,16.773423932065402,130.84571411315076,59.23777317036476,41.70325944175191,3.91803573082934,1,69.38466487701523,10.0,0,0
73,0,兵庫県,22.308260842573038,122.55689729561551,97.25041579081797,64.40921233616231,6.7605481475563,0,76.01198934157861,10.0,0,0
50,1,兵庫県,17.657411827615427,121.58374259149271,111.56753406805801,41.37197609136249,5.572323593315774,0,81.36454149497611,6.691397162991179,0,1
49,1,神奈川県,26.945167330670436,143.40154160676224,90.00097236993537,48.45823231616247,10.427485094253763,0,78.62994489952361,10.0,0,0
73,0,兵庫県,24.11128168972721,134.04293299709744,75.43258895647905,42.43916711686476,26.65417049042362,1,101.87523904489204,10.0,0,0
41,1,福島県,23.72229278214195,113.76413219277725,61.74701644403838,41.39340073938278,33.31595120729817,0,64.39346696488143,10.0,0,0
67,0,愛知県,26.86033917282508,113.80558125117592,157.04636044978224,43.28368214141747,39.26662323954224,0,95.36625983524596,10.0,0,0
50,1,兵庫県,25.493575938805332,126.26743680113778,109.87841962402746,54.285349022072445,6.399251954444529,0,122.29461768783264,10.0,0,0
72,0,大分県,21.835004693663137,119.83302776379345,180.4188724288029,41.29046448583596,4.284728744081248,0,98.20477144067152,10.0,0,0
40,0,兵庫県,26.164752324456384,129.0096224124041,50.80029014367534,44.573303909372854,42.37841611948778,1,65.86256940560929,10.0,0,0
42,0,和歌山県,21.27758755272988,93.7001934082252,115.01856565356762,26.501734698235513,3.873483783745848,0,86.91497948754447,10.0,0,0
51,0,愛知県,18.98331516199187,109.1972213655588,65.53358668698068,40.68269089084089,21.499320645683706,0,64.85321888167768,10.0,0,0
44,1,和歌山県,25.679696735563798,126.9346574392609,164.97333846297406,41.86595864741572,9.30199901236201,1,119.29430691346725,9.921154012354602,1,0
47,1,東京都,25.833396272256557,120.2018916303658,109.1147320423768,40.691372598781214,3.8389802738054843,0,92.41530673288685,10.0,0,0
58,0,岐阜県,24.80346089633317,103.00670225187247,130.09153025307972,41.12695953260892,21.81590234763825,1,83.15281113390819,10.0,0,0
44,0,岐阜県,22.85134055092789,144.7951590687317,40.2481360146681,41.798987298887646,15.466430291408338,1,84.16893156383638,10.0,0,0
62,1,兵庫県,21.883783250317816,118.7613252186847,115.48530999677995,56.83609953287251,12.477425464358308,0,73.65558197367154,5.508057250463693,0,1
41,1,兵庫県,27.786645726726046,111.39638998993016,63.668858632815066,42.17108763976492,23.26295311184558,1,104.32089324581789,10.0,0,0
69,0,兵庫県,22.97805764923317,110.05737527805307,115.52365444738227,41.0036356096081,26.24326476593908,0,113.97647829985787,10.0,0,0
43,0,千葉県,20.165801080101442,111.60491162719937,56.49547314933723,41.247636725378825,4.129549488283755,0,87.80862872227608,0.9210747122300483,0,1
41,0,栃木県,19.629734280107872,133.29958450866266,8.653867683933353,55.8232825091423,7.572942632315381,0,69.38254375460268,10.0,0,0
50,0,栃木県,22.170983940194237,146.1608669253697,334.53682412276476,56.38961119469589,27.37982922721591,0,89.31337682898958,10.0,0,0
66,0,北海道,24.780319575408413,112.36137145339545,75.14196459377594,63.690642746452816,6.8568470553456145,0,108.24859205982665,10.0,0,0
50,0,兵庫県,17.000301033860815,88.65972989562562,75.82340841310739,42.188705474410135,8.669430181918628,1,91.09530304454677,5.555899129137711,0,1
50,1,岐阜県,23.65970312695776,90.67331464336489,49.34394717780142,65.67531907180611,47.651725979475394,0,78.62976575901992,10.0,0,0
68,0,福岡県,16.9905609183307,151.40430010551674,86.19867000461747,48.23419450217602,2.383998145009985,0,102.00500738052192,1.4254684704326555,1,0
45,0,東京都,20.59726609956007,112.36081592696229,19.57424625658904,45.98442833217296,0.6566162162003268,0,79.63389498343886,10.0,0,0
45,0,兵庫県,26.93434980423959,129.4230298165004,26.601675265048076,58.07179800038695,9.941850598758716,0,83.79351514829656,10.0,0,0
59,0,広島県,16.696451627477057,113.81849089733173,53.89256506514479,40.801403065328394,6.3472828205054,0,58.660418146977804,10.0,0,0
45,0,兵庫県,31.196751091020896,142.85349952345524,434.2184287019522,60.48883158169412,44.6204615786233,0,100.66492107485492,10.0,0,0
70,0,兵庫県,24.853419240805138,139.66092115475882,359.50454573041253,33.675650497843456,22.99451331122968,1,92.86516492413779,10.0,0,0
42,0,兵庫県,21.702815534416043,113.98050385614343,113.4488104755865,40.93589954384735,8.680639019563992,1,77.63969854379621,10.0,0,0
66,1,鳥取県,23.682312065281835,133.74590562582037,232.35124699276582,52.817790613780645,12.344810673267732,0,80.64592944337464,4.758620834120205,1,0
63,0,鹿児島県,28.314890784840408,88.80736107226684,173.00818928791105,41.266309842692635,52.616203868192706,0,83.93924628379173,10.0,0,0
57,1,埼玉県,27.912809287893833,109.85570998463463,32.93665378453274,41.13865370594986,6.326193903916981,0,73.08749327409127,10.0,0,0
66,0,兵庫県,24.191799684361886,120.19675301224015,50.81773999938651,71.7646046838975,18.71016725952535,0,98.4560456944214,10.0,0,0
53,1,東京都,28.045963544840212,131.95232177588545,61.97298021263235,46.97958023149559,29.05793502346,0,94.29057721155019,10.0,0,0
51,1,兵庫県,18.3161810307747,116.72916506576657,48.2038187696076,53.777451327970795,5.539949036456448,0,96.38674949278071,10.0,0,0
68,1,埼玉県,19.8543929815014,136.2176157677273,90.1273642640935,42.32408653798264,26.488985983476212,0,88.4279003227704,10.0,0,0
56,1,東京都,24.177204086802085,150.68391511409845,90.01073978360283,63.545320804247694,9.567033891656125,1,113.06849583997989,10.0,0,0
64,1,兵庫県,25.74678263813806,158.11408658108715,91.21133998250333,64.11001414153766,14.412140659863287,0,112.73883711027764,10.0,0,0
52,1,東京都,20.92111505404511,108.22381890444437,61.63555375983363,40.801189994218795,8.061885418517463,0,89.6604312346599,10.0,0,0
74,0,兵庫県,20.123003548800636,146.81192909338512,22.144900749526844,42.37134408939493,16.430856726344995,1,94.67223389654717,10.0,0,0
48,1,埼玉県,21.76026999618689,115.50880953312505,146.1120863506483,42.70998538151417,14.379483584181324,1,70.20930024270174,10.0,0,0
53,0,茨城県,23.83071144905263,138.7880916371298,107.72741325148769,42.46533892913637,17.054855218185285,1,81.1792001939376,10.0,0,0
62,0,神奈川県,26.874733277204673,138.60210271203724,299.9066130470347,40.9849849797629,6.837413858176812,0,100.8326337871021,10.0,0,0
64,0,埼玉県,20.261297067466955,130.04423684839972,47.74473736645802,56.12396930427402,15.159347154956183,1,97.56726746051011,10.0,0,0
71,0,千葉県,18.595430964129992,153.98121046414337,100.57226230958071,42.477793529597534,8.113867241303648,0,114.83062320320634,10.0,0,0
64,1,兵庫県,24.129780762415564,116.6141972744951,34.37339824710088,37.85057922692306,3.7701700397303006,0,81.16601361412624,10.0,0,0
45,1,宮崎県,18.07138347317025,99.46212252677455,59.15226235733347,41.6126793761755,13.209439473844728,1,113.6301508990872,10.0,0,0
61,0,東京都,23.22489731000541,125.3768587726268,100.43029641223569,42.66282375431871,7.516109272731375,1,97.30627760258719,10.0,0,0
41,0,茨城県,20.75746822672428,116.40779569501488,28.77347974326594,41.67440265168067,3.0868177480814674,0,110.19664603026733,10.0,0,0
54,0,愛知県,27.78279814174024,101.71588707194117,81.14147919898546,41.66223624834918,3.6905086193075256,0,125.0,10.0,0,0
70,0,兵庫県,22.826088849466537,120.91645508044154,114.84634772155538,42.43392300434438,4.381310799499103,0,93.78554760239541,10.0,0,0
40,1,福島県,20.960858764972656,99.9962191743461,40.360389849427015,41.83440944756142,4.91230183916132,0,59.89465388302408,10.0,0,0
59,1,兵庫県,19.499115645067228,110.66812275267698,34.625197630374096,41.026037732413975,5.444772655021814,0,103.5736802931092,10.0,0,0
64,0,兵庫県,22.55708901432134,125.59379904204921,75.9349093253029,50.934055859227186,18.72053350300587,0,107.46504070687324,9.001072039507054,0,1
40,0,兵庫県,24.587653288972806,72.86468046985681,146.24488252077506,41.798194116211306,35.56573289103375,0,76.10717874949904,10.0,0,0
51,0,兵庫県,24.345398190324634,116.95060938184349,30.736000748291964,40.85845969801767,22.776804092680848,0,98.8143682345172,10.0,0,0
68,0,京都府,28.580062244812442,136.26791299630366,188.60038048315386,41.33035120495283,32.967682926219965,0,110.23733947239778,10.0,0,0
57,1,愛媛県,10.806172590002493,93.54328385876634,55.28819884748294,50.578943906877306,21.778935237278993,0,74.76828991588498,10.0,0,0
71,0,福岡県,22.713617966104014,150.0688171807811,104.33465888245648,41.2828572888299,7.830077119030208,0,88.44657578039144,10.0,0,0
51,1,兵庫県,17.87903466789376,113.31928197060017,39.51414409334407,41.15813001892024,5.76381338598703,0,80.15334073018555,10.0,0,0
64,0,兵庫県,18.25827663340101,110.12467515947301,24.279679211152196,42.697495502163676,5.447429400852838,0,123.74075091921048,0.016000634359386468,1,0
50,0,兵庫県,18.491757335672247,114.44063800068082,39.9971213709274,59.58617963436199,9.633929747351411,1,70.86471087937264,10.0,0,0
69,1,兵庫県,19.65140914520942,131.21494484337077,55.287009195735756,60.71566923203776,8.148245993654873,0,81.57222090412841,10.0,0,0
49,1,新潟県,28.281399980913637,130.31660309589284,93.77173550900547,55.138410687340574,21.57857397966527,0,91.21897898157724,10.0,0,0
49,0,東京都,24.222104554165153,96.26814275076737,35.12121064687812,36.54523383135348,2.1220903479115356,0,103.25968530984056,10.0,0,0
66,1,茨城県,30.08414346387259,111.55558283451563,196.1461443837188,41.15519759749029,6.403242048518008,1,99.69979038816736,10.0,0,0
50,1,兵庫県,23.909768221438114,118.04399192238091,92.96820101101586,57.04115302540219,5.290923051587211,0,79.47795951467141,10.0,0,0
73,1,東京都,22.82906264864655,143.5089160911953,122.92690182827505,43.51318928718112,17.24657175585327,0,103.92811088514661,10.0,0,0
42,1,栃木県,19.597204102999896,126.48866198848783,120.9412125331429,41.01566239868799,12.876493431457808,1,98.58441844196608,10.0,0,0
50,1,東京都,11.774922617903556,95.66407470263998,27.958656347362094,41.866723420610604,6.886384154587346,0,72.31387201341482,10.0,0,0
62,1,兵庫県,19.072144966437573,120.39933303158199,25.284721312595703,71.32936650863394,7.329101710318572,0,99.15483360853024,9.858892288512237,0,1
48,0,兵庫県,28.016610432284406,127.84565276605,157.00579449725848,41.28360296646692,19.22997185812189,0,91.8542472120759,10.0,0,0
74,1,兵庫県,22.642683829688806,124.57581491678515,78.99482311766765,49.73040686377418,15.182733316335385,0,120.44982604717009,0.9905006524600674,1,0
45,0,大阪府,21.662193508703247,106.5274205734585,71.39370423416021,53.930612996069776,4.922802941668849,0,72.72884301645131,10.0,0,0
45,1,神奈川県,21.69201583625697,98.30438266444513,60.75706471449436,41.859201408946426,4.083647470351745,0,67.97769267884559,10.0,0,0
43,1,神奈川県,20.03212804557195,127.74339344035376,44.047143068045784,44.29379234067568,19.306043201078936,1,100.0725537386485,10.0,0,0
51,1,兵庫県,24.431641363538905,125.27411407840542,326.1779870315194,42.704106982265436,35.505597227497745,0,110.25666696634043,10.0,0,0
70,0,兵庫県,27.365622255342235,125.54727208505646,345.43390982863673,48.92175775299877,31.004022912806732,0,86.91569064226061,8.99710981686278,0,1
74,0,東京都,23.549445580414165,113.76697490930512,59.34657586362595,40.939097682393964,10.933546409912537,1,87.74902636555183,10.0,0,0
59,1,兵庫県,35.421361957348076,147.6408321339409,359.93710430198075,49.109554978650166,56.96727941140621,0,125.0,10.0,0,0
50,0,東京都,23.91398177941909,123.04298432558765,39.217427680454044,42.56919366933618,11.690295712855356,0,96.09906039198174,10.0,0,0
47,1,兵庫県,22.505668834466803,112.73955594342367,102.75604678069216,41.17794547056402,23.913892772641596,1,54.0632657917295,10.0,0,0
65,1,千葉県,18.985771471801048,121.7442171042258,64.80844850853504,40.97023466175389,3.0926093229251865,0,108.49753971716089,10.0,0,0
73,0,神奈川県,22.311502894789918,120.4128602903591,35.283668103395144,64.79764621599928,5.1611919202337875,0,107.32581966640792,10.0,0,0
42,0,埼玉県,27.276091041482093,143.3703766557104,158.4218217533586,48.24080236926979,77.68532441419802,0,90.49565791528096,10.0,0,0
49,1,福岡県,29.412163401514448,129.90468104925273,91.3421204319672,48.45608793512783,19.46434976253984,0,88.05589275087641,10.0,0,0
49,1,石川県,22.962775155489307,133.48969356860397,45.60462795632555,40.706086318703356,9.101270286373191,0,77.99668294799069,10.0,0,0
42,1,兵庫県,22.28169104841018,110.730098519585,188.77880249691378,40.67131699067313,14.45253895116219,0,81.67667202341099,9.164423677398716,0,1
40,1,福岡県,20.641892650973716,86.33158846970467,62.871813635217784,40.95826661349664,17.2368012999191,0,95.32412881647127,10.0,0,0
69,1,神奈川県,17.967477737177145,121.0351863146836,134.75168606557511,42.06835823635414,14.263484988642931,0,122.5825789896479,10.0,0,0
54,1,兵庫県,29.018132390685963,122.52388354162616,148.21461858642343,52.77355783318164,17.849270170168523,0,92.10109208268425,3.7498257169826976,1,0
56,0,北海道,30.71993148397521,123.56177779764961,124.03096995362395,35.13955588981618,9.886765614303073,0,101.01044184447355,1.9201929611631923,0,1
57,1,岐阜県,24.90725786773149,91.13752266783717,76.44924720990916,42.20857678306166,5.462046667544583,0,81.17702218527833,10.0,0,0
51,0,東京都,25.14675452530686,124.97028027685027,114.92146204490642,26.50471760866832,2.8503904548991548,0,69.62556458293945,10.0,0,0
52,0,愛知県,21.338107106501486,118.82259935897075,18.475542133009217,40.819235419178895,4.4413309573203446,0,85.62598744018736,10.0,0,0
71,0,埼玉県,19.64971916630337,125.37358590429874,116.5446038499728,41.253739930529015,5.195722465482077,0,84.97968351137018,10.0,0,0
43,0,長崎県,28.327475424014192,116.83437179141413,167.86151776144644,41.37468348573284,22.51840559359164,0,93.3480574568042,10.0,0,0
59,0,兵庫県,26.29302603605388,139.18652422735377,75.15146687029788,41.66858989628828,9.185136745027387,0,96.26465534883496,2.998878823567452,1,0
59,1,兵庫県,23.256369984196255,135.20022067338422,77.5263575487218,61.59038907642958,46.1281343053664,0,102.34862341836492,10.0,0,0
49,0,兵庫県,18.309372090000817,120.83531892129365,29.966877941629463,41.05240208460677,2.3992293339521873,0,92.3222935224224,10.0,0,0
52,0,岡山県,22.557376707620598,100.17437953775158,94.4865634997843,41.41188464948369,6.964887674959726,0,69.62354548460267,10.0,0,0
49,1,神奈川県,34.18692721192441,129.2395958029133,109.15719164366655,42.258922240711925,30.37703180215471,0,91.64898709445104,10.0,0,0
60,1,島根県,20.242892397014096,122.55228358064619,60.73874378526429,41.94246182084541,11.450036902954812,0,108.29025774499118,10.0,0,0
63,1,大阪府,24.825078999239935,131.36705954850942,81.51567121541578,41.48860291848399,5.515162132140528,0,92.86564752723251,9.168019400828909,0,1
41,1,茨城県,24.56946126904769,92.28274227838074,91.74003560237436,41.33743974577609,11.68186136168295,1,91.09570831245912,1.2904928237816131,1,0
52,1,富山県,16.3050292029782,117.28170998949018,74.08224330549359,43.900651652620084,8.824713988946431,0,79.1286340948788,10.0,0,0
64,1,神奈川県,17.002579786863453,128.78212711507197,26.01546843774174,54.292090915097646,3.6993955416098436,0,95.8268118559473,10.0,0,0
41,0,秋田県,24.583501793392024,148.39171398476083,43.29206709269998,58.22520649482159,14.759762609505186,0,84.02853249063213,10.0,0,0
51,0,山口県,21.07428273892531,104.21964245493538,77.68320137328824,41.941440040680256,7.974887926587365,0,121.7924211742733,10.0,0,0
46,0,栃木県,24.650355156657326,145.67051011398664,95.0986065528837,61.33897376792543,22.02638854671857,0,76.21175945197301,10.0,0,0
66,0,福岡県,25.393558019418183,155.71100223236942,78.96481553836198,55.7283088216534,43.088008550761614,1,122.96638908627348,1.8758058298781268,0,1
63,1,兵庫県,28.96178643119466,133.00426619076654,188.80443193368055,41.69414591867991,55.32586077987612,0,84.85950330935201,10.0,0,0
60,1,神奈川県,24.78494905671038,125.90349778568226,141.58011023865214,42.786591846753616,17.271690129418012,0,100.36038004483517,3.472327711440269,0,1
72,1,茨城県,11.520101924500809,100.97679023704262,43.29194739675752,40.69469503095382,0.6906799396294594,0,107.32399261134368,10.0,0,0
59,0,群馬県,25.38396170409353,92.33320095699536,120.28654256992385,41.48863695157317,7.539034522319856,0,95.72064557264508,10.0,0,0
69,1,埼玉県,27.82023531842444,164.56984227577968,225.85517920018518,47.00827308854849,22.133287358699945,0,122.54736686498094,10.0,0,0
72,0,岡山県,21.96817003379734,122.56326773636641,111.44885003861621,42.11015421839609,19.576244942817773,0,105.21948623511989,10.0,0,0
54,0,兵庫県,19.488821307491488,127.75393717947516,55.8832215744414,63.42858146059662,5.190039676146059,0,65.55350175687705,10.0,0,0
53,1,兵庫県,27.790792235469812,106.30675873770485,79.07398540894468,40.697894819587106,29.73297372809359,0,91.3817554864217,10.0,0,0
59,0,神奈川県,26.48891007006762,149.64750708924367,341.7026933403765,41.50376707853719,14.526120573005805,0,125.00747954518215,10.0,0,0
64,0,石川県,20.143828886941407,137.82819651380018,109.36132741647415,41.68783265285239,11.696888016626742,0,111.63715154239384,10.0,0,0
45,0,千葉県,22.01981892672273,98.16716993710902,86.77155766283354,55.42946183271803,20.33860315131749,0,81.6381166787501,10.0,0,0
49,1,埼玉県,19.446381468788783,105.20420805001353,420.1807835131432,59.48584515300364,36.304773977951946,0,106.94665159720813,10.0,0,0
59,1,大阪府,20.631543237098203,138.6329409466452,61.82727233293601,53.34809343439678,8.28796598388792,0,79.41839484116544,10.0,0,0
49,1,沖縄県,27.242248897092697,108.4972773242135,40.200829022809714,41.54441582029832,12.045871341552965,0,88.56646482534147,10.0,0,0
46,1,東京都,26.5562886514462,129.8667241230814,86.14409293393007,56.65224291304409,18.772785961895732,0,125.40407649481999,3.9960484989416276,1,0
68,1,兵庫県,18.259777718302388,153.75813306844526,89.8029978526864,45.77720268303776,9.548824268781518,0,100.11448026314467,4.641096605296969,0,1
51,1,北海道,21.840152057292443,112.64778845525021,175.24534915796468,41.947688831683315,5.700142352606763,0,97.25874390970937,10.0,0,0
47,0,大阪府,21.332847669180435,122.58644235873544,100.84458112214129,41.23971493169915,5.824370463370633,0,82.581455794207,10.0,0,0
45,0,兵庫県,26.056301720732222,134.2568338327421,170.4357593817123,40.84906855921413,3.9833265855237743,0,65.71130316119208,10.0,0,0
73,0,愛知県,26.35148230960978,108.99488123646546,22.2675097621016,52.773269475331176,15.496789378508364,0,102.64943920898426,10.0,0,0
63,1,東京都,11.839183935352006,91.78224040409313,59.323722736145626,62.06294532352417,4.2850377791881575,0,57.01442044215819,10.0,0,0
50,1,大阪府,15.746191512178141,100.75476246483042,43.69090448827408,41.875544254240545,2.513719018229815,0,88.15256350951847,10.0,0,0
74,0,兵庫県,21.286723248100497,114.24249655359348,26.793709579755784,49.34787471599019,8.03286631204161,0,75.01194028014193,10.0,0,0
74,1,千葉県,15.849072293762584,112.83608666186076,71.17815708387563,41.327220144827045,10.91781156537809,0,113.82899138914063,10.0,0,0
48,1,熊本県,29.049511199357756,127.82609396255685,188.08599372032074,42.3965508854345,29.049118206685545,1,109.45735663185637,0.29170639739348875,1,0
57,1,兵庫県,23.82690369435192,139.06967213050865,91.80145024668464,62.36504993139645,26.68115386917547,0,91.38010987399011,10.0,0,0
58,1,埼玉県,15.319203350763699,109.75221404118945,38.730088957631956,67.8728261323873,5.787046540346404,0,83.02890261481681,10.0,0,0
50,1,兵庫県,21.279514334048702,112.12161967990536,88.8889249089776,41.83902002030859,19.048510353350476,0,94.32611742307537,5.539764238273732,0,1
57,1,鹿児島県,21.26981512141342,106.2971677570558,37.85669654005549,41.34942603370052,6.664469943118004,1,74.49783496204414,10.0,0,0
64,1,埼玉県,26.928392183086846,115.13974015759945,82.71238788207404,41.79341649928093,20.529818328324417,0,84.15446007957529,5.127124365610178,0,1
49,1,山口県,22.947641226182657,104.48965984727774,69.4356309735226,48.179343455320186,24.978926842538474,0,79.51909748124798,10.0,0,0
45,1,兵庫県,18.975691981107946,70.71294762767378,21.737613324163014,41.33671333692885,0.40572846811314206,0,64.39697193365,10.0,0,0
48,1,千葉県,29.43194279267895,152.1226947362661,264.5496824310713,42.092973025485186,25.297477164199055,0,93.78653832939932,10.0,0,0
59,1,東京都,23.745175360925458,122.1928905017623,39.42717022560378,54.7373241837911,18.420540282743538,0,92.91472278809425,10.0,0,0
46,1,兵庫県,11.863599664255096,118.97922512316435,42.35503000410384,41.495071344766366,14.853825008550068,0,68.4656142759596,10.0,0,0
41,1,兵庫県,23.469894978217603,96.84149098923156,119.48767317112863,40.609921675806234,5.82424252108147,1,105.7677454393026,10.0,0,0
55,0,兵庫県,22.986310706914434,90.57226424017277,47.603066965911616,44.37479557427014,16.004891664090064,0,95.14473289564496,10.0,0,0
69,1,愛知県,22.82655655427117,157.86053414940784,118.60170222598376,50.67321247849158,23.8912312911624,0,112.59108120366318,2.364488922396609,1,0
53,1,兵庫県,20.405360518415105,119.78876454671993,94.10009572023891,58.204746468653795,8.327279785603597,0,84.87738243386796,10.0,0,0
74,1,奈良県,19.65169164636961,121.03425865253656,34.4633934380392,46.313613067525665,4.391685161512834,1,108.7129171445672,10.0,0,0
74,0,東京都,20.537140291773696,114.1236464767894,105.49172154921447,40.71148587783824,2.2346503737857275,0,70.43014389730618,10.0,0,0
48,0,神奈川県,20.256389160161042,94.6249003696199,60.70800088925887,47.98649109159986,2.619537724543783,0,74.1870449548244,10.0,0,0
68,1,福島県,22.561662494257973,143.9308593598142,32.42955234903999,42.36558791540649,5.216002069355712,0,101.94625866800372,10.0,0,0
50,1,愛知県,24.1352716496181,127.67102174321107,49.161732117900165,41.18971890623839,21.209567056577196,0,66.95637523267649,10.0,0,0
73,0,茨城県,25.485346950617906,159.46586381568332,101.16485688620686,45.050857239307746,5.551472742228345,0,66.81465981978624,10.0,0,0
52,1,山口県,27.716083187617524,116.99497249884595,56.28465593587695,54.0205036402752,31.94984958054027,0,106.4197308870346,10.0,0,0
63,1,福岡県,19.27647231480856,135.3981165546857,107.1545575622538,43.27734443898608,19.229645119424216,0,88.54799370379723,10.0,0,0
43,0,神奈川県,27.917402481884807,118.30056249308282,183.05273218360105,52.382626269308645,15.474795503272572,0,93.3132913618652,10.0,0,0
51,0,和歌山県,21.76178196685227,122.0998330845648,66.33992012134635,40.899146802050495,35.9180400865492,1,100.53472825351722,10.0,0,0
63,1,兵庫県,22.47343000098518,119.62604727594916,51.62211059557801,41.75266708771463,4.55334329712341,0,112.42416825363946,10.0,0,0
56,1,奈良県,22.490146282514548,149.43541575685833,189.0703361780198,42.77298388798223,25.550332660181525,0,94.27731957370288,10.0,0,0
48,0,宮崎県,20.83969509173532,106.18681343539458,66.79055627196477,42.16904003913489,13.215465792420003,0,54.18700974853251,10.0,0,0
43,0,山口県,26.974179320463502,134.154672062888,57.04005855741912,51.47288061687966,26.413141092044935,0,108.40100180663417,10.0,0,0
42,1,京都府,22.987287034385016,100.13999610665779,75.2688101462429,58.26109131343647,41.49974783312956,1,80.37141924378734,10.0,0,0
44,1,兵庫県,24.256984801646745,139.4627370706376,60.66928868350776,56.14788665658804,18.002171065006657,0,93.77788374404027,10.0,0,0
50,1,大阪府,23.524063487469984,122.80753407005483,62.238565462271595,41.35230545101067,24.972320468337113,0,90.01023550743926,10.0,0,0
73,1,東京都,21.702021898118428,135.37948005547725,195.1879118208181,41.38436561675344,57.15933221844409,0,103.89394475614777,10.0,0,0
52,0,千葉県,25.4533240472058,134.45807099640766,139.2912684248127,38.23929061471926,30.303943967231397,1,80.90617310737979,10.0,0,0
58,1,大阪府,24.53910136181745,145.0437217295428,188.97023305885835,56.51769212506297,31.428555799868167,0,80.78066854177844,10.0,0,0
53,0,奈良県,19.525142037328997,131.51747789454794,71.36805112421665,40.95577393907608,9.681547579743453,1,108.22411752940776,10.0,0,0
56,0,富山県,24.373553343450872,147.92741048676828,156.8800184063713,41.97603022440768,53.03643741074405,0,92.97942937901591,10.0,0,0
45,0,茨城県,24.491918781655052,123.09806171668517,38.02286529746041,46.475286461087954,56.18619432036252,0,67.72654510169563,10.0,0,0
49,1,埼玉県,30.76040256774794,148.23739098932776,188.4186459198573,42.43075428979816,9.47165622824966,0,72.31719165532513,10.0,0,0
64,1,兵庫県,19.4991813367457,143.01893876360458,31.134054849929758,41.574238385049306,4.926083729552385,0,99.70686098962122,10.0,0,0
49,1,愛知県,18.32685024630343,125.23331250581992,107.22340081023687,41.46956896964655,24.97853101652488,0,81.32823775575959,10.0,0,0
42,1,大阪府,28.004172458950013,114.57950987047752,106.38768959174375,51.969773979737,22.393481480147447,0,125.0,10.0,0,0
51,0,兵庫県,21.837799704543155,127.37609511409741,33.8868818291282,41.32696021792169,26.46369744299532,0,84.8836534142802,10.0,0,0
43,1,兵庫県,23.982473484047095,133.07152085574603,32.94426639721904,41.59737940569296,15.587524606959523,1,82.49693655442901,10.0,0,0
54,0,茨城県,25.833445668469842,139.75228175280995,59.4457960018287,41.56531777926246,34.005274048961915,0,67.40259963839925,10.0,0,0
54,1,岡山県,21.47174846701691,97.86486541589109,86.47252726414622,49.036404843258985,22.123621458837494,0,81.79898341218056,1.926240187915305,0,1
46,0,兵庫県,17.070321695012282,123.39925880821731,23.458134376566118,80.93087792258869,2.0784380274992604,0,71.45547095452581,10.0,0,0
58,1,神奈川県,28.053807573094684,150.00066923505554,192.0234673008722,37.3764783677972,29.869176995616893,0,104.11591060261442,10.0,0,0
41,1,鳥取県,24.762263241383458,119.55552990416287,104.20856145455033,54.00940457183036,27.657946474795587,0,111.20535211806931,10.0,0,0
41,1,兵庫県,24.430932796690303,111.52660816312704,72.47814566661191,40.809006846108645,34.81705794608101,1,90.49560836124533,10.0,0,0
48,0,東京都,24.80707416155772,144.0727900317244,134.77396682076332,37.585010613696596,1.2618306646232482,0,106.21938747401131,10.0,0,0
41,1,愛知県,24.486613208191255,108.69109562517771,51.59023118900929,41.87520009429639,11.835783997654145,1,76.82466201279627,10.0,0,0
57,1,静岡県,21.338226468867614,159.56039819068704,53.33279073712329,51.21492006349974,3.7511176461648237,0,106.7860308013133,10.0,0,0
42,0,神奈川県,27.712864366181403,144.79036299129098,360.06098508347634,73.50891441899354,7.643642849888554,0,78.30799530654375,10.0,0,0
41,0,兵庫県,26.762580936096413,99.48979693286505,74.3527364413791,42.39603338331969,7.926013746138894,0,53.94906091471621,10.0,0,0
40,1,兵庫県,25.960068367505407,97.60492732243767,42.853968109052204,38.458080533714465,17.059007616652433,0,67.72685797136423,10.0,0,0
46,0,長崎県,20.044729622007075,129.4188440455263,57.49683008034496,41.170161502671284,2.364871972299469,0,79.90845348197169,10.0,0,0
61,0,岡山県,19.063258068022694,129.57764706788134,76.03300142919852,46.42812951176203,7.0073523454068996,0,93.78918535264485,10.0,0,0
58,1,新潟県,24.289603245387568,110.47629696226227,74.11718991179455,49.092806291647456,6.710318322084173,1,101.94764892708137,10.0,0,0
44,0,兵庫県,27.621560026072114,121.48009206931255,80.35589358827342,42.43051021073803,46.540548775173285,0,74.54826968224994,10.0,0,0
53,1,岡山県,29.08776098816513,123.26195473879929,299.1237537467528,56.577118612620794,31.596971239094735,0,105.52930602171834,10.0,0,0
54,0,群馬県,26.918197275532222,110.04847239118105,278.01653944760625,42.5114841997357,9.775034062184993,1,84.40415394108587,10.0,0,0
48,1,沖縄県,23.492849885115575,114.19790606748613,159.01953923059463,40.61571335524779,16.752309220385747,0,82.33943568334739,10.0,0,0
67,0,広島県,25.58129408708177,128.75655082766255,52.238145368064224,59.05095339669931,59.685939834682,0,115.22839747405146,10.0,0,0
64,0,兵庫県,27.457693623850158,129.8175857305794,51.578165744676845,57.82461266725736,3.697137103189867,0,97.5559410834312,10.0,0,0
66,0,福岡県,22.330403381020425,140.17340270588653,99.30510598930711,48.5493720475793,6.067967299567392,0,117.3616545451234,2.4103557331264898,0,1
73,0,山口県,21.201612588586674,133.24899838286595,55.46162783119658,51.45419022035544,15.823090436644367,0,103.9805110809977,10.0,0,0
49,0,福岡県,17.234093187759306,118.98541174741388,25.144898876990254,52.03957491879993,2.076901154085791,0,112.73786249214336,0.23568001273601752,0,1
54,1,埼玉県,21.170822227200148,111.2416975605169,83.46520376287343,80.32345465144316,15.805361756585633,0,82.53019593059948,10.0,0,0
71,1,山口県,21.623094202319898,122.8693526846465,157.08720561179348,56.55802590824609,29.457247535145527,0,95.97259944031974,10.0,0,0
52,0,大分県,22.234490314327317,110.3980244711091,60.84455964385427,41.153520912323955,14.907046548870715,0,91.83906229291911,2.5426707855877426,0,1
62,0,宮崎県,17.55933959169535,104.23772513679684,45.06061856637035,42.11065691554831,14.821953099624704,0,91.05443984250543,10.0,0,0
58,1,兵庫県,19.762739419404767,111.18227577941754,32.25855172091206,52.16617363692569,17.28652265592541,1,92.95161928770335,10.0,0,0
55,1,大阪府,18.137371097621273,107.86381082458747,64.14533797492194,41.06681596655311,11.050066172710375,1,86.92650215527577,10.0,0,0
40,0,奈良県,20.258671222097313,144.15869398054582,50.84861634583181,56.10576469374334,4.249182532489635,0,124.46806798152946,10.0,0,0
44,1,大阪府,21.621731864545296,109.20402085655309,144.95715304868392,63.41081009876912,33.78360638900519,0,97.14247751627182,10.0,0,0
59,1,山口県,32.30857108864983,122.87001124550716,105.30259789475294,27.381922448265712,13.685307942062627,0,101.42366434164614,10.0,0,0
62,0,兵庫県,26.97928111718122,108.43019467269836,54.60212053829247,52.84210084004647,3.961007098299315,1,99.16363662327545,10.0,0,0
53,1,佐賀県,26.943144736444715,126.95070023255347,15.94837861895135,55.38421953477291,47.374616540143506,0,67.99121642941162,10.0,0,0
72,0,滋賀県,17.699320839057343,107.93677208128797,151.9296301660643,80.20210272337346,12.880351437633852,0,88.05290952132019,10.0,0,0
67,1,兵庫県,27.893806237197516,129.47760109222907,340.5647696062959,40.65782708070341,19.49212029443727,1,83.87763446150635,10.0,0,0
44,0,福島県,27.595363246179723,102.95206938436161,193.25441737726626,42.32217931008505,43.29589530669621,0,84.90926243189425,10.0,0,0
49,1,兵庫県,17.73715005591921,128.6186835192763,90.75539791810652,62.955051900632846,2.674044274785251,0,81.38742689053089,5.50707883193406,0,1
41,0,兵庫県,22.83872769804422,122.90525920104234,69.40709368853447,60.42971115746421,11.147580404195438,0,87.76150062449106,10.0,0,0
44,0,愛知県,25.102473470860634,132.55833297502096,42.773580636031014,40.800024559178866,16.500090280882453,1,91.52523263840729,10.0,0,0
49,1,兵庫県,25.849968816768786,127.75332386336086,360.57756466951895,41.67795079815364,15.029896853154844,0,111.24457203500343,10.0,0,0
57,0,神奈川県,22.65174678606173,153.75006855023346,107.50373940094308,41.110914651935765,14.136055611151667,0,116.62741049353113,10.0,0,0
74,0,神奈川県,25.39740816980742,130.56476738321763,51.767283442368644,42.925868310254025,9.764550271251657,0,110.28449123321926,10.0,0,0
49,0,宮城県,18.762976037909116,94.26039998615448,29.968060224884173,58.06090979525702,2.7140668809820756,0,87.03653147363748,10.0,0,0
52,0,兵庫県,21.288637422840583,121.75323785647319,89.99948339311459,74.25710917123956,5.902723571043481,0,103.7143543768433,10.0,0,0
50,1,山形県,21.025070740757453,117.92884448830779,139.91020478277045,41.739890198414635,7.720072907605114,0,84.89627014184109,10.0,0,0
68,1,鳥取県,22.18013658633436,134.33442307243612,165.92551265449165,50.589249747783,2.0957695309740583,0,125.01118904447878,10.0,0,0
51,1,兵庫県,28.91992655694836,150.04216551813266,113.45147903434697,41.8389116735548,33.184084932553816,0,97.70058220594103,10.0,0,0
41,1,福岡県,25.036223857542364,127.80393988674696,136.77219381066547,63.76235145368097,13.222408250941097,0,98.68279650626566,10.0,0,0
62,1,兵庫県,30.92201720535226,153.69871669398185,153.71576396353134,42.05918154226164,29.46565217312852,0,104.36136962079776,10.0,0,0
44,0,沖縄県,30.677427636937896,119.46530312737808,69.42953888918998,34.31712254733634,11.345738751856468,0,70.0160405015601,10.0,0,0
57,0,兵庫県,24.431681778902288,126.4536482624521,121.07565354301836,36.50102886398665,31.052034010086736,0,82.48259960830458,6.663324398961585,0,1
50,1,兵庫県,28.766439402735916,126.74779617741557,371.79596141134994,40.68454272097319,9.594869260794672,0,89.98034240454591,10.0,0,0
54,0,埼玉県,21.884544063082952,126.46137575504876,71.22778259135306,41.15653129620864,12.063192863935004,0,92.91108082544412,10.0,0,0
71,0,長崎県,18.482138289919906,114.13369639065631,195.38664330039245,40.35699037322492,9.037483840554097,0,58.924940747573054,10.0,0,0
69,1,長野県,31.70467537011537,159.4954685581404,88.31531781493139,46.11248893292488,31.6162468881817,0,97.13884905483988,10.0,0,0
62,0,愛知県,17.39235088654722,126.17307506638308,69.85124384708868,42.16994351314898,11.745311524727198,0,81.17287198232668,10.0,0,0
41,0,徳島県,26.97077364339756,169.99679575552656,90.81590813026884,66.25518473907516,45.83456575147047,0,99.7359513097565,8.862658299665693,0,1
46,0,兵庫県,28.892457012554832,135.4218352716951,106.5693637562063,46.8122231057494,12.616106982189295,1,89.55305915841672,10.0,0,0
46,1,東京都,29.354984906649186,125.58889512144086,38.43852068355766,41.90553907290696,9.37725847293594,0,69.19111215655352,10.0,0,0
51,0,兵庫県,26.784071824379737,144.90238364644395,204.50867582436908,40.787643451533384,13.725848730249455,0,93.49372149237088,10.0,0,0
60,1,兵庫県,21.286837050620377,144.69983572710763,63.12968455126997,51.73974458799755,5.45878388584321,0,81.45368287992484,10.0,0,0
73,0,大阪府,22.236851412090726,152.81036318508424,129.1174362303005,40.62074617426966,27.634361212909212,0,81.99313888321284,10.0,0,0
57,0,山形県,30.431505212789016,142.34959933493735,116.36742716423606,41.383692139565504,8.06840429188814,1,89.74104318125077,10.0,0,0
40,0,岐阜県,17.94601490928568,64.55892687438471,47.470295066105436,43.521136160128975,2.001239811109726,0,58.647293856550306,10.0,0,0
49,1,愛知県,24.252875756517003,149.25450522323925,72.90290666671814,47.16540740795294,51.007109364221314,0,82.39616744322086,10.0,0,0
49,1,兵庫県,20.963878584773678,113.65813803035415,188.7662863297712,41.428090771887675,64.25799971841445,0,87.08154613818172,9.869065420761196,1,0
43,1,兵庫県,22.586346934121217,129.82346524099742,88.97070494731153,41.94792301225129,26.209610854489735,0,92.84961262662709,10.0,0,0
69,1,三重県,32.29552858784107,151.51884833714473,335.2489360787292,41.96632821389341,17.51642510093677,0,85.71319711722097,10.0,0,0
40,0,兵庫県,24.138881326777206,86.7785127632338,44.035744102684454,42.066199387939584,19.63566131614578,0,74.54887674997923,10.0,0,0
60,1,熊本県,23.245495402559143,120.86935359290425,34.28576001258733,41.50852597445726,11.53451678095877,1,105.27682069590482,2.662132511484333,1,0
63,1,兵庫県,24.840219982667403,153.1122821917077,30.029809067358897,49.16608701862965,14.013387873292377,0,84.5804411009263,10.0,0,0
45,0,茨城県,20.830953490859827,128.84511705572962,30.343938182957263,54.89342274154901,6.693561411065892,1,59.21006953424088,10.0,0,0
40,1,岡山県,17.48908072827245,96.27770381759636,76.85400935217069,42.103172173790774,5.738125523138719,0,82.29872181621974,10.0,0,0
59,0,兵庫県,29.957159627029956,156.27018038071972,154.83129968976263,41.28175800468507,38.755655901656674,0,81.66473470044738,4.516112225213016,1,0
49,0,島根県,26.15855897961885,91.46446572993858,200.66132323528637,49.25577128280626,21.89162657098798,0,79.46950423698422,10.0,0,0
74,1,熊本県,20.20962228358346,122.29464865195,156.4607881380519,58.1464861255042,7.0420218627868465,1,102.62464473061904,10.0,0,0
72,0,長野県,26.982206273489748,145.0227641936118,162.2963139084429,41.020945733868075,64.36620777017849,1,100.13919133438289,10.0,0,0
67,0,兵庫県,20.34240967808065,121.74401830983305,51.55789911513291,46.58332159337953,11.895840211226274,0,103.19546273807357,10.0,0,0
53,1,兵庫県,18.0774600591077,108.21649141142737,40.93332749943445,40.861991842314055,1.75838615846474,0,81.56737947224079,8.402076841801982,1,0
53,1,兵庫県,19.105579125052284,111.39505647900415,128.9123592395487,41.03242293463768,38.28867900815964,0,83.62280881859061,2.2262349967961717,1,0
59,1,福島県,19.580322336158016,147.38047986570388,40.91446931272742,68.43841740721524,20.050130652429132,0,69.62389951351265,10.0,0,0
46,0,大阪府,25.715383236525426,125.23883099046522,88.28015100718383,38.925393577360225,22.656135660354852,0,90.64817371662141,5.127369368832867,0,1
64,0,兵庫県,29.57720719015184,128.38776253749376,167.6038753281177,64.79732704931445,48.89105002904277,0,92.47330355285219,10.0,0,0
64,1,東京都,30.29534922820913,170.02852502030925,376.1850163595197,41.708769128593474,64.53231799650915,0,85.68869456748233,10.0,0,0
64,0,兵庫県,19.592987561779307,112.05080496258313,163.63805530277835,48.107246091555545,19.551436457007444,0,106.46522348581183,10.0,0,0
64,1,福岡県,25.882847894959312,153.90476254328155,127.26330330159507,42.42590959448668,29.473476217593806,0,96.50928859551418,10.0,0,0
63,0,東京都,22.804738088036444,132.59896696871678,93.98878640412855,41.208042698335646,8.67904334725992,0,93.30906646870709,10.0,0,0
68,0,栃木県,15.697983471693496,118.80528762724202,49.20276867317012,51.169958372435374,6.974857406835226,0,75.49765878315536,10.0,0,0
66,1,宮城県,21.991239893119836,128.61151754569676,145.54442047518606,42.65624351148234,12.837628411612165,0,94.4356718221338,10.0,0,0
50,0,京都府,23.702295356590913,126.85700545722261,66.01416612396645,41.02087270793634,25.002938924394225,0,113.81054961424026,10.0,0,0
62,0,茨城県,25.62828995533144,115.38552772304399,32.94499547314187,65.00825870213932,3.706901252809487,0,81.27041242500206,5.187200123008059,1,0
54,1,兵庫県,23.271780953003873,129.41795549779332,114.03768071052106,70.67650288483662,5.995144886754955,0,117.65541535248882,10.0,0,0
56,0,石川県,19.592200532303288,135.7504913482134,124.36192677230767,47.01993680991062,18.700365434786814,0,79.69886978573716,10.0,0,0
49,1,兵庫県,28.85825541647392,123.20889003182573,187.857230745695,50.1919941858126,24.978922596637105,0,95.8237382953227,10.0,0,0
47,1,兵庫県,23.46729000928654,125.1297319326127,51.64595645354125,41.800007830700515,1.254976917010148,0,93.61709783986198,10.0,0,0
49,1,茨城県,18.092108217289702,125.0330488375498,58.75623033954753,71.54557132799907,20.63276145351722,0,77.3603391875741,10.0,0,0
53,0,福岡県,24.965595580125314,127.26301917777045,78.99005031722334,41.40404145518769,9.979148519796425,0,91.48252464118013,10.0,0,0
58,1,福島県,25.955901606005142,130.758475807284,111.36304092196521,46.87798414873621,9.313621582786972,0,86.35509805495434,9.092054238030299,1,0
61,0,兵庫県,28.299617372162466,148.24267455103276,179.31115763114587,57.51163370294257,14.220545050335534,0,109.07240410398417,10.0,0,0
40,0,愛知県,33.88693440825444,110.96852901083193,351.3567570240646,41.165922749256104,77.57540207014083,0,113.90369458266862,10.0,0,0
49,0,兵庫県,14.845899025058214,128.0811077219498,79.00439348910415,65.68159610000842,18.106348439869024,0,94.3235241455412,10.0,0,0
61,0,兵庫県,24.581192451306613,131.17852510480762,90.3538787411323,45.72670776215283,11.642633879534236,0,97.58396409396154,10.0,0,0
47,0,愛知県,16.97052640801017,108.99507885968448,8.388036489407156,57.77690504458757,2.6450897496141885,0,87.29272476096843,10.0,0,0
60,0,滋賀県,18.77312360234782,132.03446357135257,51.99761884853469,48.53442457271798,6.028525130149305,0,91.404578299286,10.0,0,0
47,0,兵庫県,23.168941515368203,128.9067137485545,83.48456166429159,40.620194992457236,21.408033244914993,0,107.81341287644939,10.0,0,0
56,1,兵庫県,22.849932199153773,110.10217563739849,162.74193039686153,50.56709461967307,134.2497191042492,1,88.18198314262082,10.0,0,0
41,1,三重県,23.835765133019542,97.8698672988139,148.21654725858008,48.21323322210336,27.76480246722492,0,91.09593775693403,8.506933183972892,0,1
56,1,愛知県,24.56157270077226,115.62687449975002,51.59436613789134,40.7230428007664,27.921874411946455,0,85.62612192599984,10.0,0,0
51,1,東京都,20.484297260083064,127.74337371936696,69.41969828582566,41.7169071531703,9.033218058832887,1,109.36180595457022,9.24332179857264,1,0
71,0,大阪府,19.3664007176129,127.41465746300209,29.21491069104121,41.18543865455071,9.37774120700125,0,92.41137697026797,10.0,0,0
70,1,神奈川県,26.885753992131814,134.50651993902207,48.97704757266845,51.381826816469484,14.83816918058192,0,92.2725381538645,10.0,0,0
50,0,兵庫県,19.002489012279344,116.84770753210435,29.22059794803748,58.29637935882061,3.51109354423695,0,71.10013164207633,10.0,0,0
67,1,静岡県,24.622437120301633,150.80110371008612,93.03204407569741,44.90609803380232,19.797163932643464,0,83.6397065990701,10.0,0,0
47,0,兵庫県,26.054836388922556,124.45375117396243,74.09812961407066,41.09581421544997,5.320526052054635,0,100.66460143511469,10.0,0,0
40,0,大阪府,22.310943089379286,91.99415349644092,40.31331174164673,41.8124438305557,13.027693375142626,0,77.47916977046644,10.0,0,0
49,1,兵庫県,24.898749984672474,121.5715719553117,34.627901639892976,41.356649027643485,8.050714378859617,1,64.13406497294841,10.0,0,0
70,0,石川県,26.9022133748111,105.16158672425601,170.65941679398534,47.81463118543251,9.35057455519343,1,91.11705720821627,10.0,0,0
65,0,大阪府,22.851598446784056,122.63312052530287,38.466757080318025,41.661298329017214,1.080328396759238,0,108.23745085967656,10.0,0,0
69,1,兵庫県,25.71126806446841,122.87182669701112,66.29845584970866,41.86155883806771,7.764803267532069,0,92.30904182856433,10.0,0,0
68,0,大分県,19.31360573819694,94.45174983739437,73.35024394330836,41.53820611888524,14.604815007325014,1,109.37324281878053,5.493074497836153,1,0
71,0,兵庫県,23.135471489432792,125.28964448001594,197.31717138340483,60.05763499497088,38.7386750838785,0,90.53064655473752,10.0,0,0
68,0,兵庫県,24.134064117124854,104.0061904715388,147.9138261744918,40.986975149166845,3.6395802900694174,0,120.79942184298744,10.0,0,0
71,1,福岡県,25.346864416682088,127.12342906530907,145.54724268808556,42.716275652558245,6.662180170354071,0,120.23935407265189,6.045047661880347,1,0
42,0,東京都,19.907647431659818,109.16459523205532,26.29995537369634,42.41552060538123,2.797505539010042,0,77.80535029715746,10.0,0,0
59,1,北海道,27.78190681350416,116.0352556158824,209.36172670294155,41.772849733999536,63.29372564949495,0,106.6609806362054,10.0,0,0
72,1,兵庫県,20.82686705042183,110.0087428091407,137.04752570549496,41.62808183490083,87.81772975100715,0,111.44832815778938,3.2651817625404616,1,0
69,1,埼玉県,25.125738907914553,134.37122334995425,83.08846833279564,69.74484248635639,18.005311496301715,0,117.65758110260495,10.0,0,0
56,1,北海道,26.10908630704965,170.02462841523268,32.43105231389319,42.153527863098674,63.040531578574964,0,114.62509253232298,10.0,0,0
70,1,群馬県,20.13806692990801,122.19390151214203,52.245875900551596,41.24868395907166,4.3871082512234425,0,94.13613857958202,10.0,0,0
46,1,高知県,21.3846787337771,129.30000720536427,147.1138618455996,41.5327608187963,37.27083211882285,0,108.29083666617979,10.0,0,0
51,1,兵庫県,25.11401562754883,92.25339128270512,18.6802904171113,62.73222520063136,4.699032711225541,0,69.58834337534317,10.0,0,0
41,0,大阪府,22.97765365703279,113.2020660581182,39.72976241765155,41.91114315658356,9.367508126015073,0,88.48727709037288,10.0,0,0
68,1,新潟県,26.928189553097752,146.20267908836098,107.22488219953671,43.270902582788025,50.86187750041412,0,98.25485141450467,5.213658264271803,1,0
62,1,兵庫県,14.574962290494966,111.23043763743925,54.635269373582894,50.822534880272464,17.153786068710623,0,94.94267877832706,10.0,0,0
74,0,岡山県,23.26462278882948,112.55669533015418,83.77512692664072,40.650933638445046,4.460800245667714,0,86.8077274536031,10.0,0,0
50,1,東京都,22.251358340566817,140.3466032040791,48.69332451272697,59.55706076490279,30.840132554588777,0,96.17548328127698,10.0,0,0
49,1,長崎県,26.227041827266124,113.6779022512564,233.31690077449517,41.14016560223063,6.849326689977927,1,102.51685205081237,10.0,0,0
54,0,東京都,20.93590505177194,109.75213510911283,36.074440384422864,51.6394292137836,7.8922731349184225,0,92.72277803976864,4.953383330391692,0,1
52,1,東京都,25.007906942402577,105.67870589411991,76.19818404435253,60.07482016927991,127.06940225452328,0,98.24598432872409,10.0,0,0
48,0,兵庫県,24.485089737856047,135.45426599207556,56.575943738794,40.92504015887989,10.245301770971372,0,96.4643500778422,10.0,0,0
48,1,東京都,23.252426923582693,141.62190988755395,16.284408651421902,60.340496208279056,4.243159198262419,0,83.15290416667857,7.096655449039215,0,1
68,1,兵庫県,21.84314033198483,142.36932866877254,59.883178356102405,42.402007015610174,14.196213373278711,0,121.2750964610618,10.0,0,0
49,1,宮城県,22.541257610119594,110.91384578737366,116.01850397338066,39.99017033900166,29.524380750368387,0,113.31685548067858,2.9515954166388347,1,0
49,0,愛媛県,25.953970744020218,99.8324951126297,89.02459760873569,64.14996025909943,46.58444786981373,0,85.52231043141072,10.0,0,0
46,0,兵庫県,23.39824037012642,156.24074397196603,25.899939080897344,42.60818416667102,40.56381403946782,0,84.09554669322101,8.89099409747102,0,1
49,0,神奈川県,27.673929428181836,114.04662077275803,123.33012246193857,60.96995804613984,15.576294584995418,0,113.0834154682513,10.0,0,0
73,0,埼玉県,22.506390482806406,120.82655288706786,63.698699215289324,62.09165879743322,8.64768877699934,0,106.51636451210173,10.0,0,0
46,0,兵庫県,19.57086917020206,142.90378066062237,76.83721106416561,56.49493536516114,4.285177620529719,1,90.39141530283175,10.0,0,0
40,1,兵庫県,23.736616113122906,116.00502268221021,86.11384845980494,50.33223227210042,23.553821793596107,0,102.62935539640567,10.0,0,0
53,1,兵庫県,20.453665590912518,133.75036307521094,43.609872117533754,40.93767897114559,2.618110462623366,0,72.9180235291487,10.0,0,0
73,1,愛媛県,16.524933929414253,107.74859691902444,30.573942033916413,56.32304893190841,7.920630078747225,0,84.29484534256979,10.0,0,0
70,0,兵庫県,20.05935116350067,133.6870726204451,35.34337029872497,53.04175106910131,33.64129429563675,0,93.27729833093561,10.0,0,0
74,0,兵庫県,20.483105400178005,123.1500686982102,25.769909989889822,42.21676473774236,16.093270819149396,0,106.59041619300864,10.0,0,0
46,0,鹿児島県,29.85694696916789,144.96095198053212,221.07302928174147,41.20835850415591,21.891609323897363,0,93.7960564569801,10.0,0,0
41,1,群馬県,19.90789750090998,117.51517347960363,65.24164891576376,60.97757570211515,9.471942792824784,0,69.20378101333145,10.0,0,0
65,0,兵庫県,26.608717891720815,110.99322285222495,116.05354256708935,40.69240086777415,17.39535193316322,0,87.74903999452093,10.0,0,0
48,1,群馬県,27.580101417575083,129.30083090634506,72.280877198964,41.86593076705013,22.53009814316009,0,108.22633736902476,10.0,0,0
52,0,新潟県,26.110895464659382,132.86686090255273,75.29787569771769,41.12655026790525,6.846792104574517,1,77.43855702246576,10.0,0,0
66,0,東京都,24.75843208402069,149.98244935316418,69.19611143555966,48.976276549297495,3.2760724365533407,0,83.73571751781544,10.0,0,0
69,0,熊本県,28.889704632232398,164.94119781156573,100.80224825346838,52.056720194674675,12.225509406073165,1,111.82493175785049,3.0905741917628795,1,0
63,0,兵庫県,19.692863572525702,134.67477946415036,187.73710865638034,40.469984925408326,3.696464913986555,0,88.16701575655776,10.0,0,0
63,1,神奈川県,15.640123291656506,129.8649569251625,107.22305454015911,48.44649571470845,16.49197688005227,0,103.26302929880822,10.0,0,0
61,0,兵庫県,25.384778746351994,132.00432942435404,85.01179921405195,52.54146780880963,29.049611718504256,1,116.45454777022188,10.0,0,0
44,0,兵庫県,22.410786461708867,111.27815970766203,142.472319133287,51.32755715627333,17.89519398712769,0,99.31407757298783,10.0,0,0
60,0,大阪府,20.10649962786782,138.95591793076136,234.37452219382112,41.0865980848034,63.31395070421687,0,102.96544563620998,10.0,0,0
52,1,兵庫県,22.15552004583049,106.5122643784574,96.4020604760611,41.50991817752816,15.52927113730263,0,101.73041844443044,10.0,0,0
50,1,京都府,18.142627885279772,84.92450420238767,114.31161872818937,41.716007055293105,12.522534882859729,1,66.64918689743816,10.0,0,0
45,0,福岡県,17.90674772276434,138.82086083498342,56.730938043618224,46.37576675971656,4.29139886601513,1,82.8758301523661,10.0,0,0
58,0,埼玉県,21.300168695364,131.7116515799573,91.58451550696194,42.36120033811106,8.114410119467825,0,114.75013681415294,10.0,0,0
49,0,兵庫県,24.792853397740664,141.31531523269726,55.06673291614724,42.25204282510971,4.344899919246165,0,71.456008913924,10.0,0,0
63,1,岡山県,25.89605303605791,137.7544174537382,143.99739314693937,41.074822218430036,39.2259900141144,0,76.49606634325924,10.0,0,0
74,1,兵庫県,29.74512738749277,155.00512393418796,60.508024480383725,48.967702207198585,10.362722524537867,1,122.87941097406915,6.8820445127355026,0,1
43,0,岡山県,16.02696644200701,119.4139687127676,64.86969269129897,51.32741740604701,7.091030543728795,0,87.17010295325991,10.0,0,0
74,1,兵庫県,23.735818178265337,124.53537088898086,39.34680344190513,40.64106436130832,9.376586989754124,0,91.11409645296781,10.0,0,0
54,0,兵庫県,31.4670806305104,117.01450806656659,75.36316963417,41.4351498226307,21.765617885645607,0,100.64205053274684,10.0,0,0
42,0,埼玉県,19.755315153808436,84.83025507151152,142.81000164368749,61.25580258726978,13.29929476686715,0,81.38592953974614,10.0,0,0
71,0,長野県,18.974534684082492,140.80963610913065,90.52438221884746,40.91953301780273,7.187457966406257,0,106.76742787654482,10.0,0,0
46,0,兵庫県,27.286471161988707,126.92189999566736,107.60136154173081,43.07089159380624,16.789055311668072,1,94.70075792860273,10.0,0,0
50,0,兵庫県,29.651863576229136,129.53688116017364,106.46056785505522,44.91622737634795,40.639515980504875,0,119.3126513201677,10.0,0,0
64,0,兵庫県,21.701845510636645,117.00033788487096,104.37548662465817,42.37112218903707,32.11539880583644,0,99.8077177300685,10.0,0,0
70,0,兵庫県,19.785191842417472,123.1415593456058,187.6061868583086,59.398997163580574,49.42867523509388,0,83.27591364725012,10.0,0,0
54,1,兵庫県,23.341149277610516,120.54152190965114,147.51290638161424,42.67191334148914,12.58879885442407,0,83.12628980885955,10.0,0,0
68,1,兵庫県,24.581738083251704,121.39290741207238,53.52747693558106,59.45735349620056,22.50547715288918,0,82.67641225836688,10.0,0,0
61,0,奈良県,22.339909976586625,119.37943210547284,457.42119508770537,42.83190271742749,17.8587901207109,0,90.42232258957236,10.0,0,0
60,0,岩手県,21.5410430592135,119.69838774276053,32.42858834189179,41.51817598355666,23.49122939826121,0,87.63781863283324,10.0,0,0
56,0,兵庫県,23.295643514693,104.16095815295742,68.70897730332271,47.890588466105,8.920098118659514,0,91.10340046015423,10.0,0,0
69,0,大阪府,30.03062428864501,129.51293686393294,242.73446260373936,41.335825170927905,28.833935169240167,0,125.0,10.0,0,0
52,1,愛知県,26.105385891397454,128.28706142060983,83.4112059329771,39.24951964130909,6.515734422733305,0,106.77461850741216,10.0,0,0
69,1,長野県,20.40565126561668,104.19081833123163,103.1892204472503,41.02763195171735,8.532206512770632,0,93.31626052970388,0.9707677986720594,1,0
59,0,埼玉県,24.160104639263402,128.17866928829866,118.69528837033816,41.94384870175902,15.620536742931522,0,72.16324911079137,10.0,0,0
54,0,兵庫県,25.699312133207535,97.86616694941472,58.89185822622372,45.768623448371734,12.272995055276589,0,79.04571193283398,7.154138090622718,1,0
60,1,愛知県,24.11198805974961,100.801398978665,204.20095171300514,59.838195558032346,26.857887191054186,0,83.0054677776136,10.0,0,0
57,0,三重県,33.463106185551865,170.22223742556525,165.98468339243954,41.18988628687252,58.433010355467204,0,97.30528425356069,10.0,0,0
72,0,長野県,24.878237189803336,147.464855355904,70.0922570251313,59.04752206142433,37.94947163106572,0,84.13775853396318,10.0,0,0
44,0,岐阜県,17.160838695375297,86.42802595991752,197.36920189418774,41.237574575859135,10.081212604454052,1,94.330085895103,9.242228100365924,1,0
47,0,東京都,27.107611127880165,139.52380889587295,67.43303213888234,66.72037155724527,41.081324288385254,0,70.10296334868069,10.0,0,0
42,1,滋賀県,22.594346899439273,135.96086344929998,22.0720391640339,59.91429991953149,13.994163954410237,0,103.40619735091745,10.0,0,0
46,0,群馬県,25.401041548211314,107.95625280804144,92.85429106173802,41.43840236703977,16.730478476230896,1,88.82070115283513,10.0,0,0
61,1,東京都,25.026426360070143,127.71399775039951,53.03546481143324,54.68717751599614,11.574751631792193,1,125.0410328885857,1.854009883292265,1,0
47,1,北海道,19.549783218169523,108.57965399576337,30.59964621707195,38.232472057049705,3.526944688088863,0,77.59075023229279,10.0,0,0
51,1,東京都,23.491352198573853,136.3867179712036,41.946270357626794,54.34934469822847,30.83677775555356,0,88.80834583059969,10.0,0,0
58,1,東京都,19.908301147671136,138.82372319305455,114.66689651976183,59.5119441711375,12.703067322907783,1,83.0771655894011,10.0,0,0
71,1,東京都,22.450858992388287,138.6015101038384,51.6201333894284,60.64105551928665,21.62134699097244,0,124.37319210588818,10.0,0,0
70,1,兵庫県,31.73523293847046,169.9894193527047,348.1727144412495,47.722191734628225,14.199876110639774,1,92.47278260779744,10.0,0,0
66,0,三重県,22.92381061752607,131.23974162497532,130.3306726621534,41.578861338081246,8.11237319052649,0,116.3204377839605,10.0,0,0
43,0,大阪府,25.62280647450673,126.71866766864721,184.7970737305333,40.48506408298714,8.257142796937293,1,92.86288114249933,10.0,0,0
45,1,東京都,19.6640089112531,106.17664396815155,88.83758972328374,43.8882780142261,15.1499357698235,0,82.823144099406,10.0,0,0
41,1,大阪府,27.097876819967645,108.0181330830705,116.73774999060952,41.5387024606996,9.497096826877948,0,92.70378419895027,9.758143200061427,0,1
49,0,兵庫県,20.49139235087536,97.93207883006409,199.4675768884057,59.200489727441926,17.83806184816272,0,101.84916227276197,10.0,0,0
44,1,兵庫県,25.509306262655393,124.87801020100764,92.62246614827848,49.451071138728516,39.71926487372857,1,88.88434883795804,4.0024152997692735,1,0
65,0,青森県,27.891397159577725,110.2656891089489,123.99128968456338,41.645502098872015,27.82725249320436,0,105.27768120726118,10.0,0,0
44,0,兵庫県,24.589369785666555,100.20355322701882,134.9169714572559,41.30832060076147,38.653275115218506,0,97.82365507081909,10.0,0,0
66,1,兵庫県,26.133129113287488,115.21477771583518,39.31137310646161,41.17189861660223,41.00340454300913,0,91.09576170820822,10.0,0,0
51,0,東京都,25.489424084985846,128.09225333795536,47.44817338112689,41.09431338409256,14.317452421141724,0,90.39740871499296,10.0,0,0
73,1,埼玉県,20.451184989036065,152.6942559172976,146.10263498194806,71.88814960126074,17.898173988613507,0,123.04959779518897,5.878797075814393,1,0
45,0,神奈川県,21.765956718387507,92.06309925193453,48.59572342202166,48.52638668773379,2.0764002565225783,0,71.5886108055303,10.0,0,0
45,0,岩手県,19.65364106881809,135.43789698846618,91.74097785515391,51.97896317295862,13.177698630983675,0,87.39331565628964,10.0,0,0
61,1,兵庫県,20.07245901669531,127.24349684089846,100.83438878813998,53.94173705467078,14.502377419550596,0,74.38884488501293,10.0,0,0
52,1,東京都,23.543837641171546,125.24544585922808,55.751121966585906,43.00222562753164,7.541098841177108,0,70.59428121908186,10.0,0,0
49,1,兵庫県,24.573784356908657,156.86829829513502,67.69651680896129,40.934161128298584,20.69202585269038,0,81.30882331480302,10.0,0,0
44,0,東京都,26.842755728400903,105.91127016230782,198.19623171371933,41.36966208056797,6.434046301652024,0,107.18710248203881,2.8665259126389815,1,0
58,0,兵庫県,21.734732100303805,127.7460250704381,18.40175578072286,40.86510777717033,2.8080012907876077,0,96.76617208040584,10.0,0,0
47,0,兵庫県,21.90930075716918,92.69450141205142,56.28460652023557,41.33080808026069,7.584938536038889,0,84.04405749115438,10.0,0,0
44,1,兵庫県,23.390639939072162,103.06012297310187,89.61756456968153,52.796520967985444,11.381148767555647,1,93.49668821813893,10.0,0,0
58,1,埼玉県,27.08829350752849,121.88366819798121,159.61918990165574,53.751782780401626,49.402863323509806,0,93.57217769801997,10.0,0,0
58,0,岩手県,21.509880454007266,117.64454529003257,43.23416019083895,41.66910935563379,8.252071076405644,0,67.22008342821917,10.0,0,0
52,0,兵庫県,19.578323983854435,125.02621752012452,66.30688980193801,47.01944200417929,10.242569216241927,1,82.39649670097175,10.0,0,0
51,0,茨城県,24.26319101393187,134.4135373147834,101.07783799694961,37.58908606465435,9.565783798190823,1,99.38753026356302,10.0,0,0
50,1,愛知県,22.851447002007152,95.64172405857826,47.680772331279705,41.67916083266194,27.59728372358757,0,94.42515181297094,10.0,0,0
63,1,兵庫県,22.113171675025427,125.3747481761571,55.37018858853164,49.51809234541102,7.658336469968312,0,102.50346250310847,10.0,0,0
51,1,群馬県,24.55429442220731,109.98312272799225,34.4803673666366,51.94045716771504,4.781065801274089,0,94.97215086928927,10.0,0,0
43,0,兵庫県,28.090338792912544,125.96795850436611,61.85855708653817,42.25232240758471,15.586742178278996,0,84.51551094555073,10.0,0,0
73,0,京都府,14.541189555779804,130.9302516833112,57.41315548701827,63.512731226075616,10.490953851850836,0,87.17169678146674,10.0,0,0
42,1,岐阜県,17.70197326698411,111.41068272248587,89.7951035314383,54.47805112877619,14.285918559890787,0,87.93522482023926,10.0,0,0
50,1,兵庫県,23.985554091342575,133.11095819091173,65.51142381062466,69.74368984684602,82.29334184361922,0,81.31260057004013,10.0,0,0
47,0,岡山県,27.097479227058514,141.99120603457254,48.26109491315151,62.88286071348766,19.1430684728348,0,100.55134493255895,10.0,0,0
71,0,沖縄県,19.286710400999844,143.2701671281922,124.1962345012752,64.13162302997415,9.815446782485452,0,92.42956552655806,10.0,0,0
59,0,東京都,29.511932916211116,123.40268208286207,74.09825594777459,45.72091654302063,30.377845291488782,0,85.02424555082305,10.0,0,0
71,1,兵庫県,22.497459258556347,150.10591443169452,88.53860322136204,57.81353611563999,8.796502337025183,0,112.16771612970169,3.5867482180637813,0,1
49,1,東京都,22.59447066651914,98.08520408906843,65.55220387015288,41.73889411010043,16.847974131704884,0,86.39387802692187,10.0,0,0
58,1,兵庫県,22.534459588269865,120.23396901290094,211.64452974082917,58.98717796386065,22.535474223829468,0,97.74466440560661,10.0,0,0
42,0,福岡県,29.52536413488317,171.95400058635906,100.83275447773288,41.24272399793177,53.49103096433914,0,91.86275958465117,10.0,0,0
66,0,新潟県,27.402136373289274,135.75338695598558,60.73508243304353,57.48953356722977,37.80515295417831,0,79.09086395859491,10.0,0,0
54,0,新潟県,17.097253930258393,96.472556293567,43.78390513749478,41.25888483052439,3.5602002491687017,1,107.26282028922977,10.0,0,0
40,1,新潟県,29.3790656022428,117.01826500857108,92.49051154664805,42.27253762832085,25.25646978283463,0,84.86935055119547,10.0,0,0
41,1,兵庫県,23.736002623606886,100.51486108236915,79.84120350898046,40.76877875135378,57.22363915017866,0,103.87614918358557,10.0,0,0
66,0,東京都,25.715162554863436,120.85053449274014,290.6047729998633,41.04627719615808,33.78581491334306,0,99.80489064695503,10.0,0,0
50,1,神奈川県,26.30690315774492,106.62562471738225,90.82737393294954,41.21030288975342,30.833247899529123,0,81.9963655469651,10.0,0,0
69,1,兵庫県,24.244045769839914,117.59299528999567,55.09513002451244,41.00312156262477,4.898221548364952,0,89.74213080829414,10.0,0,0
65,1,兵庫県,22.586145041948665,136.12862605676366,161.51278209201294,62.412913213211766,6.14424941791842,0,97.26834185979685,10.0,0,0
58,0,北海道,25.1601555371902,115.95359285932203,90.83799554287927,44.196776773022975,37.25163461854547,1,125.37777324263458,8.36057099389895,1,0
55,0,沖縄県,28.04587185472053,147.7498576368972,82.58408573175612,41.528586862389254,38.729065387057986,0,125.19966277543865,3.64192071251569,1,0
50,0,東京都,21.38950624739513,120.21387391577294,46.58370172443159,41.66615911642312,3.9560588846334954,1,88.46307568605732,10.0,0,0
52,0,埼玉県,16.476571269347886,115.81272375218127,187.86067655740624,43.340112552880804,3.883443148881412,0,76.91931497194717,10.0,0,0
51,0,富山県,28.996861189975697,118.55565339496921,99.72270493417565,42.066240475214926,31.437084688543518,1,112.50319526319878,10.0,0,0
51,1,山形県,24.073822719344047,116.71503711142925,113.43777779767473,41.73234220336978,17.270906034819333,0,83.81500474707366,10.0,0,0
53,0,兵庫県,22.339210251415572,86.42287360116997,68.15400647852567,53.883382791551156,5.1535765680757875,0,102.34862890581387,3.5651496192501084,1,0
47,1,栃木県,18.100389261788145,91.65201846921431,26.525140953655328,40.768753972825216,18.15119790300629,0,108.41658191450017,10.0,0,0
59,1,兵庫県,21.659886986987527,133.74820169371276,106.2840556273347,42.46638491166936,17.50870611603216,0,115.27250411603791,6.70442461263399,1,0
62,0,北海道,24.07387174520247,126.36189258615794,114.21303895953722,40.78782049460555,13.504856888659601,0,86.69666249378724,3.5849344954512286,1,0
57,0,栃木県,28.11264067945518,149.78004503211483,114.21147680007927,42.30357001132699,17.599043537096033,0,112.10280506580497,10.0,0,0
63,1,兵庫県,26.64274052731792,129.4090111650348,114.0003397098469,51.47436639991652,27.668655026031978,0,89.90384014796979,10.0,0,0
68,0,京都府,25.872986889358582,156.02953171856103,209.11305607935904,37.58675668649251,25.09988840971357,0,105.76040489860343,10.0,0,0
56,1,大阪府,19.454181965689582,117.51617109256688,30.928935399115513,48.54912974876272,14.056983378499837,0,91.81733800301029,10.0,0,0
66,0,東京都,25.055711811167544,131.6247146859107,120.90485404818895,41.74952181146117,19.38470182987318,0,98.4182917754658,10.0,0,0
49,1,兵庫県,21.226180584230487,109.06719881815597,187.91416825656836,70.69164346222352,73.58052479794969,0,84.37292098795099,10.0,0,0
41,0,福岡県,24.599256737540024,122.33894962934288,161.01379257919714,40.19855128582232,15.529580136048494,0,87.74891800867844,10.0,0,0
48,0,島根県,18.81425704635633,125.8747055058444,45.218384322067074,63.3752897942063,14.52568618701542,0,83.79264748122111,10.0,0,0
68,1,兵庫県,21.866948470751183,153.2902746833661,61.11318475862945,42.044414117558084,21.831159430189313,0,92.62362052897275,10.0,0,0
71,0,北海道,15.52045961352312,128.92541906325266,45.17726933163112,41.976691409989556,3.523216890077746,1,80.5353344343527,10.0,0,0
62,1,静岡県,25.88456069317924,134.85381363003967,38.436286435314045,41.30208640789006,5.1788856628463105,0,102.0977150427146,10.0,0,0
60,0,兵庫県,19.765178098979742,108.04801699030004,91.79107290416229,41.15581265654819,5.974344513528148,0,96.57192750131937,10.0,0,0
71,0,兵庫県,20.236455988023174,122.11110544419061,116.09398602172766,63.53482393140004,53.69755736619015,1,122.09662666450998,10.0,0,0
71,0,和歌山県,29.775567653979557,137.03786520067268,358.35644892852895,39.0658697486838,58.85995865599954,0,108.14217695493548,10.0,0,0
48,1,兵庫県,26.152682532406693,121.92459600931831,103.93571201500336,50.70164693577753,15.313823100869476,1,107.20254183518554,5.505553317235764,1,0
64,0,兵庫県,22.163832777050725,103.30411195698322,125.30544556361836,27.146456610301144,2.182176826518312,0,80.86989187686854,5.500464334273254,1,0
65,0,兵庫県,23.773834961592232,126.61692668532483,103.58846139435853,52.54336884703335,18.074216688990898,0,125.06824865524305,7.436759114956442,1,0
49,0,愛媛県,28.57287998827572,129.819144837379,127.12192082073857,41.24790347299055,5.069271242447117,0,120.69857513401065,5.888793649126474,1,0
56,1,兵庫県,18.250898039588506,124.92057142805456,67.41883680221517,62.364317234314726,27.029182885607693,0,101.72481455383864,10.0,0,0
44,0,福岡県,26.766804758944534,115.39581072669081,43.894921258963805,41.08607235437716,3.8805911390268104,0,120.46071570982028,8.822354863756434,1,0
45,1,埼玉県,26.164012431500034,128.8427038697683,54.05093674039935,58.261337420320245,29.19488329387163,1,89.31343048091193,10.0,0,0
58,1,千葉県,20.25729100635279,117.05075776437178,44.75139724156807,50.74056085587929,28.802797138003942,0,92.2655849362844,10.0,0,0
62,0,兵庫県,17.777001071917066,137.83583098380473,22.06334806828277,52.42801647129879,5.2737866128542015,1,79.40345384679763,10.0,0,0
53,1,静岡県,20.65009816766824,104.65488452349507,43.61113279688104,41.02420524995128,4.62525620568567,0,54.00642251482041,10.0,0,0
65,0,兵庫県,28.399999857273507,128.53537735448222,188.7664833906232,41.407495862550675,31.091174409120832,0,103.56014335449065,10.0,0,0
49,1,大阪府,19.66061434578436,103.63449921951948,91.3432571233062,56.52708615397783,5.412825396219125,1,75.15454238540228,10.0,0,0
65,0,山形県,20.450929828171024,136.0948044607615,26.75164527491394,42.41325501466459,4.634860299782388,1,110.10360793658344,10.0,0,0
69,1,兵庫県,19.75797752882626,118.27862585686968,26.890300634208597,41.81835328594058,13.719052978279647,0,116.04412779895958,10.0,0,0
65,0,兵庫県,29.002364367321462,160.58067694777057,141.4627274752031,52.49235265311786,81.0799955543198,0,92.86462693848993,10.0,0,0
71,1,島根県,25.384259028032073,112.81164642521317,58.46300682595461,41.25385428816828,11.819155688811668,0,120.67427144319596,10.0,0,0
48,0,茨城県,17.239874488031127,75.02386111540255,53.1027947534209,37.970815530164174,5.750630908858398,0,61.858364615268236,10.0,0,0
52,0,大阪府,27.367633763088065,144.0791800878091,23.101598661553307,60.06011896541538,31.45176715540993,0,97.80856431667632,10.0,0,0
74,0,鳥取県,25.968623461618858,170.35419847531307,138.98290559767352,48.18465747020824,26.82188065426196,1,95.59169670959628,10.0,0,0
49,0,大分県,26.840980633773647,152.85314058361985,63.41961841195161,51.22076217159934,42.01356523681746,1,88.55380521065914,10.0,0,0
69,1,兵庫県,19.208886351978613,108.69651604685815,152.84155624186283,37.565308777940146,5.486252587508434,0,83.76422405536766,10.0,0,0
72,0,兵庫県,20.48647061224777,109.31284217516715,68.12149854765418,52.39224196170513,3.22588763128303,1,100.18600519817329,10.0,0,0
64,0,沖縄県,28.388959616535903,133.25774287285535,110.39658468433609,59.49128211519222,12.609678412218525,0,90.46801420417367,8.853400820944401,0,1
48,1,兵庫県,20.329032065121545,113.84827406269805,44.78148853775933,41.67922931393351,8.150270760993951,0,88.15797870687156,10.0,0,0
69,0,新潟県,18.53746076417146,125.23327133539289,40.8538265001847,48.471245879421346,4.638423662074464,0,80.85139529795931,10.0,0,0
41,0,大阪府,27.898219558138123,137.04306624475484,73.46352663352995,48.951150125486926,7.620996508436711,0,83.43472432084589,10.0,0,0
44,0,茨城県,23.743616811477224,140.1542857460485,55.433025189734174,54.220975962616414,26.994302962949117,1,84.36711877954683,10.0,0,0
64,0,福岡県,17.53313724022383,96.14910932797788,88.64124059574387,54.1326887995529,5.489199081577756,0,77.98037499569276,10.0,0,0
70,0,兵庫県,24.90484309938382,132.48437176206244,227.4597105748589,41.66842879053295,78.93917786958967,0,122.83477995579943,10.0,0,0
70,1,兵庫県,19.085008659942932,123.16820788789863,103.92622084626873,42.58260285191258,18.820340464862475,0,112.72400122819512,10.0,0,0
44,1,熊本県,22.102148270525866,122.08339436842827,21.785641666930232,58.492296366636225,5.162026338309265,0,66.77327500392795,10.0,0,0
53,0,兵庫県,20.361295086889,140.03326223333937,21.75028406379265,42.19057806200543,6.686313418152779,0,89.70301303527876,10.0,0,0
52,0,東京都,19.54436930572288,95.79241378709892,102.70879480249015,41.74960669456404,9.470505608654314,1,70.9098665488102,10.0,0,0
64,1,石川県,21.33249166889543,129.43053478801255,29.29430013726805,41.797981351838196,6.664783623026691,0,94.94266711444132,10.0,0,0
69,0,埼玉県,24.880378293932186,155.9310395283534,51.88221067071733,45.04977807425893,9.815801656571232,0,100.92450915284309,10.0,0,0
45,1,兵庫県,26.904147750680274,112.13094395066902,141.3895607185248,40.66965712306432,12.263426451186007,0,72.97878927445811,10.0,0,0
53,0,愛知県,20.101546313567525,142.9143818920356,55.40725880709207,52.768881300390284,46.127464646859885,0,118.85810229774134,6.023060850977385,1,0
45,1,東京都,26.869135471728132,159.7229455137484,60.72261341071097,55.99203033168817,35.40334482050506,0,88.68597243328846,5.411160023870021,1,0
49,1,兵庫県,26.302612430095355,150.05342457876287,55.08641764161738,51.61431087911085,14.250172274823061,1,77.42091734737431,10.0,0,0
47,1,大阪府,21.750034277830107,115.23723998431895,59.20359142147146,41.40114224883569,6.066194066602802,0,94.58975713125567,0.1790300241870101,1,0
72,0,神奈川県,25.300311737749926,136.1610107681783,45.443007141338065,41.90573393798689,26.835247639571588,0,120.72565785976145,10.0,0,0
64,1,宮城県,21.713411015588008,141.14679865817308,163.7765280627459,53.026485431705986,24.23042273330307,0,78.00747869914836,10.0,0,0
48,0,大阪府,24.42353424463163,110.87409804845798,156.9668578410886,41.5386250403462,24.281511095224445,0,88.46433185267196,10.0,0,0
69,1,福岡県,28.053466207208423,147.02202052140737,123.87177340034883,41.752298845852856,15.594918048449056,0,94.90855865286443,10.0,0,0
58,1,栃木県,37.231828333436624,155.84425770745747,358.7939402070318,38.55556338816302,314.8602794313538,0,106.32765465998517,4.566688472659139,1,0
43,0,兵庫県,25.466246403687077,115.3041973604399,34.54561302750939,41.75010881681061,45.91540488592372,0,101.74344877079943,10.0,0,0
64,0,兵庫県,22.482442663188166,89.65819507167588,43.35181839030455,51.98653284920697,5.171313210403204,1,105.55347664095397,10.0,0,0
61,0,東京都,16.895229343588145,116.41033210395844,102.7378729659653,41.964427263754665,5.819230498295666,0,73.40001109293507,10.0,0,0
73,1,東京都,29.50483207172326,154.74000535993028,102.51550302124024,40.80072967198085,31.449602868089425,0,82.5269565354674,10.0,0,0
59,1,神奈川県,27.786677235938853,145.18036339336675,434.6836771451671,41.2412407705079,24.105153246392426,0,101.3313864026574,10.0,0,0
68,1,東京都,17.724418034719204,119.4814498360795,90.99932986340558,41.944733691006356,40.56200722208131,0,92.10295192629066,10.0,0,0
41,0,福井県,23.256437551669528,123.4552588173583,129.11363049020383,45.372507231894794,15.415220748722398,1,106.1596485502478,10.0,0,0
51,1,佐賀県,23.45969170979883,112.59361041878397,60.942956667397695,52.907156619987965,14.833046714469463,0,89.78761666241859,10.0,0,0
69,0,兵庫県,21.680070457862602,123.9714928758071,43.9879458572507,42.1783851072962,2.4792591796149073,0,93.00482663893787,10.0,0,0
54,0,愛知県,22.389136253643613,110.37355200409145,52.48316714689703,41.400927608020645,12.41321191811373,0,58.78783420657249,10.0,0,0
66,1,岐阜県,18.244571175779534,127.24836309229376,53.31071824730173,41.544336094476435,6.626509399541322,0,79.31605688238518,10.0,0,0
66,0,沖縄県,22.806297770975817,129.42896478860249,124.11292972599996,70.47261977912486,26.553379183277265,0,96.02577231401423,10.0,0,0
57,1,兵庫県,15.597044843603314,118.91652585913086,55.42742024495274,41.81867457467317,18.728704897443876,1,81.41699669081375,10.0,0,0
72,1,東京都,15.624520530934218,96.28085849380739,7.585510964723313,55.508677082051676,15.876382866808015,1,109.12335868975434,10.0,0,0
61,0,大阪府,24.3728110426767,119.70452874442438,110.85258282235492,40.920597265438424,25.77914871504122,0,111.14741753367298,6.240188131047398,1,0
63,1,愛知県,22.776457877712488,125.67185107200267,125.20136960214009,62.46284667261941,103.99864507327844,0,107.82120882199403,10.0,0,0
43,0,愛知県,24.03453718301204,82.88343346626311,51.57516437230155,42.19771717550119,23.261941496071355,0,89.11480156048717,10.0,0,0
64,1,兵庫県,20.935937398236025,134.86566556343283,199.43909295760696,59.01011159879957,21.879641028056525,0,105.201534532036,10.0,0,0
71,0,兵庫県,25.96476162913341,115.14863755967897,126.94319799133513,59.19564524794333,8.119562920524073,0,117.67544808315415,4.731263283502633,1,0
52,0,神奈川県,24.904180467787736,130.73574246448769,83.34918908011323,56.06710120059162,25.09094322262782,1,113.81860352082433,10.0,0,0
72,0,兵庫県,24.858955628437798,125.43871225417095,105.01781028952374,41.247794088049524,33.303965349114506,0,92.17260426225819,9.857341284152666,0,1
67,1,兵庫県,20.033239643128162,122.01866882770999,43.46939236646657,41.57740745219731,3.08337844203392,0,85.38836990262357,10.0,0,0
41,1,兵庫県,23.251395635926837,86.66195281022985,34.21861785049682,40.52395664238259,17.901249770855525,0,53.6760881477364,10.0,0,0
46,0,兵庫県,16.568814602356326,99.49318863359595,152.19354129160976,42.613603669712745,12.536737160429084,0,90.44589786627213,10.0,0,0
70,1,東京都,29.00532526448155,147.04618481149035,636.8756740121879,41.20977240430596,53.61598617859174,0,90.65880586756828,10.0,0,0
45,1,山口県,16.115940483552738,140.81554968856534,56.427261158212836,73.50580794734456,6.839655011490763,0,95.98589096652002,10.0,0,0
57,0,千葉県,23.908942176767557,123.37168649791082,61.11480418696764,42.37258987191166,3.639406463306198,0,78.47621989584616,10.0,0,0
64,1,千葉県,27.86395669400564,125.31677597157602,141.6860423270557,42.37140068312149,9.529647381196265,0,84.84750992251674,10.0,0,0
49,0,千葉県,21.84322652164232,79.01529173242913,30.43452048718857,37.58055408335975,13.868115762235574,0,81.5486572499034,10.0,0,0
50,0,兵庫県,25.71463160811747,143.04760303586545,39.599863898397096,43.19269928680849,17.847826076631566,0,88.46311763969777,10.0,0,0
48,0,兵庫県,26.935059477937823,151.80291767713484,203.96947095766666,42.581649328329014,44.19354346344354,0,95.83224550283813,10.0,0,0
50,0,沖縄県,26.683885190206368,95.34216504847491,29.4625972459321,41.25380516075462,4.936518207931996,0,88.35585089691706,10.0,0,0
44,0,兵庫県,25.050725601960494,100.16954141666442,47.636159229508756,42.196528644226404,13.531235972025904,0,78.31328247261169,10.0,0,0
57,1,福岡県,19.118652462220705,113.66402227694904,111.97918972961295,42.26608678248602,1.4976882974582568,0,102.89633896123067,10.0,0,0
70,1,宮崎県,20.556083427193382,117.49172900224902,80.40019580020473,40.78725784676577,9.76445989732268,0,79.42260767927456,10.0,0,0
44,0,神奈川県,31.116387307791094,126.61569276932076,73.34911454306959,41.28412619569987,21.795430434301316,1,121.79245778777036,1.4995162544734815,0,1
60,0,福岡県,18.328640424139447,99.39354736439554,107.29371078684596,51.93350663364538,10.642581144648542,0,82.83213162280606,8.134730897905728,0,1
46,1,兵庫県,25.000260073482412,116.0108670491366,137.01944623949788,53.39834575077529,30.801836907250365,0,84.44194534771712,10.0,0,0
52,0,福岡県,29.353214542885404,121.83258700355863,175.75230923830586,47.01987553008066,15.312796624764895,0,105.62241575513933,10.0,0,0
62,1,神奈川県,20.140611196890365,121.77987492315427,51.59350981805617,41.32813939993081,13.187097176919623,0,93.05696660930195,10.0,0,0
70,1,兵庫県,25.111464327843485,130.18830756084296,194.96207100608902,62.360867294780945,9.035628356354877,0,92.63773650345509,10.0,0,0
74,0,兵庫県,24.362143172114674,143.62240998181528,168.03389256532037,59.24321708392727,19.40910905453687,1,118.37313976611601,5.399710627452453,1,0
59,0,大阪府,24.109353216588374,116.00940938088644,113.47801942033395,41.62790504733303,8.751722812542441,0,72.26506862194181,10.0,0,0
52,1,兵庫県,21.74785442403687,125.81756514309323,96.78762672740932,40.571557387705695,3.1107064437390157,1,108.0863405925843,10.0,0,0
41,0,兵庫県,22.224154605483324,120.84945092267117,212.59775952125023,40.98605773941073,3.2628502173117733,0,79.26735159392724,6.599867758712449,1,0
73,1,岐阜県,28.452381122520247,169.99614836146185,106.50212543629175,50.24315921876736,24.3491316826733,0,77.57159209563135,10.0,0,0
45,1,秋田県,28.103881690110235,136.08411588561566,66.83717515056239,62.36241897992314,38.879825623200006,1,124.2877950178539,3.0349569273349704,1,0
68,1,兵庫県,23.890312575740612,99.38792143313172,32.47585357724729,52.19005152911623,3.434009633740131,0,95.69150904916368,10.0,0,0
73,0,東京都,23.02864676560444,159.4438033268755,184.50361760858792,46.86479234511464,13.930019848701184,0,90.66801275572551,2.834815845989579,1,0
42,1,兵庫県,22.329907400896744,93.36788204378793,123.19198782813405,41.36697422838643,16.14521833279856,0,85.10368460613557,10.0,0,0
47,0,兵庫県,18.18949125199382,116.59986018482957,164.3494023260071,49.447636286752875,11.751269123465711,0,101.0130202324803,10.0,0,0
63,0,兵庫県,20.485021248434393,146.80891546352268,36.94235596920186,51.21677626161259,8.113951751060254,1,66.68614083965615,10.0,0,0
59,1,兵庫県,18.327133015571373,116.4061333275107,51.70846557230674,42.88889402648644,6.481195051915171,0,82.83356162002747,10.0,0,0
55,0,福島県,25.47839342549403,129.66156154863174,101.49493414768287,62.7104234402039,25.267788420024704,1,102.5442189571926,10.0,0,0
52,1,広島県,21.714200079185943,99.51027945606636,98.1568415856185,48.745417809637274,17.526305957749702,0,93.79011790539055,10.0,0,0
53,1,兵庫県,21.29406348972378,134.07645673378602,126.44941090842619,57.380844911196064,24.914550240736652,0,121.99291006903528,1.7027976842399095,1,0
51,0,宮崎県,22.849526172782696,120.08075805106047,67.51611049614455,62.428059083109844,24.090056517976222,0,107.1838651639582,10.0,0,0
41,1,福岡県,26.995262057230875,138.7994210396781,111.37556055511413,43.88761274390103,6.079902049937631,0,86.8903383009387,10.0,0,0
68,0,東京都,21.66402767323452,118.58727535161889,16.263325852902426,57.66644103278147,5.837856912164446,0,79.47560672306611,10.0,0,0
68,1,兵庫県,17.800262309407312,104.60031574889418,42.54707155556339,63.42928931582507,10.24754069247682,0,81.09391877650226,10.0,0,0
69,1,神奈川県,25.7077225277867,122.53061122277829,55.78628687397486,46.42807095566201,10.43281269657972,0,103.19195947680885,10.0,0,0
68,0,兵庫県,22.39306591753512,133.74410084839724,84.22607614698347,62.18002572361048,6.9824930545744355,0,90.97830254466884,10.0,0,0
71,0,兵庫県,24.003410158838864,107.97690318173021,71.35658063581256,41.9256114165478,1.6499502146508662,1,112.91962357720222,10.0,0,0
44,0,兵庫県,24.17734338386988,124.58320059417846,159.98341111304322,59.93182376447246,46.46447287850175,0,95.54838129861128,10.0,0,0
59,1,兵庫県,19.322986878796247,146.14071226334516,51.763734243525114,63.60547530559717,12.47415602040313,1,113.85656625769121,10.0,0,0
70,1,京都府,17.665832584418663,106.22492952927891,59.17178403971282,56.60947994166109,7.586097803035463,0,70.86261485507849,0.058747570487866906,1,0
59,1,大阪府,24.463274461738898,126.90794397399154,76.92818900486202,52.54495172989393,40.67928665764737,0,95.41927618546595,10.0,0,0
42,0,茨城県,19.387298812017367,101.29429700624375,66.27608000087918,41.85895808486081,6.40248890826465,0,75.54011531973339,10.0,0,0
49,0,千葉県,18.972031516748416,133.1796632321244,33.27998504016495,42.40762309743227,6.542559730878085,0,96.6795174203536,10.0,0,0
65,0,群馬県,25.383504654931752,141.31997899429703,173.14228757916482,54.60735405209896,5.5788983310948135,0,103.42396554519273,10.0,0,0
70,1,東京都,20.02485032847679,141.98356645747742,69.40337056929216,42.46588900255196,17.959210843092634,0,84.90113116101547,10.0,0,0
66,1,福岡県,26.304016185099698,135.74819030680095,176.80296969639718,41.11550080930657,77.51013359011246,0,111.25263334509295,10.0,0,0
46,0,兵庫県,24.992105850869553,127.25238159029357,38.43826280451971,62.90093256158943,10.075316812401045,0,93.60558733114108,10.0,0,0
44,0,三重県,15.782457993777955,121.3033242402623,79.03748526357205,45.34711000885907,3.287575675207577,0,92.70693542899372,10.0,0,0
66,0,兵庫県,20.518152817772027,153.9351025036463,119.49300857659429,53.67878929225108,13.263188338152297,0,91.48267903934438,10.0,0,0
64,1,千葉県,25.30560389961123,148.54841543171187,159.45356064512498,40.86532031326813,4.0903515762091285,0,93.01211938934301,10.0,0,0
69,1,愛媛県,18.559212006774494,120.41216407410668,95.71307217559898,56.111226422268146,33.33716600009042,0,125.1151710764901,10.0,0,0
65,0,兵庫県,24.4719320120801,122.39135230845288,131.05160604502592,42.111832709770596,17.7107333372572,0,101.62570900640797,10.0,0,0
53,0,東京都,20.676514110643883,137.55687897423124,116.16931008220354,50.88867691865769,26.420481055054292,0,110.09881442951794,10.0,0,0
59,1,兵庫県,22.81853066544319,116.74588576157682,149.30828102318475,40.5502469645159,16.140502452693138,1,70.59271579175272,10.0,0,0
48,0,奈良県,25.295722589435783,131.60028692759718,95.8454328940786,41.945629999918445,19.23620323944708,0,106.79595104786931,10.0,0,0
72,0,東京都,18.648393174774874,113.23380388640709,88.36157704696936,40.579864715530185,6.867841610673402,0,107.92337838643813,10.0,0,0
70,0,東京都,18.79661672720417,125.3768056330641,52.2438960199833,42.18836538716804,28.00924252331888,0,104.80845266061122,10.0,0,0
74,0,兵庫県,29.938148346576877,169.9616365234311,145.5633144796743,63.06902760002614,96.07113842993745,1,108.40166754606486,10.0,0,0
41,0,兵庫県,23.945176325752232,132.0410079087026,81.06559037737874,56.54348097933177,18.75635938324535,0,85.06654861116216,10.0,0,0
53,0,愛知県,16.20837245206621,129.30293901283042,36.15607987311216,60.61073069742373,3.0713875136064637,0,67.94943275879056,1.2109497283140014,1,0
64,1,大阪府,24.907635671958083,143.6430408841983,28.583340090913616,54.035901367866224,30.445899609107673,0,87.67035713657117,10.0,0,0
50,1,兵庫県,15.9880739825563,108.55202812420296,281.1030662162507,60.53198435184671,14.267119352735687,0,90.09075154825167,10.0,0,0
45,0,東京都,19.871121203008165,125.83954864138381,138.88421638949345,41.453537067497194,8.05519354298167,0,87.15643338521672,10.0,0,0
50,0,東京都,27.78492018691035,151.32306468436107,173.43349054545922,41.17615413036918,37.326631163904025,0,98.73085699011273,1.2347443962933722,1,0
65,1,東京都,26.35761551368998,136.2058551576851,47.8636076257017,42.206187324187866,40.89752981822324,0,120.66177627632541,7.062926472340421,1,0
52,1,愛媛県,25.7581249441775,96.12474935277912,50.80204500366597,46.16972914651174,13.53580606410663,1,58.58554998946647,10.0,0,0
53,0,新潟県,22.0966742525469,117.4533201589027,48.18567307168634,40.986055506204345,11.093042847763337,0,115.71452113811388,6.394510463716024,0,1
58,1,兵庫県,19.86553721670246,103.58400443000119,26.03140476688473,42.11141714549954,1.7642758004446644,1,80.70291755403568,10.0,0,0
73,0,神奈川県,21.883460887513316,116.13028125700716,28.33895005003719,41.006970327623044,1.834643413225413,0,100.00503523670578,10.0,0,0
59,1,兵庫県,27.968347405243478,136.28251183048656,221.1827307333387,40.87482575093136,36.026724455728676,0,75.27123373731752,10.0,0,0
51,0,沖縄県,23.724701403454233,111.25233698361126,82.78628937500528,54.75848158898362,16.846647449689947,1,87.69534187469378,10.0,0,0
60,0,熊本県,27.246899569421625,125.16774159225339,137.580799442961,33.803766411461396,6.198177101464884,0,113.57940170060694,10.0,0,0
74,0,福岡県,25.143071111866874,150.79669598213715,139.8511802497729,40.95050325281512,78.01371098163015,0,112.73852348423138,5.137435382601932,1,0
60,1,兵庫県,28.04586766598025,144.41222128554685,200.2191090451199,54.498508856534265,49.36190182338354,0,101.74842704165458,10.0,0,0
66,1,兵庫県,23.83069718694664,130.4377274736794,67.59904978654897,36.69917801852563,1.850103853841113,0,110.11396869604718,10.0,0,0
43,0,青森県,25.961278612847394,134.8572331915504,43.32741354858522,43.92284390076745,20.91445195894872,0,69.3854986738077,10.0,0,0
46,1,福岡県,23.74680230005664,125.4442248189786,171.99934201828432,40.73896657081387,6.627230366676289,0,76.05866189170702,10.0,0,0
50,0,東京都,21.616224335486006,106.61626372284799,42.86991832480934,40.7856271438121,2.3177205985663454,0,54.14275119512742,10.0,0,0
46,0,愛知県,24.482216902641248,117.65938414934706,34.36101886529455,41.132372921517884,7.98854885499134,0,94.36808821454262,10.0,0,0
45,1,兵庫県,25.156798220577624,138.9053658558606,86.23838304093526,41.85264028979226,8.791490097530207,0,102.79775178574867,10.0,0,0
74,1,愛知県,17.099753953650872,125.24308204124674,26.53204573988319,51.6318398994164,16.11738853454668,0,119.96613255410942,10.0,0,0
62,1,神奈川県,23.548906899317736,160.63257735218087,56.64928806478539,56.107704149714145,45.057335398117885,0,98.04027466398499,10.0,0,0
73,0,大阪府,27.283651420564297,140.81385552366888,153.49560616954045,39.65417647567001,11.83060902550757,1,108.33329614215066,2.6655174991959205,1,0
67,1,大阪府,26.986062836169168,117.23280662959773,139.34836958587536,62.36178850279373,36.844713845877514,0,98.26497782486175,10.0,0,0
53,1,兵庫県,24.178910235955637,103.00718262658948,60.769449815129974,42.55634666118303,10.548726683003444,0,99.69693380931407,0.010951403148528405,1,0
45,1,大阪府,23.569998068026155,120.00297398666918,48.90210574724433,41.957925642062364,32.210099662804666,0,106.49643682340309,10.0,0,0
47,0,兵庫県,28.06753446835264,108.28019750980083,89.9251034369234,40.86106789199567,10.361853389579757,0,69.04880338147994,10.0,0,0
53,1,兵庫県,21.97909269023737,137.9769075917881,56.34755358865356,60.62189390703882,7.830376541519196,0,102.27326131917422,10.0,0,0
50,0,兵庫県,25.760785032746103,137.74344261817038,36.14475401148335,64.60728988362163,21.4307535341362,0,113.12032169400374,10.0,0,0
53,0,島根県,25.163151907579895,133.26016846623511,66.81306332194086,41.92034536135358,8.029048295845095,0,98.08661762587339,10.0,0,0
50,0,兵庫県,23.73584378459484,146.17413296479384,48.83170743652983,56.84884429987953,35.71516062481055,0,98.32248952594288,6.244036490808711,1,0
58,1,千葉県,20.62172088785407,141.2293227576713,122.16812746108188,56.8543412314636,41.0312770676077,1,79.81826437089822,10.0,0,0
70,1,岡山県,20.88968247398577,98.07528192461804,76.68199323312116,42.277757951116115,16.61045401758469,0,125.6651357867041,1.8873021003596087,0,1
52,0,茨城県,24.19363696279048,119.71299358860858,360.31461628820983,40.33320282605027,30.380205511599975,0,103.99148634824918,10.0,0,0
55,0,東京都,28.67495270398626,134.51891481712627,287.6347862961276,49.17019798623485,14.70549717662264,1,92.16042559538005,10.0,0,0
46,0,北海道,21.02879659175057,112.9049961886906,50.82540821902504,42.10239498043715,31.632048803952557,0,96.17449960836356,10.0,0,0
42,1,埼玉県,23.15851439675366,117.51398232396052,244.66169866441462,51.91106062637346,6.948044171954407,0,90.00932020057047,10.0,0,0
64,1,青森県,19.080183120742788,159.69190609736836,278.06198883091594,40.89645856297616,5.431456920582469,0,81.99941603360914,8.461686402417646,0,1
40,1,福島県,23.898078466656514,141.70294454635064,168.02349036011685,49.07431576830583,12.077743676075386,0,76.92174516229868,10.0,0,0
41,1,広島県,19.689647535529875,111.82134631753955,68.40100093173001,46.34609803796813,5.1936047277216515,0,71.5145843085097,10.0,0,0
55,0,大阪府,20.520989686329237,113.81994619906324,225.85392894007674,41.74273784240462,18.71551080762002,0,71.475232054646,10.0,0,0
40,1,愛媛県,23.874726185793453,96.21218135621277,188.24439456709823,41.01916865823708,35.23819518555896,0,84.78662669453746,10.0,0,0
51,1,長崎県,26.305441634535217,123.56772499538165,23.15837479932288,62.224643326005996,15.62971700858565,0,84.15622515237011,10.0,0,0
66,1,熊本県,21.683204036956937,159.3542233749404,128.5236708804057,43.318764593841635,32.97220206288393,1,102.67049288799552,10.0,0,0
72,0,佐賀県,24.591473832324077,135.3824924711576,29.83857988539873,41.715440665976594,15.524642173227276,0,113.81540652293282,10.0,0,0
74,1,兵庫県,25.494132789343258,147.87217210770416,64.78550076693149,49.91015786993437,19.44342878502074,0,99.98840104840697,10.0,0,0
60,0,東京都,27.89232535210092,153.0561095195142,120.09204017143695,42.18781759678134,19.83923540373445,1,100.84743959761668,10.0,0,0
54,0,兵庫県,26.488671386842867,150.9194595993597,109.85153995254346,43.91526247533354,32.494435460682695,0,105.19657828124204,2.835090717941551,1,0
73,1,兵庫県,28.11904954194947,167.45338006814384,48.83000117982255,48.45481752097388,11.714984970186727,0,100.71931260048392,10.0,0,0
63,1,愛知県,21.73959007481936,132.1824269184098,18.39746958902862,61.678370095866256,10.28776328866423,0,67.96277191293396,1.0798641803735842,0,1
64,1,山形県,24.429944717431432,133.31983059698814,284.0630798232904,41.86283887314062,58.63032266403608,0,81.68539609571793,10.0,0,0
60,1,鳥取県,25.32293850224203,117.28038664161706,148.1506701279647,41.29997035044816,13.436837269527182,0,100.8860208175117,10.0,0,0
67,0,兵庫県,24.67711305653386,126.32366881823869,94.59752114252869,42.16534290550893,5.8206827694079095,0,120.70338187932884,10.0,0,0
60,0,兵庫県,25.366192523300185,151.25837276810327,137.48314974104895,52.47974298495586,15.52621098233584,0,82.77299371381271,10.0,0,0
66,0,兵庫県,25.902481965418293,119.38373747341011,76.05882793227214,41.242725398656845,11.053964762117428,0,105.7272937525593,10.0,0,0
58,0,大阪府,19.841634342786957,102.27335286124125,26.55220689588889,60.936319494363815,7.123614931665091,1,91.01989160007119,10.0,0,0
52,0,北海道,28.734673469813156,113.1187915073355,122.96535187351321,36.94185107973532,14.60695345356347,0,108.72991988544017,10.0,0,0
61,0,奈良県,28.050022141964238,153.84686621040566,99.58471454384525,39.651558199010616,21.827449853720612,0,87.20466116540035,10.0,0,0
71,1,兵庫県,28.867013167047205,175.49551550012373,135.3419990267557,50.307436827812026,17.860600017885826,0,88.35030522379238,10.0,0,0
41,1,熊本県,25.09509214972681,143.02295541180487,117.07715996945484,49.43672492686641,6.674573183824745,0,98.73167744221975,7.26192540334901,1,0
40,1,静岡県,26.71081219824376,119.97154182548518,43.64561987548462,48.48033087729166,19.46430677932978,0,81.56916963902842,10.0,0,0
51,0,兵庫県,26.965833234355262,133.8445329611049,79.51446929891324,54.06919281433005,26.075557773859337,0,86.50440278109863,10.0,0,0
47,1,兵庫県,23.87644087554823,86.30065653918929,56.660347075374666,41.410310607901984,17.531695026015772,0,92.46345193252546,10.0,0,0
43,0,東京都,24.33900781102061,78.76587485665969,115.73157722406648,60.69578845194389,37.32246736182738,0,89.31309274076906,10.0,0,0
70,0,兵庫県,26.13490209757672,164.98863205035445,261.5772080888876,41.529184989430775,9.339969833709612,0,102.3577735020397,4.800855952363317,1,0
53,0,兵庫県,16.605053310768866,104.18828766146599,27.26942547389047,51.60126206761387,2.234132385970476,0,84.37973154019,10.0,0,0
54,1,神奈川県,29.63087127121731,129.9334994948493,115.79033011206116,42.555446127783355,6.6681050233864365,1,91.13599963931559,10.0,0,0
71,1,新潟県,26.743833812676066,125.71180758590903,170.27483306642816,41.22456524229196,33.575703113329446,0,83.4348790044396,10.0,0,0
45,1,秋田県,23.74690416339753,91.948604153901,35.046875723149775,47.966441635160066,8.405585884902763,1,91.94086783899087,4.094451353540771,1,0
42,0,福岡県,19.45578697640561,83.23951925612019,40.35208753445733,41.668623245011496,9.030650660085158,0,66.09174582904927,10.0,0,0
43,1,兵庫県,22.518290613817477,117.92140272227573,24.762590713366766,65.39573337816209,34.36275554739452,1,123.0020078907766,2.3104393196992556,1,0
74,1,神奈川県,22.954896432063197,111.52740446931594,234.48363019774686,41.039398087687346,17.518406844122715,0,81.96839862937108,10.0,0,0
70,0,北海道,22.798137977252367,141.3271873179538,123.30086566464225,40.77583003224812,11.09837643096664,1,115.3877861690737,10.0,0,0
54,1,神奈川県,18.721610202036167,108.00897148771841,51.9398636109452,41.68598671419822,11.741685279353284,0,79.5254735060372,10.0,0,0
52,1,東京都,15.903483037193961,74.65424137689101,21.757460939606222,69.73092929109518,30.770160146727974,0,73.8241395871269,5.573415493712796,0,1
57,0,東京都,25.813113276618328,122.8929222256403,178.9240252323391,40.28355369726418,8.564896234545119,0,80.4817899921723,10.0,0,0
50,1,新潟県,23.58948169263465,131.4666942105838,123.20892530381101,54.344471940988484,7.6318518877667385,0,82.70297831346956,10.0,0,0
49,0,広島県,26.17547711096767,134.63899459840468,62.13618726481275,40.9375670231712,2.10375030664656,0,78.64290610571601,10.0,0,0
43,1,滋賀県,25.3540603677854,134.24326460865578,115.75074500719239,41.62335246771882,49.31950875404479,1,81.96315976882171,10.0,0,0
69,1,兵庫県,25.502368529007782,137.57677188592007,157.22958799606067,48.929600084246964,71.55646090482142,0,92.30098405877787,9.842941615987275,0,1
50,1,熊本県,26.993105174302652,106.17428483019248,129.80461390802512,41.65554955843526,37.16020504005819,0,84.82694457374639,10.0,0,0
46,1,東京都,11.082307464686457,128.42217892283531,13.439544274689792,42.78522760681385,2.2455567637803657,0,68.01566442165964,6.422601950226552,0,1
74,0,東京都,16.867003271372674,134.5107735346872,72.30481390550716,54.71598996134973,13.520192225176322,0,122.45388205709841,10.0,0,0
42,0,東京都,20.34229845251373,130.79807723874606,188.76139650294246,50.84165171052812,29.574411182681462,0,81.28952365048299,10.0,0,0
57,1,青森県,28.879324327288384,137.80212493813102,172.67430354586511,41.3614350388648,17.013421834569144,1,80.1918363419636,10.0,0,0
56,0,兵庫県,23.820946495961294,148.70011344614508,70.8843081023027,57.62167715248496,10.97938922273108,0,103.89178643445246,10.0,0,0
53,1,兵庫県,30.714613243988314,140.76732280998505,349.74328286339556,41.06628049191936,35.32632049700824,0,103.96549538836508,10.0,0,0
64,0,広島県,16.520702335186165,159.49932093900063,64.30084016769004,41.87854290554793,3.2724275299982537,1,80.54535857569604,10.0,0,0
47,0,大分県,22.78934220296515,113.78551159971323,78.91407271563442,41.38373999136223,17.298245420393684,1,99.42185391003618,5.646355284629123,1,0
53,1,兵庫県,21.76111292370248,106.86987192678356,96.21992883356376,42.30836561247611,36.86964513043303,0,89.40676801296736,10.0,0,0
54,1,東京都,29.51193916977732,148.4691998978945,342.0406637141786,41.16736633616094,44.518449562983655,1,96.35237010549967,1.9571917930272855,0,1
60,0,長野県,26.92933966057051,108.39483469825963,81.50760279733818,48.476863818677515,57.54813753872602,0,80.83945387407701,10.0,0,0
58,1,沖縄県,24.570936174494786,121.04020382527642,75.1949274951909,60.04285177699764,22.7705473674607,1,89.20417238319814,10.0,0,0
74,1,静岡県,25.721863056063654,148.14527785971902,76.00643764818298,52.908867357820796,35.18072742729064,0,79.28293803387966,10.0,0,0
58,1,兵庫県,23.46405007009125,134.99908638528194,43.16598004067403,41.41107108003344,8.500081629342596,0,85.32042567684881,10.0,0,0
48,1,兵庫県,26.934525878079647,107.30619998946304,184.9024372039631,40.44882154608462,3.9103401585579807,0,105.50723347743211,10.0,0,0
66,1,広島県,19.61067783607085,124.28363990340004,142.46401091631623,62.719270020311164,14.630680213823082,0,109.16070103147635,10.0,0,0
44,0,兵庫県,21.616191048910018,103.29491076000515,30.940311714841126,41.15750640717749,9.516616774634764,0,84.80348088627848,10.0,0,0
41,0,栃木県,16.645561597966047,97.58156807737349,15.564367744061354,54.68285181935116,3.87210396825531,1,86.26855831101514,0.18521487288404215,1,0
72,0,兵庫県,28.795234952193965,144.14522282256345,184.51785952630797,57.990029595805304,45.77829950779389,0,99.66437364330278,10.0,0,0
69,1,北海道,18.11539052448376,119.81032045100606,52.96459236050529,40.9101715543126,2.7354615487259846,0,72.31645539379547,7.540832221230082,0,1
49,1,埼玉県,16.17005962789486,101.00242360886087,33.683809758140505,41.393888123152784,4.285415226454155,0,111.15422914436394,10.0,0,0
48,1,愛媛県,23.600980468188265,89.53602646078022,40.853183815279564,41.32681853367872,4.998432928904871,0,69.38383882509764,10.0,0,0
49,0,茨城県,22.396710950355043,152.60713081509874,25.285980816277387,53.57762025962156,3.580466031364876,0,88.54783086673582,10.0,0,0
45,1,石川県,20.101037029876323,108.00830584145903,112.65584293510712,34.75598448810243,16.872470372118343,0,90.4934928903825,10.0,0,0
44,1,静岡県,27.56687247213545,162.43097540257818,174.23706278472295,53.956803019163914,35.769683923880265,0,123.3696591405551,10.0,0,0
61,0,東京都,19.48893366847292,137.4477666858293,78.30116697649079,54.945113415925526,35.16073372342761,0,103.87101309988238,10.0,0,0
47,1,兵庫県,22.34168664794124,132.08068630052924,55.3012508480576,71.3052284929688,7.541156659181741,0,105.22242383619556,10.0,0,0
52,0,愛媛県,23.312266158243606,129.63064907512677,74.01799151901326,41.16970022054175,5.795040309793504,1,80.1433450008358,10.0,0,0
48,0,兵庫県,29.401420949114776,136.8958674307019,208.71303223131977,41.695633993881465,208.85678049893747,0,100.84250341365096,10.0,0,0
70,0,兵庫県,25.105810213024593,117.45594445136476,22.075058745924963,41.087153418436905,5.054888800562554,0,104.71426337514512,10.0,0,0
52,1,兵庫県,25.32033784211893,114.24609976142962,92.9249346462382,40.91301342398748,14.331445910290183,1,95.535225796888,10.0,0,0
54,0,茨城県,19.694338961033207,118.61489434749645,94.81771167559668,42.24662111363519,7.862132227179975,0,108.38811646264256,8.239813110010672,1,0
68,1,兵庫県,22.580984812314778,139.2317934958922,86.83488516205622,36.47448872295692,5.039817316851794,0,82.4037233009307,10.0,0,0
71,1,兵庫県,28.881708639387103,111.37602097092575,141.38209505677483,40.96598812857394,44.73776139246568,0,116.23354039742159,10.0,0,0
71,0,兵庫県,24.423915042759504,146.17611338696486,211.13085487535554,41.663052304196725,19.576205524231437,0,76.80562748582564,10.0,0,0
52,0,兵庫県,20.56883351864263,100.14581131568303,45.15129471324328,57.27500608817702,31.301261735523212,0,115.3005846449458,10.0,0,0
57,1,愛知県,19.301412125012902,71.09755769212964,19.788420530328814,59.94466555266912,15.780776991335001,0,95.46814200478582,10.0,0,0
44,1,広島県,28.588988050850602,134.53158476040878,66.81837587410558,60.93418093262017,17.02335594932559,0,102.14343674418502,10.0,0,0
53,0,兵庫県,21.85791241904533,122.80972612431627,93.83687575271759,41.62475927448723,6.4349391092539765,0,89.77125164666082,10.0,0,0
52,0,神奈川県,20.695924495500066,125.79721005116319,113.44407147081375,59.93897953396163,48.37412525304952,0,87.16944647593594,10.0,0,0
41,1,兵庫県,22.037212180397766,70.35446499650517,116.10156831856055,41.66247772629794,12.20227439276801,0,76.9664637808514,10.0,0,0
42,0,埼玉県,20.93802699193071,109.20475197312263,93.31804570872598,42.02502324751671,6.382110243556958,0,90.44276973011387,10.0,0,0
70,0,和歌山県,27.6839357894698,169.95820065109,808.044986594628,58.168373334848624,144.87909405467738,0,100.16450774262127,10.0,0,0
58,0,三重県,21.228989800503268,116.76836180527779,50.79347884285942,55.20436062973972,16.38447373160465,0,125.3775933672122,10.0,0,0
52,1,茨城県,25.920723881178535,144.69625772491355,57.55016135264253,43.05169384720848,7.697642513040967,0,81.39592733547002,10.0,0,0
50,1,兵庫県,22.280871717147082,131.57360464573694,343.9239529106955,60.03333648165253,30.651601796555063,0,122.62804367884495,10.0,0,0
51,1,大阪府,22.580192632005478,153.79776611968487,119.16491177983359,40.69340626611385,6.402706207819051,0,95.69108750700822,10.0,0,0
71,0,兵庫県,16.969009490631258,129.5349970971286,116.1015944079274,47.07711444329659,7.539816980171689,0,104.94569634257572,10.0,0,0
57,1,鳥取県,19.230047590773555,129.86428178525114,75.82986699955713,42.554902233239154,7.7242008811544425,0,95.74384941079445,10.0,0,0
64,0,兵庫県,23.967346385298313,155.79580603260547,58.88572032354312,42.269504954213375,5.269203637020572,0,106.87562227235611,10.0,0,0
63,0,兵庫県,25.86070988586012,139.4867445220193,66.2517239777277,41.66070139678827,19.900985216739066,0,110.07099824754678,10.0,0,0
52,1,栃木県,23.132248157492402,117.37436108336746,127.24700869584002,51.251965583553684,14.037267757413515,0,88.36378746644507,10.0,0,0
54,1,東京都,21.04013359447869,130.7269612812547,107.76594723600293,40.96691207927862,6.695723346392703,0,89.7632150944304,10.0,0,0
47,1,千葉県,22.345560696485446,120.82757343642366,73.3393679752453,42.19864299950772,13.222514435194547,1,75.64117629385645,6.236475617703642,0,1
50,0,茨城県,21.291020372439238,119.9201397256232,36.25095771100658,41.262032705002895,34.12375780849061,0,94.7890517791482,10.0,0,0
53,1,群馬県,30.308515002280494,126.92949150245555,141.62061928304593,41.83030989514901,33.94774152168019,0,108.27488795585768,5.137374204291795,1,0
41,1,山口県,23.488506976307516,104.81855035081475,55.762033318924296,41.59945075334036,46.10964074712174,0,105.61799992092061,10.0,0,0
40,0,岡山県,21.92373071736233,113.21211680510378,104.91064953703798,41.4014418992621,8.01699372393269,0,84.41123983428271,10.0,0,0
45,0,奈良県,25.624439515687357,101.20483636097863,81.47963036549947,42.05340980815021,15.158800377156505,0,83.15299889972545,10.0,0,0
69,0,兵庫県,17.809234978409826,135.3752597540845,61.00837688194825,41.25377644169507,1.3637503773925894,0,91.02152636527684,10.0,0,0
51,0,山口県,20.13901288421981,119.68751641968181,47.446873644387786,41.20825822047027,1.3939013721367741,0,95.43095520676253,10.0,0,0
51,1,岐阜県,18.986493735660908,110.99537704166829,43.988608901593096,41.28291447696299,6.214930768889631,0,91.11029975800592,4.610021061630306,0,1
74,0,兵庫県,22.174018447624857,170.01694549869325,45.921314119783545,42.13824391938656,4.933408292591161,1,93.32112519660984,10.0,0,0
69,1,大阪府,25.891170480156052,132.7865562276085,167.24613372763582,42.395447415256385,8.673736617168522,0,112.95561218846245,10.0,0,0
62,0,神奈川県,24.416567342350532,152.06613847142657,208.6789594511682,51.32479825826311,21.41143133589697,0,79.29054122195178,10.0,0,0
61,1,福岡県,25.320544321664535,104.77057167087047,102.87855051277975,45.10934041610917,45.09480425989834,0,122.99330780523763,10.0,0,0
69,0,兵庫県,22.181371169107436,115.15600211047993,173.16845581018103,45.078806154562244,25.496026475219967,0,98.69112076640278,10.0,0,0
43,1,福岡県,20.138133335949004,130.20954507001176,124.36825024622789,80.55267249623348,15.586110379101896,0,92.46664873527276,10.0,0,0
46,0,兵庫県,26.981517186394633,153.00921719095848,131.20558187683437,42.473356172280674,22.525795549637397,0,99.9889516476583,10.0,0,0
59,1,岡山県,23.42160784889442,149.98349033858204,99.51189795989455,41.219255174362644,15.966114249463624,0,80.05001486989795,10.0,0,0
60,1,神奈川県,23.467230231483462,129.28652137929916,131.60639824997534,41.24749745400106,43.09834136934424,0,90.80545509933336,10.0,0,0
71,1,栃木県,29.35667260808104,151.58021449039214,430.47469849003755,41.05799555591517,19.52420787383331,0,106.71549580866105,10.0,0,0
67,0,兵庫県,22.806907529939565,138.48635488417787,111.30256149784032,43.93808821369423,17.521878433494443,0,88.79815937987723,6.550480635428429,0,1
54,0,兵庫県,25.10309216701086,134.9522566156643,47.415944101449405,41.381963535338436,5.490778205303305,0,67.89371741004358,10.0,0,0
74,1,兵庫県,24.372951800986474,159.6241542289264,22.652457554773978,67.62487667871947,33.786678030598054,0,66.67141778275514,10.0,0,0
61,0,栃木県,29.35521637985837,159.72210487147126,72.48195921731661,41.49609735141981,6.035152951195333,0,89.75438114011068,10.0,0,0
60,1,兵庫県,25.66771717710947,128.3956203253726,144.83401855428096,41.60566242482358,9.47631088097207,0,96.19987115490545,10.0,0,0
54,0,東京都,24.79215172885825,121.13769835543631,105.86949224500658,43.91456975908703,21.520440473957464,0,89.7582204647286,10.0,0,0
43,0,栃木県,20.80628183936964,95.94324548894502,55.694925062790695,59.392959295717795,3.827922701498192,0,73.90750494757559,10.0,0,0
60,1,鹿児島県,22.357718448245528,132.5174781487539,74.20817974981604,68.66052000707609,8.030160018417831,1,100.7872002958051,10.0,0,0
74,1,兵庫県,28.05383224230312,151.0394110519099,55.38219031610174,61.21031205834911,7.479234193577729,0,99.31120799356906,10.0,0,0
48,1,東京都,20.108568794503523,101.67069187394864,99.38356614327026,41.00338580152014,6.667182005370472,0,67.72650621454527,10.0,0,0
47,1,埼玉県,25.47088288757467,156.56896702923032,52.96596998637935,41.49796739978334,28.212365241127035,0,76.19072960123412,10.0,0,0
69,1,北海道,15.314141303503707,92.26968509490814,68.32851037068255,54.12589231435869,10.352096960439498,0,90.64763975154172,10.0,0,0
53,1,大阪府,25.966316675677987,136.5797530388643,78.52457149065316,57.34573383211192,71.99227081619969,0,117.67521763871048,10.0,0,0
50,1,長崎県,23.561182867767997,112.8916259707101,102.75392946470932,41.139652882792596,27.562426795604548,0,120.9863985905719,7.1062071902661605,0,1
56,0,岐阜県,24.811779324536527,153.83666934888257,61.12191811009502,42.18738095827909,2.0279476513183963,0,111.64475852330371,10.0,0,0
56,0,兵庫県,16.5764149721459,95.81052293201347,70.68106487755782,41.433442890320144,15.916345694427427,0,71.09134239532897,10.0,0,0
49,1,兵庫県,19.446418278474965,129.95852499807717,54.11364964202215,55.142120771965935,3.557346195218925,0,95.69480913873963,10.0,0,0
58,0,東京都,24.187195698107093,123.48452780021015,48.81898059078142,41.483965838551775,5.441835502872153,0,96.52354883970825,9.0947755794557,1,0
70,1,大阪府,24.669748206778564,132.8718989791716,198.3418506095408,41.40368576023026,11.538842668031261,0,79.3465680412286,10.0,0,0
