age,sex,prefecture,BMI,SBP,TG,HDL,ALT,smoking,FPG,time,onset,death
44,1,京都府,19.63101972899326,60.63158862520388,50.416803402432976,41.62129424452969,11.67027665198688,0,71.59402295101773,10.0,0,0
69,1,神奈川県,23.66802863412277,109.95092580926594,42.837857796192466,50.56401864099419,15.293562693563041,0,68.2296445614504,10.0,0,0
61,0,京都府,23.75351467312116,112.7608635532609,261.7349619738801,52.47526191500567,24.877655312631596,0,81.56923994273474,10.0,0,0
51,0,京都府,29.905157891753674,120.29450106622136,77.1070447981812,41.53406715017901,8.323603862229142,1,108.99760371167517,8.025004355589795,0,1
68,0,京都府,23.533914026954417,89.94647909523681,112.68512445354334,42.166527537736705,27.270210530600856,0,107.60022681435308,7.971012091973639,0,1
63,0,京都府,14.556564563120853,92.13118900309776,76.58771012309154,40.64138123246262,2.0675751352296943,0,66.87003696648331,10.0,0,0
72,1,京都府,25.138109081380417,127.51673110460192,107.3094346471581,42.00360655038456,7.381980123533948,0,100.40107177674405,10.0,0,0
56,0,静岡県,21.999283209849775,107.1199622563823,48.019103717341906,43.00850128011573,13.638550440900646,1,79.42845753239739,10.0,0,0
54,1,秋田県,24.98064056753612,128.28226787187748,97.05265448434697,45.93302785231418,26.722104155292026,0,78.41610650030015,10.0,0,0
67,1,東京都,23.373236926320537,130.2195880669657,107.5870503653501,41.16888090590699,2.6408548540799006,0,91.46220227324051,10.0,0,0
42,1,新潟県,22.5191354114174,109.97701748404816,45.58325298705934,54.61980973112285,38.43699388464766,1,109.62234986921312,10.0,0,0
47,0,京都府,19.628257772079788,137.850451426488,25.804350825488598,41.739694759936775,32.09370610892962,1,95.63372224062472,10.0,0,0
42,1,京都府,20.11969698654233,79.60609871325238,148.21021160515616,60.594602649220825,8.892760390063454,0,83.15598594231048,10.0,0,0
69,1,大阪府,22.385894939179337,125.58552838254283,84.27641739339686,49.31527701330243,55.06650553728521,1,86.1635772813016,2.0298961786362435,0,1
55,0,沖縄県,21.038552840680143,127.08302596522209,84.50814300850476,52.35065876842053,12.356051558956317,0,62.31926586141418,10.0,0,0
49,1,愛知県,20.898412165271566,137.88828472132911,142.05337898736263,43.333417063657244,7.9966118181491455,0,109.42484342172985,10.0,0,0
45,1,茨城県,23.305600442874184,124.47306998620492,123.5725069628363,40.302780115634015,5.894570132898029,0,80.3228250749033,0.47576012808829216,1,0
67,0,秋田県,25.718948825961643,130.10952762960886,57.01184492484088,40.84098819308528,16.010846129627954,0,93.68682860974286,10.0,0,0
70,0,茨城県,23.864968976806555,135.68939689552042,77.91425579350499,42.2711422188803,3.0040688695312205,0,90.4466774624745,7.054260383751293,0,1
52,1,静岡県,22.799417947252618,146.23688816056125,66.94537626337075,47.24044816455482,17.675285331421545,0,104.93377604986014,10.0,0,0
69,1,茨城県,15.606308495162557,95.07913999881029,153.41798082604583,41.58880213104774,5.901778243757591,0,82.00949990599318,10.0,0,0
71,0,京都府,25.8128971856121,128.143957345792,47.85007000642252,42.06615672778279,22.484013970008075,0,89.71503349914693,10.0,0,0
50,0,北海道,26.437391678438257,165.63050730651582,354.4282247296213,41.28729843133474,16.381713256485444,1,94.38210272050289,6.405622514783975,0,1
61,1,福岡県,20.615099657107304,127.52621129559377,25.90792313427809,52.536484195935465,7.339018177093903,0,81.07022814166994,10.0,0,0
40,1,佐賀県,26.666947236500935,110.35737673715396,84.79099068203162,41.370296282876666,3.7645345524871607,0,56.05596223096508,10.0,0,0
57,0,北海道,16.39083448558171,120.98712391501388,23.41163605581658,42.00499791186201,0.7950812627801892,0,73.96911829608433,10.0,0,0
63,0,京都府,25.312184700369716,131.08961461285463,100.65782138634741,41.29494409616969,20.827668832112238,0,124.58822850091946,10.0,0,0
53,1,京都府,25.195613622799232,130.901627523036,95.45499165048163,41.324513101832295,16.43796556904128,0,84.19845746910279,8.849982549490424,0,1
71,1,京都府,29.765887268427356,171.45839592813184,231.4425419465857,41.330963929277964,11.25816031997666,0,91.01855528312197,2.3419642019754203,0,1
64,0,秋田県,25.210597174416947,165.48621728960546,78.21531244896981,39.375526348261864,12.353624005108054,0,70.19905304089573,10.0,0,0
43,0,岐阜県,26.873450899609935,143.00764791741813,112.43460001309482,41.67436130208603,27.36266504049118,0,90.3070173419736,10.0,0,0
46,1,神奈川県,20.888710001395026,128.57108356627484,71.06121032554105,40.2542788229588,39.82737404240128,0,75.57279900754024,10.0,0,0
50,0,神奈川県,28.830916363714,145.10883039771423,136.5346275092728,49.889819061477716,46.59958520549101,0,92.35170562883512,10.0,0,0
42,0,岐阜県,24.805125788690546,127.84461139133825,38.894708037930066,46.86498406435822,5.982848656071329,0,82.00947932585615,10.0,0,0
59,0,山口県,25.33562917564412,141.3749576844165,77.05594312889023,55.55375810619069,21.09485135611176,0,76.41183807079709,10.0,0,0
48,1,神奈川県,30.32349633802277,129.57122770897914,139.10733012482646,41.179774937493015,10.81834228645855,0,101.46842651383614,10.0,0,0
54,1,京都府,17.580439198271574,98.75384089364772,91.0309419449837,41.52664033568482,7.330768362994581,0,70.47038433065268,10.0,0,0
57,0,京都府,27.30768155337362,137.64245332663828,91.94951145296247,56.33267925928759,7.023905350175228,0,93.85651639338622,10.0,0,0
71,1,神奈川県,21.924455108103786,109.96519060366188,179.33146792720268,42.534081147756886,13.802412031048217,1,80.93123599585984,10.0,0,0
40,1,京都府,22.58118346333971,108.37689480465274,45.781223329902936,42.32306672476016,15.820390811944444,0,91.49693408096249,10.0,0,0
49,0,新潟県,23.383307353283016,115.76827745981349,224.15094502389948,41.48391544725221,10.831873951487626,1,114.55022011010723,10.0,0,0
45,1,北海道,21.874343801074513,110.77535454694936,71.12250376368408,54.159649129570425,10.330053484227731,0,80.0307015350584,10.0,0,0
63,1,大阪府,27.654088306768074,140.6922087688033,89.97546109068871,41.463946289111824,39.58087016102254,0,107.38789024093224,0.8653167126505261,1,0
67,0,北海道,23.860860879092126,109.88451455504945,45.81403731971671,40.83711910780979,8.622582022119627,0,81.78510862714252,10.0,0,0
57,0,長崎県,24.93101687764449,145.94169447328477,124.03613310207466,46.862346939536714,19.299028790917998,0,95.88049750484862,10.0,0,0
71,1,福井県,21.573128940969866,132.11385435226916,199.1646118477604,41.35152944096267,10.827415984528027,1,116.33442483072145,10.0,0,0
71,0,大阪府,24.23310120523797,145.17902681302206,108.08920439780583,41.2934297111511,27.005449366927554,0,96.28607904134623,10.0,0,0
45,1,神奈川県,17.581992600524117,116.78552540854868,25.455769441684854,62.19684836824852,9.155984789399978,0,99.63908868187518,10.0,0,0
42,1,愛知県,22.46728498578512,120.57167193445838,141.74157006076118,41.67505406143824,4.326336480769009,0,113.36222996458514,0.8215987022447558,1,0
68,0,京都府,22.374072129049488,142.43149621438616,38.90207905352593,40.98608644426598,13.02427237765085,0,123.74089562966648,10.0,0,0
44,0,福島県,24.5717310210315,111.78361168141302,38.375311947373866,41.68627313589976,6.207869707282746,0,92.44072667765133,10.0,0,0
53,0,富山県,23.988663939097304,104.83808018966667,96.93301842208682,58.328065234860226,54.703069900500566,0,102.17367823853185,10.0,0,0
45,1,滋賀県,24.644162031386614,145.8753754770363,96.80139760583867,68.45241035395446,47.750713552557556,0,105.38441355265877,10.0,0,0
55,1,東京都,22.93932933805953,119.77164023396094,99.29213303305144,39.23079439796409,22.749498542298515,1,93.12734098703913,10.0,0,0
48,0,京都府,26.161958307473192,133.63654508832727,174.94610976033874,41.149662020152405,11.44728630960598,1,95.30306526909507,10.0,0,0
71,0,新潟県,29.909120991408354,134.9601279627552,90.76157350734893,42.4789397040553,20.179288350658645,1,91.108183724659,10.0,0,0
63,0,静岡県,24.643728153450567,149.79142645871886,83.26444357063941,41.207246147596884,14.210732462113736,0,92.82407554291382,10.0,0,0
67,0,京都府,23.564256189039558,145.02902242890733,119.14047637942373,47.89705200035168,13.443474413660555,0,91.09523710542632,10.0,0,0
72,0,京都府,25.195587013688264,147.93801507175567,53.07048819859859,54.15317056801728,5.3004348663438705,1,102.82656134630696,10.0,0,0
67,1,京都府,19.030965297505233,129.14340144855575,90.38521241729455,52.08410389534504,24.116101388172087,0,56.5044588855622,10.0,0,0
47,0,京都府,17.27629548525457,128.38665844260117,120.93619157835496,44.318335672031836,32.77839981921567,0,106.48457701782166,10.0,0,0
57,1,三重県,27.24057970670151,149.25614260049792,64.08555214926736,41.88439864100486,10.361311772254895,0,115.92275605851708,10.0,0,0
67,0,京都府,20.086933123461225,131.9136585898103,123.57620979838458,48.79411403411684,6.801953159908845,0,101.32757301719673,10.0,0,0
49,1,千葉県,23.5177804242962,79.58665036392665,27.98484811578492,56.472788860405984,20.171732308343202,0,64.48859736147926,10.0,0,0
55,1,岐阜県,16.2371824974705,120.47622201103059,42.66456328505534,41.51114867382341,9.459707815707862,1,105.87204180984749,0.22061883564304008,1,0
42,0,沖縄県,17.11822735134848,83.36115337547326,5.690683531787363,43.27012742417234,4.376231701070382,0,81.197469106217,10.0,0,0
46,0,愛知県,19.4227929107785,113.61863513873072,70.26391219909509,63.48698876713292,17.68616842159028,0,87.19369246566744,10.0,0,0
63,1,東京都,26.46221059364842,121.53136863774313,73.89170610619269,52.60439129648624,19.57813062539044,1,112.88222320369782,10.0,0,0
60,1,京都府,23.635372932828457,137.29743817656646,91.5257998384045,40.98037644914778,14.253178499908032,0,79.27993336428202,10.0,0,0
58,1,新潟県,19.075786899998082,119.39305872557551,36.47072182894548,72.0001638554248,5.033156027083312,0,93.47131856825038,10.0,0,0
48,0,京都府,23.751692083726212,104.6433467571248,59.842611937193425,42.03768646032404,5.817483350140333,1,117.58286036282684,10.0,0,0
45,1,埼玉県,21.982235363078924,120.51477365669989,42.133755989466756,59.93611808605,8.52454147787975,0,74.05336584701456,10.0,0,0
56,1,奈良県,24.02747910367815,147.12081981650195,123.46683719795722,42.427867927539396,3.838474140138311,0,108.1763077026404,10.0,0,0
43,0,山形県,25.93916392591635,120.23800653907757,91.57120184690966,48.48816871124285,9.111666641219461,0,94.15720755331552,10.0,0,0
72,1,青森県,10.408928221943311,62.935790978265416,52.709365912944904,52.42032037845378,2.267921699868855,0,80.70387368953024,10.0,0,0
42,0,栃木県,24.732330139768578,126.18142158298573,112.56211590621936,50.59593712821146,22.622140763756164,1,86.09648758904231,10.0,0,0
57,0,福岡県,25.38526962216445,123.96169239329913,76.13005356518303,42.272130392173075,8.435452814039294,0,79.21891311302043,10.0,0,0
43,0,愛知県,26.029124950172445,140.96425097100163,89.73738650400328,41.14886797162485,9.93378990777735,0,103.20293907673705,10.0,0,0
42,1,京都府,23.523634263088223,128.5948523859821,32.75687927452445,52.79710551961458,42.50275760595791,0,92.67274368797264,10.0,0,0
65,1,京都府,21.981247689349203,129.26507797610392,192.9766413616787,40.841977563101,18.438884375100063,1,91.24035074466893,10.0,0,0
54,0,東京都,26.18268310961578,149.29341836817014,230.47769055797858,55.75450833952658,51.449017620398884,1,106.2464476788573,10.0,0,0
56,1,滋賀県,23.1431014878507,137.57156555013634,53.26946383703267,52.22861089113072,8.766153625298461,0,56.11513627580482,3.4013929274417047,0,1
47,1,埼玉県,24.496674067318867,116.62188919147566,190.8972898547456,41.83680000148028,21.75089541189453,1,76.22848188856042,10.0,0,0
42,1,滋賀県,21.110086339945173,124.56951228881925,97.17743257892542,64.25530276806657,10.113906620386944,0,79.57492906281645,10.0,0,0
44,0,青森県,27.35463106422569,135.3628387080708,106.27827803473973,42.42556074909812,27.332590252667348,0,102.06816076763634,10.0,0,0
64,0,和歌山県,27.079185482039872,175.60471083728117,95.6831158556023,40.83098202013581,34.17628451073958,0,110.40002595651193,2.4210470997521427,1,0
42,0,三重県,21.37680104581523,107.81004279982476,72.08239480841115,46.88738065477501,11.672482882481177,0,74.64463011605554,10.0,0,0
41,1,石川県,21.30779804764437,117.26611920633815,97.08599797834208,59.51443282388651,36.398601568555954,0,94.38955004409806,10.0,0,0
53,0,千葉県,24.55448831404357,119.03214873674928,53.09047856525957,40.78724425980946,9.507744831258082,0,90.48581995479364,10.0,0,0
73,1,東京都,27.952832788600034,156.37027150222923,212.48890907603473,42.058120586927046,6.84935146247561,0,121.94765765694764,4.204190751610811,1,0
45,1,徳島県,21.313964386673383,127.07357298705257,35.02115622066367,41.7649829961368,10.684884163395942,0,80.39612631894346,10.0,0,0
53,0,愛媛県,27.642452550336987,114.953330171836,29.934464517286855,41.70766554778901,12.693158104968921,0,99.13550566923001,10.0,0,0
69,0,神奈川県,24.299833756160726,118.09201519060974,313.9418455806034,43.342189602250706,45.34815343693643,0,97.57075151809597,7.300933911963043,1,0
62,1,愛知県,29.772008411646926,149.2522482919038,128.29129125844062,40.83718848169994,14.049591219230452,0,98.65732860822251,10.0,0,0
72,1,北海道,15.930847502273721,123.75323665665657,17.900565722546347,42.250363213873825,2.4791331202461526,0,69.16834432061285,10.0,0,0
54,1,大阪府,16.679635031466535,69.25097659041295,25.24456752753905,41.46775590851601,2.672608238056814,0,53.15026969434418,10.0,0,0
56,1,広島県,20.24572041763948,125.42256597916057,36.478802566195625,56.427552112907804,3.3166254298600757,1,92.87507680131982,9.030682107901605,0,1
68,0,東京都,12.961441272296685,113.52303825870072,40.00016071254828,41.7085263889349,2.0107328960315014,0,62.2056324043094,10.0,0,0
49,0,神奈川県,23.83210720514607,123.29306562913293,238.67063683985182,39.45729336641903,16.66588866125909,0,97.48537265856966,0.3686907962447477,1,0
53,0,大阪府,21.769711523537396,103.16411791864462,38.19432391730521,41.37174774702083,6.189826587079652,0,87.73352450235011,7.960456369617153,0,1
41,1,京都府,29.59579883275907,117.08365948091941,264.8010226387781,41.24196629849603,14.17758678326036,0,79.39716843376429,10.0,0,0
48,0,熊本県,17.653687103098093,102.17331293630512,58.882963315187766,48.51743650881706,7.248859400884062,0,71.59901271634675,10.0,0,0
67,0,茨城県,22.476314161907265,119.6254326614369,200.96962638880575,41.34428302801047,7.2985096851781215,1,83.29151017388367,4.0487782688648375,0,1
43,0,高知県,28.76145997949549,152.65939264979048,44.67291420082726,41.64130913941324,12.960830258546148,1,96.97779144145393,10.0,0,0
58,0,京都府,24.427270120506734,124.01078613452943,35.92577304648582,41.93283028424503,5.287850547631699,0,80.2924630229918,10.0,0,0
55,0,東京都,23.563450302171095,129.81726469489053,130.21580102176333,52.611741241687795,34.63608380995187,0,90.98395438529899,10.0,0,0
54,0,東京都,22.00617550981667,119.12657236400227,147.74768953304948,42.11827825951426,16.03039989372665,0,95.89474525749776,10.0,0,0
68,1,京都府,24.866950222626976,162.7102450073919,84.79877266006675,52.75207672308066,6.531291391779237,0,93.90457800467765,10.0,0,0
63,0,大分県,24.055219907876925,126.73653316149773,60.61397407707887,57.01709617997965,12.04355336071359,0,78.63436457750805,10.0,0,0
42,1,東京都,28.597145374872255,107.71007358869105,110.56682421467524,41.43432715360633,20.94057066743827,0,83.02298984797997,3.03709578578497,1,0
56,1,京都府,20.213711420489098,130.692851006446,117.9698473793188,72.01963477018867,19.52444441794542,0,81.3991105725838,10.0,0,0
48,1,岡山県,22.13813415449481,107.20795712297166,120.9220782289784,60.61950421771247,18.0793902331526,0,71.62093443559827,10.0,0,0
67,0,三重県,23.350539535845446,100.30038115077923,93.23935624358307,47.90424545369056,12.392580143605072,0,99.56103793734133,10.0,0,0
47,1,京都府,14.983884647069532,113.50566148878947,75.93975439433783,40.3941199235917,14.672443129905451,1,95.03979883705478,10.0,0,0
51,0,長野県,23.069552089638517,139.35750860354466,74.05455415349046,52.856594161218695,11.688555246772113,0,106.9193979016133,10.0,0,0
53,0,千葉県,15.387813301573518,97.59578991433878,78.69086731096856,51.88341150848659,2.549857912447197,0,81.07634655846125,10.0,0,0
53,0,京都府,10.626601885035551,117.27886289415869,48.09657458679899,42.37699115048908,2.0342362451058134,0,68.80846241531935,10.0,0,0
68,1,東京都,19.860185480638272,151.50409915281583,32.86416444257949,51.72724655355815,4.375765218218756,0,80.24670636274884,10.0,0,0
53,0,山口県,19.478906381902064,121.7566006815323,113.84913621572821,57.44456538227802,11.598798218039684,0,84.41950201937497,10.0,0,0
53,1,京都府,20.19922586970473,140.92491662549585,85.40785547435253,66.40191488399847,37.281179996859166,1,83.6032907301172,10.0,0,0
57,1,神奈川県,21.830231667186258,113.4835925698438,39.4420463336172,63.936145236924965,25.732259581744096,1,80.20466608251567,10.0,0,0
45,1,京都府,26.68373473974136,81.30198515302048,325.9787372915915,41.27920490453969,20.088610052682736,0,93.32183414924761,10.0,0,0
58,0,愛知県,26.45626135304549,137.90480327237952,70.26580441102679,54.385493188707414,20.62688683389114,0,102.448108860088,10.0,0,0
46,1,東京都,23.856156482941792,92.48265116251235,83.51138582321418,52.19398896009691,10.56105767273987,0,87.47857348232775,10.0,0,0
50,1,京都府,21.527230234590156,139.76385780768888,75.52456823630246,47.205259116120786,11.032240901042297,0,91.49515960887749,10.0,0,0
46,1,京都府,27.238010774378367,123.40089581702964,189.28878096976624,47.80003487312041,30.446505415242655,0,79.80242891639857,10.0,0,0
42,0,鹿児島県,27.263512002492103,106.6512421595486,124.88026130911457,42.72452163028231,42.85843919378572,0,85.89617465211948,10.0,0,0
41,1,福岡県,25.697810215665438,114.81685506135568,128.3510742305166,42.15909020247715,32.26195973582201,0,114.04131904806454,3.5761791093733053,1,0
45,1,京都府,29.98959774442199,150.33580241351507,157.86568041981866,41.420795978348316,72.10364533111044,0,125.84852490886215,2.4395266771739315,1,0
68,1,神奈川県,19.9146678573182,89.40158459447817,48.17696705638633,52.47949825992,6.634715081243641,0,97.55953076295225,10.0,0,0
70,0,京都府,21.370093390945506,152.73185952919147,186.8989743318857,41.275144572867774,9.672846482102626,1,116.34586849442083,0.791076706519042,1,0
49,1,京都府,19.97615694348798,115.76489137529926,40.84939325464242,57.79753533395319,41.15052328677165,1,93.97970730054853,10.0,0,0
59,1,京都府,27.970764273975842,148.15060181711345,192.9671485607739,41.26656669473598,8.415515375150555,0,103.03988552395805,1.0342635768375859,1,0
72,1,京都府,21.17990513572967,151.65830958606696,72.07643194873866,41.224919929993916,9.05965179998966,1,84.55092723939617,9.656574768008307,1,0
47,0,熊本県,25.078396927756657,135.1331954008816,122.78215217751168,42.15862454520155,23.192099041121317,0,91.36613705311468,10.0,0,0
57,0,石川県,27.34212768765242,117.53183291144813,42.67730504844058,41.65772090891724,20.242230659865754,1,99.80314905236365,10.0,0,0
47,0,香川県,24.37824322420059,123.86619832679271,26.285336732201717,41.6531380472873,28.601495738075158,0,77.76674193383968,10.0,0,0
49,0,京都府,24.333363201805025,155.23347833893695,35.05756237231603,49.259466126189245,3.9640332113994723,0,119.97476506828708,9.631133780665786,1,0
45,0,京都府,24.31459887325352,147.41563332832902,27.8280958108441,66.58722006587833,29.87235078630978,0,125.0,10.0,0,0
49,0,岩手県,26.346744552222276,142.4988189635947,55.54569441453516,66.20409771036681,16.620535731192106,0,101.56230534474517,10.0,0,0
71,1,京都府,25.25661839473772,153.01044333406588,64.36337631758062,41.49963833782205,18.43825077434451,0,81.76562549363396,10.0,0,0
57,1,愛媛県,20.76457274415499,167.27687518402476,132.26828183654536,66.05154300229295,18.961381208344584,0,83.72936285200737,2.055415211714442,1,0
59,1,北海道,23.08402853080542,139.3574551007242,79.77521485902366,42.33173703275854,8.768920647940528,0,97.48620765021904,10.0,0,0
49,1,京都府,23.10238399808518,123.1686934640824,57.2197988108982,42.58646840497352,15.982889918515875,0,99.00719541376196,10.0,0,0
73,1,福島県,26.381899189593668,136.10313019058916,73.59573765035984,52.62688681061321,16.355677023363025,0,82.94384232611782,1.3152078564196292,0,1
51,0,東京都,26.263050466739983,145.87442531261397,200.65081656487519,63.40294933556358,33.03160842983542,0,75.3794968974823,10.0,0,0
63,1,神奈川県,20.40367841116705,175.6949668894665,61.374994735619225,43.69171854212197,20.208594167374976,0,99.57360036936949,10.0,0,0
43,1,愛媛県,25.38775084961341,118.00127052577783,109.80034562718,66.75761657972107,47.727508568445685,0,118.15355960422323,2.3615417440561557,0,1
44,1,愛媛県,20.086978976804037,127.47131491172598,82.21337844945916,63.46606311839978,11.054032362591629,0,66.71228236265972,10.0,0,0
42,0,京都府,22.6429207282979,148.91884841471162,71.50458695780577,52.47591629341906,14.59767564571501,1,88.98630243267816,7.9810768819217826,0,1
53,1,大阪府,21.98521619797779,124.58350288224685,106.4260679312093,63.921071902230736,32.49703295793154,0,104.81157678453533,6.993839532490048,1,0
64,1,愛知県,24.646546922339027,133.62058268223348,81.72996112772884,42.06220106732951,36.79239493289185,0,88.21966371360611,10.0,0,0
66,1,北海道,28.954641949984392,135.25191488415857,52.35784305066203,45.79417190437718,53.41705727325733,1,80.85194838770079,10.0,0,0
73,0,新潟県,25.666636377274415,137.12217149140943,153.8380399771244,42.41771393304952,8.595327327265542,1,83.34777949516135,10.0,0,0
45,1,京都府,19.69614761062837,103.96707532206895,57.39060898231684,40.87326998643363,16.535769346791525,0,121.56316145547886,10.0,0,0
66,0,愛媛県,21.258976148035554,122.29273061572859,58.76893326919492,51.98361767701615,8.510754724451457,0,91.24592362662213,10.0,0,0
74,0,群馬県,22.632153671608194,130.58296873222722,73.83498986735593,55.44635746084998,20.41775453332794,0,63.421681757475106,0.3906830429615373,0,1
40,1,新潟県,20.73920126130696,124.14695730161442,33.84149040022066,48.62788458340874,8.103997611598812,0,99.1363333857141,10.0,0,0
68,0,京都府,23.62895112721366,108.1001517957717,164.8989381216913,41.461333078703326,27.279996340045656,0,106.39241099838787,10.0,0,0
57,1,静岡県,23.392619728895642,130.5904698977946,50.34461429714553,67.05856075538301,7.3210080736170235,0,75.78463432104604,10.0,0,0
71,0,兵庫県,23.519263255856423,127.96485299041366,35.80794549737453,41.76667448151113,22.501859127724103,1,108.02425801541412,10.0,0,0
57,1,京都府,16.149023719397526,107.95196847783305,15.03324763511162,40.39927574286059,1.9876112638657237,1,74.92934597639946,10.0,0,0
50,1,京都府,20.28495259475573,152.6972844354577,56.40723525040041,65.67707496730426,11.787523449413317,1,101.70322536904574,10.0,0,0
57,0,福岡県,16.481556384986714,101.11834289203746,181.58982674424772,51.37463224899389,11.03773378528552,0,70.77899381794926,10.0,0,0
61,1,京都府,21.42956796092509,114.6747763027863,43.48655836344151,60.37128587645097,5.051571583625684,0,80.34746100651627,10.0,0,0
55,1,埼玉県,23.5273895889028,137.84520838737927,35.91497997151278,40.97111574817569,16.327355805468105,0,105.00596418967265,10.0,0,0
71,0,京都府,25.750248877778027,145.23453496933897,62.45890802662379,42.70071161715497,6.38424054329521,1,113.32413109610953,8.882249427216426,0,1
53,1,福岡県,21.08201215734148,121.73290336990038,33.35698663609875,46.87878633869255,6.153443654629814,0,90.49674596036289,10.0,0,0
47,0,岡山県,18.15428199473923,100.94726014272157,37.420881362547206,41.22787954240116,8.513221848634457,0,81.50183155448191,10.0,0,0
60,0,栃木県,15.456844941583109,116.74969356274623,9.487740935984013,42.26942958953397,9.016294201343063,0,66.79585896759164,10.0,0,0
61,1,京都府,14.551399376684634,105.56627932202741,32.86432576709214,40.48572737984592,2.568471545186078,0,75.37918198369599,10.0,0,0
40,1,兵庫県,24.907516451143724,115.08749110802383,75.33111017845538,40.546585507473566,8.984533880371714,0,86.29273107016006,10.0,0,0
53,1,広島県,25.811057460865136,107.62308989305535,173.19343865343924,41.622246568058486,19.64369240834221,0,81.7250309794316,10.0,0,0
45,0,京都府,23.86002251506781,93.91211360055414,154.06217496957177,42.773355512040744,26.473351122295757,0,81.48015254619813,10.0,0,0
41,0,京都府,28.303437354417973,124.54921256505618,41.22959699986707,41.03700566791783,26.450176585963344,0,81.82548839422516,10.0,0,0
70,1,神奈川県,18.42294022277448,88.7697502789889,51.81462801067146,42.26991281847142,8.54873631673685,0,82.9721126218114,10.0,0,0
44,1,秋田県,24.206786075433058,134.948977024027,27.44237267258761,62.22264836124563,22.000232453420967,0,70.5430649667454,10.0,0,0
63,1,京都府,27.36157146812025,144.8235822096162,399.33644177704065,59.76867109420283,8.871017518877945,1,102.69813461936559,3.0539434020150855,1,0
45,0,京都府,27.72212443556813,139.3572522179944,62.0471318482295,42.27609732843734,30.44051891926451,0,78.33842962629902,10.0,0,0
47,0,東京都,24.006304917336532,131.2363288141976,234.9939099085922,47.9286870734754,11.407156745272209,1,96.90496436691923,10.0,0,0
43,1,東京都,20.095663525850252,93.79824163793872,55.35782823697434,47.22555948766296,7.126949325544387,0,93.1287946345848,10.0,0,0
44,1,京都府,29.85825807433492,149.82140938211563,80.71129943360337,40.875218043842565,10.563474280324677,1,91.22298403005871,10.0,0,0
47,0,京都府,22.436875910606112,148.78424294209987,79.46540965693609,52.00974284596767,50.24730427509985,0,98.63521198289361,10.0,0,0
70,1,香川県,22.488410822711177,127.5289411321036,157.69956421799898,41.92589334234497,24.241937489678666,0,104.68722269246767,10.0,0,0
53,0,京都府,24.283186570427443,106.63718607793359,45.104593419511865,55.86336373392013,31.59978633923777,0,125.0,10.0,0,0
74,1,神奈川県,26.372726371937517,152.22321020678203,302.2924575783339,41.10986015965695,15.669511370718297,0,105.5970796195911,10.0,0,0
53,0,福島県,20.835343309925,102.25340667680294,68.1417830483367,41.99804987765327,6.734523341432872,0,86.18249766547801,1.4743933854780213,0,1
40,0,兵庫県,29.8683163002207,108.1403443900109,274.50345747209207,51.358749560357225,12.802828495631562,0,78.7833396611953,10.0,0,0
71,0,千葉県,24.227523090576252,125.42287518310827,275.55433288934387,59.858229364002185,80.70518780819609,0,78.78272351039827,10.0,0,0
73,0,京都府,21.985219130289135,133.72449871949956,26.50024833522916,40.745794288065134,8.500119117149515,0,79.71500060573341,10.0,0,0
54,1,京都府,25.215365683192083,99.49339260500024,147.7059553550715,40.93042648427146,21.854931673208693,0,90.6936238437069,10.0,0,0
71,1,奈良県,24.63504400297982,128.83482320335597,36.68234720146833,61.16736765280377,32.88746805507543,0,72.44846529903144,10.0,0,0
40,0,京都府,24.70092375803899,93.89583042563021,135.58927572682992,48.37723555831954,25.504463714492147,0,123.25826115178413,10.0,0,0
74,0,愛知県,19.611499061927628,137.3300100953686,60.54586057117968,66.64025456388713,7.790490881819997,0,82.14034288310731,10.0,0,0
43,1,京都府,24.42068571413972,115.21999388537583,76.79086552870373,41.53582639338266,10.830942145341304,0,73.77552950262026,10.0,0,0
55,0,京都府,22.314808548019396,150.6410923206001,76.9852513253366,40.85069634026627,21.949955062273435,1,77.93351714163039,10.0,0,0
70,0,京都府,21.830304024552497,129.92387824724304,34.39262932152427,42.04529102922225,14.179068565625897,0,99.99928252104966,10.0,0,0
57,1,奈良県,25.080325926421413,103.45386254641473,17.882865346904097,42.35688644281278,3.9728986650246245,0,83.74493654859992,10.0,0,0
67,0,沖縄県,23.338515957437433,81.71606160924894,127.90180964938784,55.19486691550029,26.383287988884824,0,105.20234243500566,10.0,0,0
64,1,沖縄県,33.07098438875068,151.1759089305184,328.23419186428055,64.559122397441,182.0304908993662,0,99.28011864400857,10.0,0,0
53,1,石川県,25.782236814053274,138.0735859979554,144.43336109626705,42.7822803353037,30.44355773352043,1,76.87844297827922,10.0,0,0
45,1,京都府,20.765206841046716,120.36319271910315,79.80759097011118,60.30820770409647,19.27850290391978,0,96.66302122775521,10.0,0,0
66,0,京都府,30.090002612735113,127.7976448489348,97.47592536572972,51.81537713519511,45.84992384090099,1,112.08823897170858,10.0,0,0
54,0,愛媛県,20.711967795499525,149.30775286938223,132.37029992383123,40.79267217320422,6.574861449684192,0,108.25947037146392,10.0,0,0
72,0,熊本県,24.70086349719964,145.92568852180412,68.83873322100878,63.93735806141052,16.61102718360057,0,108.6112942616987,10.0,0,0
50,0,京都府,26.987474845131935,120.21776721889032,85.16223863890227,57.36056334668159,74.99498255988868,0,102.15024727180482,8.869446079299069,0,1
60,1,福岡県,25.51310919935716,112.19457680412258,62.08138156901064,41.331178808229986,22.35019742569245,1,90.32765108864315,10.0,0,0
53,0,東京都,23.597978434165586,99.42899310720222,55.696256411633414,54.4863899741669,13.718031849814597,0,125.0,3.0416439487402975,1,0
45,1,千葉県,22.016386429120963,120.3945119990792,36.73277033138018,71.80498763521918,4.236004461744525,1,94.72057753937833,3.0580300440142176,0,1
45,0,熊本県,24.810788806360634,106.52051594370906,95.66701801822417,41.94936546412245,14.099696432386038,1,106.96298105434458,10.0,0,0
46,1,茨城県,20.642775137443632,109.61659052351698,11.933272493629884,42.11755620238283,5.34573382757658,1,85.15132435271586,6.4154303914210145,0,1
43,0,京都府,19.90432139366736,127.07390975008329,46.67938613384623,46.41970713327495,12.3854321526201,0,105.07491850271717,10.0,0,0
71,0,東京都,26.988687503593646,154.49063216805683,94.21820022450592,41.869688198661194,54.76006383268209,0,118.69219217915945,9.607334688758753,1,0
55,1,京都府,19.35985147806016,100.75096202689159,45.476500370112,41.424858123236824,8.845144663981749,0,67.80283728433903,10.0,0,0
47,1,大阪府,19.962576983306906,151.24175643949286,93.37368607196281,41.53880622756541,30.342998235636053,0,81.03553316014134,10.0,0,0
47,0,岩手県,23.34417332060386,139.60828687768807,169.42573819946406,42.220435544861225,30.909878835987517,0,101.65770341821076,10.0,0,0
66,0,東京都,21.976284303161574,123.40593206894744,84.97222358571537,42.01732169878375,6.8732194633965165,0,69.96598348233563,10.0,0,0
60,0,福岡県,20.612139275461022,152.3172718627024,200.1746723858706,41.964186014372174,10.494734480106652,1,79.00480012176621,10.0,0,0
53,1,京都府,25.56284053054621,151.4612965587436,88.65636058877176,41.62086387183799,11.40010583801574,0,89.26678784403379,10.0,0,0
45,0,神奈川県,17.675230334102622,93.55204458494713,16.431098777046707,41.56645713013243,0.5662132680658861,0,78.57198279492067,10.0,0,0
54,1,福岡県,20.07405087318987,130.52244864716877,87.95437567990852,49.97024046405876,29.023163750121263,0,102.93609610312839,9.61436503157819,1,0
58,1,京都府,16.796733105317617,135.57332286823075,81.7781887156967,43.22605121411989,4.403327937870048,1,81.23369791005514,10.0,0,0
42,0,東京都,22.32581284385183,110.09215467297639,55.713048897023874,77.87111057247431,11.266728130681463,0,68.66152296237976,10.0,0,0
71,1,東京都,20.135123725036973,162.01073411452805,80.64956392497649,43.05559156462471,24.906823748988835,0,94.07577021821673,10.0,0,0
48,1,北海道,20.198096982486884,111.20544009261543,96.40734610273918,37.067940717747724,6.718883130981882,0,86.94568802032134,10.0,0,0
69,0,福島県,26.749662330545856,149.31317954327312,90.34243220772525,41.5305242285821,9.692115435664792,1,95.0899223138575,10.0,0,0
68,0,京都府,21.574336167184956,154.42966450064233,50.02238582152262,66.07949459364804,21.420442865248905,0,100.39429051061802,10.0,0,0
73,0,京都府,26.814459314892137,129.9418133212938,92.67094136719122,41.48828636753362,26.81422016077526,0,93.71724219012683,10.0,0,0
72,1,埼玉県,24.548538277362333,145.56919409697537,78.51062519241444,40.30255002266048,23.19063375196277,0,81.00904713986255,10.0,0,0
54,0,鹿児島県,27.117122278247567,106.79370111353116,33.55725785403775,42.561330981739005,5.784543841769622,0,78.67107521668615,8.741434905341091,0,1
62,0,京都府,25.514474230793738,151.18175994853448,232.2828450534741,50.6366623386829,18.146016207601363,0,97.08198229074527,10.0,0,0
42,0,宮崎県,30.657314554214153,116.86423159024757,73.91358770053733,50.65902968319632,19.263921303201016,0,86.78560651632773,10.0,0,0
53,1,京都府,20.552853789895376,124.39294878742817,110.87163358179056,41.41784452360386,19.38138508562842,0,95.49311590609554,3.5256744954239703,0,1
41,1,神奈川県,23.460572757156495,104.80203342663211,48.93017143852119,60.07950272413017,14.065370817621616,0,80.37550854419557,10.0,0,0
69,0,京都府,25.891377580703406,140.94195875772527,98.46342176503019,66.97982891928677,40.95265420318423,0,81.46240803171123,10.0,0,0
72,0,京都府,26.37156379686883,144.17382346363178,311.8082449397453,59.80641701281219,43.269878332293516,0,94.14169197888097,1.2926620975163396,0,1
53,0,大阪府,31.32891896341301,118.03441774562343,93.84788412230834,40.97506840484729,63.656423692842,0,81.11725206823367,10.0,0,0
53,1,埼玉県,19.860490411016325,118.52001228364053,54.44113463178191,42.83489117872212,3.2399028154880516,1,93.39387362814435,10.0,0,0
45,1,鹿児島県,19.140434580785037,109.60591252690863,26.338725648330318,42.62725854022986,3.084435657178026,0,68.07020025519546,10.0,0,0
67,1,岩手県,23.9742904998584,127.27209967972675,64.08599280507832,52.04881076077067,10.43321286279389,0,92.60140042295559,10.0,0,0
58,1,滋賀県,26.2581065613647,123.90662224149204,73.88578075721752,40.66643154364375,7.955626073293811,0,99.14871707081704,10.0,0,0
69,0,新潟県,29.648472681186078,141.29746214455946,62.41397931489327,50.86241499539505,11.358169466753006,0,123.37084543561272,10.0,0,0
73,1,京都府,22.043326939682697,136.7004612604436,86.94227235695304,41.36670078203162,5.875474396654388,1,91.82692097134034,10.0,0,0
68,0,北海道,24.62662243331173,136.1703833183356,93.7965929606198,41.32501882537418,20.20030158598897,0,105.17648245565454,10.0,0,0
53,0,高知県,20.104777390209513,123.30954785540762,33.4219117544177,50.96603203928829,10.017157127358278,1,80.76879590799412,10.0,0,0
67,1,京都府,25.691315489619917,129.98939293812052,296.1064782932206,47.9237303906996,41.15980555327824,1,116.02629533032345,4.546416476169007,1,0
52,1,東京都,17.748097723235105,119.11598398402423,36.7365782910258,50.70017930293348,20.377007338605768,0,92.72290262423566,10.0,0,0
65,0,京都府,26.365563556775456,119.51219475478467,220.46667816171515,41.39214126036798,9.463961037247907,1,123.75383838933493,10.0,0,0
51,1,京都府,29.48485429664025,156.51818096898117,159.37241557584662,54.176088732613906,27.720932557816546,0,93.32686931565358,10.0,0,0
40,0,京都府,21.323754756066368,139.09941057961498,42.46499219920284,63.7017090757441,19.341500380775607,0,78.68491567557449,10.0,0,0
64,1,福岡県,31.50156317049604,127.82728606510072,147.6785983734089,41.57861711813099,36.814523417523105,0,85.80650465686502,10.0,0,0
57,0,長崎県,31.70226137375426,117.5546141843543,170.92292547721175,40.80269627357887,78.05998024222106,0,97.82209712098145,10.0,0,0
54,1,東京都,29.74746913516232,175.69520807813984,324.4070006179527,51.97741324299897,62.30392278769951,0,104.38916381337779,10.0,0,0
66,0,京都府,21.57113352685523,139.07905604751502,98.84311595630524,41.8699537351747,9.255795143019068,0,72.44839536065449,4.289426160935413,1,0
73,1,京都府,19.914880805891613,129.72850594318308,77.56692177132068,41.206078106694825,11.826774519088474,0,88.62592486310781,10.0,0,0
44,1,京都府,20.383068945192534,106.58151804083941,62.62106345867411,57.73168120190112,6.587236233824886,0,57.24169749295567,10.0,0,0
53,0,東京都,30.96755505303763,156.74438144085525,109.33700905351193,54.98427893968948,36.80503012657476,0,78.0752398356879,10.0,0,0
45,1,沖縄県,25.2047725180103,107.34547928123499,251.08598057834877,55.901735990004106,29.08590761215243,1,87.47857929119196,10.0,0,0
73,1,京都府,24.52726897892873,146.95059832627578,244.05975058503267,41.33457940669555,19.67323453994648,1,125.33237852668434,5.11696897460158,0,1
58,0,岐阜県,21.263788706196348,109.72009551476631,336.9753995190654,56.468406218116726,31.815411886240547,0,103.73572994446648,10.0,0,0
72,1,北海道,20.935953022886988,114.53375475498207,313.62284857346174,40.39410899967045,14.025229406681063,0,84.1904380247381,10.0,0,0
61,1,神奈川県,23.932390680178997,118.92125430879813,198.92902361537966,39.843740598145445,19.38460646556503,0,93.33498314059665,3.97556852807616,0,1
66,0,兵庫県,20.663538592663393,133.476652229401,53.01342919760236,66.63965641691387,6.306624151968983,1,67.59928850796769,10.0,0,0
63,0,埼玉県,29.563852350318967,138.74354965848858,51.981515700788755,40.41964713211611,7.627763422803264,1,95.85289831757215,10.0,0,0
69,0,京都府,23.873365130891035,147.38414575139737,168.76824575992367,41.066033301036306,15.017107056655597,0,93.09931778949826,10.0,0,0
53,1,青森県,15.381605593249967,99.52116813598235,30.823810350439032,54.82855930258598,7.130989383350647,0,77.60513053944923,10.0,0,0
60,1,京都府,26.907968481377512,118.10910258203286,399.6609404345315,40.842056559938285,26.417220282700587,0,74.12343000916957,10.0,0,0
49,1,愛知県,23.99337236910597,101.06995491508593,172.5919676184972,41.22804049735124,9.50728083960672,1,98.29276089154521,10.0,0,0
67,0,北海道,17.26469429814298,117.54010147372445,139.59238001242682,41.91661008889709,3.8368238487076542,0,103.56311833527639,10.0,0,0
72,0,奈良県,28.394363515395067,123.01960443936281,97.84240304933962,41.62120691649684,13.480866269262972,0,97.26851675063743,10.0,0,0
73,0,神奈川県,20.749801491028784,130.68622642375374,65.48683704792792,41.29579878277082,2.0003978269109703,0,98.16922320673025,10.0,0,0
73,0,大阪府,18.614058007233268,112.64641700552967,67.26131940118557,42.30829673653157,19.649794245181422,1,100.8561062080411,10.0,0,0
50,1,宮城県,21.435549015393203,145.37399539193686,157.61479690873435,52.67239594088579,4.597140430968386,0,88.70170525527936,10.0,0,0
46,0,埼玉県,20.875775512680832,111.23060994417541,23.455392665262163,41.36858241647721,7.068158113861997,0,99.09671822085613,10.0,0,0
74,0,埼玉県,28.334464486410972,163.8282382386811,327.19090318291967,41.5924671499204,24.28210400016121,0,75.6962149322595,10.0,0,0
66,1,富山県,22.575120594182533,156.18384297433312,49.57150460713627,49.90515804798828,19.327088669603707,0,81.1128303486665,9.875394733054991,0,1
68,1,愛媛県,26.242218010441142,129.26389717494388,150.27046695021673,41.95063378099418,16.679662116218246,0,74.36854068151584,10.0,0,0
63,1,京都府,14.242975167414322,136.28030654766397,83.24584337779103,34.05663750907378,2.7114139372916384,0,81.38719162880868,10.0,0,0
46,0,京都府,27.301129676314225,96.07136909942442,165.62851887704832,50.64766684290679,23.61445559325478,0,71.73808904582157,10.0,0,0
57,0,青森県,21.401931204676472,93.76630686382376,88.22583733629472,66.47231696170338,30.899363174879102,0,93.67810547858807,10.0,0,0
40,1,京都府,24.165368512977757,99.84665741356865,24.344603099496734,33.16749133496898,14.115017235144174,0,72.77458575003945,10.0,0,0
40,1,青森県,20.093613883813347,105.37605952520798,52.622794623713844,53.69614387357115,22.415364988166537,1,95.42015935567628,10.0,0,0
45,1,京都府,23.85537450021593,135.13476534690284,55.54515158535626,41.50094052625897,16.70614224254733,0,78.20047486431906,10.0,0,0
66,0,愛媛県,28.584188330079453,147.38763538215073,259.60439237156044,53.79776991970495,57.749037529806216,1,106.47615276474626,2.230787219175955,1,0
71,0,新潟県,24.931647894402456,147.69340520221564,146.9772006684712,39.859304048891374,18.217531974694168,0,96.55073580257132,10.0,0,0
40,1,京都府,22.486297967975087,99.52673174821916,85.16302287817669,41.37960542859951,7.240662704078582,0,76.47969314335448,10.0,0,0
60,1,福岡県,27.438879049640132,151.16289965685766,201.21798507362368,41.23550269757097,75.18783215702348,0,91.09797632074213,3.614137844900079,1,0
72,1,京都府,24.792546555145393,134.79168655717862,76.15564451831133,41.23321738106482,1.0945927967857774,1,70.28690014740086,10.0,0,0
56,1,宮崎県,22.492610359160206,113.25112444119014,75.44513330521583,41.009147232246136,9.781931902540931,0,95.48241721645753,10.0,0,0
45,1,青森県,17.752814347330723,111.52127885368847,26.5843421626079,52.12893816358668,8.919510286265242,0,101.49693979316848,10.0,0,0
49,0,京都府,22.848894715140027,158.49173214164438,147.79598666275933,62.06697223472968,19.23119808219866,0,107.51122129838254,10.0,0,0
40,1,石川県,28.982141715014045,116.157140403481,150.50681863799053,41.29396874288304,37.43072277741141,1,109.05246943812436,10.0,0,0
58,1,京都府,10.57773484571558,101.4443141695868,43.434776803556794,42.565986963631936,7.2564463227167675,0,83.0470853198164,10.0,0,0
74,0,熊本県,23.524233383300942,130.37261753156378,84.3817681660136,38.83372985788632,1.9139500303693222,0,77.45179515784372,10.0,0,0
41,0,京都府,15.158746954930244,81.97983421810927,24.331756686261187,66.19619859125761,5.902977221988382,0,62.273436377329,10.0,0,0
63,1,京都府,16.666756211730107,92.17131205963466,34.28699563556822,50.460164925340045,6.196592162126029,1,81.40077646259614,0.8334768582585992,1,0
50,1,京都府,27.45141243356462,119.53805435827222,152.19283795047608,41.49777494273429,27.2870621289525,1,103.62622295096035,10.0,0,0
74,1,神奈川県,21.77032717307319,124.26553340373978,59.511749298975204,41.543521061122995,8.53909928680471,1,91.17204777732655,10.0,0,0
63,1,茨城県,21.130446185248413,128.70456971275146,40.48043121221323,41.53545202016561,15.978045528643811,0,79.38884457046981,10.0,0,0
50,0,京都府,25.510048998862974,140.93979209643626,336.55972713783393,38.62659401928827,29.869351135290504,0,110.92128764017062,10.0,0,0
61,1,神奈川県,19.323920535523133,146.59762432527265,64.01861176796729,52.66764528874943,3.9656403908078186,1,82.13290928636299,10.0,0,0
54,1,埼玉県,24.25960290428322,124.14188201672702,46.33572034528806,41.8165026434271,7.728836218151338,1,75.63434092748543,10.0,0,0
46,0,東京都,23.675122196492747,132.6322687344923,58.13717594901276,41.703794204302014,22.59171403745764,0,81.11734500653026,10.0,0,0
54,1,山梨県,18.462158146400245,134.3204509128477,30.608493550449516,46.88609478430444,4.155295732453395,0,108.30628755982008,10.0,0,0
57,1,岡山県,23.765174498656602,101.19833744448407,94.39722305711855,41.98411843693293,59.432633006283986,0,81.91990422707835,10.0,0,0
66,0,千葉県,30.297785676268305,139.29485180210537,120.44223760595361,39.92169054338225,10.074671419682728,0,98.30166802487493,10.0,0,0
41,0,鹿児島県,26.592884795878682,122.47499049701511,51.964396396434445,41.146088292301314,6.49857865903184,0,97.14793051366699,10.0,0,0
58,0,沖縄県,18.177174521704373,129.53761241421847,98.29083069883825,54.56410050601029,9.111666641302316,0,97.48853613480594,10.0,0,0
60,0,神奈川県,29.240387305416334,120.89297318244664,199.8792863027377,47.20477357339213,36.33281787424319,0,93.95773103403222,10.0,0,0
73,0,京都府,17.066261845140147,84.35628635695568,34.94857088061213,41.96470486775513,13.40265597606782,0,86.7435572763869,10.0,0,0
56,0,神奈川県,18.33748910695729,117.75606187649208,148.19620140613182,41.57664809973078,10.977304211752573,0,82.3957710489129,10.0,0,0
68,1,京都府,26.108407654117762,112.22821179940395,109.11304857852063,42.00306954031901,36.41809198525434,0,108.8740492284688,10.0,0,0
60,1,京都府,33.062134948312575,145.41535930738567,238.566404603728,42.1048538970174,25.58687884720573,1,109.75324610764854,10.0,0,0
44,1,京都府,25.25689794413444,132.92167283969135,188.94459113059133,41.01254357098776,20.32874628495995,0,73.9503214128161,10.0,0,0
63,0,山口県,26.4733729369631,136.61029860930654,93.72897577497393,53.28205695318903,37.84510550878638,0,112.27327889569034,10.0,0,0
59,1,京都府,22.19147266176673,133.64483823756302,44.028700909768524,42.58118997770255,12.690447132102669,0,70.81201816259053,10.0,0,0
52,0,京都府,31.503893547716366,91.4290463860789,199.11381116545942,42.44454392955126,50.12931096937958,0,90.82786478256374,10.0,0,0
42,0,京都府,25.905586132797303,111.85956454183693,30.620368249183308,55.00904257334866,17.020010248644397,0,72.4500993911119,10.0,0,0
57,1,栃木県,25.987773297172193,127.53012180939973,134.05464727335215,48.989760308396576,4.370635624187033,1,102.6645251132343,10.0,0,0
60,0,京都府,27.189819959091356,123.95442376881978,97.48518634162802,40.77486959056757,32.1949053243537,0,101.2892721454734,2.052027171855751,1,0
46,1,滋賀県,28.43703190319255,130.02573234238986,47.44079780281968,55.115219765570046,6.142394230056252,0,108.6207269226473,1.8193553878961508,1,0
45,1,東京都,27.264333938939057,146.96629515225416,110.65324442248101,60.15223860448055,22.4567089802996,0,105.3565727256408,10.0,0,0
51,1,北海道,27.41529807740353,118.79990840273177,77.38400965693478,50.9948697160343,39.58164344822256,0,95.41062089851775,10.0,0,0
46,0,大阪府,23.860153410723722,127.52142600505012,73.91667123082603,41.63828225173732,15.225351097604483,0,75.31543535715163,2.4313986416824136,1,0
42,1,京都府,23.752270750982074,129.27331811520918,37.55653447526961,65.84598762286048,12.949252405990238,1,81.37373554644455,10.0,0,0
40,0,京都府,20.10137491876539,99.28727715050441,60.000934379741636,41.49796752416431,36.15705266425086,0,67.82879190277436,10.0,0,0
59,0,京都府,17.258963249340837,94.96483419149523,102.14960613552503,41.668287087651194,16.163873048717974,0,79.69627706549329,6.516545077436158,1,0
53,1,神奈川県,18.68607349674146,97.07715145361936,163.35454129222586,47.2432564470318,11.212535967681683,0,82.81810280649005,0.9693353512715587,0,1
60,1,埼玉県,30.15377632814409,132.02249882265235,296.061123887751,38.42734142233121,32.50929831005595,0,116.53796781415681,10.0,0,0
57,1,神奈川県,20.074488241511883,111.60730105136561,37.556729655250166,47.611172003404576,16.652096664094753,0,65.81147942934872,10.0,0,0
57,1,埼玉県,19.79718916572516,118.56961418696481,20.714549609008397,43.274238015255555,4.081204720891609,0,77.9473484357742,10.0,0,0
45,0,奈良県,26.618128145822848,93.86046413911242,84.93219946135756,41.35276201847803,35.52131611874351,0,118.07408499958736,10.0,0,0
47,0,愛知県,26.646589366466042,130.96988848397606,122.32079820485598,42.508085380845436,43.89634261782708,0,99.08676936004716,10.0,0,0
49,0,京都府,26.213919680275364,153.2915621054005,96.38813855742474,40.576469140496194,11.653781332137791,1,82.80877656391617,10.0,0,0
48,1,神奈川県,26.233271087801544,130.5309356061664,109.78164107471176,42.13383820511099,7.384473299873361,1,95.50272952642621,10.0,0,0
55,1,和歌山県,20.110850435595847,131.7503849210632,41.151950294715405,41.63255145555677,37.96599223231712,0,101.00643704611775,10.0,0,0
56,0,東京都,17.348842857705666,114.75130648259913,72.07021557366727,42.21536564150109,7.33888307696294,0,94.26458354728989,10.0,0,0
50,0,大阪府,21.558755673294655,109.36729060867981,83.27297967802971,42.694571064267386,18.168289949711088,0,93.34151402666599,10.0,0,0
59,0,北海道,15.77937934286288,124.15486654820917,15.872044321822248,41.27481452484309,2.907194534749684,0,91.58377839341087,10.0,0,0
40,0,熊本県,34.02479308508908,129.55584828607257,312.64738306084126,41.11551523940856,75.4272518688363,0,82.06322893733929,10.0,0,0
55,1,山口県,23.11541195478829,121.11934843265229,69.4793901846473,66.38469355193725,14.1548050325714,1,82.39922323417207,10.0,0,0
54,0,静岡県,30.801024748245727,137.41589134985642,253.2219944651962,50.7221598056969,54.63192379126615,0,102.28889129252937,10.0,0,0
61,0,京都府,29.88972993660174,139.10549429877676,117.59527732497395,39.938369708020566,24.20856617533996,0,92.4272623554366,10.0,0,0
42,0,静岡県,29.910683989536075,134.8781534310234,213.94504167240325,42.108923316561956,15.17416731009469,0,86.94418125845768,10.0,0,0
41,1,北海道,25.79014082309545,139.78231648446132,59.71348764730045,57.2164708296317,33.978310395370215,0,88.65600043558145,10.0,0,0
41,0,愛知県,17.279568991129352,107.26402371183465,44.01849904011131,41.22901194125557,7.382687522279187,0,84.85573052452429,10.0,0,0
56,0,愛知県,24.296361778394818,137.3064305333594,38.72911731509189,41.773224391656896,10.071288153283033,1,67.90650204268297,10.0,0,0
47,0,新潟県,20.62309131098429,142.71228641091795,76.9834416394098,41.44607399205972,6.148262225746841,1,81.65622192662012,10.0,0,0
73,1,神奈川県,24.592193351355924,126.18453786295608,99.13458902607806,41.33119174059417,29.09702763604489,0,94.46772682047435,10.0,0,0
67,1,奈良県,25.147773700473493,146.59672299696734,112.3911949656612,40.43527898581696,33.7495981414002,0,85.35541333107328,10.0,0,0
66,1,山形県,26.646317662996378,145.60859232305597,107.36137569600291,58.40248605519532,20.37751923307214,0,79.39378193699552,10.0,0,0
44,0,鹿児島県,17.9424106826412,110.15008572503741,142.69801035841155,61.188627211608555,23.004639235167705,0,98.62443836614283,10.0,0,0
70,0,栃木県,29.587556311515826,141.36805375143678,222.63099889572504,41.31712352102341,22.586452825284645,0,104.05272048207877,10.0,0,0
54,1,京都府,19.44450674253302,137.5736527004054,39.270955673828595,60.45443824832877,5.816170750742345,0,70.54233199247673,10.0,0,0
53,0,熊本県,20.664301846884644,129.29435220377056,42.20091310507199,41.62178117046212,10.683929318707241,0,88.09929148849645,10.0,0,0
40,1,京都府,17.93471431764123,80.88219210728457,75.75844791113391,46.39012380951714,9.64399363369992,0,92.73039356241154,10.0,0,0
56,1,大阪府,20.088906019762813,101.47524220372827,34.360613311565544,40.29748982318496,3.317350384638847,0,77.23337610715497,10.0,0,0
46,1,秋田県,27.72345053602182,137.40725019216413,50.808989711896565,42.40982385898602,30.834401653216375,0,98.28044347476178,10.0,0,0
43,1,新潟県,28.485607668798355,134.11324046019152,172.6979153859711,42.17644307543708,30.82720094834915,1,102.24402245945092,2.9794777368209373,1,0
66,1,岐阜県,24.485100506547656,130.45430772691628,84.39227340439986,42.29353458239177,12.452610399583339,0,99.23573856372319,10.0,0,0
53,0,三重県,13.876370553092414,124.57323477345066,26.791783543993194,41.73438089844111,7.375034194607598,1,112.32635678338214,10.0,0,0
74,0,沖縄県,26.483940530600634,127.18968068977289,168.54420507394997,42.078397580199045,57.69444832826947,0,78.46349953693604,10.0,0,0
42,1,愛媛県,21.44457093547173,141.36033592056492,83.57427265848168,42.17121510716538,32.510018022408154,0,95.20133232450912,7.1803614345443405,1,0
66,0,神奈川県,23.929905143627167,100.47375581443842,48.75522771941006,49.36256469172018,18.20974463485958,0,73.97651217520182,10.0,0,0
66,1,京都府,21.830664631203184,134.21856142579318,39.142078619288434,52.37980549036638,13.404645164678783,0,90.49189538883678,10.0,0,0
66,0,京都府,20.828670526800245,132.05396207375986,35.74249676350056,42.00729000121575,5.4283965458946115,0,108.84972601201468,10.0,0,0
73,1,沖縄県,20.213847804699483,108.94441525179894,177.0828441695818,42.32284972439783,10.086955289148856,1,98.22052645381478,10.0,0,0
42,1,京都府,20.46226850782552,100.76209698480231,42.10523639605526,54.78561088079859,12.457434038106982,0,78.22978097609214,10.0,0,0
50,0,京都府,18.630222608798384,88.06295195942616,62.512370838807165,53.69292996735994,17.714646590366353,1,86.05830857551615,10.0,0,0
43,0,和歌山県,19.932881928786905,114.77986986926608,75.58237760275433,51.40474159169108,9.437193794137096,1,75.37989823617418,10.0,0,0
51,0,滋賀県,22.318771023708212,122.23674909563017,49.26066772739006,51.28062028071275,16.829427733337134,0,90.72972936135905,10.0,0,0
58,0,北海道,28.392853829181817,116.10870025336375,329.2979037177576,41.385283797985295,39.22031384272182,1,89.3405571399014,10.0,0,0
60,0,東京都,22.338540146919875,115.37796103397827,83.15353076086397,52.79594401388193,2.69541479591938,1,82.11955744934632,10.0,0,0
54,0,京都府,26.115861444322555,134.22224603254784,233.10523114115531,43.3308727346417,23.662644637532022,0,101.4747359012625,10.0,0,0
51,0,京都府,16.677354812988014,111.37103697416732,23.534036107580086,40.61279101354238,0.715914824586356,0,83.49157447858275,10.0,0,0
56,1,和歌山県,19.363583062195026,133.34596852233835,123.83832829818228,40.6595974978067,10.61811462623178,0,78.34196620643607,10.0,0,0
66,1,京都府,19.68369530113958,116.65330136388478,194.80831030191322,40.09218266411405,18.966382815768473,0,107.39657561612492,10.0,0,0
41,0,富山県,17.760464569820304,98.81916565125813,114.16758174010288,43.294142332556085,10.563507349339309,0,68.66612457797795,10.0,0,0
54,1,青森県,21.140907631579648,99.01084628163818,41.57884200695258,48.44107131040098,10.509975276065903,0,84.60499631849603,10.0,0,0
68,1,京都府,22.919912518134424,141.20122675450634,55.81839240384374,62.02565142246794,16.889499722467317,0,116.79584183142535,10.0,0,0
67,1,大阪府,25.664799496143562,145.959168629486,41.13588410493206,41.740369962964415,10.842308833418688,0,86.84868885534354,10.0,0,0
49,1,神奈川県,27.272426498753102,125.94519839779873,119.68608598460487,58.113358556942245,16.670241053648713,0,111.65752172840274,2.45026681183778,1,0
46,0,京都府,18.187003164487148,98.51845353275985,76.81606178211058,54.73445425722191,8.22607039834576,0,76.92656599160998,10.0,0,0
61,0,熊本県,23.29619072170142,96.17131081129855,69.87710731640668,67.05297687833182,13.517843723451879,1,82.15381381745013,10.0,0,0
63,0,京都府,23.935464406205558,128.3802978344452,56.142790726684495,52.788136390520485,8.608102626892524,0,90.46433870165767,10.0,0,0
43,1,京都府,27.094965198978972,127.93040492084064,56.21181694600549,41.12009461865927,12.480999556184463,0,101.00090452597895,10.0,0,0
48,1,長野県,26.434684409109835,141.77908798656173,59.48761236929002,43.625134009705214,9.043005807940103,0,88.65751247230452,2.234941861893668,1,0
73,1,京都府,23.331460278239312,110.02222446264521,154.2163296430072,40.65427261072788,10.5625967368273,0,108.40444592143322,10.0,0,0
41,0,千葉県,30.955220124619327,111.52886918374638,169.8847640305771,41.51633221158037,42.731862628242816,0,80.95668094811157,10.0,0,0
66,0,山口県,23.860059515857117,124.30557657842826,87.77914632299706,41.89002281781032,24.354769601476622,0,80.00185828054772,10.0,0,0
52,0,京都府,26.436380120901283,122.81331613791431,49.178547862813225,41.56525906459401,24.28208295290555,1,78.59502115362297,10.0,0,0
40,1,京都府,26.0725515370197,114.1282840097038,181.5749469672858,41.84267416401941,59.04494756893809,0,91.4968944136504,10.0,0,0
49,1,長崎県,26.06023832826602,100.91164881381279,54.28206625494589,42.24667770844421,24.158018824163065,0,82.81438110435364,10.0,0,0
68,1,鹿児島県,17.688383817954332,139.7450269568871,82.86926702359618,41.23253535570313,6.772816271370966,0,81.10933554847233,10.0,0,0
72,0,鹿児島県,20.665788487805425,121.48541412205655,56.237428817777726,41.528131409047205,26.520168220065894,0,75.74556431403215,10.0,0,0
65,1,京都府,13.294342340969411,89.98104106157733,37.42107363383954,41.27750431123939,4.962444693858922,0,116.34834000821336,7.88964694564584,1,0
49,0,奈良県,24.024200967478286,149.22135277310753,79.37536658606655,51.372955756679914,29.57623011583521,0,91.93432541034142,10.0,0,0
50,1,京都府,24.826422993880243,123.17134569024896,211.03740579454117,41.37914179715168,36.16141190777644,0,86.69256511930054,10.0,0,0
53,1,京都府,21.503891671257758,99.51320243583609,31.62468584108273,42.14183208972618,16.059963278618135,0,75.37603243267954,10.0,0,0
58,1,京都府,17.589444522906955,128.2951670353926,121.03120633911134,41.529515342631456,8.194873058934458,1,110.50312234075341,3.0452062888537594,1,0
46,1,長野県,24.235053159190322,124.23110086127751,50.402275790376386,42.60688461400989,20.187381082108118,1,88.4488117638,0.8119714858920323,1,0
59,0,兵庫県,27.002852977218737,127.985123129128,183.77920048122783,41.94649191250526,12.673441766565503,0,87.48479280328692,10.0,0,0
47,1,三重県,16.239048314694337,97.10082868898003,39.42663056952238,41.972333373745045,6.76644509085066,0,94.90692127703647,10.0,0,0
55,0,愛知県,20.21363317474404,122.91506122345577,32.90280835129043,41.471743815612044,5.885964231292269,1,98.96509917158431,10.0,0,0
40,1,福岡県,26.112811085167774,89.11168451454294,37.84031434813387,41.69125509628682,6.087682091227636,0,96.22115665033641,10.0,0,0
65,1,京都府,22.29306513501429,127.56047414302658,154.0750866943478,42.02518891856759,12.633731829029669,0,86.04959542443503,10.0,0,0
72,0,埼玉県,18.959621878285688,124.46799079134396,114.20146771513315,61.13563081743553,12.01602238401575,1,99.43304340726947,10.0,0,0
66,1,京都府,14.472181207666306,113.98642084847647,9.446522583783532,41.67500048071097,0.6141314759613357,0,74.42454489732714,10.0,0,0
51,1,京都府,29.749045329235187,90.32396832044294,179.2529814520772,40.89501027006549,29.882195995135103,0,109.63467051308174,10.0,0,0
49,0,愛知県,22.502652604988704,144.14124828297676,98.41460702489921,55.02965566301318,27.033524881141744,1,62.91115775460071,10.0,0,0
45,0,神奈川県,22.933829408686094,102.09790223650302,70.48045606153616,47.16755563334584,3.7377395910031272,0,85.99133275416698,10.0,0,0
67,0,京都府,26.98788495020078,166.08217653467878,214.0580102767046,40.95161511377676,15.894273977457683,1,89.68089523926304,10.0,0,0
66,0,栃木県,25.880604500905417,135.17157644239538,192.09120326748052,42.62826699841321,87.3323524990578,0,116.46240773831681,10.0,0,0
48,1,東京都,22.783601243332708,134.1104612634358,43.46146812050317,54.17702000070335,2.478368795735206,1,70.51890969444038,10.0,0,0
48,0,京都府,25.64628387464534,120.13059434146024,110.56830802179772,42.02394192753592,18.917180010685446,0,104.70924826963113,10.0,0,0
42,0,福岡県,26.92840797101595,81.74678312059388,47.460759524215135,57.70616443375396,23.00263875535209,0,103.16877535229983,10.0,0,0
42,1,兵庫県,19.921876892887195,107.75143968035482,27.44622008309804,42.26885486349107,7.97562268985228,0,87.14816238414537,10.0,0,0
58,1,京都府,24.48955248534291,136.515587297728,81.47934460572054,41.49920209876112,15.603036049513806,0,107.0503535607215,8.274338665291689,1,0
66,1,茨城県,18.948036492927894,122.60300711395665,35.913600911448036,41.35533856511835,12.031017455638057,0,94.36922561515051,10.0,0,0
51,0,京都府,24.81861099720689,160.4587012577147,126.9966567888081,57.572562829140146,16.188010664839364,0,116.34109909800678,8.449403696225163,1,0
61,0,和歌山県,22.927250073684192,141.6376769976779,157.03509210437653,40.78772851942279,39.57885964846128,1,82.48760457261663,10.0,0,0
57,0,京都府,27.60332891377872,162.87322796745104,395.2104711545199,50.22951086135202,102.59877632908723,1,86.19244513168455,7.360556776103944,1,0
67,0,京都府,28.200963794060105,151.8009449118418,38.93019617021953,40.9413149922036,30.223564491950665,0,111.42043921122526,7.859982375833055,0,1
42,1,高知県,23.35189610791017,129.2837215543572,59.73567576071325,41.69118164112608,10.109626604083346,0,78.60133207084945,10.0,0,0
64,1,福岡県,24.535731784321477,132.39007831741378,58.411186388200996,41.925836298027036,16.3972129356987,0,91.57008202472863,10.0,0,0
65,1,京都府,26.508597330657633,133.00889324870042,83.33766769021896,51.59911503422559,47.6148168939438,0,95.73229192085655,6.727652320818443,0,1
56,1,秋田県,21.662962670239125,138.3801057416933,30.759548544757713,42.62477959860997,20.978405923589808,0,87.97653036070393,10.0,0,0
50,1,北海道,13.684637135133897,63.22236822680821,45.99775180484949,59.91853964590673,10.428790380087987,0,113.04974454850372,10.0,0,0
49,1,大阪府,25.006519433631677,140.9417272764495,186.08222018288436,41.53483627853111,52.88816790105101,1,86.8028085244868,10.0,0,0
45,0,青森県,27.18600930960393,132.58245116064705,96.93657756575024,52.59123914462918,67.08050172615799,0,74.69621968720435,10.0,0,0
42,0,大阪府,25.83529010131272,99.30963902786311,34.18049554564995,41.46731091229597,9.615369707773215,0,86.0560850334999,10.0,0,0
64,1,千葉県,24.006498405380107,106.04943328359563,38.709058986064015,42.27053446649234,28.599048860354923,1,88.65774838705909,10.0,0,0
72,1,京都府,24.281015822916814,151.5082112392783,77.52031204093063,41.49623879929383,65.81162042879234,0,94.88416787645289,10.0,0,0
47,1,福岡県,26.48368810049053,139.100955904572,36.43276806443016,41.69433828164521,8.161042261536966,1,82.4538553692957,10.0,0,0
61,1,京都府,33.07744268887731,153.72079990103302,99.04289178079361,44.255037502055735,10.782578917358235,0,106.17783002290636,10.0,0,0
67,1,滋賀県,28.472000724484932,138.74806187046386,128.84977978059615,42.6907324710528,22.993917661015487,1,116.45971244596846,0.9999038337135233,1,0
43,0,京都府,20.729826629821993,113.09390659340491,103.98063711541191,41.858113729221216,34.65987730812007,0,86.11779531690676,10.0,0,0
52,1,山形県,23.86344842861637,124.11717377793553,106.16472121865793,69.25987846297886,77.07484959469625,0,98.09471260936441,10.0,0,0
50,0,愛媛県,28.560256803666412,105.16247909807188,141.87346092334693,40.80055274983354,42.23692199950406,0,102.55125333933944,8.695293318988881,1,0
43,0,岡山県,27.99713847318088,114.50805151166603,120.97925936644342,41.279812442712036,20.377492968202528,1,94.88182633250698,10.0,0,0
61,0,岐阜県,16.882590559570872,97.57852669887173,31.05423147681389,66.20229933132372,16.051008430369798,0,80.87573610033637,10.0,0,0
64,1,愛知県,17.11290390358837,119.99650720651354,57.017582109177845,64.19327384794816,27.282723018518453,0,95.35004171610785,10.0,0,0
58,0,兵庫県,17.33068269708939,127.52504802135017,153.2945712679417,55.748365891149376,8.400571958538551,0,75.36193465834918,10.0,0,0
66,0,新潟県,26.43475401413591,116.00629313870158,61.356198195147705,61.05213648942601,27.33671356451446,0,90.43183115008623,10.0,0,0
53,1,京都府,24.911669789133878,133.482174639026,233.06550153704197,41.56681884368939,3.837500059306165,0,66.79696364953669,10.0,0,0
42,0,京都府,19.325043369192905,90.67551568977696,50.21763427246231,48.63746864774423,8.464294264038964,0,69.6929032189525,10.0,0,0
50,0,京都府,17.71345108208409,134.64225260687755,91.77845790149304,52.46400914365389,11.230765376905513,0,99.1582790429753,10.0,0,0
53,0,京都府,30.280504611769363,125.33084165542377,49.5011374984901,40.80616066927815,10.563494282619134,0,123.04442475616521,10.0,0,0
43,0,長崎県,27.09405362790944,135.40906406295036,95.8377662209204,40.91655287083667,16.029254501514366,0,107.45950658872859,10.0,0,0
40,0,京都府,21.200366288478705,124.12733907755018,43.09533346674799,42.47539885659231,6.154033725084577,0,65.48719098951624,10.0,0,0
54,0,京都府,24.91004616486276,130.60050793051198,157.8657264709742,41.23883487761886,8.694696743800487,0,64.2668328229713,10.0,0,0
66,1,京都府,19.91676748905097,123.26086011563466,40.537328317377714,50.472351419479125,4.327169787741227,0,94.14715962327934,2.5550831407134513,1,0
66,0,神奈川県,25.872442079226193,81.69161769595961,354.56538802105564,57.54224191319867,67.760064448718,0,85.1769580074087,10.0,0,0
40,0,京都府,22.50475739375848,91.10716403131318,79.95539923917181,42.2594110880533,14.571968751769871,0,114.67168642134841,3.8529105027010226,1,0
41,0,福岡県,20.683900933535767,144.43687068726464,36.523340346184966,46.41725237270231,3.9079138146298322,0,71.54835416785602,10.0,0,0
58,0,青森県,11.598544738251876,135.76017453534897,97.84140650856206,41.33653675677131,2.4353619874793506,0,95.85673954630509,10.0,0,0
42,1,東京都,19.458014471021237,100.51542351904726,42.20249160869803,52.27915470295398,13.493790016410847,0,86.03141799500614,10.0,0,0
65,0,京都府,19.692976398090074,124.97908309948909,68.19622215614186,65.82943437472767,8.42212351409697,0,80.03112004505974,10.0,0,0
48,0,京都府,20.214054230667152,131.12032751801135,14.711581783156081,41.182561657541875,2.1965117359668622,0,99.98581257798234,10.0,0,0
69,0,福岡県,27.895277293613223,148.8630388573195,62.63468515549812,40.91850797192971,22.468693529017706,0,75.5143664054953,10.0,0,0
66,0,長野県,24.00011778480116,142.48071289976485,55.40125444380307,41.496203391831365,7.2492021320134565,0,66.75857069788873,10.0,0,0
46,0,京都府,28.35780362739683,118.03508854104041,136.028665617369,51.59793723434098,30.435310898334563,0,113.40470691498462,10.0,0,0
67,1,長崎県,27.50110772331556,148.45276204349113,250.38111040111397,50.05926548597711,44.12841009944533,0,71.49880103562832,10.0,0,0
52,1,石川県,26.108199891151003,131.3197743887373,143.4303014210032,61.34930187032437,33.98055891890709,0,91.81143676290499,0.9733733806040956,0,1
63,0,滋賀県,26.376474632249707,93.03236784082854,167.4442136130083,40.6345468984369,13.880618041738154,1,99.8323021926718,10.0,0,0
44,0,京都府,26.37223707511877,109.26774925236647,65.8966274793669,42.34470716278337,33.44907747373282,0,106.73783240147758,10.0,0,0
45,1,香川県,28.36509695117635,164.4046489984739,168.830274185541,42.42869308156658,33.47075649136376,1,94.90458035886614,10.0,0,0
63,0,京都府,23.103449876491997,153.0179592104392,401.59761718951785,60.15322928439711,15.929821578543626,1,103.9414032563805,4.53157274330434,1,0
56,1,京都府,17.273671923938778,102.57083717663248,87.93341926353327,41.9614039019435,2.6255802328048023,0,123.72926156546475,7.371431079416878,1,0
61,1,京都府,25.762335178478928,148.9387288247883,48.06905944426436,39.82843026787513,20.195363657555667,0,89.22398870277921,10.0,0,0
51,1,北海道,20.904517108941597,103.65453991205436,35.4075267285253,50.858613368047884,8.414445253084935,0,102.16047095663986,10.0,0,0
73,1,京都府,22.772671021108653,121.44261628448207,54.56473836462868,40.651595859673336,7.470835272529546,0,82.37666259577827,10.0,0,0
42,0,埼玉県,19.54715414682882,68.42586416289366,24.842037120296396,54.17603180353391,5.816218893949361,1,67.96909033346265,10.0,0,0
74,1,京都府,20.768947013277177,129.13745937441084,232.09933984971545,48.13663265216556,17.44071936256877,1,77.39702356821061,10.0,0,0
43,0,愛知県,25.913392670555933,131.11031554381387,116.33759914270397,47.114494242731,36.58933133934995,0,115.3245409209933,3.5907405086435364,1,0
45,0,青森県,26.112774482617457,143.97961005633988,162.93255908992725,41.28141632021129,10.804692658756506,1,91.56072910387455,10.0,0,0
54,1,愛媛県,24.15088923517805,89.08004060559482,60.496029871994175,40.731998286288935,6.798400150701451,0,71.3075305929498,10.0,0,0
63,1,群馬県,25.236646289820648,110.39929769559913,259.4496402026186,42.03546579154242,40.73490502114883,0,110.43378321272688,8.765595295844562,0,1
61,1,秋田県,23.565642494701795,127.8435021520604,146.60406649957477,41.8014545502985,16.080216746830892,1,73.32378790453136,8.866618312445096,0,1
64,1,静岡県,17.976293342021012,133.63483295200012,39.77276167682411,40.9519074829877,5.208928367833313,0,104.15563132011219,10.0,0,0
53,1,福島県,14.345266280836649,121.03712878925815,59.87344033957591,65.41915293250123,5.898744423461162,0,89.05960639381078,10.0,0,0
47,0,神奈川県,16.408785950177414,133.48190084146475,29.93219943638281,41.39292957397677,20.2288727044694,1,95.63532223057382,10.0,0,0
73,1,茨城県,20.827021744172953,146.87388655887543,49.274758259262576,42.67953927366988,4.167913065061019,0,63.40545206356563,10.0,0,0
42,0,新潟県,30.790049833186153,131.7234332215391,64.07140811878,40.91881407234618,32.94161976924101,0,92.74310589988463,10.0,0,0
42,1,京都府,26.483956329515777,139.790421497908,142.73001598094248,49.93619125180746,28.051439277477098,0,94.0781580771657,10.0,0,0
48,0,和歌山県,19.317901606874265,107.35940488629764,25.27536629927682,41.60231932576378,2.0333648728124207,0,67.1435813268987,10.0,0,0
54,0,千葉県,21.0712499651648,102.1750761998874,53.78423530060372,40.59673561337403,6.90808917641005,1,74.12570401339205,10.0,0,0
70,0,大阪府,22.598121947955473,135.82292955705654,184.9536082665937,56.56303834813324,22.50576825841686,0,105.96581658400964,7.120079878448933,0,1
49,1,京都府,24.512672531818204,130.524139141239,118.79294735636921,63.25926620347324,48.39019816395276,0,96.02112963724258,10.0,0,0
50,1,香川県,28.120270024682448,149.61675670652698,25.288689171437404,40.812188170927605,20.97756837985927,0,114.51782638536045,2.3416386742592086,0,1
64,0,京都府,21.355014279202567,75.15565824066606,77.32830176699815,50.69030448516156,30.840646954474238,0,105.29255570191104,10.0,0,0
72,0,福井県,25.09987881948532,134.71211849820838,50.97825221899133,51.665461890887244,15.800557368090587,0,86.06638645893567,10.0,0,0
45,0,沖縄県,25.20930729686565,117.70575742976769,52.04309248798216,41.50481938539924,10.620684361617,0,103.61762083406127,10.0,0,0
70,1,山口県,23.093573409000484,131.03015783622632,132.83295598167177,63.47266211907975,26.716529488692203,0,106.20119024326569,10.0,0,0
46,1,福岡県,25.678389155340334,118.73628551397216,67.32824560287034,41.52812344701517,13.398619133480965,0,74.4491288820719,10.0,0,0
61,1,和歌山県,21.844337181519254,143.31893656949146,178.13818503338805,41.937855917066,16.398996639266496,1,81.10312292228961,10.0,0,0
55,1,東京都,20.47913325541526,124.21584770800804,71.2360042026897,41.491223049997224,15.10700471860195,0,111.63967140067048,10.0,0,0
60,1,京都府,28.111213503789592,139.1173987943391,157.69481838365328,52.58966961759761,36.139366454424305,1,91.365444223614,10.0,0,0
72,0,愛知県,23.124814433780195,148.25702237520105,75.76067690707826,40.05680691118215,9.06475034828155,0,98.87687004001349,6.551511452808072,1,0
70,0,愛知県,21.290157293413728,105.10965266624234,302.23643286106545,42.07988594521727,33.47248372798416,0,100.98788908104753,10.0,0,0
50,0,愛知県,23.399800495421545,124.95434558372575,33.792578924238576,72.14175911890142,34.877041135348314,0,123.62690432231753,10.0,0,0
56,1,神奈川県,23.018431444798793,131.42262076917046,79.19979839516571,40.83355740336273,18.398349677737254,0,90.27966936336821,10.0,0,0
73,1,神奈川県,21.0836583983711,124.15502957368847,117.97449808109481,41.48851526226531,6.23843645941722,0,106.19268397333833,0.8778952540707127,1,0
70,1,東京都,27.952426373725412,121.37225676562853,74.46655241882131,66.46523688362697,53.10725541134232,0,87.41401061244403,10.0,0,0
40,0,兵庫県,31.06468824548059,124.13245634441134,68.91809016960563,41.18830648478078,18.019814027036748,1,99.70507379364892,10.0,0,0
67,1,神奈川県,21.10973879042004,70.67812111100461,49.490238842223185,51.75842707559562,1.5707473780451826,0,75.78266654854612,10.0,0,0
57,0,北海道,20.91864090983255,121.7414579679816,63.078899731948056,65.91292857220283,30.95689416534403,0,77.05972722252531,10.0,0,0
58,0,東京都,21.91165595048607,134.79321985968147,199.02965204035573,41.731963864543125,13.704496303816569,0,105.94571727989604,10.0,0,0
50,1,大阪府,23.96534653466823,122.619806406271,71.9661590070865,49.12104786005642,42.59840576341847,1,80.51050187776985,10.0,0,0
49,0,京都府,23.389979640711033,123.71910533164274,82.50171775112277,51.27827970175219,44.187928307125595,0,97.22665723952751,10.0,0,0
69,0,山口県,26.29778284565509,134.07131672332127,48.62250827159801,42.409820535740735,17.787918306846578,1,92.82895214295102,10.0,0,0
49,1,京都府,23.4194100961289,154.6217524833642,163.50466302915802,40.50103072674263,15.206862496321941,0,102.17363077753264,3.5759622722785247,1,0
66,0,和歌山県,29.935389995016575,137.66602124695393,58.170435263824686,41.53255058633194,16.041341030465475,1,108.57768899415436,10.0,0,0
55,1,京都府,17.75847925306477,131.7886050653347,48.64124685183749,65.85546178015024,13.010143390718303,0,101.73274345298387,10.0,0,0
49,0,京都府,15.90266730192209,115.70687050470099,16.07332128488364,41.435386900370645,5.02548367535981,0,69.71387383553528,10.0,0,0
47,0,京都府,25.362999269869896,158.2719895357698,200.8246603218785,42.103146327705616,26.377919920064354,1,74.61039662428463,10.0,0,0
40,1,滋賀県,24.700870587383662,120.47868413033378,64.08278684933376,47.181081308395,11.193267440505675,0,99.03222835981731,2.4518345263872505,1,0
57,0,大阪府,11.364803647487356,92.69435697343886,31.47196705396801,41.79294260793869,2.7013437098918467,0,103.4903642875982,10.0,0,0
42,1,京都府,25.617606591586803,147.50252172799736,75.81461154281894,41.83608553169178,6.856204775338617,0,81.77999065806704,10.0,0,0
47,0,東京都,24.603933784961992,107.26114449006468,55.841071340145675,42.05582422273518,9.234787751058997,0,96.7402778157987,10.0,0,0
43,1,東京都,25.23892609469408,101.9924057681504,71.04577590669025,56.908516286087455,36.522902206817086,0,102.54724408102045,10.0,0,0
48,1,沖縄県,30.790299572683665,100.5418311520545,199.441175931733,43.70476732918973,55.64182904157029,1,72.44653299433777,10.0,0,0
41,0,愛知県,20.206806408267965,137.31231592488626,78.60591073978047,49.571810570918124,43.545246132267515,0,90.92875972158815,10.0,0,0
68,0,東京都,24.57105427128418,131.0919201875626,97.40024660507352,40.2594391592033,39.16126235218334,1,74.14184614750043,10.0,0,0
59,1,京都府,15.380096846686731,93.4715139982579,70.26322807549943,41.26879905382555,0.8245655698299819,0,76.66070730802592,10.0,0,0
55,0,北海道,19.357923226260286,107.96716114048738,64.16513536144859,46.68153266968606,3.760606170094091,0,66.90452268285131,10.0,0,0
50,0,埼玉県,26.481057820299476,121.84310558469174,117.25255429293769,36.95226557439995,7.027553863790003,1,85.9927517160896,10.0,0,0
52,1,兵庫県,21.955705573038053,125.06948166369142,62.603580684059985,41.69929187487053,2.5905676640919792,1,104.2301155075806,10.0,0,0
69,1,東京都,24.260851971578923,133.74275352391905,141.57028640017322,52.85140695743477,24.542390426235176,0,72.39425305382865,2.3384199079358936,0,1
57,1,京都府,16.18741360703696,134.9563891494491,57.91650117676545,63.66542951184219,7.876873975852082,0,86.18573463411731,10.0,0,0
56,0,京都府,17.75544708329541,109.18940931523721,53.26718301454549,42.11449637738797,2.459072390029768,0,90.50963023100377,10.0,0,0
68,1,京都府,23.36190631836125,127.84451575241067,140.23805542546148,59.51360360267385,33.31301209683821,0,91.46800404528025,10.0,0,0
61,0,京都府,22.637497234163042,126.54447080716913,53.82930718866903,40.81842125403053,20.06833452575268,0,78.47974395566553,7.068130394963549,0,1
70,0,京都府,23.655618570697015,137.99378071437437,84.28310636066337,41.38184822790539,13.533131992512207,0,70.41869334996126,10.0,0,0
70,0,京都府,24.022215691522398,142.5548648917023,263.59575908280095,42.42766415080721,10.766087480171361,0,94.58741008870616,10.0,0,0
68,0,京都府,21.298075152002525,121.87847873856636,186.4357331231811,56.94178197918155,13.818746279285904,0,99.17544726450848,10.0,0,0
55,0,京都府,23.621047342159162,153.48026057929528,92.6016759172793,41.05229037297251,10.944862205556161,0,85.88562286292016,10.0,0,0
58,1,京都府,15.930897917622916,122.57114255335848,135.37905307526762,61.682740587040094,10.325962469764933,0,94.39143318641767,10.0,0,0
68,0,神奈川県,23.05930539641881,146.46498052453853,150.37958279492642,41.578426219469506,18.956541624583505,0,71.43205926077918,10.0,0,0
50,0,石川県,22.002242764274843,109.14204942049727,177.121736379915,41.35783063175796,14.053210761695965,1,117.75820571511743,10.0,0,0
55,0,新潟県,22.07013935225152,123.41211473629593,58.86413433578441,42.49031559718357,6.575987007996902,0,90.57756046948712,1.8705971933922017,1,0
58,0,石川県,31.792892149500908,163.384681952539,84.93631279122616,41.96523199993146,30.74511440341189,0,108.12895921016346,4.779878259209356,1,0
60,1,千葉県,24.909027806212585,131.30946595805736,31.0482961606528,51.985008511059014,33.490984979107544,0,109.9708565045846,10.0,0,0
63,1,京都府,25.072425796271478,128.30152375177323,66.73707277441834,41.31412875349089,15.858945067350042,0,80.55255772698004,10.0,0,0
42,1,鹿児島県,24.637646976373187,79.13276717894882,59.214503275549674,42.396559115506506,11.03058537274949,0,69.17613594904724,10.0,0,0
41,0,静岡県,25.059241099500202,110.17923576739754,79.19614965000336,41.47501758563564,4.864618930993653,1,97.50087811727393,10.0,0,0
57,1,愛知県,18.511232682142385,126.52550246063655,35.01634634275966,40.86028103857139,2.303404858892803,0,78.19372958471152,10.0,0,0
44,1,神奈川県,24.2331678729354,119.23933596496303,104.98384370263308,44.35289706326437,14.163897911691363,0,97.49962950795907,10.0,0,0
41,1,岐阜県,18.47017592339926,132.27224295024507,52.42630489957285,39.54511158840789,5.18688656244168,0,63.2883965847571,10.0,0,0
57,1,山梨県,12.457205130857927,124.8051834159394,15.674992874844524,69.37300868499565,6.574452904435683,0,82.92947604592308,10.0,0,0
59,0,東京都,18.39702571777115,144.87092692399855,55.682058081521305,56.467731626538026,22.50231412145604,0,93.6862471983604,10.0,0,0
43,0,神奈川県,28.183955053362475,135.40407205953326,84.9689166654266,39.85916791542188,3.4351209819132884,0,124.53661508673648,10.0,0,0
42,1,茨城県,22.184348834821847,145.31362401566602,93.60614073161831,43.006718397122945,22.293614041197962,0,106.21260631895868,10.0,0,0
43,1,京都府,26.369197993302535,108.98659180696998,74.5610206819464,57.232453800853506,26.843605904321407,0,91.51521034415497,10.0,0,0
70,1,岐阜県,27.136180051353186,126.00496351479516,186.11814552838817,49.314028909583094,104.2253998202074,1,102.54611005531817,10.0,0,0
66,0,京都府,24.021694596516486,149.28755101201241,213.49676930376762,41.93909594319835,33.47295483345277,0,102.16848966712347,10.0,0,0
60,0,千葉県,22.088828362056677,111.80035342654341,41.45203392653717,71.87350580197935,5.549476399215918,0,91.46220248820407,10.0,0,0
46,1,京都府,13.815094418998068,92.3064213560979,367.0772530345164,46.865171984605375,21.083711373320806,0,93.75470451760101,10.0,0,0
66,0,京都府,14.621030513660564,102.99434082989549,102.16627456419211,42.5414273864557,11.652298323742887,0,98.28186053750872,10.0,0,0
47,0,和歌山県,26.154769528341077,128.8103410199403,255.23998384175735,39.92454883650118,5.254626045360726,0,120.40886775837275,8.703647618953523,1,0
49,1,岡山県,20.46774772311795,138.03483214711267,48.13509510167085,49.69953376094123,1.4287590029679187,0,74.57959113263601,10.0,0,0
54,1,福島県,15.684290662473932,103.52058742639467,10.086624728629298,40.83898824281717,1.3800772934737775,0,73.33647890287452,10.0,0,0
43,1,山形県,24.78675623677169,104.81193001459637,124.41528349610405,40.81104593426918,10.609264414725727,0,100.39413122563714,4.243523190098563,1,0
63,0,愛知県,19.69231601016594,137.87137613236578,60.12930482359171,71.83510225762305,11.890691472596618,0,90.11902188167197,10.0,0,0
74,1,北海道,17.976695530305797,136.11663834760017,38.332480943179725,41.9493712629134,34.19616292181156,1,90.94168532809022,10.0,0,0
54,1,京都府,26.93220393231702,101.20175266590874,148.19190584153284,42.2642793188315,17.211060335338974,1,112.59208149506955,10.0,0,0
72,1,京都府,19.63203771267163,124.92440253555395,23.161561865568487,51.676163879036885,8.372861055340035,1,92.47930517664098,10.0,0,0
72,1,長崎県,23.248292687097784,131.41613174692625,61.44941042741135,42.647548297960235,12.114398149436655,1,80.4043794427397,10.0,0,0
55,0,東京都,20.982489159928047,109.18061219658055,48.61432904178308,40.66835437908599,2.487778149032577,0,106.22967126883222,1.116158496409046,1,0
73,1,千葉県,23.447407998251894,135.26818212513936,158.1606351772331,41.5861135965136,11.016751137938867,1,83.61329671248588,10.0,0,0
45,0,千葉県,20.31145472195484,110.1966776700195,55.686908851937076,42.32211243925472,26.414658106182717,0,108.80673973653785,10.0,0,0
62,1,京都府,22.368660255773182,117.3550386596891,84.20993255782325,41.66722356409088,6.442118576025623,0,92.34830709239607,10.0,0,0
46,1,愛知県,17.968831994948044,131.11151301219815,67.99787140282872,54.55580107321344,7.993188179287785,0,94.03632258670974,10.0,0,0
69,1,岡山県,22.201610754646616,116.03205330308354,36.18460301628314,63.87701223557359,4.461668361099813,0,75.74686667525363,10.0,0,0
48,1,京都府,23.507091776972064,148.49173137468412,48.613212535038215,47.23694535413033,31.44221033653111,1,76.88326129959763,6.753676540225405,0,1
59,0,愛知県,20.013549018251677,129.2783906623363,58.6894142246447,41.470380775627454,5.5409703626516,0,87.74897514667013,10.0,0,0
66,0,鳥取県,17.673999371345392,106.77812390530397,90.69409792912695,42.86108123761798,7.241130494628077,0,65.80282594784376,10.0,0,0
58,1,京都府,20.642041963455608,89.58798949112683,36.56388887227855,42.584598495917696,8.55170214592926,0,116.79898025195826,10.0,0,0
44,0,広島県,27.14968182548844,132.15247169880345,91.03726598845627,41.49616566156129,23.50964157464483,0,93.30604024555001,10.0,0,0
72,0,神奈川県,17.66588121717356,105.94709459033206,20.727895008527653,43.01401516610296,1.177545366782605,0,84.48783648931375,10.0,0,0
44,0,滋賀県,16.67082815846585,88.34743103615035,10.600874781272404,41.86655840708408,4.0037165817157705,0,72.42882064063696,10.0,0,0
64,1,熊本県,28.03102159965402,129.16525577494718,52.4182443299688,60.64768828046369,17.182287727191678,0,101.18410009788293,10.0,0,0
70,0,京都府,23.419759878941115,148.92956513917196,169.12004842623372,42.2717680112668,6.867311921896899,1,68.93004796132486,10.0,0,0
47,0,京都府,22.47331301066275,132.57835628352282,53.29506883509831,41.35221751054921,9.380819995828386,0,65.86135112780524,10.0,0,0
40,0,東京都,23.933064804907204,109.96805227020258,84.20608539565077,42.352788164089084,27.260808899251142,0,81.81111538548788,10.0,0,0
45,0,静岡県,19.516383965725506,109.19152158718067,90.73347309512661,66.06870406159413,11.598141963727302,0,115.4895204880743,10.0,0,0
44,0,京都府,25.817652011879158,105.989573980541,11.900355866217643,73.03385233473438,12.720829532726743,1,109.5345565535963,10.0,0,0
41,1,京都府,25.881664270878826,110.18059832575814,158.65430098523166,44.48263236733953,20.93482729953792,0,90.6986932324466,10.0,0,0
42,1,山口県,23.448601351152025,137.59523067168928,42.837990223726635,42.016848046165286,5.283389588206495,0,90.88331437836952,10.0,0,0
42,1,東京都,22.11167679642187,123.62074421291327,40.392145785979736,66.19205889194872,26.51961947286771,0,98.14125892409493,10.0,0,0
42,1,千葉県,26.600430091086746,144.8475811844791,50.81038660443278,41.812433563061546,38.849996707858416,0,105.86374515931813,10.0,0,0
49,0,千葉県,20.110153907771057,147.71369125380636,27.210406016679304,43.7067014187584,2.6751847381243405,0,70.52287404213673,10.0,0,0
49,1,兵庫県,18.445294924410256,139.94241862901734,235.36544165307495,59.95822474094362,9.995960544679736,1,97.8191839234809,10.0,0,0
71,1,東京都,22.5142708353888,131.30248811009466,193.63344879785683,64.53221025759427,36.82273681529673,1,106.7815003927861,10.0,0,0
50,0,神奈川県,21.149978522131274,100.61575592898238,38.194506001783715,40.416586797369376,13.770187752473337,1,81.19960189799482,10.0,0,0
54,0,大阪府,18.67733911471406,123.52621756916572,25.47903964792457,42.72703384387446,6.1480763717774725,0,90.7980791568611,10.0,0,0
43,0,福岡県,34.68257536738942,175.769549086166,192.8891954113511,42.364584706719775,22.380164482322098,1,90.13598799881406,10.0,0,0
42,0,京都府,19.566257668460413,119.54301291203721,51.243947478807186,42.253394156371606,13.671352083480327,1,68.54129668087288,10.0,0,0
45,1,京都府,14.227967908044816,111.8858019456111,35.87352079860675,40.93220856183255,3.3158895243897453,1,60.768217129492946,10.0,0,0
63,0,沖縄県,22.724038870239635,129.63001930523671,268.1854730185885,42.14497567509071,8.87535872371694,0,112.14731074688379,10.0,0,0
63,0,大阪府,27.959622141230405,135.55636765454304,130.80147065261434,47.6147389956179,32.07392102326966,0,82.93070306206906,10.0,0,0
66,1,沖縄県,23.45072492460136,127.10540281863265,344.1008196059081,65.0569652220916,142.30139249668747,1,108.01602282557776,10.0,0,0
57,0,京都府,19.123544010215397,102.5446030908999,60.525188278984324,44.6260444665369,25.901416747532814,0,90.70322666987467,10.0,0,0
44,0,奈良県,17.205015377448536,100.99050419565827,27.689588645649554,41.222369265256035,2.0335737823490705,0,75.0646402612677,10.0,0,0
49,1,北海道,23.435680004371918,127.741280662792,33.553330537201845,51.97541617583343,7.471814997281979,0,78.64492738031647,10.0,0,0
57,0,京都府,20.057382597733067,104.75860397996334,44.2597863330863,53.69568605836499,7.395820338821059,0,81.399902750481,10.0,0,0
66,0,京都府,25.763185575180177,144.43146740829374,450.4954481391093,46.3536948195161,36.78762947029565,1,111.79780430447339,5.2467403563395925,1,0
72,1,神奈川県,25.941254193117842,152.06370994698557,143.93739423206995,40.30195705633464,62.014087769835356,0,96.49127735261264,2.015467790913805,1,0
42,0,愛知県,20.164163955200184,129.04510737709535,90.71586933678735,42.01790712047206,44.67115693925652,0,103.24066956380418,10.0,0,0
44,1,岐阜県,23.05879540691227,79.42002414925423,71.5807399179058,59.835571226641626,49.01810255789697,0,90.7422037464872,10.0,0,0
70,0,京都府,26.461314948478574,129.314754557356,44.20404183164581,49.792821737379846,18.937056671193414,1,95.8649842437432,10.0,0,0
72,0,東京都,25.47790513922952,134.226879900442,84.9140623122606,64.35327761033261,8.381616833268298,1,98.5389664794561,3.8813409585450063,1,0
53,0,神奈川県,23.340885840869994,157.13464315920731,21.865407882273644,66.05437231524736,20.301807963580032,0,76.4575856246727,10.0,0,0
53,0,東京都,29.60352363838347,133.60210383627,157.17298680214915,35.318744030246606,20.97430308221753,0,92.36873169915025,10.0,0,0
50,1,和歌山県,21.504968829994382,123.36310781115375,54.435399751490465,53.47879837555151,19.730495353528994,1,87.1374782171804,10.0,0,0
58,1,沖縄県,23.407671630404888,111.81011078840262,52.779454409986386,63.6692277712693,59.36765641282292,0,82.82266317447161,10.0,0,0
54,1,福島県,21.491690825238198,116.53162995547031,88.4426114288383,56.40686090621171,25.910836449794644,0,86.69105003391319,10.0,0,0
73,0,京都府,29.252899027158115,123.65573705525313,232.37115956971056,41.141313315531946,26.594914934969825,0,103.57776830106143,10.0,0,0
70,1,東京都,24.278077841391625,130.99400001331236,63.32007329469921,42.055800139989664,4.7167847948426935,0,106.24277045665421,10.0,0,0
56,1,愛知県,33.045845441512206,164.70266594638096,124.84916217984983,40.8303028740035,59.43583682317467,0,112.31046706405525,10.0,0,0
42,1,京都府,27.262006051741313,128.8555329428396,34.32197915112435,41.446397276104356,26.587207692146265,0,114.51812491034443,2.030874977787754,0,1
49,1,京都府,21.172770853706766,102.47869995194581,44.07365974902461,58.772013170902014,20.940489710173345,0,85.82816920401585,10.0,0,0
65,0,北海道,17.593300101293842,108.94405225145013,129.58889178505095,39.477641379935164,10.564782638419315,1,102.38855198657203,10.0,0,0
49,0,長野県,22.094208231928928,125.05922240421351,71.40599888741151,62.36028388035186,16.737343862879083,1,106.12097427022431,10.0,0,0
42,0,千葉県,17.64477396216586,88.15604790910132,9.162690578240577,63.86168288698357,0.9705972303270602,1,75.34255919613031,10.0,0,0
49,1,愛知県,30.19054126664189,109.61193446944291,75.95626411497597,46.88635981006891,14.046242043329194,0,82.54661680047107,10.0,0,0
45,1,愛知県,16.93831187813027,57.56047833493316,98.6191328309944,47.811944891924384,5.800174743252875,0,83.12914811189297,10.0,0,0
73,1,大阪府,21.37675029853436,110.43307322173354,69.84653651862554,43.60858527084662,9.906044715661398,0,115.78809031073013,10.0,0,0
60,0,神奈川県,21.32070993614844,124.31101830823718,124.84793997132552,33.04489233432394,7.874694428885624,1,81.91548083668819,10.0,0,0
58,0,静岡県,21.49056256398503,161.62565409447694,214.30428902394902,41.64256522105868,7.982495419601475,0,118.43972022125241,9.645792264258855,1,0
49,0,静岡県,18.144252963373226,111.19600615592033,33.975153378145386,40.96715712437253,4.897028823088939,0,56.3334218489193,10.0,0,0
70,0,千葉県,24.625065799228945,146.11535353260305,127.02567528977401,63.13447918631548,59.430818888149126,1,119.54210874390122,10.0,0,0
45,0,京都府,27.795130089464475,110.69217122180171,40.11725415226668,42.845228011225075,16.657565536166523,0,68.22250043596283,10.0,0,0
63,0,北海道,28.670748664183606,125.28124372540483,234.9883159489159,39.16925771093198,17.521925076562386,0,118.9261890550616,9.607729297872437,1,0
55,1,京都府,23.14267902748561,146.9708345187733,165.31801829989482,71.66891302911331,20.95372756493083,1,113.81115638360612,0.4030035287102581,1,0
71,0,千葉県,21.50327166262169,114.53652460717181,91.06178153527541,41.14948365495909,18.1099068431042,0,118.15735242299279,8.058059570852508,1,0
53,0,千葉県,19.220793753210444,118.32402120382308,88.9110188899246,64.53323597969785,10.563534599297805,0,68.45555810152548,10.0,0,0
71,1,北海道,23.383182480169804,151.94944140147857,110.65543375470003,56.88718283519211,7.570894929633251,0,78.98677319513575,10.0,0,0
42,0,長崎県,22.464897280982257,138.2382422514152,54.31607363151587,42.06651982640601,19.671865712136622,1,71.67564314557536,10.0,0,0
50,0,愛知県,27.427438636473084,150.95140039036556,112.79809215786844,42.7829768939561,42.433463601468894,0,96.59879069753624,10.0,0,0
49,0,大阪府,21.50529099122669,132.62076793396957,25.297736288998973,54.745658390859944,7.350395018824395,0,86.13734288991283,10.0,0,0
51,0,京都府,13.337416912560224,125.27885020483707,62.03652940235152,65.59958700402544,10.450422817914538,0,80.65859737078112,10.0,0,0
43,0,神奈川県,25.13903383791924,116.62375435616019,142.60459696144395,41.86490189050079,59.43181394008344,1,110.9838542647924,10.0,0,0
48,0,東京都,18.956131133929674,120.51939741203952,121.68921907720414,42.77356591845116,12.384662421257705,1,72.7676718469907,10.0,0,0
72,0,千葉県,18.126722235634684,121.02873269819995,66.50709073722754,54.462531496486754,5.953711802299627,1,78.41509718183741,10.0,0,0
51,0,大阪府,20.625503742796162,134.2123597182897,90.0119544382817,54.48641405287594,13.2408878113866,0,113.47300130650797,10.0,0,0
66,0,山口県,18.512242366581226,97.60600209380058,19.083157162908392,47.24077355289447,18.4666419820368,0,70.51904894655449,10.0,0,0
46,0,京都府,22.315707704197525,98.79419926545506,26.614445365735172,52.38059219187291,9.288179256888439,0,65.30350752320514,10.0,0,0
58,1,栃木県,21.57217959619825,99.49028913818408,83.27788962248458,54.901737303362225,16.321977334097483,0,90.66208588397204,10.0,0,0
44,0,岐阜県,18.481658290833288,135.7602030334535,77.00193470515183,32.09415482447237,3.9602943431250948,0,113.43475880820866,10.0,0,0
59,0,東京都,22.78098387367483,133.51711887715226,200.56314471028597,47.589737922005526,19.663834214840016,0,113.81867046761951,10.0,0,0
68,0,沖縄県,15.558451833723824,106.63915050382393,46.39112452574306,48.52539409274178,2.3378732523145787,0,95.20830664554758,10.0,0,0
49,1,京都府,25.66624030177666,131.9099602335158,60.12838812293541,40.075085156395026,8.524513815531401,1,79.91458093978127,10.0,0,0
62,0,福井県,24.817959979435006,122.80437319377384,324.27383495682756,42.72875694583232,22.88481405513913,0,106.41545516451798,10.0,0,0
62,0,石川県,21.536623927624508,119.51380203717562,53.27079678784003,46.849947221538514,2.8264926619227193,0,88.65559656308422,10.0,0,0
52,0,北海道,22.19138756782041,139.7630369416258,54.3740067586639,63.83747868486498,32.3344921498474,0,75.63685281540947,10.0,0,0
71,0,京都府,25.39245823505572,130.5522700374445,90.35908375818394,50.64720549165912,12.389185942734388,1,95.40297528503862,10.0,0,0
66,1,京都府,22.033322926809905,152.72211936102352,77.554100842633,43.330611282892754,10.43857130932321,0,88.20564446471704,10.0,0,0
47,1,青森県,27.58103424865958,158.99753157385098,154.3480661950871,42.0665547914311,11.046120958880936,0,102.51685053132098,10.0,0,0
57,1,神奈川県,24.90244422523264,104.1338990169008,77.1174442573364,39.182666457209564,13.638074266177238,1,89.2706251817694,2.975954741353627,1,0
47,1,新潟県,25.15434746462763,127.68939507048663,131.46492109444398,42.238702598623,35.617242725451305,1,86.19268896991785,10.0,0,0
65,1,京都府,27.745649128913428,149.4694596648769,364.00414339714274,49.989895729979374,42.50865540471694,1,97.8778769253422,10.0,0,0
58,0,新潟県,19.514386830177852,100.96389505222271,149.72355909292745,52.470917829000406,4.0639772884857885,0,81.15837807766087,10.0,0,0
43,1,福岡県,22.087999052860184,115.13701478617382,48.05857121797696,55.503230874028546,19.381743669268488,1,97.47832792974474,10.0,0,0
63,1,沖縄県,19.788939255080983,121.8780007308351,109.58756125767788,41.31359222631115,5.56083248332028,0,106.20004312829677,10.0,0,0
44,1,高知県,16.439467767799812,81.00660409647985,38.27282625125581,54.486335336240415,5.342927855261444,0,73.03979711804156,10.0,0,0
51,0,沖縄県,24.468641048568458,115.46401039272905,67.28084780642446,41.109712603420014,2.4381612563114285,0,104.47319552677894,10.0,0,0
49,1,京都府,16.635095960353055,153.64692739827936,52.14797741166622,50.95417351057286,16.481120136190093,0,100.52601204200433,10.0,0,0
46,1,福岡県,18.420460110934997,86.649036407047,26.792226555767893,69.49133483218141,14.221913655408883,0,90.29486733825304,10.0,0,0
53,0,京都府,31.73009318732959,129.30596529823276,154.54858218790096,46.93824161021687,24.729218578158424,0,68.28539757981395,10.0,0,0
74,0,愛知県,27.361186645456854,145.14181212331184,298.87993127477597,59.51846376837689,21.930129680847013,0,109.1546945037189,10.0,0,0
46,0,埼玉県,19.983243686809644,119.55786687786423,124.84324555885533,60.07215895633264,18.83012988486861,1,97.08604060306163,10.0,0,0
58,1,山口県,20.264406688365717,135.75208362883416,180.6735505719736,51.66083609935224,10.322753328444314,0,87.97938278054102,6.249323340168231,1,0
47,1,岡山県,25.555483941428935,122.07171519908628,125.21262973127757,52.47464604501542,20.27962703726844,0,105.18305551045248,6.242263907050672,1,0
74,1,静岡県,20.641584434982924,125.32088971274392,53.30092163046542,47.59457545827708,11.369619458648419,0,96.48853129644739,10.0,0,0
60,1,京都府,18.445448555472186,127.31100239738745,203.81989539634256,45.14492457874959,18.37276221904423,1,102.40552243923534,10.0,0,0
49,0,神奈川県,17.976536497334955,112.30085447710935,126.75585312224683,39.22764817999902,10.69546183850544,0,80.34587249800799,10.0,0,0
42,0,奈良県,25.653525391223273,144.98993747763978,66.34590456898172,57.80782283842953,33.8182856665406,0,116.95116488288406,4.257430200863716,1,0
53,1,京都府,20.24977037226521,109.88720858085038,32.86429560254136,63.12103023426482,10.517550644100629,0,80.23343649907464,10.0,0,0
56,0,愛知県,19.98756795370167,112.65092538526598,61.37592298294266,69.29913497863348,14.195220729578196,1,95.57649409151688,10.0,0,0
53,1,京都府,25.208925678798888,114.7888117271586,64.08487685400506,70.67601410541285,61.654302563127,0,123.67879562261933,1.1847899238698836,1,0
64,1,京都府,24.540041244984316,135.15293437774082,177.92087503462022,40.602769356757314,31.53600502473062,0,92.4670346641433,10.0,0,0
47,0,京都府,22.97662887257023,135.87852506243456,58.31414327342311,41.371201725240645,14.467666441548209,0,90.15970578109214,5.608154153288763,1,0
42,1,京都府,22.926714487369168,108.38281563216034,54.435979286895595,41.47645954281617,8.474374641424399,0,86.6913781829597,10.0,0,0
71,0,京都府,28.359894980698396,126.07848675609583,320.82125674332354,41.03801063538799,15.683349396490861,1,80.83228753453686,10.0,0,0
44,1,京都府,22.36155206689026,112.5360916572009,24.825632962235982,50.970161272690625,5.057587598084445,0,80.8754062516154,10.0,0,0
59,1,京都府,21.574548718862985,131.91346238176402,212.5034630385452,41.49341566383416,41.40199180474904,0,96.8391749192311,10.0,0,0
61,0,京都府,20.666899034018858,131.6765142773163,153.0759554455946,41.39484436525896,43.51249286735145,0,91.20238463429054,9.101108138774945,1,0
74,1,埼玉県,23.672379269381096,131.89136658413724,54.50984040383841,41.08044508243699,11.375526659529068,0,80.87161559132271,10.0,0,0
70,0,岐阜県,24.252282526719764,112.6434650808256,61.97493991430644,42.18846710181622,0.8480387235469532,1,90.22878427839606,10.0,0,0
54,1,島根県,22.903659025381042,119.69169037007838,75.94271996497652,40.49359060674564,6.8415678983799975,0,79.14772836566218,10.0,0,0
71,0,滋賀県,20.36657087098171,120.25294357869483,43.56220139972561,58.56097029394587,20.22152267736437,0,67.9908700906224,10.0,0,0
65,1,京都府,26.208416054672544,158.8547812207702,113.83801150209364,41.33556715119303,9.467052064011407,0,108.31614136208617,10.0,0,0
52,0,福島県,22.887800280524875,108.99527785627751,100.46249378861148,42.01086051298615,9.459668536799613,0,77.01418097070845,10.0,0,0
63,1,鹿児島県,21.477199978621687,146.5905343785616,67.54593972195909,42.56183167647198,23.62817145763282,0,86.06676620938892,10.0,0,0
42,1,北海道,24.007041071314784,134.95871445339327,207.0868416135901,41.582201430864274,33.41472389080458,0,115.53345409412249,10.0,0,0
50,1,北海道,24.496367422998194,135.08819049001852,26.787511362653795,57.7026675622493,16.323858268366475,0,65.54551847966302,10.0,0,0
46,0,栃木県,23.92728033002437,118.0910442996336,120.58453794254383,40.75109608263088,3.9717279565698065,0,103.17470311718354,10.0,0,0
70,1,埼玉県,23.46161213241965,135.33885540043855,170.5012929954781,48.20355704132173,10.574888220246601,0,107.47974047637406,10.0,0,0
50,0,神奈川県,27.101869182642783,122.48982441082141,103.25828560259068,40.75042586742649,12.43624472434261,0,77.83227014008341,10.0,0,0
48,0,神奈川県,25.634021667134927,112.13140424817057,232.2569789814787,47.22745938211301,19.715122271368756,0,96.46839291082824,10.0,0,0
73,1,京都府,22.65485346781952,137.615195135143,91.90888041687505,41.11567345660952,9.491510143790325,0,111.64147422130002,5.7649349089189235,0,1
68,0,神奈川県,23.409765483992967,145.90022268339516,53.07508126280281,40.650904099623034,40.166694872546,1,83.66653516937009,10.0,0,0
40,1,千葉県,19.23344873108772,110.6798697485667,76.87897899408131,55.15186351214239,40.12074334914087,0,115.32222716809802,10.0,0,0
60,0,神奈川県,23.461754242554807,144.03300339456092,38.01685700519287,51.98696615717543,7.946637935389494,1,115.17966350709779,3.0503966361119326,1,0
70,0,東京都,20.869919690132484,131.16070804461924,128.30841713990873,59.08592876416167,27.282665586011092,0,105.8684979775425,10.0,0,0
43,0,岐阜県,22.481887995982262,119.8264128652473,39.27625639462643,61.15247210744883,14.089683951579135,0,68.54303382878416,10.0,0,0
50,1,京都府,15.754091621513309,60.88488238004437,11.296152637282109,40.605422466768296,0.5787111721196829,0,68.06541756027535,10.0,0,0
73,1,京都府,24.48959542707683,124.9638121349803,163.91509588525858,66.63863385575065,38.026451051175464,0,123.47339582682253,7.134096964573678,0,1
42,0,東京都,18.998495449084963,78.54090835840182,92.84668174326633,61.289414381132,45.45898711112408,0,91.05970798445827,10.0,0,0
54,0,岩手県,26.472593899565865,127.51838513318928,159.44443085895745,42.13475351362553,52.81424412244851,0,94.27077047587053,10.0,0,0
53,0,京都府,25.139027792133135,115.99070878843852,99.13473466666224,39.37768911330143,54.80442438313168,0,74.14598644585234,10.0,0,0
73,1,京都府,21.586511808623793,128.53626974329347,97.83695428719979,50.99857679057939,30.620774989466856,0,97.54357402782156,10.0,0,0
43,1,岩手県,21.345250250814193,93.47212477801337,20.713850800354127,59.10113741167848,1.443930004765769,1,61.25206414542893,10.0,0,0
50,0,京都府,18.951514242529772,96.1899840847439,22.057736838576947,53.70643196676524,9.793476453829067,0,74.30790871954676,10.0,0,0
73,1,京都府,25.6476136836921,135.71604217161902,52.14197171422333,42.115787669256385,8.193424308542923,0,114.2947528941163,2.0314736585029882,0,1
43,1,長野県,26.07268662921357,103.5765691680644,265.01161235977395,40.288056981983374,44.66785569291031,1,83.77677209187895,10.0,0,0
41,1,熊本県,12.823329587936772,89.58697053125395,39.42837218849703,46.89716330669956,25.773957905144226,0,88.95408532479442,10.0,0,0
45,0,東京都,24.490585826899803,107.72766181863605,28.7987239728848,42.416943492920524,19.99852235247826,0,109.97287531989117,10.0,0,0
42,0,愛知県,21.235467588598944,113.53462743247908,73.74810811094622,64.26989745016611,5.8140808472905245,0,101.70239200656235,10.0,0,0
69,1,北海道,19.506064713178134,146.96547220699014,123.5366408855326,64.57614799522024,7.186051986909309,0,90.50727210387797,10.0,0,0
68,1,京都府,26.34667901821031,149.34449259389856,85.01268811162933,41.3526111410327,19.716345537035565,0,107.47803405679107,4.874680039711358,1,0
68,0,京都府,26.334751684301793,142.5639268991938,85.1632142021744,41.77032805438218,14.091915739472796,0,86.68840833352007,10.0,0,0
60,1,富山県,23.16823205556352,94.6400192632536,94.42344939267159,40.46319681257241,7.88075128477661,0,80.85651508153467,8.85617624248614,0,1
67,0,大阪府,25.0577375251931,154.6318337793595,84.47592136559206,42.73300186826457,18.381282050328668,0,123.05840877925756,10.0,0,0
66,1,兵庫県,25.905452487105062,150.8657148165717,362.71490737640534,41.8373676043195,16.030487337198696,0,107.1026744559389,2.447263447914342,1,0
43,1,宮崎県,20.713695661032602,109.87796018123765,30.57960650470107,42.56358070171786,14.18498903107774,0,99.12666670916333,10.0,0,0
43,1,兵庫県,17.264698124908396,106.64098764139632,45.47425643208845,54.674993430876604,10.512372853311113,0,70.59971179358568,10.0,0,0
67,0,静岡県,16.054940251089537,134.23629306169363,103.95967362506822,41.645321263880895,28.065368361711975,1,75.9142493920734,10.0,0,0
54,0,福岡県,23.52252881240439,123.14432984241124,90.48269231676805,56.94257126596277,14.048530621426726,1,116.08002525259,10.0,0,0
60,1,石川県,26.53502128833501,112.76298450899722,58.17601144650667,41.14058934507895,7.103707553584968,0,114.48906528643616,10.0,0,0
55,1,京都府,19.430018441966656,110.7100032936363,37.98255577327119,56.09704003457017,25.898653218454516,0,105.66742209348536,10.0,0,0
59,0,大阪府,27.20691016286674,135.24727468816585,52.20012484901531,50.54783802728225,4.952223989103603,0,86.80489021725246,10.0,0,0
66,0,滋賀県,16.48010383322922,114.49352734960017,83.24043477389681,66.98333382758291,20.48480479794044,1,63.5029232938168,10.0,0,0
41,1,奈良県,25.476267531158697,109.9879139692145,147.59511496770767,41.553019569117694,44.710121638925,0,95.63573985797379,10.0,0,0
56,1,滋賀県,24.491486754919237,112.740605381448,233.58681338166738,42.647305922247455,18.438915772279262,1,81.77186860625977,10.0,0,0
68,0,福岡県,26.34627200389637,142.1362961079356,359.22623991891436,41.49492548976333,18.83733404065919,0,83.91570974468414,10.0,0,0
49,1,京都府,23.684222736962834,84.46502895956023,52.32019574750445,41.92089905055734,36.80127317584364,1,123.62685264801837,10.0,0,0
57,0,和歌山県,20.190477957304342,132.4789389389854,88.49185830977302,41.70536746998043,1.975441312772379,0,86.65356763043428,10.0,0,0
67,1,石川県,21.18079677438614,118.99175868991385,63.07788101469891,43.818238890649425,17.871360362300987,0,105.65402909446463,6.339139281812081,1,0
48,0,静岡県,29.6718025905457,107.34686350783706,328.3121896123942,33.16264753789733,21.375503881274703,0,95.63624486912319,10.0,0,0
55,1,栃木県,19.237539059242124,116.04473839433544,267.9668063486108,42.47912906069069,5.398947684432481,0,79.67173666101078,10.0,0,0
59,1,京都府,22.517211458689072,138.07787138924118,12.264765120014248,55.74514198727024,2.4673767080630693,0,87.953816903439,10.0,0,0
72,1,京都府,18.628420691397977,91.15251625921867,96.31170742498453,41.1709578667748,17.815862887376813,0,94.8909557396954,10.0,0,0
42,0,京都府,24.919766361419217,138.70425678425715,109.62082711353112,58.93219729995838,20.8732774235518,0,100.18063657882175,10.0,0,0
58,1,京都府,26.47790602027502,117.75768366392711,97.40397064837268,49.89770284815914,29.853440216850693,0,108.94151360573501,10.0,0,0
44,0,東京都,23.339907853142595,111.05551332522099,36.04344736959564,64.35174786138822,26.590607836459707,1,75.13492080839453,10.0,0,0
46,1,東京都,27.176429363088985,123.30343397347256,125.90082892755973,41.850796354686736,39.125148767398734,0,102.69041842908943,10.0,0,0
58,1,京都府,23.93438903935425,108.06846300193821,91.6184972704935,46.81957174861803,10.81330319889119,0,65.81528615735562,10.0,0,0
42,1,山口県,23.141117120795258,128.57898011682443,13.65084364073966,41.65252485340954,3.8998949673985335,0,73.57737797592871,10.0,0,0
42,0,大阪府,25.398686102082618,111.01373006994024,128.30952594786896,58.232759895543026,54.57460381451353,0,94.83596999876467,10.0,0,0
49,0,三重県,21.36220494473458,89.77162085619759,164.7191749785694,39.28673965684357,36.47656224469016,0,97.28021721109306,10.0,0,0
55,1,長崎県,25.137640898134403,121.7279861995393,31.364301313916123,54.24219298991202,2.034761028936063,0,80.6507644244381,10.0,0,0
53,0,栃木県,19.379107093006965,137.85229935129138,23.647773748402173,48.84948092556677,9.110731868089823,0,95.2591093904197,10.0,0,0
71,0,京都府,27.795124457238835,152.06352499555726,144.46915292556272,42.53474536504226,7.379871272180698,0,75.37200413574712,10.0,0,0
45,1,京都府,21.26966632270903,119.91781630208159,27.42618439516121,41.37948079147079,1.975962658132154,0,81.20941462317575,10.0,0,0
42,0,東京都,23.2612760891321,91.14396916074699,46.10445716525822,40.710814583477635,12.792314571732845,0,95.28076051379809,10.0,0,0
47,1,東京都,22.410042170208364,123.52623310790318,16.390177318439658,47.32288930694677,9.855560024337652,0,86.06481141200837,10.0,0,0
50,0,三重県,17.25912413061371,114.0369579579388,75.76000236140403,41.8572793521187,5.581843885713086,1,89.66532582807143,10.0,0,0
46,1,京都府,29.637564497976417,108.49956102950671,42.3200536657156,40.98594302732019,13.644552948468787,1,91.17704136225832,10.0,0,0
69,0,新潟県,24.62085840732038,116.15958457261772,191.32847339306008,41.58573750275561,38.70401284423729,0,98.12568845105108,10.0,0,0
72,0,東京都,17.276185450931468,127.84470507697536,16.92414921692303,52.453489981085085,1.3851731810107057,0,81.40171166159796,10.0,0,0
73,0,千葉県,29.964436042269543,132.28347644213213,418.41943087352536,38.64451386820417,44.83064706325072,0,107.61099255097196,10.0,0,0
53,1,京都府,24.93203069996802,156.75763687122216,55.48611798729579,51.669248524734385,11.77847850839302,0,113.81760319103341,10.0,0,0
58,1,神奈川県,20.37284761509961,146.65206925604076,84.92610453882068,41.70394306176929,9.871831266674324,0,121.51605081609266,8.530512798222226,1,0
68,0,静岡県,24.85029645807727,175.66938583187724,163.35506269242217,42.25519316218538,18.397517914971118,0,76.19628794199431,10.0,0,0
70,1,大阪府,26.573846100710863,136.702926198346,63.27784719361084,41.507557528355505,9.81059161730292,0,113.6917664743864,10.0,0,0
66,1,東京都,18.78688394014074,158.7982141283645,134.26637794532368,49.492120573522044,44.718294028434464,0,105.39511953487862,10.0,0,0
73,0,埼玉県,24.17997171008089,133.7240935846984,69.78056344834764,41.88839351368164,15.567417329718564,0,84.19704268628104,1.009352487824853,1,0
49,1,京都府,25.995380323925687,136.78105090599897,37.50207228981057,42.17947933901524,31.8301743547755,0,84.78548691355428,10.0,0,0
60,0,奈良県,29.14307340497687,149.61224882800482,178.7286774877637,62.24194314491999,11.361418450510087,1,90.11691560834146,10.0,0,0
47,0,静岡県,17.248220731435154,88.96448986311827,31.66765893292968,41.29375204989156,6.844900475961661,1,93.68936077588862,4.742930756168804,0,1
65,1,京都府,24.90491494275328,125.42293650661342,329.3835709941417,40.690816238331145,28.069580794326857,0,96.70633297711063,8.595420963439054,0,1
70,0,京都府,21.321553508146696,106.22793801220706,156.26198190402522,46.411517299421774,14.223022944157115,0,101.54688496520109,10.0,0,0
52,1,神奈川県,31.786699716133135,155.54662659940533,109.76392894462401,43.05928516024093,20.168279887260912,1,98.96233760304166,10.0,0,0
47,1,福島県,18.458755734578133,112.36108631196676,52.965876415973355,57.411485680641086,3.1055261808384187,1,57.627483162468884,10.0,0,0
49,1,京都府,24.24168493030431,155.54894245289861,156.86967355536623,41.745080419334734,53.634758509343676,0,78.98475085064997,10.0,0,0
58,1,奈良県,17.203234363670077,113.35989541176207,56.40314616571008,58.71470595984049,10.577427184152983,1,82.45437753107485,9.010308062182041,0,1
55,0,青森県,24.259918740923784,122.55156347412544,138.2628278356911,52.99571732640128,59.430860648843876,0,101.50030083247512,10.0,0,0
40,0,鹿児島県,18.11720561408192,92.56640734330962,13.883176758135912,41.03524474968084,6.138483069484099,0,97.38803071361835,10.0,0,0
53,1,京都府,23.8682869126434,141.09707864399607,63.30537939315212,41.86506160803331,7.878604125649914,0,99.09035151103956,1.0563496655277895,0,1
49,0,京都府,19.494288244412235,159.20626021887398,39.44503028353514,48.640433160297725,5.404954893157627,0,86.1853634370522,10.0,0,0
60,0,京都府,27.747412048430338,111.31156765164003,152.41305343425196,59.100860854050985,57.640312627276934,0,103.1606372485442,10.0,0,0
46,1,東京都,17.96518370771765,88.1524299987747,29.500177550342304,60.03046863548073,17.898171802229438,0,88.65560182519904,10.0,0,0
53,0,京都府,32.50155369485523,128.61179780389713,359.93131285032536,62.63867511552319,67.14190588462523,0,90.36225220008305,10.0,0,0
57,0,京都府,24.25589842940479,122.55151556342706,82.18444719618418,42.05807099339144,20.88435000318685,0,103.49172924227273,10.0,0,0
58,1,京都府,26.988086325201014,115.31889115754159,230.55598253587948,41.35264855889348,3.0721883419404366,0,83.61119082472437,10.0,0,0
54,0,熊本県,24.62486725936345,107.94901608106359,103.25967552123964,42.4178869095101,19.97696816209019,0,93.92792922038973,10.0,0,0
49,1,京都府,22.180927337726125,134.31941942541775,55.51827639877785,41.24276769071585,13.40229350602751,0,88.73432278683636,10.0,0,0
72,1,大阪府,21.804618339241422,103.74560957737063,67.97207769677107,41.368204834856144,8.380515545901593,1,105.29541314669412,4.781356412769357,1,0
43,0,京都府,21.662275019590187,134.71494028062244,38.828064846163805,55.60870754476588,6.419128921610879,0,70.7619011673156,10.0,0,0
70,1,愛知県,24.331802962411086,111.22365483594015,64.07599493128014,41.498390595767425,13.183493855092363,0,89.4543716697583,10.0,0,0
46,0,愛媛県,18.52143105181173,107.72535544247529,53.690874924742914,47.91196308552304,7.130637637953354,1,98.2157400884445,0.7040802457763634,1,0
72,0,岩手県,15.540233636519073,100.30962931438619,34.90398209998633,41.901003969077465,3.3968975263121344,0,87.16636648489911,3.054179993553412,1,0
61,0,大阪府,25.877820550547387,160.24142172686908,259.59317670134976,57.01717349419564,37.42293466254487,0,92.35204406428153,10.0,0,0
60,1,神奈川県,20.563528062974395,125.9368357447428,143.73627845979638,32.87799327669451,12.723290968431114,0,117.23921259260062,0.2774440284361235,1,0
47,1,愛知県,32.8797297216811,139.8213238451865,48.23427652400558,47.16331971756078,24.287027119519454,0,103.18337963563087,10.0,0,0
56,0,愛媛県,19.35617046628768,119.02946952322719,94.30751705768162,40.57952740634138,8.734143750766263,0,81.10364503262726,10.0,0,0
53,1,大阪府,21.129662184914764,118.22810890256666,70.78898090417634,40.96193557682676,16.621724206706244,0,110.70337540495936,10.0,0,0
47,1,奈良県,25.996131242953204,151.1728248408453,103.31953575634303,36.4818220557923,10.844694871318424,0,80.88839051968478,10.0,0,0
53,0,山形県,21.153375138212233,109.2965722918938,31.480335484805344,40.165530938494065,1.9945370259364303,1,71.59645330485813,10.0,0,0
43,1,京都府,29.420447546615694,124.8508402124597,72.66620383803006,40.986375373031755,6.221917987022039,1,83.31862128679367,10.0,0,0
66,1,沖縄県,26.371425981767146,166.59223611615317,319.0218953255345,46.87940069001581,19.73178194473195,0,116.01367598976901,0.2456043900698349,1,0
45,1,京都府,18.977130171745216,121.24399641043394,153.4526144981267,41.11132603448253,12.819960996017802,1,110.36865768895348,10.0,0,0
70,0,埼玉県,19.346040930476363,102.70544244340968,140.95843430459544,40.60674670195718,3.5119263118752273,0,107.4651803096383,10.0,0,0
53,0,長崎県,25.314263581284955,118.04058568153248,56.675386229704515,37.217839004256724,11.967042740605951,0,90.25173576017235,10.0,0,0
47,1,熊本県,27.230361360271466,108.438693862124,47.3301871313154,42.65619428559118,24.330043147848073,0,95.46567271016042,10.0,0,0
63,0,香川県,25.88083162174175,130.33593744825274,40.02177119025178,47.22360779696168,10.848083764867443,0,88.97818745267813,10.0,0,0
42,0,岩手県,25.528772834315234,105.9896204510445,148.6888587214727,41.13559482970647,14.506903801319782,0,102.20123805804432,10.0,0,0
70,1,和歌山県,24.491438632778006,134.893984350944,95.4018068864979,53.09209755506594,10.61724742654606,0,94.56723577208325,10.0,0,0
50,1,京都府,24.8731752860772,136.5053832214959,117.99635789059982,41.424514631161685,24.70011240850147,0,79.30441734770095,10.0,0,0
49,1,京都府,25.331756943510953,121.45318874269893,112.37991657250934,36.68976656152467,9.488047424552793,1,99.14538721258724,10.0,0,0
42,1,三重県,23.752271946108532,123.15571019425518,23.26723405552731,54.13539663237098,10.421553789862875,0,102.90714553598423,10.0,0,0
57,1,京都府,20.680042813619472,125.04814781000869,55.28632562300989,64.1498896531032,8.235696024506225,0,105.84688754568984,2.0507862794541563,1,0
48,1,栃木県,26.462084120391072,124.39818079712062,44.58251648528157,42.0680079010766,16.380321869817394,0,72.45153660550169,10.0,0,0
58,0,愛知県,25.93876831475921,119.19287768899653,87.01579700002472,36.368329294472446,20.225791537865405,0,70.82303662501839,10.0,0,0
72,0,京都府,26.046586677300148,129.3177518907796,109.80972494512933,46.895159362582085,19.63928016327046,1,108.93435151217366,10.0,0,0
43,0,京都府,28.60915036013517,135.43181318609584,71.15701517715837,42.33122118712767,12.714344616834241,1,105.7926637962288,10.0,0,0
49,1,東京都,21.08067830998987,100.34384199652926,26.542241301880924,51.74774902760027,10.914157495404496,1,97.08385312503303,10.0,0,0
71,0,和歌山県,22.597714979465202,124.96232588766966,210.3004150289655,41.905147539832235,27.2749188266146,1,94.41737000661313,10.0,0,0
50,1,神奈川県,17.30585154220269,100.31347779011622,62.75860874313691,41.842713829807444,10.74012738717762,0,75.80430223235199,10.0,0,0
61,1,新潟県,26.151961243602422,129.43380276081402,75.61709986761505,64.16454553360474,23.519777318128995,0,89.27750175752547,10.0,0,0
60,1,兵庫県,24.977205313360685,159.4927541426472,147.75398320784396,66.0803427204973,125.29934015241487,0,112.13710585526091,1.0377331001973213,1,0
61,0,京都府,19.746259801670764,124.11262007327245,40.331063304597826,40.830690535752225,9.788253735570857,0,99.74248443972266,10.0,0,0
42,1,福岡県,18.258956098306783,119.40407482151292,58.09090958364419,41.352590066817825,29.82740666091611,0,103.0851894454994,10.0,0,0
63,0,北海道,17.96893345833549,119.49593538536749,49.895094395002594,50.01539236617945,6.450819832281824,0,91.8346254590563,7.011563070379989,1,0
71,1,京都府,23.407637465047326,154.35028789794453,126.98505378737238,41.336528352408514,16.63163517528243,0,120.38061518456699,1.0406989123486563,1,0
72,1,埼玉県,19.97936891691452,144.51618128836378,164.35357851224686,42.2700588406239,8.535523469088153,0,95.38670846808874,1.5694578179779872,0,1
48,1,沖縄県,28.903121686394837,124.35268776162748,44.716998791962006,54.00477696718362,13.019007907515679,1,107.81775679489783,10.0,0,0
42,0,京都府,15.073113438571665,122.97159265543452,27.46167885915179,42.478845535819914,8.481975863561592,0,66.93095807181187,10.0,0,0
43,0,大阪府,18.211104041991867,107.83877245703756,33.3962888272365,42.38498103524628,6.572695181499276,1,73.32243698282342,10.0,0,0
65,1,大阪府,20.865953135310313,124.58036917245693,66.1851994977545,43.66672669145176,9.310955781408573,0,91.40843290657205,10.0,0,0
43,0,京都府,22.799579749560916,117.98821694395554,82.14920574680983,55.96320864991722,13.732119871350182,0,106.2337102868493,10.0,0,0
56,1,三重県,22.77687159332403,121.3887212662278,49.84316720142474,42.303128812881695,16.308951287571123,1,81.77530485729505,10.0,0,0
66,0,東京都,20.074449186179823,141.30889408208327,98.44550566130027,40.61482246508621,16.750689872378743,1,103.11618878740165,10.0,0,0
43,0,京都府,21.132024642405636,98.17066571079413,67.9142674259588,42.47562541887783,8.164615050728218,0,77.23243435588647,10.0,0,0
73,1,岐阜県,25.77168759702203,146.72065918347772,175.8117695901566,40.49987856333416,16.02101544442593,1,91.85705166447143,10.0,0,0
57,0,京都府,24.269611576127062,127.68632867855693,168.70311270423824,42.38937812035562,4.061532894994418,0,102.5477030119899,10.0,0,0
72,0,熊本県,19.793566396324124,131.92376742664158,71.25833999034394,71.39689869560024,5.567109692255199,0,63.505312807431395,10.0,0,0
51,0,宮城県,19.219197210820983,99.50386653550098,39.113605704544725,43.70574695749961,16.10365771479212,0,83.87223562216589,10.0,0,0
72,0,埼玉県,19.25905347370625,140.48767271084574,87.06089053953808,51.49686770243836,10.505036469144988,0,76.14520390725106,10.0,0,0
70,0,福岡県,27.03731965920715,145.941521041842,150.44065659540428,44.430146253047916,61.23652922171997,0,93.13111377920804,10.0,0,0
42,1,愛知県,21.506862813659765,122.46184494175378,71.55186296540653,41.67497277286099,29.097306693987836,1,81.36562308336389,10.0,0,0
67,1,東京都,20.074073069377302,119.57103165990806,137.029045596367,51.67732538257001,39.57555716673578,0,112.3040023915789,2.1384334102557623,1,0
60,0,宮崎県,30.273396241787683,135.93344407734372,48.33340967880562,40.49314314139259,8.627737910358515,0,88.75198108254145,10.0,0,0
67,0,京都府,25.06162952052203,122.74394382731252,38.64160688976983,57.734634688967255,10.755719346026186,1,99.98965681060086,10.0,0,0
40,1,和歌山県,22.325483818872133,130.6246511296714,68.89627442214191,55.917786076569115,8.19260294788992,0,95.65171608527096,6.965881407639045,0,1
67,0,京都府,22.359148137117714,125.66713538004481,81.64325102757286,50.46280373090644,15.341003103422825,1,90.29754072045,10.0,0,0
49,1,愛知県,26.891460558856842,125.80778317653933,102.4729266915404,49.28165214143488,34.839139278636885,0,92.60321499308787,10.0,0,0
45,1,岡山県,19.85950625540296,114.38775091000184,25.712234760822597,41.46675139143623,1.4088901350645102,0,84.7076914287967,10.0,0,0
59,1,神奈川県,23.059261588001515,106.34150519108285,106.90918858748148,41.57724237235831,34.35047495615068,0,90.71574824196577,10.0,0,0
52,1,東京都,25.43532596188219,136.80071684779884,31.295935465313903,42.259409247396334,11.897428709856756,1,125.15012647195428,0.8295957985662317,1,0
72,0,茨城県,26.935456212824608,128.8503577516477,453.53647064564456,41.22414760561491,14.098972481887412,1,93.804335283712,10.0,0,0
61,0,東京都,29.652262501547444,133.62627202443542,189.11597753437988,42.115223037271846,36.846596190475545,0,125.13830205063174,10.0,0,0
60,0,茨城県,24.235105086607813,118.68837054466302,138.6815336261433,57.28970371727865,34.48497105488547,1,93.61279712322937,10.0,0,0
45,0,山梨県,24.60238793129006,139.7983928215849,62.464514127513795,51.88322843920448,57.66082229733435,0,112.97262737823921,10.0,0,0
40,0,福島県,10.787638816559383,108.0319460865309,17.49901041003815,63.644328108097326,8.829895417797006,0,116.7686506252841,10.0,0,0
67,1,福井県,22.44777907846324,135.06999218732042,34.96033385454197,41.03919772028722,0.6283833431418201,0,62.88228524241611,10.0,0,0
40,0,大阪府,23.73886220189633,111.2409372748137,47.46226704989994,42.90929106545245,25.64844653039738,0,77.44022325374051,10.0,0,0
43,1,神奈川県,20.675613824983916,109.2794010362401,214.26851213488635,40.54679367383486,17.125124793627847,0,123.74017783127293,10.0,0,0
73,1,京都府,29.590162501271926,119.20030412927777,266.7549414459911,41.981765641393125,56.96566271616719,1,100.48081276122683,0.9990723334735043,1,0
49,0,京都府,22.222046089308343,125.90428468362765,46.169870777794614,40.95967955738834,16.07047537000411,0,73.06397259173863,10.0,0,0
72,1,京都府,15.441878876384289,128.61945208372424,147.01512215912726,41.22018354269169,5.254267658088549,0,61.61674702336272,10.0,0,0
44,1,熊本県,14.579235734117377,65.14733507974404,16.1787399757509,63.24868400534048,1.3977193962653591,0,72.44752733595368,10.0,0,0
47,0,福岡県,23.530587646568623,97.1123457920616,27.266279051926826,62.17699974942346,13.357660031684802,0,81.27054805068083,10.0,0,0
69,0,神奈川県,21.31876044946806,137.35502128096454,60.180410213009225,48.19737186100438,16.680715374778075,1,108.71133790335254,10.0,0,0
57,0,岩手県,20.42369357143097,97.19237865617609,94.64358527779652,70.49289316770063,32.3377966924716,0,91.50304897425643,10.0,0,0
46,1,福岡県,20.831865258445077,113.74533753093883,48.14935463542591,47.23323137253737,10.03891808232255,0,107.09489877163662,10.0,0,0
46,0,京都府,25.99113222800562,148.2158226409848,51.940385696169415,47.23598686854614,9.528735192467625,0,90.49032414550064,10.0,0,0
64,1,秋田県,24.254941076655612,122.12181106005113,124.83873878550071,52.05002397701351,25.67497699639446,0,120.42860845042883,10.0,0,0
46,0,京都府,25.89145636744662,119.24217347727958,129.7034728229594,46.82452558908299,19.698715802641093,0,66.79170057980359,10.0,0,0
50,0,福岡県,31.526094920425464,128.81291261990145,116.79193429354963,34.97456583366573,22.812942114876606,0,115.41060921866831,10.0,0,0
70,1,大阪府,26.81632800408073,137.6739611279436,199.1057785827104,40.712786877788105,12.990959963551056,0,109.5523062049033,0.3943668334859839,0,1
67,1,大阪府,27.951709449368398,135.4865390710128,128.48458748827736,41.503719008746046,31.59021497467369,1,115.48969243351752,10.0,0,0
60,1,京都府,24.906968433759342,150.798859427905,48.12994303418727,69.68253651348246,16.83085956191353,0,70.53799810443054,2.9853607200864185,0,1
66,1,滋賀県,23.461071473843813,111.61638620260285,67.9617328092979,40.654399588058226,2.1228250522433427,0,107.40834649405532,10.0,0,0
72,1,三重県,27.156624010910416,147.7009062585447,165.30117110431323,56.67726343735278,14.491192666820089,0,100.0,10.0,0,0
54,1,大阪府,23.943777942918757,155.73961075212154,93.83178824424996,42.000696643153404,24.71554121101618,0,85.70285774207929,10.0,0,0
64,1,埼玉県,24.90764989576622,125.1620637608096,48.96607341108241,40.63499343478588,4.385148199798133,0,87.84848688272811,10.0,0,0
70,1,岡山県,14.40741565527972,132.72048864154647,30.972721086403066,56.418783319099724,4.178549839039436,1,67.7837427155148,10.0,0,0
72,0,京都府,21.384845077376372,124.54942973073463,33.36697502042327,41.392915673593244,7.47197205019156,0,116.34439012885889,10.0,0,0
73,1,長崎県,18.61298808061109,112.05767747055643,120.74629376673218,40.98593182543859,18.073729872849366,0,88.94868378186308,10.0,0,0
49,1,佐賀県,22.10664121352433,109.63742116220035,160.33386855694587,80.84066524737358,38.156868939559125,0,97.11005754830083,10.0,0,0
67,1,石川県,23.68009128397311,137.55190885697098,148.45379634028737,52.4740190829977,6.841833878399206,0,91.74602816827641,2.8016363068646446,1,0
41,0,栃木県,29.99619590712901,121.31225013495067,160.0694519499235,41.631947698728624,26.765410440605518,1,121.64558176133265,10.0,0,0
56,0,神奈川県,30.929448531371428,142.63251686419804,113.47237301273765,58.62995739497174,8.484828803368293,0,111.91483622542144,10.0,0,0
57,0,京都府,24.931866331380206,125.02757297159738,39.018926017336355,39.663561589815785,8.452171316428577,0,67.31941960820126,10.0,0,0
49,1,京都府,17.648280699925987,123.13385692516013,110.90573846047342,41.327646475074914,9.543172698160147,0,99.25572094053126,10.0,0,0
40,0,青森県,25.85542120701649,92.16303909836164,33.63621738506638,40.559601969101585,5.941675099578574,1,88.51944912801852,10.0,0,0
71,0,京都府,23.41983279266884,147.05291394104822,150.88123736765252,40.85464449727914,54.57150600766161,0,105.24839303478544,10.0,0,0
46,1,静岡県,20.512175479339735,108.98738032770554,98.35935144590573,41.26047926772556,2.476075834426301,0,71.7525278177378,10.0,0,0
73,0,兵庫県,22.42304299707962,114.47724377723019,239.85671457141132,64.30955237173455,10.457355150104174,0,91.77541346951156,8.756991861045435,1,0
54,0,茨城県,23.85339637877944,131.42573530856416,85.29862379771443,58.83202324951518,26.716959639719043,0,118.81488153459397,2.403527170727151,1,0
65,0,愛知県,20.533963360760932,94.62804654823837,57.23519367242076,41.53434288477249,10.29638260370677,0,89.76520056547938,10.0,0,0
72,0,京都府,27.876677353745208,130.53618433817135,167.3302080577228,41.35104501185552,2.901986048309633,0,117.15110063298023,2.3947596801083724,1,0
58,0,三重県,21.66217889686219,107.95034455645863,130.81533187129847,41.51498047348395,13.930869125608774,0,91.92296321122429,10.0,0,0
46,0,茨城県,21.77574662708671,120.50233304097566,79.21901696748894,59.35390995543494,10.780278942211607,0,123.21474532297786,10.0,0,0
47,0,京都府,29.751880765491705,148.88116218524928,36.682998652191685,64.5367937241307,81.59988742266535,0,89.70239149875052,10.0,0,0
68,0,岩手県,22.52272067358535,107.34764411334388,250.25472957810464,40.655975496011834,26.160696406064638,0,80.94940651201716,10.0,0,0
43,1,京都府,24.265596283501967,102.23972465054487,98.2478676390092,60.258959692619236,40.12224161288479,0,96.62472474706814,10.0,0,0
71,1,長崎県,22.220458789542498,104.26965716786528,29.37736642075162,41.350832433204445,9.999218363273426,0,72.39685280463094,10.0,0,0
55,0,北海道,24.05281351146765,129.77163679717268,109.41315363856515,41.236426823349646,11.599481107905856,0,112.0456264086409,10.0,0,0
66,1,神奈川県,25.15285836791105,120.21283650080882,56.92794816954376,41.64892356084062,59.43152823576439,1,81.56192948905598,4.645818510111132,0,1
68,0,大阪府,19.442660480654602,111.7659223658572,95.65464749887909,60.616542691576925,8.056159501280652,0,98.75404154695451,6.004731250675177,0,1
52,0,愛知県,21.314236414978293,99.52953559600046,23.302300799557116,57.70176608007712,10.068165985527731,0,99.7771144378719,10.0,0,0
63,0,鹿児島県,23.391110083362147,135.26646407805742,94.65799319354042,41.13695496480175,10.57678388575618,1,113.43513286128513,10.0,0,0
64,1,福島県,23.889909320572542,150.72951448735526,13.152906464831545,41.53408160718277,20.912936945953717,0,112.7396589327597,10.0,0,0
42,1,京都府,22.21729780967706,114.62572102108568,166.74303064443833,57.19558877519853,15.584444369355008,1,107.67293676702333,10.0,0,0
72,0,東京都,30.790503859649657,139.8205180658742,83.22124112102816,57.18242224272467,81.68798490786966,0,111.03867370134623,10.0,0,0
60,0,京都府,26.2320724100066,118.51511001727667,53.209155990067444,42.2132902743012,23.996867257316637,0,115.69030155656648,10.0,0,0
48,1,京都府,22.21099026746918,147.017351317071,54.61854710348742,41.4765126951729,9.456134269104579,0,84.82149591011026,10.0,0,0
44,0,京都府,16.743764556024573,113.55024170250734,33.34844270870658,62.978279874936625,12.30461887410734,0,68.2660148430407,10.0,0,0
45,0,京都府,26.743453980669994,147.53232860585402,39.57467739895306,44.613513498753356,7.736738227526832,1,82.17120896477239,10.0,0,0
40,1,山形県,23.816304369180184,103.05327952988182,52.243722105639,59.33567569709073,40.59772411056346,0,118.88639351567718,10.0,0,0
66,1,滋賀県,25.17847917544297,130.8581421770938,35.031958520628045,60.30028654679176,37.86178552722105,1,102.95335792396699,10.0,0,0
56,1,京都府,10.565491517045029,90.41689401503857,23.358473004175636,62.273710453278774,15.494938094204668,0,81.06203078829591,10.0,0,0
43,0,京都府,24.49855223645612,108.03170092798662,71.15513726278208,56.40432714225128,67.27478021585843,0,92.59999858437962,0.8666388891436816,1,0
64,1,北海道,22.149427430963428,128.40278666697156,96.06983160202188,41.7444833411126,8.232819679971081,0,73.7262988417482,10.0,0,0
71,0,山口県,23.824012053076633,158.05465802145366,203.82364592331453,49.89218938416299,23.60868529878154,1,98.52257678329295,10.0,0,0
47,1,千葉県,26.434348613429442,135.40770767487655,151.28972744395435,41.704153022729,11.772885632341218,0,104.15258294406232,10.0,0,0
61,1,北海道,26.774882544623814,112.46004770841918,360.5179782466022,43.05264144577221,42.22531380935317,0,111.6010065505436,10.0,0,0
42,0,秋田県,18.979840505584846,116.03200831403865,47.40511157192207,36.496163470703465,2.262765986552147,0,73.32644433906901,10.0,0,0
56,1,北海道,24.80421934763438,106.46240920042929,102.74447060800983,41.33116768944529,56.674456576833734,1,97.65664388014255,10.0,0,0
64,0,沖縄県,18.39214846363092,131.90411213472296,42.47779985399744,50.46153178290062,1.9008035444935227,0,99.58945613438253,10.0,0,0
62,0,香川県,23.203076049604924,89.3902630095883,36.708282903450716,64.09036583102073,39.726298253305735,0,91.97466717827427,10.0,0,0
66,1,福岡県,26.858958731839696,140.78623543220064,172.65833660929556,42.44506263950686,27.555547106435785,0,99.47743886800575,7.131226906606358,0,1
42,0,京都府,20.431656111671316,108.36376515935115,141.79253639759105,41.73619355978961,21.8130012428888,0,72.0752417649799,10.0,0,0
49,0,広島県,27.596443601309097,128.750109442687,73.5270728483753,40.70132171474239,102.62767719277123,1,121.5678738508935,0.35944186493879066,1,0
57,0,埼玉県,26.813874625040917,140.53203961310305,174.895858881035,55.20428372597049,30.92691546085803,1,89.85379507362883,10.0,0,0
70,1,鹿児島県,16.787209813439745,147.71452597870035,26.436335002822513,51.05686580699021,6.948829035760636,0,91.79746786396457,5.610657221068037,1,0
70,1,東京都,18.13866998439659,160.58467800586888,81.3690372315383,69.5856927262148,24.78497164644933,0,87.1901610773007,10.0,0,0
42,0,京都府,21.730781602118274,113.39748121489505,34.596814798787705,41.73990524053105,10.729971731146277,1,119.4400345038763,10.0,0,0
53,1,愛知県,25.19070854987453,122.09120468277784,46.07976703383508,36.03186511287744,5.198118847203914,0,108.82791551970641,10.0,0,0
41,0,京都府,23.29638111055351,91.03104046243891,55.16526415003849,45.63190182645034,33.13479887107964,1,91.18909086536144,10.0,0,0
52,1,徳島県,22.43009936916732,129.13438471047874,128.813322850292,42.073620378079895,8.639662903785856,0,95.21802850429643,10.0,0,0
71,1,京都府,29.751338828421996,133.37299898051876,48.93532500691209,41.53373464776898,3.54595991985396,0,95.63242383026117,10.0,0,0
68,1,千葉県,11.702320671148513,136.9962476693177,50.22528820713492,42.327565044261725,8.189477473303471,0,65.3146001142177,10.0,0,0
48,1,東京都,21.29855864246432,119.03676296017055,42.883991223816906,41.380245354222325,12.837222295033666,0,100.93324763955776,10.0,0,0
74,0,秋田県,22.170371486802722,175.68332396767326,58.26901341841154,67.01042952681857,32.19097231622316,0,108.81522653639206,10.0,0,0
60,1,京都府,29.42322595355544,148.98842483776633,229.38096917496875,52.47591868415156,40.863631030647404,0,102.33357076273832,10.0,0,0
70,1,埼玉県,19.330873515785054,134.2112357220674,19.38052109952457,53.01400262075847,14.011756995235322,0,89.33400448571204,7.942993051933059,0,1
63,1,福岡県,17.004027665019574,143.42891833906924,62.60780478393788,50.39697663408171,23.63238292239758,0,102.37115772308647,10.0,0,0
43,1,秋田県,22.00409397656444,72.92246566018835,93.27518014126181,40.658118190325254,4.921287286833162,0,68.36256166187626,10.0,0,0
50,1,青森県,23.35246885415344,122.7214960744615,49.15859023625024,55.72278781271143,6.190000432965542,0,96.59226941721114,10.0,0,0
70,1,山口県,21.215254802722956,100.51841617647116,95.92262655952155,58.74275073467737,27.565220251657504,1,102.73890479217772,10.0,0,0
58,0,大阪府,25.0679492991808,75.72888691035801,95.79211176649042,40.77456090540391,3.4899529880168147,1,79.40612171997799,10.0,0,0
49,1,東京都,15.551795347025717,100.52561298681614,65.54464007285128,70.52624782659058,7.325318341170455,0,110.40984604242588,10.0,0,0
47,1,福島県,21.49066224970802,126.0990467071599,55.24916391452724,45.478592737260186,3.4617847278188747,0,77.02174781348025,10.0,0,0
48,0,東京都,24.26180195431055,146.58756201239157,51.22243060450533,43.70302067605502,9.004405373263468,1,104.59766527556913,10.0,0,0
57,1,神奈川県,28.116493961723656,124.12741840345856,181.4469017562661,41.149869070343065,19.38028602574295,1,102.55077243487322,10.0,0,0
42,1,東京都,26.992850021964394,114.96362857617926,112.17669114825442,41.20564878772223,8.010712716848367,0,117.68579957847594,10.0,0,0
49,1,京都府,22.446614098355795,109.90775502874025,157.85432787105853,59.51904561172504,43.27254310803684,1,94.14673064495531,10.0,0,0
58,0,京都府,19.670081226779633,118.03625167667678,130.99916302661592,68.40805090066587,24.629994432825693,0,111.52625817389067,10.0,0,0
58,1,愛媛県,23.978435944123788,134.10499326965876,333.40620014550143,51.81209446172452,10.675729171850854,0,79.15413472710017,10.0,0,0
45,1,岡山県,27.103658015370733,123.22891526740582,200.69317814935218,41.54368848369698,103.41118297371534,0,93.54644858183926,10.0,0,0
65,1,宮城県,21.574327082533777,134.2663960987045,130.82283958550366,52.985730213142304,22.931043922886797,0,124.75997543547793,2.0520859524356836,1,0
45,1,京都府,25.720609691362363,125.6125360620903,96.3781019867326,43.17817657015616,48.21568867404377,1,86.85279110839772,10.0,0,0
46,1,大阪府,20.404838772588484,112.74048365440031,71.42033254289498,42.12996201669994,18.853432940279163,0,96.49149622645054,10.0,0,0
56,1,熊本県,23.20581177805508,126.74370221899065,60.15027608402301,46.75810549974233,19.382841309906453,1,116.77501281578444,10.0,0,0
67,0,長崎県,21.13934637198943,123.00045818664864,50.54842232526513,41.293745769076295,33.09430052231642,0,83.97509418085252,10.0,0,0
45,0,大阪府,17.98312238799601,100.2140042443113,32.0397204319506,34.9443454366314,2.914715434681223,0,65.79053500999996,10.0,0,0
42,1,和歌山県,21.57479885739047,123.48169247962954,107.37119450819,40.04311471058804,45.35703720948639,0,101.30972763284166,10.0,0,0
50,1,新潟県,22.603861262787877,120.52491764270698,46.78134193218868,42.36028020604674,13.011173636706161,0,94.57310129091178,10.0,0,0
45,0,京都府,22.785970490007955,117.54163231486582,121.63057261444312,49.838388842500265,20.169079134330303,0,87.22055117914623,10.0,0,0
54,1,東京都,21.369189582576595,134.83915901396702,82.27193631085629,42.32740128964321,22.89771238379845,1,110.58118695791721,10.0,0,0
44,1,京都府,20.2473293296097,127.96687330222669,65.4126019893918,42.15948356067123,17.580409675965235,0,113.02419016669042,10.0,0,0
49,0,京都府,24.0546156367897,116.68070671764576,168.92338256417906,42.25941055068724,21.89436168646143,1,91.73355390991416,10.0,0,0
54,1,青森県,24.282972901117788,126.09872688833289,48.61309139909367,41.80518522008471,22.49156210493009,0,85.8209221460309,10.0,0,0
42,1,京都府,25.47036681276596,107.18581573058796,46.3885472071014,52.63229403139983,8.516613193048636,1,109.23396522235599,8.859264189837194,0,1
40,0,愛媛県,23.347030682808434,114.73114868367608,136.99904318119894,41.61174551869712,22.289873458321765,0,83.2180977521415,10.0,0,0
49,0,大阪府,25.56515545858572,177.08613731719382,60.39603497283122,42.252052830025725,37.192404956066454,0,107.34643100518004,1.8173651569964828,1,0
47,1,福島県,24.1289032854584,122.2345878173046,58.756764278038766,66.26003122926934,41.2404071127302,0,103.08618466290292,10.0,0,0
61,1,京都府,23.078928899060905,122.72595612718212,221.9071598997593,41.35096048820069,14.833401954809817,0,76.33978592686385,10.0,0,0
44,1,東京都,22.488403912789526,152.05191884684427,55.29991888194167,43.312606754769405,17.01020672260378,0,115.58101610986607,10.0,0,0
47,0,大阪府,25.210294107807975,95.53980335811492,60.6456480758175,40.986754909341414,26.336717601040643,0,77.07437663956215,10.0,0,0
67,0,香川県,23.573669549184274,152.19416864764486,71.76080594647954,46.14067304187928,27.192018597093277,0,98.47897015977291,10.0,0,0
63,1,京都府,15.176170157924872,122.23611035166856,53.87400484568,58.9374995881959,4.369797928470791,0,82.81541825140053,10.0,0,0
47,0,千葉県,27.114895170975952,79.04698796794628,59.45023384829765,42.576685703697585,12.457301226263262,0,82.91376723570568,10.0,0,0
53,1,京都府,16.665526834851036,115.98677736988824,48.815882481947014,58.91685104263134,5.340063661047573,0,86.80139271540075,10.0,0,0
72,1,京都府,26.30199973810778,129.78288806334587,66.79515831437213,52.276938767744845,19.2945337130609,0,74.15292331792529,3.5883771162494313,1,0
66,0,福島県,26.37170072674512,131.44300474204283,142.26253898588257,65.55393905174077,16.18550460690169,1,107.91684656231027,10.0,0,0
73,0,東京都,25.828566813820228,144.9094715934147,133.4396641000797,41.41164216934613,2.238110140915676,0,115.61847945218624,10.0,0,0
73,1,京都府,22.02689085202911,144.44392490705727,184.65153963811443,42.02218792381402,13.23525592594647,0,99.11102039028627,10.0,0,0
66,0,京都府,30.231155257461207,147.5011255800618,155.6132553691126,40.77995358466082,27.005061580766892,0,122.64246657856984,10.0,0,0
50,1,三重県,30.67426776920136,133.52897090877897,328.0198848000052,56.64281860437122,55.428893039473124,0,89.70936689933993,10.0,0,0
40,0,石川県,23.77171761768859,118.64267995863634,81.64602106746158,41.61956302094993,14.698816740363046,1,108.37109321158916,10.0,0,0
69,0,東京都,24.504751539913595,125.22304284520034,90.35397497803102,52.55335390013983,19.7683496242762,0,89.31186645200226,10.0,0,0
45,0,京都府,15.476763818978878,90.44577800362745,93.70458997418542,41.68502224026897,13.59047688025479,0,104.71003864883444,10.0,0,0
47,0,香川県,22.401842147395108,123.07844574133898,79.17909081917668,43.04704222974738,41.63657481666372,1,86.95737546540391,0.4335087599964189,1,0
66,0,京都府,21.50900852438521,131.7271552859067,80.60251929796826,41.62959239058765,4.213055096887821,1,84.52419003219495,10.0,0,0
58,1,北海道,18.95310946483432,125.48649979428747,48.322959948859626,61.14218037311201,14.44439437851664,0,90.50414757422622,3.382579830785826,0,1
54,0,京都府,20.59647833844927,142.07430173500322,184.92368152490988,42.215363387023395,36.6253139045634,0,90.24451544893464,7.086108927312149,0,1
69,0,愛知県,19.35606929631181,130.97184577368185,42.201344747614236,63.44134890015808,11.17717307352416,0,76.33215664513601,10.0,0,0
63,0,京都府,19.43913714393618,110.88375678132854,54.448527054120106,59.93584912020993,14.115440658480573,0,83.19962678657333,10.0,0,0
56,0,大阪府,24.54302186514974,118.76698745953738,155.3450312464378,41.49899193967548,16.88221107893975,0,103.44087736649813,10.0,0,0
68,0,大阪府,24.252029221173412,148.94610288942977,112.49934382718556,40.162865445695175,14.008370830031403,1,109.53967090885715,10.0,0,0
45,1,岡山県,20.009753158628058,100.06625251658383,35.724978061394204,41.85695562751206,4.550769153404325,0,87.25720283952093,10.0,0,0
66,1,京都府,22.292980553660385,129.1368529461379,127.99919239575085,34.09687776656534,7.13091478403353,1,74.0743562500854,10.0,0,0
46,1,京都府,25.07480354251396,138.0895608707599,202.5572983073611,63.84838947198154,23.09452013594444,1,95.32593377468362,10.0,0,0
52,1,岡山県,23.9043901883689,88.92399809415625,41.11693856450152,52.726953896350636,5.86309697741929,1,95.42339322629805,10.0,0,0
42,0,岐阜県,17.66519347870288,57.121551604157276,60.14411480582313,41.75874309464936,10.428920352044733,0,72.93516529632059,10.0,0,0
48,0,埼玉県,26.483865495697533,118.58797788988977,82.10209307626805,41.149187296311844,17.1440664429595,1,121.29997963390481,10.0,0,0
69,1,愛知県,11.21067608071809,90.79833000866002,26.395942649259013,41.4643527884221,1.9005790747230742,1,79.28150795095846,10.0,0,0
70,1,福岡県,25.46912029020473,153.8974033583513,33.55344307384893,42.77789151134813,9.79674677324785,0,114.56417455965847,10.0,0,0
64,0,新潟県,31.939062006923493,147.71648497424349,236.73212756401168,41.21807000613838,23.523765485744185,1,118.78765026215552,0.7070363963697056,1,0
66,0,新潟県,22.26760111632681,118.87517146881697,151.0582148796886,54.17603755921951,25.348298997153293,1,94.0876553658839,10.0,0,0
45,0,京都府,22.106655300030244,146.3039778332296,122.92742945766028,48.643692343107695,18.43674950855768,0,85.45169129677069,9.61110894717594,1,0
54,1,神奈川県,24.549035184547975,106.65247655510197,52.368618381235045,41.56589145365161,15.009539520132595,1,98.1385030381612,10.0,0,0
53,0,京都府,32.89764213443578,139.39807122275457,116.06829094773973,41.7580844942014,30.766160311354184,0,103.16013562532878,10.0,0,0
72,0,京都府,31.716677090167106,131.67877548510708,328.2841778434832,41.3505464298246,78.03906624998743,0,109.9711503145523,2.437153556544552,1,0
65,1,京都府,29.447737279393085,161.8550886036832,358.5117907777002,33.193717004054136,23.106236340226314,0,81.5905712158316,10.0,0,0
42,1,三重県,23.675965919792585,156.7356356537673,194.71057776963718,42.799027028924236,20.48088931280176,0,100.68088628370512,10.0,0,0
48,1,島根県,21.956210820195608,125.88390266279511,325.3425322257384,66.56409517997572,16.443546824858558,0,79.28385365784249,10.0,0,0
51,0,福井県,21.41987124201182,128.86392864979163,84.921992834214,41.140244443615686,15.636072554279862,0,78.7018408999541,10.0,0,0
65,0,静岡県,24.231696718968482,90.54721414283402,31.116791115256756,52.49241016617924,14.049160106349886,0,86.85375060335956,10.0,0,0
49,1,京都府,26.588407982724846,131.62663896224308,90.99059639106768,52.75250046145809,32.372471740913,0,104.1529887355342,10.0,0,0
57,1,神奈川県,19.379341075628822,97.92453500280257,33.87740425730663,42.25224476727006,26.776641170618333,0,117.12462892519974,8.385968546288378,0,1
62,0,石川県,17.583906209856718,149.8186368620494,43.70061531712941,66.19582605676135,15.282464325725588,0,72.34754791100413,10.0,0,0
59,1,奈良県,22.366646767532174,108.94323163081819,77.17559353941814,32.87713648804005,9.077764874852393,1,99.5697732169941,10.0,0,0
67,0,岐阜県,11.58417831068206,119.46048274879709,32.12435777254358,42.1680248170129,5.899617618235507,1,93.74223216672904,10.0,0,0
66,1,神奈川県,24.769364514235058,133.63701420610312,203.72149491685292,35.72354553425672,8.77587074018742,0,82.81959408781377,10.0,0,0
42,1,三重県,14.195324239278595,95.77108401745294,52.52847135269468,41.35262368830557,14.609036544943825,0,83.6488636232486,10.0,0,0
60,1,愛知県,17.973672485202204,110.90797130474336,58.45385141606037,57.50211455239797,16.66894104690346,1,105.17956200084592,10.0,0,0
45,1,京都府,22.17038339317596,127.71587711557444,136.36533315204224,41.67296653943613,34.55817814898167,0,77.83498350482675,10.0,0,0
46,0,京都府,20.678335014041043,109.89218073163819,47.91272133640043,50.87214670676007,29.590168079735392,0,78.0396514214418,10.0,0,0
42,1,愛知県,22.34834969748845,117.48985244506635,84.45447883696099,41.74552043871302,51.03283930813993,1,94.10103669851462,10.0,0,0
67,0,京都府,22.094406166035103,153.02183410392263,113.64623091238836,41.20604236798615,13.589682679396859,0,91.56185298482683,5.087756970186205,0,1
70,1,京都府,17.7566549572299,109.98336246231602,49.94347560347932,41.65101370171495,24.734889097874206,1,112.49597522010461,10.0,0,0
66,0,静岡県,29.41616026706101,128.8527020038086,126.98132349216216,40.869144404312706,9.914890354880676,0,104.21293896718261,10.0,0,0
53,0,京都府,23.03330278989524,141.07666843297395,208.94490031719502,40.369750869539814,19.407491139448958,0,70.51992363111351,10.0,0,0
72,0,京都府,26.331089198619527,151.77046434521077,54.59259488958243,43.277594052037664,4.456072092207185,0,105.51060957319784,8.752489826008935,0,1
63,1,新潟県,17.564471271168756,151.41997724785548,34.954489878160174,39.859505371207206,2.1397266602513163,0,85.30149124680295,10.0,0,0
45,1,福島県,24.624375931727798,139.3681760543466,75.97955029947549,57.74289843204272,22.388031638160534,1,95.22775972701744,10.0,0,0
47,0,東京都,17.276718707759823,121.7459142108023,29.481222812349117,61.748704679485755,7.6320614117690715,0,81.63742406014161,10.0,0,0
48,0,長野県,26.86880435301275,153.31318208387972,157.04915526671766,41.355704293716265,16.688091685576847,1,79.2150364937284,10.0,0,0
59,0,栃木県,25.154275123134585,132.91537935117185,21.868485625847878,53.161238693131814,10.248453454425356,1,67.77264299193061,10.0,0,0
68,1,京都府,30.84132661354746,147.38818946653214,203.01667974661527,54.98307563512528,45.845115036767844,0,112.61332973291356,5.105606683380251,0,1
47,1,長崎県,29.269098306333955,123.69114966045238,138.64737047164826,33.00540570961198,29.623083568133787,0,91.81249499783446,10.0,0,0
43,0,愛媛県,22.320950083901966,108.37312610941748,107.71359560781679,47.579306892174365,8.04839682328329,0,65.18770975764977,10.0,0,0
52,1,岡山県,23.863603274726735,126.09912419971265,76.98208080799463,41.53323294312332,11.450366849970802,0,69.07881610622911,0.7164341735930984,0,1
42,1,京都府,22.88764420459827,92.03976885783635,67.26155355246766,41.253298464242235,15.325320583692024,0,74.86558230208288,10.0,0,0
53,0,京都府,23.89524606916593,123.03740543867131,46.22955627137463,41.2134059318368,6.727422460042353,0,74.1621720055246,10.0,0,0
55,1,福岡県,26.173266406737707,135.55744587852706,112.45109549574168,63.16811445513684,20.19647469828353,1,97.2671066239745,10.0,0,0
56,0,鹿児島県,34.06575173794751,133.37275426068447,302.3230690904287,55.53598781280471,45.759233483460775,0,107.51715103566738,10.0,0,0
42,1,千葉県,21.746664313609234,123.89393224947898,81.72959727371764,40.81477443558967,3.900302423368633,1,72.45127650351294,10.0,0,0
49,1,京都府,21.50376527255711,154.8970495194133,168.8871671027186,42.4173356133338,42.72304758577758,0,90.58651736637763,10.0,0,0
47,1,北海道,21.78367614953168,93.45760509394592,101.05166086635963,49.91126809703645,23.7216807838015,1,107.91123355019155,10.0,0,0
57,1,北海道,26.434833356780974,130.31391433695367,45.93862753015123,41.143441367259754,28.03781638633192,0,95.88094920674598,10.0,0,0
51,0,京都府,18.900845603498578,113.94528725413973,61.81340981742725,66.55968809587965,26.77669601689428,0,99.25551426730148,0.9528128716436425,0,1
