age,sex,prefecture,BMI,SBP,TG,HDL,ALT,smoking,FPG,time,onset,death
61,0,青森県,23.661872042800397,131.07598742730826,89.95476415754598,41.140504971216004,43.69749625062517,0,113.56845434438765,10.0,0,0
73,0,大阪府,23.214953217341442,130.94379337808635,40.03462865707535,41.46246227458343,3.351656233850002,0,100.45091035206549,10.0,0,0
41,1,千葉県,20.358422395870388,160.30075606227933,145.51211381118242,41.03646794938255,13.611811081257553,0,79.15031400123456,10.0,0,0
40,0,静岡県,27.83286441895646,125.95959400500561,44.60621996497118,48.937265773558025,10.133325536831904,0,71.48940431323237,10.0,0,0
53,0,静岡県,28.697534833262356,112.73100155709496,100.41351638722715,41.63650511993522,21.452892834484523,0,77.22177192796114,10.0,0,0
50,0,静岡県,25.557107121458987,120.62209883305712,129.95745553578396,36.8879830500348,6.383372289050412,0,92.7199396567276,10.0,0,0
58,1,大阪府,26.39326208861905,148.32754882877774,194.48904241114553,41.30246457692593,21.98366768159551,0,83.0030131825624,10.0,0,0
49,0,青森県,21.110469391947124,159.606902920406,374.34237771134,58.42639969986198,64.24226114859323,1,120.246559992412,10.0,0,0
70,1,静岡県,27.836272049502533,127.07694615260665,130.44106460159335,43.29904931410436,37.51185981303448,0,104.67396260323233,10.0,0,0
52,0,静岡県,20.18243714319017,140.53310091060195,89.89838925517702,41.639902536351386,13.392384375406968,0,74.89070106404823,10.0,0,0
48,0,静岡県,25.84213109471731,113.57607258337241,31.798221944234086,40.613733315394896,6.557876168919307,0,67.31991808619043,10.0,0,0
49,1,福岡県,27.53373381103616,114.41612324027598,43.19450659078056,39.25918053218793,9.23339928339235,0,70.51061495324696,10.0,0,0
66,1,秋田県,21.06586066337842,133.70225924338862,55.11097868409266,63.176528339456354,20.96778222928926,0,67.85072096724663,10.0,0,0
54,0,東京都,18.66176798629722,117.69662084659103,79.63921331903627,41.281057472919294,5.717904347054088,0,82.81094548799913,10.0,0,0
54,1,静岡県,26.114126200638914,150.63036922992438,473.4417815681741,42.893697425849666,32.66178579923427,0,119.28346748036645,9.993269081822143,1,0
58,1,愛知県,20.8376311343146,124.90282722655954,172.37543451928516,56.17337936851121,41.33232452070567,0,75.7090225072866,10.0,0,0
58,0,大分県,18.65690508270784,116.32250839894813,27.042664485769727,40.80881482880546,7.298850672053479,0,82.10324370792225,10.0,0,0
47,0,大阪府,26.717911531145276,113.74052281861367,107.5225594967055,41.52007639741872,30.909964843738905,0,102.68480437084229,10.0,0,0
46,0,静岡県,23.398348424858998,108.39208249914188,61.80956687793367,53.20233296434665,21.241838718203606,0,100.4967946745872,10.0,0,0
61,0,静岡県,14.407355951117685,107.27326973602192,24.590224656281386,41.801751334211716,3.4064459444014172,0,60.01184229793372,10.0,0,0
57,0,奈良県,23.824760201140556,134.7649938513171,163.16810539417236,45.38975946303917,7.925007984046353,0,92.07893168945819,10.0,0,0
61,0,千葉県,23.60404337033682,93.13232931430412,85.2388868570508,41.81873064734074,13.633252363563766,0,76.8989763766883,10.0,0,0
47,1,岡山県,25.012383212598177,149.1175166928195,147.1637374804916,53.135653521190264,82.14506414265844,0,80.22219933099582,10.0,0,0
53,0,岩手県,19.934843382875687,123.16937330702507,24.4247909972783,42.42746776900355,4.088463839262775,1,65.97519116811759,10.0,0,0
64,0,大阪府,22.606861475786307,134.81532082299415,108.69381984712197,74.13754678848913,32.59158842429571,1,86.05100586451871,10.0,0,0
58,1,岡山県,22.911086552981235,138.61904267616035,300.80273994241594,41.91447340289831,14.954785419472566,1,113.18948276967063,10.0,0,0
42,0,静岡県,22.897908383544934,107.45715290851446,14.810788613969104,41.75886693641075,1.8793781443037534,0,74.79111307322033,10.0,0,0
67,1,茨城県,29.601872556383082,140.22857404942948,140.6422102663472,65.56384680970827,6.756241338217448,0,123.13912635110523,10.0,0,0
41,0,愛知県,24.44445830556916,131.09993801480505,62.91101774556356,40.25330985679647,17.626695569504978,1,114.5764358233336,3.8057926309475913,1,0
69,1,北海道,26.170554245736483,144.32795957472317,133.91120928624258,53.00886298162597,10.793784087921866,0,78.54139328084308,10.0,0,0
42,0,京都府,24.22020455619652,125.16934175242304,25.088062134611988,41.95236646795575,8.924408142108652,1,99.12590767553218,10.0,0,0
49,0,福岡県,25.765519943157116,132.08734579900576,99.59431691785014,56.11912069322881,4.237407846900897,0,84.83030396449746,5.361949159491346,0,1
62,1,東京都,17.62186582535829,135.51310311290715,112.66207998971605,41.79111476568923,15.775912415453547,0,105.98183876082076,9.659868209974828,0,1
58,1,奈良県,26.43304627206415,148.98321174972608,120.42900524837717,41.21874695879436,28.344762219814783,0,113.12639264355867,10.0,0,0
51,0,静岡県,28.444222064216913,97.55516807321618,53.29546751864005,51.1429070122987,40.85130704385573,1,86.51028122356327,9.759727354923807,1,0
50,0,熊本県,23.739131007963746,120.22852726524887,88.2424148858204,42.08291086402042,4.586047175482923,0,110.45064523946672,10.0,0,0
51,0,東京都,19.41645414217324,82.42788009677727,28.750886164269318,41.22819427461291,2.323965694225273,0,84.86835453155024,10.0,0,0
42,0,千葉県,22.61334974950411,128.3842828743836,36.06071712903191,53.640562940308754,18.72426608462122,0,103.89479608539865,5.263100938439436,1,0
63,0,埼玉県,11.705541521379113,113.37228635939813,24.038203714465492,48.42043222097325,9.261854802429015,0,76.95947677328158,10.0,0,0
64,1,茨城県,23.845627969034496,136.5725451897018,79.4596015211065,46.41918136029059,23.43274208161114,0,83.94892342778279,10.0,0,0
55,1,静岡県,21.482767225829047,122.89494190192697,143.94331701961082,36.31287722323074,22.0351816341886,0,100.0,10.0,0,0
56,0,静岡県,24.646670565942657,149.18266120206243,117.64472121881968,42.05332125269102,26.283079133667766,1,84.80895161758195,10.0,0,0
45,1,三重県,18.90806936450845,113.66673812877069,38.95041719190179,51.916555372948515,3.673333308899477,1,83.70862418017073,10.0,0,0
53,0,愛媛県,19.291487673053535,85.32842613267022,179.7668474158903,41.7139764502978,5.354730627616125,0,69.44105157266948,10.0,0,0
54,1,福島県,22.565257310608,141.75299002031852,102.60368961906684,40.577638884853876,5.408385820183631,0,93.72670234912015,10.0,0,0
71,1,新潟県,26.722602072697523,153.06132398503107,155.6584862442033,48.27288685093354,39.76548587946086,0,91.60937111075559,10.0,0,0
52,1,愛知県,27.569362104869604,150.59853658092854,432.6249670245498,58.61486920799743,22.937498280454644,1,100.67687598905165,10.0,0,0
60,0,東京都,23.8031836711671,132.16048063676575,81.96070085553445,60.437961277954265,23.005141152933366,0,87.97482566346028,10.0,0,0
67,0,静岡県,22.745063329782674,128.73332291543122,26.51762376064778,41.04613313390177,7.805658442889589,1,71.4718573039879,10.0,0,0
61,0,兵庫県,16.24747821249158,114.29663853785499,59.620036095268965,42.46917583746181,9.470825876088481,1,86.5509295690198,10.0,0,0
63,1,神奈川県,24.34296801662172,130.93257676543104,44.572732888365,52.88158302518476,18.626341092620933,1,77.00188394043516,10.0,0,0
59,0,静岡県,21.68071284489005,145.05469244350573,8.584671183900804,44.75522776781446,8.533832271105302,0,102.3787338696304,8.60127627173091,0,1
56,0,静岡県,18.10933170178769,122.23317729384723,88.39583469783977,42.31654007909104,13.553258071258984,1,110.69812113964961,10.0,0,0
70,1,静岡県,22.158878344526496,94.11950548514716,72.09661516399186,42.33120075681959,6.929789787378372,0,69.99507926340841,10.0,0,0
42,1,静岡県,11.239366349962186,112.42900412918958,8.143216277066978,35.97799871381479,0.4371511680679614,0,94.43506918153983,10.0,0,0
53,0,静岡県,23.398324771239484,139.44639933630285,29.963128765096414,62.33817318681308,14.08598973287721,0,86.06440594641747,10.0,0,0
73,0,東京都,25.68652661529459,112.40368256872392,60.76856098831861,40.955769983608064,6.50208693811866,0,106.15406688817353,10.0,0,0
47,0,大阪府,23.68506727711368,121.41053867533694,102.44536627484175,52.708073316198224,19.46444437452533,0,98.3775952107849,10.0,0,0
52,0,静岡県,25.670456548112348,106.42980756802557,34.758285091305865,39.83726800015938,7.847348662456687,0,88.44624051152405,10.0,0,0
64,0,長崎県,25.022719747713854,176.46707488748874,59.99056142869797,58.20221515010156,24.73970092633138,0,99.44338209336281,10.0,0,0
44,1,東京都,25.33189212811563,133.40053825662443,34.864105730986765,58.704404195545045,11.080542223747173,0,94.65859441869074,10.0,0,0
41,0,静岡県,23.745709156191015,117.10129387177257,73.53922074524925,41.63977115751286,18.569742387601078,0,81.98499099905845,10.0,0,0
43,1,静岡県,18.646726806366125,139.92238840009568,40.541327167721946,73.63623615229002,32.91315134781702,0,97.24396970705901,10.0,0,0
69,0,大阪府,29.92730482600078,87.41366677626755,115.92776080689318,41.2017879048015,59.190084647931,1,110.59414250528232,10.0,0,0
60,0,静岡県,26.468457013135392,142.86290683932614,358.91370320341025,40.36290137018904,16.103207400943372,0,116.90220801373586,10.0,0,0
44,0,埼玉県,16.616618660885617,82.99675994105787,24.533827502323202,41.237913282852645,1.9543110590274102,0,97.02264716155976,10.0,0,0
59,1,岩手県,19.68178295990415,106.70973129640561,63.94904079421305,65.58731739015764,19.84897216282684,0,78.98573250765126,5.640277035947237,0,1
45,1,神奈川県,25.201782083752583,104.5051339448462,175.15611984934932,40.79776089837552,13.615705934618278,0,86.58010490417914,10.0,0,0
72,1,静岡県,25.85280816798694,115.18459128621251,112.60556833682655,54.29261982225026,8.493585207085987,0,91.44403993667812,7.145857569516728,0,1
63,1,福岡県,21.02770682442892,118.07753070359031,115.36565876537061,42.43561854875436,3.2741760883662776,0,95.45607592895348,10.0,0,0
51,1,神奈川県,24.081688825799304,113.37016799261261,98.78689717807016,40.3089272828223,19.36057025929997,1,95.31373337319808,10.0,0,0
67,1,愛知県,24.663301538718457,153.71697840686255,173.18915693607383,46.39655486977547,21.926608846170204,1,109.49281364656568,8.691180890457195,0,1
40,0,静岡県,23.607088014600247,94.44312239767109,128.27600665667887,44.89655130438954,116.3848899139123,0,69.8141557494736,10.0,0,0
49,0,静岡県,22.819653271997826,159.00657636526105,118.73987695416815,41.63989638294284,14.796294370505397,0,114.52426513600079,10.0,0,0
52,1,沖縄県,28.02021257830589,124.61516910279987,79.78499755612603,41.34196226766407,62.80408687525122,1,98.97109215244315,10.0,0,0
72,1,静岡県,28.023367825514192,159.48299866231346,125.03289375563145,64.92526126793344,19.88540087838805,0,69.62151988764032,9.51676804711845,0,1
52,1,福岡県,21.496581680462636,140.77509578528716,59.359423712813026,50.254681979971316,13.4613190770591,0,67.8523690286688,10.0,0,0
57,1,大分県,19.443720878183576,108.17420114044008,82.05366055990773,40.52209201590728,11.901367828891937,0,55.76120892852628,10.0,0,0
74,0,福島県,24.104914796648124,126.92739209608015,29.84298096094907,40.9939301100493,9.05701989974522,0,71.56560155120415,10.0,0,0
65,1,千葉県,24.954999856106646,134.83087748198776,195.004725386304,40.44256695142177,7.3109776502367625,0,71.41913340773678,10.0,0,0
42,1,島根県,24.418156769868894,138.80748689108472,55.55412980460407,45.92515549939694,19.29025304556853,0,74.03178237190961,10.0,0,0
56,1,静岡県,27.093246894867033,133.18365451620383,154.63223824435707,42.60099698847287,15.850338463080519,0,70.05774873052817,10.0,0,0
57,1,静岡県,28.601310070806193,109.40100755812809,153.82020142658655,40.84994113352352,3.5565926082896606,0,108.88286860693619,10.0,0,0
45,0,東京都,22.58037411712981,114.89269403283927,62.26747930713732,69.9442466177798,22.076425180509663,0,86.70846680622,10.0,0,0
72,0,埼玉県,25.38493512001902,124.13206142815422,98.80654796044176,40.90650829338083,4.011488258460778,0,87.70185306692944,3.824672120990458,0,1
50,0,大阪府,18.306866708545545,103.11650251847992,21.917723523557285,38.33159194178454,4.016364869842415,0,81.29315978254111,10.0,0,0
74,1,静岡県,25.832408041150085,140.6537380749081,69.21009884439172,61.83114116986777,52.00268926642004,0,90.20757159767209,10.0,0,0
58,1,沖縄県,18.569663509357387,115.87311636168373,38.52201725509157,40.91838659020482,4.73664274363424,1,82.15921475948362,10.0,0,0
64,1,宮崎県,22.106541713092465,132.0796295374651,59.039447161809754,57.75504391943672,13.618506174674147,0,91.04788876484976,10.0,0,0
48,1,愛知県,12.980833430030499,135.85068691383356,20.827246198435482,42.029552472157356,4.816341259184509,0,116.0221804428011,10.0,0,0
69,0,福岡県,25.492090194170476,152.5541910249185,120.09154749490268,40.34139902100823,23.731431540278084,0,108.29808619056325,10.0,0,0
72,1,千葉県,22.744679815817264,136.88169281143283,69.41243544023321,58.62995632250829,17.66276778872798,0,117.88743097486052,3.2973569318840235,1,0
43,0,愛知県,26.415165980463282,132.02089171776922,29.258262738329726,41.84165981618503,16.845472790213783,0,75.64404966429112,10.0,0,0
45,0,栃木県,32.03650096384132,136.85648117121136,169.75424534553122,41.8507520107935,41.95110593068553,0,104.92053652462225,10.0,0,0
72,1,静岡県,23.444954749294396,122.9715905252076,63.73911565015676,41.662279669345054,16.129301867677533,0,78.94669112354357,10.0,0,0
42,0,静岡県,26.68691872646428,122.31722068238068,374.1146180011357,40.6935122522774,38.808824096814654,0,97.08062426479859,10.0,0,0
71,0,石川県,28.60589271617948,109.38377575706764,21.025349321678046,41.95381703048579,5.352927297007199,0,107.8707023519998,10.0,0,0
54,1,神奈川県,19.36674509311079,138.39079577301627,94.65039136582713,41.81126323995921,9.545775049897802,1,84.83152772054777,10.0,0,0
69,1,静岡県,26.12160912658905,146.12010971359123,59.4924754164905,40.72155196327132,13.40149266843005,1,101.28708825227928,10.0,0,0
73,0,新潟県,30.32809464970997,106.02004938562919,50.92120923000975,40.77292368298544,3.5227283205290925,0,90.21127368201702,10.0,0,0
73,1,茨城県,26.158974153708634,162.4128885448782,113.5753625941952,46.28873559022644,27.191747138850694,0,123.33750823373008,9.540836274403505,1,0
53,0,愛知県,31.41471800776055,125.57193338156031,244.83679018821368,42.03510230198232,78.27725737254852,0,109.06395094825659,10.0,0,0
46,1,静岡県,21.210234100928233,110.76700497343347,52.645789159794944,53.637825885361984,6.619482815874201,0,78.79074787330872,9.528371612017324,1,0
40,0,熊本県,25.488550340755047,129.62277362163795,34.97232849682706,41.88411404060867,16.278161105988037,0,83.52504653559954,10.0,0,0
41,0,静岡県,20.18149802744359,149.37255184945357,146.12476771316415,55.72882062199906,33.506992621318616,0,98.0768289964164,10.0,0,0
70,1,熊本県,21.22290670468713,136.8647534826725,35.506095973279315,40.779355202046425,11.155098209642407,0,107.53270240366177,10.0,0,0
45,0,神奈川県,20.155634911900304,128.616139584586,55.28993659396516,41.01261753608006,5.347806186109356,0,86.95071748255873,10.0,0,0
60,1,東京都,22.612308133040635,118.7674745388794,222.77195179770484,41.33572997763219,5.6262196808208165,0,66.36001088010259,10.0,0,0
66,1,静岡県,18.90774935211141,152.89769061043694,93.49986410172949,41.14144179795245,28.504738323499147,0,91.12562722221111,10.0,0,0
52,0,埼玉県,23.671023935019537,61.53375480172067,13.686939659188361,57.00960726305296,2.1601325187347524,0,85.69639117966891,10.0,0,0
49,0,静岡県,22.707164326837415,104.07611108484393,78.189448730061,50.332484683383825,5.109174625154545,0,90.90208834652874,10.0,0,0
50,1,山口県,27.0144457065109,131.964745738771,93.43202108766837,53.99581729652423,72.94580870971527,0,86.55110879053227,5.625986299727197,1,0
68,0,静岡県,16.603153545294678,116.39403673265059,21.241697754269243,54.35522191559552,7.608464766183004,0,88.21988802398849,7.148931789913108,0,1
63,0,神奈川県,25.116080183743783,142.2508502217951,115.36845582378707,69.94448235153905,8.987144552228838,1,112.02448756323649,0.8661588445288604,0,1
62,0,愛知県,24.9047222684869,149.1054632467417,295.8995680157715,41.992276285709764,14.083765142653853,0,125.95706799968985,4.355171887583914,1,0
47,0,静岡県,24.4002200182713,73.81207132478545,53.31088087055165,64.2869151821729,21.627587575826073,0,101.88435547444988,10.0,0,0
67,0,大阪府,30.658792494115207,135.09460852703018,41.649774759855994,41.11108627303831,15.964691478707659,0,102.92636597485242,0.8447063528784335,1,0
43,0,岩手県,21.954366234397003,77.04641225712878,44.556360559816795,41.599894284228945,23.70966489561643,0,89.39164038709043,10.0,0,0
46,1,愛知県,27.65094194655082,119.42756452107659,163.7164502713062,42.076142927817514,17.70600837349351,0,102.92618487877482,10.0,0,0
66,0,神奈川県,25.33440244354402,167.53748792477353,43.51775815982731,59.56097205669922,13.576543460525274,0,97.46792839234848,6.765040789960239,1,0
70,1,愛知県,16.02142772900587,131.0940762962876,125.99321112249888,40.81388870305068,23.434375992654775,0,90.31758884199834,3.7831182494877864,1,0
59,1,愛知県,19.335556740319984,97.46058721222818,46.70876919117256,41.59567808492046,19.77360704563981,1,76.85191631866185,10.0,0,0
61,1,大阪府,24.028605770669422,132.81859717295345,42.15490046015092,54.97512239590694,37.29106034412091,1,78.51272872114642,10.0,0,0
47,1,鳥取県,29.57013039820236,142.05474257022757,162.4786048527706,56.47207305644318,17.72794419357669,0,118.92016397290185,10.0,0,0
47,0,岡山県,21.91775245167004,132.39322293277954,78.7684902149248,56.06921407584268,15.768736493776204,0,88.7459157370905,10.0,0,0
47,1,群馬県,27.508212838357686,141.08409214817087,133.74820715399915,42.19458402641252,11.607156096429875,0,90.63837860475591,10.0,0,0
51,0,東京都,23.75281137429517,97.21438556195258,59.3666418935387,50.40336532034508,7.837148110655725,1,94.46122406419067,10.0,0,0
49,1,愛知県,26.9142858569393,133.6662994652512,44.847509339774035,42.5111444063027,6.822022612204275,0,79.5056854443943,10.0,0,0
69,0,愛知県,24.68994458544058,115.8575733177539,57.985227625308,58.43432199889715,34.14102824220994,1,96.52896646278144,10.0,0,0
59,1,静岡県,22.920691723119063,98.38331045103864,28.968252019802296,53.92755667832627,6.968896339899128,0,94.77167325902437,10.0,0,0
44,0,愛知県,25.003110239666135,115.49918525008482,136.30860069455773,51.177065531180375,22.703779372631352,0,66.2280623126041,10.0,0,0
50,1,静岡県,18.809158864558956,106.26123105623438,92.17291660614406,42.23129329130635,22.494878682511896,0,85.86907949722226,10.0,0,0
73,0,兵庫県,23.089837734049866,110.62929290596503,119.52068536737372,42.21009701048298,35.46393295889458,1,100.57196389302467,10.0,0,0
45,1,兵庫県,31.107571517321745,152.97378023101618,86.58023469413246,41.71392770364644,23.720665296244267,0,92.6280255212888,10.0,0,0
56,0,愛知県,28.550504760167176,110.76211060167942,33.64572284352513,47.5198490808433,8.830348542520152,0,102.57806569844008,10.0,0,0
65,1,岡山県,14.44453797791273,97.45888444186218,41.99707187525117,51.36435800380152,5.245003567187503,0,75.15556633320175,10.0,0,0
46,0,静岡県,31.23358256136292,139.9054459618583,38.673734170329595,51.34808963388634,21.727443711178992,0,75.72702091163089,10.0,0,0
57,0,福岡県,23.63198379769248,134.05872806793593,74.80047131140485,54.3809477628341,10.591075433889213,0,83.10673626106292,10.0,0,0
42,1,福岡県,26.394670843460663,124.11607765171063,259.45372573458445,41.85296093770416,41.32243996018369,0,85.6952975094228,10.0,0,0
71,1,京都府,22.898960312426798,140.19518276565177,189.8531340167768,49.78431425202577,24.700865362883718,1,122.75921241189923,5.975034938447609,0,1
43,0,岩手県,24.483182386997886,115.3770512380534,99.67964533495712,41.57219420500652,29.02640618956468,0,98.13084606193586,10.0,0,0
47,0,東京都,24.17714604700902,129.60300948843187,150.46887728559776,41.50480594880869,24.138911734885514,0,95.94467572112295,10.0,0,0
42,1,青森県,28.51022232638269,139.18514127931405,176.586426817187,40.60295145526787,27.667005938169392,0,104.85887432461908,10.0,0,0
58,1,長崎県,25.54998172882774,116.39488579199868,105.6639992793969,41.22988154688083,51.96590509604305,0,96.21263525726991,8.762132985693398,0,1
43,1,大阪府,24.122333205554593,102.16686179113543,76.61176739976115,36.639903302651184,3.698526088187988,0,61.74274154212848,10.0,0,0
52,0,福岡県,27.66238324486705,113.67469814469683,450.7330484472844,41.6420155568231,29.072111596238525,0,70.54824736273935,10.0,0,0
48,0,富山県,21.275536986748158,132.7131531019221,111.97972200798378,48.648262149210275,3.180187079958986,0,105.9740493654297,10.0,0,0
71,0,東京都,21.064938234101568,106.46555750786608,126.00252053796207,42.0536867626974,32.472858896559664,0,88.32292378733585,10.0,0,0
45,1,静岡県,23.841243745066244,131.95169782551147,34.39890901798956,58.30577851845504,12.308854549308219,0,78.52763303872811,10.0,0,0
46,0,静岡県,17.283984036358618,107.33773861178273,27.397798069181817,68.12788860466566,6.61642065963366,1,91.38214761936608,10.0,0,0
48,0,静岡県,19.893511790865887,124.84113693975266,14.626034126110971,62.39445638194123,21.65234544408454,1,92.25373512397482,10.0,0,0
60,1,静岡県,26.29107218934878,122.24369773074069,32.435736938976994,60.31954415559052,13.402400785269439,0,74.18576453687824,10.0,0,0
68,1,静岡県,26.895065943051254,138.66281537281768,153.8155158781581,42.91809373335899,42.166901787844296,0,103.48883625206437,4.263727505220888,1,0
60,1,静岡県,20.981231705813286,119.91838539846928,68.99102002422158,62.694792383249556,19.70140353469867,0,81.28545085692579,10.0,0,0
46,1,神奈川県,24.73325253467531,121.57832248833118,103.23372093177338,37.1825313043041,22.02371758296093,0,82.48412455252935,10.0,0,0
52,1,静岡県,19.619638199864543,124.38514495488218,26.928523504443454,41.17505917544009,2.5634799208076884,0,83.07387267155569,0.5640705668140765,0,1
40,1,宮崎県,23.524630349806742,120.97068866320534,83.63543071726977,41.194713559278036,6.160926435078438,0,110.73351155908782,2.988632232467236,1,0
41,1,静岡県,26.559513180291496,114.94381226917388,80.2928351220902,48.69244698431972,19.38979234289882,0,84.81162371867754,10.0,0,0
54,1,愛知県,23.408921671828057,124.77873957345678,59.560244980217135,67.89412088095297,25.14096327007791,1,108.58574206922819,10.0,0,0
57,1,鹿児島県,24.475035773473792,148.95516408391447,154.21456957136925,41.10658059920028,39.67231775383927,0,82.02706895806223,2.21987298692882,0,1
68,0,鹿児島県,19.79890698754964,114.31971533561065,81.84100421115367,49.73497964068821,4.490679166527249,1,91.04724737008543,10.0,0,0
52,0,愛知県,26.116351580773173,136.44198882932386,59.16356276880915,41.104852224474826,22.27291582251305,0,102.49293700080845,10.0,0,0
43,0,山梨県,22.643798158016413,131.08887814846295,78.34789972800613,58.21256090828751,8.657258567223202,1,83.20703864790099,6.758374402062663,1,0
58,1,長崎県,24.594758866177887,151.26217123841937,290.5512539164929,54.30921681663185,17.610654679877477,0,93.73103354532748,2.177655814499528,0,1
48,0,千葉県,21.194099511900554,143.31958970237122,86.10922066108256,41.62206839934751,26.618475521674007,0,76.78027966748576,10.0,0,0
50,1,静岡県,23.837143223704835,109.18619026116653,109.14009433145715,41.71503602083389,17.962029836568387,0,102.21561927470584,10.0,0,0
70,1,大分県,22.666201240707448,113.63402708350641,64.9106554688643,42.24324452166795,10.469640108521178,0,83.20566227958814,1.5460163312758843,0,1
50,0,静岡県,23.699105710798886,136.85653572603138,24.30594191983138,52.74803908621726,8.566432783663817,1,61.813727559952675,10.0,0,0
55,1,埼玉県,28.609236570599908,144.79964671286243,154.29270558355668,42.219371699402416,47.34201225428337,1,91.10339102996659,8.882986457783893,0,1
58,1,滋賀県,23.181949465545713,114.06852455603531,45.87604886723404,41.21965422110077,2.344162944048096,0,85.85495290592306,10.0,0,0
54,1,愛知県,20.153927034874222,100.27529228377486,69.74511941576883,29.667446786612317,2.0646738019153412,0,103.23422584889026,10.0,0,0
58,0,静岡県,24.42405939888273,121.58124547409966,119.56852161131162,36.625639428244384,3.4900013484748436,0,81.59545930916008,10.0,0,0
43,1,静岡県,20.21519963000233,112.73039968092691,40.875039764236696,65.66530378101436,8.527789918796538,1,79.86393786134003,10.0,0,0
49,0,静岡県,23.9398685642246,107.82938494918565,154.09003219310395,41.60555206869523,10.760164535687565,0,110.0986033371593,10.0,0,0
74,0,宮崎県,21.165743533079674,112.92047705991962,56.98047731998002,42.12533565083383,13.635996471858062,0,102.60073406442318,3.1545710278436783,1,0
50,1,東京都,16.22244778499187,108.03767577915993,31.81902223438362,54.03451854967941,2.9386988604271265,0,68.83157900921537,10.0,0,0
69,0,熊本県,16.56454507759014,118.99268590304239,60.66186191133364,62.66373520206494,13.670332099249562,0,70.11902418580112,10.0,0,0
48,1,静岡県,20.580015319306852,148.4694176501494,52.62525543311837,41.70456115587594,19.159843065404242,0,104.75553198790658,10.0,0,0
51,0,静岡県,20.910053573348183,133.07475158174736,31.375923533057165,42.26407838217771,0.9234010662467158,0,90.74861246667994,7.687375030266898,0,1
63,1,静岡県,20.631844657868285,145.20050012691397,78.98020245040023,44.82741356504178,11.190335658352836,0,100.03099726398094,10.0,0,0
64,1,石川県,24.03848152704807,104.19635877786438,99.57635040031707,39.65348104686202,4.484080811393831,0,80.4452280869697,10.0,0,0
57,0,静岡県,25.04270494842525,127.66487655749307,132.57020213165166,41.41202983009063,22.286586364923785,1,79.37165869356505,10.0,0,0
58,1,北海道,27.394525373262088,147.1577356355836,57.27636590541399,40.531864899057695,59.16595312358947,1,111.11047035275358,10.0,0,0
56,0,岩手県,18.184604101911482,128.05119118077158,35.02183106029753,53.9232399532766,16.282294497676777,1,115.79690029694314,6.764922153735847,1,0
63,0,千葉県,27.40932830451887,161.19196874383098,173.92188271615925,42.081128839803405,6.657772253346538,0,112.52645545574727,10.0,0,0
49,0,岩手県,27.08481504356872,128.14238682050726,186.53203276625055,41.80012983421013,40.97029782479062,0,78.88274576648018,10.0,0,0
72,1,静岡県,25.25499023556044,160.87711782120005,170.8283538444939,41.28053829847506,17.656750107113318,0,111.88901178083465,10.0,0,0
47,0,京都府,29.475792219371904,142.64140829243468,102.65996751900889,58.6181714694281,94.18839848489327,1,78.9672667819504,10.0,0,0
65,1,静岡県,22.7446409426146,121.59319066781792,63.66955420241917,41.05911194319855,4.884114789016564,0,88.505750705658,10.0,0,0
41,1,三重県,23.269885431335382,126.48251503955906,29.37172715039834,41.46733660039901,16.45322774899949,1,61.8009848056887,10.0,0,0
54,1,沖縄県,27.45800446528644,162.1124252814929,127.71142260275218,41.41161284458917,8.495786320245436,0,83.56359419062684,10.0,0,0
68,1,愛知県,18.019289993417367,100.21294765763044,142.28981336163778,41.55657124614759,10.769923713260486,1,97.23689553956027,10.0,0,0
55,0,静岡県,23.16932028811868,94.01916130173758,54.79521695075448,51.88246714166367,5.3097792002070054,0,80.4543293938036,10.0,0,0
56,0,長野県,21.84907117625179,153.0618449621858,41.650460129725644,48.83648290850203,6.34511528423243,1,101.6292755702373,10.0,0,0
40,0,北海道,24.10438859613482,104.1308217269123,25.96371438674632,42.23247011553467,27.90959448801963,0,86.07506433156951,10.0,0,0
68,0,山形県,25.76409546489536,132.86253344004163,202.63602464027065,61.24038802603774,35.25708108935386,0,114.27359860193373,3.2666189169415194,1,0
51,0,北海道,18.02897212320386,107.44862550840496,49.231218777054956,41.95392283922695,7.722905135630977,1,88.77469779176639,10.0,0,0
40,1,岡山県,26.329587071075686,129.19769096807866,90.94330043011139,40.43249626060536,9.150965021838742,1,73.31881823285019,10.0,0,0
42,0,静岡県,22.03758489903347,103.70433471804448,13.412529001757463,41.77903930747871,1.4107985466185196,0,62.74430446754922,10.0,0,0
40,0,静岡県,21.476770439176136,137.70934393522938,98.71644845094619,41.25946234051758,6.634816156358399,0,70.91906976377473,10.0,0,0
65,1,大分県,22.13863331642271,111.18802104403464,141.05748969665507,56.961816568294694,28.640200731836252,0,83.63113005468871,10.0,0,0
62,0,静岡県,22.00799522374821,148.31877610676491,127.7081770617208,40.14350350339034,4.117854784067292,0,102.05489613748169,10.0,0,0
61,0,神奈川県,26.151758868106167,155.47223419872623,131.46351709670952,53.17112528676104,27.03774176535617,1,89.93827038420375,8.685654429241108,0,1
50,0,埼玉県,22.521897645691098,117.89128789818926,165.73908509215187,41.33306070263767,17.53309061215584,0,91.68268484513337,10.0,0,0
58,0,愛知県,24.665629525376595,130.11191447348432,144.7878955734018,40.852572611222854,25.502735993534532,1,108.04797936933785,9.075685134236613,1,0
48,0,大阪府,21.896749492573246,117.15974682350044,117.18659380747103,58.502233511531585,16.762811545739574,0,95.02653443573739,10.0,0,0
70,0,栃木県,21.475413569128122,135.89522310668232,78.16758493801258,54.53511567732865,4.4569656902714785,0,118.93612254112861,4.988838215387922,1,0
49,1,岡山県,25.11380145253852,125.57663492638139,255.5296594940435,35.52242783088512,3.5402863485793463,0,82.48247065047877,10.0,0,0
66,0,千葉県,25.782556529380308,131.95088865327153,80.50258410454747,67.66736832503918,14.413819787916013,0,97.284414348966,8.955818764336925,1,0
58,0,三重県,22.289315178045896,131.9647140424845,132.57345166340863,41.34124889606061,9.676089409836758,0,86.87848796618512,10.0,0,0
73,0,佐賀県,24.75605654207015,159.45114334169824,44.338952079465315,57.00832736735959,12.545276934115783,1,91.3079526343243,10.0,0,0
63,0,愛知県,16.37344580046663,57.4887311218947,121.50428972043038,39.60382299422187,4.016021131740148,0,73.28097366325794,10.0,0,0
56,0,愛知県,26.173849296766544,140.85053789049857,70.61896625710976,56.35339358863968,51.53949590448416,0,117.22413372843295,10.0,0,0
62,0,静岡県,24.199550394666467,138.21960975413668,134.01068870347547,52.6665203845473,18.75776478461182,0,116.75244312598186,10.0,0,0
49,0,山口県,25.526097673441324,111.92238857065318,84.85080086898708,54.263371697494414,23.194000722543155,1,114.2863761939653,10.0,0,0
68,1,静岡県,18.63204451630617,130.42061730554144,38.42944441350762,41.14455059507039,14.775280721575557,1,107.1365632963427,10.0,0,0
42,0,大阪府,24.79671479266836,124.98137872481418,28.173199134317663,50.50896441773199,63.11144540146554,0,117.60128857430021,3.616779582735281,1,0
49,1,東京都,27.081650666113486,155.4786066775858,78.55123073193433,57.01753586363207,111.11853865018887,0,117.65483059668053,3.2720690085149,1,0
54,1,福岡県,23.637503538645177,134.52729997917217,30.39616243545125,45.688209774092705,8.74229384563529,0,78.47132201385301,8.75063709973064,0,1
40,1,静岡県,20.759138304447834,134.3356260441159,193.40145493673256,49.90501875368006,12.05687740174333,0,74.4210258259456,10.0,0,0
58,0,静岡県,20.188998326962583,115.30523926202846,27.255226815495575,40.43409220353508,3.3714406259672023,0,70.72026018472614,10.0,0,0
69,1,神奈川県,18.585061560664506,145.77058019067292,77.59110869421187,42.71063693654919,8.53900621366342,1,108.27447576248382,8.311957471379838,0,1
66,0,東京都,24.866930301020126,153.62536803413235,139.5213753427449,41.87613942502242,10.604612752069638,1,96.48555245421603,6.765533502596033,1,0
59,0,静岡県,20.383815723297445,124.17285667669636,113.23276387939104,42.07997141445299,11.475634358536917,0,103.1481219111998,6.258481812884217,1,0
62,1,静岡県,21.85494529894633,112.18486552116968,21.191839089463627,42.273417505591276,5.535809375247847,0,101.18190591137707,10.0,0,0
49,1,青森県,21.833407767801916,119.32417101156481,127.07149976377897,41.90818035911135,5.948760394017444,0,77.23038931322466,6.75801571277656,1,0
60,1,京都府,16.880314832590436,99.90874017376663,124.96788907924602,56.82902280338765,9.845004549475318,0,103.17982708904361,10.0,0,0
63,0,佐賀県,23.20904177527835,117.3595839982862,59.32489373517765,59.73126630910383,22.148971420501272,0,87.15602539506733,10.0,0,0
41,0,滋賀県,18.51446079043805,96.99025936234187,19.142288979769912,69.8329253766957,18.883086261374782,0,118.05704514028656,10.0,0,0
71,0,東京都,24.96213860113918,115.22050191150107,70.23116001604546,52.10600435998538,16.915149287953913,0,116.16700566508757,1.1414590693083877,1,0
43,1,沖縄県,19.252691636300273,119.29760352070348,195.3899688428828,35.6589855335752,6.659777833559325,1,91.02077949509055,10.0,0,0
47,1,富山県,20.600503197893808,119.294412879861,53.667070068707545,69.50864064295195,14.009365496332569,0,56.28979642282671,10.0,0,0
41,1,静岡県,21.256233962138968,114.9818572218556,28.20352673399888,40.56684906191968,13.987334649180397,0,80.69300403806109,10.0,0,0
54,1,岡山県,20.37825859101105,121.58081644249613,71.45190634554872,42.25781890172713,8.906304749243352,0,91.56494874460284,10.0,0,0
51,0,愛知県,18.698980221436173,93.0612882938311,28.343594720417297,53.9575091697407,5.232696669502648,0,74.81133628076024,10.0,0,0
42,0,広島県,22.90930061491364,141.65005186718835,80.51731479331818,59.33154121472959,23.23333967081838,0,75.59579498418752,10.0,0,0
66,1,千葉県,26.040806179564154,148.71312428710624,74.28632674062479,69.81471212336584,75.35927990245065,0,107.09656689005935,10.0,0,0
48,1,佐賀県,10.836645588588578,113.12419395175505,23.12428087872442,42.43366505234365,23.692921637341538,0,72.96208360930326,10.0,0,0
70,0,広島県,22.69063723151439,138.84913759521984,99.8049206216523,56.83621103324004,12.998744017447162,0,69.41397971172638,10.0,0,0
47,0,愛知県,29.7326451843675,153.1513833459891,328.39601418332046,69.94331359449167,92.81586910152639,0,121.87762544531684,1.7422322235446508,1,0
49,1,茨城県,21.075749303780476,116.15126925605813,108.39665507192932,53.94797223078311,9.265796884413396,0,106.39164980343973,10.0,0,0
40,0,沖縄県,21.959220848738894,113.37004765480178,79.55984694697075,48.748302637705194,2.4123561082915677,1,86.68954248767012,9.825408992714562,1,0
43,1,岩手県,29.378206992434198,141.03681083669488,119.08562311790091,56.85124323555637,51.974680373164844,0,86.68867672861154,3.7602753319506976,1,0
55,0,静岡県,32.38218455501234,130.42023699071999,115.37745201671373,41.08752231392666,20.292673277044482,0,81.9475811459044,10.0,0,0
63,1,兵庫県,23.392208428965574,149.10727315595062,325.58077223109507,44.94876223905475,4.017386079366299,0,93.70509411570984,10.0,0,0
45,1,富山県,28.424628672794007,128.14031631233343,91.25438588205031,42.3093562347148,11.280092010567575,0,95.33195265933242,10.0,0,0
52,1,静岡県,22.293856786985508,160.59065307534587,135.48139405493845,41.90532932322405,24.683671712935528,0,99.08547644433474,7.00357105354098,1,0
44,0,山梨県,16.454131108885864,111.08464346162799,121.7609177733336,42.768878225685526,12.99386623374778,0,66.20440397554438,10.0,0,0
52,0,静岡県,24.694577038791508,111.18734970239076,25.27755785414122,33.58733306200557,18.86857008590449,0,81.74751133852305,10.0,0,0
65,1,静岡県,22.08106741246961,127.4852396988453,198.98654434707936,40.2656696499525,13.617002023100301,0,86.05554904539164,10.0,0,0
71,0,岐阜県,25.08956079733579,132.78856954883167,206.2088831772414,40.64900281818325,16.201264563280336,0,89.47715563512836,10.0,0,0
71,1,北海道,22.60846587714353,83.15749502649281,142.35795416089005,40.78400739350341,15.957721366712102,0,69.39184491934668,10.0,0,0
49,0,静岡県,21.567188786070886,130.70198663196186,42.64327109702727,41.35551648183654,3.554022539330659,0,55.976235310133745,10.0,0,0
44,0,静岡県,27.376145576727964,150.2082429414595,128.4451707540546,41.37262952368661,13.252634938576687,0,103.17776581212416,10.0,0,0
53,0,宮城県,21.369899206312482,129.786421799613,25.09763780283592,70.33958646065899,4.017029475938514,0,74.41932844677171,10.0,0,0
74,0,新潟県,20.79774412569504,138.56424094470648,104.16983203945594,68.63404830389344,8.61338916846306,0,93.01084975797664,10.0,0,0
66,0,大阪府,16.33688205349124,147.77694909199866,58.116474826153535,52.39706399693537,1.615274964022834,0,83.83013434302539,10.0,0,0
48,0,静岡県,15.648934956412935,123.67016212259416,44.14210997646793,42.281698999859515,8.607886730423868,0,81.81387460159779,10.0,0,0
67,1,青森県,30.02908962545937,137.30035954776824,123.79498401856335,50.162178043224294,21.04723451125967,0,112.23380288458272,3.1381831690954844,1,0
60,0,福岡県,25.256411848927993,135.2972039478444,36.95114382979326,40.220142362145964,6.829219447684172,0,76.37633754980811,8.938266224767123,0,1
57,1,千葉県,25.630389316622026,125.9066898193484,49.37274693024559,41.752325056528534,7.716933462525164,0,83.99088932868808,10.0,0,0
67,0,静岡県,22.86714044502529,124.12639762902451,85.6616825942606,53.517940416145,13.585869082380897,0,97.61999264209189,10.0,0,0
73,1,三重県,27.013870051331153,151.15633267894165,170.1712900922262,50.46414061465817,43.10952206801351,0,116.6059572160529,8.378480217558716,1,0
66,1,埼玉県,24.373582804988875,140.67960813365937,143.3517083272808,35.700931559510614,4.122294209112969,1,95.97090373947572,2.128410317428896,0,1
47,0,静岡県,26.812330685296576,132.4016775269052,71.36886842010583,35.51385645082567,4.016983585739959,0,80.25030801175885,10.0,0,0
47,1,長崎県,24.029147031798555,109.29892273111336,74.69035536241012,47.44824681635033,50.85328885045015,1,86.19373934632215,10.0,0,0
65,1,秋田県,22.307411627855227,119.05429143647885,24.93794977618059,41.708683646861154,12.216163346863102,0,79.00071938783636,10.0,0,0
44,0,富山県,23.816229177333188,140.2275933939518,82.79564940608991,42.21325782782951,7.238437539390485,1,85.41772169127366,10.0,0,0
59,1,静岡県,27.371738902276817,141.0855260262971,62.294890897032026,41.868124068864596,10.03100311484415,1,95.05113744546799,10.0,0,0
41,1,静岡県,24.450266794392004,116.13468836037126,86.82475869803449,41.309181000545735,8.495329612150657,0,83.70489926022586,10.0,0,0
41,1,静岡県,25.882018751798846,94.16057816562301,77.58339920393549,56.34884926264039,6.383737411768163,1,85.44924505744714,10.0,0,0
59,1,静岡県,24.536952544976906,150.48577927326866,154.0966447832214,42.44086881105297,69.12309969387073,0,97.90181633988938,3.179583764204676,0,1
47,0,東京都,23.2166127739384,143.46791363298215,131.76762529736897,64.33096428447249,13.195350811436711,0,116.4398420031512,10.0,0,0
68,1,山形県,22.494300004508045,119.5328487889537,41.99822028585459,42.077963859956995,16.147128303975002,0,90.93466669919802,10.0,0,0
55,0,鹿児島県,19.75928397423656,127.16643815759986,50.3121629666604,54.54461283329463,4.087491668972911,0,86.92952903117394,10.0,0,0
43,1,奈良県,21.696741499978142,121.80225980963266,42.635949664709045,41.455870303951805,3.3626993227531563,0,76.21252064161538,10.0,0,0
42,0,茨城県,23.794806472035653,112.7090319944051,186.50700305176872,40.53512861710692,48.46859718805528,0,57.184986502201724,10.0,0,0
74,1,鹿児島県,27.01491255440898,184.93247514800382,144.80261603975552,41.945676251765974,12.912103921190868,1,85.79362332699526,10.0,0,0
57,1,福島県,20.757804766983664,85.25594378962506,197.31684162811808,49.89242877581248,4.006886083033316,0,93.36781656658549,10.0,0,0
52,0,愛媛県,27.57064430267964,137.4205410146426,98.5243239357055,54.25775527196381,9.939090403837909,0,100.97911691576039,10.0,0,0
48,0,群馬県,25.03766292981023,119.38646483153535,155.65890364633245,42.45644998903599,8.532820214122115,1,76.43707811170952,10.0,0,0
55,1,滋賀県,29.26100214033943,119.34865553581996,177.21999128320007,46.577817713501155,25.859610473793477,0,114.47247287136452,10.0,0,0
44,1,静岡県,21.76017474871344,103.37582532585176,31.77502075182268,41.23991383514022,10.753452568221904,0,119.51843025658013,10.0,0,0
55,1,熊本県,26.35160401904152,120.66349082462219,187.91384644092815,37.98315620220726,8.862407867255166,0,77.16998891253262,0.8026159451667015,1,0
61,1,東京都,27.39429127117354,124.91474479858235,126.72163944039413,58.61535111703583,99.70786654673817,0,90.16734707055961,10.0,0,0
55,0,福岡県,20.214743820480013,117.78174995589356,24.493290196146404,59.205983395070085,10.604791810573824,0,80.34357290819837,10.0,0,0
57,0,青森県,20.41557597734769,91.7372293764105,25.824439600609534,40.71790780201775,6.465798690633433,0,99.96177264994184,10.0,0,0
41,1,愛知県,25.55699893881707,114.94474908879492,157.5604884041488,40.659814633463284,23.723804487421912,0,94.49861780322743,10.0,0,0
63,0,広島県,16.571042185727247,105.08664032461438,58.390586079905084,44.232044699864225,3.6463649897302206,0,94.47286159383731,10.0,0,0
56,1,静岡県,21.951706673994543,125.95192524423723,40.40023825213682,50.35288229206189,17.52821042397546,0,112.01543393960768,10.0,0,0
61,1,兵庫県,27.764875919372994,147.05431052522087,48.98116187624587,54.2612324129384,21.124773719448743,0,123.99270097777514,10.0,0,0
68,1,静岡県,23.26507675351713,140.16927528537877,88.81465624519983,41.87044332998307,3.1834943627489816,1,102.38834877580862,10.0,0,0
66,0,山口県,25.030504232600027,119.97657048945769,180.37487671819767,49.10182763173896,60.38895971210822,1,95.92767231438945,7.4151416596429955,1,0
49,0,大阪府,25.818657506400907,129.0581153186303,58.706407242330116,42.05388050331598,12.897438602125785,1,71.37824353883985,10.0,0,0
50,1,千葉県,21.294059759427498,124.13126458183204,57.748701853554586,48.31278277487582,4.789831763071513,1,99.58918064233009,10.0,0,0
66,0,大阪府,15.73074470924413,127.32763970295339,148.4738294018768,67.72216824403588,25.993350510341227,0,95.92526113108481,10.0,0,0
66,0,大阪府,21.03695101779953,144.5955694082323,86.74496561738741,41.35835144058537,14.064254445173582,0,94.16229932609959,10.0,0,0
73,1,埼玉県,27.82833210168319,132.707821257843,59.59233316163837,41.57984333140962,10.604968039848167,0,86.89183203557334,9.514942505585276,0,1
67,1,福岡県,27.511186555284496,117.88288145453436,92.09710184144684,58.70536305314493,82.12131199610602,0,93.51877443023123,10.0,0,0
47,1,神奈川県,20.70381703962576,120.99981051891042,53.33550214723773,65.21534793708598,17.744350050188928,0,74.05274566824028,10.0,0,0
52,0,愛知県,25.521977586986555,112.87922827752999,25.5228014755474,41.137873252617545,25.454066413794227,0,67.80923983003356,10.0,0,0
55,0,愛知県,24.521750480415683,130.36680851175393,128.2331056133361,40.80863944753552,7.5131295022414,0,120.53849250425121,6.790525316761671,1,0
73,0,奈良県,27.494599051773168,155.46277359171705,255.5408868087031,39.47871532202617,19.8666417797525,1,91.36739325783876,10.0,0,0
53,0,熊本県,22.574081059567973,151.55147511157048,140.46660003554646,42.169209125831685,16.23388647978909,1,101.17826310053066,10.0,0,0
43,1,新潟県,30.362915340628216,124.44427227537857,119.61372524463239,48.4379147844715,12.303004084410167,1,91.56746555526628,3.3207801133669035,1,0
49,0,静岡県,27.175372860975013,163.04501516895735,146.44252099513224,40.79830606741603,33.43729343424823,0,94.00677321834353,10.0,0,0
45,0,静岡県,25.723124623336062,129.7103738845655,120.23815488050532,42.77284504675158,10.742926404843361,0,104.65987134661664,10.0,0,0
73,0,愛知県,21.854908040565586,123.12392195110912,100.91801925959847,43.52153604222599,7.6969545529681,0,120.43624408187793,10.0,0,0
53,1,福岡県,25.34276996458869,116.34470135151442,127.81275806100346,51.24846059337089,17.701633978808285,0,115.09050446378242,8.794150398818367,1,0
45,0,埼玉県,20.20850858984201,84.87518377816286,89.08788312469122,42.03019167491628,6.981022555477467,0,65.25080803285404,10.0,0,0
42,0,鹿児島県,23.890706920613635,131.22784189305796,137.08574169705247,43.77729217341331,35.87067502786645,0,67.47918642714573,10.0,0,0
49,1,山口県,32.94638770925661,128.73412345284686,108.86985613447898,40.77377976887164,35.18997887085057,0,80.51999505636684,10.0,0,0
55,1,島根県,26.27817428980581,136.6321874891426,44.845946001024124,41.843946976265926,7.057988027363814,0,114.248473126045,10.0,0,0
67,1,青森県,24.177108432335977,140.03700749014607,265.36985456456256,58.29944462332704,16.957027946820844,1,79.33914942622081,10.0,0,0
50,1,和歌山県,29.831257636742468,136.86224476774356,59.159152807638634,41.603964393390825,4.7618602210045164,0,86.68470437477477,10.0,0,0
49,1,静岡県,17.025200058780555,101.74196643793287,50.44457890979538,57.01151888072589,5.134664030545669,0,77.86741151851679,10.0,0,0
58,0,兵庫県,18.41459208238764,121.5255821339007,98.44568676032551,41.4333453512979,12.722244557602526,0,79.36239715009378,10.0,0,0
70,1,栃木県,20.978060515937415,129.12362611855272,102.05733107676502,47.750944644666134,12.944527549270612,1,91.51042178745304,10.0,0,0
63,1,神奈川県,20.481535412299294,116.99932609901677,114.53987754880684,41.4280688237712,16.90352071269714,0,85.40643723059758,10.0,0,0
62,1,長野県,25.166462109641603,118.49100922097878,108.34991253295986,39.17804321000158,15.848139530079273,0,85.69719357678032,5.529705940223328,0,1
44,0,東京都,20.393635484042143,100.96845921188218,71.69691671000601,41.62980841974551,3.987938594721019,0,107.98099787413584,10.0,0,0
54,0,静岡県,18.75611239280994,132.6128889735883,78.78389513741583,41.65498036645808,13.616707994313128,0,113.93084855159482,10.0,0,0
46,1,北海道,24.47508802017322,166.414321099519,152.94358021328503,41.90487766189231,12.68072886839457,0,75.1237100175153,10.0,0,0
68,1,千葉県,21.954492568524536,138.23201879661534,49.24789284418896,61.40015487726035,16.85523036943468,1,94.09950863010644,10.0,0,0
41,0,大分県,23.68805233624061,138.7150922118451,49.00684784705596,55.615942425503306,20.549358769958268,0,98.17675541073737,10.0,0,0
58,0,鹿児島県,19.883127069185228,92.85033474056776,43.209309166308294,41.39892947637213,4.900780903239716,0,100.1648518697947,10.0,0,0
58,1,埼玉県,26.108532087762722,139.36042093801075,162.49972813574544,41.706939440690675,35.33210772681542,0,112.25128090101656,7.006513334097076,1,0
66,1,新潟県,20.182999394885123,126.90881733789755,111.35331987827168,41.5714303170886,10.08753818900324,0,74.42098284760687,10.0,0,0
49,0,静岡県,30.91425944808057,101.32714656927703,120.06712866750016,55.20079349764023,60.278829077121024,0,103.8468813283018,10.0,0,0
48,0,静岡県,15.97284339718218,57.37067533513669,69.46696243480764,39.74493322200981,4.113810446125476,1,65.80034751646177,10.0,0,0
50,1,静岡県,21.195160281512795,121.97605150092447,68.27636187657384,47.31485688930136,42.07548626768638,1,106.03192745522544,0.12046543463381246,1,0
69,0,岩手県,21.212857107859747,146.25113556756344,81.52636323517208,50.36839274683206,8.667558057261969,1,107.05099562583415,10.0,0,0
42,0,東京都,20.75732560081865,130.91322727837866,85.55273221050368,50.3833638019832,56.88311834483188,0,73.10003216030478,10.0,0,0
54,0,神奈川県,27.36070345156607,121.30373899556199,481.9725267065655,41.35810312702063,14.955012714442528,0,107.51813794550478,10.0,0,0
52,0,静岡県,18.922240321243283,100.8255986840248,29.2517493935092,54.3066593841333,6.341404314957101,0,101.19148595902034,10.0,0,0
41,1,愛媛県,25.255600607867233,117.88428180577313,116.13820999523965,46.98057539220689,18.043851494122848,0,89.01746275590685,10.0,0,0
59,1,静岡県,22.56982533771991,115.74037133377796,61.33810842567278,43.570739831679944,5.06487216310007,1,65.73963456224944,10.0,0,0
51,1,静岡県,32.90114116165777,134.76975229141357,190.69172568143716,41.27650887054595,68.29665596956174,1,75.34952449798213,10.0,0,0
45,0,静岡県,27.870573135668135,137.40971443657182,44.70246151485982,68.10131242066576,24.54641194885024,0,101.63031345503249,6.979480663742683,0,1
52,1,埼玉県,26.040084016219076,123.80701647881511,74.65256641366423,41.02846330503126,23.570991121868513,1,102.39325796044272,10.0,0,0
50,1,静岡県,24.155928848711174,92.71175092222414,92.1157871135258,40.42617942844305,11.037559192169267,1,60.061575570107856,10.0,0,0
61,1,富山県,18.69100705516717,107.50996213494398,57.12393950544498,55.0676200496744,9.580283366670143,0,102.71802197451223,10.0,0,0
59,0,神奈川県,27.542846986733572,125.93364908377285,100.17502771433365,60.89545416323653,54.69202270294293,0,97.1667204804589,10.0,0,0
51,1,沖縄県,22.454746401489338,139.60568585074466,68.83179203849606,58.340307896994716,19.919373350028273,0,120.18939525539872,10.0,0,0
70,0,福島県,18.815726250616002,112.09994555097136,63.74839175924165,40.93358421383479,4.155356901466057,0,73.26664696985635,10.0,0,0
64,0,愛知県,18.83349141226919,96.48142138938273,74.81563045528176,40.66534132578826,19.72161852984076,0,86.32338273153402,10.0,0,0
58,1,静岡県,24.375046014733158,138.27540514939696,35.00959971660786,42.21509719826958,15.249079006725621,0,109.5166746469961,10.0,0,0
41,0,静岡県,19.651602380155165,118.12946208319099,37.80094653318092,53.472929951951734,6.298726999489754,0,94.79515464313926,10.0,0,0
52,1,愛媛県,22.69390700984939,140.904416257416,28.862383016352567,54.35407478031593,6.3883541022304735,0,86.90246413110788,8.883191987174346,0,1
47,1,長崎県,17.99759706839871,104.56905703531638,39.92399269707017,50.24719818710974,18.195482634562662,0,81.97759299125165,10.0,0,0
61,0,岐阜県,21.1654923765788,125.2195011046971,13.672880648423773,60.81158346742443,7.004789008556028,1,81.98520355834334,10.0,0,0
46,0,静岡県,24.476211022631134,104.12529669039259,85.25863567698151,50.676259940640584,33.52669383263098,0,91.88618295587699,10.0,0,0
46,1,静岡県,22.742603248068487,108.9208644153554,166.82215503729375,53.60276524832913,61.45142364082855,1,117.34796883748636,10.0,0,0
42,0,京都府,23.042595598602112,94.01783158724567,91.06283397591137,40.34664897942041,8.864851365611122,0,65.87458307729771,10.0,0,0
49,1,神奈川県,23.23263171284032,130.74080801744174,43.856221763542074,55.59902353430416,43.58968250908423,0,82.60423757841815,10.0,0,0
61,0,愛知県,23.74838781793007,138.01771905058118,49.94308119957233,61.35468474064987,14.015195602580304,1,95.9874623972867,10.0,0,0
50,0,群馬県,25.84201236724649,96.27899896536984,126.03236168049338,36.141112273325646,17.813605487082068,1,70.46998624617038,10.0,0,0
56,1,静岡県,20.605393700070373,104.19378757828514,135.82989830540947,41.23988633645498,6.275602183540251,0,74.42057516979754,10.0,0,0
65,0,岡山県,26.79271399684396,126.75081345468388,63.25375364549171,58.69736764374948,14.116332343933125,0,74.01147090300593,10.0,0,0
68,1,鹿児島県,33.69308557355117,141.5396017271666,174.0028745625546,41.14136423768445,7.269122338704667,0,95.29378928118808,10.0,0,0
41,1,三重県,21.79733851144503,121.00890437692968,24.876266248530214,42.81008762385898,10.994806604754094,0,73.19250312501458,5.3736254483738355,0,1
49,0,沖縄県,17.025203386245508,117.7298633446819,10.796512801468696,47.746468924973236,2.8625342985218327,0,108.18999164967639,10.0,0,0
55,0,沖縄県,23.413744600322136,155.25705698780968,31.782638797615,40.95757393459701,6.8276430749284085,0,76.14662007126054,10.0,0,0
46,0,広島県,21.796117918507974,63.32843341929314,97.51530474799176,41.33348060663523,13.596999779023513,0,92.6893696981961,10.0,0,0
49,0,愛知県,21.09692624712548,128.46833723302058,97.1840152630068,60.50395888969206,15.793596590684981,0,93.21821022408761,10.0,0,0
57,0,岡山県,19.738903863355915,108.98622602539548,148.69322671109745,40.72982605836129,8.14207622955697,0,82.18246012707117,10.0,0,0
70,0,東京都,21.95607332625386,142.36552525917747,169.688751780709,53.09803571375077,35.45733724861749,0,110.2008073962731,10.0,0,0
66,0,奈良県,22.031608674816496,138.3374217973914,105.36050679508594,47.398817796867476,1.4244416269512554,1,96.52775247396181,10.0,0,0
60,0,静岡県,21.61246274845179,116.79239799636144,48.53006144419902,42.17931182189664,11.936843711967658,0,93.42441269979098,1.557878679269575,0,1
72,1,東京都,28.27523041403403,129.93753390300068,91.55470688067321,61.381469577275794,14.933264282328853,0,104.47417090741212,1.1414702983160239,0,1
59,1,岡山県,30.72922852699999,142.85875828210368,53.39094306529641,42.50072114901277,9.292838474767004,0,71.44862704315507,10.0,0,0
66,1,静岡県,23.842434478078044,129.06159678099093,183.74910972410407,41.97262061734032,17.607543429786745,0,117.25657352724781,10.0,0,0
66,0,沖縄県,24.630585459175148,159.60696014474036,155.42283278577386,47.703186909250405,48.903015896603826,0,59.93329148557401,10.0,0,0
71,1,熊本県,16.550502136710154,146.02232035290785,25.907550264132542,70.00613080648897,4.168685058036391,0,98.81766095997152,10.0,0,0
42,0,静岡県,28.893604686251294,138.02908891541796,129.95922640141347,53.637228892962035,27.31019581528596,0,102.3780001019609,7.16457093479172,0,1
47,1,静岡県,25.284466554643934,109.03140639310749,108.16990047039549,44.29248605215965,27.712045263323898,1,81.29383253477839,10.0,0,0
45,1,静岡県,31.670648089337618,126.823976065736,137.093508516913,51.181581000671976,4.46440775993787,0,92.11715259761385,9.986200931067966,1,0
63,1,静岡県,25.842200426007526,131.92449827035503,174.15122288835218,40.697236608184625,42.576902313218426,0,88.55275137817387,10.0,0,0
68,1,新潟県,23.521948422261218,120.85444466311735,131.9632149443122,41.480061252198695,13.059459560050039,0,112.51233958785129,10.0,0,0
72,1,奈良県,23.604473586545755,160.296528572263,136.6408459725106,51.55093730131392,18.940931057568616,0,105.28406741489633,10.0,0,0
72,0,香川県,32.22062226434584,171.52651622272984,241.00263238509373,48.40019568639085,32.83013473246466,0,95.78561766925785,10.0,0,0
72,1,静岡県,27.16109660656872,141.01713306704116,162.85894441757034,42.5662272063697,5.7966907150129305,0,112.08152554591956,7.734880652783059,0,1
47,0,岐阜県,23.695479337974728,119.44879521936774,80.61249027327769,41.23049084755911,25.456811587454315,0,69.0380215166919,7.654781555542112,0,1
61,1,北海道,21.375819180470387,119.30170861600608,68.59524287197081,41.62420571591021,15.45734161372812,0,96.49740075803139,10.0,0,0
40,0,鹿児島県,25.021878388208698,129.42750277135923,59.52262316063887,46.053688273399665,32.53463887620205,0,79.37995648433028,10.0,0,0
55,1,大阪府,22.290342405137174,116.13563123046818,46.138502163626725,42.33453297740992,51.4967837501841,1,71.56644561307635,10.0,0,0
42,1,埼玉県,19.41504788037504,125.34464164947059,49.24267492015307,53.35351195966896,3.42635840285402,0,79.19661826868406,10.0,0,0
63,0,静岡県,26.42724867331471,119.69428106072827,75.49517536484723,41.34727492613558,21.138464818866687,0,103.05450178483181,10.0,0,0
42,0,静岡県,17.456634522401867,138.36082297553787,52.81238184654838,42.607604527996564,0.7903853621943377,0,103.88855416759459,6.05118438468016,1,0
71,1,北海道,31.239671670643133,152.11104606172734,91.61258591868598,43.58512419724173,35.1096224821361,0,102.84135997036941,7.724689689239807,1,0
70,0,千葉県,23.053528020143755,128.1074283461838,50.060858170913164,30.909208353942326,5.648606983661799,0,78.57145029128573,10.0,0,0
43,0,埼玉県,17.095783210908696,148.9358679658333,42.615184017350806,40.36392995023928,2.8161472415796815,1,94.62382746627408,10.0,0,0
59,0,静岡県,23.8328573124247,126.50600010044471,47.50761411881971,40.049534116603795,12.4353517100434,0,98.0757423167086,10.0,0,0
59,1,神奈川県,25.32496492831383,137.81568263439485,102.1741050550227,53.641726322819544,20.58037024128294,1,76.43587434230781,10.0,0,0
40,0,静岡県,22.115025003539806,167.37553674360677,81.94867170593518,42.32054721096716,4.66304470869452,0,100.52073282517533,0.8448220159283745,1,0
45,1,静岡県,28.41496240279138,161.23932658612006,98.7946968969539,42.59561976005313,33.00219749953676,1,97.96210611610289,10.0,0,0
49,1,静岡県,23.786784560991027,122.11956370753435,51.40794599334041,54.506913854547854,20.158159244492857,1,91.66151738209118,10.0,0,0
54,0,熊本県,24.84474035656857,153.05731214192815,69.03157809076671,41.52995644241453,63.44778006165326,0,110.54824127699362,10.0,0,0
42,1,千葉県,17.337369841372222,110.44262607919921,77.776612665658,53.977838477188065,14.473736647376514,0,98.12697009871884,10.0,0,0
47,0,静岡県,24.88294476416483,102.16604107320572,127.06052603207551,41.334621430814906,26.743335955317903,0,100.63388062719682,10.0,0,0
61,1,静岡県,24.682946620334135,146.00887309650273,86.97000265575682,54.68480714202909,14.523090303947194,0,103.25887177719962,10.0,0,0
46,1,大阪府,18.838345645297654,103.2129190405184,39.891745893003616,51.57737951047725,2.569323118592253,0,88.41627528827604,10.0,0,0
58,0,富山県,29.12444580088916,143.7051335341711,171.07184750515796,36.135606908358575,15.658359465497805,1,86.23808640063652,10.0,0,0
60,0,静岡県,32.37235232754135,148.2006608229715,511.59706538890623,43.78365178440128,19.286667587739547,0,85.98695616488152,10.0,0,0
55,1,大阪府,28.78687064428621,118.09696208242374,121.89264855305598,41.23991443084745,6.489222516975986,1,92.99145773795871,10.0,0,0
41,1,福岡県,25.491211645036767,127.61871883476454,88.67181248138057,42.60110332106735,14.633294996327567,0,87.75159844795556,10.0,0,0
74,1,大阪府,23.68126270270465,155.60138742184222,173.9705528942698,42.481466481307294,16.84280815724633,0,116.62239345352413,10.0,0,0
51,0,福島県,28.77437215053511,121.04732826514716,191.23997990873337,54.51395512263527,26.653578165926028,0,87.33918259927025,10.0,0,0
45,1,静岡県,20.153953569269344,119.35024263416014,76.42684638732895,53.42931815440548,10.747055481701796,1,74.18440473678787,10.0,0,0
42,1,東京都,24.71018404473211,111.03466725001464,93.16682095943462,59.32861932940427,13.660950402994745,0,120.51005905195117,10.0,0,0
47,1,静岡県,21.168963451465405,108.70142753394948,26.28877778592532,57.560778549654806,41.33387373314046,0,91.5883110592092,10.0,0,0
48,1,大阪府,18.046000106273393,89.1475765620888,30.495554667734062,59.58264224185605,4.358669964356409,0,109.79130149282402,10.0,0,0
66,1,東京都,26.332428592479513,130.99983718646686,101.4671093572791,40.60602054069963,22.05785617131036,0,74.17011107049814,10.0,0,0
41,0,静岡県,22.830588079581716,103.60746070038842,41.06335836368445,40.34216353410124,6.572185987483615,0,76.98910475352247,10.0,0,0
45,1,愛知県,27.1073861964628,101.61869391496842,26.471565166351226,47.768145350561284,8.130047568215968,0,79.69947940542056,10.0,0,0
52,1,静岡県,23.83337029814081,121.18834548631018,68.99880839826707,42.37574776314024,21.94920455308717,0,104.64708188328872,10.0,0,0
59,1,神奈川県,25.61972378419043,116.6781551251024,117.03687979849063,43.03152523112744,12.29362540516992,1,103.87924236614165,10.0,0,0
55,0,埼玉県,23.891212047720476,134.22128741425658,141.50487960591514,41.222671773114,2.3261060508596096,0,87.64253748557387,10.0,0,0
58,0,静岡県,13.912708439192098,117.22373436248127,94.6310385003213,62.17944112237785,7.352680593471368,0,76.63923099251552,10.0,0,0
53,0,静岡県,24.617171560771027,111.12364856796641,177.32422724380572,41.150800249281275,21.505629008485418,0,95.21117583104731,10.0,0,0
46,1,神奈川県,25.06297921154786,98.56818806819106,34.88075160292293,41.58878787614407,5.540390144691294,0,69.58995757123341,10.0,0,0
57,1,東京都,25.900111704959418,135.83288109180583,136.6122528659943,57.26487500183417,117.2749312899736,0,107.23183951553789,0.33114988551194574,1,0
70,0,滋賀県,23.663590388207172,125.87182249850717,213.00271608203943,58.54278846869109,15.502036417696253,1,87.14470395511465,10.0,0,0
70,0,滋賀県,15.930486497001846,138.30420808483882,53.78845904356026,63.19731364598637,8.505576562971331,1,83.39513424482304,9.29148819006534,0,1
49,1,長崎県,20.772546232326352,128.056807133263,91.60382701052262,56.76452650698376,8.538397085723417,0,107.67868671442929,8.82628670202904,1,0
52,0,大阪府,25.256339846410818,136.23160010567867,121.69746722032285,67.97591942557122,17.690822657499826,1,115.21403399439833,3.438986274897772,1,0
47,0,高知県,23.34918219084511,119.67688408418725,115.8501283649245,42.33189758001906,16.982462998928185,1,86.15218101848478,10.0,0,0
73,0,静岡県,16.13324668777737,123.77662584623415,59.31631484695702,41.90708708959401,2.3513056998370985,0,120.69799186740963,10.0,0,0
52,1,兵庫県,25.16611084360874,121.04696907134888,218.67567731855914,41.14531954049358,19.568387777651104,0,114.4437993576141,10.0,0,0
62,1,神奈川県,14.829420865119207,120.02267485925542,68.19684949452488,41.27126259623972,8.838440796579963,0,111.3128074045871,10.0,0,0
49,1,静岡県,18.73594019835562,102.3696561595289,29.571933869688245,42.1991792006798,6.342843983467557,0,70.50854391096719,10.0,0,0
68,0,静岡県,30.055377226647096,103.5558077915653,277.8659176741307,58.69227993372705,36.985987483863255,1,102.74058099074043,4.295629511461408,1,0
56,1,静岡県,23.319641876888483,89.13374788986117,128.45935841502407,41.90627903078359,6.331192476074305,0,106.990864568074,10.0,0,0
74,1,新潟県,24.831770427899585,160.31781033565903,242.5458591386747,40.93006890217893,14.150135810007269,0,114.23791434205263,10.0,0,0
60,1,宮崎県,30.403060020689036,128.04094457083008,120.20435410189779,63.603613601060985,36.57147934652373,0,116.78134788729136,6.756346694903878,1,0
59,0,栃木県,27.159468418649208,128.21924068411388,127.43701193359168,44.409320375515506,31.084506532274375,1,106.22577751504973,10.0,0,0
47,1,静岡県,19.68721850774153,111.4753507876428,117.59183404685844,55.73687970579244,14.805059081455225,0,77.00215174267463,10.0,0,0
43,0,熊本県,27.480571452676294,154.61912016946192,170.30867598647384,40.81132420390217,22.04473599394719,1,81.88501559689522,10.0,0,0
46,0,静岡県,29.86371518153389,134.16254305158643,56.18563166995823,41.976157246514205,68.00499156152395,1,100.89676155032687,10.0,0,0
73,0,静岡県,22.414744882680505,143.77819400122553,198.78991756073125,41.78899633559847,11.193965875252687,0,121.15736976303643,2.7591921421881813,1,0
41,1,神奈川県,27.094714118862466,126.91795702905847,164.232090697049,41.145062915354444,23.034904786811996,0,93.34095787878407,10.0,0,0
52,0,静岡県,24.17728812627793,129.60945026605356,77.03458470458327,41.46393126467945,18.340080992094062,0,90.5662657347085,10.0,0,0
48,1,静岡県,18.322923601726924,120.24136831257275,101.21225163175241,53.46377300532025,28.406477318332424,0,107.60420381094967,10.0,0,0
43,0,愛知県,25.215088890976148,122.25079683266378,75.04705419954163,51.4861522948608,65.44167292922661,1,94.84192336842199,10.0,0,0
69,1,静岡県,18.995214238851727,92.63477316283743,31.65971408544667,42.23252357171638,3.0579844583972475,1,75.77232360755488,0.8562587692729425,1,0
47,1,大分県,23.67776013692526,120.94397158394199,56.42530185184827,58.58251190816629,9.765871543004549,0,74.501289430721,10.0,0,0
49,0,静岡県,18.122526909398417,87.5992271254807,55.114053563877555,64.08967883289637,77.31790018010248,0,91.41287113625005,10.0,0,0
70,1,鹿児島県,19.33490555950927,85.164047241915,55.753746446144795,40.283941804412905,15.519910319821946,0,118.09106767166277,6.426305998157872,1,0
70,1,大阪府,18.223027605085747,133.07663137004408,33.73450993323672,42.013223348618546,10.591334052011696,1,73.02930184841925,10.0,0,0
66,0,大阪府,20.147801785214654,115.83200433790141,119.70955880551315,40.01762140186623,23.66385635099311,0,79.41594344567662,10.0,0,0
56,0,愛知県,27.314587994480924,150.2953348514701,55.895143806871936,41.59559080496519,19.26766057741631,0,93.73241099229743,3.2233252017528704,1,0
48,0,愛知県,22.577105587278197,111.07245338073609,50.005420641818006,54.296970095029316,15.689891746716105,1,97.39048663472315,10.0,0,0
45,0,静岡県,26.11949852140596,107.25319153463978,193.67849259465203,57.86690795818177,7.772130259792193,1,82.39769182715645,10.0,0,0
67,0,愛知県,28.331581525986998,134.4780105575742,114.42111519537944,46.030075322934564,11.33032631259147,0,89.77046314623249,7.449898561789276,1,0
69,0,東京都,20.802103181254815,97.86568600137757,75.57760075247806,35.68213472046966,2.5102081966052276,0,75.34482111164476,10.0,0,0
43,1,静岡県,21.16734069663707,90.12852802176816,38.15458771001264,40.662610467868156,11.939155222731952,1,103.75583812391581,10.0,0,0
72,0,静岡県,28.611337520548783,138.71457148746427,218.51546692688032,40.51459547275424,48.13171687190445,0,97.25179370636216,10.0,0,0
57,1,千葉県,26.79876311591119,154.68525526650785,24.04131187844455,40.64520396170332,61.77314951583461,0,89.71176040284328,10.0,0,0
74,0,京都府,21.796635864206152,120.1950396266323,53.471268501747794,41.49147868512096,13.860199777931754,0,104.61083171455255,10.0,0,0
45,0,新潟県,18.301944119693797,148.3371252004012,61.709268246257984,41.80915220905526,4.831134155458407,0,69.38815642111787,10.0,0,0
54,1,愛知県,16.624689517956305,106.78648603022208,46.215280382989874,40.60611926693592,3.9684523835146095,0,74.42141085297867,10.0,0,0
41,0,高知県,23.675730962875214,106.21790779535654,41.28273999903675,64.71758256227356,19.773753177534584,1,87.34274551096044,10.0,0,0
72,1,岐阜県,27.57705082959098,137.2250313571401,328.3960340449526,41.243593009248634,42.14213754921702,0,96.53053465605686,10.0,0,0
53,0,埼玉県,18.70445802274117,127.17207368040215,87.30322893197861,41.975998167306045,2.207740673719963,0,71.89165815433726,4.805772454854357,1,0
41,1,沖縄県,24.322023789585504,108.02472385601455,207.56389346535644,46.797270474167675,14.935079844300363,0,111.02909789232694,10.0,0,0
56,1,静岡県,16.557191642636557,133.185419149001,48.49377076796413,60.50956453103682,8.706484718742871,0,97.10754387490728,10.0,0,0
56,0,岩手県,26.34898832940823,147.03274708347504,53.39567281570823,48.68307394839162,19.236866511078127,0,98.08655221979573,10.0,0,0
62,0,熊本県,23.598625879212552,128.99916904488794,67.48955129759673,41.975017914417315,2.038916576993721,1,120.48411093929145,2.7623114986399933,1,0
58,0,静岡県,19.800293190913802,108.33412801499644,56.41248003190194,40.91177235840039,7.693957421422792,0,102.43455566429836,10.0,0,0
71,0,愛知県,27.589284665502927,176.78960950784526,82.10874326256673,60.92055710492477,4.684008114661387,0,88.53950054075403,8.347086525822746,1,0
46,1,静岡県,17.104347953903055,136.41867053834508,53.23061364225255,42.52314942035168,30.369339208001833,0,95.13405771256623,10.0,0,0
55,0,愛知県,18.746865500120414,126.05608323525558,83.94880716527948,49.671175483128714,6.27807869500357,0,81.44350263578382,10.0,0,0
70,0,静岡県,19.624454038217053,121.60970000965993,120.39360232060419,42.482144311819034,44.07476642547517,1,94.84600125837441,10.0,0,0
63,0,静岡県,20.730999710963633,119.97950610338931,57.8671941552202,41.19455359704989,12.12857793951014,0,94.81509077762936,10.0,0,0
52,0,岐阜県,26.040294979829216,125.95925201405538,187.78641366098282,57.002322753827784,20.891275079439126,0,73.24115563326278,10.0,0,0
46,0,福岡県,22.10683364900569,133.99961798770906,34.90713710235556,41.90929517443651,3.2364053809700573,1,97.27895209486033,10.0,0,0
70,0,東京都,27.700440030676827,109.99794214091023,268.6853464626278,41.84378321547341,39.76014831890589,1,109.14060810652072,3.8057846741425423,1,0
53,1,静岡県,21.811058302982754,117.99735101842317,34.878547632243794,41.95829905398745,9.347916571925346,0,100.18592928771012,10.0,0,0
60,1,埼玉県,18.61050470790017,120.23162316896337,91.12655413439016,41.99295405200304,16.655272862719112,0,91.15389917140732,10.0,0,0
69,0,静岡県,28.600082175270558,148.87549797793002,31.789092620836946,59.83832893205577,29.30045856965645,0,83.4008563013608,10.0,0,0
49,0,静岡県,16.364757497142048,103.20408415989766,159.2689101594796,45.92336495410652,5.038114842020096,0,104.4900499346523,8.04642653852575,1,0
53,0,神奈川県,30.705331512419907,144.8849238070928,118.69161264834626,40.74596593250686,28.24446607355968,0,100.98281717857324,10.0,0,0
64,0,埼玉県,23.963296943910432,141.37282830782055,188.66745050185477,42.651988639897716,14.191490603664937,0,82.14966368206046,10.0,0,0
61,0,静岡県,20.79478656919786,115.84636550362772,115.42890675608889,41.36299149715077,5.408481060768139,0,103.5461155395499,10.0,0,0
51,0,静岡県,18.569489189467788,113.06156990066664,56.73500972875559,41.03669758879577,2.185349945702139,0,102.97349746090526,10.0,0,0
52,0,山口県,21.20941092253035,107.02130194885561,35.58325823613959,52.93106561093508,13.686166104434783,0,71.3442924508522,10.0,0,0
62,1,静岡県,24.442368527304737,131.49065426268865,26.24161483470699,54.17385959384803,28.5824590182783,1,102.38778446559948,10.0,0,0
72,1,千葉県,23.32355923845118,159.66088595307258,133.07796516592873,42.82689724194989,10.629540914593008,0,124.7393946262741,0.2710000758968236,1,0
71,1,静岡県,15.222307576451888,73.00677708783917,93.1773819277293,37.231158550273314,9.958219032854194,0,79.65391211703991,10.0,0,0
70,1,福島県,24.979900502239815,140.1658711168439,87.1170598246448,60.81197078323548,26.008732633399305,0,108.137849818504,10.0,0,0
46,1,東京都,15.83468147531709,72.78756500997765,57.77772997992337,42.659247964810056,12.532173568157235,0,104.74784223641065,10.0,0,0
73,1,静岡県,28.825964735624428,133.1609220535419,150.1253754325171,63.60067022640075,57.99434306731514,0,98.95823729974826,9.901889257492677,1,0
46,1,静岡県,19.170979991888366,83.51024295286281,38.45740651893359,42.37549163178196,10.436443888431226,0,60.05029246529928,10.0,0,0
50,0,福岡県,25.43164005809447,126.59598724209518,86.0449245037549,42.31962800111943,17.39539176396831,1,117.89234706646282,7.379634533071605,1,0
42,1,東京都,17.289839137871454,83.96820941355014,79.77489949308587,42.43125252485581,16.90048074617251,0,99.93272328457256,10.0,0,0
43,0,千葉県,18.417658983222427,66.07294896846913,9.262450094378833,51.41245778355088,4.719601855982408,1,76.44452048090217,10.0,0,0
55,0,千葉県,28.443744802151166,136.57361690141278,64.43117437776664,63.602945984426135,44.278395346310575,0,96.52227491903928,4.275579993846922,1,0
54,0,埼玉県,26.652205268809585,85.4002224609327,113.83599279949644,41.43747318512274,9.132084935712935,1,66.58608642105307,10.0,0,0
54,0,静岡県,19.347162556305165,108.98134045904922,105.70983801763771,43.06745200948631,4.3360291122373065,0,91.68182277200249,10.0,0,0
70,0,埼玉県,23.2113026751801,123.08525817689468,59.11684208896337,41.69812092624664,10.194062602584369,1,94.1428159976052,10.0,0,0
46,0,福岡県,24.491703102631707,126.92976604043011,20.072889472859224,41.07555140365302,8.742741887885124,0,100.0,10.0,0,0
66,0,愛知県,15.75063668998944,95.65545135239435,40.993780077356156,56.797061964193176,17.429805383315927,0,91.14715243829059,10.0,0,0
46,1,大阪府,22.98279378152877,91.59706998220709,42.51733395304015,53.403442713147285,15.259143450383375,0,89.8020420301385,5.875596269154098,0,1
41,1,岡山県,22.479896102686386,154.6739407607616,44.5613291367854,41.27631677742813,1.9663779877883372,0,94.84292476937628,10.0,0,0
54,0,静岡県,24.814568081296173,121.66710368573659,67.37408900805987,41.69059856036309,8.627457605375561,0,108.67918754526542,10.0,0,0
41,0,埼玉県,21.05961352461454,119.9182987592808,79.62174105623458,39.39580780963416,7.312838551841498,0,92.97701783171125,10.0,0,0
52,0,栃木県,18.75462393645721,80.43879063884157,94.31356792984718,40.685181269400815,18.846877560870304,0,66.66113024327481,10.0,0,0
49,0,神奈川県,30.111038900257768,136.48290404092415,264.81647133673005,42.08084426560757,30.883738416333887,1,101.96464280788484,9.565139440258172,1,0
51,0,三重県,25.06089384527235,116.08669272963712,79.07451349864827,41.145281827014045,21.741717959869707,1,76.80719622348798,10.0,0,0
46,1,山口県,25.074234667238606,114.46269102869807,109.34342436516683,41.14086037190888,41.142109646637415,0,86.12022391839865,10.0,0,0
53,1,愛知県,21.303710204494315,93.13206947146062,139.57296375940825,50.6483674057921,24.732593385048045,0,105.99992397808028,10.0,0,0
48,0,滋賀県,20.416353161826574,108.7103065117469,102.2101376641549,43.7621076251094,12.162163328839206,0,81.71661743562407,9.223604381850873,0,1
73,0,埼玉県,24.41363189550736,165.3090878523651,55.665946456501324,42.4567538329906,13.411775920936238,0,73.04707272800744,10.0,0,0
74,1,群馬県,28.60112521393358,159.5997630642135,125.15422220411763,47.28598492002276,48.67223769674912,1,103.05771936351164,3.7522463282137695,1,0
67,0,大阪府,27.779748961647364,146.2235158817615,237.4985935856542,41.58650463342236,64.81073402486774,0,81.6284842597211,10.0,0,0
60,1,奈良県,18.64669591926382,100.93701039070834,49.579292978751184,51.23017299510738,1.7904845062851173,0,86.0703379801553,10.0,0,0
53,1,福岡県,24.894558588318684,134.72578316437531,106.42529029351482,40.168893377191225,7.948493875975471,0,95.29015278401887,10.0,0,0
66,1,千葉県,26.297598960897407,124.18237172814091,123.9900271580617,40.66336666196532,16.84133285497366,0,94.56846546799878,10.0,0,0
73,1,静岡県,27.88354983729541,166.29697020622567,121.71649756071857,65.2391589923922,26.848821790312165,0,121.42975616281382,0.5200344064828926,1,0
65,1,北海道,26.353322247428338,113.74914085427451,35.49632217815493,41.18376830840328,12.997950560426927,1,82.01744348624598,10.0,0,0
42,1,静岡県,27.01209759875535,94.12947736859068,86.6299663272238,42.18939258456335,18.61025475718545,0,104.45356869196952,10.0,0,0
45,0,熊本県,24.546110814745983,136.2730548045883,151.4757468455799,54.334986949907666,20.51358251315464,0,103.88517595573305,10.0,0,0
44,1,静岡県,25.48674191572302,123.14584809529113,117.90199855161276,51.35292821439444,15.422266871904533,0,93.70467123977042,10.0,0,0
45,1,東京都,20.422555476237005,109.0447652458963,230.71444117427754,40.77736030915656,14.475686144230457,0,98.99370690074036,10.0,0,0
57,0,静岡県,22.15908307765225,119.70072017119963,152.61681160306162,42.790995063396146,3.856931178127648,1,101.02357788285521,8.685601912962117,0,1
66,0,滋賀県,24.423987033581717,114.63964200410548,118.62782898279839,50.37229751673614,19.64039668364697,0,88.46032020494265,10.0,0,0
51,0,静岡県,21.177823572036715,127.32062052370502,38.880008399555315,40.64312799077078,13.369454904005952,1,91.56668319463617,10.0,0,0
50,0,愛知県,25.165610718014367,165.33238199568873,412.7126130320669,41.19819651582735,7.818121544130198,0,82.37420715522659,10.0,0,0
61,0,熊本県,18.878308670686888,102.33307223820235,110.95060653524729,42.06304519665454,7.3703904557293765,0,116.71036850802554,10.0,0,0
49,0,大阪府,22.79940871004297,109.99292722487112,90.84311463531733,43.048449765022696,5.264078297801139,0,97.08278969623868,10.0,0,0
47,0,静岡県,24.415840827381082,127.23483289032767,35.58053850815398,50.23088013444929,2.6825500916339933,1,83.38129628462613,10.0,0,0
57,1,神奈川県,21.715879025014814,90.43360250204718,36.09938147965893,41.22174073626388,10.035013337389755,1,91.48484532524022,8.389097305564269,1,0
44,1,広島県,26.98081988424795,139.19550744976036,218.75291102091745,41.082609276913324,46.01438389229115,0,86.1406961429865,10.0,0,0
45,0,神奈川県,20.802208985862485,131.57418118382873,29.30424940857685,45.59875859648419,6.269337710221874,0,90.47591995807075,10.0,0,0
68,1,長崎県,20.589928790195046,120.85352330492479,179.0544014265924,52.980589251390164,30.38512126877081,0,89.35100707185276,10.0,0,0
47,0,静岡県,22.412153043296644,134.02882811943888,15.06421312439295,49.71702447922705,2.637674044828895,0,93.73211577803472,10.0,0,0
69,1,東京都,26.734701630514152,119.30460657374874,81.09504599845756,36.27131230318366,15.773931321607968,1,86.51768685655088,10.0,0,0
57,1,宮崎県,20.744514344368394,126.48511326775738,130.91635625588975,42.30468699869895,17.382556119897316,1,92.14657737242216,10.0,0,0
56,1,京都府,23.319081008278626,122.7721076480006,240.4392573944251,41.411515002005075,13.444266831811907,1,82.77092918309127,10.0,0,0
43,0,東京都,26.358164623406598,129.03001744600587,126.62376478732489,35.756736953328,25.460535835053115,0,86.71582725441158,9.52655471477675,1,0
62,1,東京都,23.918741484652042,145.1865875396248,146.65063822991291,46.32139861641046,6.652173369761808,1,82.05887842202877,10.0,0,0
41,0,静岡県,21.334003354128793,102.14556343900402,48.616653222714746,41.73340202031243,14.067970403273671,0,78.361331933658,10.0,0,0
72,0,茨城県,23.808251420589777,135.43410500645865,79.20666871305406,41.771767375147746,12.589094334467973,1,97.64839544871849,10.0,0,0
67,1,静岡県,25.603146651654967,116.30799552818699,37.20557610652095,40.34766890657516,5.5788821182752795,0,90.20957196606855,10.0,0,0
46,0,栃木県,25.764307107773398,143.17553731420182,161.1468244562105,41.738833649638,14.683487727652759,0,88.03277101912738,10.0,0,0
70,0,福岡県,20.17122036801221,138.17099679819202,46.10605949608989,42.00151227025705,4.486039248317043,0,77.20920364351389,10.0,0,0
44,1,静岡県,21.199586912211313,103.80347853029573,72.46937348972175,58.81513602459795,28.46855332502596,0,75.76002515747025,10.0,0,0
73,0,京都府,24.74395488158749,148.9525351465816,120.31414700059314,40.72060092929001,5.355854476547248,0,74.20289024016311,10.0,0,0
71,1,東京都,22.687131856110057,108.77179047997555,68.51935540897767,60.931354442658055,29.34134911783183,1,81.14505620488623,10.0,0,0
67,0,神奈川県,18.757157478957406,92.67982621256097,48.28967983458617,43.057461811827935,2.61978031203355,0,72.68619722259916,7.746158286883992,0,1
47,0,沖縄県,29.593155814408103,118.79874909394081,63.829208533489854,40.48978473717752,3.2090282840166577,0,68.18416502868662,10.0,0,0
59,1,東京都,19.43553843276941,111.72054539783079,53.63477730259035,66.12940396213098,11.699159291334928,0,104.65903299904666,10.0,0,0
51,0,東京都,29.23090494057551,136.47797216815462,354.896584739238,41.22292535157378,48.8857013366386,0,98.95903993665392,10.0,0,0
43,1,福岡県,21.12008423415956,94.0235671151034,10.700723697236834,70.95131323678616,22.51259319836223,1,92.89004712036841,10.0,0,0
49,1,静岡県,28.51850485491663,142.87149158122253,108.42978301556283,57.83676294413646,15.229937648693252,0,95.69049595763175,10.0,0,0
51,0,熊本県,20.049144380376298,130.23259869567676,39.88110938378278,68.4174692736701,23.723175591884473,1,93.11240893143885,10.0,0,0
53,1,静岡県,23.50620431204812,126.33166090379258,59.563828553327234,41.063632278723574,5.5305832477832855,0,90.22587493708188,1.7143449526447254,1,0
56,0,北海道,25.331958264866174,119.98023422131497,80.70052733987328,41.81838657752702,21.511079209181542,1,81.30758376908922,2.2313164750579264,1,0
74,0,静岡県,29.978797001419277,147.6621256157781,63.96096071950097,42.55494462035767,16.252699117489392,0,86.68657186614733,10.0,0,0
58,1,静岡県,26.43200570019314,155.5464448433575,178.82609846804058,54.975383562447746,13.800687432135254,0,114.8735271173422,9.125691695332133,1,0
61,1,静岡県,12.65665874069029,124.6082087504916,58.82159337893975,66.12006712477873,19.17778933110403,0,90.20721937863698,10.0,0,0
60,1,熊本県,22.230267086952885,134.98261657145605,62.282694017950895,68.11432032679134,19.06204882921431,1,86.08145575549976,10.0,0,0
48,0,広島県,21.963209972049242,114.25393232460051,62.31483748156658,43.6259100371822,2.5510471650782,0,116.71061436458682,10.0,0,0
41,0,神奈川県,18.79308963816097,139.18426405495057,32.102313082473785,55.41239085051282,16.188765107608926,0,87.80546713948678,10.0,0,0
69,1,静岡県,19.66444871255843,120.19507757065506,85.95287528305143,42.00568707059738,7.200544324887588,1,119.43142238765407,0.8726085296894912,1,0
55,0,石川県,31.906222495030313,160.79896099315124,196.7005723440569,50.46394733402923,126.1957354668414,0,96.44242797480302,10.0,0,0
59,0,高知県,19.923024648549525,104.43354137825365,29.75291066663986,73.91283355294773,6.696182464649582,0,125.92173765464727,10.0,0,0
70,1,静岡県,28.22341366536363,163.15268479736682,192.93846041477693,40.40532228365754,31.405714670393774,0,108.90170061607282,10.0,0,0
46,1,静岡県,15.603977641541428,95.21763482932347,24.042175555528434,41.197462134083594,0.8537953717291455,0,59.92454956146742,10.0,0,0
73,0,静岡県,28.053519813796644,119.53395698599405,120.46703757518146,52.044550354027,26.67152433570286,1,89.04540283302985,10.0,0,0
52,1,愛知県,24.95714455690718,120.99437289823013,101.13796851012796,41.11662277127873,14.47906957582998,0,75.73329982138507,10.0,0,0
73,1,静岡県,28.238413662417756,139.10792575312087,58.015930727551236,41.965352368336184,16.14471928489772,0,85.80887513272822,9.174929655328723,1,0
69,1,埼玉県,22.92733579587472,108.70241645359891,69.74059896253166,42.16158070518836,11.876649161566574,0,103.12800626062933,10.0,0,0
40,0,福岡県,24.201679556922798,128.1419444755258,130.33313961539127,49.05262832825418,35.39005621754174,0,77.59552010854689,10.0,0,0
42,0,沖縄県,14.384181052488229,116.13642594997413,78.94213883354328,48.03768397567262,15.227848675230966,0,107.73325784463051,10.0,0,0
74,1,栃木県,30.348787735063937,161.37399041814086,61.63734341989648,36.32119710214999,1.9832759739248387,0,120.94231627573117,10.0,0,0
70,1,静岡県,25.825336172966633,127.17603597355101,124.06947713875327,41.59557027643452,39.62009405791881,0,111.24474596856332,10.0,0,0
66,0,神奈川県,27.4767083359583,160.99199577191283,153.57117245449464,65.65071339499025,45.10666641069256,1,124.38264479512786,10.0,0,0
54,0,静岡県,18.73009059520796,135.4396562101571,75.52631554855759,41.22184873778138,17.315705490632553,0,110.51716137123555,10.0,0,0
74,0,静岡県,19.675714846632484,107.3340804481019,87.99312004699733,43.77650156809399,82.69363990026964,0,99.04020781417792,10.0,0,0
45,0,兵庫県,20.08901314886457,117.19499414740966,35.01329004403142,41.562661692787714,3.308356587410405,1,66.58837780219031,10.0,0,0
48,1,熊本県,15.721597310663274,103.466773415338,14.243660494189678,54.260659837017414,1.9409261691999447,0,79.39975743624657,10.0,0,0
46,1,岡山県,25.04468608633916,94.77939580400334,122.04801116179344,40.87945533548798,40.195028678113125,1,71.72632647954113,10.0,0,0
46,1,愛知県,23.514501051623057,138.2210446608354,90.90122926286979,64.49983998355466,23.50415439905309,0,92.71680601956216,10.0,0,0
69,0,静岡県,27.875032090754527,138.01870581302123,50.77970601544664,55.93267450858583,42.50542877537926,0,86.69317882041243,10.0,0,0
44,0,静岡県,23.109461221897423,120.69661682243974,95.78038534358956,59.86385880108707,38.93848505040803,0,80.19881773652388,10.0,0,0
52,1,静岡県,18.9244035229406,124.87115745281125,29.04755193452072,41.33203565452714,5.134141362678085,1,97.25928701174008,10.0,0,0
48,1,静岡県,21.36302424999217,111.70939638153467,29.814943041327904,58.64578647481797,13.059442423185606,0,94.67059965196971,10.0,0,0
59,1,岡山県,27.67870282109974,108.95666749507087,145.46830390208115,40.41783502947402,13.61562032857527,0,89.32969205707062,10.0,0,0
72,1,北海道,22.903206044110544,98.37283208004857,45.34058192108558,41.30111015094076,8.828632397408715,0,88.49041848120142,10.0,0,0
44,0,東京都,22.30347599443731,109.39697301642995,142.96128768698256,39.95991454949003,18.726252416103854,0,80.55580758831655,10.0,0,0
47,0,東京都,24.477978016610635,133.0062104102433,71.92771592279982,41.34700421588765,23.421027312418442,0,77.59341723958214,10.0,0,0
66,1,静岡県,24.53545705482968,159.40026440054635,52.110915885349634,47.50979704960061,4.65368066659547,0,94.11329462109339,10.0,0,0
53,1,静岡県,24.163588328465263,126.16612771291987,30.202452360315018,41.662267285838475,3.6096487750168795,0,62.74778512889439,10.0,0,0
42,0,山梨県,29.869281489995046,127.77476957467553,129.95818812116903,51.05160185357415,9.32074241787554,0,99.32461353457732,10.0,0,0
69,0,東京都,22.405918691763205,120.23005644707982,80.54313707976122,41.49112211542602,26.28177079696863,0,99.83510556170982,9.524468630403437,1,0
54,1,静岡県,27.014177316273475,108.68398610808929,166.85753305491517,42.03034608949681,18.3370768040536,0,89.78468541843813,10.0,0,0
66,0,岐阜県,20.79936708226948,145.72022930486946,194.66988532977746,55.26917944262314,53.89295347522272,0,111.94207252381877,1.3272779506802954,1,0
41,1,静岡県,31.227895268694546,129.82053735441755,40.80024395296632,40.3837436735868,30.18322568155615,0,61.45507848344721,10.0,0,0
60,0,千葉県,20.24318045070165,109.40147589241586,51.39412279323497,59.55100566583904,23.482684815343045,0,116.30541233314597,0.44088869147582693,1,0
63,0,静岡県,24.5859830041427,134.17771138405877,86.31883317287729,54.46224669146718,12.6988021931514,1,76.70584913519293,10.0,0,0
53,1,埼玉県,22.488336918706725,121.67949065467526,28.796733536993376,40.61811660382645,4.0169670766089,0,91.52658174356293,10.0,0,0
44,0,静岡県,25.404157314662296,107.25041950905764,53.91264949664044,42.26225998296829,33.412803107338846,1,85.05005586823219,10.0,0,0
56,1,岡山県,23.84979147090948,128.1800560179501,80.16113610262848,49.250830365734,18.19941639788606,0,92.59125141167874,10.0,0,0
48,1,青森県,23.85110397795714,120.38056359050314,117.879412013862,55.12000310382472,21.78550642228648,0,110.19144660551754,1.2407264830606997,0,1
58,1,大分県,25.402071131579543,121.2395959518237,142.323584310119,41.797621125507064,7.846633371616496,0,96.38483258477677,10.0,0,0
44,0,神奈川県,23.270983047434544,104.50776113496727,35.70862268597406,41.92657904635941,12.321594939832968,0,77.0159020728763,0.24357456913645767,0,1
57,0,静岡県,23.042579641337536,122.95693110066654,287.1324769775126,65.64835626117788,39.76947574188714,0,102.4148796805728,10.0,0,0
48,1,静岡県,18.41195458252378,87.61730031537564,13.87130331091563,41.14975797768484,6.275122019910598,0,75.71024774911139,10.0,0,0
70,1,静岡県,21.42496760310248,134.18566494179825,38.890354784095805,47.429584959271594,22.5010920463402,0,91.80400128057587,10.0,0,0
46,0,奈良県,25.092363659201585,143.29014611937316,98.35620790595796,54.97393696067684,23.49118812881411,1,86.3328902108335,10.0,0,0
66,1,愛知県,27.367319277675517,160.2445488222388,279.308352012073,41.165680092155505,24.586217000557006,0,87.02975676843133,5.381351803104104,1,0
43,0,静岡県,22.485728273871942,122.40429647049459,81.83720106092697,50.87951664593269,2.065000648591856,0,69.20178296270245,10.0,0,0
67,0,京都府,29.21824587487565,134.5313873657778,195.7298777943791,41.97008357884692,35.53718998780045,1,101.18074790884273,10.0,0,0
44,1,神奈川県,19.527924770026058,83.24979280934514,48.3031555596171,58.199707925715366,3.1533134608408564,0,106.39449327713173,10.0,0,0
41,1,静岡県,18.56426811049501,130.53336060123897,61.73205545408074,56.12804166293505,3.6025985315761413,0,97.96789468253944,10.0,0,0
54,1,福岡県,25.1675934578307,124.52487790318003,120.21130359519924,40.32817462300775,4.068192313897197,0,69.68286028033131,10.0,0,0
42,0,静岡県,26.530474431989568,116.30486140711075,124.97324378261095,41.67114064114435,7.040612613804376,0,99.0043968464818,10.0,0,0
47,0,福岡県,17.525878890536216,123.12834132119045,38.16148207147488,42.44007999520887,3.327361319185358,0,86.20209225148325,8.53836352113633,0,1
41,1,北海道,24.42631324440967,86.6778699574056,44.202100634795684,48.612724124134864,9.592095364071653,0,83.1434714949174,10.0,0,0
67,1,神奈川県,18.848194084193025,139.9813696113832,158.076758134759,62.383599929221354,9.420523020390743,0,65.2699290690238,10.0,0,0
53,1,静岡県,20.089225134125044,118.11507749532406,146.4838967866904,41.070665715242754,13.917922973648976,0,106.44998541491749,10.0,0,0
40,0,奈良県,22.51574022820355,111.54475816670788,35.55137476671988,53.96196572031125,12.368515929366346,1,69.2986734965479,10.0,0,0
50,0,京都府,27.88230084718114,160.2167015748027,119.07914863311446,41.80525829086992,8.943267710512751,0,74.29753057911606,10.0,0,0
58,1,東京都,25.96115214051673,132.363692861952,77.12141140004097,58.30715604825763,16.815682201518165,0,81.20320616815712,10.0,0,0
61,1,静岡県,28.364138726393037,116.14603445559617,127.8125432297827,41.36219766839171,14.022900091596524,0,74.42292329712096,10.0,0,0
45,0,静岡県,17.075663582274103,117.52931763567756,54.5745966051533,41.407370670642365,0.9260523910182675,1,100.01623153612012,10.0,0,0
53,0,静岡県,29.838094809051643,147.79197905036253,78.16566449193517,47.81853919700826,17.817776193837222,0,71.45077474570235,10.0,0,0
45,1,愛知県,23.14151767095698,135.84337109728096,46.73206664300695,58.19377227546139,38.73771112358428,0,92.95035798747388,8.524294047439266,1,0
68,1,北海道,18.41375365275797,123.08854323036763,65.57231421392368,40.595135923140056,6.983700237428905,0,74.69170566944531,10.0,0,0
67,1,静岡県,27.652126619566175,155.26620888954105,478.2685070102568,41.85479765097562,82.88354001897598,0,114.82094960773138,10.0,0,0
58,1,東京都,23.494184262779484,105.62824720578054,93.2519883131123,41.096695376455074,3.289836760300337,0,80.19485422698185,10.0,0,0
52,1,熊本県,20.988977965462833,130.42465684605915,44.72592759388716,59.96210348371453,7.29219974476912,0,80.4510911088643,10.0,0,0
53,0,静岡県,26.407353100571218,137.0819377871074,133.8262335596602,46.28209323557701,10.820547934664596,0,125.83782748875919,10.0,0,0
53,0,埼玉県,20.729305088733526,123.8095948079486,76.68248706978981,42.13894438841362,4.87005037484801,0,82.4472886011239,10.0,0,0
70,1,福岡県,25.15658867658708,138.96823141622983,43.51165247153661,41.23059066768766,8.80251903290331,0,91.37290659652588,10.0,0,0
70,1,島根県,31.873082367166777,126.53771196412224,108.1263050014443,41.97009137521916,53.76251229056866,0,73.25620285889082,10.0,0,0
51,1,北海道,20.947865748958105,128.58855508597298,42.96358731851608,41.978972806882794,10.595040995088024,0,112.0503732760125,10.0,0,0
69,1,埼玉県,20.41393577186523,125.82285704497006,138.07561215683734,42.163302074292424,10.09901037620251,0,77.21055268780279,10.0,0,0
57,1,埼玉県,20.7254120102031,137.0239677461557,43.89260554918167,54.26127586693731,24.16878909714568,0,101.65259966237107,10.0,0,0
69,0,静岡県,24.955489396191055,146.32693042162597,109.56701656051581,41.355473511589345,7.115399594567899,0,85.96683403813644,10.0,0,0
62,1,愛知県,25.221187475263513,132.38243153042893,55.45492831798483,41.92821795619561,3.0925866665578132,0,88.45250533541763,10.0,0,0
63,1,大阪府,21.199378291160475,116.32711519672206,80.68662635887091,57.5385066419253,7.825033254970727,0,81.72452520159652,10.0,0,0
42,1,静岡県,24.241515530731984,103.08340457650252,26.92923954432884,48.30435350202437,41.41174879458081,0,102.06085917457827,10.0,0,0
44,1,富山県,28.51018335450622,109.00784294502986,225.50175284803527,43.04508325289534,24.685735868759426,1,87.15961563079216,10.0,0,0
44,0,新潟県,17.700418332203157,94.11616211349914,26.513785030014724,40.979824430351925,13.190157866062773,0,93.5413244795995,10.0,0,0
42,1,長崎県,23.117814990644224,134.75047864275803,80.53186217579834,50.2254601219961,6.778357632865507,0,116.03720856835241,10.0,0,0
52,1,愛知県,16.88325127631909,128.21018865037374,22.822066122396276,50.99565010420651,12.949995501934962,0,76.67492771266157,10.0,0,0
63,1,岡山県,20.244892420614082,128.70677897324805,97.95389827659281,41.57248653856553,0.8974316492594061,0,108.26114680252603,10.0,0,0
71,0,栃木県,20.22370650287014,136.34114022980296,118.03575420525172,57.77732396497761,14.955007620492045,0,82.55112992226259,10.0,0,0
69,0,東京都,17.88818461136813,92.5881220555417,19.140345792946004,50.016011245010766,3.457927102694912,0,84.40054704998013,10.0,0,0
40,0,静岡県,17.508165529466844,89.98687128611488,24.462859705928576,50.64769933214292,4.110914054465229,0,69.64908426037286,10.0,0,0
74,0,静岡県,24.531300907434257,162.89875742280762,228.16092010695053,40.85405419588262,21.154923702585165,1,113.57346507191058,7.372679474506966,1,0
40,1,愛知県,27.229965504807634,87.59998267122549,41.7055532028208,41.21172650915757,37.22868073489657,0,84.80872983883619,10.0,0,0
68,1,静岡県,26.62457383380385,147.6466726596303,66.40050261475336,41.65107259738144,9.714568677527609,0,99.81141914827661,10.0,0,0
47,0,静岡県,21.251011434283754,114.46687532861664,90.94419620164489,36.5839203452601,6.983397720566051,1,68.27288624111756,10.0,0,0
49,1,埼玉県,25.101528847897463,125.75577345164906,44.304095815999034,41.443483734356285,20.506139200446047,0,72.63671905969683,10.0,0,0
55,0,千葉県,23.21106248924588,122.26879021318678,154.8414423615047,41.32493986462438,3.9284160605443708,0,74.17916916536721,10.0,0,0
61,0,静岡県,16.622857856648963,129.59328778018892,29.864717855191408,55.93499427806054,7.8673078607189275,0,74.90536852029156,10.0,0,0
46,0,奈良県,27.570650561578475,138.18887715463225,176.368033100234,49.88463404801694,24.614546574221034,1,88.13759243200691,10.0,0,0
43,0,千葉県,21.34340637067224,138.83540461884917,153.50514471121045,42.89079616209055,61.76970678216449,0,116.77633351289475,10.0,0,0
58,1,静岡県,26.73885991521606,160.1031161093925,89.87473794747689,63.10337700038122,13.25574121276239,0,85.3382416141429,10.0,0,0
72,1,茨城県,16.72348486220898,101.86980185181983,35.36501909319728,42.14711321497831,4.23919459783174,0,97.17125133569763,10.0,0,0
47,1,東京都,20.759169600810598,145.67391763443806,84.07807305193838,41.46879393251141,12.511562542620045,0,93.69939793522275,10.0,0,0
62,1,神奈川県,23.43446444722454,92.63215722746236,69.09705548803983,40.26556969716442,4.724202011226724,0,66.35701716010662,10.0,0,0
49,1,岡山県,22.017969439231436,97.69229523853024,85.59916923368552,49.39193490472454,12.293316720430521,0,74.15978261197937,10.0,0,0
41,0,栃木県,25.611228100827987,133.15530102640702,117.80971953727888,40.64276261783594,21.911855304599133,0,85.53493830770923,10.0,0,0
43,1,大阪府,22.19257409905887,133.1834614270098,124.98012726170994,41.50634307846929,7.8905291827747455,0,92.60197159479779,10.0,0,0
62,1,東京都,29.442936220293767,138.6922528348092,49.354331769849935,41.67576654839714,6.606649608148817,0,86.63656190135404,10.0,0,0
46,0,東京都,22.486720980378415,116.32279792927707,41.966940917590236,41.96601455718771,13.92019579579899,0,83.92021835233142,10.0,0,0
57,0,茨城県,28.095180675358264,144.06411821986876,88.32739479670575,54.35092783452277,52.40108106959635,0,113.54702196466212,10.0,0,0
51,1,福岡県,16.5633067030295,107.9080055162773,39.182749498665125,63.33523267091001,7.779016895744514,1,71.46917404556311,10.0,0,0
44,0,愛媛県,21.85331246063046,119.32366394474761,47.28963913063651,58.33697296185899,13.501081489261432,0,89.26588093761947,10.0,0,0
70,1,茨城県,23.76970608854387,128.84213507533445,36.441051655228726,41.41538195700896,5.103959965675189,0,87.03345988894269,10.0,0,0
52,1,宮崎県,24.519763105849943,130.4523878456167,129.16975112260872,60.88025992952277,53.5604192793193,0,101.43597823279214,10.0,0,0
43,1,静岡県,23.45724156541832,129.1714827459014,28.34437703293103,52.75001051040724,21.68526482325897,0,92.1851067590804,10.0,0,0
67,1,大阪府,22.282590292619723,136.8314755681249,31.89879612085839,69.22198320975156,22.189766513414842,0,88.65378588311303,10.0,0,0
57,0,静岡県,25.658026404402392,118.99251871349821,33.6722905824217,41.36475335583216,24.725281064822298,0,107.0656203558347,10.0,0,0
70,1,奈良県,17.811617917680913,128.20420393215434,121.1103806381888,48.95039532779346,1.866839140302644,1,74.4868122814096,10.0,0,0
57,1,愛知県,32.38057302174154,125.68736298656286,504.1115276172516,40.34202155719351,114.90523986604519,0,100.43400766938258,1.1348652688402892,1,0
51,1,静岡県,24.780558406873403,128.409870064784,177.4368809735334,41.75852260275904,31.18522183211816,0,86.51122340773473,2.1221184432893008,0,1
42,0,静岡県,27.40485908035326,128.78466441103993,99.55052958579621,40.43119514756826,17.711584687821844,0,90.23099622024439,10.0,0,0
74,1,三重県,14.96925981498995,123.89042455456811,21.126899102184982,40.88907153732416,3.1507798598921997,0,88.42145171176395,10.0,0,0
51,0,兵庫県,28.032377426955108,121.58873786077571,124.15584353275678,54.614735947072724,19.14090758387289,1,91.14718956294095,10.0,0,0
42,1,福岡県,25.406833288166098,89.9256171915638,51.52320776834446,40.33895082669219,23.464688892117767,0,85.39752117041947,10.0,0,0
73,0,長崎県,24.442965575379937,120.6812675995683,57.98079105194709,41.27266727496278,17.78373824445572,0,85.44935397179233,10.0,0,0
57,0,静岡県,23.53950957127413,114.3629153046755,119.47338934927288,41.16188813298679,13.616071383436953,0,97.9074069565133,10.0,0,0
70,1,静岡県,27.51609334682352,142.52918824344337,79.84364905588734,41.79739856309658,14.330843567187456,0,94.26964629489197,7.530410883641652,1,0
66,0,静岡県,20.08860896354999,126.61868465666485,69.46383532877545,48.93682155902846,5.023119607832357,0,99.12804563798447,10.0,0,0
65,0,愛知県,28.442055500912584,147.9861616654214,255.76507478597694,47.97671837325695,16.936865154026115,0,119.17334798873772,10.0,0,0
69,0,愛知県,27.08454666920441,136.54741980239493,285.68139489885556,42.789991935962334,18.709799780732727,0,100.67906094309755,10.0,0,0
49,0,静岡県,21.477750575531434,117.64055908839863,20.780344543200165,41.50280285436456,0.8536502348784861,1,61.671919445308376,10.0,0,0
62,1,茨城県,21.425714587603945,103.52502241518921,82.79638615930686,50.96690132856565,40.394242576256325,1,87.4899353349427,10.0,0,0
68,1,神奈川県,25.33408977036196,158.98151158062365,188.93335841691612,40.712036734555014,43.692994209499865,0,90.74704516349782,10.0,0,0
49,0,青森県,16.441126870452486,117.68546686892698,29.620124495935134,50.29008662921976,13.734879568543619,0,60.01116753300258,10.0,0,0
40,0,静岡県,14.387237442591404,92.35173537496235,99.95193465806506,42.48345682991671,1.3409506026870226,0,89.74363303427162,10.0,0,0
71,1,静岡県,17.700580474299734,127.0144777699845,53.30165102374988,42.51600386998714,4.223396911596896,0,109.85462063939929,10.0,0,0
44,1,福岡県,27.479141823974114,130.42461389075288,18.170859775988433,40.340728183073885,4.28198203605193,0,93.05861035250875,10.0,0,0
57,1,兵庫県,20.355051730837783,118.47501477517591,120.03129456001867,39.80957072860715,7.496872754277218,0,69.6214623861135,10.0,0,0
71,0,静岡県,26.35166307760155,129.11349962591436,125.92235726287946,55.64580010224123,21.13241479827074,0,83.705107144936,10.0,0,0
72,1,静岡県,23.36803389316439,106.08014805481079,150.2300225095693,41.29171463819636,13.2270386192816,0,87.85788046949895,3.1880172521242534,0,1
50,1,東京都,27.240671852431223,148.58595349918022,56.313214979866736,41.22282413047641,4.1221954702681485,0,92.2690387357074,10.0,0,0
48,0,宮崎県,24.19391284447433,92.63260134768555,29.838990978334355,41.24086603263792,2.273718144745263,0,65.12406607111105,10.0,0,0
60,1,静岡県,27.52075564651619,134.16263868516427,101.70724942898727,40.6133690283737,4.533686065134365,0,80.26134962644613,10.0,0,0
43,1,愛知県,23.217795751099672,132.812993422,15.504955903991142,42.06580767606487,9.960783042972617,0,84.00842534721161,10.0,0,0
65,1,大阪府,28.85972498753533,137.70965358570962,129.64069561731813,40.65436260675268,4.357654903574369,0,102.49330522225576,10.0,0,0
43,1,静岡県,17.68380642733762,121.00603596737045,10.829402542745417,42.202630934920734,2.5066099761724905,1,69.92467727666846,10.0,0,0
61,0,大阪府,28.90374894445981,134.95815215725426,76.59154945525337,40.597762663672256,3.1529558376023687,0,67.80991865696765,5.8804212576878125,0,1
70,0,愛知県,27.301600979950873,128.4194376193607,88.29738801697138,49.40709119768987,20.122075929125696,0,90.25939630292687,3.639293836478457,0,1
47,0,愛媛県,20.69911776348675,110.78041514062069,78.7704969834768,41.36615740644318,23.886116166367678,0,102.74862598082244,10.0,0,0
58,1,愛媛県,19.150364540332863,129.1474248235855,101.0640487868819,54.02121923038594,20.571378459378085,0,90.85186078040903,10.0,0,0
53,0,千葉県,27.419595815273865,153.14189780554727,84.02405602624904,70.97583985910373,31.332774868662042,1,93.01524895189192,3.4869179540314277,1,0
60,1,沖縄県,27.41525677059274,116.32263402308496,89.00355699313556,41.44716940583421,12.680760898909396,0,87.85223493014949,10.0,0,0
55,0,静岡県,20.690915365371694,114.92776930632587,49.40833109671793,64.25197839114998,9.163427471036773,0,75.66132591102898,8.484136030050097,0,1
50,0,長崎県,23.659324366496605,128.23101047619238,138.35919311506493,40.808408836561476,25.965874217376488,0,82.10262647314057,10.0,0,0
63,1,福岡県,24.637299099306187,136.44177547568384,133.091402162477,41.90320608739009,10.086590776598591,0,120.68918870502948,4.429358952698556,1,0
62,0,長崎県,23.037911015151327,123.6410246767307,85.95475911166864,54.743779936122266,8.622471867087448,0,103.45358577815043,5.968508547057272,0,1
48,1,静岡県,31.360201708931505,107.40767483474664,146.60610295637574,42.51707650114507,35.036101067334926,0,86.04543935793328,10.0,0,0
41,0,青森県,20.944514059042465,86.53901906977839,33.29273834434491,54.545553195982556,18.264423762831854,0,72.05859014682375,10.0,0,0
49,1,埼玉県,23.786177975199077,124.12591016949294,83.68893107682939,41.16306199946602,16.252384141752586,0,80.58672261714023,10.0,0,0
53,0,岩手県,26.62083362827524,147.15565456588138,115.35413024658239,41.36463532010226,18.906077072207932,0,83.84509375956871,10.0,0,0
47,1,福岡県,24.66130883670906,142.40895208296604,140.43029393707337,41.84821026006919,11.179649311979698,0,83.92034186647317,10.0,0,0
74,0,静岡県,24.752006069335717,124.44869861190145,140.70445467298728,62.42224690870233,10.17191898510923,0,106.19501667707873,8.165302639439787,0,1
50,1,青森県,23.919773477600447,123.90802436383022,80.54924968718764,41.287735165645515,12.970857137269057,1,74.07110297780055,10.0,0,0
58,1,神奈川県,21.678928007008167,153.81687114530254,52.666297387966914,41.90957761365522,13.98995794920527,0,111.23529360101162,0.6344303314582023,1,0
51,1,静岡県,17.070043516845185,114.04187725913316,40.86444961785783,40.07527698599557,2.4566565449891233,0,86.91216801451479,10.0,0,0
44,1,静岡県,21.492082988144144,146.28008534470186,59.293819970885124,65.66376159185326,15.505522528188777,0,97.15339988926765,10.0,0,0
71,0,静岡県,24.213086423919034,120.8030006002523,250.76399733625425,41.6310843200981,6.652595314134131,0,90.3378559931279,10.0,0,0
60,0,東京都,12.222210881194721,138.21625485385263,19.589905915782012,58.6044699603043,2.635174908376617,0,103.26622583698622,10.0,0,0
60,1,福島県,18.417406982182037,131.82867666419432,41.584307534140706,61.22789249348892,17.53413956576372,1,76.23680487751128,10.0,0,0
46,0,島根県,24.253343774260387,117.11883120358343,52.814106197630984,40.80847962898623,2.2911200731148673,1,91.99238787825207,10.0,0,0
58,1,千葉県,21.27257259050826,137.25522205581524,182.09569382175656,42.6080510391378,82.42379286691921,0,116.61516663460782,0.31975183531524654,1,0
69,0,静岡県,22.341909490328437,137.08921168666078,97.91426484740154,40.990134902846236,25.52745086347431,0,75.22512647660906,10.0,0,0
44,1,香川県,17.069656410735437,126.92713883597533,32.57312846185432,48.23049167816389,3.374715623158314,0,105.48004377913547,10.0,0,0
61,0,沖縄県,24.081459478281317,153.81373548810356,147.14151777582947,63.5126289656583,60.46512394221894,0,110.20979954826164,10.0,0,0
45,1,東京都,11.241154754788855,115.97371136026233,23.330535150415546,35.63462161240254,0.340749461892138,0,65.61502612698212,10.0,0,0
70,0,埼玉県,24.900536551811566,153.10879620101008,113.31629060144424,53.642882582948204,7.385348815331601,0,116.76768681722166,10.0,0,0
52,1,愛知県,11.703124260743056,119.58426536489088,57.98504880029271,52.07344143738842,7.311390540827004,0,122.52158496934221,7.254107863864944,0,1
42,1,神奈川県,22.926491099752212,93.33084701434083,88.39740852212503,41.58136115761684,22.515465203961032,1,117.89372260967441,10.0,0,0
47,0,静岡県,26.288856118782213,157.98391317170777,129.228496467588,41.09662488313314,26.64870662024175,0,95.95198999450773,10.0,0,0
53,0,大阪府,17.592315747662365,88.37019462421702,45.54096696661855,42.005685815625256,2.353879027943147,0,90.16998256438082,10.0,0,0
69,1,静岡県,22.050624791003496,120.00324728269041,139.6894317960729,46.25530548837452,14.411899487969169,0,84.84697279937514,10.0,0,0
46,1,香川県,21.42622821597628,139.4428402314628,72.48279923663196,40.77504099967926,2.30788589905015,0,99.88802457846968,10.0,0,0
67,0,大阪府,19.728773674637807,119.55180220452021,35.40160780427764,51.18667814050926,15.68593469196277,1,68.77855714530554,10.0,0,0
42,1,東京都,22.049759617155782,70.61641761282633,100.02685872627974,59.280389090236994,30.18779622535257,0,110.38461452510842,10.0,0,0
48,1,兵庫県,20.83649023076794,124.1783200640982,11.91290960546598,42.70981837643614,12.221040106974701,1,86.1101456986382,10.0,0,0
45,0,大分県,28.861746844725847,111.57739396206645,119.5799841435035,41.63966935801835,19.48626456313494,0,74.4190576721393,10.0,0,0
70,1,福岡県,20.254063897733708,145.71366156058193,262.0467649844378,59.18483749974109,11.992394393763435,1,106.5022739610648,10.0,0,0
73,1,埼玉県,24.4573295756234,133.99522963204717,153.45784089304166,41.11548784648316,19.77327733579931,0,92.59784685052733,10.0,0,0
56,0,静岡県,17.06988417205809,150.48752166964974,114.46338303298138,57.913955987451814,16.14754775568305,0,103.16338188481579,1.2570614576198036,1,0
53,1,神奈川県,25.255396636970687,152.11947458534138,79.4481151167956,50.70252870884505,6.861955766932151,0,87.33559585204556,10.0,0,0
45,0,静岡県,31.96512407510064,160.30266955772296,154.56145550918342,42.31699113534592,39.78426088811829,1,111.91291313909407,10.0,0,0
74,0,静岡県,31.1255339566742,143.29686753951694,480.3717328829565,56.78709490283208,106.71048460236089,1,105.8858151029378,8.734597263289599,1,0
50,0,新潟県,24.76369118575644,126.91571280027252,89.09127640124282,48.91270201618203,8.927894782792409,1,114.67948068069184,10.0,0,0
44,0,沖縄県,22.576613850880477,127.05406800861311,29.04454905044196,65.70770192101087,5.407958717152434,0,83.30599271641175,10.0,0,0
54,1,東京都,23.10731329084481,100.15897175999936,22.467977707811873,54.13322717130695,13.9948232479418,1,105.31755412829281,10.0,0,0
40,1,静岡県,21.854780799611362,148.86563626166625,108.91775234283492,42.159865956212606,65.74674117976467,0,118.86632105367477,10.0,0,0
72,0,神奈川県,14.577830273007402,132.24607806894704,91.6045292588355,69.06360255398627,2.6410923103592943,0,90.23643990854077,10.0,0,0
53,0,岡山県,29.169859770029532,136.76466231758297,63.97116790189984,41.714227118046566,17.89461083187999,0,88.97663975260835,10.0,0,0
45,1,新潟県,17.025198297943646,100.01809681299414,73.67290048630437,42.37575946501618,44.77153460407524,0,99.48874805869848,0.8166144887322362,1,0
52,1,静岡県,26.430982917110022,111.19496743268847,125.42922408741248,69.08470990131086,117.12437142395456,1,108.9187411129903,10.0,0,0
70,1,静岡県,23.249458476488527,134.69932729580904,57.718676778915786,43.55018391629761,10.601788316058421,1,89.65036883265857,10.0,0,0
41,0,静岡県,24.28473272929258,105.64021651564897,14.724533349277946,41.554401913679584,4.2879626691917005,0,74.2056534550849,10.0,0,0
52,1,大阪府,13.416296148067454,92.92119805318374,29.642227745866276,41.55100145006125,8.83634843261421,1,89.71345982381793,10.0,0,0
47,0,静岡県,17.02520049886999,116.65783515894013,34.33938471946415,40.43891695841673,2.9672662426978706,0,79.3273975485089,10.0,0,0
59,1,沖縄県,16.35991974576326,159.56655459764363,97.83138582015528,61.23769142419005,16.248672704069925,0,120.67103708722979,10.0,0,0
53,1,埼玉県,26.25457689673489,131.2013769464959,105.67377807795047,49.88908255139645,7.394594875856745,0,82.38308234990485,10.0,0,0
66,1,埼玉県,24.273344530062104,125.55461461604094,162.9040591105933,53.537057008919824,73.09386444134769,0,101.88651903382991,10.0,0,0
48,0,静岡県,20.5874410778854,107.90541777078846,109.00660366856641,47.72061460785482,12.254971397855575,0,74.37842717829876,10.0,0,0
49,1,滋賀県,24.86658581493778,124.17627620805132,27.929250339681985,41.30693567645829,3.4601880339885547,0,84.18156945257527,10.0,0,0
45,1,静岡県,26.35154663457943,128.7216922007788,58.35773027080507,46.473188210364356,12.814083570795576,0,89.34937213300687,10.0,0,0
55,1,静岡県,22.34620929111506,87.61247465384373,631.4338196762516,41.10763425218489,11.950190808546797,0,94.52915890142235,10.0,0,0
64,0,沖縄県,19.562378495908632,113.69082595876147,63.92017325580202,42.68029916507421,8.90743562591592,0,109.93827307522257,10.0,0,0
47,0,静岡県,18.691178436968357,116.21368040785073,34.870010623801775,44.246768768673704,2.761202734042895,0,80.98396454631435,10.0,0,0
54,0,千葉県,28.38049182170302,145.06741569875294,34.15709215391132,41.347128876733834,13.611929929316403,0,94.55249467986305,10.0,0,0
56,0,沖縄県,18.64677752859079,130.86342468212806,53.69929952459224,40.755464151583624,7.063010951458036,0,97.49719702431649,10.0,0,0
60,1,鹿児島県,28.608815165076376,118.98675072966887,54.83342570238753,40.607233765083045,9.507472739157668,0,93.83738576805351,10.0,0,0
57,1,山梨県,21.275822749404316,105.56213847334877,62.270356596620076,41.704986483567055,28.604682005068863,0,96.69255717108645,3.2547256733957934,1,0
70,1,東京都,22.492020377812448,167.34558509329648,74.64010433111712,42.07452232335537,14.385149568734287,0,112.43289788000126,5.138611050330978,0,1
52,0,静岡県,16.133667815315942,92.2299818768951,29.904409951630665,41.66160962988113,0.915307587895036,0,87.14015081543923,10.0,0,0
42,0,栃木県,25.06871193271763,136.22291986270324,75.93720572474908,48.51816114369854,13.533363793675504,0,110.40233444911605,10.0,0,0
72,0,静岡県,21.47662362854286,142.17847369205936,284.53370569621654,45.54483203298941,64.36392451251217,0,111.28823849131923,10.0,0,0
58,0,静岡県,22.845051997009577,111.68648173122214,10.754564548797186,43.732348780006554,10.51053971109961,1,88.53301851768201,10.0,0,0
71,0,静岡県,21.854050297599933,142.45858073003296,69.30116492449406,42.211699839902344,7.834972594363112,0,82.80018288844158,10.0,0,0
53,0,静岡県,26.434926037425026,127.83305639877958,23.714979408860895,41.97737683321623,7.6166173147201235,0,97.76623454742078,10.0,0,0
50,1,静岡県,12.087841506837812,92.83533982735517,24.389336485842954,42.05360300963419,4.659968386892887,0,81.29204806770984,10.0,0,0
68,0,静岡県,20.121596016225265,111.64227746142662,50.0256118681908,41.7568408938431,11.008055413678331,1,106.14608150413991,10.0,0,0
57,1,神奈川県,20.6550427507544,128.10997679994585,59.61272427756087,41.69770545177943,3.6538471183748857,0,110.13926121904768,10.0,0,0
53,0,岩手県,28.35802284974521,124.23898604577408,41.11505275154671,54.727873230867274,12.438926884784395,0,121.86129362614894,4.498765939487935,1,0
41,0,静岡県,22.18156280547109,77.49987819351132,24.35423879681338,55.408889427052436,16.272685366970336,0,76.98684976099527,10.0,0,0
51,0,北海道,22.721746396623804,140.92834760056365,78.9435369122949,41.57107729438655,8.54969894209881,0,96.31777926592054,10.0,0,0
72,1,静岡県,23.129598495866407,111.93390443534551,31.82555257843181,36.12362803530988,0.42797405674074546,0,79.9649140232107,10.0,0,0
49,1,埼玉県,25.785805841134607,120.20154934138478,46.50933933305975,46.740632515773534,18.49229362151294,0,74.78387972847236,10.0,0,0
48,0,愛知県,18.814781267049337,128.14105460486059,132.8337905257207,41.06829672312091,8.12511338814853,0,94.6455610857246,10.0,0,0
53,1,大阪府,20.326774124107967,86.58099176671074,19.895839947605687,40.13245527686209,21.645239259510028,0,88.49730663283093,10.0,0,0
73,1,滋賀県,15.215661913344013,132.07409019252404,163.5619529149143,40.911712650143905,3.7417415128200773,1,94.66267883120302,10.0,0,0
43,1,東京都,24.459469237168953,77.45708428206547,71.49389573443104,42.517457920557185,14.116948542780518,0,94.55318248063467,4.49163473003388,1,0
58,0,宮城県,22.746166840662436,112.35940705244671,21.798352772525213,54.288772622581284,12.207936116018189,0,99.06142613930257,2.184628991242849,1,0
41,1,大阪府,16.443297712393736,82.9210209547104,46.05844592440751,42.00543626778135,5.08617330636276,0,88.97966411914547,10.0,0,0
49,0,茨城県,17.688263818749316,129.8935135582377,27.163795876301712,48.98349310000033,11.026481352339168,0,94.31470482065637,10.0,0,0
71,1,静岡県,21.799941092583914,166.49584918978954,17.23710803231297,56.00164149014469,13.753012647193357,1,65.87315592971933,10.0,0,0
50,1,静岡県,18.738862671283407,162.10596602794215,297.41354183710735,60.711011079535176,11.379615765872535,0,125.07387691465873,1.9390801946312548,1,0
61,1,大阪府,22.898620500571077,135.39224214082031,61.7871455586676,40.24495936314385,12.104527198885123,0,85.0243505556189,7.667329875311013,0,1
45,1,愛知県,15.257439597159363,86.87394493229144,50.29586741639161,40.659777575615436,6.629840611423319,0,91.08876330203854,10.0,0,0
45,0,福島県,20.512411957596992,120.35535072252534,44.442481356713266,41.63621901742576,4.016965261540618,0,74.91418201776895,10.0,0,0
66,0,静岡県,11.630093021253558,121.59916803716509,38.40751644065808,41.39886044393997,1.9044291101924897,0,75.32759447806839,10.0,0,0
73,0,熊本県,29.157035142232345,146.65089767707514,170.22938564486302,41.51970688566636,40.56650995068485,0,119.28257820501968,10.0,0,0
50,0,静岡県,23.163548369194885,103.5904238810773,49.119279454315965,41.992571229873306,12.202600713006929,0,71.34778039266155,10.0,0,0
71,1,静岡県,20.623156282673495,110.27455217275565,121.58191219740495,47.692718086630904,10.449444795064903,0,91.65339166860403,10.0,0,0
44,1,長野県,20.593367184283522,104.57570628247737,75.50785542502365,41.4630928980199,5.268024695801141,0,74.90476850523338,10.0,0,0
44,0,愛知県,18.67579847898289,119.32453707867789,44.76909614353159,62.49051472752804,3.544026987172172,1,82.78062113603828,10.0,0,0
64,0,宮崎県,25.307156394655216,132.24000748412945,73.59685079103427,68.08407947133756,21.870286959463854,0,115.66594119214905,0.279509879899285,1,0
59,1,岡山県,18.556109526206033,134.04000371648914,148.5486345337083,41.43072907326278,25.13364182575869,0,108.39269646496396,10.0,0,0
53,1,長崎県,21.861000416051173,148.03658909140248,67.20162599736793,58.33923861108712,8.604975418110598,0,119.52259477040728,10.0,0,0
48,0,東京都,27.15976042476857,146.03338905256078,53.15546883154015,41.69535477532807,4.747478063881165,0,119.86328919317933,0.13591405265870837,1,0
56,1,沖縄県,27.232137834748283,134.18018492914513,191.3878298070672,42.45705577633092,18.015318829667066,0,93.39614119568586,10.0,0,0
50,1,東京都,24.523511997843062,102.51109280390011,45.640797155970226,36.59877600653457,14.691399657934571,1,97.16605315902882,10.0,0,0
59,0,秋田県,25.542485763342505,132.1455075289621,328.39759145472965,40.99066973981465,6.614541613210438,0,100.49527011126706,10.0,0,0
69,1,静岡県,21.792972460636683,99.48252558556183,120.26573231675458,42.076669025699516,73.31520553674464,0,91.78400650335898,10.0,0,0
43,0,静岡県,18.98886870781259,112.40142565064652,38.51828885000078,50.37478662328428,4.154760512922297,1,94.83419768326131,10.0,0,0
61,1,神奈川県,24.11876343474811,108.10896575648624,30.09169368838905,40.99087564552905,14.599774180970185,0,95.89952755597255,10.0,0,0
40,1,静岡県,27.092695720195255,130.71400557455348,92.80990519195106,40.656172880957755,19.916500298563086,0,88.63325952544645,10.0,0,0
61,1,静岡県,21.51581138860082,144.4475831277069,163.23316863132987,41.97010858299285,6.831738165700084,0,120.4825982440835,10.0,0,0
53,0,静岡県,20.152456308902277,136.33994889570133,130.42523458405768,41.368150459131265,7.796460262486683,0,123.34397922772214,1.3709390873936016,1,0
70,1,沖縄県,27.162992566229537,147.09443661404984,173.86676326827,41.89101052464304,17.698924007364248,0,112.05928310529343,10.0,0,0
43,0,滋賀県,17.09154628607951,102.18061247970715,25.333267047699053,65.64955338370326,12.688409702974296,0,89.30471883797259,10.0,0,0
48,0,静岡県,23.475667737243594,88.30147974740864,47.02865469425715,42.30518114669709,13.238312654731947,1,99.35538467253883,3.7526819882691496,1,0
53,0,福井県,18.977033491984393,135.46895454079046,19.55630196030838,41.15945585312278,6.346553078591661,0,61.86767258652657,10.0,0,0
49,0,東京都,23.677079538837624,126.90900930588676,66.06780217315608,45.92093477091507,18.85119995896811,0,65.2463874884743,10.0,0,0
67,1,福井県,25.212237646255,127.29255806574731,33.715734674225885,56.38028432388805,17.098862761915846,0,74.1128602307362,10.0,0,0
53,1,神奈川県,21.162003417767846,100.84263559788161,44.61869277775258,42.11989630778871,26.26834655440122,1,99.12617119264866,10.0,0,0
50,0,岐阜県,20.352272048865,137.44750041288455,55.813596924358166,65.51046694807955,43.13756882629427,1,90.50950458338137,10.0,0,0
71,1,大分県,23.39401496574657,135.4072410236097,150.25207542974633,41.362064933989394,5.32389556164602,0,70.53067942065215,10.0,0,0
42,1,大阪府,19.024514807584183,113.78692415466402,29.328379626557787,42.000579787425245,2.717326694628899,1,73.07733882500067,10.0,0,0
73,0,兵庫県,20.394641066705425,148.74712078140593,59.64103784704703,51.77949343087635,5.712437161904255,1,78.46934604034789,10.0,0,0
63,0,静岡県,22.833608277810168,138.130694875149,44.782490970005156,51.58085690198401,7.376488423892541,0,101.01405401602521,10.0,0,0
40,0,静岡県,16.73097151749084,129.3790029993247,55.77898457866748,41.53251992094054,14.004178216175212,0,92.81966129854209,10.0,0,0
42,1,大阪府,21.477536008726105,103.57981348204497,63.14518210630394,63.08654302705025,9.283809712393214,0,81.08348904528746,10.0,0,0
55,1,静岡県,24.008280776946307,140.62771433347297,71.76446055829376,40.973807518258845,6.775902545756115,0,95.73158165588114,9.259079448277905,0,1
41,0,千葉県,23.337902653759105,123.66928257056634,8.35890103503329,46.02916078191799,15.64733678786582,1,85.96507048827378,10.0,0,0
61,0,熊本県,26.17195588669338,140.60172221821404,66.48038603111812,40.920858208099126,26.21698261740437,0,108.43688167703594,7.726493952562339,0,1
60,0,静岡県,24.263849604187445,112.61765627720816,100.94983171732983,65.48638679682499,12.508558041161285,0,78.44005594800322,10.0,0,0
46,1,静岡県,23.788804379701457,122.6573851793713,155.60996117324925,48.34815179507533,7.2094565867200675,1,116.15026536721797,10.0,0,0
51,1,沖縄県,24.120652932793487,139.42391287229597,151.09693496152255,40.671021635440866,18.72848841470847,0,88.75444857892617,1.659435750990533,1,0
72,0,三重県,21.095838193939155,138.53114306111263,140.99752965440157,41.73723528057668,21.249817288396677,0,111.27243401156838,10.0,0,0
49,1,三重県,34.38651509883463,118.09719334025223,51.30474951714972,53.455547417056486,18.017795970520552,0,108.28426729313767,0.12046543463381246,1,0
49,1,静岡県,28.60402741497739,137.6269015773168,139.09213502019713,55.87390741267554,48.60482292375976,0,105.99510398136377,10.0,0,0
72,0,東京都,23.71722471712809,112.93779050194028,25.443008286999994,41.364275179773216,3.362254207565381,0,80.66376534869885,10.0,0,0
50,1,福岡県,17.02448071184744,114.10044430161906,98.79771424209659,69.11357736619618,2.6834614724935024,0,119.21785547203295,10.0,0,0
55,1,静岡県,15.298380410717444,128.7280804314285,70.98261232197873,46.344279738146916,5.5721618691601265,0,88.8566602544797,10.0,0,0
45,0,神奈川県,17.61608913576007,120.12786158789696,108.692478203195,41.14388460295642,19.638290941421673,1,102.39296501464342,10.0,0,0
52,0,福島県,29.233878668942772,137.99521474049305,108.1421461752973,41.13156993302939,21.11594041938192,1,107.54685219370386,10.0,0,0
67,1,静岡県,25.284774954192912,158.61340748726656,235.36388571571553,53.117961808677116,25.954633759000536,0,111.27174853676448,10.0,0,0
54,0,静岡県,24.801831620887995,127.08416373921808,15.095840076159945,50.460895009258635,13.649085085822707,0,100.0,10.0,0,0
55,0,静岡県,22.586014489670738,130.84736539238253,167.82903425602998,49.95916018509245,13.517625558678413,1,114.78086817298977,1.972522268493274,1,0
53,1,群馬県,19.34186122681983,133.54668678262826,99.34114000456051,41.30237345072606,3.102510201487151,1,88.74967108620957,5.709870989805209,0,1
41,1,静岡県,20.836410879928795,120.94696347204105,49.68928561274397,41.76336084421502,14.685688030989157,0,71.65891062070813,10.0,0,0
42,0,静岡県,24.664884049922062,124.19277655668543,19.136765411657642,41.87519462459266,17.179766722852776,0,81.96783930384883,10.0,0,0
70,0,静岡県,19.922135286183284,87.49049654448996,129.43284314362464,35.250343655072534,12.878787435583503,0,75.27180278734262,10.0,0,0
41,1,大分県,25.507067304238074,110.4417469263175,59.9402979474019,31.98683557717845,23.429510315538217,1,83.63703546881493,10.0,0,0
53,1,愛知県,30.885734879718097,147.66807959530044,124.96665585707127,40.87947381614888,16.743591394696903,0,98.9226779226872,6.240946184513771,1,0
52,1,静岡県,25.842330067862385,121.01507030092478,105.53955592261816,41.345469351884525,15.389856068251984,0,92.95128317821815,0.23047264305125692,0,1
62,0,静岡県,24.132387255784035,120.81685485318829,86.2412543556956,57.754807865039744,41.33420145052812,0,70.81512025691912,10.0,0,0
41,1,静岡県,27.364583660325867,140.4809316941167,56.470127560949265,41.58472307497958,15.962699344835984,0,91.79170037478002,10.0,0,0
55,1,富山県,23.188914351845764,128.70195589945206,150.87779649017457,41.190964231014554,21.255131853181958,0,77.53099467763268,10.0,0,0
49,0,静岡県,11.668701893558636,89.14350954882586,43.31214241866923,61.87780697089532,7.504235752415594,0,69.49719438676284,10.0,0,0
48,0,福岡県,21.35221564998774,148.95551093905527,83.77804898502633,42.25224025518728,9.329356154397574,0,86.05427083352832,10.0,0,0
66,0,長野県,22.572500848057544,134.06898325219444,79.83268552843879,42.33241169053819,39.90556606425285,0,95.19149771201197,10.0,0,0
41,0,大阪府,27.014139880538497,139.25513255562433,24.459228013681926,41.95018057019021,12.855284689828334,0,113.63688656132594,10.0,0,0
49,1,東京都,19.596764853450782,126.18876693055972,42.50945386243608,41.22216448856494,1.69335384471025,0,93.12143579828897,4.489772231307979,1,0
44,1,沖縄県,21.16402891623079,109.3869343361877,72.50700517467489,58.668398582734184,38.02923746579549,0,93.23377243121121,10.0,0,0
45,0,青森県,22.139132241052483,121.46462024344079,121.08728423376225,40.32320469260349,18.724397326200634,0,84.81500645162721,10.0,0,0
68,1,静岡県,29.956339041942165,124.91279987667188,152.19409390483858,29.952243904358077,14.02109740876714,1,99.02731215923211,10.0,0,0
57,0,愛知県,20.82812048739496,89.00855544395802,150.04365627148087,62.74476002362082,13.616752237018497,0,107.07565826562261,10.0,0,0
64,0,静岡県,21.896394559422703,107.01125032586766,48.33718195800088,42.69546043638115,15.62607340573486,0,66.35976761986684,10.0,0,0
46,0,静岡県,19.670867805400146,115.39080687558229,46.54456331618427,41.74224196120567,7.48062626847055,1,95.71010648777678,10.0,0,0
41,0,北海道,27.366060084338308,109.03600917957492,93.30663558283658,51.602753766176676,9.220778800185183,0,77.86937261121216,10.0,0,0
59,0,青森県,16.147951129945827,138.376606089503,55.286058390273375,44.76063329373689,6.343569290520029,0,94.013213231914,10.0,0,0
70,0,静岡県,22.53053786931789,133.0711272753805,121.69122791849891,41.11451063533321,8.658040767264211,1,101.19208796713052,10.0,0,0
53,1,静岡県,20.152854631612968,136.7756260484179,166.69517287439265,42.073553101412905,29.036324946054528,0,69.62161593174157,8.010560210562842,0,1
47,0,静岡県,30.755763636571274,138.56873192728702,360.0432996289205,42.30534700182653,43.153945176906504,0,99.05156530429046,10.0,0,0
42,0,静岡県,30.48664087229412,128.07512124448118,112.36566013813994,43.70995646609708,13.507057428437827,1,101.1818415490602,10.0,0,0
66,1,群馬県,20.829018633061835,113.28322727451321,85.16690345582941,42.05703216884724,5.945889165079548,0,106.88636526532741,10.0,0,0
47,1,静岡県,26.466848257248,133.17972520484898,62.4450780446638,41.30133321316648,21.626722641196757,0,110.5863199051321,10.0,0,0
53,0,静岡県,21.82462156493043,104.21355756250033,120.20720929803579,41.519661697957844,14.005995634950608,0,77.61744566347414,10.0,0,0
73,0,静岡県,29.833116355597966,141.99925438224025,128.59296602864967,41.92907525009737,35.328372933552,0,69.22062029675016,10.0,0,0
49,0,静岡県,27.885141085673634,138.37681560399096,140.9789186022838,42.18829961987724,58.32903946076711,0,110.60083716770868,1.9195163657446188,1,0
60,0,熊本県,27.539553198784542,123.641793662627,63.46720827526927,48.40582070314951,13.0591730209447,0,68.35613815563721,10.0,0,0
57,0,千葉県,18.938369089286645,127.43097111303068,70.32064309614871,63.03915589431776,2.8157790926518524,0,81.02769096943979,10.0,0,0
69,1,千葉県,20.84643409762141,129.1942048361431,109.902960651175,47.88590053458485,21.243113851134645,1,94.8489258605319,10.0,0,0
61,0,静岡県,19.29280337565045,136.39775810771604,150.1093665702048,50.46453742031101,23.961644130650498,1,98.44506941574926,10.0,0,0
49,0,滋賀県,10.790673404455587,130.42032458684133,24.882392015479887,64.29914804456693,19.787772816406896,1,63.405860149633256,10.0,0,0
48,1,静岡県,21.04464173361065,110.28826074150447,47.411471921992366,41.35970706439459,25.534796842597043,0,119.167190287748,10.0,0,0
70,1,静岡県,20.069565945101374,123.68488258305692,41.11332485725693,54.24864072018551,3.9561061886619675,0,74.56862896149852,10.0,0,0
70,1,岡山県,23.745474477162954,121.87905663425362,86.09822335966125,41.65513786931878,4.685297654983286,0,102.93095497575662,10.0,0,0
61,1,茨城県,20.75525421283666,122.4432912405383,69.0419417084441,41.21977983163722,13.302727511296572,0,95.19296119090242,10.0,0,0
65,0,埼玉県,19.562480406251584,109.62115924277404,59.67361284155783,41.99643533647942,12.191926293840122,0,77.76533701523597,10.0,0,0
49,0,静岡県,21.0684333714383,128.40348478559613,163.93698221264938,41.54954446643201,22.27865907783382,0,75.9608644626339,10.0,0,0
72,0,静岡県,22.4927970012629,124.13086152203726,21.806254541304988,40.61771531597632,1.8519813505482206,1,88.01927659625441,10.0,0,0
69,0,静岡県,28.600187773919288,129.5260836932001,149.29578397769149,41.69434600711008,43.83722717264272,0,76.27422670749016,8.121511838309027,1,0
43,0,愛媛県,24.116376115205973,135.92525485741353,104.76909262738214,41.023961146928116,16.15776152234218,0,125.3514135554114,3.28078446479908,1,0
45,0,神奈川県,23.452353000928525,141.9569370496132,67.18441302070121,59.34298664862086,13.088172626594712,0,105.56773817109021,5.746558504456615,0,1
55,1,兵庫県,22.700702931543624,140.16402152101656,182.6053616271225,43.74305460419877,43.698801648718614,0,68.17107127319271,6.749847793074545,1,0
62,0,静岡県,26.115385315702984,155.45201983448325,71.44407000821354,63.70518320673384,57.83176659284487,0,118.73754500259471,2.4157390320576044,1,0
41,0,青森県,22.438525875533212,112.29503564237328,27.37643785706066,64.38439664583493,19.8923256985199,0,101.52893644699456,10.0,0,0
51,1,福岡県,21.498090028039922,121.83867395773945,65.11743826234671,41.66526531847931,2.875064461325594,1,93.39777429476987,10.0,0,0
58,0,静岡県,22.831144974496524,128.07879542444664,19.627026635604793,44.34353344907666,14.407613845462368,1,81.20643795491131,7.746495387287672,0,1
71,1,静岡県,26.435076036489363,126.29443501284236,80.46151375307271,48.306847796129716,13.995395908119514,0,82.37238716261226,10.0,0,0
65,0,千葉県,18.9650824261106,111.08234054692095,70.95289271043575,53.1314876342054,10.604529614327523,0,100.32664451496731,10.0,0,0
72,1,愛知県,23.48328882712896,119.4969626593771,34.593104050682385,41.02398223020268,16.09496936476283,1,72.97162125324056,10.0,0,0
73,0,愛知県,25.069201941065465,138.71528121516104,82.55778143615987,40.712010812208064,16.84397902794413,0,120.78730437562027,5.123851026412473,1,0
66,1,千葉県,22.9112818696771,160.80955500693247,88.22191854515857,41.037049595605495,7.074161590594484,1,113.56304960083625,10.0,0,0
47,1,兵庫県,18.26104837886645,95.99770418727994,119.07476780453975,51.2310206527163,32.48633787540378,0,87.144840824443,10.0,0,0
48,1,沖縄県,22.315648942379973,109.01374782617462,46.69805530480594,42.17327174886029,6.126518382451153,0,75.21308944631318,10.0,0,0
40,0,東京都,25.28038278683552,94.64022292873375,98.1711453870786,56.13094709445836,38.76081838477523,0,81.45449748954499,10.0,0,0
60,1,大阪府,11.852381595485856,142.6889515301622,74.66455754805324,63.9568695816891,9.67973961513089,0,80.11613138833103,10.0,0,0
53,0,大分県,24.45771208513731,113.76226575307687,19.21892175175664,42.13354664558706,16.925739572860156,0,69.37612389641234,10.0,0,0
69,1,神奈川県,11.24382444408388,105.6899398622297,48.556889327866976,41.85601674407874,5.397723718992433,0,96.56060256750717,10.0,0,0
73,0,静岡県,15.638939663004834,121.46345642128674,76.56774449904431,41.97511698361975,1.834063009613191,0,92.70854096119433,1.9457720394625537,1,0
60,0,滋賀県,23.399554607850217,143.57103077576235,69.80776580284325,46.565263089254394,7.3947181123688335,0,74.08632563346848,10.0,0,0
69,0,茨城県,20.606256283304976,107.71587620601994,76.49308538603157,42.43665354266139,22.671139341622982,1,83.39851415003258,10.0,0,0
61,0,愛知県,24.445702156263845,149.1065530773374,37.84733789579338,45.51591984286983,9.171609562802542,0,94.01021642465045,5.381028795675194,1,0
55,1,福岡県,19.795010245729017,125.92875734599777,82.6770350183907,72.16304156729953,21.682508339329463,0,86.15712183591248,10.0,0,0
47,0,長野県,23.86077472231288,111.44117465440917,154.97295166055642,40.44340505780147,16.079048592129077,0,115.05406070863523,10.0,0,0
73,1,静岡県,20.413169189015957,111.33588108089748,141.10341647317756,41.36354460785997,10.100191864346893,0,108.93209221071685,10.0,0,0
54,1,岩手県,18.111292288904206,119.519953651449,53.304109512294325,42.02124075861357,7.891486064157509,0,103.38566752249218,10.0,0,0
67,1,愛知県,22.31789995831484,126.24801248952464,151.56495740837423,62.40049380113452,41.3307384519033,0,90.99302486363142,8.97108628547504,1,0
68,1,栃木県,24.668529649973795,120.98544355823103,74.01853829630369,48.942143498620844,14.393488060791883,0,66.33881615018761,10.0,0,0
58,0,北海道,24.47503589268129,119.52437924727177,74.80987592276563,57.21139357231697,23.366563238748288,1,80.1982284368799,10.0,0,0
47,0,神奈川県,27.355464715115264,113.07820898529698,71.46033549149809,40.18979999148122,5.000912732131126,0,91.68474791464196,10.0,0,0
73,1,京都府,32.0594300997139,138.37687138024546,198.3672056099222,40.12409544107931,6.276405931630417,0,114.84188459676487,10.0,0,0
49,0,静岡県,32.43231474075524,139.18977260161034,74.82230220233095,40.95831220853092,7.849409380908254,1,108.32314782986671,4.694594410412987,1,0
63,1,神奈川県,21.475401482343518,134.0287868423293,87.05807088800273,65.08551982140082,20.579099133133372,1,115.04997679857378,10.0,0,0
43,0,埼玉県,20.600733472534763,109.89543235391793,107.05683530903326,41.838137686309665,6.740822915635183,0,94.27033655881368,10.0,0,0
73,0,静岡県,20.640621709616557,121.51753232791877,144.14344020944102,41.19533315879789,2.963680464556676,0,88.43053286235723,10.0,0,0
51,0,岡山県,24.200465278658985,148.32473294498732,91.58166288324091,65.75897203352237,35.484308673964605,1,112.73159007119631,10.0,0,0
53,0,福島県,24.75287111405447,107.07039199203167,53.309618448163754,41.85244582233895,14.749208142258016,1,109.38174841857092,10.0,0,0
46,0,静岡県,28.35937348821613,127.13536073307999,51.40258287868142,40.687945492570734,9.902529851166644,0,96.33072431792723,10.0,0,0
48,1,静岡県,23.2596751746692,112.24885732955401,64.32377930777751,41.3745005336362,23.377248803885767,0,83.7052470515497,10.0,0,0
49,0,愛知県,29.093472519105614,143.70623655362357,75.53127242583801,52.36713769526895,8.613783220615277,0,93.78035201501487,10.0,0,0
66,0,神奈川県,10.806612757950125,129.0892108218638,57.37883457505417,53.133339108804634,4.484954817098412,0,83.9220207299445,10.0,0,0
54,1,静岡県,25.762808597409997,109.41265278316529,154.69937008502694,43.4248736464081,17.3909763252823,0,101.28397939875359,10.0,0,0
54,1,静岡県,21.435220073642977,129.5605702561826,34.96281792171939,41.81308590415747,10.078392939004233,0,97.07944219637652,10.0,0,0
61,1,岡山県,24.934967868910096,127.42215435560438,46.72576524157828,42.06031291608576,6.625353925438608,0,72.67282303952507,6.921037747781887,0,1
63,0,兵庫県,24.66891755303231,141.0507386956531,150.05310862791606,54.35613190010737,55.41013140881243,0,107.88742516719017,3.8609801919760303,1,0
46,1,静岡県,24.152183902417466,118.70865076875235,159.26515291876595,41.621178261752455,9.40643051990538,0,90.2076411193126,10.0,0,0
53,1,大阪府,25.278820741092453,149.10680627269554,88.4306182298161,36.28766565139297,12.851703077942815,1,95.18437716899052,7.336583848647337,0,1
67,1,宮崎県,20.836168025148826,120.72027442611856,82.4937917097095,41.749767634106284,6.38431608388585,0,85.5510077427743,10.0,0,0
53,0,鹿児島県,27.688874600427496,136.64124088221058,89.69801215214788,51.67910754381573,14.030198270542995,0,86.51098168411052,10.0,0,0
41,1,静岡県,21.329312961628396,92.6684678748331,63.844746690827535,50.71418294679923,4.320203144349293,0,67.14877723136796,10.0,0,0
69,0,東京都,22.14472576166778,132.69452590328598,80.80551186672858,40.83636767008207,1.6896170883421757,0,120.12435103766803,10.0,0,0
57,1,滋賀県,24.43992101073852,123.6469314876187,133.38707021001994,41.92500050586094,41.33259641816751,0,75.01255393485282,6.632280746043158,1,0
66,0,千葉県,11.229782002282949,133.18658099926958,35.40946517518676,54.56576383434116,1.4958071207874981,0,96.36544634281174,10.0,0,0
74,1,東京都,17.61233684416094,126.91913791857249,42.382340153617385,55.87173158656186,8.42471240818915,0,107.70608467359077,6.915806264583999,0,1
70,0,静岡県,29.83322910617631,130.31989108489796,255.7676847191543,41.28874735158933,23.13864923333393,0,115.08845962653201,10.0,0,0
51,1,沖縄県,25.41309869748558,125.95548664128223,119.06722368232418,41.886988184506194,17.025131257935712,0,90.31733000100938,10.0,0,0
71,1,静岡県,16.869452302711945,114.33256335220989,28.95599278041684,58.35646984918615,2.6652714677895055,0,103.01713232815263,4.134338067307947,0,1
55,0,愛知県,25.88320534984841,126.29480657039204,53.30330213127313,41.67307192183903,8.552471423815101,1,77.25002178222516,10.0,0,0
71,0,福島県,22.69584976938012,104.21144120920017,67.72375062595702,41.22583142396525,13.667791586723286,0,74.23125755479816,10.0,0,0
42,1,神奈川県,19.99939891546562,78.95807042209456,28.21663005186686,41.483100832988555,16.22046996582394,0,64.84830539707104,10.0,0,0
72,1,京都府,27.38900489602884,172.37575634558476,137.8071402477788,66.16235580914918,21.669986248571178,0,102.21919173160136,10.0,0,0
51,0,静岡県,23.644732993310598,121.22324596807529,124.1371108840618,55.08247423888026,39.5901842941882,0,116.75277872057906,10.0,0,0
57,1,東京都,24.319547961889334,105.59326027227429,106.265404657699,41.21994542196078,7.313664332280169,0,81.99272022910073,10.0,0,0
60,1,大阪府,18.703547341453962,131.51757872242644,64.95354355345654,42.241752062617145,7.492744085442145,0,88.97678871592427,10.0,0,0
49,1,静岡県,28.01795342610237,136.36382567054287,94.64464827660741,41.88472142055382,3.7099315314629644,1,108.46755796478925,10.0,0,0
47,0,熊本県,23.445590167693943,92.46213474555364,80.8006013651358,62.15716062318474,14.288721900264736,1,77.22515744082328,10.0,0,0
69,1,東京都,25.32536934785865,122.38129000830097,126.74884904378797,41.313026964007165,9.157034313079151,0,97.18754551590453,10.0,0,0
46,0,静岡県,24.343788599414417,153.83751909129225,109.32308244981573,47.26677886633178,20.12554060056437,0,111.57334807047098,10.0,0,0
44,1,静岡県,24.764926180117673,136.77114207505534,120.78665123224532,41.528169351992915,11.874724102324368,0,121.12373777327329,10.0,0,0
48,1,愛知県,26.30033584868847,124.84061093682688,114.70396145313968,54.305496911589096,21.286935252272503,1,71.98077897041401,10.0,0,0
49,0,静岡県,22.77793214011163,95.5116322403361,63.07566735863633,42.06522102641646,3.994696029289789,1,81.10732082306338,8.503338804248566,0,1
53,0,静岡県,19.340032948141427,132.82164725935215,115.84180978680102,70.05314635994799,44.69480772897749,0,80.61834151712995,10.0,0,0
59,1,京都府,16.30164315085903,124.47166496478472,48.52992845808407,44.867088724973726,4.359698400943423,0,81.34554249987113,10.0,0,0
70,0,東京都,20.41693665685013,121.50995928247328,38.57115230188679,54.77602887129146,12.7309296940753,0,88.73030825801246,10.0,0,0
67,0,静岡県,17.39531315828689,139.29832667790075,7.872905337425832,46.87996456374571,20.62582579436015,1,83.92687477177978,10.0,0,0
41,1,長崎県,19.403740630774916,142.0478155953892,99.35541868977272,41.766790671427536,3.046233962584346,0,90.50576881302524,10.0,0,0
72,1,千葉県,17.27962947752297,109.38283399193247,43.41820859579355,57.26330952990085,5.7966883750418186,0,79.35536278244514,10.0,0,0
46,1,群馬県,28.5657473579177,140.88809898805445,156.39126537872667,55.71377190498451,21.684232978413245,0,118.41599003318015,10.0,0,0
73,1,大阪府,20.18713681576274,139.10523833021855,103.5424387707708,41.361980896879274,19.04777345277982,1,84.80852529866898,8.171142611651808,0,1
70,1,愛知県,18.85374456762759,119.05270080906988,41.65326390446539,59.260915428158,16.146183391008073,0,95.22442646399588,10.0,0,0
43,1,兵庫県,26.616254616510172,97.16562519443094,24.52714452226286,60.70970857015265,11.211834456967525,1,73.15046373571067,10.0,0,0
46,0,三重県,18.79440826354386,141.6686251533612,60.66260054165957,40.671705000374565,17.784929078004918,0,101.5759256122116,10.0,0,0
54,1,青森県,19.41865791600821,113.63195764699243,52.80310657610044,55.94595005979354,16.900877115753534,0,92.16263957841022,10.0,0,0
42,0,静岡県,15.82060441342208,110.75057499329081,35.31545646235094,42.16693758169886,1.433820011575421,0,61.99022037920578,10.0,0,0
60,0,静岡県,20.33722495763882,137.08894912872194,214.586379535573,58.365373515487306,13.9975323037988,0,81.28759563215038,1.9973104434546074,0,1
66,0,長崎県,23.80390108747832,145.7584645942616,120.21272012515688,42.19139173990358,14.52249502344437,0,122.98686281312722,10.0,0,0
63,0,北海道,27.55402422160407,141.08942783928998,91.81541096798117,41.9056816568412,25.785899557603354,0,103.87821867127973,10.0,0,0
70,1,静岡県,16.225649950785655,114.24124174008908,34.87044112302517,41.077045086552886,4.790682629287754,0,89.62140631976177,10.0,0,0
47,1,滋賀県,21.338634934365942,112.7504833281046,289.74577545330226,41.36618832471759,2.8280537577571963,0,74.05309597914888,10.0,0,0
65,1,静岡県,15.788038409827431,112.31953942620902,63.84564689183619,57.78025833155342,30.48469636855163,0,75.25053951715344,10.0,0,0
61,0,群馬県,20.15216393903856,126.80211795398856,37.25604759264528,63.10878098918,13.419847198215626,1,96.52968656767524,10.0,0,0
72,1,富山県,22.400984096458554,100.58721369016584,74.21948464270889,41.28723490908549,7.089086099083704,0,96.2361824986303,8.765134152812474,0,1
49,1,静岡県,17.34470939781675,107.8657175587803,10.253005950409634,40.65126592209956,6.132662432001282,0,83.06745064604361,10.0,0,0
64,1,福岡県,18.285655679970844,114.6934427202939,78.53975417398112,42.264500554173274,9.282404078548169,0,78.47026918766618,10.0,0,0
57,1,秋田県,16.99330515910623,125.60059610459474,63.83761410660636,51.444200314735006,7.109365794908761,0,100.6372838834147,10.0,0,0
55,1,千葉県,29.615010243891703,163.42893999131127,74.67090490686199,42.44053325273991,26.39522956102688,0,85.06622582369171,10.0,0,0
48,0,神奈川県,25.308966254393326,130.4003698688192,88.01738473813647,50.61628269032815,23.050718733561414,1,115.82661602485778,10.0,0,0
44,0,岩手県,24.45313739952076,142.06889372431547,56.96228556653263,54.494313867540235,39.749407576264495,1,95.29333827517102,7.732559858354119,0,1
50,0,静岡県,26.17053920072301,136.99753154651745,212.5426718054752,41.66120394923792,12.030411134198824,1,94.46247043179447,10.0,0,0
57,0,東京都,22.341588045928443,160.88059210993404,41.6488123462706,43.05563861623516,10.407707979825492,1,80.22792576410534,10.0,0,0
51,0,北海道,21.795221566859386,128.07164012825666,121.31751655124307,42.733869643085775,28.49751385009372,1,95.16716510584956,10.0,0,0
73,1,静岡県,26.285354951167932,147.17440952226838,133.92754562189296,59.55205186817195,6.053512902807365,1,119.6741576260897,7.391127245054285,1,0
50,0,福井県,27.469608660996425,128.14235067710828,158.22646580358918,41.6975739994778,22.669063486397025,0,118.69169006413306,10.0,0,0
61,1,大阪府,24.039364643849872,104.21228342025798,178.40370345044954,40.65289311085268,27.01311480889236,0,89.27391513119339,10.0,0,0
41,1,熊本県,24.276304439015796,127.24970799116875,38.45227273624936,42.22332233041743,48.871859246889265,0,74.7370772644945,10.0,0,0
54,0,山梨県,22.196008606317733,138.35954278037616,110.9549723434327,70.78295757759679,17.6157891560961,1,121.10674808167414,10.0,0,0
50,1,千葉県,22.019634088192355,145.81947278071232,32.19630306542741,44.218662635790736,53.45407905307282,0,111.94689571635092,10.0,0,0
72,0,鹿児島県,24.334948020920677,135.38003370066087,255.5350069817067,39.98269974486923,17.874018238231013,0,118.41829044710614,4.279138967413979,1,0
50,1,静岡県,27.014038682771634,118.93639125674166,48.50930058355982,41.36342601783427,39.797960253712226,1,81.93684920578387,10.0,0,0
58,0,東京都,26.900455931249148,132.77117036141692,82.65094712105058,64.64665356196014,41.36788832088591,1,123.57674527193845,8.739761631758284,1,0
71,1,山口県,24.664620974360727,132.26399801561192,58.98948637025755,56.272644567012726,40.596703182074116,0,77.17529787158905,4.448343359662033,1,0
70,1,滋賀県,29.62003885030007,150.6118206419821,129.33506648639548,64.38506481568176,26.53794297316365,1,112.52070163316897,1.9310157248490503,1,0
54,0,静岡県,28.305907867860462,123.02198353468901,179.85830286589234,40.59350541613824,5.353732853893303,0,77.18875890408134,10.0,0,0
74,0,鹿児島県,21.805424355666826,138.24686732788462,147.3644354715631,51.14451186630936,6.345135318246695,0,82.00520407828508,10.0,0,0
52,0,静岡県,19.422487754506584,85.36859279019995,59.09595046372633,59.67044087082334,4.48461968602427,1,90.97229422345983,1.409714682012282,0,1
46,1,京都府,19.346498333344353,91.49617800217402,24.530230373629227,41.789532748628986,12.884159402585631,0,89.34810543002122,10.0,0,0
61,0,静岡県,20.797731602627387,88.38475359583688,183.5909127782126,42.053259911621176,13.521372121767595,0,115.98077794540107,10.0,0,0
55,0,静岡県,25.00304508681505,107.41311707832936,105.59214139981276,42.02960479055475,19.76504079360156,1,116.69301522136101,10.0,0,0
45,1,福岡県,26.29836895099964,89.14769537989271,47.372333895330804,41.79227090885049,21.452416609420858,0,95.9246070181004,10.0,0,0
53,0,静岡県,21.36385745988502,110.33296311542739,68.53949378770082,42.77346333215791,40.26286668172821,0,91.52816573297346,0.13025830405070765,1,0
73,0,大阪府,26.13284971840605,128.13123001144658,139.6315640663717,55.86763469638498,13.858557840514269,0,86.51393048610812,10.0,0,0
42,1,和歌山県,21.890257085571456,107.82950290363425,28.770127812430598,59.33569417518357,14.940165135060031,0,91.4550640229754,10.0,0,0
45,0,沖縄県,28.262515896495948,120.99256659317952,68.17243966342444,39.630485402651296,14.474827274202108,1,103.16651087940983,10.0,0,0
68,0,埼玉県,25.61967958689375,131.95927441882313,111.87648086873456,48.71329577843417,19.570446952996956,0,112.21498666581473,10.0,0,0
55,1,東京都,22.466148188967935,93.24341165140461,103.63130929397644,42.205737192633514,3.104723318620085,0,55.773178065036866,10.0,0,0
51,1,静岡県,26.419488672831253,124.23928546096013,34.06461445939143,59.85719548777817,69.82239035930864,0,65.63860300899944,10.0,0,0
51,1,静岡県,27.161822718747793,114.34262028689696,234.57515849307143,41.22483007601809,14.028596526474225,0,73.10428986425747,10.0,0,0
41,0,静岡県,23.754645403217168,126.58255110012999,151.1593667397567,53.557694051403935,7.3121776101017035,0,85.68151067381889,10.0,0,0
69,0,大阪府,23.765046589924633,129.0708755284365,105.75358332528259,35.58550113223321,19.548249585398395,0,84.91833755537645,5.879215460062644,0,1
58,0,愛知県,20.79908372009492,111.18943193178552,43.13365099445022,58.28567707523243,6.24940082865793,0,70.38774105059962,10.0,0,0
54,1,奈良県,24.275425023621164,118.821088626633,89.96010227376247,48.50475708358865,8.719407228741739,1,99.23339014563847,10.0,0,0
65,0,埼玉県,26.93760395676217,159.50922295520837,161.22001110322023,42.44149044794416,31.075172814436975,0,78.91417988496693,2.847490477508834,1,0
40,1,大阪府,19.918013342743688,92.5272065800276,22.186462875642935,66.8834118598555,8.153782630729095,0,75.80189750086492,10.0,0,0
55,0,福岡県,21.174137174497375,144.1776962513693,94.61497269412504,49.25526464839812,40.86445248510157,0,90.75024439684366,5.2836248088764375,1,0
65,1,埼玉県,10.779978303661299,95.52804993094749,35.58154338150271,61.1604304194553,1.0110788320271857,0,92.71378434457016,10.0,0,0
73,0,静岡県,24.574921311025523,122.89812829720907,84.88480148497122,50.41624294808989,37.29344544523868,0,110.45233883249631,10.0,0,0
57,0,埼玉県,26.24364140811752,115.76640837436248,117.9191377180024,40.83713631950373,9.834807939984815,0,99.23280215534653,10.0,0,0
70,0,奈良県,26.89165149495774,130.9391404668542,131.4865698361907,42.236554464750256,65.77888802560818,0,82.34887096841409,10.0,0,0
54,1,静岡県,19.90751226716963,114.36931929566846,177.64562388473624,41.9300258209501,61.94385536693234,0,82.00419828625074,10.0,0,0
71,0,兵庫県,25.536663199694317,120.04866172803534,414.3079812016415,50.38315923518549,41.013253105293664,0,106.36170927569322,10.0,0,0
42,1,山形県,26.43992624257457,132.61781670597904,139.65111554510466,48.929186004937584,17.72549619430974,0,81.5577844320981,10.0,0,0
53,0,東京都,24.89263657723989,171.7493401822182,92.79887636510472,40.6508898754913,6.261419013958688,0,99.55298454912462,10.0,0,0
49,0,鹿児島県,27.55856051266407,132.52362543870504,57.68395548755614,70.0538451605836,3.9462471266467354,0,95.78863909368366,10.0,0,0
42,0,沖縄県,19.229816662361543,113.44046601162296,68.98205695131523,40.37202886879536,3.6537394418851026,0,102.53323358450248,10.0,0,0
46,0,静岡県,24.447760573038487,103.5997144367391,74.82059442721915,51.52049225417318,106.84985796917707,0,79.35396665912923,10.0,0,0
73,0,東京都,21.456439782878103,171.69675191827358,90.30793253859227,64.06406129558515,22.190965937334724,0,121.14192218605967,10.0,0,0
47,0,静岡県,23.3212704686476,140.16335649927782,58.14577373206409,41.52124488357858,12.438186823924992,1,90.63174508549773,10.0,0,0
45,1,沖縄県,24.320981429977763,95.25260687718672,35.5753334997172,40.90773979490698,14.966420697155659,0,82.08091181647241,10.0,0,0
53,0,徳島県,28.631293432794017,106.30975267597859,45.52709626275475,48.91995633609605,21.668385518609515,0,95.9305338295609,10.0,0,0
