age,sex,prefecture,BMI,SBP,TG,HDL,ALT,smoking,FPG,time,onset,death
47,0,神奈川県,24.123520535935786,135.33621700574136,62.90671428460017,42.067986022521424,33.87241725265877,1,78.13673586987862,10.0,0,0
54,0,茨城県,23.511434471324232,134.64234756050658,13.629516006384561,55.715891767814895,12.856831706077996,0,72.60469984866901,10.0,0,0
64,0,神奈川県,25.275356488052417,123.04279048320316,162.12787170994608,41.744883368446324,33.466688768339026,0,120.2215205043325,2.581467814226293,1,0
51,1,神奈川県,26.061481175557113,106.78413158830492,157.28234546103866,41.2575819125209,20.616418008811884,0,89.34403937196305,10.0,0,0
48,0,東京都,27.66258728096682,122.74341206255212,107.96379459944127,42.45676087668539,57.31261380690803,0,110.01890702202131,0.5053530963398506,1,0
47,1,神奈川県,27.05197040494876,111.95631637375054,63.049973871358496,41.94854854171184,51.59900463563686,0,87.34776049044159,1.7914901755168868,1,0
49,1,東京都,23.322179345573385,124.9534403668363,88.3357155055098,66.65438214323594,22.684849053373156,0,82.4632988176083,10.0,0,0
47,1,茨城県,28.004892705062527,94.50236909976454,67.5900227493425,42.44125262225971,17.46680078058876,0,68.62653208559767,10.0,0,0
47,0,神奈川県,27.304752050748746,128.82815617771672,235.62866816801005,38.55605039962598,11.916001555049174,0,74.7732705045976,10.0,0,0
45,1,大阪府,28.815559180074498,106.16965684118958,96.69192144532344,41.03717443349629,10.658065407488017,0,91.39124259675104,10.0,0,0
44,0,神奈川県,23.930886792625625,157.0179215737492,98.24181517036888,54.1635270974413,49.63095183010979,0,115.85657375730972,3.0065697001365317,1,0
48,1,愛媛県,27.574469524092926,118.73092019224458,104.63750612630889,41.2331989678313,22.76068262092615,0,93.09209709529374,10.0,0,0
51,1,神奈川県,27.045100083785947,112.8281446679398,53.251614942513726,42.01631181642173,17.13048577572085,0,117.3137219412464,10.0,0,0
60,0,北海道,19.371616425722205,106.89348414662088,54.36240904801866,54.43185355294263,1.9811740375264209,0,87.60122617611952,10.0,0,0
42,1,神奈川県,19.711239315845212,67.19022581102863,31.830367114412926,41.23649227488473,5.322734676707253,0,78.64923909402386,10.0,0,0
65,1,神奈川県,22.64864084995867,161.59321070501792,32.91731368320208,41.77341324200194,8.298894963050817,0,89.15160769492908,8.643747679969595,0,1
55,1,北海道,22.225081231327845,113.48981745138899,52.956581046476046,52.45440057884483,15.399798892114084,0,81.72277539336864,10.0,0,0
50,1,神奈川県,22.414602101065512,98.23007060861046,30.708200726399525,42.16061774500555,16.03096794415873,0,83.52575123241475,10.0,0,0
55,1,静岡県,25.787465943836036,115.67304264462523,52.697984575406146,41.14943284492779,5.285290919100665,0,69.60438819047556,1.7028073459476785,0,1
70,1,福岡県,25.997620289075954,138.49469024072067,125.1680104674727,60.3363613118036,14.614558608588592,0,123.67482749080979,1.524105735863025,1,0
43,1,北海道,18.782719221294386,140.20216470578808,69.16062217705117,50.950699365082166,2.811043572710382,0,85.76051930862599,10.0,0,0
67,1,大阪府,20.008188245257983,112.83449720185325,31.83621835738481,54.247940850082166,20.00086173149615,1,71.93623556545612,10.0,0,0
51,1,神奈川県,26.90742211346087,138.79632326572226,142.84035193646784,54.952850227905486,19.957752316869726,0,78.56066070159255,10.0,0,0
42,0,北海道,28.35653771532988,120.03631996164981,43.412357928500484,41.500423783264814,24.796229112731094,0,94.30169081106816,10.0,0,0
51,1,東京都,24.56400283240875,84.12628597753177,117.47369521989205,41.092102341819235,22.684687062075177,0,81.80235869726165,10.0,0,0
50,1,神奈川県,23.850083261497687,132.630134757298,170.4687325318334,40.532620241320366,5.869883031377981,0,102.54949130029723,10.0,0,0
45,0,千葉県,22.103901772475115,98.70666969145935,61.53080954895748,41.906537617847555,22.55756680979578,0,77.4575048687838,10.0,0,0
41,0,大阪府,22.798350306204558,98.30273341728842,39.199220300235154,53.365873353325405,28.582172680662666,0,69.31792936693611,10.0,0,0
44,1,神奈川県,21.13181652148052,93.16861849280752,67.05087678013813,41.274618550102026,7.673734780850398,1,97.07463267433445,10.0,0,0
44,0,北海道,25.798257137526527,134.78012336147867,73.43153594942328,41.395983905777165,14.220386066215573,1,82.21861918853644,10.0,0,0
62,0,滋賀県,23.03244279034253,119.21631694084431,55.430281139737524,41.21432702594321,15.183392652108953,0,102.86704876406552,7.617674855132391,0,1
60,0,神奈川県,24.836447691257142,101.70518636900782,31.921729502071265,52.77422588231245,8.208665015667542,0,102.73577209621278,10.0,0,0
57,0,神奈川県,25.561803397635163,114.6374728140289,67.77062776646981,41.400556081139165,11.894818845043256,0,79.66919143290373,10.0,0,0
72,0,神奈川県,26.501849441549414,139.31928171185885,194.83265387377566,41.584268062878515,26.426715662255287,0,89.30578493589529,10.0,0,0
48,1,愛媛県,22.343390422016686,122.57842499297477,43.16142878082962,52.74159159762313,4.814742413219585,1,118.39334611241881,10.0,0,0
71,0,埼玉県,22.086151496537198,124.64218136445574,77.88206456911433,40.90689089890855,7.489264909749438,0,80.46241417067907,10.0,0,0
45,1,東京都,21.383837112353866,123.19633360181476,21.34806383110027,42.41256618645361,9.241112623289908,0,69.83678972379313,10.0,0,0
41,1,石川県,29.15003349583981,115.63670577749096,103.47901171733756,41.332833787258,15.737282328631625,0,96.30995755394012,10.0,0,0
41,1,山梨県,31.910271352622537,137.1350987716895,308.0908863407152,59.54164611365234,41.757787502458214,1,95.41195744882423,3.3251002147167563,1,0
67,1,東京都,19.89638480928022,124.12446809484449,162.05863957010362,41.443045072923475,6.750915432080569,0,107.42450589245298,10.0,0,0
54,0,千葉県,19.43826217008852,83.65017525175655,76.87946522995638,42.01194429703279,12.64258978994222,1,82.30251871519617,10.0,0,0
72,1,石川県,20.444810836904246,142.25514007707622,151.3326568272768,42.08009569371982,10.34805912676851,1,64.83996850509416,1.0009228863178614,0,1
68,0,東京都,18.936507637568845,113.56707251369197,19.033298714350174,45.295193524862945,3.986642750892025,0,102.79798526741756,10.0,0,0
42,1,神奈川県,24.54115354447188,157.77260740761457,40.12332638545635,41.299054873719264,9.994308175615897,1,63.96028142466038,10.0,0,0
62,0,滋賀県,21.33636930202767,132.0779899924437,249.5299604932395,41.948539021433334,45.32264083495767,0,98.7104711576913,10.0,0,0
72,1,千葉県,16.628648138249275,124.91522635531621,49.87620709199045,40.089116670304634,2.828847080436957,0,78.00855241525075,10.0,0,0
49,1,愛知県,25.378117510312673,120.33423218918747,91.6798641388912,63.85406544648479,25.386166804255282,0,104.61441710394566,8.077292445522485,1,0
62,0,神奈川県,26.035095031138663,122.91754250974537,46.733803075138894,42.54401612250002,9.479756834990726,1,87.37614827459717,10.0,0,0
71,0,神奈川県,25.624256767769197,130.9184805975284,52.8157547932704,48.41315654192333,6.8915508011659385,0,79.46506229289986,10.0,0,0
61,1,岐阜県,21.331795843086347,130.5208973829451,165.66029878519115,51.55298340718845,9.703045896889948,1,76.9024258096616,10.0,0,0
41,1,埼玉県,21.269536768121494,140.2098437872446,62.49558320530765,54.76762152557232,17.07390551044297,0,81.75545262154873,10.0,0,0
51,0,神奈川県,23.31779211046352,87.68035716986243,32.997943673936184,41.600998972406785,6.74735504440508,0,71.92982466068135,10.0,0,0
74,1,神奈川県,25.411009450687775,129.92721538191,227.90594839553916,41.437880651750206,25.516435944122378,0,97.69560411208023,3.890413889407128,0,1
59,1,埼玉県,24.797664342894876,109.0484927611535,35.80262875970444,40.941249713367306,1.9389438453971959,0,62.569810144028594,10.0,0,0
69,1,埼玉県,25.339500923696168,130.80854627493028,97.51297978622905,56.79081866976729,18.875626139756672,0,108.11735339206867,10.0,0,0
52,0,福岡県,27.344921991463796,106.04375584360555,125.59845354652595,41.953454774615096,13.372537142154139,0,83.77326146372023,7.287904352334776,0,1
44,0,神奈川県,24.129149789554276,83.65651759225639,13.0767666242209,41.443838826627015,3.353222523186988,0,84.36012643579294,10.0,0,0
53,0,千葉県,23.198862182874038,91.41725563296218,40.776475484277135,33.56307160489364,29.57989306996826,0,76.19457033248631,10.0,0,0
56,0,神奈川県,16.314584393649895,111.06963925153761,60.355031662658845,57.522031221605616,24.02866487687145,0,63.256842633465624,10.0,0,0
51,1,神奈川県,26.965818914178477,134.62118060598246,100.4355748291172,41.457029105978265,27.669211934728978,0,88.74759292615407,10.0,0,0
57,0,山口県,27.84958517669324,133.6765990253086,170.0519240777854,40.95008920261945,4.905876551282151,0,92.85226800681943,10.0,0,0
69,0,静岡県,20.154292701690967,123.55713507005514,246.3101447367077,53.397709341833725,41.113689366144044,0,98.42690105581026,10.0,0,0
57,1,千葉県,23.27289798525327,139.25969645129427,91.1150185827524,44.12898404931801,22.747661713638355,0,81.19632899537022,10.0,0,0
66,1,神奈川県,22.00410267035795,115.70231568545317,337.4243359045942,41.60389451160648,23.37042180205063,1,88.59453816075634,10.0,0,0
74,1,栃木県,24.506516663155892,124.30041431755977,224.55612842663487,41.994253657004826,13.307971866259086,0,73.78846885499671,10.0,0,0
74,1,新潟県,27.743515650788733,124.15820509183459,160.71305001136744,41.315647245872796,19.588553706847854,1,95.51293893952085,10.0,0,0
70,0,千葉県,23.7713115469616,109.84392806470844,157.5799722090574,49.41809892940218,40.91163478983732,0,93.56908753798854,10.0,0,0
49,1,大阪府,25.131574529909045,140.73545986176265,257.0785214330914,53.84219851204957,25.54483229525733,1,122.23838340794207,10.0,0,0
66,0,福岡県,26.447322991394117,138.5580653865975,98.86508716444649,42.459227222309536,16.427529753278133,0,89.36361908789414,10.0,0,0
64,0,長野県,22.39472841996582,113.57715907865717,85.01311179975576,41.429062929205614,47.9827425507565,0,96.55931260420743,10.0,0,0
56,0,福岡県,23.408375348637534,105.77663230714155,125.03867881658559,41.6666057421892,7.10499820605391,0,93.82495001165304,10.0,0,0
71,1,埼玉県,26.91907170963364,149.4861716350257,391.7167677736161,41.29803745601905,50.81713139472155,0,102.5312433087069,3.2513450882861834,1,0
40,0,東京都,26.84728007904197,118.65329580748399,137.08038879802436,58.81123890456947,42.74812677754171,0,94.9592685413519,10.0,0,0
53,0,神奈川県,21.435239828507996,110.20749281508616,62.73183298541617,41.46796015729646,32.041499695231096,0,83.20201321856747,4.126246305323055,0,1
64,1,神奈川県,20.659142110627805,118.68060228811828,203.69889214181438,40.757648682827046,11.08920426818903,0,71.38356164315097,10.0,0,0
48,0,神奈川県,19.984335738134874,116.34578714607358,96.86033578000021,44.49035426382198,6.693050768444633,0,83.61261512387703,10.0,0,0
54,0,兵庫県,26.130714278008558,125.62832024306276,208.29902181573152,45.907981300562575,6.951130421745455,0,106.44262503164472,10.0,0,0
57,0,福岡県,25.500821839812556,128.43287689867373,313.14526802793705,41.05740455601748,21.632483954339612,0,92.70403297620454,10.0,0,0
41,1,青森県,22.70596856983954,110.4280697755991,22.415363413703258,41.867351231526655,15.466982394334256,1,94.37376459756962,10.0,0,0
57,1,長野県,24.936199926140713,119.81922034897256,33.49482999272544,58.47877464880007,16.02786687192606,1,79.79792140957811,10.0,0,0
70,0,神奈川県,25.97387810387136,124.62719975990377,112.67497296051995,47.867326801055455,30.599072096806353,1,95.76125226714836,10.0,0,0
57,0,神奈川県,23.068272286408664,135.38302417073143,24.007600838275167,49.49058766595917,17.31086496790781,0,106.30474248889976,10.0,0,0
49,0,神奈川県,23.953790231479946,120.39885449100291,56.91129474404874,40.294464177053975,5.7829198145305964,0,67.37502863859847,10.0,0,0
48,0,富山県,23.11495463588003,124.79586292821236,59.42325871310589,51.91168743777373,16.488165638765768,0,78.56984837441412,10.0,0,0
49,1,岡山県,20.991893067422037,119.93699213520998,70.98291890121247,41.19296409282416,23.705898695858032,0,111.11761247842621,10.0,0,0
48,1,愛知県,27.99936277538872,146.79122660141135,235.27316082281862,41.67169905424793,42.3537239826809,1,111.53435583612847,3.0292429545511097,1,0
51,1,沖縄県,24.55224525635214,113.62095059204475,35.029268910941006,53.95708996434241,15.72491042834509,0,102.67875821485684,10.0,0,0
72,0,神奈川県,15.90357444501541,125.88385066362453,48.026622537625315,42.47899319019995,6.008854243464582,0,97.43543314232893,10.0,0,0
55,0,秋田県,24.416635832985953,126.37076624690835,119.79658789044508,54.95088938431575,26.426678384615503,0,115.81030287672917,10.0,0,0
46,1,神奈川県,25.565394456966516,138.72581871288406,160.11724676891382,48.08194449295659,51.325824936426905,0,104.88277237374757,10.0,0,0
70,0,岩手県,24.71934701870866,163.66483856016737,111.92289030790148,56.35767681347078,20.820768646207757,0,91.15477914529174,10.0,0,0
54,1,福岡県,23.448820368482018,155.9975175299848,98.45823779367544,44.55907341299925,21.57014163212774,0,83.03481145000569,0.06897640290721505,1,0
41,1,福岡県,20.698135273215527,109.27907034994975,28.524579982159537,41.07963908476515,10.659044372621972,0,83.13103371898754,10.0,0,0
51,1,愛知県,24.91981062281052,107.11185305706373,212.11976446823184,41.92668470196969,7.975718937797462,0,93.57582074070385,10.0,0,0
50,1,神奈川県,24.49381900737693,98.23227625002752,102.32024540304748,40.563094425263685,13.580938406082947,0,106.4907311817939,10.0,0,0
58,1,香川県,21.458772126693425,153.77949001770338,37.635571035471244,50.11965485042572,26.370934219502047,0,86.24123851083216,10.0,0,0
66,0,大阪府,16.4435256099726,129.6313683128822,52.059741703888434,41.86853156726446,13.333735890678673,0,81.9866483707912,3.0592818839242653,1,0
63,0,福島県,28.99861779905159,128.50007541219867,47.35694102526191,42.102812289465504,22.627310132377296,0,96.07129829071891,10.0,0,0
58,1,愛媛県,28.621618136102654,107.98114802039976,230.8418539153719,41.546931334592756,20.15904181143952,0,94.59675275430781,10.0,0,0
52,0,神奈川県,26.836963284615376,132.92289270539058,335.31756789276295,41.42772338639273,15.387687231323595,0,85.55587557048169,1.5050113643452985,1,0
59,1,福岡県,27.543055594227344,124.29062111576532,100.87945080390654,33.56099770400708,6.99568744562481,0,73.78887853925201,8.74881790386978,0,1
51,0,東京都,26.23685032515468,129.37403414610847,115.04109539928157,42.623141782158136,28.621591146809042,1,120.22830784407638,10.0,0,0
42,1,東京都,27.535873090819628,145.5501674634792,89.36217794439787,41.92831818499976,30.7375682195121,0,102.27381617455826,10.0,0,0
41,1,千葉県,26.475540143670578,143.8404069266924,77.85568182839714,64.67739961130313,15.597742664534627,0,86.01128637948125,10.0,0,0
70,1,北海道,22.261725472012316,115.67792641935455,125.00981814071525,41.868142815690476,24.144223886034982,0,82.59632753338943,10.0,0,0
45,1,兵庫県,27.03261959749108,123.56746297665322,64.10361001512574,40.825850818300424,13.865317385069526,1,83.4455925305214,10.0,0,0
52,0,愛知県,25.261137580662183,113.38374933210176,30.684009350673346,42.038932036055016,7.369325537334251,0,88.950405925491,10.0,0,0
59,1,山口県,22.81357222304606,96.87017210170002,38.092595212618704,42.74523103653796,7.225211314447356,0,82.09568555867976,10.0,0,0
64,0,千葉県,16.26038938533775,113.41522144668095,49.619955116049645,53.83378727604141,15.756692731584359,0,113.39428798742857,5.755742820177383,1,0
40,0,千葉県,22.414386094736855,93.42904744805317,58.727845105824265,60.48882965819977,36.43091437904844,0,75.90860459353036,10.0,0,0
71,1,神奈川県,14.297144753019465,99.7773661968926,27.663923463743146,73.623767455677,11.792971390121954,0,87.67346274965094,10.0,0,0
69,0,神奈川県,19.886600835844426,93.23708350776326,88.64426368706411,40.95394619426521,2.528524022918043,0,108.4376594144443,2.2535079564923053,1,0
66,0,愛知県,27.462653742150753,151.39525743656048,171.8158146391463,52.85535404013901,19.30551381368882,1,93.56572921988699,9.32602948199754,1,0
71,0,静岡県,25.595235816311515,159.00330118340563,100.49345863084353,41.220705822363136,28.62545115994593,0,88.14848850506836,10.0,0,0
64,0,埼玉県,32.39582587906094,138.2172086305327,68.53524166708198,56.12140686514528,16.806417095504923,1,120.16600889938441,0.9077955894149471,1,0
43,1,青森県,27.725444768106183,133.6132789159281,99.60386694684772,41.59598552885696,23.92096602327829,0,74.55870026993956,10.0,0,0
42,0,神奈川県,25.776562421114868,93.17951981386499,44.29237835517066,40.94226826735722,7.166170594327963,1,98.11086735277617,10.0,0,0
74,1,神奈川県,18.030249725584824,126.53143712451498,38.5323981125881,42.43707335186526,6.7784896604022995,0,81.51397098389808,10.0,0,0
47,0,神奈川県,26.239905154235633,109.65598624366355,35.02091550271576,43.80434206511295,24.885382723878447,1,79.44536944436241,10.0,0,0
42,1,静岡県,20.522175596509257,88.38820462599348,55.35402407192624,41.22723486657524,3.4455095958751714,0,80.07292237046308,10.0,0,0
48,0,福岡県,29.019164106038826,128.25646949113803,331.64100944271604,41.054100443013915,19.943046594750367,1,88.28291538064116,10.0,0,0
50,1,神奈川県,19.806172138117432,138.60085852021498,100.75086993137384,46.84766348757894,47.78785857927263,1,120.22241678784881,10.0,0,0
55,0,滋賀県,17.46310517799618,109.31341703498076,43.9911237358992,58.098467456288354,14.197708239524983,0,85.76594684551432,10.0,0,0
73,0,大阪府,24.263398930918147,115.98783215637265,29.48418716860594,41.44735327825324,18.984332842279848,1,85.43606445413775,10.0,0,0
46,1,神奈川県,23.210947245996884,118.23141038800142,93.19618195317089,50.42594129777947,10.252862097876914,0,96.42364429897202,10.0,0,0
73,0,沖縄県,24.412136388954856,149.52972614121802,115.7137873565074,52.45888090992709,6.189548130626634,0,80.59804291040008,10.0,0,0
72,0,兵庫県,29.847572308391463,162.5408927018354,391.90887851595846,55.597042852910064,13.570686439560513,0,110.53593279633313,2.3957256554030497,0,1
74,0,鹿児島県,26.506909712546076,142.56099052932055,116.47303592938515,42.41354241451471,43.36199423916331,0,113.66878094579941,4.805244415625215,1,0
58,1,岩手県,20.61410434655584,125.8713694460177,58.471150861409875,41.82309701533209,7.022018994054719,0,87.53658822581549,10.0,0,0
43,0,神奈川県,19.361520649737653,96.6948223108304,22.55170262242794,55.574399630963136,12.372022035966172,0,67.27243513379722,10.0,0,0
57,0,神奈川県,25.616401504614863,139.6034598592929,116.97812467235482,58.519709552713046,18.89183666928138,0,111.99481429991394,2.0364139273497925,1,0
54,0,長崎県,27.91231255925781,133.2006148188194,75.65566307370844,52.855618348632746,64.63520530876603,0,83.39705269769013,10.0,0,0
53,1,愛媛県,30.285886208749112,106.36696102339978,141.93356251629933,42.235875100046705,32.19945618163587,0,84.84426279557438,5.06907409184198,1,0
74,0,愛知県,22.504830485232905,132.12929764152693,74.94214905822592,41.6696970403268,3.8130188085351255,0,117.93134142674388,10.0,0,0
54,0,愛知県,23.55397388605701,126.25595184260725,119.25114455631612,41.81831088462588,45.297202647829785,0,90.93020562955985,10.0,0,0
47,1,静岡県,26.847213787158257,123.31044040095895,124.3953051224067,40.538822305215376,11.722226395709521,0,76.37147672063205,10.0,0,0
42,0,神奈川県,21.13129344981416,128.56500117346647,24.525550992545185,41.509402483803626,4.864857739339841,1,113.27497370606109,10.0,0,0
55,1,新潟県,26.015821218416562,135.31013782726475,51.98656325296654,41.04209660443054,49.85211538837154,0,102.11724269189419,10.0,0,0
52,1,沖縄県,24.836547224314685,82.99138971676635,187.53600015547173,42.96069326346981,18.521437823617305,0,114.24413592769521,10.0,0,0
48,0,神奈川県,19.40344689865809,104.60249235941271,162.2625401902277,58.45866182236969,30.51237464406898,0,95.84005231897144,10.0,0,0
45,0,神奈川県,29.064112542081354,135.7867852181906,92.38685584367782,48.70510414820901,10.77850122229216,0,93.15586652879455,10.0,0,0
59,0,京都府,31.46404681843147,133.0907374055918,389.17382156993216,41.45780127203816,21.638737306145803,0,88.3764184796457,10.0,0,0
46,1,神奈川県,27.09658806526912,98.51239538139559,34.193467044575186,42.234375982297784,2.4002196825950595,1,83.44472446601242,10.0,0,0
73,0,愛知県,24.8937263341938,149.59641890150442,58.262376493646215,44.342573121847074,15.431349478408983,1,73.03893200471198,10.0,0,0
56,0,栃木県,22.322323119931664,108.684991073365,142.87821692019432,41.6568244870915,49.82321904938258,0,82.32705071244563,10.0,0,0
72,1,神奈川県,24.003973686576465,123.73865995331934,36.33525299148296,41.39723829739628,11.732462248870672,1,64.71245353789884,10.0,0,0
71,0,神奈川県,18.0968098585926,127.88362877862731,85.15309259056,41.880246060027815,2.513123669732781,0,83.53946381145174,10.0,0,0
58,1,群馬県,20.48676260830407,93.51016605976241,63.7802686031959,47.323783015915296,22.146880546844404,0,99.77085261542855,10.0,0,0
58,1,群馬県,25.832526833000717,132.14519785464847,153.89964305395165,43.07579753500253,18.191129606854346,0,93.33460710442465,10.0,0,0
46,0,神奈川県,27.40805664861916,132.76453852980174,286.7232170309631,42.069420319804195,3.9397680504698367,1,114.69306702610488,10.0,0,0
46,0,北海道,24.175575252652006,118.63634145026471,102.91264512042521,41.64037203421624,51.509873878618684,1,82.38789182257861,10.0,0,0
62,0,福岡県,22.297484506720924,142.24185760696187,214.84154528410187,39.33420326709507,3.908135254449484,0,104.26415281096396,10.0,0,0
44,1,神奈川県,25.682379521929473,146.48481024975382,158.86761179812518,42.048563320449155,12.909658080980364,0,80.46730413407164,10.0,0,0
59,1,新潟県,20.453811762991815,115.67621616187873,28.421891233710156,55.97310246379276,5.468335239254545,1,99.94653269478822,10.0,0,0
54,0,埼玉県,25.92942784678117,118.19352760872374,87.80806729266106,41.73808511686657,6.306838812457433,0,78.12020040083938,10.0,0,0
73,1,神奈川県,15.317718528570209,118.90469272676143,60.40129326807505,41.42787982666655,24.276662893903293,0,82.15825234060493,6.754841442050341,0,1
55,1,神奈川県,21.312400101557568,117.43532557501413,53.23124770939347,41.4314937079116,10.418656616988638,0,84.11770070350627,10.0,0,0
45,0,愛知県,23.574694504548393,133.30640288505398,101.33720680591847,43.92346621348517,25.440640110787132,0,82.86212564336957,10.0,0,0
64,1,福岡県,24.89995842136779,137.28166733619304,79.26159328768183,68.92971696550475,33.35006472448174,0,88.42419511789036,10.0,0,0
44,1,神奈川県,23.553043597854785,96.46351147004751,100.15377816329101,40.52372517729204,2.83282903437602,0,85.34134085725088,10.0,0,0
48,1,東京都,29.80859813187422,117.28090050273073,74.17035467067917,54.94021348402372,21.763685041526546,0,82.08536660479419,8.929435549480115,1,0
59,0,東京都,18.602795702437565,146.29034752730766,82.10034353150822,42.1101242296615,17.23407775135356,0,78.90526801304978,10.0,0,0
69,1,神奈川県,21.362129012831666,131.71592088637763,102.24127974030931,62.46800398325303,7.975728470844487,0,111.37676088870695,1.762714062748641,1,0
72,1,栃木県,20.421464598891532,131.12237036023615,89.36615532960404,46.636264802476084,8.742196993217783,0,80.17429492592393,10.0,0,0
46,1,神奈川県,17.99071992121155,90.4324618886789,101.41768209708614,58.29727780994391,19.29225100592919,0,65.35960346129089,10.0,0,0
49,1,神奈川県,22.213650502608218,134.79816461928507,139.61526040648002,41.704652940654654,39.916416720710565,0,92.94887504701344,10.0,0,0
68,0,神奈川県,11.449716362654634,80.18002796144074,70.15546205894637,41.18908470927634,5.825318696814069,0,83.06145794147733,10.0,0,0
58,0,神奈川県,23.757304182734178,133.69703845765554,129.39589812827336,42.66931853367839,34.22500562131832,0,79.39363352844761,10.0,0,0
49,1,千葉県,27.59274342471696,134.7245193494634,131.12445996601545,42.250199394401335,21.116607788569635,0,72.07003327796427,10.0,0,0
46,1,神奈川県,29.36427957249954,130.3210120673569,58.36733072794755,49.61587477161055,18.038801130729986,0,99.10672598476967,10.0,0,0
70,0,奈良県,20.599347533070382,101.89595004435493,49.60477113769097,38.54616736584399,1.3568499229077213,0,98.26738180988897,7.066526594024508,0,1
69,1,神奈川県,28.70607309859995,134.3273353210066,102.79080208199623,40.631178356661295,35.18931717722754,0,100.08199708094615,10.0,0,0
60,1,新潟県,25.92359473462413,119.81142492674145,124.38468556441678,40.88617854488508,15.40954452877108,1,74.75126210914797,10.0,0,0
57,0,神奈川県,15.243982588951443,143.6190523895957,38.91407427823682,66.24599823179318,40.41122400440513,0,111.23005129410353,10.0,0,0
47,1,神奈川県,24.732336452896057,115.15223331183634,175.1464953848985,40.079143543988394,11.546159914159558,0,114.21552304459193,10.0,0,0
43,1,神奈川県,19.219931365575693,149.0952021369079,93.26312293399177,41.11660144121275,5.510275441341945,0,86.18989220159514,10.0,0,0
59,1,神奈川県,19.242226691341205,115.25011561334121,79.31753589674905,53.77025557326874,9.643881533603126,0,72.65176665665878,10.0,0,0
63,0,大阪府,22.17502496833538,141.75683619020379,88.65136084485347,52.95707842693803,10.367473520246984,0,88.58174855844683,10.0,0,0
62,1,神奈川県,21.95951958026821,130.350630633488,76.27950342762472,42.184870263045106,3.140073701766952,1,87.83433636060428,10.0,0,0
73,1,神奈川県,25.406656272994585,150.47069927964998,95.28288163013443,45.934952298980534,36.75944307112642,0,103.5764292984595,10.0,0,0
40,0,神奈川県,26.21606207683984,126.23134557841067,108.10019051770382,41.58490555423615,31.969467398974977,0,98.8308814942731,10.0,0,0
65,1,神奈川県,23.837641112160288,135.81853301616366,147.00743529977427,59.81627036790478,17.284342550558303,1,109.57461161162426,10.0,0,0
44,1,千葉県,19.601892323764375,115.12230657704248,58.98119576493824,54.56840827563306,17.155491186049055,0,91.45090618885541,10.0,0,0
60,1,神奈川県,22.879282692876938,134.93368104753102,52.35099691185777,56.06719170545286,75.71449719282575,1,80.07173045615619,10.0,0,0
72,0,新潟県,25.357005877785245,129.61318257380015,175.37721673933848,41.393306873087155,73.34625974693253,0,81.636430035896,10.0,0,0
71,1,岡山県,21.83061061865497,143.94595236912602,171.24420624124906,34.63290621756573,2.7556890996553918,0,83.34148651266547,10.0,0,0
69,0,大阪府,23.772238831544666,161.38255484094543,74.93549785689608,61.5431617758821,5.348064598974641,0,96.43470617754596,10.0,0,0
40,0,奈良県,21.29229478607466,114.76485533444274,63.39604068231321,53.76046345880699,32.18776367395456,0,96.74931568061531,10.0,0,0
41,1,神奈川県,17.790263221188916,124.76254142037372,34.26291199797111,41.76671955641004,10.96381361563818,0,81.19455514897692,10.0,0,0
66,0,神奈川県,23.764685205764813,145.53570083784902,57.04053854432292,41.62883963659572,2.1647512505855144,1,87.80169327248747,10.0,0,0
45,0,北海道,34.19897721854665,135.6949382381783,76.83514561773735,45.0324557808848,42.711483858701556,0,93.5730522872509,8.919954872991282,1,0
58,1,神奈川県,22.71120465818384,136.493779641779,142.868541281719,44.0834671146429,13.536793489785461,0,121.43569774753654,3.07726212942096,1,0
57,0,佐賀県,23.43873367989586,132.23703862502296,185.82597272750778,41.22661891172512,9.339966695567806,0,78.73881297271579,10.0,0,0
58,0,愛知県,23.90217564026219,121.4995148471433,69.13140712232237,49.20487276959224,11.614380560006754,0,103.99538748000319,10.0,0,0
59,0,兵庫県,31.993413238436457,137.64919996953188,336.4049666848591,48.89061503236074,72.16163554911697,1,114.42305345276878,10.0,0,0
71,1,山形県,21.554116658200773,151.39427315640697,117.03113375208643,61.261873602335875,17.898235817919616,0,100.42438854710993,10.0,0,0
70,0,茨城県,22.643473308874917,131.12575636683775,101.15376159015112,49.593225224566424,22.76063693589953,1,90.44047818240173,10.0,0,0
41,1,愛知県,23.25858065058771,108.74853930628585,55.40897659585095,47.36556610889915,38.069184849961424,0,73.0337815787554,10.0,0,0
47,0,神奈川県,16.186180523892105,87.77853057035647,176.51960893494845,41.07457503726195,9.149051730095605,1,63.39366655319378,10.0,0,0
40,0,福岡県,26.11395614641808,90.2331097465951,92.61192271096927,47.814512018491854,21.13153392463417,0,84.83837631083594,10.0,0,0
42,1,神奈川県,26.757299503634002,127.06922995162743,49.8536135774229,60.66541868472684,17.112837005226883,0,82.66457184111236,10.0,0,0
51,1,岐阜県,18.03488060539914,133.4160748373142,57.211278675898804,44.142657455176916,22.267836148039642,0,70.29514981378688,10.0,0,0
73,1,福岡県,22.77194746039934,133.51952705896107,120.40568075276991,49.20569474561411,9.214116330539763,0,95.4248812955239,10.0,0,0
72,1,静岡県,22.807013592556697,113.4583798285834,172.25467693647386,41.51852785299514,9.868553053882502,0,98.73294390713491,10.0,0,0
68,1,埼玉県,21.27154731194383,150.1962419489884,89.27921893375013,42.907952286146255,29.20918671606036,0,58.788027829225385,10.0,0,0
74,1,愛知県,27.18094885769286,138.22003614577363,60.90544179389776,36.19665812209084,26.06216144737604,0,76.10843562702355,6.7038783249805665,0,1
53,0,神奈川県,32.57504166557826,127.37866361579862,173.0546179256854,41.05781526361508,7.022786978445913,1,83.7518275268157,10.0,0,0
49,1,兵庫県,24.784743490309232,139.37013888759245,63.19868084767696,40.58725709511903,19.91538941086489,0,82.09387884542042,10.0,0,0
71,0,東京都,20.670730245883654,103.42130912772936,74.04284034564661,40.438403075755964,9.485492066532386,0,82.74986604267482,10.0,0,0
46,0,茨城県,17.6214782231961,104.40766827500899,50.13598763920166,42.08524466383713,9.965951777172982,0,107.35248247306038,10.0,0,0
43,0,神奈川県,25.974228069726145,128.03426557884006,53.20155745328533,41.47067910122634,42.397920582483195,0,90.9982568926381,10.0,0,0
54,1,岡山県,22.278903504671735,122.93079359923644,32.0590856274738,59.191168621790524,11.723331691741668,1,98.83143202152176,10.0,0,0
44,1,神奈川県,21.458772521871467,122.20447336362619,127.46698868105629,40.71510777726813,11.486950153723017,0,72.00303604009625,10.0,0,0
55,0,神奈川県,19.961849951251143,137.03187091529279,76.73919485469592,58.22198482655754,8.52878636939865,0,80.92285551841285,6.079435685735079,0,1
62,1,佐賀県,19.156772797410106,121.36030659673318,147.8630661571962,41.238603973562284,20.782026770617914,1,107.57443677660193,6.597487114961972,0,1
45,1,福岡県,17.69095449589372,111.10020947698794,35.02603613378339,41.3628673593198,30.640465533278526,0,72.22355968503419,10.0,0,0
45,0,神奈川県,24.519233329583557,84.0416586308686,110.45560039995313,40.17275244358299,12.932829039718365,0,112.0614163167274,10.0,0,0
52,1,愛知県,32.03023811308392,142.3911941416795,88.64325050144102,58.47931433611187,9.271305509523058,0,106.45751238361787,10.0,0,0
50,0,奈良県,25.147181609882423,113.27972122633975,87.81727707225104,41.25369886565225,13.086900924509335,0,87.40610585694263,10.0,0,0
45,0,大阪府,24.171321506800254,120.29973829586322,83.29362217713918,41.27686052037673,7.700989094200002,0,101.69656207540753,9.367482155958324,1,0
67,0,兵庫県,24.90836994523477,139.20276601423686,91.53415654600332,40.08364984171113,6.596653586067369,0,82.97209169547128,10.0,0,0
47,0,神奈川県,30.670995124376983,145.6247706167185,57.02816809766124,59.35940901373415,147.1897518507988,0,106.31867779059134,10.0,0,0
54,0,長野県,20.619257704703365,115.53845351850205,166.7343516239557,39.962543932526444,8.141187127555199,0,82.84307413482367,10.0,0,0
54,0,静岡県,24.568421573558282,156.65967749458497,84.45143928232847,51.17244489555909,36.78771791608797,0,86.07633936766352,10.0,0,0
59,1,埼玉県,22.30417185811942,141.40347218665337,32.11744740241172,55.211381798043604,7.78427493554484,0,105.335013702034,10.0,0,0
56,1,神奈川県,24.39990867600598,117.91219296290024,59.97309325399816,53.600369316797654,13.337525085173015,0,102.2703246191034,10.0,0,0
54,0,東京都,26.018175097192337,134.449697237575,177.60126344774665,47.040160343263686,6.360189231862626,0,98.68768202675192,10.0,0,0
70,1,埼玉県,17.327333409787173,110.86277683048144,56.705717369558826,58.96568099766623,6.475141508389857,0,86.96000870524347,10.0,0,0
44,1,奈良県,29.140901683686145,140.2769821434418,60.66934590218776,65.32137925081548,21.909901937260027,0,84.82025750159762,10.0,0,0
47,0,神奈川県,25.207431634941727,135.13559568228524,69.84862025213936,42.10127667229648,23.557601638980593,0,88.4664553640549,10.0,0,0
70,1,青森県,17.729951306332435,138.72652348554664,200.02243889842208,41.2132692370139,100.46159566745315,1,118.2228062334861,1.5786592713405254,1,0
54,1,宮崎県,17.679051839293642,106.78405327147308,78.21651938105742,60.33109083885469,42.4563637419761,0,72.96955207585724,10.0,0,0
69,1,北海道,25.35907801936164,109.3696014217802,84.20873508524545,40.08583502820643,4.5730175299075,1,88.29408366620653,10.0,0,0
50,0,神奈川県,14.872749845748244,98.8623178779685,41.48190789651587,41.78489631821717,4.4455252683554125,0,70.25144714645106,10.0,0,0
65,0,神奈川県,19.720891510863517,103.6714986032196,40.52472553554887,33.694462469549585,1.9933223111784124,0,71.68913603990558,10.0,0,0
48,0,福島県,21.831945776578742,136.83877858758927,70.07111585509705,41.28995265054065,3.013884306309176,0,70.1076798144506,10.0,0,0
71,1,静岡県,25.376299309747544,129.26238865730343,147.32602480952053,54.9505244049566,10.660269234460065,0,91.05120929886787,10.0,0,0
45,1,大阪府,30.69763066556971,123.82217048491846,33.728194176251684,56.53259990296659,33.49486312792107,0,89.20160108173538,10.0,0,0
48,0,埼玉県,27.995791228762965,122.40287157702275,74.09982168750145,40.95551407856037,2.815737098689207,0,94.75979959022848,10.0,0,0
51,0,東京都,26.515235226832083,116.6405571331194,102.54562012120972,41.29433600099284,18.68636137168157,0,82.57416815403208,0.5922712488392554,1,0
68,1,東京都,25.819959229530234,138.72694055620317,354.70653679046666,59.85405232187792,35.20245586401919,0,95.78966601274793,8.505274753929582,0,1
57,1,神奈川県,29.847934055801062,142.12202661732132,188.3006130662412,41.52827326881005,10.478701999205043,0,70.88517351940568,5.715457748204928,1,0
52,0,福島県,19.175082091107434,104.01488318254053,64.65322320308601,42.29994948982463,11.403941755603478,0,82.89380508851849,10.0,0,0
54,1,岩手県,20.20469264123644,110.67134514471498,157.30082271388912,41.79402825597056,2.8936396943837623,0,69.65155403501183,10.0,0,0
68,1,神奈川県,23.57566102458216,124.87032138325183,52.470516466815326,68.87499188545328,20.74333917007546,0,94.4463141435241,10.0,0,0
63,1,大阪府,18.115301811034104,90.30743468876165,221.90120415128357,64.93753014141339,13.434685228204229,1,59.73112152526693,10.0,0,0
74,0,鳥取県,14.869922157554436,116.95978234578895,137.83973315419902,41.429146890913486,5.72053382800701,0,98.3381860093543,10.0,0,0
47,1,千葉県,20.50393857169244,91.40680196572283,22.3924619559756,40.815211976011035,1.3674441762243217,0,85.66590486973287,10.0,0,0
50,1,三重県,22.057260916194622,124.94070390619738,71.85494455945656,62.46077473035574,8.8074451714352,0,84.84451941938677,10.0,0,0
45,1,栃木県,20.710749303547555,114.17945766277286,28.753490876948074,42.00883751787417,10.963128779253687,1,77.67696059692037,10.0,0,0
71,1,岡山県,17.20883382812512,114.6512813144869,75.38809288565025,43.67461870470836,9.658226601663257,0,98.71612685608365,6.578158378286613,1,0
67,1,神奈川県,23.63530978337808,88.37369742229312,45.72928925745792,33.515148654313265,2.73092291142947,0,98.62597307110299,10.0,0,0
65,0,神奈川県,25.304880283299525,134.90551427919783,365.66703648013004,42.58993098289877,36.81044445017554,0,87.1013349328494,10.0,0,0
51,0,三重県,28.85689606187747,125.37531174156689,394.5930673441843,40.50385591391903,19.102480889908854,1,95.47465953184413,10.0,0,0
44,0,神奈川県,24.734905739284702,101.43892084871928,101.31285251206769,54.718104507328,58.73881189738963,0,79.54452201079675,10.0,0,0
57,0,千葉県,23.388467525245765,104.56766085759715,66.82792179824943,40.5752035412205,12.941950686987425,1,77.0637990654084,10.0,0,0
74,1,滋賀県,20.92777245110864,145.67589623985012,81.15782225150706,57.727440368471825,11.844317702592464,0,118.71332174896958,5.17565361122628,0,1
54,1,千葉県,22.08753821253773,107.56851886915076,93.3462626343539,74.5886368281211,62.81830128453889,0,111.27752333123276,10.0,0,0
54,1,青森県,26.01415928715265,140.61695406854378,215.26320081499782,45.2694092731446,14.982184753341645,0,118.39311078762768,10.0,0,0
64,0,群馬県,21.824016223051554,123.5425596219678,118.74140490354613,62.56182345504843,27.847093337279173,0,114.52493004570822,8.076267506184939,1,0
51,1,愛知県,19.60298383521893,105.6772003731805,17.354636237122588,53.519400949444126,6.9326655892060955,0,78.30319574680276,10.0,0,0
71,0,京都府,18.248418079078583,108.6533001932056,90.3404191801216,44.28367093695212,13.980211256436913,1,111.03844150467702,7.627093911729018,0,1
43,0,長野県,20.45341402101792,96.64056684623534,95.48597022801525,41.3192573003766,7.844526843853058,0,85.60462385847092,10.0,0,0
40,1,福岡県,15.241997445496326,104.13473608829489,79.71529994984066,41.36046528931641,41.52367516647492,1,83.54029396051797,10.0,0,0
42,0,神奈川県,24.309842879532045,101.53357795116189,46.72261328666194,46.2688345474697,11.227876202685112,0,114.68823482282268,5.131856778420198,0,1
41,1,神奈川県,25.939737934505278,107.22580418418772,118.25930543304901,66.91022683009672,36.07173057617354,0,88.42309542791892,6.190397930026672,1,0
43,1,群馬県,19.099444025613437,122.02833154688683,67.8263949042433,43.121807498094725,13.471461838685533,1,74.96183436849459,10.0,0,0
43,1,神奈川県,19.02800002217349,125.43432352782281,110.18961246142881,41.55951848011209,6.089197575748971,1,87.14563683138518,4.9149696393444025,1,0
72,1,大阪府,20.177218034353157,124.94085155060293,102.57804302432803,56.281752660906115,31.922058577036363,0,106.31787007089444,10.0,0,0
49,1,京都府,24.3472943997051,106.89774955033725,48.30268979657803,41.23013129721406,5.754697226058895,0,83.53200531641568,10.0,0,0
69,0,岡山県,27.00219384971639,136.74439889779842,191.42916302691586,77.55067240248104,33.39303219566276,0,105.41374612656179,10.0,0,0
74,0,北海道,21.8406781398531,142.47378865085264,434.34766086944336,41.42452881330504,23.64046433564287,0,101.49373079363153,10.0,0,0
40,1,大阪府,26.21688551743204,115.55721671061329,120.44550879576147,60.603333338506566,50.697854052823615,0,81.20156339320623,10.0,0,0
59,1,熊本県,22.944886992381484,81.64831040721998,101.1690762621394,54.95752624643531,21.166814506395905,0,62.57771693475726,1.0982665535316536,1,0
72,1,神奈川県,25.57012648445284,166.90281450403785,97.75133668739741,67.90136575153042,24.315900433200614,0,124.27613430873198,2.471800921298434,1,0
63,0,三重県,28.176974823794293,116.35551954946418,299.63330893823985,41.05880254420245,18.982721727608048,0,86.99767997453056,10.0,0,0
65,0,神奈川県,29.142186166359,159.61497224459774,73.43914479587211,49.163405206649884,35.83349023564933,1,92.78653153368712,10.0,0,0
46,0,群馬県,18.936679149276866,96.02784369064226,55.80813276120858,41.92487532792552,3.9074804613419047,0,63.0717907505428,10.0,0,0
42,0,神奈川県,20.279779717485905,130.52914231061308,44.377493308216984,44.857898024396206,23.383880949371285,0,111.541964169476,10.0,0,0
49,1,愛知県,24.51456419178446,117.11561665641321,98.46189051838637,41.320412779943155,22.674571492722137,0,90.00563570542383,10.0,0,0
66,0,岡山県,23.00647043401907,154.46670593268288,403.54202656898804,63.568953014823485,12.89981044035558,0,103.87358726666517,10.0,0,0
57,1,東京都,27.549869024936175,123.44356620206106,55.94127757109687,54.85088001778443,3.956807438120804,0,96.41972316318234,10.0,0,0
43,1,東京都,19.449031064758746,97.70213062783742,122.83323268836091,41.02123272249544,17.16890652554617,0,68.60400433457086,10.0,0,0
69,1,大阪府,22.874168644893142,122.03753751078037,127.43975595392934,58.41415747250527,27.819125241857115,0,112.81777095603685,10.0,0,0
70,1,神奈川県,19.479088543483858,129.8213434186612,76.5175359405098,41.85990364574683,19.107450978465327,0,93.72752675105609,10.0,0,0
43,1,大阪府,17.05000659822383,126.71511502034849,85.99659728690159,41.43263880596331,5.720934398981651,0,89.93350498949309,10.0,0,0
51,1,神奈川県,22.706097530024017,111.06537166424768,116.84948774510438,43.10456075435287,48.358444629339495,0,65.16894471778879,10.0,0,0
73,0,愛媛県,15.197606174145777,149.83773038586776,190.0570806805211,59.103426129710364,5.3623255890407275,0,116.99683345812458,10.0,0,0
45,1,北海道,27.74025790468511,125.02514650198091,72.57160301447813,41.55203909373899,48.04296788931917,0,71.92018041109067,10.0,0,0
48,0,東京都,24.710075361985655,151.71034293455511,136.58613956187943,58.98676039618532,20.778013273302154,0,100.49497479338135,10.0,0,0
58,1,静岡県,25.555572729742906,123.04791942922466,141.9355574566413,49.928849149344614,21.909149212479132,0,94.22062920979029,8.681108855044322,0,1
74,0,東京都,23.557414986519216,130.01825418046118,196.66525278144778,42.18570984326312,106.96776557596053,0,76.10589752624723,10.0,0,0
49,0,福岡県,32.29389858365119,150.70128799594076,221.79122617062202,48.3166631745026,35.23764891943315,0,101.30658007865942,10.0,0,0
55,0,新潟県,25.459008991073993,146.54933527915176,201.97682025285704,42.62796675339112,19.461594593068853,0,102.5508888424166,10.0,0,0
68,0,静岡県,23.95348224740209,125.14628552686983,81.93136362716851,42.2874772040648,1.9044911146068049,0,111.61608353668694,10.0,0,0
41,0,愛媛県,24.074971428123913,138.5729550613618,188.77432046887378,41.55088714242841,22.75474139769333,0,73.46040812393954,10.0,0,0
46,0,福岡県,24.34960721161307,125.01175303949574,159.03104226012547,41.39350110116152,15.239514736536659,1,61.94757742560409,10.0,0,0
59,0,神奈川県,23.83763553898753,121.80575083791054,49.49112447847536,40.99069387466857,15.942441066399708,0,84.80707828033349,10.0,0,0
50,0,大阪府,19.89327940734286,133.3005917747873,22.590328988386755,62.01815192836921,6.1351268922025834,0,83.84394162833875,10.0,0,0
72,1,神奈川県,14.876604048509366,129.8731157819905,74.52475715939526,41.47043293314625,2.7811198568134334,1,78.9923215637944,10.0,0,0
41,0,大阪府,29.146068966438555,114.01317650551044,125.40743022726477,45.77313104495365,10.793574564198114,0,106.30918348325531,10.0,0,0
50,1,大阪府,19.865821324892302,121.33549800653661,101.33302358881662,50.735247379072455,8.813073630864784,0,83.93166031076015,10.0,0,0
40,0,神奈川県,24.127128149639372,131.58062337392496,52.71699273069788,58.60597899719012,18.60706133686623,0,93.73622967086209,9.077801427710874,1,0
65,1,神奈川県,22.131199560446007,128.98751689880848,50.74754937193672,82.42046179329554,16.86182141373595,0,67.33388431943992,10.0,0,0
53,1,神奈川県,24.036959988236415,124.62206514655225,28.300402097426183,41.44306019315442,24.73929155074124,0,75.20474865605482,10.0,0,0
50,1,神奈川県,19.846246572436925,123.29969788475438,126.72207898179839,65.23005347038719,25.858886668221,0,80.1492344505314,10.0,0,0
65,0,神奈川県,26.095726865418936,150.15471776059923,88.06842001850652,41.397366996333886,3.2595319777479514,0,67.29970096223727,10.0,0,0
47,1,神奈川県,19.532989333954255,124.76153408403317,62.86236997172766,48.8111084225018,4.3145849961548235,0,87.32023494835926,10.0,0,0
54,1,神奈川県,23.42283736545379,109.70084408859601,52.05109404494722,41.42143775557459,5.734157024191604,0,91.53034955633512,10.0,0,0
62,1,北海道,11.466931344349934,121.56532143035395,35.04160797181438,65.35368090187076,1.2683768079376707,0,106.08435310871718,10.0,0,0
47,0,愛知県,23.285069088169752,138.4090115389368,48.29641731891187,58.20272638560584,8.488498324462775,0,85.6046218261345,10.0,0,0
50,0,神奈川県,22.086299598230806,129.61828944251297,26.56704646045152,41.653796454422206,8.233374415114987,0,63.396220247106804,10.0,0,0
62,1,熊本県,28.809258705704803,154.4327476415511,121.7840108616894,41.5988958594932,18.878905175755587,0,114.69039111835846,1.323748478207789,1,0
61,1,東京都,20.330592534746433,91.39533743404407,57.99485189956816,41.34066443118292,4.74139617145273,0,72.98793044221978,10.0,0,0
42,1,長野県,25.513713948601588,129.36853406024693,105.60239214318301,56.04031073255904,12.032730090966101,0,73.18106826008382,10.0,0,0
59,0,埼玉県,21.444349823031953,123.56454009253368,77.61461130286708,60.70603989526602,7.184838009814465,0,83.06123248985084,10.0,0,0
69,1,沖縄県,22.008367605643816,111.43654818336894,107.12879608411035,41.57853335299053,10.479952759546308,1,102.96123799190082,10.0,0,0
41,1,神奈川県,20.79757997928537,140.47283851335945,59.6885957406677,42.69962363521668,16.95618718368855,0,98.48708741280382,10.0,0,0
72,0,大阪府,17.786098980913966,131.72511597674122,62.435488131222996,38.64955161588443,2.793875372717202,0,70.88029299881065,10.0,0,0
67,1,東京都,21.458771556382235,165.66154088926115,81.83380256140285,41.02207376696254,14.002718106282881,0,86.66105873188366,8.780471789009816,0,1
49,1,神奈川県,15.569913064939387,104.65869786611839,45.55082112118911,54.45181608551646,15.026667863413907,0,83.21950537392945,10.0,0,0
45,1,神奈川県,17.64124642084232,115.40502015703167,82.50367080579606,63.52500698037224,22.491259110724442,0,96.44252408851708,10.0,0,0
56,0,神奈川県,16.950557425197502,110.31359232590665,63.20244315490686,53.397998251802065,12.5310322879433,0,82.09299545720762,10.0,0,0
40,1,愛知県,25.917992922642657,133.0797451188893,94.70484729556088,41.809133604641694,10.72575428435053,0,104.51987789717388,10.0,0,0
69,1,神奈川県,28.422896302851765,124.88847569837039,56.603156804389045,42.53945019547724,23.270822627856894,0,98.67438239734277,10.0,0,0
48,0,神奈川県,19.49604822924639,105.13174510090015,139.8405717436965,44.12297980582668,13.859488549774731,0,85.5105424467845,10.0,0,0
46,0,神奈川県,24.22969397293335,111.93048683616595,62.42079139242253,51.494135163101575,3.324125959748847,0,91.99409269756156,10.0,0,0
40,1,東京都,25.961709295784733,125.23679403896148,65.69729784608359,73.78211052806543,17.202699004564447,0,71.02882810971057,10.0,0,0
41,0,神奈川県,22.925227078494217,145.5535941768305,74.3335959006912,41.436530741975126,1.5009562940298489,1,93.56671504583552,10.0,0,0
58,0,静岡県,27.06627449934616,126.25474299336837,100.50032096263018,42.45746235528086,19.578496434672214,0,77.70700665242163,10.0,0,0
58,1,神奈川県,24.911264572325624,136.12795489202583,54.358280226583155,40.33675346737354,33.39808591962363,0,87.29688963350024,10.0,0,0
59,0,群馬県,23.34286060686397,106.07344951330249,32.49580669071603,68.57527047479692,24.29655338982145,0,81.82466485733588,10.0,0,0
48,1,東京都,24.417703687363126,124.44245487899232,128.27372186927303,41.36011626182999,30.734955460680514,0,79.34363866259633,10.0,0,0
74,0,福岡県,17.228111195361386,154.02704141861727,58.35912795719332,70.4285848987048,8.305446598876097,0,112.3228761505972,10.0,0,0
59,1,神奈川県,30.62769373681697,150.8599853586873,267.7259743453181,40.95112125396938,25.98461750695857,1,110.60401947670687,2.4351491636817784,1,0
47,0,栃木県,23.83310324568179,119.69386249400212,73.02681164577433,48.86690351266127,22.726530118094715,0,121.26002805212465,10.0,0,0
51,1,北海道,26.978637310516902,144.74237474317005,101.9602323231816,58.49749118214231,31.144063539703037,1,94.95778705686642,10.0,0,0
66,0,埼玉県,23.667842204625547,133.4113302125285,52.3714384441074,53.5857548733792,2.3593166607723504,0,79.22881576316811,7.746667053698415,0,1
74,0,富山県,26.373591479565274,154.49544907483286,450.7398373562872,40.62099924677538,22.850092146357742,0,125.27068279726386,0.15235371249499105,1,0
62,1,兵庫県,27.391712792017497,142.81774308913674,41.5776637166746,66.396558332488,11.027127508143717,0,101.54805459021765,10.0,0,0
74,1,神奈川県,34.379495317502496,174.09354493152483,78.24208286231224,40.72245457247278,30.04355345315682,0,119.72251984009,3.1124852716193665,1,0
44,0,埼玉県,29.268246757163563,125.62583972207372,194.63155317537877,41.5231584259122,15.296562798793428,0,102.55839274865627,10.0,0,0
61,1,神奈川県,30.273317495381935,127.81036702259486,338.29848049517784,42.051440714548995,34.11220294213803,0,101.53081057039974,10.0,0,0
55,0,神奈川県,22.00450107500622,116.50867281709537,46.208149152829016,41.39823232936264,17.10442282399714,1,78.24709833958964,10.0,0,0
40,1,兵庫県,23.574402803709614,140.26556627245472,61.86417311698373,41.653013672997716,20.947607639548615,0,65.7073718744542,10.0,0,0
66,0,神奈川県,24.073506299540515,85.8050280062352,21.34990126451576,49.420302768794514,3.0577780315820893,0,91.02305057887584,1.0866369228119497,1,0
48,0,神奈川県,21.94568877835006,134.44624620359772,50.22609579801325,40.93591122287374,4.019565294316722,0,82.7303969116192,10.0,0,0
45,1,神奈川県,28.448344353466137,133.28687266671102,194.86537049569603,41.42664397945358,15.20736913973602,0,115.39238146901783,3.8298213648385624,1,0
45,1,神奈川県,22.226474092784642,94.50040118563038,290.75230771961833,62.18819364421851,16.61669587584336,1,116.82328135043217,10.0,0,0
41,1,兵庫県,27.949673007499015,140.6024121691445,63.58221435316601,42.74642407203852,29.615837625844932,0,86.00158435457989,10.0,0,0
40,0,神奈川県,17.634114324242233,98.12956081279616,45.73345441589649,41.829186018935346,8.387145377792598,0,100.98048765068887,10.0,0,0
48,1,神奈川県,25.392547376180435,104.32374834990195,165.59976656943385,54.97593088922875,42.76227023059552,0,102.10608408229106,10.0,0,0
66,0,福岡県,17.425269354099665,125.41393441043516,77.79311351023799,40.56054953755325,26.439414313501167,0,84.66790478175048,10.0,0,0
47,0,東京都,26.73060041869544,128.81356018273357,50.59255698798755,42.21834208647483,9.205422755803351,0,90.5318110433639,10.0,0,0
71,0,大阪府,13.344775017749852,68.94643640129162,19.129910785807567,49.88889230633839,2.901714185893802,1,105.62138565035796,10.0,0,0
60,1,東京都,23.36867930209371,122.45925542697478,304.2269965222038,41.0464675332657,9.056501252252895,1,87.3209711234018,10.0,0,0
47,0,東京都,20.688486190525165,101.73222966205947,19.083228797485145,54.96122212837709,3.368034783802183,0,104.47973552582721,10.0,0,0
65,1,大阪府,25.855986574082326,146.7419595524089,43.10968139663933,50.46435287079585,18.223295387038263,0,90.50297149045821,10.0,0,0
73,1,京都府,17.323657595198878,144.64284318205173,71.61529889675916,53.98697948423058,10.017430768617654,0,107.25092397905746,10.0,0,0
42,1,東京都,28.452177432706392,125.31105230715411,66.82463489537669,41.042043462569346,19.104570809212237,0,85.79788393765742,10.0,0,0
70,1,青森県,19.728317258469122,101.5886046802069,75.39472411238046,41.204189646372896,1.9325615482707335,0,80.97884153271394,10.0,0,0
48,0,愛知県,20.799165571747398,92.44069216674436,70.92582085013363,52.331528836319045,24.26671989861974,0,69.74397426587107,10.0,0,0
56,1,高知県,25.19877840924854,94.86146385984433,43.55722152180251,47.925145044698205,18.98381157197558,0,96.8322602025731,10.0,0,0
41,1,東京都,20.305533233032904,131.96599719945507,83.68004978222454,53.36865715719682,17.11340294242073,0,90.00779512387048,10.0,0,0
62,0,鹿児島県,18.76950195779683,126.10553628341765,105.70507863393594,59.34378747441737,57.25525085891983,1,94.57650613805855,10.0,0,0
40,0,大分県,23.546736193384767,78.22029783708882,26.896526016800937,42.31671632157999,18.44211174398062,0,63.472539488024566,10.0,0,0
59,0,神奈川県,22.874200479443765,128.47985022275353,43.68710379792866,44.79122273722109,8.504009929861747,0,110.41953863677314,10.0,0,0
55,1,山形県,22.216902636791175,132.6251986351693,187.15720102879212,40.28771457531302,12.178826853596757,0,75.14033786915212,10.0,0,0
58,1,神奈川県,24.833019173071623,159.69100557811427,313.48752827341343,42.39365203082508,62.71748780215671,0,110.82011175748458,8.083678943587364,1,0
42,0,神奈川県,23.312920099211937,123.32711810831432,56.429115670556314,41.470707951562396,8.198729588209375,0,98.1479407915705,0.9101026068546334,1,0
73,1,岡山県,17.78767924396847,103.65898864802294,56.89855421029822,40.87473470184731,1.7563110718980262,1,86.31575268070875,10.0,0,0
47,0,神奈川県,24.0047667007713,122.7580034278636,135.16792054590616,40.97418192700542,22.043170205592183,0,90.95609547894968,10.0,0,0
47,0,神奈川県,22.40614493491662,109.87766540186898,156.9804078687735,42.08337334600493,8.501897027142613,1,93.58098812684764,10.0,0,0
45,0,三重県,23.200309021268918,135.17169014915282,60.05279718604319,41.41229676158951,11.185823075962775,1,80.45859099824857,10.0,0,0
60,0,神奈川県,24.900367305987928,100.54956648429425,190.8061398670934,42.439360301684374,15.162616068452074,0,92.71102320249203,10.0,0,0
60,0,神奈川県,21.973358756713434,98.79216355961577,34.25067803720819,38.89057303228167,2.864356078637279,1,73.38209582208633,10.0,0,0
46,1,神奈川県,22.73396070755001,104.5531714521008,60.49850011454346,49.807651939698296,17.95151690389258,1,116.02022388222481,10.0,0,0
48,0,石川県,25.565378037386328,104.6965486847595,73.64449437398235,40.558255807868214,3.776329981561156,0,73.6902906925756,10.0,0,0
59,1,神奈川県,24.44179376200313,102.7988591033258,83.54491382616658,41.61969915030356,12.36602556089133,0,74.43988078676864,10.0,0,0
72,1,群馬県,18.03061253555089,144.74570173141967,21.343874691631573,53.29276706176599,9.706762917781143,0,88.34716185821034,10.0,0,0
66,0,神奈川県,25.385827521332196,126.2501720252451,71.50736369009975,41.9621486957162,25.45176896264458,0,106.30201682842358,10.0,0,0
74,0,長野県,26.809176460849915,109.2422899078666,158.7002515267808,41.90778941670707,9.528870198648274,0,108.05849886023498,10.0,0,0
60,0,東京都,22.61421249539425,123.0138405414369,100.10490362441325,41.81606182154855,4.6549002022852894,0,107.91351251345313,10.0,0,0
46,0,神奈川県,18.315694220050634,108.07053144032642,8.389198113791641,41.43650879190936,11.88392571221444,1,76.7659778545539,10.0,0,0
46,1,岡山県,21.959353449032548,95.37505049965847,54.748008060283276,49.458745504182964,5.497146032916122,0,85.30870305865837,9.439539934289598,0,1
46,1,栃木県,29.122631428961395,132.23331746363942,125.01834427259604,60.269339156509396,11.096391988044507,0,90.7435239220108,10.0,0,0
54,1,大阪府,21.458772353276593,124.62630220497253,42.50035718793381,66.68390981185594,9.232999257887872,0,82.09685759227851,10.0,0,0
46,0,神奈川県,21.138442994388242,109.24719527509937,18.801465571621634,48.83371707880281,8.492313776144867,1,84.63293655247685,10.0,0,0
61,0,神奈川県,25.304210631993257,133.38895669033735,89.29240471179803,51.412454454714634,14.858583779704412,0,117.93123503760935,10.0,0,0
74,0,岡山県,16.372396604458086,120.67193405552234,101.54982616251743,41.18819610526093,5.7345163537637305,0,89.2135480523275,10.0,0,0
57,1,神奈川県,14.875763416941222,134.1605386726728,50.3561432432169,54.612092135158164,10.830871476677123,0,98.37170790710739,10.0,0,0
71,0,岡山県,22.171379948880706,138.7064407639985,89.91301055879396,42.741236336455685,6.714371383550431,0,100.98081143666776,10.0,0,0
70,1,神奈川県,26.501314415501266,169.4518268887848,143.69304564199646,41.46539395400369,15.953343693257533,0,115.69789025479422,1.326589364677761,1,0
55,0,神奈川県,23.90854908752749,134.44687827721197,40.410699290378915,58.7427719587921,17.94080796502177,0,84.33628388119023,10.0,0,0
66,1,富山県,27.95780861690865,153.21813018769325,62.28985871360754,42.6266723525855,11.11138651647806,0,73.74237415051529,10.0,0,0
57,1,神奈川県,24.45991721974026,150.02160587641987,82.67977342524185,41.08033384915451,10.904903210595053,0,94.62500352294825,10.0,0,0
41,0,神奈川県,15.226396181308681,96.70828855359417,77.63062603371009,53.98669273056581,35.847599053241254,0,63.595741461510144,10.0,0,0
56,0,福岡県,24.442912834550448,135.18783038672902,52.6862337436085,41.31176056396253,38.50864099168525,0,83.52881729102909,10.0,0,0
54,1,神奈川県,26.207199315129937,130.52087129658125,331.6166934039553,41.74899910119838,22.595096104589974,1,86.23452629440817,10.0,0,0
64,0,石川県,24.980394521655242,127.06821627157133,111.73675570761843,41.33341746950023,32.71490857173091,1,108.42687755063602,0.15272243545663625,1,0
67,0,神奈川県,28.98847049352602,138.41706298760653,52.594594157232216,42.545365567032285,31.08121404133577,0,124.87669282949862,10.0,0,0
62,0,兵庫県,24.417479538655723,89.01045051134386,216.75954702343765,35.171100082679686,13.941609872705694,0,82.36418269616286,10.0,0,0
48,0,長崎県,25.11896218006798,126.0772055619347,125.0174761179675,41.35667842163643,6.9965384250820195,0,83.35691685052542,10.0,0,0
46,0,神奈川県,24.991804121871997,134.36794337362417,118.94333901018392,41.556795790211325,2.757920244622561,0,95.77782232357423,10.0,0,0
67,0,大阪府,21.80312616336968,138.20787058582397,156.9366048374655,40.882690226927366,5.409776940990207,0,71.29758996824849,10.0,0,0
71,1,茨城県,24.79987297529253,109.86243354680278,78.91621727559162,41.91342073773991,7.157172077979005,0,120.8318341841633,10.0,0,0
73,1,青森県,20.672284919509586,133.55685238477895,194.61690074144556,41.39982518306561,41.344673611649085,0,109.23259874391316,10.0,0,0
70,0,神奈川県,19.30746031489816,138.19852046620485,125.13134254591212,41.745005289798556,5.720462595356833,1,88.34896874946651,5.247275636716395,1,0
58,0,東京都,24.799378607354328,128.84016929614384,18.670762333746698,52.40056554877993,6.72451534222577,0,83.57349623054034,10.0,0,0
72,0,愛知県,22.922933105708147,123.52493180108688,75.86245850297617,41.96692677172818,5.494665991820116,0,77.43090339523368,10.0,0,0
64,1,神奈川県,25.565364766857652,127.67303655519197,56.57102166491914,41.654946210876275,10.481254573645831,0,86.63511013184831,10.0,0,0
46,0,神奈川県,26.98612940187422,165.3667833744394,93.08373940691816,43.79151327499701,18.280549958572497,1,120.50749109795045,10.0,0,0
46,1,三重県,25.29377313552621,101.35315993142392,54.40014814426866,41.61809810423611,8.114047121191795,0,77.66936697260165,10.0,0,0
71,0,埼玉県,24.114089691367155,107.16472679329395,284.69788023070055,40.935998348875906,26.441077877077714,0,102.27246606337039,10.0,0,0
70,1,大阪府,12.081181810366399,134.8385832539761,50.74394630465066,67.66805151665226,5.925807496319584,0,116.11053457855571,10.0,0,0
48,0,兵庫県,21.497954962972162,106.69908288106362,60.867893011688956,40.90328884341842,2.3432909490582956,1,106.5005670509061,10.0,0,0
61,0,神奈川県,27.43818584772475,152.9896823701386,133.62963162841723,41.54940204179533,12.02881624744994,0,87.14240179924681,3.3916068855780757,1,0
41,0,新潟県,22.648459741367102,117.22656902402711,74.9565345356337,41.26892999161999,28.420852281321867,1,85.87117218817531,10.0,0,0
70,0,滋賀県,26.224661208436316,154.46732239881894,45.4580072711048,56.02597464979525,19.914901858613078,0,74.62886549443893,10.0,0,0
40,0,石川県,24.327812212231247,80.46712769859917,82.99543742508776,56.70897546272238,17.234085214616485,0,82.38932081012463,10.0,0,0
42,1,富山県,25.032033555568606,129.4770156424729,230.31366850388957,58.51217852065301,18.477248691265046,0,111.98067225178433,10.0,0,0
51,0,佐賀県,18.433077503799232,115.01173691802568,105.23865366715019,54.59678726645995,11.523892796961867,0,118.05170908027961,5.063746173641474,1,0
64,0,神奈川県,27.37677672246215,150.04832821247467,93.98461899380021,67.34848354553073,48.52501274083451,0,95.81790761670243,10.0,0,0
47,1,青森県,13.834241278576924,102.01452450065412,78.63566696898529,60.080710691669125,10.354830100660047,0,69.25514637226253,10.0,0,0
70,0,神奈川県,24.845689058887633,125.60517467879622,184.19485214648876,41.641916276708976,24.661047048043645,0,88.46224078280736,10.0,0,0
62,0,神奈川県,19.376456625714752,128.66544735437782,104.10297299884984,42.76222585981735,6.382069839898456,1,91.53355731422916,10.0,0,0
67,1,愛知県,22.33785810888771,112.52272801266604,11.354920217617511,67.36840879841513,5.984571954348617,0,95.42306117723084,10.0,0,0
54,1,沖縄県,21.829560278601413,115.12509215934826,188.3613508776898,41.33589104825612,6.983167721078489,0,75.84250885307875,6.599796053496361,0,1
59,1,東京都,25.77586199088747,162.65550152259195,77.75021431940611,41.46589989386313,11.014599715875123,0,114.21857819698648,10.0,0,0
58,0,青森県,30.65426986685787,160.72809100558092,290.3467008184336,60.59307976640585,64.7851884981406,0,116.11879218186995,4.92275321186648,0,1
54,0,奈良県,25.04701441538462,131.64958264468135,49.58232801210544,59.3703652511411,3.7115999592206355,0,90.7753125824988,10.0,0,0
54,0,三重県,19.73704850812206,98.43126960634734,87.50377487341541,42.20523601374874,6.48956914262249,1,95.36293361536303,10.0,0,0
72,1,神奈川県,22.125116881952557,132.75436233519318,57.56457780435162,42.593893506366804,2.610173235281086,0,81.63744723576751,10.0,0,0
47,1,神奈川県,21.40182974852064,127.8149194814518,35.82874893040793,41.547988128998,22.175414721345646,0,85.89143872248978,10.0,0,0
48,0,埼玉県,27.646142070249255,124.17400609672997,127.07401767547539,41.47080006137214,12.194788367955377,0,117.9994645661026,10.0,0,0
71,0,福岡県,22.226503672890438,137.2162907997843,81.43880095595645,40.731799337629816,17.039323131131813,0,95.43179374187653,10.0,0,0
46,1,山形県,23.591192811523506,144.8059663911234,136.18318412291117,42.295248144831184,24.348461875470214,1,106.13055075787778,1.8608415165951218,1,0
46,1,神奈川県,28.778622946137432,131.64762994644505,60.78165514792873,47.37900746105188,48.43835478282028,0,104.45836100914099,4.045222990353638,1,0
70,0,神奈川県,21.724964588873096,126.3933303519062,83.31407300787282,55.33773315369178,11.887828711723806,0,88.16224676161417,4.845177920591123,0,1
72,1,神奈川県,25.677999001707096,146.28969178619303,215.60431696775865,41.35091388651786,24.048372996197926,0,87.51746808451814,10.0,0,0
66,0,北海道,23.07924362378095,124.16262378613874,95.38184026459034,40.95042703965814,17.202712310029543,0,95.76003651588731,6.009523041800246,0,1
57,0,大阪府,18.08862504448204,140.61080172157128,211.77958905909614,47.96582439466529,19.57826113520372,0,110.01870357885568,10.0,0,0
63,1,東京都,24.52032310481974,115.15364362876214,137.91033439573135,43.073361002633426,7.7185434710973855,0,122.39852668744005,10.0,0,0
66,1,神奈川県,25.057937207399466,126.53066803680548,73.74139658699886,41.56914716262036,4.827521203020481,0,110.59536180034065,10.0,0,0
43,1,神奈川県,23.61141975892704,105.56226910952974,84.22536421968955,41.09813036900605,3.62120730872349,1,74.60038900203755,10.0,0,0
68,1,高知県,22.13512680752369,127.42557531674407,112.25082294658762,50.08105011739786,17.43299958719981,0,98.07523945934861,10.0,0,0
50,0,神奈川県,25.241185519279643,101.27294906772067,65.23689439933278,42.20647104345274,35.23568948627056,0,111.5400271705831,10.0,0,0
56,1,神奈川県,21.64751565210945,114.94552036999906,78.63126626791028,62.14027405616125,53.38776820774581,0,91.9903055041082,10.0,0,0
59,0,茨城県,29.843678016779126,142.01172954382008,51.95302889600347,41.044328791372926,24.257226634006653,1,100.63363797076877,10.0,0,0
45,1,大阪府,18.646568115874587,139.19131159055536,101.01172692515236,51.14935243607897,11.911490078566004,0,111.3491624838436,10.0,0,0
48,0,神奈川県,20.827677773909034,133.39361227522423,67.90732830561195,41.396739158386886,12.915336545490987,0,83.44469778947533,10.0,0,0
63,1,東京都,20.645899805115782,122.38112123166749,55.214089495661675,41.05718785434427,5.160667144703623,0,86.3264338988494,10.0,0,0
70,1,神奈川県,17.521949112935648,125.14120454649559,18.933698046897785,59.42726247931318,4.607943541451322,0,113.07391543105294,6.421927399137403,1,0
44,1,東京都,23.729556667242242,111.06290579838836,45.456256695022645,40.20836227474525,5.997402896860598,0,64.08984738162941,10.0,0,0
57,0,神奈川県,26.96360364289162,138.69700662104879,110.76639404804797,42.33811309260005,10.265702043517756,0,82.90711457998425,10.0,0,0
56,0,北海道,22.055126500257376,145.11632185158655,80.1736338569326,48.86157842238943,18.787081271909297,0,89.00271324104429,10.0,0,0
61,0,和歌山県,19.733806100795963,130.23899972851143,48.07283472960863,41.407744034553716,7.600313134986881,0,94.64495158065341,10.0,0,0
69,0,富山県,25.555752262693765,83.66366664019435,71.68652735171962,41.84168452477674,13.335644885586591,1,89.40477219184596,10.0,0,0
55,1,福岡県,17.84472371430292,122.903775330497,57.02883876196631,41.43835589079649,6.3348218240238205,0,86.19775419902572,10.0,0,0
54,0,神奈川県,29.827181539918104,117.22966932497415,44.273529935943436,40.62099862326783,8.805129945493377,0,76.09446692636645,10.0,0,0
74,1,神奈川県,21.676001189616628,159.69092738490977,95.05133700210087,41.023696130353706,3.68363315741014,0,109.91006238250607,4.875743399850928,1,0
74,1,神奈川県,16.184531259477044,150.0440652184113,143.53358910953557,41.433408439487174,11.824710413650962,0,99.31222939886781,10.0,0,0
74,0,神奈川県,22.597660539530775,120.84865985517469,50.61793330664181,41.02294272908749,4.246013367100639,1,121.30551090051846,0.0054757015742642025,0,1
42,0,東京都,20.509024545988925,112.5626536279076,71.8487979139429,40.49347138154031,3.6850154743863843,0,75.94259621603328,10.0,0,0
64,0,神奈川県,26.260373678723553,114.51831680206956,117.11587420937512,40.7814289325977,2.7157726659070307,0,103.89350580243023,6.419339155092253,1,0
70,1,静岡県,21.263769799782807,121.57952796504844,89.02850074671815,40.620623646522475,40.62752711978232,0,98.42812948827832,10.0,0,0
45,1,大阪府,21.14525831575817,118.6845656739675,157.5504802375747,42.06327252199531,15.510722077307785,1,82.16596971872218,6.537392163588604,0,1
51,1,兵庫県,20.42231338475424,71.80037602226422,16.993782822323745,66.27869011450889,9.639822040636998,0,80.90541671846987,10.0,0,0
71,1,佐賀県,22.350766253948905,124.12338198192151,66.39498519226957,61.428880405366115,6.762444821414495,0,91.44587306149069,10.0,0,0
72,0,東京都,27.18287488184634,131.65871208917338,114.01597269629401,50.12312716334871,9.297161826556811,0,113.14028288144947,2.467673661682264,1,0
52,0,宮崎県,32.306828191413935,147.7871449383111,165.79335304816397,40.949610544598364,129.92309510120245,1,99.15131255987589,10.0,0,0
53,1,秋田県,24.416608867041404,146.22497527279577,67.03667007521584,56.10256518621512,3.900871417591163,0,107.11221354100951,10.0,0,0
48,1,神奈川県,25.050173074536573,128.03336337014642,41.687888609353706,41.26531889888134,10.745515210406095,0,74.56173190782773,10.0,0,0
45,0,東京都,28.69099117009173,144.35290389409545,51.24905888906188,41.09769147952429,26.97836077116933,1,74.39050860569868,10.0,0,0
40,0,栃木県,24.17191642684829,106.80994824679392,118.25568916802634,42.45240150682192,21.37099510659751,0,90.98229534633442,10.0,0,0
55,0,東京都,26.095271583185816,130.67085948412836,121.62054252085717,57.12027239484663,57.491247074694186,1,88.98904955494989,10.0,0,0
52,1,群馬県,20.661187846506763,138.72612879784222,42.50356418211641,41.29841190071167,38.202431367667614,0,91.62226971254282,8.751454818599143,0,1
65,1,長崎県,26.847442691561298,117.9735892108059,42.104512629543194,42.453720901227655,11.688470075960108,0,111.54502187767636,6.436300527661292,1,0
49,1,鹿児島県,22.655579733736467,93.0828027330757,119.4024506451281,39.362038560509276,16.094525625324255,0,79.31776728206944,10.0,0,0
72,1,神奈川県,23.0827758720928,130.65928546066135,102.36231086438644,52.866211294282714,47.210688257866664,0,99.99004211319142,0.569541316656286,1,0
41,1,秋田県,22.487004689568103,110.18001510587172,172.16394573272456,59.697607441562326,17.228984318423763,0,93.96261936142842,10.0,0,0
45,1,和歌山県,30.697735929594586,122.09920950923747,136.15586573909567,40.703500616219266,19.701081463701595,0,106.25393210987926,10.0,0,0
40,1,大阪府,22.762699344103776,79.8518475587443,130.2433277088535,74.55394143461345,14.518673130791315,0,95.11925930997359,10.0,0,0
42,0,東京都,20.426244921210507,110.07563656721456,42.46901181431839,41.406734100782295,17.773773387369133,0,83.24967191040106,10.0,0,0
72,1,神奈川県,28.775957730660572,135.7159730874919,70.10426052279227,61.52664529783415,30.796158169140245,0,111.62758595639583,10.0,0,0
45,1,兵庫県,22.496657101756643,116.0397983752486,102.81864477823497,42.36534286348921,29.476043990999862,0,94.9278542491462,10.0,0,0
49,1,兵庫県,26.41202801570701,152.32354497390855,199.73713865259586,58.75416913374414,51.614979626668365,0,108.23437150385162,10.0,0,0
46,0,群馬県,23.56306934667446,124.84927469876658,26.32008488183566,42.31834183764959,8.491616698796182,1,114.69012942882287,10.0,0,0
46,0,宮崎県,14.552820248948795,90.36783848102738,213.38403892224179,39.62332899454339,2.6282084657662916,1,82.83300237057686,10.0,0,0
40,1,東京都,22.496009701270918,141.36076771305454,127.61136619924727,40.941754727166646,15.092863081882948,0,99.7314260816617,10.0,0,0
52,1,神奈川県,25.892084724650243,143.00540298447655,55.20920748136897,66.64906333987032,23.28608435749075,0,91.41107032698898,0.10282529871956075,1,0
68,0,神奈川県,23.90982782830341,125.88179853650544,81.70072138071062,41.2922179971965,65.68571982680515,0,71.39513074181272,10.0,0,0
40,0,神奈川県,25.377953615356773,93.20573789530789,47.70715694120015,41.641693365827855,8.27904248410537,0,83.20365840352207,10.0,0,0
44,1,神奈川県,18.94739137794473,117.96215544624646,90.43967897717533,56.646307105427695,24.579577269871024,0,98.71600490623037,10.0,0,0
47,0,神奈川県,28.282061924185093,132.83700056753557,150.45479866357252,28.680863501753933,11.230814845075503,0,77.67427479518686,10.0,0,0
43,0,神奈川県,19.603284379241053,112.03952828268686,137.1156922247831,41.467438769963074,12.081710921607614,0,90.42866322292346,10.0,0,0
62,0,富山県,24.366650897495383,80.86064334451567,78.67174381265272,41.41001328696197,26.075372044879256,0,86.23999431754335,10.0,0,0
66,0,福井県,23.09243255993162,154.46312407457899,118.95759645273672,41.309714997468205,9.55021448335703,0,88.06997822599497,10.0,0,0
60,1,兵庫県,33.83064411814768,144.11092200690447,81.0184042095237,53.60966682247466,40.39979330376827,0,116.69481842912577,8.584471363823248,1,0
71,0,神奈川県,25.20943677869519,134.91460298091448,125.88655661400414,41.84180340359865,16.43027224495661,0,86.21951318546068,10.0,0,0
69,0,東京都,34.82557357427378,151.28982586295407,462.8521006146209,41.54702630782802,45.048892507462405,0,110.82116626290234,6.5735906389791605,1,0
48,0,石川県,21.45877244198644,111.58162823556141,87.81009757070616,41.78740636485516,79.27403985349676,0,80.250047080018,10.0,0,0
73,1,兵庫県,24.527938751196853,176.96121291924217,103.45227076133637,44.48949761784757,9.315177659994928,0,93.36429032274279,7.731289739474319,0,1
73,1,愛媛県,24.83485164512308,139.51852424982832,127.51387289348095,41.21151766768369,24.23010047929817,1,119.64490251405621,10.0,0,0
61,0,福岡県,25.654100914229392,121.5412495952339,163.78341808341224,58.307169259614945,21.942327812993774,1,105.802525838571,10.0,0,0
47,0,神奈川県,17.15356744530456,91.63978090456914,109.65222292162039,41.93331888724581,44.98084035549941,0,71.88389849855298,10.0,0,0
60,1,神奈川県,26.588369713177098,116.47842454466571,30.96819440827266,42.03554224018881,15.863879924396192,0,86.23450615792281,10.0,0,0
48,0,東京都,23.718908329241046,124.51402478764959,28.32283289758853,40.895160719428745,4.320409964971726,0,98.36707237870212,10.0,0,0
54,1,神奈川県,28.856694264405697,149.71429903667666,40.829213955744244,50.46872264363388,27.812098159472338,0,94.29791685731949,10.0,0,0
45,1,神奈川県,25.300698215236984,97.84551273789883,64.81274657633692,42.03658410273254,4.859748869342104,0,73.01120945573881,10.0,0,0
73,0,大阪府,23.748041424903693,154.80700575823826,59.66130385151739,67.47514904788383,11.879536273068545,0,86.23460596166666,10.0,0,0
62,0,愛知県,21.44588463366577,139.3212108750079,112.20455755686302,43.050783180758515,23.66173114517826,0,85.7540397945223,10.0,0,0
47,1,秋田県,28.971643896167954,116.24125706561081,231.64988605317254,40.97473648182228,17.130325058068298,0,109.044377400837,10.0,0,0
72,0,京都府,19.4540511904141,129.51136177525765,121.42143647032013,57.814059462988745,12.900776709392728,0,125.4766649802932,10.0,0,0
59,1,北海道,24.901237376696066,140.40227303126045,111.85378783987805,49.48529347856136,6.505179812770914,1,96.64701939810945,10.0,0,0
49,0,大阪府,20.932494476100647,119.85569656115777,52.43107268091242,40.93216685294125,11.30574392729167,0,63.452281175407855,10.0,0,0
71,0,大阪府,26.25705597727699,123.74752901340912,68.21997337750953,41.304841085314756,5.073202204808031,0,82.58460237863535,10.0,0,0
74,1,東京都,22.7159663224568,125.24587964852132,92.1407718366193,42.154887835012865,31.150400398541134,0,108.80567016268375,10.0,0,0
58,0,京都府,20.99229731800573,123.7879831621553,47.80809871513858,53.905627643051915,10.720766265069855,0,62.618553191599354,10.0,0,0
60,0,愛知県,30.883934429047752,113.91505124129881,115.06091702112518,39.659894869354666,12.172827166563357,0,103.53129325490985,10.0,0,0
65,0,青森県,22.722015830757453,122.22596674012004,84.21362795181987,41.84090116721865,28.187109507875686,0,81.70737330427585,10.0,0,0
50,0,神奈川県,16.42793541843558,99.22727551985481,65.31663263279252,41.42991881296754,2.3847597307177852,0,95.76128324721742,10.0,0,0
61,0,千葉県,20.922001660408448,122.52506945010431,25.11099530465325,46.78314586163537,5.982121159085445,0,120.1725113669866,10.0,0,0
64,0,神奈川県,25.381264478048966,124.63680375703711,153.94624155008577,42.017126013087825,6.15530777827552,0,119.27448792609917,10.0,0,0
50,0,福岡県,24.20917117337679,93.23816752161731,75.8215084376344,41.59511457335801,31.28077851137867,0,104.65429670947545,10.0,0,0
41,1,岐阜県,20.54171076354088,93.23794727695358,118.06765159569146,61.7841416632683,11.701626792957518,0,97.95571300300395,10.0,0,0
59,1,千葉県,29.092910857731912,130.25293585340665,185.2104415041611,42.73654010095678,52.31772300679671,0,80.0731309119024,10.0,0,0
57,1,北海道,19.71785639846072,91.99035727442883,49.48941853333377,40.912100566671796,10.047991291233764,0,109.50644300790493,10.0,0,0
45,1,東京都,25.02286023976176,98.32154510912025,139.49523305426268,37.95610014763458,60.96656571769687,1,83.51777011453466,10.0,0,0
74,1,北海道,20.08738368890288,110.85869253053009,86.96156970423166,58.436584564367266,10.609188681117786,1,98.3704181882898,10.0,0,0
58,1,兵庫県,22.675015624702336,124.15407637235212,168.13565121459206,30.0490505524774,16.91744286025216,0,99.95862629241469,10.0,0,0
62,1,北海道,25.10733877202591,125.32651511181928,100.37766767896005,58.39346339082621,13.576645895363875,1,70.02490601520009,10.0,0,0
42,1,神奈川県,20.445303556731005,100.74027557770697,233.641931470056,41.23584299498918,10.410949909499067,0,104.45390295845483,10.0,0,0
51,1,東京都,25.55570115410339,126.7450068447515,206.32794112549357,51.114167484531166,33.9454839964489,0,90.48399961867361,4.916832681829873,1,0
61,1,群馬県,19.72074257107647,86.69209571661197,50.74364604771899,42.05075056014943,1.2273194526643754,0,83.53795620601744,10.0,0,0
58,0,神奈川県,17.041095134171364,91.38018355788174,69.88564018728468,50.47883174245392,1.325837667222558,1,74.41672969373386,10.0,0,0
49,1,宮城県,28.124444968072574,127.99413228823934,67.21493992081734,39.55717280300291,22.271070980740593,0,100.70730079302669,10.0,0,0
41,0,神奈川県,23.928239656244536,116.64279814536698,211.61267512888526,42.09719189546344,37.895551835632105,0,87.68022225264953,10.0,0,0
74,1,大阪府,26.502221118308093,123.8574116863037,88.99139409014305,50.95418553822662,37.739610559112116,0,84.84464470992594,10.0,0,0
41,1,神奈川県,21.939967339220136,115.69025910176052,102.08035896781196,41.443425928024,22.410894182090964,0,83.53740475939826,10.0,0,0
57,1,三重県,25.688865657197944,114.37114659181388,256.6502331698062,40.85800562401203,15.432191748219706,0,120.87468203531873,7.205034932919771,0,1
47,1,千葉県,15.821524411125619,104.59900322036304,66.62699603362663,41.52559239727258,4.836896890430565,0,92.75242583542354,10.0,0,0
56,1,神奈川県,27.339789407194232,135.91227258511236,83.73699564705329,41.48031355180148,4.403717038937138,0,93.25162388467209,10.0,0,0
58,0,兵庫県,22.766358540305745,120.78608965123436,88.59001635930179,47.51244181780869,23.170401182748243,0,83.5254761712728,10.0,0,0
74,1,岩手県,15.97513371399129,130.12707086995343,198.68032963013914,62.04056351556612,9.039320737193409,0,99.98599171833722,10.0,0,0
73,0,神奈川県,26.078910305379278,123.87121386718611,176.05641041360514,42.45250757594337,10.874045729593965,0,91.4294211850347,10.0,0,0
48,1,青森県,25.871271060487327,125.88505552489035,200.21897747539057,41.24399234760304,10.169268297156824,0,83.52965939524067,10.0,0,0
40,1,福岡県,28.591113528327686,127.74173680876945,62.67527049696762,42.22109382416646,40.0694835890544,1,78.32852359512654,10.0,0,0
40,1,神奈川県,27.355683512006767,126.73505003160665,74.36741036327473,54.58356495797696,22.85178589489169,0,73.50770074829697,10.0,0,0
58,1,神奈川県,24.985664619576546,138.84276587218622,196.73839551173643,42.01528030935168,24.248930469177633,0,105.89592857423634,10.0,0,0
40,1,千葉県,28.21719046796006,129.21501743367378,139.7669355679186,53.373914516936274,35.2734433479656,0,64.77302490058618,10.0,0,0
55,1,東京都,13.114968716310393,81.09731298097623,78.54904676544963,54.024981006456656,18.469135068892594,0,64.43638918339138,10.0,0,0
48,1,神奈川県,26.745128792508538,170.27196245612586,112.74643316307012,41.18434448962318,11.091892233330134,1,82.55317964013507,10.0,0,0
55,0,神奈川県,17.51780080308282,107.28694159548532,62.61512435954541,41.29160716622706,4.810349976833083,0,98.36669216334384,10.0,0,0
74,1,兵庫県,21.702550546188178,120.44450335004144,138.654951076225,59.01934204478802,20.766081232129256,0,84.5787642697088,9.52807226761083,0,1
44,1,神奈川県,24.83598276642564,106.44167569066931,103.96229124361098,41.46517638171298,14.21004216799331,0,92.2766997017995,10.0,0,0
69,1,高知県,22.013986760071482,93.1188853766624,41.94676023596121,56.56998334402755,6.663445972676293,1,95.48161348359596,2.386945517082703,0,1
41,0,奈良県,19.7121388223395,72.42801195400695,52.64571086162678,44.12434332201881,23.556106530834274,0,86.45707060462874,3.9814155635050943,1,0
61,1,鹿児島県,19.890907667227335,104.91663073275139,43.41479945460573,70.12959818840439,24.469823742171833,0,98.23408580900069,10.0,0,0
40,0,神奈川県,19.445375385884354,121.61845554959794,74.38456101804364,52.84541667995104,11.743846161365452,1,100.38670273618628,10.0,0,0
61,0,愛知県,18.03038407245533,115.92033763505725,18.57599777207114,53.75753601765527,4.073428895556487,0,87.28883298939901,2.3817644373519498,0,1
55,1,神奈川県,17.290517628274483,149.81180687178622,79.42986240655972,41.66122140378753,28.610656676596076,1,89.95879319140636,10.0,0,0
55,0,兵庫県,21.549939846604964,123.55644068629248,56.167731008895565,60.35858200105824,16.75584059197393,0,85.7966728991678,10.0,0,0
70,0,神奈川県,23.63686434817231,135.16631779447243,105.68312692316458,59.017624195868414,20.82549301576436,0,100.18275845914367,10.0,0,0
48,0,大阪府,25.199981342622113,134.38119005986107,52.5369938731461,42.30757540897419,24.26467848900465,0,97.43386879636664,10.0,0,0
62,1,東京都,24.408858260636357,124.19543804390374,57.9401814557695,58.10420076036464,20.65259081327254,0,82.01245148928457,10.0,0,0
72,0,富山県,24.47991415950127,123.45328297918915,38.09487205278461,64.22904976958722,23.875499457529777,0,110.4529080169594,6.692979225378117,0,1
57,0,福岡県,21.468731619748773,110.20900425128004,145.62410202940157,47.62342812901933,16.08701915254668,1,94.96315090378224,0.16599457441055507,1,0
48,1,神奈川県,19.072839311564696,143.11637036090593,42.93430625696777,65.154062632064,10.963500921140104,1,85.39273087506409,10.0,0,0
59,1,埼玉県,20.327322010935244,129.02454192078767,38.628355972972,51.636846121443156,5.008935826714314,0,85.4749452250021,10.0,0,0
60,1,岐阜県,25.98819763549661,137.84347467710847,197.41308514353634,40.9377287910651,16.72876179414519,0,89.84492605454199,10.0,0,0
46,1,千葉県,17.044981995142365,101.4635095142791,57.70841023621814,63.64918211723739,113.5805758379638,0,64.85126134790494,10.0,0,0
62,1,愛知県,29.370103577957988,133.45621365658886,371.3049513475296,49.95046521873302,4.0315104006093145,0,82.74935317606041,10.0,0,0
67,0,神奈川県,15.266599497377241,109.18063019588085,29.442905543236048,41.85692883150308,2.897666428290131,0,88.44149520323901,10.0,0,0
49,1,神奈川県,28.85713894075935,131.0332661965053,59.43546749783406,41.793252252418874,4.4063333639244675,0,84.84691408895195,10.0,0,0
71,0,神奈川県,26.32083429980699,147.9617961118613,199.94675817027579,56.14193519768191,23.506791063377463,0,115.94181606404572,2.815897976793653,1,0
72,0,神奈川県,25.817153746795015,107.50239550569914,56.39034406842808,36.69812683438434,2.410342056425942,1,82.6123057901143,10.0,0,0
48,0,山口県,21.137792519419627,90.63465501651606,44.6273039768168,51.300316115418255,15.463056354206444,0,70.10977499250613,10.0,0,0
69,1,愛知県,17.22281362662527,132.47191593405188,62.91171198321681,41.7309936887874,20.291699105175937,0,87.83412002519295,8.631992533678588,0,1
50,1,石川県,17.01060960557306,105.59908835467022,240.1107914099556,58.38313591143772,21.76482718646307,0,108.3891153019792,10.0,0,0
67,0,栃木県,32.13456698389882,136.6028613389862,233.06572538327347,43.683582638223854,6.5423672182270245,0,94.77553474720472,10.0,0,0
46,1,千葉県,29.182379312096423,126.59407679303426,92.19973049267064,56.02132106139069,49.148037382103155,1,91.4062673108831,8.753026343311802,0,1
66,1,愛知県,30.75748160959255,139.0963171363907,125.63316565263825,56.711844885538106,116.10138892222237,0,121.49771451370205,3.1159880030438583,1,0
40,1,高知県,34.14170176375409,134.3273095886803,222.7503544276483,41.05568288213575,56.510030433002775,0,91.32488524581093,10.0,0,0
59,1,愛知県,25.697021479943757,145.21013804165707,217.79079375359015,41.670648808627384,21.61948949954159,0,90.20381229657666,8.576086204180488,1,0
56,0,大阪府,25.59448853283886,130.72325503378133,138.8235145222357,50.50087074757966,51.53698033032742,0,65.44682336285818,10.0,0,0
61,0,千葉県,18.660138093003088,131.13388308931687,105.83160489823291,55.45104339039191,48.00964559299734,1,83.49502563174445,10.0,0,0
53,0,沖縄県,26.092946140252387,138.6871016644075,71.52417732233192,40.974102867580946,11.229402670409481,0,76.19956299023897,10.0,0,0
74,1,神奈川県,19.885424280308914,124.7540162281569,78.1743952081854,38.1425976975385,2.0602491207327174,0,106.12590839542055,10.0,0,0
68,1,東京都,22.060343294014107,149.93628159819585,86.00562368675321,59.20493816471895,9.157908649262904,0,118.85386490332002,4.802801540135868,1,0
48,1,神奈川県,27.5320815342024,166.03588832140065,282.73151506844096,41.623163413423384,64.30975016737628,0,109.48832875184425,10.0,0,0
42,1,埼玉県,24.528786112019947,129.62753030387535,212.2886317224938,40.829183918620245,23.170707323348616,0,118.02570743317476,10.0,0,0
40,1,神奈川県,25.193462945550152,128.03262151589928,118.7686059217418,53.46505778717148,51.64794499897822,0,75.89207903731089,2.0010801001743794,1,0
55,1,富山県,16.66246915267542,117.76144086021247,26.561589689741695,42.094445290383064,6.569167048247312,0,75.98245834145523,3.982493174177426,1,0
74,0,福島県,31.97524963461021,162.86382456311296,127.97879721700126,54.26656914511229,38.51306528177814,0,96.64935429697486,5.130995147629333,0,1
74,0,青森県,24.415118264026983,131.66028437452508,267.76814395287795,41.501734583285874,15.700581690227182,0,114.22736779540367,10.0,0,0
58,1,神奈川県,26.601740646641257,148.08628355994023,96.69970218777001,45.146824297597284,35.27920453281753,1,104.20369267634081,5.828336788241377,0,1
45,1,青森県,30.302321434048405,140.09238743813097,75.10594261808195,41.509410934545976,19.907906168794174,0,112.80001745981252,4.80698979242846,1,0
47,0,沖縄県,25.408675282767263,92.26166499071857,71.83781164915614,40.98156742667549,1.575087602995785,1,81.13686634346162,10.0,0,0
47,1,大阪府,25.699636542903644,120.52220541935941,119.23208770690525,40.54979206948858,21.765003832289565,0,88.47248091698839,10.0,0,0
53,0,神奈川県,28.122554135237795,115.16451530760175,26.48054263121786,42.458705989017574,45.280674102369076,0,70.5231751495763,10.0,0,0
54,0,高知県,20.878777545992506,103.12530049186226,77.21251038556628,41.42168314684415,33.96531333478771,0,74.68107885371886,10.0,0,0
60,0,千葉県,19.37910059519133,118.58308505546269,22.795646549261882,39.422153713795915,7.355663184827398,0,91.9831046331906,10.0,0,0
74,1,福岡県,23.888961183779216,124.51391214269506,63.113568724401524,53.42850336713609,7.931903539840294,0,110.55707696122354,10.0,0,0
69,0,神奈川県,25.820292281453497,152.1943386160657,177.2940885062979,41.81163469771144,37.353319891336966,0,95.88313130170107,10.0,0,0
57,0,愛知県,22.357646659168914,104.94028893385467,158.2717051507793,41.840533425597734,18.515748919399897,0,88.11049146216428,10.0,0,0
42,0,神奈川県,26.330524340076696,139.471494711748,94.91277958144767,40.16910555434761,49.83875331662934,0,87.07341705957626,10.0,0,0
48,1,東京都,27.577338115072056,135.45630814544376,210.3924959123549,41.42088836516182,23.98598853955515,0,116.42095228166531,8.669185679711397,1,0
72,0,北海道,27.408999355342626,135.69862407157075,142.48343824779198,41.48912605965437,14.12449598455091,1,114.3942936977596,0.1019199776719504,1,0
55,0,大阪府,19.626461669344643,123.7386589538358,115.62493280556455,55.36525174264963,3.605687509066305,1,83.0981129167643,10.0,0,0
50,1,栃木県,26.13355227834634,125.72824903911699,214.1013282940116,40.880157662142345,37.742735992684075,0,85.8175513573112,10.0,0,0
46,0,和歌山県,32.129437528048314,127.68301813120434,106.91936974895798,51.746566892256745,51.53537532518278,0,109.666819695744,10.0,0,0
54,0,神奈川県,20.67669425826306,131.56970668933093,56.28139750634217,54.50713658952639,9.226403735690987,1,110.8211669976223,10.0,0,0
41,0,岐阜県,22.292973703942195,130.52574983757228,207.85166975956443,54.6836753726147,51.86370004399255,0,118.39835205492287,10.0,0,0
61,1,神奈川県,21.472784648974258,141.5240944343156,80.75279853237525,61.97225576625685,16.427910190563384,0,96.58149007294513,10.0,0,0
58,1,福岡県,29.26662728246483,137.67456987014907,233.11166828594597,42.643996107623,32.68994625295945,1,76.1217885711455,10.0,0,0
49,0,大阪府,32.576839991275634,154.15864765154893,69.86458138487342,41.65711846511908,43.913695268550605,0,118.1686736412755,8.454134609326829,1,0
43,1,千葉県,32.151449924633305,101.65450859841005,38.6030287863678,43.5459832537145,15.720061961687803,0,79.078967120928,10.0,0,0
67,1,滋賀県,15.137916390897391,121.42100901319874,63.20097927632938,41.90526923795093,11.905647203925717,0,88.57815118059511,10.0,0,0
64,0,福島県,19.047861132387858,128.23035595624455,54.42046912552453,67.859767783314,9.03913181095927,0,114.42666726931341,10.0,0,0
46,0,愛知県,25.86948778729455,132.80252100395322,801.8074366071237,52.252696557676394,52.62349045962228,0,100.35164584087896,0.8810598414409238,1,0
72,0,兵庫県,26.230024253552283,158.9301954896455,160.96297355218033,66.60745818447134,71.78141901735097,0,125.11133996514958,0.6334681234221827,1,0
51,1,神奈川県,29.27122225019656,155.84535959298051,136.12695596379425,54.037213581672844,57.844788694197085,0,116.11892010036172,8.373119926189139,1,0
59,0,京都府,22.860429842823795,136.1293455713582,113.81033076562333,42.25295166978676,62.67268457114052,0,106.38632476578138,0.13607733256932947,1,0
71,1,神奈川県,23.30346610811574,129.91887720530613,147.38480825518562,44.598700103310755,46.61218007598894,0,99.43337277696274,10.0,0,0
70,1,大分県,26.230588646542518,129.92874570886923,43.40851725036975,44.468742691918635,11.612825640195162,0,81.563509699266,10.0,0,0
66,1,北海道,23.196433835113183,134.7373397921074,228.6532842147431,40.63084883672266,27.713329968977163,0,110.00159803761873,2.233129709478749,1,0
69,0,神奈川県,18.780152767787822,121.76714249614292,148.87900210050054,41.18730659667205,2.607143111440054,0,103.89651122669768,10.0,0,0
48,0,滋賀県,21.14702902718859,119.99458698563974,38.90638782225041,37.984926605609736,3.6641265252168975,0,86.66067270035623,10.0,0,0
40,0,東京都,17.791895785305584,108.63023397880633,102.47742408193102,41.502569249413334,7.153416305146447,0,76.51366108880657,10.0,0,0
67,0,滋賀県,24.899603643508534,145.7094556336247,462.2328143540875,41.39871056026585,16.428946740502482,0,123.89209734238092,1.5274965583043165,1,0
58,1,東京都,27.576719019352613,126.39260679829945,76.22617971339831,42.193588703350635,20.152551981924102,0,78.00709866447026,10.0,0,0
72,0,福岡県,18.033107306999213,153.7556164749407,102.3570340707449,49.41413678106824,13.898900575063495,0,125.44531167499143,10.0,0,0
54,0,埼玉県,22.78731765239421,113.60693650404596,39.385276593292204,39.146065630929925,2.1652145013836632,0,69.02438837807577,10.0,0,0
40,1,静岡県,22.78785750524556,98.44390017096374,24.99604088209487,60.545241142767225,13.448276078532485,0,81.96482338872991,10.0,0,0
48,1,神奈川県,17.96299360369276,106.01645214297794,61.441927996988994,54.21504298025448,12.904013151296196,0,104.50191839175204,10.0,0,0
48,1,福岡県,22.365030124999937,104.58057304123987,104.21705776402135,42.147080640345436,11.157432455832618,0,83.51651259137844,10.0,0,0
61,0,神奈川県,21.12760579009013,122.15144501504926,55.721660915706074,40.91103709832368,10.476795209729305,0,98.64706110018906,10.0,0,0
46,0,長崎県,26.37594018830461,153.33100014672564,162.38106592121258,56.0322786664292,17.49635964689516,0,97.97914521475575,10.0,0,0
64,1,東京都,23.765044983070403,129.45460516056562,73.10465747377978,63.65059010657152,20.35176232105212,0,111.8569297971147,10.0,0,0
46,0,埼玉県,20.382511037657537,115.01447448220185,82.65687306384335,41.45186267052413,5.044862746555194,0,86.86680914403789,10.0,0,0
64,1,兵庫県,20.61076164309217,132.12518149491024,68.70622236558127,71.71002836131206,11.922095686336279,0,93.65177249705532,10.0,0,0
42,1,埼玉県,27.131393240767952,120.76859339783226,147.44796281726843,41.011723995783285,11.449125309579967,0,98.71582317271401,10.0,0,0
60,0,東京都,21.503612426902944,127.80878471003754,147.4813161771083,41.234388977089615,37.030377927720274,0,88.46576215848472,10.0,0,0
73,0,神奈川県,21.669469405060585,133.5632878251877,74.37381475298923,40.56084369698081,25.399894908874202,0,112.25394295839402,10.0,0,0
40,1,東京都,18.26910038128976,81.21011337896981,29.347768561256558,60.80468241720106,12.875792299054714,0,88.07807721609177,10.0,0,0
53,0,福島県,22.654842443666727,133.1744394138815,102.29182378349547,56.715667699015086,20.78856339582544,0,120.61665745729681,10.0,0,0
64,0,神奈川県,25.301749063788996,132.63511674287102,127.46915123940045,39.91376043257898,9.42263467183896,0,81.8136067033115,10.0,0,0
42,1,島根県,23.554367837049835,101.6112617894771,94.03606011581343,52.21195508801058,9.680713430402603,0,88.39230588598035,10.0,0,0
72,0,岡山県,25.678413325594722,135.35560929281831,41.68484556072598,59.03689528880759,14.06008690603698,1,119.57600575827776,8.576611855391997,1,0
49,0,神奈川県,19.887885582478113,117.12739681868388,190.98341969131258,40.43087953294011,4.901476850914053,0,95.47960166062354,10.0,0,0
54,0,福井県,24.37686367027045,130.4396935003099,37.63892821812634,37.71498537440183,9.579820819076383,0,79.1710272778757,10.0,0,0
44,1,愛知県,29.114915965432473,128.18773866939438,414.0519199939102,41.73463372501083,72.527857870439,0,107.89206143285726,7.169262443503054,1,0
48,1,岡山県,23.99062624206871,83.66454519556211,243.39751701720695,39.003348424769136,42.55436330424728,0,81.4816721216098,10.0,0,0
61,1,神奈川県,21.94780899149574,145.25137343073618,107.67990614361273,51.35546147397663,11.68621611781331,0,69.05196355957229,10.0,0,0
52,1,神奈川県,27.041072444513073,129.2229696672017,44.51339701118725,41.14898584732855,11.482665511532748,0,89.3924318103428,10.0,0,0
49,1,東京都,22.06583953895617,105.28072392882724,64.96749527842749,41.369708799511116,14.394115161549413,1,66.29783559423645,10.0,0,0
62,1,神奈川県,18.59736412042064,118.17191135294188,44.29396588847047,42.43263206169278,8.133677340076728,0,83.00137888423379,10.0,0,0
56,1,大阪府,22.34356125859473,118.99325257939715,208.1955212355204,51.40021691173766,33.42444325156154,0,90.46351069087515,10.0,0,0
44,1,兵庫県,23.881681632320653,123.91563129510811,95.03861413536691,44.78804012665631,12.115747094088901,0,89.0380423614486,10.0,0,0
67,0,大阪府,27.082172527521088,136.09120286461336,127.70836056807113,40.82615084329882,28.654928755176,1,93.84276790549684,10.0,0,0
69,0,東京都,23.365276205341523,140.5520131071151,211.92347229491577,41.47663764286665,13.939146764148603,1,88.14152060539247,10.0,0,0
48,0,静岡県,25.628640683207347,135.35761910022387,62.10392369409897,69.6885657166559,9.628974066985498,0,110.50840804486522,10.0,0,0
50,1,大阪府,17.03481288878313,132.2039851348896,62.512034116735826,40.95159254838536,2.306175016298289,0,83.4578087756254,10.0,0,0
43,0,兵庫県,29.161088604892125,133.74754738971617,104.63376022595796,49.972622537465085,29.5551272698329,0,86.89354041591398,10.0,0,0
69,1,神奈川県,20.527864395633593,117.07435185983738,40.84531502850474,50.090411067856,5.173153804354,1,83.52367820201692,10.0,0,0
65,1,長野県,25.98451296245086,127.78425954443395,44.284494788670585,41.658731448993166,19.993646534365496,1,82.85138603629876,1.0029848368863548,0,1
64,1,滋賀県,18.643792730625673,107.16374276998316,105.66602544022977,41.78872374678464,6.009247414235327,0,85.16835325572264,10.0,0,0
44,1,栃木県,26.962457986750152,132.78029660079386,129.71599602452656,62.22006117681702,15.374473655193277,0,79.43092255259079,10.0,0,0
63,0,神奈川県,28.69661911809568,139.75220795339348,100.52069802882889,41.11656016336651,10.244199129533584,0,92.68317299818817,10.0,0,0
53,1,三重県,23.037856597354732,122.13424987354051,42.18164676833431,42.719551164134145,8.31274878457755,1,73.1567034064143,10.0,0,0
55,0,兵庫県,22.65602590340856,119.73797719316696,74.01401351184018,49.25577037442128,11.084301574442836,0,94.25648306520027,10.0,0,0
58,1,千葉県,25.90195630399048,124.35974329106214,204.3054506181389,41.52226660319408,42.758401759421815,0,93.89168239295331,8.750413672536272,0,1
65,0,千葉県,21.308285493717566,109.26785747466589,68.66435524740702,71.50564395353184,14.08072402511761,0,93.41130937774112,10.0,0,0
46,1,神奈川県,27.414861970217355,119.434745840461,167.5648164923913,42.212691003744176,8.493797326994937,0,87.34442647317535,9.428987824886844,1,0
65,1,神奈川県,21.972079128347573,123.78701230427959,136.50878843675355,61.77205533645436,7.3093598800812885,0,91.78283277620949,10.0,0,0
71,1,奈良県,36.11304992671826,166.52491408767528,103.25950316357748,50.07777211857493,40.47079040914916,0,85.4821645083246,10.0,0,0
48,0,埼玉県,25.92428905706536,114.7346605891636,28.053582239130893,41.03674086605468,3.010251176215235,0,94.98068636559861,10.0,0,0
48,1,大阪府,25.098755212776783,152.97578155565773,172.74461047686972,46.515696951653794,16.40564741466857,0,100.50065967627744,10.0,0,0
74,0,神奈川県,27.666267569098814,154.9996278477016,135.1947852130021,53.186875928663675,7.663517009506737,0,103.746401678856,10.0,0,0
58,1,岡山県,20.79825217039543,138.1586670539993,50.751574118459786,41.511587080093896,2.6098182830232504,0,96.42596711758966,10.0,0,0
47,0,東京都,24.899210862545857,118.92195581076736,38.856986753925675,41.43527407193948,4.2480966027886895,0,82.41422029055866,10.0,0,0
66,0,大阪府,20.405276189443924,143.98291270260756,94.93550234639086,64.96563672072966,25.977560246979525,1,78.06500671821237,10.0,0,0
70,0,神奈川県,18.031661951570328,116.49861620324036,38.259657442303435,41.45182612745315,7.157064251784516,0,95.45809324994913,10.0,0,0
59,0,千葉県,25.518844460053433,104.73691304790108,74.50036535701287,41.149679896244336,13.430955451094064,0,108.38941034505238,10.0,0,0
41,1,東京都,23.933945054565292,115.65382960694026,187.1507204545096,40.90785858529107,48.0433938384379,0,88.11325413257879,10.0,0,0
55,1,北海道,21.240397685811534,109.12757699063646,111.99383725057544,40.559952972215505,33.69783571311441,0,98.07870499812076,8.483173456292239,1,0
58,1,神奈川県,20.65690214079957,124.34219199991185,74.34400036721983,58.78077823071795,4.344347545046519,1,88.3482441257606,10.0,0,0
68,1,愛知県,25.55511781565936,117.69940083199884,34.20693125090598,60.579640958233874,21.826374312940626,0,92.61673430841341,10.0,0,0
47,1,東京都,30.89108195326496,129.58932310375573,304.1175027318982,41.457733232221806,71.70840883732386,0,85.29295493188465,10.0,0,0
54,1,大阪府,18.891103761488825,117.97262071282063,36.586695572112745,59.883164937516426,25.234199448291555,0,77.41594519028145,10.0,0,0
74,1,神奈川県,19.318427897458186,91.78926552019297,137.98782490374083,44.26119707591027,9.273208129850595,0,90.78850281731476,10.0,0,0
74,0,神奈川県,22.924152381109128,130.0155110301657,74.93625036384196,41.01790922532615,8.772352432347196,0,84.40739791316598,10.0,0,0
72,0,兵庫県,29.923318649633444,145.7318836133384,344.82500537312956,41.12500941036791,37.905717315955435,0,96.68753034706181,10.0,0,0
65,0,大阪府,28.358035997476783,155.7649777762914,183.20588088754147,40.95544297936,47.00224309774297,0,91.40821544895509,10.0,0,0
46,0,神奈川県,21.267009593839806,125.66391292510458,44.010110641736105,40.56730791871691,5.425990553804715,0,93.56713277446201,10.0,0,0
71,1,東京都,18.28071311671168,142.13104484201097,187.4615943369223,41.13783660318583,9.513307649262444,1,80.34067919386426,10.0,0,0
55,1,静岡県,17.67958600468935,83.2459742267819,69.67803843782949,56.56867369344266,2.7623332347893625,0,88.29408309810354,10.0,0,0
41,0,福島県,31.48150550869725,134.06700150404873,221.70673435511165,41.8238159847712,28.41791938027097,0,91.68744007336355,10.0,0,0
40,1,神奈川県,27.544285303715075,92.8760385856975,79.36732096401313,40.558697853908455,8.493701505748083,0,93.70439827199795,10.0,0,0
40,1,神奈川県,19.755891531369357,103.44156326004877,7.028824651031351,59.35046614439691,9.57167713743582,0,101.57986543580623,10.0,0,0
49,0,長野県,25.55610289481872,111.1277534447967,22.413198401697766,41.39080548227589,23.3308739809213,0,107.85807846828806,10.0,0,0
42,0,沖縄県,20.79775478961926,90.91157857558031,28.28158421269463,40.28771325885439,13.459099082844334,0,87.20467875138752,10.0,0,0
50,0,埼玉県,23.887036801194938,133.75935893779865,92.98621440451076,60.24585689742326,31.449440863256605,0,107.62114581130022,10.0,0,0
71,0,神奈川県,23.80920962482478,139.32040188269912,389.13206122052424,42.43393991876342,26.333965053575053,0,105.6242243957564,1.137710076938459,1,0
55,1,長崎県,28.569048749322185,154.7311302663625,101.17624793463314,50.29535898842515,26.052371238039328,0,115.31208298882669,10.0,0,0
51,0,千葉県,30.27344879946023,136.8787159103842,89.29013489080815,41.33118378753161,64.87356524313967,0,94.52273283652369,10.0,0,0
59,0,静岡県,23.388549626277353,103.63943351648408,83.31535155992152,39.12487219019558,18.293591115003323,0,69.69436890511788,10.0,0,0
65,1,北海道,19.9139301394707,136.09758692987597,62.66286163324608,67.56079372710721,4.693982374252201,0,91.08673382962803,10.0,0,0
73,0,神奈川県,22.291288727206176,123.67475410566654,82.72009451621442,41.79673918326645,20.85041392861414,0,111.5336527113169,7.225272509821336,0,1
71,0,神奈川県,21.25718975371849,90.84305496437568,70.51871896794525,40.53357812829903,20.79893445779245,0,86.2345777268379,10.0,0,0
61,1,神奈川県,17.37444697778109,138.56234079641888,54.56156477808145,64.67847757373701,8.263596576941415,0,71.69346493035927,10.0,0,0
52,0,神奈川県,32.20085747064736,134.37640796073273,292.09690996996375,49.53102764436633,18.42990485372877,0,125.0,10.0,0,0
69,0,神奈川県,12.029237723053063,114.73006496019603,125.04430494798915,41.27263412066022,24.34388135196126,0,92.85883543469583,0.33386772288054134,1,0
66,0,長野県,20.8547241798492,136.36182115237602,59.41959576383756,41.73713800083899,7.399167591386529,1,96.05410139975645,10.0,0,0
68,0,茨城県,22.066533821078174,108.52164720760182,32.93419713131899,40.57472113848895,6.216069886287519,0,82.03519872063518,10.0,0,0
57,0,千葉県,21.55166482223086,115.91966549849475,58.60612628492926,42.24780015955628,9.59254630737316,0,102.30780178248682,10.0,0,0
52,0,青森県,34.37925096210157,133.40560526217783,448.8111424425952,62.3039902574669,63.93615528769782,1,107.29578808371167,10.0,0,0
72,1,神奈川県,21.04777494312521,138.19588731981113,87.99740915653798,42.31772149945368,18.499051080717937,0,95.40561170319013,10.0,0,0
66,0,神奈川県,30.700505979627103,128.12039051786917,173.17722911022062,50.34727435393221,59.92275266862742,0,82.75708125931376,10.0,0,0
42,1,滋賀県,28.195036802873304,124.64315776395262,59.41487420751169,54.15891231339541,11.64998479234133,0,73.06049043991324,10.0,0,0
45,1,滋賀県,27.012980410724627,121.15691718944072,78.61113591175345,40.175612193501415,24.273620037122146,0,90.92703011842468,10.0,0,0
41,1,東京都,27.641263306032435,109.04674574782476,207.02768002845005,61.96414136485067,24.997160537324934,0,88.34998203987374,10.0,0,0
49,0,千葉県,24.274004729534727,150.10232050314568,17.29834203172837,60.58228405225888,2.357541128430442,1,82.01355499209488,1.3253261067044582,1,0
63,1,兵庫県,17.009984985318034,106.89815608665144,151.87699166423656,52.7343631796239,16.665439780478327,0,78.33311618509785,10.0,0,0
40,1,神奈川県,16.690797672211698,117.35285998225244,22.567538739140467,45.65087714304346,2.1495037087354194,0,70.54501054689864,10.0,0,0
43,0,愛知県,27.775719539827385,129.39239223078192,114.39504836562448,51.623554341293044,29.17678094505698,1,96.96105136198418,10.0,0,0
49,1,神奈川県,23.108419005822615,121.65561811486052,104.83002207977597,65.32975924315757,8.316048874965311,0,82.04055747455517,10.0,0,0
40,1,神奈川県,22.321224289394323,109.82506052985264,53.25427162832051,53.98790135965539,3.904219121758561,0,95.48432313378298,10.0,0,0
74,1,山口県,20.453363185745246,110.51216800197734,29.126850224183144,58.22524948169745,5.715439920060728,1,96.60101559885842,10.0,0,0
55,1,静岡県,28.222854714079666,158.90166944087804,218.98131758381476,46.83930540136169,23.149629160533344,0,95.37735319848545,10.0,0,0
41,0,東京都,25.705157108782267,132.1166703927163,73.53970651621367,48.240004378330646,3.900146851792658,1,92.27595106000729,10.0,0,0
47,1,大阪府,21.78514206459931,123.19866503122184,50.74599092293998,62.21744100405089,7.633821095386603,1,85.8907064530606,10.0,0,0
57,0,兵庫県,23.00295422930119,140.30055119654733,147.6487925504937,41.470707889808416,17.053124054210205,1,107.50807612355088,7.298688880741192,1,0
42,1,京都府,30.30764409392615,150.04120266869558,290.8731647959008,40.57104078986999,25.48429450497139,0,86.84467435051936,10.0,0,0
51,1,神奈川県,25.409198553271303,108.73097683515225,177.35376872518864,41.22367014257433,38.723702773367016,0,93.36473186561798,10.0,0,0
68,0,神奈川県,13.096345504996341,107.14996287046709,44.92848903915145,55.92944240315124,2.632480688824988,1,82.99595274266298,10.0,0,0
70,1,神奈川県,18.650638940880672,101.94697497626856,208.7469056068336,40.8569197353335,3.94368904008789,0,91.32875670434409,10.0,0,0
60,0,群馬県,19.05003912902539,120.831109365607,82.2457033278709,42.45910580927289,21.854812840461577,0,72.98439950664182,3.218528676485482,0,1
65,1,神奈川県,25.477468519888088,166.52340609112994,175.03263615858415,41.31405725092341,17.895064151314955,1,96.06129811953755,8.55101003188748,0,1
61,1,鳥取県,31.99276862040173,146.28976696200283,436.57261241743976,41.62511384647221,68.2924001362327,0,97.96232307715273,6.575604920080288,1,0
52,1,熊本県,25.497497842826306,123.59390289497051,122.89364132365945,64.24490090538184,50.439231601996624,0,99.97626043358659,10.0,0,0
46,0,神奈川県,29.315879590187897,127.64906007718454,163.3419246915602,45.20043602490509,33.29723109157205,0,86.34457606094801,10.0,0,0
41,0,東京都,16.204942873345853,70.43559349254323,107.61376093260576,41.3235285376567,4.541888201288011,0,82.66539745748383,10.0,0,0
41,0,愛知県,22.871305519342638,81.47363267561822,169.3942561421611,40.95094386372489,3.8655097517836436,1,86.19762592192677,10.0,0,0
72,0,新潟県,29.2676729706395,123.87080206286281,34.66527036896556,46.78377432494398,21.704938881049433,0,121.24953821885082,0.507335501027931,1,0
57,0,神奈川県,24.41377764643616,140.54424660612588,80.34720905435798,62.24194350486437,11.913748449217481,0,84.26140971744196,10.0,0,0
48,1,長野県,25.77324791739191,122.60047892565314,67.04057596022564,41.29875776346819,6.319741025481357,1,79.0122240994436,10.0,0,0
47,1,東京都,22.694929826204753,117.63311284081357,87.84424308807183,40.557078328552834,5.746885538789504,0,76.39199901766487,10.0,0,0
48,1,兵庫県,17.430633595115335,120.318621922686,51.96212471739794,50.49731346936341,7.22660285306652,0,89.80316207876147,10.0,0,0
51,1,三重県,23.9752237527386,95.38875326826339,110.75847621279632,41.8389808942371,12.535512890299982,0,82.764343244621,10.0,0,0
53,1,秋田県,28.99604934052718,133.75800286912386,66.81540420204091,38.6599850979389,12.072871284743098,0,122.25676807236577,10.0,0,0
48,1,千葉県,25.688847187555456,165.19233006892262,196.6684452972419,40.28764388001455,42.64234342671553,0,87.15068168409603,10.0,0,0
59,0,神奈川県,14.323154244279399,99.22125618036554,49.94052985074941,37.21434095481018,6.558074207229425,0,78.57005395661109,8.73995143373227,0,1
42,0,大阪府,24.013153270140812,148.82757909257876,142.51509894193987,41.80540465169821,4.901619953775446,0,86.24001108997486,10.0,0,0
74,0,埼玉県,24.954088421483235,150.58325775649396,400.7014101044261,52.85771237841302,17.12082935332472,0,113.76313867964897,10.0,0,0
57,0,神奈川県,26.755728704343166,138.18145446558162,79.47871919572974,41.09811382375595,10.538024568136823,0,83.81226985894617,10.0,0,0
54,1,神奈川県,16.873160299107216,114.50960006609067,58.59953572611947,64.42215089779293,29.310350823118405,0,94.29923912542084,10.0,0,0
54,0,宮崎県,25.574536925087713,113.41383281902696,11.320397452677383,41.007508130820746,16.604331612551146,0,79.3042522004272,10.0,0,0
58,1,東京都,18.747439900779312,131.58885900415896,44.692993115249315,65.01175439074281,11.068424897206237,0,115.97108143803,10.0,0,0
65,0,埼玉県,26.970917586750105,120.78487493012838,72.39540222599227,41.81179608013865,41.49163525684643,0,82.33025809619957,8.124764921760509,0,1
55,1,群馬県,27.57669160095159,138.74445754884925,94.904206600609,55.5734780584598,13.943766853226359,0,111.99153067663421,10.0,0,0
67,0,神奈川県,27.448088301612238,136.90900217152128,92.33225241515277,49.918433256466614,80.0910052367475,0,94.44335721221003,10.0,0,0
68,1,神奈川県,30.751352443191607,153.73049340526273,52.71431215097547,42.30997664799261,2.9535073510856757,1,94.77842772119904,10.0,0,0
60,0,東京都,12.430818476361074,123.84615065872809,32.773580027550096,46.658853214326,6.794390767781247,0,81.81392937079116,10.0,0,0
50,0,東京都,32.33286594751378,120.76379022134671,72.06454340456116,43.480096556836806,37.271212396153324,1,83.51798680033407,10.0,0,0
72,0,岐阜県,19.90191848416995,133.34606970881833,116.46916010379834,41.447401815657265,12.915674407211018,1,90.12869147001679,10.0,0,0
74,0,奈良県,24.421762297645664,131.94805155679626,98.95318008874025,45.66113564397885,33.96745451296769,0,80.50486206624345,2.1640317174996815,0,1
44,0,東京都,23.400578344314784,94.90107507374796,7.382747240019167,60.36537002212318,10.861201715398522,0,83.4870177472162,10.0,0,0
62,0,大阪府,26.482240350836513,116.04333650089708,393.1915343009951,55.2700460254812,26.432584750193158,0,97.42402418070142,10.0,0,0
59,0,福岡県,21.266829476185055,158.10449427841203,170.3495732867975,51.498623063574215,20.739987345454622,1,91.4731047440093,0.19764991865130377,0,1
55,0,埼玉県,22.0584078627931,135.33117796970805,19.7332774005587,44.436364585996756,16.220725212775786,0,68.71632073338905,10.0,0,0
45,0,神奈川県,27.585106260283606,139.9407535785321,31.823017976582566,42.06590156822428,4.898129372376526,1,105.83897485392036,10.0,0,0
52,1,神奈川県,23.934300497462136,135.1673531691236,147.44825081843774,42.23773205414256,23.167897980231427,0,80.48659264603994,0.16146802313584505,1,0
69,1,栃木県,26.11185989867234,115.58122417343037,222.3941753597342,41.90713533624758,36.67387411173854,0,116.3862746862167,10.0,0,0
63,1,神奈川県,24.754039655118333,110.41940941081292,40.04270936463959,40.69968887927981,21.60131386699153,0,73.40224406782941,10.0,0,0
68,0,神奈川県,21.646005347397576,136.6541867994596,75.8227575930508,40.902938722191216,14.553813327917346,1,78.24395571386479,10.0,0,0
47,1,神奈川県,26.906524070167197,131.1556548047493,56.56591305155233,54.16368212072435,23.558543039830905,0,93.27574911855906,10.0,0,0
50,1,福岡県,25.086599304343114,113.78722733178294,81.85700736838827,54.760361656994526,22.830458918908455,1,84.34704848614231,10.0,0,0
41,1,神奈川県,25.35627125398415,122.29319591807958,73.27354935299132,42.06516048371648,8.740033529733239,0,80.9612235092112,10.0,0,0
57,1,神奈川県,19.547740117143587,143.48812256623245,76.4720952431405,59.83470015310189,10.392303001728356,0,84.84498111261317,10.0,0,0
53,0,兵庫県,22.647796256108347,93.11820860198145,94.93054667990859,53.643756322334866,42.647628029965304,0,84.82408658777986,10.0,0,0
49,0,神奈川県,27.193601387597358,157.6898918020394,216.08397208247777,41.839107048668005,45.60361315711676,0,107.06820998887316,10.0,0,0
55,0,大阪府,25.87789918629726,129.46933918921007,67.30322721347828,41.04210096281049,7.162462439094934,0,85.9662367715116,10.0,0,0
55,1,大分県,22.798363391713867,116.35513291894745,59.083357854260626,43.574777048657054,6.873942384270216,1,75.44259482638984,10.0,0,0
72,0,神奈川県,19.327798083190437,87.40390531497,19.299194844657187,59.38794888226098,14.301012459985294,0,94.57900177473812,3.8862863589142838,0,1
45,0,奈良県,11.425231297173791,94.48786378591947,59.24947477108768,51.90050963803281,11.845101335028303,0,70.2204483554055,10.0,0,0
74,0,神奈川県,23.201689343152772,173.6000691779355,59.38578015379432,68.56264269338331,29.376499385521363,0,120.52117143982987,5.717560672655058,1,0
63,0,神奈川県,19.887450221739392,102.9636187111228,18.49005922750549,41.03229681662114,2.9521030229196494,0,82.30215529113288,10.0,0,0
61,1,岐阜県,23.899081504170958,118.98266229966666,37.523322801459116,41.361232337097704,9.819884176938414,1,86.3135969983984,10.0,0,0
54,1,神奈川県,23.001043209051755,90.66642439968646,62.01929292207949,65.496574691109,56.459011139370425,0,106.20656482122128,10.0,0,0
46,0,岐阜県,22.74123388218064,112.87666367419678,110.57652022407413,41.738044909133585,10.88024553348078,0,73.69404068168208,10.0,0,0
74,1,神奈川県,21.95918973456639,142.3513040335092,67.33141717650652,40.33840135187982,14.3275677147172,0,102.08397203903853,10.0,0,0
55,1,埼玉県,19.947320560283156,132.1179682855412,33.72786868844891,41.641839758875136,10.035080391563453,0,73.37102579339451,10.0,0,0
63,1,兵庫県,26.50226861899489,135.1081627780073,331.6165499595965,46.63970024021838,14.059984494239504,0,93.24953264702214,10.0,0,0
57,0,岐阜県,25.877806172749683,109.05678663600746,819.8698109136913,41.192757740481916,48.66635549331628,0,94.9724090741476,10.0,0,0
58,0,神奈川県,12.009558410944772,78.4503110963076,28.663659304978076,41.72180117674669,2.458859104794119,0,83.84249327515991,10.0,0,0
56,1,神奈川県,23.3716579146708,68.7521801799799,44.281723964207224,41.32379909760863,4.169603177169696,0,89.16700955406644,10.0,0,0
57,1,大阪府,22.98187788594926,114.93459727864517,74.33832173818432,41.729507106749026,17.523036288647454,0,63.26402924310508,10.0,0,0
71,1,神奈川県,21.471278599634832,103.44354218569964,131.09659024154092,70.63517208575075,40.3813706358942,0,101.27974573273494,10.0,0,0
47,0,東京都,19.88172582405932,96.04174946959758,75.88522308566546,41.85535528300696,14.871705786515466,0,78.90564990291473,10.0,0,0
60,1,福岡県,20.095038001371282,94.43861902161235,63.19944165953894,42.154224827539814,7.596126865351748,1,84.84452980534587,10.0,0,0
58,0,神奈川県,25.55513972438802,161.39723694821112,118.54410016563514,54.28587631611469,19.885235758575995,0,81.96695317200205,10.0,0,0
47,0,愛知県,33.16166478216066,152.4032086996299,101.09637755065866,53.11700027918483,87.9996762821705,0,87.95348319626024,10.0,0,0
50,1,茨城県,17.244281466346788,105.83108491040957,104.66187674159033,55.18776617964643,15.754832002149858,0,94.77599343665182,10.0,0,0
66,0,神奈川県,35.25419791261755,145.6292535655409,366.6678629348632,60.94119856618408,34.839415437146656,0,110.00764453965834,10.0,0,0
62,0,神奈川県,26.9368129370279,138.74203092445453,168.926052014896,41.32736198102867,10.415037341755294,0,84.26182888521456,10.0,0,0
42,1,長野県,21.45344026708273,102.52872636572577,52.80135788807817,63.97806372349109,22.132499383386772,0,87.27220099120396,10.0,0,0
49,1,神奈川県,15.256779480342637,99.01813883504795,77.6526862044777,29.705554477549427,3.75820798032433,0,64.1598690623698,10.0,0,0
45,1,大分県,29.358604227480665,135.31420390911407,73.54265197881254,59.33424724673227,31.81000844021189,0,90.11437732493157,4.119613382980452,0,1
50,0,神奈川県,24.492537385203608,106.78131466408932,79.14658263881218,41.886159190840594,66.58851695333027,1,105.33422847686764,10.0,0,0
68,0,神奈川県,31.869704755096603,144.19621506685598,302.5968500947805,41.3911443863012,29.00761021144905,0,99.4940890162012,3.9983995206874323,1,0
60,1,東京都,20.598694722012862,130.91803174823215,24.477002732781415,43.51368618464992,23.147779509285375,0,88.22773526067914,10.0,0,0
71,1,奈良県,25.64100549371168,124.62446286147546,59.457576892211954,41.191925084243664,10.034528587541729,0,93.58392786802186,10.0,0,0
64,1,神奈川県,19.44776655433273,124.35710077237505,37.62144879508421,44.331316550407756,7.308626081962219,0,91.07889276956004,10.0,0,0
47,1,神奈川県,26.032936017420976,115.15122987816422,40.371374719968124,36.19794084436244,3.3300962159109213,0,107.42454796285412,10.0,0,0
51,0,神奈川県,26.094114334746724,145.53791818119763,115.25807716325178,37.45079567642074,13.898580789926198,0,118.20888966328695,10.0,0,0
74,1,神奈川県,23.844551659187708,149.54573562801318,44.28544235602103,59.84198722154629,4.938037405398645,0,87.82621599936338,10.0,0,0
57,1,神奈川県,22.877382707772142,110.75137765169305,72.4361382967139,48.75909057161044,35.838899125775136,0,85.26937894220204,10.0,0,0
73,1,神奈川県,23.769839951854685,140.8623915586686,136.7634004779687,40.910165309364466,55.157420126151074,0,107.2108557390508,9.411378393157028,1,0
50,1,岩手県,25.19653880830764,118.65090338836019,168.46497308144663,41.78732007186682,14.492378812045,0,92.4556356213003,10.0,0,0
61,0,熊本県,24.77222796614745,128.11941237810794,143.65971010383524,42.45880428448329,38.40468045629764,0,69.42879908987112,10.0,0,0
66,0,神奈川県,24.394084004425668,152.9246688828662,191.42897222539295,57.6775344717172,41.47719895570034,0,91.98055581120083,10.0,0,0
74,0,愛媛県,20.67592601802223,144.60280703650497,24.965503161225616,46.95214726118594,18.46916086088689,0,68.17420991729705,10.0,0,0
50,1,神奈川県,17.92914828614527,90.23722431638029,11.59359840606924,41.48992599613815,1.7445539691868468,0,63.67001132732885,10.0,0,0
74,0,神奈川県,26.72253880533575,151.18355714671725,104.97465380325941,64.28005413877023,51.96601198501253,0,117.75002703678527,10.0,0,0
57,1,福岡県,26.072345420876392,137.13913561565545,476.07504194038313,41.28507259802122,17.31120528587035,0,116.12538543040138,10.0,0,0
48,1,北海道,25.38519472318526,134.65120309693407,147.7152318334115,50.074629062032294,17.51735392639687,1,99.96023612092385,7.069502819883265,0,1
73,0,群馬県,25.73046358822655,119.629334453075,93.36841249138628,42.28209185156054,52.691940226879446,0,76.61411005268464,10.0,0,0
46,0,岡山県,21.716415260887775,97.34669907546848,120.83389409787073,41.35930347193916,19.85811414434171,1,81.973510132763,10.0,0,0
65,1,沖縄県,26.286935561108365,135.84380464621134,73.12260281062622,63.176164535607136,7.36589028724561,0,86.24137885343083,10.0,0,0
61,0,大阪府,24.98308201658897,130.47066790087345,23.995380087541847,39.135693160962134,1.176944810286817,0,75.57298169897352,10.0,0,0
74,1,神奈川県,20.59782595020677,132.63246845157377,122.74324213438562,62.26232633465827,23.15056085612482,1,89.17920148402213,4.3299268044424775,0,1
45,0,栃木県,24.31559464384784,137.79849956395512,60.51794154528773,40.713185953127834,7.327706745344375,0,115.17713256822732,3.089779434175875,1,0
45,1,東京都,18.78787114303683,97.54832534833122,50.7238179252392,60.414402400911655,23.165491331662412,1,75.54630438044158,8.660030335181906,1,0
73,0,東京都,19.211271408795636,128.7996098292729,164.44591137738885,41.450031628683114,6.178870166489543,0,88.89691415950861,10.0,0,0
61,1,愛知県,27.153820102398342,150.7661197276219,39.48164866813404,61.53773873885001,34.413603176244884,0,112.42377047263783,8.718106666250558,0,1
46,0,神奈川県,24.63166324383293,136.10487954495397,229.53221328024193,41.6427686544764,24.566126923757803,0,97.61381067476216,10.0,0,0
55,1,神奈川県,28.18478715186023,136.770260959709,152.29076265576492,41.02125761644485,23.049760396499295,1,108.7908578563512,10.0,0,0
41,0,新潟県,23.317282305847172,116.45843510131556,62.26478089529326,41.22783948161857,48.076754209792625,0,101.7413027367196,10.0,0,0
41,1,新潟県,21.513754690363033,105.52640917173935,89.0619847881024,42.02845340836596,10.940802465302568,1,81.20052515842092,10.0,0,0
41,1,神奈川県,22.091312925807586,105.12786588502598,75.87154405476198,62.28133885630439,3.069815834926485,0,74.41648497127389,10.0,0,0
71,1,青森県,24.863146660517163,109.59682497125792,139.82687983723483,45.34850613504858,16.53660919690641,1,85.1629127553481,10.0,0,0
49,0,静岡県,26.54425918468338,154.78715146979644,102.07043938398657,41.50182054850642,20.847280435315678,1,99.77411717034401,10.0,0,0
55,1,東京都,20.666976755903804,98.35234878510595,73.42458142834343,42.38363255467413,48.55125821576277,0,91.75495507130421,10.0,0,0
71,1,神奈川県,19.222019737741295,97.58691755015624,17.39851531782095,53.93114333225667,21.03795532229549,1,95.42070277579005,7.587435336194367,0,1
62,1,東京都,19.05046779504815,104.58828627323247,41.92303026345008,42.30911294629308,12.18436912011485,0,80.54094362230398,10.0,0,0
69,1,京都府,23.04098178414235,129.3686378936434,57.02081186780559,41.58514109275073,1.5491038127104495,0,73.60330933916316,10.0,0,0
65,1,栃木県,26.502278153803736,126.21076287475664,62.596841834025696,41.70481038159305,16.602661559073205,0,101.97151273933342,10.0,0,0
51,0,滋賀県,23.757846042870657,123.78384607582771,38.09017883437657,52.08702495878738,28.099999463787487,1,94.5927539137229,10.0,0,0
59,0,大阪府,27.40454797964824,129.033512027734,172.14244372011015,41.44699658501448,5.0840402862932885,0,99.08433497481779,10.0,0,0
40,1,京都府,27.649593079729673,128.12836377361631,100.54854549926738,40.30700978638613,12.912595680751075,0,85.2659545457784,10.0,0,0
46,1,静岡県,28.38188509883004,101.52938347808511,62.86178937595166,42.38733292326271,28.59143512981082,0,95.96260562018863,10.0,0,0
48,0,神奈川県,22.007190403625263,125.86919139903672,83.50619760570007,56.061400613229765,9.423662888758274,0,91.24546177204688,10.0,0,0
73,0,長崎県,30.86786024941071,145.72254162218186,364.3020013152555,39.86069299033136,58.61208310186465,0,81.52145536573296,10.0,0,0
48,1,宮城県,17.20405773092704,125.19218688047849,35.02452479851865,41.89144339687329,4.320334491782062,0,77.13959812434874,10.0,0,0
49,0,神奈川県,15.537239412471617,127.9712112507067,187.16002902204295,62.27483830532867,4.577630848919626,0,100.54216545876065,8.259856803847995,0,1
65,1,神奈川県,25.572824247610356,112.24737743195689,118.7679811213189,40.17331771577036,4.478077623632009,0,95.71098179753756,10.0,0,0
73,1,栃木県,19.433771556539508,134.57224466628153,113.86148055566687,41.18699880131501,9.24995074251223,0,120.67129311459641,10.0,0,0
46,0,栃木県,30.06156658609771,130.99452650429185,71.15267195611275,41.21325404487332,17.826574154190123,0,90.15241624786941,10.0,0,0
66,0,埼玉県,29.010069728953347,149.69458467655392,56.397139445624624,58.79238823330121,50.6699230114717,0,91.43412514121012,10.0,0,0
41,1,京都府,26.231283707870265,91.149768882938,73.74120340528694,40.507309641612295,14.39535798069339,0,68.99891500492816,10.0,0,0
67,1,千葉県,27.59984716805196,143.08735944334416,168.14036911730236,41.61285337965135,28.23537954762776,0,121.12403980883923,9.186140462881534,1,0
50,1,埼玉県,24.527848085394012,115.27329364425673,125.10229767977776,29.95845408047132,6.980386723601736,0,79.04296141064815,10.0,0,0
74,0,東京都,18.08303417025181,120.79436603095277,67.17131422329399,41.50052885903036,18.991072826678156,0,69.97749164316915,10.0,0,0
74,0,神奈川県,26.020317839543818,106.26503896434323,51.933219362985625,42.2215464442655,12.678743009073568,0,97.63341897277601,4.025276276660957,1,0
57,1,福岡県,25.85541601545047,132.97811341226245,152.53408190105208,65.95248143594895,18.27201086059812,0,109.44241199589615,10.0,0,0
44,1,静岡県,23.206130500907715,116.74848199328994,55.566701055319086,46.82614866943347,12.171210680750574,0,93.71594659766203,10.0,0,0
66,0,神奈川県,28.854847686472645,138.74911245050217,70.5213048028427,65.44981695410672,22.544035064296324,0,107.71174659676772,2.4624991399883207,1,0
64,0,神奈川県,23.663575313188183,135.65465282921468,274.8229404627488,63.029277122930694,29.77527463114017,0,125.0,10.0,0,0
63,1,神奈川県,25.249622398305714,134.41689043654964,167.56657033144864,70.37822658756058,18.49411449521317,0,116.75479842693044,10.0,0,0
54,1,東京都,24.66661838283081,112.07191772320573,65.81544080438438,42.45215425388657,21.690115437470357,0,87.03837855008955,10.0,0,0
45,0,大阪府,25.252433355740926,78.6275012154532,138.91312146858033,43.690166642802275,12.642071697017782,0,87.25935309416708,10.0,0,0
68,0,大阪府,23.04754544980707,128.16145296102403,189.7412046139033,42.099189146584415,13.571405291483876,0,84.90960043158323,10.0,0,0
44,1,埼玉県,24.33751425236157,123.58376927124176,209.47721169425665,49.39097361116007,11.310385394250275,0,79.46396673566068,10.0,0,0
70,1,大阪府,21.826878467074852,83.99283213355429,119.14614242165361,41.42202109609786,15.763982099551177,0,118.80147745660594,10.0,0,0
43,0,東京都,31.99326149803843,129.9119328357077,77.73103692976197,43.14831425262431,16.232799889038418,0,106.31291377425507,10.0,0,0
70,1,滋賀県,28.473709189266064,161.16005924178768,239.18392228659937,41.583786933732775,31.981847416499296,0,87.14961591318792,10.0,0,0
47,0,青森県,17.281019282706023,82.31526540891197,112.85982783120062,41.45196184164071,22.67483388915938,0,66.48721664236584,7.7526465657860655,0,1
68,0,福岡県,23.769944827123403,131.03771193021467,89.04678371380759,49.593709822993745,41.496791835690956,0,84.22056732990703,10.0,0,0
44,1,東京都,22.044814159772148,112.9530633068626,73.0532823378943,55.230111518248876,26.21030307806082,0,111.6375531995972,10.0,0,0
43,0,愛知県,25.30431817402322,119.86700216539451,105.56774367541013,40.29249271652387,9.696570910982192,0,70.58754904188321,10.0,0,0
69,0,北海道,17.437893936322446,121.18984489681381,50.323006730275765,42.19541999689233,4.352779988972055,1,88.46059969862199,10.0,0,0
54,1,青森県,23.626908176709,154.2238959256727,147.975606313234,54.77940935267732,23.17884761717708,0,83.52808037023574,10.0,0,0
44,1,神奈川県,17.55549803707258,103.15403972586878,40.77907477882228,57.06388334841293,11.478094722736527,1,74.70306318507221,10.0,0,0
58,0,埼玉県,24.89375522844642,151.32369788114875,55.41801273972936,40.906668791830334,2.607538522203783,0,100.22034316805298,10.0,0,0
47,1,富山県,24.500957028828093,162.63937587401264,205.77609624296647,52.200995314800174,18.319274429100982,1,97.9602637626968,10.0,0,0
66,0,愛知県,21.44197098204998,154.8036550452356,78.54556837784344,67.70853246772441,24.014972591388798,0,109.7750806444737,10.0,0,0
49,1,神奈川県,29.847608049262917,150.12549739370536,125.52930499945995,54.06770334847744,53.298776296760025,0,82.04393945441005,10.0,0,0
46,0,東京都,22.4148379924775,135.46673634353968,19.19637638204439,60.58085459787487,10.581099783142694,0,84.35685646554509,10.0,0,0
59,1,新潟県,25.774103486090308,127.46290732288165,135.80782467554872,41.4755934730425,23.579495324758362,0,93.1882820182683,10.0,0,0
72,1,福岡県,23.184491464603,122.2047965914817,31.72658856473533,41.948542487303385,32.72513501878275,0,106.31603605889721,1.5456908935706315,1,0
49,0,群馬県,26.574491135527506,162.84709395771696,126.69152185313543,61.601042008183484,12.172917856214612,0,116.21365179539666,10.0,0,0
55,0,栃木県,25.289304944252258,147.7243046235228,62.76026722544128,46.12891958137811,17.210947692855388,1,80.96786100785596,10.0,0,0
47,0,奈良県,19.71866106178217,104.25560771463847,118.91236471905259,41.29189751668691,2.6107971539967134,0,78.75508958220863,10.0,0,0
50,0,奈良県,22.23678311889022,119.92599281931722,194.62674639564682,41.926048827181646,50.77598643371856,0,77.54609074437258,10.0,0,0
57,1,山形県,26.630696407067255,138.758285448878,44.11890771735996,40.3392448459244,14.010998003964017,0,86.312521035028,10.0,0,0
41,1,愛知県,23.005753515956563,101.76799889423279,63.57025989956276,64.24503407712706,22.22393730283917,0,79.32589237534428,10.0,0,0
53,1,千葉県,20.611273642822013,110.18707824156013,68.26703644824791,41.9673683635346,4.010883920224316,0,94.346950908341,10.0,0,0
43,1,青森県,24.84076566897686,119.37162911137628,34.36276162924599,41.15199267753974,8.557859956024382,0,83.96320200714115,9.673169180976275,1,0
41,0,神奈川県,18.94611607376365,81.20384967923918,12.400533057444326,40.24025194874697,4.0557677424386425,0,62.60468039938287,10.0,0,0
56,0,埼玉県,17.223870076217136,110.87757913690969,77.93849822218951,42.28849842223426,35.69133517413747,0,109.52690516951989,10.0,0,0
50,1,愛知県,29.860317192160412,119.50836440929785,110.5672612167859,41.798825803155594,38.8896159109875,0,87.67229487904872,10.0,0,0
65,0,東京都,23.313192435077504,125.89074013052013,58.28053084241063,53.39034753506486,50.42622529215398,0,88.46545576502199,10.0,0,0
42,0,神奈川県,27.93996002061803,94.13275668531493,78.20215475425591,68.84297681087446,7.9215417536466,0,98.04182190490133,10.0,0,0
58,1,千葉県,25.67255667162647,111.97115056672565,115.43172342987603,37.08536680567481,11.688564256834432,1,83.00150707173921,10.0,0,0
71,0,大阪府,17.75945759218012,166.51880865924653,112.42841123484615,41.02494610801542,20.029104756857883,0,100.64799539814653,6.423099875966858,1,0
42,0,神奈川県,18.2777314732594,103.10439888235899,58.74996610066987,40.671189646263585,5.503288193300042,0,61.419048284093364,10.0,0,0
72,0,大阪府,24.396582917639762,171.53262071894807,162.05964216972126,43.81156206431903,17.980757978215713,0,107.52599849070498,10.0,0,0
56,1,岐阜県,23.742984438392167,143.88026258214242,105.42732684532949,41.38982608780813,4.514268512491569,0,86.18372392457071,10.0,0,0
59,0,神奈川県,23.890838071812908,134.3635894687655,94.92421224038247,57.700866855098,6.303793392800877,0,107.25117760323505,10.0,0,0
58,0,東京都,27.755141205794626,122.9075447481332,91.32113883180982,42.39356557905975,12.920768300177356,1,70.28510542625975,10.0,0,0
73,1,岡山県,25.59810490566856,131.04898172236568,102.35864686688328,57.72470997680005,6.336315303355012,0,94.45748345233034,10.0,0,0
45,0,神奈川県,24.910374401626804,108.64543705550334,59.5831326585172,65.16743052371143,9.705405471716336,1,88.93747608638341,10.0,0,0
44,0,三重県,23.78280533113758,113.4377542468022,74.73123623630646,58.684607472931006,25.47075630383754,1,102.23890524065348,10.0,0,0
72,0,福岡県,18.334412675352798,117.80760722100428,185.61466094189288,40.90656420199523,13.19561135478492,1,123.70288892778528,2.35250613825914,1,0
59,0,埼玉県,13.861114492735686,120.0624855006747,14.333714564339047,62.35749437209018,11.836284724392687,0,85.76434186602216,10.0,0,0
64,1,神奈川県,17.787747839778078,123.68862457772913,32.99403593508292,60.33662477580249,8.265581020686527,0,101.9509368649324,10.0,0,0
41,1,神奈川県,26.577767178006553,102.75250921442614,62.21976353044516,41.52894941270866,11.24470717560451,0,116.1190470949434,10.0,0,0
47,1,北海道,25.37822893895494,119.68775636113719,127.54499568247613,50.591076279801925,22.883943463121277,0,122.64004077269513,10.0,0,0
56,1,愛媛県,24.26390061720165,134.35146147439272,96.48192565937734,40.89645395974602,14.969399174921348,0,114.20516370475055,3.0597247255263045,1,0
42,0,神奈川県,26.205892856762176,149.46657159212424,157.5704835519166,41.861935897140185,8.432486446120114,1,78.97601950672798,10.0,0,0
66,0,神奈川県,22.967017903238286,87.41257594414428,123.92979741538878,62.91827348859586,14.503823320324553,0,80.69912393753309,10.0,0,0
45,1,神奈川県,17.080793847380587,113.61846811952022,35.02808898081307,40.90941930631794,7.9294123744469855,0,52.26241209416317,10.0,0,0
45,1,岩手県,19.041712916913923,128.83265068984778,45.446820932988814,45.44883932361576,22.266187004172334,0,122.10090548017723,10.0,0,0
43,0,福岡県,20.797590344847368,104.07817938612834,77.87780538853552,39.177883853444754,7.1852744079741715,0,80.41705722575138,10.0,0,0
57,0,神奈川県,25.08338195603674,147.8758540310698,228.90166063420915,41.099781433434885,29.606747831897035,0,89.34316459974139,1.3482307030976408,0,1
59,1,栃木県,29.37560873390454,158.6892272296854,167.54426892458895,55.30422173918811,10.404546573391233,0,93.28966317860734,7.199940882081515,0,1
51,0,千葉県,27.862221887335036,148.7014921724305,94.15379034248154,41.08025972053795,17.13792786195831,0,86.50601358925896,10.0,0,0
46,1,大阪府,22.93815774029958,148.04388322265325,60.981929226475685,58.6727997382122,2.398602856853698,0,93.71678447034382,7.7353244249965405,0,1
44,1,東京都,25.722437911536836,152.1840147788013,155.0919575211046,41.92010115784887,56.71506103868203,0,85.17816856971959,10.0,0,0
57,0,東京都,27.54682363565221,119.78792636351466,54.940277484621426,64.1830601192124,40.32737811087928,0,115.93702323865142,6.093365774993942,1,0
61,0,宮城県,15.2439714724288,97.92481636094207,92.39722404779818,41.07943480217975,2.907489306077946,0,95.97100557293159,10.0,0,0
53,1,熊本県,21.599196931586405,130.94587027311687,86.74267365665618,42.184668874952145,15.590443766418659,0,86.97728231323207,10.0,0,0
68,0,宮崎県,25.074885851317738,151.76812720610252,117.04819814902396,53.7643549636886,45.1288445528822,0,78.57565928692522,10.0,0,0
55,0,愛知県,26.570523574404227,150.02986282254744,169.20471251185157,41.9485502415041,18.441909458895605,0,75.19442952977862,10.0,0,0
51,0,山口県,28.854304209423727,138.54575808645106,143.54015672974057,41.29893363460783,10.25666429116054,0,81.78004763161066,10.0,0,0
59,0,東京都,24.174436898690402,112.64656458541572,104.00801574726066,40.4652247821667,2.550563449842267,1,82.97671090585158,10.0,0,0
62,1,岡山県,25.989068972294998,165.35277207759907,102.1910755672473,45.14620195380566,5.5593252844556895,0,93.12860632912941,8.071235929328479,1,0
67,0,東京都,20.985132976136462,133.1601223886191,52.80385414157735,53.43759630568302,3.0102165543684825,1,98.48742152090257,10.0,0,0
40,0,福島県,17.30171216168122,98.02743980917037,43.973208451885014,41.468629670328234,8.742681299714318,0,52.98446927234529,10.0,0,0
65,1,高知県,27.40443907889175,141.8031223649735,131.92398464340414,41.26414982117123,21.364095049606373,0,95.76378448014908,3.9770571692198473,1,0
54,0,大阪府,23.412293000285853,115.1888992412968,41.20556536655462,62.65610174718842,4.405319484583815,0,78.58024224086009,10.0,0,0
68,0,大阪府,28.072987780107496,157.94317862372708,139.34839642880047,29.268981204934146,12.22542070104301,0,120.8006804703017,10.0,0,0
50,0,岡山県,22.417496747636072,126.42792076514831,52.81319196537403,41.07357436886889,3.969250238803878,0,103.7342004548509,10.0,0,0
54,1,神奈川県,26.320185191502816,140.55100506201947,129.52349169359834,52.50564454335613,22.920850705950887,0,107.23626474430567,10.0,0,0
48,0,神奈川県,21.199832686567994,130.5120055516845,32.488917582899965,42.744366046426784,18.256838814997007,0,76.84528506516256,10.0,0,0
67,0,神奈川県,16.902180362905565,118.27748364944182,147.2505156815516,40.0898962653403,3.0496119024527353,1,82.22272659631298,10.0,0,0
47,1,神奈川県,11.46269016476144,115.16610995714235,30.649317144995585,52.85496567027196,2.359391203842161,0,63.406165230268925,10.0,0,0
58,0,神奈川県,25.19545976113835,138.02591592137114,19.849328687127404,41.811537395573694,10.263094598336691,0,77.45747407222615,10.0,0,0
73,0,千葉県,24.22698464242232,156.21400379468264,214.38960048656634,46.360509811861604,37.768380184195784,0,107.7153217183612,6.576298392186004,1,0
41,1,愛知県,11.515441414510342,110.99729812241324,51.88309426532469,42.04954486377464,15.105053793335461,0,110.7582712383585,10.0,0,0
66,1,青森県,20.782971042684885,124.30822437389433,50.32858750498725,41.82337613807643,4.402730268716117,0,91.80565349250114,10.0,0,0
70,0,埼玉県,22.612348248914586,137.27974884766465,125.16340530465574,41.05371261906003,18.46533124119183,0,100.1122149248229,10.0,0,0
51,0,香川県,26.96770727132697,128.9581006344656,141.77789405369117,47.17699155158472,12.351270868546072,0,117.95120313995763,10.0,0,0
43,1,京都府,24.248259967719868,110.20839975026323,44.07124532732027,60.34397955611888,13.659683471248407,0,94.60744564824093,10.0,0,0
71,0,群馬県,20.72429712413402,117.72480373229651,110.75311046369296,40.960694070502896,2.8215818555012837,0,77.14713857881684,9.533407028328334,0,1
72,0,栃木県,17.327375733958775,108.64024849950144,38.85667179247774,38.55966754900873,1.7696050222285058,1,85.56357379547764,10.0,0,0
52,1,東京都,24.84255874290227,107.95912486251358,129.77101908641868,42.45216230906596,12.894035706640635,0,93.70677325228665,10.0,0,0
69,0,神奈川県,25.85543039302304,130.65963476111943,52.452174334864885,47.413964717513906,26.01238443517735,0,91.8901209165351,10.0,0,0
73,1,神奈川県,21.230838396472457,131.58870521868292,58.76354866899914,40.62927929966679,51.10012460310635,0,82.99991576306128,8.755224853526807,0,1
58,1,群馬県,23.09089545425771,120.37881511826444,45.02200410308136,64.67814586859323,12.181712599064246,0,112.57067997770073,10.0,0,0
54,0,神奈川県,25.916564192195985,153.25768274419852,136.28115169608378,41.928939643556596,20.649571765841632,0,109.14854181210563,7.458196179299596,1,0
48,1,神奈川県,24.79381047742707,109.10814165007079,56.14791380814642,41.78891430526756,23.146160500756867,1,110.61723796037414,7.54502291255704,0,1
48,1,神奈川県,23.28683986617076,111.6259392621626,204.9139605248203,51.124024544969906,19.67423994150229,0,95.86823126354228,10.0,0,0
40,1,神奈川県,26.42119307118207,127.96900805720827,161.27844963310173,41.35120827512524,22.84686135947073,0,111.9648848982518,10.0,0,0
50,0,福島県,17.753415756342555,125.77030748208759,77.64931392712434,45.05710746576319,6.321079544851094,1,83.81655189327087,10.0,0,0
54,0,兵庫県,24.436422769440195,154.8717682913683,215.64051417125893,66.91561456066782,51.70666082918132,0,99.7690064672941,10.0,0,0
53,1,北海道,25.051282346586035,124.55300481674934,87.65963558137443,32.81426226096859,7.22137114991295,1,99.98586334398034,3.8211227117438877,1,0
45,0,北海道,17.56345588855878,113.78593007783815,62.71768092866474,41.79435733233818,41.09810317279161,0,96.02058205613633,10.0,0,0
72,0,福島県,24.49624831621049,139.16734957716298,52.15394418120012,43.124340492795156,27.339549290883426,0,99.97590488009729,10.0,0,0
48,1,埼玉県,24.1737788479624,133.43819453633333,83.25405058998824,40.309755972303414,13.943182154532396,1,80.17814456022272,10.0,0,0
67,0,京都府,25.454350675148273,152.61177906037744,89.28290572838556,48.211687797847944,2.0224706783734265,0,100.37517720104533,10.0,0,0
48,0,山形県,24.89380370385768,140.90100505601913,88.83376329919538,56.769395678977965,29.17747433684006,0,66.26492236885578,10.0,0,0
68,0,神奈川県,16.366582324534367,144.74656636732925,41.81274590559998,61.652622462086086,13.622662896819453,0,91.32869226873196,10.0,0,0
66,0,福島県,21.17280277993885,117.19434305196495,54.862337638514305,63.15552148490775,22.84853650747233,0,75.29186740139764,10.0,0,0
57,0,愛知県,13.670446712021521,111.54938633108792,38.35835887908519,53.94079146610286,13.042788313284756,1,85.7656491095305,10.0,0,0
47,1,兵庫県,23.28340377984753,126.76801312774809,110.16008914300798,49.924539582053924,10.94645889933914,0,87.34815583143228,10.0,0,0
45,1,愛知県,18.616417875159343,91.42677551888994,21.80758593221167,47.87401891218114,14.826223935739213,1,64.58444800935833,10.0,0,0
49,1,大阪府,29.279685183202563,130.13609052252207,110.39427052672362,41.900303012404144,35.14713594770606,0,90.17724440027928,10.0,0,0
42,0,神奈川県,21.267353244855578,140.13821284736662,18.44842567214768,41.01196852576709,13.45955183048682,0,85.88721178810812,10.0,0,0
55,0,兵庫県,21.388280002723032,112.06388946617716,21.433002748387096,54.837146041436434,6.348376993786902,1,75.50250166807348,5.857451219993523,1,0
45,1,千葉県,22.004593758220214,117.32339807686002,61.43592754859434,41.52174472385149,18.35464711780412,0,92.89259940984898,10.0,0,0
45,1,神奈川県,22.862311461171267,141.29613824726297,83.17900771166379,41.56853833023803,7.367162104192415,1,86.60548534476354,10.0,0,0
47,0,愛知県,21.459874771481985,108.92489454010203,9.998612503346349,47.091277435429326,5.29289723148714,0,76.58406443455317,10.0,0,0
67,1,山口県,26.00781964732484,149.63263871322374,77.7257785111233,52.076145613023854,19.578257366463934,0,73.78207400068914,10.0,0,0
48,0,兵庫県,28.26227770061381,90.65117670454106,52.44925542051448,41.8946127684089,40.365620261542674,1,83.51752643058555,10.0,0,0
46,0,福岡県,20.313050992615093,88.2423062030901,46.20687993407787,41.07293141178431,15.464058162786342,0,74.01337944446594,10.0,0,0
69,1,北海道,17.752903945955648,114.93500273449317,76.88032536078951,39.60091323969511,2.9257691502601606,0,71.80650499717157,10.0,0,0
40,0,神奈川県,22.453071668435143,131.55495459361674,49.515500559501255,58.514162040505234,20.823769240162108,0,65.13461480615891,10.0,0,0
51,0,東京都,25.3957837316533,149.17596887324757,163.74132726135568,40.31389724056499,11.227889759520615,0,95.35591991745534,10.0,0,0
52,1,新潟県,21.826119306300626,94.47790712896231,91.15749296618537,58.39192764282183,16.007397330498247,1,121.09986737392065,10.0,0,0
69,1,東京都,17.34836931194999,119.90136340223347,21.923210254024703,63.65181258333147,3.748353890187367,0,90.3905204202953,10.0,0,0
46,0,岡山県,20.99406855597137,134.54009180230673,17.536595262441406,45.23738180969587,8.573314046435398,0,105.80083467916707,10.0,0,0
41,1,埼玉県,25.21840916032059,113.18022973583278,32.019072748276336,39.13597214907623,1.7337241541012396,0,85.27808466689278,10.0,0,0
54,0,奈良県,26.221272346097276,138.22958617920327,138.52486570477134,55.21182607946246,12.155645465214313,0,106.01873848016172,10.0,0,0
55,0,北海道,28.355715227367195,139.89753125747902,233.9803343819737,59.61063136201143,7.079974232806513,1,97.66779809769149,10.0,0,0
42,0,神奈川県,20.186459609538318,114.73336891112949,63.20215296211692,41.7495450010221,24.25375682940539,0,70.30005366096204,10.0,0,0
48,0,神奈川県,17.693177211812163,129.19281042698236,62.41788360618554,41.4607524811304,2.986880046360697,0,72.01207984947642,5.283846965072271,0,1
63,0,埼玉県,32.18689814447492,132.77034154900443,75.37755494685383,64.24807406955772,36.69045185799337,0,123.72120946064193,10.0,0,0
43,1,兵庫県,25.07922875493111,139.31971900272944,64.76595986120775,41.52487287315024,2.712531995083836,0,95.76344474540828,8.482974250032628,1,0
71,1,埼玉県,24.075771879406002,160.3785762293822,272.82014618848774,41.983031975534274,42.46807096730951,0,101.81176272502869,10.0,0,0
59,1,神奈川県,25.486495379852723,105.40443814036843,91.91377931950949,55.61292077333505,40.005755668911995,0,84.8211855281344,10.0,0,0
51,1,群馬県,24.493793360085526,87.41110955657302,52.21008126276081,61.68372578328515,10.389745202056014,0,78.968103899671,10.0,0,0
72,0,神奈川県,25.440353490724746,147.78029170509222,77.7833550282764,42.737539583306194,41.104125977801175,0,90.23909624448392,10.0,0,0
43,0,神奈川県,23.22037991556809,96.57554706902776,43.45854017433398,62.11102315409209,28.65871552517163,0,79.55208762791973,10.0,0,0
48,1,埼玉県,18.73423222501367,135.2200985419437,80.6867231361334,40.84001516342778,10.73649673235059,0,73.88618819545198,10.0,0,0
58,1,青森県,23.80672945501681,123.84376551990381,75.39270805054541,71.01556012902512,26.292858694025124,0,103.94388967410131,10.0,0,0
53,0,福島県,25.7946648583036,125.58693849814902,52.841795071555424,34.186281156438966,24.2518474565852,0,86.23454869793876,10.0,0,0
51,0,奈良県,23.940253317001588,105.37111213938326,73.95686455361692,53.925409240595854,9.324721710237917,0,107.18445089793923,10.0,0,0
52,0,秋田県,17.039620513473253,115.69026797067274,78.6206797233892,41.58561516049153,10.411836035295932,1,81.51515343853625,10.0,0,0
43,0,東京都,27.304747979969157,133.7663122066336,71.57212728904669,42.12023633244205,14.831779325420541,0,93.7041466239,10.0,0,0
60,1,東京都,16.164769989903686,125.69933598334741,24.99573931629525,61.97512842326284,6.241191042018813,1,87.35250121475896,10.0,0,0
57,0,岡山県,25.389421359225075,117.84378382132878,135.77163744381852,68.58131021835506,50.71478198968981,0,119.43017902119182,10.0,0,0
66,1,千葉県,17.401318574165764,101.23451431313251,62.420275401502536,40.76271158261363,4.523443265787864,0,79.04741975849576,10.0,0,0
44,1,山口県,27.898450569483348,119.39562559901022,91.16934177390011,41.446644277975935,8.949866308575977,0,84.9840981351932,10.0,0,0
56,0,兵庫県,26.872109360662762,131.12370322115422,165.63395677224995,43.93785518340204,16.53736416951576,0,84.1345062118791,10.0,0,0
55,1,神奈川県,22.042553115740105,115.18460389583127,51.441069026670675,43.691810646576855,9.665339152267302,0,99.44945793261263,5.2881982352865595,0,1
56,0,神奈川県,21.882970742974774,156.06002312424306,137.5082582046273,64.16155983780352,3.942339366110832,0,73.01338331247783,10.0,0,0
40,0,神奈川県,24.312235517546277,96.79149080722841,194.11273606818858,49.47954315000827,33.85001277480697,0,85.787996147549,10.0,0,0
49,0,岐阜県,26.657769711338336,119.68971800470473,139.11345158208263,72.80312277891849,30.096466348727837,0,117.22154818044945,10.0,0,0
43,1,神奈川県,32.03325091579401,131.52683467633756,150.46404856403794,52.674422445343744,43.50751537721823,0,120.1629007377851,4.907236024583274,1,0
47,0,東京都,23.024473991274835,146.1807700115198,39.40965669547476,41.16728055269838,21.622583587557827,0,94.25517182027701,10.0,0,0
67,0,沖縄県,22.318344605141,138.21707327049563,95.33723976552794,53.37801438036136,20.754987046777835,0,89.23283260208609,10.0,0,0
49,0,岐阜県,32.516886675266505,142.54080666779444,135.46198359895988,64.29938092760068,50.407425897874475,1,105.80321824240497,6.20059010315016,1,0
65,0,神奈川県,24.710082633086987,139.71775612202117,13.688568300165864,49.081175445423966,36.04631894077706,0,73.14697027196772,10.0,0,0
58,0,東京都,25.785623551070152,158.13442334436286,187.15052600892372,41.31772427586605,15.741174147876094,1,81.77679916919776,10.0,0,0
62,1,神奈川県,25.10391670656406,115.64747965910031,33.765826346476885,60.55238171589395,10.433567992831652,0,109.02418969556999,10.0,0,0
69,0,石川県,17.322517663748147,105.0141943344807,105.71987797156568,41.848671154709386,9.977493113008109,0,100.98125222094684,10.0,0,0
48,1,茨城県,29.351792610192064,135.67002029411816,51.25762566293666,54.13124590956923,11.186221783114803,0,104.34215159468285,0.0054757015742642025,0,1
62,1,神奈川県,22.410922262473942,107.4715299518989,34.867856982264364,40.84375955465536,12.07374943793044,0,118.50272177841678,10.0,0,0
45,0,青森県,22.404482223509962,117.76884599865453,58.72409666752956,40.70994439802912,3.977917788179542,1,77.33576402198989,10.0,0,0
67,0,東京都,22.054282570414422,108.432197565474,96.7005096830799,61.77226027496793,10.636467381184818,0,111.21303598404695,0.4641444951230718,1,0
43,0,大分県,34.45630009777241,130.3814508036599,108.0760385879397,41.41154159243489,8.237082471689655,0,101.33830308170785,10.0,0,0
70,0,東京都,25.46728294596078,140.20092170859408,157.54382155925282,44.72913235097811,37.284243701104565,0,103.115099003101,10.0,0,0
58,1,滋賀県,23.036880979335024,129.61918746926227,147.6087508798792,41.76585865364494,26.441163884457787,0,88.1831594883452,10.0,0,0
46,1,熊本県,23.752620431351783,136.8411156419794,92.36792314043592,49.98357847597839,18.95370089030724,0,113.68780077916244,8.897728490957693,1,0
47,1,三重県,23.55332196320551,128.15689151875836,41.91040076096129,52.274195305139,16.307069741741024,0,95.89036099102037,10.0,0,0
60,0,三重県,21.551118917897924,113.38075214012605,283.17629448182515,41.14580693866276,17.049850262734708,0,95.375326322147,10.0,0,0
70,1,神奈川県,26.619008779307087,131.12576124399862,297.77566459845485,45.50613500580651,50.041224745004804,0,103.128541221087,10.0,0,0
41,0,石川県,22.94671662040137,156.980672231673,46.59566020060991,65.05626157539575,16.71067550768278,0,95.9058881854473,10.0,0,0
59,0,大阪府,21.17827275543083,124.13787532780333,113.57098663009381,42.45480457048741,8.656735532122369,0,91.84658261638036,10.0,0,0
60,1,岡山県,21.24846360000886,152.70452399594336,57.17046830783825,70.62317873120222,17.17039374644585,1,105.90470177805831,1.0820552483340784,1,0
49,1,福井県,21.18392095637312,138.8697607956016,29.434117718075573,41.10895429699255,25.348860317122707,0,98.45216602400036,10.0,0,0
41,1,大阪府,25.447615380071934,93.05201952848877,13.661420964031521,42.333778697634195,16.669610491356767,0,89.78547394660076,10.0,0,0
46,0,東京都,22.790544311252102,124.94078941635713,27.306143563364117,52.86124905258911,15.295383874086966,0,74.75239215004369,10.0,0,0
45,0,長崎県,25.039756837656483,118.89883106850834,117.23649006212193,41.957657305278964,11.68418736533891,0,89.09039510108518,10.0,0,0
72,0,神奈川県,22.538480084044174,116.33542958214736,70.11391047749619,46.79507640649004,25.54334639579926,0,75.37580882540891,10.0,0,0
58,0,神奈川県,24.778448064380772,166.10341007793994,100.86955152213258,41.787090294539,46.92338852789203,0,82.85705621728069,0.0054757015742642025,0,1
