age,sex,prefecture,BMI,SBP,TG,HDL,ALT,smoking,FPG,time,onset,death
47,1,広島県,23.1401026049007,127.62007964977705,34.84135898386954,42.224223308377525,11.774688070006698,0,93.14144633341432,10.0,0,0
73,1,東京都,24.14505459737124,129.0558391852566,44.587908620822965,41.33989878761218,12.412203275552372,0,114.11883209736988,10.0,0,0
66,1,群馬県,23.907986873854238,114.12727918141313,139.00848336297585,74.12826706783194,16.44193153980146,0,71.01596001545347,3.7705956252648196,0,1
70,1,千葉県,21.427827846836475,149.51784028355453,159.7010576855315,43.67495365186915,10.565480877673249,0,81.79279022802882,9.904161189557954,0,1
56,0,福岡県,22.609010756394177,83.52426162367136,234.43756082106026,40.256476773058424,8.115463393772531,0,88.08618634806761,10.0,0,0
44,1,栃木県,19.750501755369854,132.50762708673798,58.59538718584065,49.89816568874582,15.99106368181641,0,84.19923932154396,10.0,0,0
55,0,茨城県,28.147621969941344,132.25705364090126,97.56164838408985,41.3421111887866,24.243627972236936,1,84.39744802282445,5.020460959871825,0,1
44,1,愛知県,23.92506676869519,165.9783158248774,176.1618888644546,74.24280127727563,20.117307159860392,0,113.19468928862095,10.0,0,0
67,0,愛知県,29.234640339141315,152.09848620989618,54.596048921362964,49.705839707680425,56.036312529860695,1,101.63669979038198,10.0,0,0
73,0,熊本県,26.822187678675643,148.32544458569367,176.01366741615485,42.14082931300145,10.94216659326282,0,99.00801040660795,3.121895155987388,1,0
43,1,静岡県,20.59523120268619,124.48085231837408,80.3603006999575,41.967102389809966,4.9288740304389504,1,100.3159108726604,10.0,0,0
67,1,愛知県,18.80040174178269,91.50397246096468,58.583242347496565,51.62606462016973,7.6434955539804355,0,74.31661123545894,10.0,0,0
44,1,北海道,25.533129985188335,138.30809599444103,56.47940852815517,42.59918624581783,47.07758702508815,0,75.54093121262083,10.0,0,0
52,1,愛知県,23.554687151780634,118.71795068411022,75.80089706743688,62.62335076996056,31.8983226473997,0,75.04946074653787,10.0,0,0
49,0,愛知県,28.639758288212207,152.63518847179444,95.92156062134143,64.42902392185434,25.592570928453544,0,85.6402533659928,10.0,0,0
50,1,大阪府,26.355430327971565,124.80889425705864,401.7171986636094,42.37601835728538,19.096992727692353,1,89.71023958799805,6.1334401135839824,1,0
62,0,大阪府,23.985431232932104,156.36486321013817,129.5608421793604,42.673806300117405,32.603718856003745,0,103.10520177062043,10.0,0,0
68,1,山口県,12.61912306338979,122.99109746745658,52.75068416459007,58.305096093347444,10.550165746136393,0,88.96911355573445,10.0,0,0
40,0,静岡県,24.248561347929535,74.55383888400435,23.65202526194323,42.13143318983567,4.408017693190491,0,60.59597689631865,10.0,0,0
53,0,愛知県,24.71978696904241,115.17521172054231,33.933718137172335,41.59561116082167,26.495004278316415,0,81.20317801834697,8.098111303135898,1,0
57,0,神奈川県,20.756369219934264,122.97240764719608,91.4476413843951,66.18898441112742,37.750827229217336,0,72.51703055274173,10.0,0,0
42,1,大阪府,29.752779092859104,116.26548350959858,208.59428293005664,34.766581903008046,11.382083450449821,0,81.19796990104494,10.0,0,0
40,0,東京都,23.758596407527325,86.15268177857601,81.12020576338035,41.472180032488936,15.98599227292331,0,80.0977620948103,10.0,0,0
64,1,宮崎県,18.68197125102076,107.16474499420598,24.90844196763014,39.96387308503961,3.4432882237480142,1,66.77854937177935,10.0,0,0
43,0,愛知県,23.91081453360277,132.34623887206232,154.360696667376,41.58114866591738,7.991062575738972,0,75.02972759156147,10.0,0,0
50,0,神奈川県,25.567798981211094,135.41790150699651,110.36325662107144,42.006263347856894,23.700826553596826,0,86.65645887012339,10.0,0,0
58,0,愛知県,28.570639387156323,142.22852461256528,38.85683209791959,56.99118955915623,7.263201064644259,0,93.06685511011256,10.0,0,0
47,0,大阪府,19.902891036395705,100.49414372721719,49.32280003027514,54.145770270635296,46.76806765038536,1,67.93746325869773,10.0,0,0
45,1,愛知県,18.855393319337765,138.15262873674834,78.63780995408213,50.66771326065155,11.190512279172733,0,91.6400248734812,10.0,0,0
74,1,愛知県,25.103313273597898,136.9581607863302,311.0359198125156,41.595126377390784,23.04049203772751,0,112.31643867022792,10.0,0,0
61,0,奈良県,22.21890597767781,129.35503563626048,79.28636024349048,53.53013321475368,14.985316948163574,1,119.89697439038868,10.0,0,0
65,0,沖縄県,22.0392569310858,127.77481411937876,99.790425445601,41.50979119236638,51.01895941071106,1,95.9037770996865,10.0,0,0
56,1,北海道,28.783761524878443,128.14050438087185,183.26357198692094,41.28767307730844,62.548909317983636,0,97.94825769658954,10.0,0,0
43,0,京都府,26.480491559273958,126.08224279238225,111.16413817753175,73.61722455006361,75.76802753196532,0,85.06135073029269,10.0,0,0
71,0,愛知県,24.74153953899312,95.51779625332817,96.5721503586875,41.669216502001454,39.2247174551374,0,79.49277755758723,10.0,0,0
71,0,愛知県,25.242438687630038,143.23504454109664,263.443347338932,40.93692749376747,35.630454160731674,0,91.85836640430631,10.0,0,0
43,1,愛知県,18.071828034764096,92.59943061528655,51.6824807094145,39.43764464358309,4.174410182234874,1,73.33790167435757,1.6234744738130138,0,1
40,1,千葉県,23.991354315202855,96.17956678775356,16.65365007893966,50.722652855996905,14.2499918981861,0,100.0311483016685,10.0,0,0
46,1,長崎県,18.083264606226447,127.66744818991167,94.58510311513382,69.2613523844356,33.253806370483986,0,98.17997956897555,10.0,0,0
55,0,北海道,19.583700000830238,133.28644735887977,18.117003787530745,62.90862706852995,8.831429809835383,0,80.77429806981988,10.0,0,0
56,1,兵庫県,22.425029626737413,122.83699797176008,162.74143934266266,52.764250073324696,22.017454281904406,1,90.56890003931531,10.0,0,0
52,0,茨城県,21.665517568317057,123.93872892625693,19.974257867284464,58.43868577858303,5.47901009159352,0,70.51064406147226,10.0,0,0
43,1,愛知県,28.565461208884354,127.98928614337483,136.79462305041488,46.537946030468646,25.283512895915855,0,115.16002095302392,5.073825884440684,1,0
64,1,沖縄県,23.110389963667338,127.97347008398816,148.73256377476997,41.67104266903532,11.687357239102822,0,85.60459002248186,10.0,0,0
73,1,石川県,23.886638343136774,127.79060965496488,69.55321029410577,61.68199583851979,19.669965566538206,0,102.30006828012223,10.0,0,0
53,0,福岡県,20.197158609871924,99.99998236884566,28.134999532430754,40.7744835622327,6.336807911587887,0,67.02344737469362,10.0,0,0
72,0,栃木県,24.327263230322966,127.66075350213099,100.94465353504647,41.101936537006274,11.951355640793322,0,76.7294285296907,10.0,0,0
68,0,愛媛県,29.612701936350263,134.72763973712526,51.64800378874055,41.24434539655965,52.2133392977784,1,90.51769632496408,10.0,0,0
53,1,愛知県,22.574746609245803,105.71428802559463,72.43362608257787,41.70686335537973,10.461585160045633,0,65.07858612561556,10.0,0,0
56,1,東京都,24.293820143252514,121.04425218153081,159.62016953716758,40.94649437252143,15.681113796831982,0,75.54587632637508,10.0,0,0
70,1,神奈川県,24.04980708923443,124.39364022208503,87.29134467564742,52.00228501368185,15.596747014228892,0,75.80713981688841,10.0,0,0
51,0,愛知県,17.442009845886947,105.05855074529312,73.73286013324285,61.29656970866772,1.8715896486926238,1,69.14796265355147,10.0,0,0
68,0,愛知県,26.220340737288094,147.12761724202642,123.48122555354459,56.34996564651393,14.44829760064543,1,118.04981554683754,9.006036467235715,1,0
51,0,滋賀県,24.592594253880236,148.50004456752742,25.05732142289699,45.29139991774219,21.61403731349564,0,97.93590990819193,10.0,0,0
54,0,愛知県,24.46399197396395,119.1583772951299,48.322530214903715,42.07586056989642,9.910112972186704,0,94.07092025870404,10.0,0,0
67,0,愛知県,22.147376603108935,111.65399225023081,37.30355047973809,41.248325712183046,14.594173619880864,1,69.94203972715513,10.0,0,0
44,0,奈良県,18.305778169581902,126.250658452416,28.2445573939053,41.801139721208564,2.5598505858602287,0,78.49492958666258,10.0,0,0
74,0,東京都,19.47672400244082,140.33346232611402,55.517684253580825,41.97651956995895,7.382426250227604,0,123.18799188069283,7.0907259972180325,1,0
59,0,愛知県,27.142637037395904,130.515453123809,79.45873248695058,41.13219248139011,62.264695971093374,1,109.15864336294837,10.0,0,0
50,1,愛知県,17.10728556640306,113.27767418618573,25.076850855409106,53.526332654644364,3.8530360145817855,0,74.81030085684331,1.6939144113330566,0,1
73,1,埼玉県,23.97878001831539,139.66944916865444,139.2779546173744,41.82121745673427,15.681817256164212,1,123.88986255221275,5.321954490436253,1,0
40,1,岡山県,26.351355068592802,91.01664987512943,47.694001946457064,54.35054666378721,21.93594148489519,0,84.30923647347402,10.0,0,0
70,0,熊本県,18.74764985195355,145.53125948774544,98.76904752289366,59.46670969683459,8.766504479939005,0,81.68350670897458,10.0,0,0
53,0,鳥取県,29.176735176776205,130.1092091009092,95.40781544386397,40.986569519575326,28.181113926313387,0,85.40514604546028,10.0,0,0
73,1,広島県,19.61694197577076,99.38757919300328,17.086805639199806,52.16187824059005,3.6382203725475137,0,87.25593596998195,10.0,0,0
60,0,京都府,30.040949720772083,116.96285561830084,131.10853949568994,40.168119034908166,50.237900860249454,0,78.38282957592526,10.0,0,0
53,1,愛知県,22.624728838210796,154.25000957666998,29.546911473936177,63.53856579944498,4.587332151070371,0,101.13788878768963,10.0,0,0
67,0,長野県,22.575737923019176,119.66848027015682,131.8648455124192,41.571845674365626,35.12007964870684,0,97.97455524453692,8.526723695432487,0,1
48,0,茨城県,18.22742844783271,96.1806328138507,63.150255931399286,45.62084162213292,7.00392911171187,0,104.80827665671515,10.0,0,0
53,0,愛知県,18.419276914801163,137.61577490573885,60.48278926650246,41.10138590795708,2.448375176849886,0,95.90656303352391,10.0,0,0
52,1,東京都,15.313348340704973,114.93910299761154,37.65621045502835,41.0447073025487,19.483603946757732,1,90.06388179798681,3.9150530135476456,0,1
48,1,愛知県,19.520738425262927,141.7382258216659,43.28786871166594,41.493214168067965,8.484770138647965,0,89.97771479338081,10.0,0,0
65,0,愛知県,19.905785168491192,108.56957701595856,179.1948410007387,51.04878277668447,46.92575209408142,0,99.9978550062367,7.218498615381394,1,0
62,0,東京都,27.511346055242612,129.78288400000127,96.36714965961468,41.489312641663794,23.379627226207297,0,103.58966657594556,10.0,0,0
58,1,愛知県,24.272237317309745,121.2819832300447,34.56866830653916,42.63133974311989,2.331438551735005,1,84.67465003936175,10.0,0,0
61,0,大分県,23.877890291307956,92.6097890700133,75.94125829094179,33.48554395466444,57.25983745011243,0,86.45357388671347,10.0,0,0
56,1,宮崎県,20.547850233814025,95.04053427083015,39.183359786769785,50.03673722250948,8.28910787823966,0,75.4932291802836,5.523790676669202,0,1
64,1,東京都,21.14549085544174,157.29726628289072,121.4892611226486,56.59611788730198,46.96162501480699,0,111.3155659357442,7.4104889299302,1,0
55,1,東京都,28.96243014292183,129.94485002039707,192.24229067651518,51.30149993793207,29.05352781176541,1,114.83717531890011,10.0,0,0
60,1,愛知県,25.247275115756764,130.44782068660535,183.38915993555648,40.98540997229134,27.51912778003272,1,98.02727994144986,6.947408426216089,0,1
47,1,愛知県,23.956690429128237,107.4058251289458,43.91561562687457,42.190436499963006,3.918574972126146,0,85.82553734356571,10.0,0,0
60,0,佐賀県,21.227163701165768,115.71141710472462,207.1251115942032,41.37285574070277,24.851027882035446,0,95.60600449187699,10.0,0,0
44,1,愛知県,21.03543362946958,108.47197024932558,86.36757443693399,57.600619853791514,31.625166168933855,0,77.60060797595152,10.0,0,0
41,1,千葉県,32.41745945910103,125.88156669744878,119.81424662743868,36.40691665384571,30.240191338779063,0,117.27156880919323,10.0,0,0
48,1,愛知県,26.71154868972667,138.1349233046747,177.15359619488189,55.83738836832725,46.33821456246483,0,124.1953640060303,10.0,0,0
41,0,愛知県,22.880868593935222,115.03481346616249,57.194642169679696,41.03153221422166,4.381752276233346,0,63.948851438645725,10.0,0,0
46,1,千葉県,22.449496633254636,95.02868646766682,551.6235314727617,41.04992249920522,18.2811001113608,0,116.70281483954342,10.0,0,0
74,0,茨城県,24.14022168181065,144.4506230611238,93.15797061281567,41.69259011752592,4.280757068835667,1,76.3623925439212,10.0,0,0
73,0,愛知県,19.048767780261052,141.29845975919986,15.295487556807435,46.37779563178838,5.802660234327139,0,75.38546422944736,8.599789374182075,0,1
54,0,愛知県,26.34643163552603,105.96094959787686,450.63980019965834,41.9129424860855,94.92519388873207,1,97.83061148033612,0.06092290092284085,1,0
53,1,千葉県,24.259808134629463,127.49407700458278,37.21317735419601,42.04875483674459,7.096144665673944,0,95.42437269437326,10.0,0,0
55,0,鹿児島県,24.070556568719304,127.88138856770935,56.492397899589356,41.43592697958972,25.649547750147242,0,114.10782344803738,10.0,0,0
46,1,愛知県,19.796325624321586,132.1384800046039,51.791482916906105,50.66576289067849,12.392046100852772,0,80.65632161501529,6.948167108325837,0,1
74,1,山形県,21.043164409036805,142.0653214259465,9.592966777710345,79.00557864941094,13.469064723640395,0,70.26265694771524,10.0,0,0
65,0,新潟県,23.44388826004562,149.0072577206375,131.92872309300697,46.028797922749845,13.44376353867146,1,87.19854928042878,10.0,0,0
71,0,愛知県,19.86580333304807,150.3591197389544,63.47704522703022,52.615516758569335,15.561090554091814,0,111.57003310938518,10.0,0,0
47,0,愛知県,24.868842649800143,116.5321319861927,86.90311493606444,41.44995327685167,11.220037476011244,0,84.72159561275721,6.391946193158927,0,1
51,0,兵庫県,27.75943580301243,121.37616975676211,226.09748131355232,41.535980045383,5.539543899075158,0,106.26241212622178,10.0,0,0
62,0,新潟県,29.234268643196184,149.41897752590558,144.69063067404275,41.62247595294948,9.676654244547283,0,115.66933867636247,10.0,0,0
73,1,愛知県,28.237579839445722,109.20067161088882,95.38842686293464,40.90160758594553,6.243971123367899,0,87.26270015095535,10.0,0,0
66,0,青森県,23.985687291931445,96.10231709949117,48.19524144272495,41.42467209595285,12.35043820473368,0,99.45507903920192,10.0,0,0
55,1,北海道,25.812108865783422,135.33664658710896,94.02609438978541,41.705512901437494,29.36960165202121,1,110.15491172152288,10.0,0,0
45,0,愛知県,23.631932629486105,115.1425815677214,75.60339174658903,51.90746724588932,54.87934066099378,0,118.69542992021249,10.0,0,0
66,1,愛媛県,27.567730207024876,149.32659438054498,80.06937835586285,55.221266953037556,29.389193353399754,0,119.11082322795887,9.227325849039346,1,0
67,1,山形県,19.596589747587768,130.3290180969756,270.61843342714695,47.75864055530181,12.079821861721305,1,101.1194376692516,1.8674605422404156,1,0
51,0,北海道,25.313485436424426,112.33808592364618,40.19616707673598,40.24371306039941,8.48513726996548,0,100.05156181183854,10.0,0,0
48,0,福岡県,21.04169251576608,114.41461950629908,29.171049307999525,40.940779809738686,12.51458653243028,0,89.61563255607953,10.0,0,0
46,1,静岡県,25.806142158535522,95.75245762343654,125.2600435704929,41.62064315705437,40.52782153755842,0,118.53343129120745,10.0,0,0
46,0,群馬県,32.41576387369994,113.68682778203184,71.42697274051544,52.360429297171336,56.4520530672356,0,117.34907898042776,10.0,0,0
69,1,福島県,21.772229761485608,129.6421188527376,75.77440708367249,41.70440227535222,22.827455520918228,1,117.48124605227173,6.940592078254862,0,1
66,1,滋賀県,19.68336194255598,79.68148904738314,102.27757879164027,41.935340751213374,1.350600005226176,0,54.856540952048576,10.0,0,0
63,0,埼玉県,23.441708930821445,146.55586963394322,162.68145470829114,48.123828842995344,11.775655036527402,1,99.65204001525298,0.2894440039429892,1,0
62,1,熊本県,28.745019014938233,155.56907939800055,86.47174649596738,55.90550885522732,43.72082085985499,0,106.64506610632334,5.9580356852701675,1,0
68,0,広島県,19.229292083629474,129.73197149595828,58.27337485625111,42.43692854355234,17.527959619937754,0,77.46717666799681,10.0,0,0
45,0,東京都,24.913956341966696,111.6186181378536,34.593878613683856,71.54859885196085,8.02358865146392,0,77.23334149237759,10.0,0,0
46,0,熊本県,22.33397802476628,120.08896461366027,30.281595928624686,32.933038166214885,12.112351713124546,0,114.13495343600627,10.0,0,0
64,0,神奈川県,25.16505920626101,115.29326150005126,67.72307425969495,57.31956254348458,14.1747230093034,0,92.25417130881013,10.0,0,0
61,1,愛知県,25.248362728860265,140.35012256563783,98.08477687363539,50.82924086712721,4.569365770830276,0,79.49661497919801,10.0,0,0
41,0,愛知県,24.787396088417214,117.1812265834957,43.05022179951026,55.943953187169114,21.68122397653056,0,106.59820301245003,9.475743050943864,0,1
51,1,愛知県,26.69626885141882,125.97181462816027,160.34234069294013,40.995604415944,8.862154942831603,1,87.77306034598995,10.0,0,0
53,1,東京都,20.421955899879112,129.75434051143515,28.106777255665165,40.355186420937386,3.0958017162025406,0,92.72986735909382,10.0,0,0
51,0,愛知県,28.784698765814564,130.34246772785625,432.7454188224317,40.59142922436219,22.276684193844368,0,79.48040865106609,10.0,0,0
74,0,滋賀県,18.12381230900709,121.22386708518253,58.259320068023115,54.33577111696462,68.36516461382024,0,101.30965931895567,6.166274523568347,0,1
54,0,福島県,24.64611708371484,132.62847862315513,67.8980620100262,54.74478498672535,14.897363248901144,0,123.35568788491538,10.0,0,0
70,0,神奈川県,26.211347721671203,95.76423488803536,79.81417774118535,41.28066924183247,25.300027398150487,0,98.03139527153158,10.0,0,0
73,1,愛知県,15.768334778372365,106.53910033069039,37.94061672863254,41.35904544325541,4.743692450946796,0,76.71664986539814,10.0,0,0
58,0,秋田県,23.97724897583296,108.84553033315484,133.25239678012863,41.196487789066126,6.197157211462381,0,75.13299242917678,10.0,0,0
51,0,愛知県,25.36410282158355,105.48775554158624,25.389286111568577,41.56234025729261,16.88532941429781,0,97.53629147837061,10.0,0,0
70,1,愛知県,20.11062224600797,141.13711442090434,101.32226202398584,41.92012581183771,12.359430531598514,0,104.64949458655084,10.0,0,0
56,0,愛知県,16.548065606940554,94.21185827714106,76.02406741727691,41.24048781476678,23.515685659221077,0,73.83651894817677,10.0,0,0
60,0,大阪府,23.876635693322616,173.03787984431318,83.3055409914892,62.63228993860518,23.077755938448885,0,123.93316116249005,7.6900736424484935,1,0
59,1,愛知県,19.741338145455085,139.0427770279697,90.06903128502383,56.5736358968315,9.346126838842997,1,82.04004761875458,10.0,0,0
48,0,愛知県,19.764327921406423,124.33284669359627,68.62462852053666,40.12345820780785,6.217594163099902,0,75.69062578552395,10.0,0,0
73,0,埼玉県,10.279444171840094,89.17423194324084,27.404368240052495,41.77499670668666,5.51724650918339,0,56.58550967994842,10.0,0,0
48,1,埼玉県,24.746759212598658,98.77423936457258,88.09507169000649,41.12403026144506,8.697227782903516,0,101.9960844234943,4.159713723204441,0,1
50,0,長崎県,25.935039697600846,122.13013494910699,251.49704414897568,41.12403858681322,19.66688816289749,0,71.85017567458968,10.0,0,0
52,0,愛知県,17.089776329610565,123.10409938148699,36.2388459695948,43.8156089284658,12.307141973013247,0,89.77032687920791,10.0,0,0
61,1,愛知県,27.078550517764537,105.53061739467338,147.58572762473617,42.16119739287961,18.82073587276375,0,90.65475759469199,10.0,0,0
59,0,福井県,22.65057950727254,127.61377683582705,117.34836932274062,41.17659146019729,18.90727023848141,0,95.29418317191876,10.0,0,0
66,1,大阪府,25.031552021993118,107.90481061628425,97.51036847189424,43.31187657517546,18.304461791351347,1,114.10730608287967,3.76759918751575,0,1
40,1,愛知県,23.29264343937925,113.16575812345549,21.902784954296905,40.599709567706434,7.726427903707598,0,67.03100614613491,10.0,0,0
52,0,島根県,20.231806791135014,148.92595930500696,38.26601650931758,46.9223151078942,5.835897703082246,0,114.80948221570239,10.0,0,0
49,1,福井県,20.34856356712215,119.82838102536887,46.414089106937254,41.29129946209648,7.386170917441523,0,88.82395814091251,6.819932072784303,0,1
72,0,静岡県,27.86906232984923,131.1360053143408,120.94387291034688,51.8392009355871,109.3641872211271,0,106.2540114218589,8.538946522512816,0,1
63,1,大阪府,27.47943001032105,134.04792496545815,69.88350875274575,57.16954467575372,24.53919591762654,0,91.1798542512684,10.0,0,0
55,0,東京都,18.32806316775369,127.60539581260234,21.495018341279717,42.67159228139495,1.1984257395912474,0,108.23306959731407,10.0,0,0
62,1,埼玉県,25.09053401683348,132.02175403459614,236.20609610371247,48.9688524948367,20.069805070574887,0,99.30697719919299,10.0,0,0
72,0,北海道,21.413995555849453,122.9485913753306,327.7307538384383,47.606359154843815,44.10817815389754,0,92.8265785388932,10.0,0,0
40,0,神奈川県,19.680089481742264,110.47639205681439,86.3570496985424,42.11365809277471,2.49491550738739,1,60.90104945686263,10.0,0,0
42,0,東京都,26.635851660463484,113.16398527736959,79.62116509078339,41.44402239994267,7.28793331313104,0,81.1969739356687,10.0,0,0
68,1,愛知県,29.447605410938074,170.82324413380488,112.82207557991242,51.34302924012821,18.58217851156851,0,95.51007922696736,10.0,0,0
74,0,埼玉県,20.704521405106213,140.20964336811875,51.01479154971165,50.87053323640588,18.999397264039757,0,87.67418030842708,10.0,0,0
71,1,大阪府,17.701482946545624,108.57637193561942,113.65043884712075,49.37665357013962,5.033325947747073,1,99.99136214896811,10.0,0,0
56,1,千葉県,19.711925619915153,105.8710683090413,58.266907671860764,77.97869517798759,7.005562907130379,0,104.5037066443123,10.0,0,0
54,1,茨城県,27.964249167347486,143.42907029921832,136.6073255097736,41.7260487594926,5.687130220633589,0,97.51586408759881,10.0,0,0
51,0,千葉県,17.215397814799505,89.6143424065973,95.38640396191153,53.47936734443659,8.838688403316336,0,116.61210887024274,10.0,0,0
56,1,東京都,26.793425860908616,116.74124685813997,90.19736992739583,51.736685151358884,62.2306033123664,0,81.68181158105784,10.0,0,0
72,0,千葉県,27.260784933680434,134.08316529549458,229.5587597571499,71.68959053673886,96.41487356571017,1,107.62266712178501,5.946579602278716,1,0
66,1,愛知県,23.35992076267963,125.55600478808203,113.38407495420728,57.666929917030075,27.60798906789494,0,116.89319147659813,6.468112772145026,1,0
52,0,愛知県,21.2881526190575,98.22387939712678,66.04267855150921,40.24302412333433,17.59158584453457,1,107.06604100460558,10.0,0,0
41,1,北海道,25.249097553991486,113.2466517305718,65.86073164549086,39.44171444277648,7.35540429775755,0,84.05388621685988,10.0,0,0
54,0,三重県,19.08024673578509,125.98713100027541,28.557243417957896,66.16698106062185,3.442866076670573,0,116.42793675920639,10.0,0,0
46,1,三重県,16.51539234725841,93.81638287195007,42.979326524143374,62.52709326923148,10.492691855263214,1,88.47488060934577,10.0,0,0
55,1,茨城県,24.905738623950878,145.51408054985316,91.45725809891348,54.57774428302961,74.45080482003841,0,91.1050118546764,6.290940989678793,0,1
60,0,山梨県,26.32729823808016,118.06623905440685,164.11691161532522,50.19954279360769,25.86971608288252,1,115.62014145978807,10.0,0,0
68,1,佐賀県,24.979235246405874,117.58248868626157,249.25922349856404,41.124044813610745,5.902909631211181,1,109.96624546278485,0.6155273196866792,1,0
46,0,富山県,26.17448256552092,156.050149879567,38.202579053483156,42.22496260614972,10.041977041363053,0,81.20873215676394,10.0,0,0
43,1,茨城県,20.566028429640802,115.55022147952008,153.87683564490627,41.03469514853159,3.5422798638171953,0,65.05369511139959,10.0,0,0
62,0,愛知県,27.785061680882766,131.275454051881,125.35327999770917,41.18298632267757,8.190602842100562,0,95.0340068741911,10.0,0,0
57,0,山口県,26.150574668114,118.82702733546262,142.04244618290727,60.28723596250099,14.846799647302484,0,106.68106684677221,4.8286911726822614,0,1
61,0,大阪府,17.6645113417234,127.80110798204745,57.09260870280167,65.41012682820131,9.585995266035429,0,102.77653253512673,10.0,0,0
65,0,愛知県,25.30757235147951,127.73176397301623,28.45725217863899,54.624518816420334,6.793398104708093,0,101.57182644422814,8.373034185610942,1,0
51,0,愛知県,21.21784410831179,121.38185709201875,81.64843969619712,44.66728444142936,12.116065028341966,0,86.77561018146571,10.0,0,0
53,0,愛知県,20.546306001058017,124.83920463772209,67.50175527027206,41.753488880146605,22.941276393173858,0,105.86232929652883,10.0,0,0
57,0,東京都,18.92231060989169,111.66858733563632,18.537532656028173,42.38535897610745,11.245704775061549,1,90.51879687336623,10.0,0,0
46,1,千葉県,28.769276707896392,125.24345275594808,310.5110207839408,54.99545973979402,31.06122649687309,0,102.25195504726634,10.0,0,0
64,1,大阪府,32.99941619320801,170.74335565550055,190.8877167207305,64.98225676784467,53.10321667222927,1,113.97182888122786,1.2626830992517335,1,0
50,0,愛知県,23.271778817939783,126.36812359857498,77.73986350691406,42.22208754037455,4.1594853599714945,0,91.92165216079033,10.0,0,0
54,1,愛知県,26.185605495380756,126.86258476203768,122.6433284248505,41.59381869176331,70.35016636857738,0,117.58873419664361,10.0,0,0
59,1,熊本県,23.604482962995167,143.38303135273017,79.20530444092641,68.74870690245818,15.994384005428481,0,101.40867509995594,10.0,0,0
53,1,愛知県,24.58965874559211,138.46385766761333,69.04222909354849,60.697108854950685,15.461136718898736,1,112.19252402275185,10.0,0,0
48,0,山口県,26.519301384735652,103.26193814280369,121.83268242552263,40.940246818534135,4.107904934245947,1,88.47877242313004,10.0,0,0
70,1,愛知県,21.717087294293062,128.81022650631618,80.21106699267227,49.37952418894301,9.121459131547054,0,113.6294444683266,10.0,0,0
63,1,埼玉県,19.291539295977785,118.65170188105886,65.99778545362534,42.04851858066219,5.286692263527763,1,74.02535500414285,10.0,0,0
65,0,愛知県,24.955099925657418,154.45961229644175,43.004665311938986,49.71629445106779,10.61662744790345,0,99.35610211145534,10.0,0,0
51,1,大阪府,21.267971338935155,112.74450248820105,18.285024546766035,62.02018577493674,2.331389365570961,0,114.63125363012345,10.0,0,0
56,0,鹿児島県,25.805208846324074,115.99289069017084,27.238220918248725,41.173518282028574,2.40497169538588,0,83.66066136024638,10.0,0,0
47,0,北海道,16.937824849894078,126.8581867776245,55.23622986893136,56.26160839911028,21.190057789882736,0,114.91543576790774,10.0,0,0
48,0,愛知県,24.95501067391171,108.64501547372379,158.18188058547702,41.64328917399113,9.965975942285306,0,101.12574162013978,10.0,0,0
69,1,新潟県,20.84506414716388,130.0696026310672,79.98092001973176,41.84922141770513,11.773905292549141,0,96.3644576864045,10.0,0,0
67,1,山梨県,23.280391468645195,128.83145651232172,29.455592259336495,41.03600257710699,6.697536159075565,0,75.91012333158953,10.0,0,0
67,0,東京都,29.15342804328659,142.2474252419129,182.44698454288445,41.36154133783994,85.43077323984397,0,95.34842978191267,10.0,0,0
54,0,神奈川県,20.89728391853308,119.75531521830185,56.49016309175306,56.60542946942426,11.710069150364047,0,85.81023768711731,10.0,0,0
49,1,神奈川県,26.32053260518292,120.51725953689615,114.00935569861771,41.076039142701845,39.944791333435674,0,85.14562166182165,10.0,0,0
47,1,愛知県,24.693358877674005,126.51724213849761,115.10179491013638,41.47681434000778,15.96051920178851,0,93.20331995882609,4.819214463530229,1,0
66,1,長野県,22.52756493345531,129.7324713535817,36.235462250246194,44.00122190639964,64.70631837866456,0,80.72033715879557,10.0,0,0
48,0,愛知県,27.043149071365498,107.72979637150135,100.44650335164191,41.98378219849406,13.44373579379624,1,77.96023646906512,10.0,0,0
50,1,愛知県,29.74364831712818,145.04269877743528,407.95731656442706,41.17739888108751,76.30404713223507,0,84.73616658251379,10.0,0,0
47,1,東京都,20.931765307097866,143.42914257168954,44.08179769034842,60.46780542492589,7.634194787858283,0,75.32486953419276,10.0,0,0
66,1,愛知県,23.116904127477927,130.76544564578919,178.38779496622206,54.299386771813694,14.736930218323213,1,121.31146790204357,10.0,0,0
73,0,東京都,21.394408128100157,130.63573216652694,62.73122586337021,59.79304522414686,14.012157156056162,0,115.59053838377476,4.255310738425918,0,1
47,1,愛知県,23.7756214473954,134.83441961270984,53.97335880229332,61.125459020931636,21.874298496020785,0,89.77634749871022,10.0,0,0
51,0,愛知県,28.66036584455441,121.07557869149412,53.38538957071547,41.57623893683384,8.19203185503555,1,82.04654548111986,10.0,0,0
64,0,岩手県,26.81799856820786,117.2010441995299,108.20031160969329,52.74521374511463,112.3267186425198,0,92.71654933209769,2.099708478346198,0,1
70,0,福岡県,17.085925103225925,101.71480564031683,44.35569115741317,45.83292415887463,42.0809731981808,1,112.44290360676618,6.780219163890715,0,1
41,1,愛知県,24.835105302767534,109.9440471547655,76.51194115296103,51.603273473626146,5.586779759605235,0,88.76333097888809,10.0,0,0
62,1,北海道,27.09948850885588,143.5112449468178,117.60179324609093,57.75183201812444,34.906677230244846,0,81.1363270758405,10.0,0,0
54,0,新潟県,29.978045747423668,134.76935593608448,92.55822911100591,41.1890127027835,22.337645065635236,1,120.27238972979485,10.0,0,0
50,1,埼玉県,16.733936999513148,124.00932441298231,44.22478685089589,41.08839526230092,6.188830382337858,1,79.48550686600113,10.0,0,0
48,0,愛知県,19.229492105933808,105.80306344975482,76.44051541143807,41.108038242627885,6.850993550604434,0,83.4387204401371,10.0,0,0
50,1,愛知県,21.09107239583814,121.36287632893563,58.69845404129964,41.350907015970634,19.024928110112956,0,76.36221472455668,10.0,0,0
42,1,大阪府,21.960518712980317,116.002798807562,47.94178871456511,65.64909654980875,16.995152427313723,1,70.79095681432986,1.3735209712587821,0,1
43,0,愛知県,25.107932268679363,126.50079696118846,40.425807879387925,42.106148765385576,21.36156221233621,0,75.6362055497292,10.0,0,0
47,1,愛知県,26.148286170664615,125.61146197883205,79.61790879620457,41.29245453864269,8.447220466097658,0,82.206169816223,10.0,0,0
64,1,愛知県,28.364539947136883,140.43819814055317,169.84095288772403,41.58585853237669,10.13896591037873,0,90.9682269166487,0.155157937007926,1,0
63,0,愛媛県,14.967619668244067,125.89046857382264,63.53502233331293,59.95075647991538,14.641396339266414,0,66.7668027831195,3.380619267879664,0,1
53,1,千葉県,18.41882365368178,137.43799512110317,33.80137771586488,41.36979611000804,2.331403364372714,0,98.91648189622336,10.0,0,0
46,0,熊本県,28.36408493765303,105.14352984166791,315.9173281611579,41.59157593621162,40.01152148703052,0,97.20288154062159,10.0,0,0
71,1,神奈川県,23.398377520195616,141.0032594081485,137.1084415491337,42.12208674021563,10.106845197675135,0,96.16103486438261,10.0,0,0
61,1,愛知県,27.391229254397427,116.73032543112016,251.57199285392485,40.63410964846897,13.501867199208702,0,113.17491811256018,10.0,0,0
73,1,大分県,26.133446740436188,154.29603905122934,103.37136244243248,41.420538838935855,19.102616553824586,0,91.64979832567704,5.852985110425298,1,0
53,1,愛知県,15.804142760142337,109.82634090805779,112.2370939433761,40.490957263351355,3.0013348154298303,1,117.69159181922171,10.0,0,0
45,1,岐阜県,26.471112407866368,120.70136229365856,73.79137096156835,45.806479806630946,21.165700053158808,0,69.11082054965348,10.0,0,0
62,1,長野県,20.70017495948249,110.91551339246112,165.31717008266995,41.93899157701372,10.20453075078453,0,70.98095443335676,10.0,0,0
55,1,愛知県,22.334123487447023,106.56927852107535,84.83864218626286,41.85329153695069,7.854905070243006,0,92.25478098485831,2.5100770914892645,1,0
66,1,東京都,18.676878506592356,132.39366700554044,24.715909419880006,52.61430127398221,7.004189416856352,0,103.78820982256337,10.0,0,0
59,1,愛知県,20.766654587937673,120.7354144924537,156.44995473362044,51.527154907766445,24.48868057906756,0,101.0478332043717,7.179594733258243,1,0
57,0,兵庫県,26.261715762053445,130.80084310625506,69.71974809418153,49.52991007916238,38.30092803009026,0,80.35732339240188,10.0,0,0
72,1,愛知県,20.034488630532053,126.648112889972,124.8927647328346,41.89607605522619,20.01444356775088,1,78.51186359180495,4.209883322057019,1,0
60,0,愛知県,23.99353284268313,92.8775322607227,55.922576519953495,40.9752987741368,9.055764666036008,0,107.8054706449768,10.0,0,0
47,0,滋賀県,22.59067891439074,115.68648730724904,153.94711415438243,42.403217329804306,10.947725950852707,0,85.9926891988019,9.894383627062748,0,1
64,1,愛知県,23.173179987756793,140.18662821805216,132.84752784030445,62.03595406155778,8.025445953241146,0,119.10190371379458,6.375511679731184,0,1
61,1,福島県,22.25499203044523,138.13339792071577,48.84053605030864,66.93577946804767,8.235983844700492,1,100.65061810853453,7.489739446205607,0,1
53,1,岩手県,26.82052831585424,119.91685109627896,169.92306698017663,41.72055912011067,76.06712408113818,0,103.68924181952171,10.0,0,0
59,0,兵庫県,24.02275308629476,128.94027137493018,30.257846950880367,41.298513662346075,21.765955300204034,1,101.57691433866543,2.7409520786590202,1,0
48,0,栃木県,18.889749797770545,116.0173629597345,23.6365322611192,42.51107210351849,7.374299560811418,1,80.75253517576324,10.0,0,0
63,1,埼玉県,27.73525705343456,114.9993385399707,433.9076627506736,64.9667883907814,107.66310460573793,0,122.33151555287017,10.0,0,0
57,0,北海道,20.058521864544865,89.15004360798787,54.37845660610242,46.55766062416586,16.2387342540894,0,67.64973366679325,10.0,0,0
52,0,愛媛県,17.69114827700247,99.14782582635097,57.09095891733758,44.348349007750485,2.9055367592437857,0,57.124469399913544,10.0,0,0
61,0,愛知県,29.075428068667726,140.36918967297714,99.40397578921021,65.5758044380319,52.10914569356098,0,78.37842655841746,7.963684504346402,0,1
48,0,三重県,17.44979329684449,105.45053350672801,92.87723652580752,56.234371439626614,6.2734168802321495,0,83.53602478662707,10.0,0,0
56,1,北海道,12.711822647172164,115.74529261344782,48.20131314918369,52.11504185574544,7.166562295991074,0,63.86008283367957,10.0,0,0
53,1,愛知県,19.702744482011163,101.86606169203522,85.81161476693893,63.46768936016959,20.213733158394625,0,65.07941804123277,10.0,0,0
46,1,東京都,20.943875182396134,123.3066808054438,47.69745607386488,57.87056581746027,15.526891209552312,1,81.42678327859532,10.0,0,0
71,0,奈良県,21.533340990708062,124.78590256297484,94.91736617885908,41.01177640206386,38.66618938024712,0,96.20686267273314,0.3141008137602092,1,0
50,0,愛知県,16.95099402410161,94.52141874133936,32.25162840427893,41.1825116386359,3.2995695684818886,0,57.571921135813895,10.0,0,0
60,0,愛知県,17.19564124558825,130.08062192943615,18.09908219016904,41.83918805545851,44.103211761885895,0,101.12600878831938,9.561325941700813,1,0
41,0,愛知県,17.171884243394846,103.26873230187226,52.7183979947248,69.76654627118317,3.120019166742607,0,71.69427285382524,10.0,0,0
56,0,沖縄県,19.584421702757087,120.5200652945149,200.75361732265958,41.34122224687204,33.57019843652547,1,113.84631899388746,10.0,0,0
44,1,京都府,15.915717017748547,112.46246464881563,52.196051257224724,57.65388327339225,8.784006815804174,1,66.79064868910385,10.0,0,0
44,0,愛知県,21.244370219003265,117.6898891809884,72.9008497827757,41.33711245673029,5.42121529986866,1,62.46816544655626,10.0,0,0
50,1,新潟県,29.015912582847537,164.40976314423537,112.45417156825037,41.124024847833304,27.57892859636616,0,102.9173832617163,10.0,0,0
72,0,愛知県,25.8082406648572,156.47926852258723,294.6766364326106,41.42079683517176,80.1201890759298,1,79.48972842224873,10.0,0,0
52,1,愛知県,24.465580779569176,108.59107566950982,198.12554473653046,44.50705616185747,20.28812316870666,1,116.33256143408234,10.0,0,0
53,1,秋田県,25.111938310520777,114.11948570464273,90.0475861973507,59.80499565824672,13.961015502811525,1,98.68182847340299,10.0,0,0
62,0,新潟県,22.405195268954344,109.05763716734292,433.2381659786932,41.10009319220047,37.576161432503916,1,121.9117997912885,10.0,0,0
54,1,愛知県,21.43327131680585,97.79159543114896,79.20100152083586,41.28028021592353,9.05628905625665,1,88.90972364078247,8.218818970511094,0,1
61,0,愛知県,25.97647782722982,142.277228375852,200.2495948680592,48.78549747271252,66.67757299446413,0,109.62765482075666,10.0,0,0
52,0,愛知県,23.260918173408054,104.32180594912876,154.32804809324205,54.30074496855625,14.238141909143865,1,118.21196359847598,10.0,0,0
67,0,茨城県,22.81306597367725,109.97112200825707,70.69157138587363,40.167966997859594,15.238336216066871,0,101.39210995907166,10.0,0,0
58,1,栃木県,18.28853653390537,121.07612329835275,19.50065610644382,58.91095929890638,3.854347864784579,0,80.76009277588832,3.926740143989955,0,1
64,1,愛知県,16.504843590416673,150.98518222358206,40.258624699807335,55.468499418824514,8.763899938063181,0,86.80234173391337,10.0,0,0
67,1,富山県,24.83379230135901,123.06994233849905,83.6771554054518,41.396963780429566,22.00629279857223,0,101.61964204447793,1.8655928779600184,1,0
53,0,愛知県,24.971909265713954,160.5944410245123,225.70496761190427,56.76700063542967,12.891270950461493,0,93.33824294250796,6.819155836902751,0,1
65,0,愛知県,31.620312543918363,119.38040645730098,78.40742853228595,53.83149301154125,32.20867299536027,1,113.2939695958273,10.0,0,0
71,0,神奈川県,23.980513137917818,96.20500904032453,49.62161375145513,41.21423691484627,6.50746127727918,0,113.63667894746007,10.0,0,0
59,1,熊本県,26.148173417270876,140.40501497942867,75.61103971519735,43.55128606465375,9.574050540258556,0,93.59944221058689,10.0,0,0
46,1,広島県,19.376420401302273,73.73554311533753,33.57926993740506,41.27959047253574,8.474828473719702,1,60.79748117730383,10.0,0,0
68,1,愛知県,26.03672168625542,116.26589020552237,44.08596905902142,42.18909526205727,35.823248801001554,0,79.29378865223086,7.663783760466242,1,0
50,0,愛知県,24.026899961500657,133.66787278060454,65.73481245106132,44.61931133702615,3.8377154285805233,0,86.68365171265418,10.0,0,0
63,0,愛知県,22.79682205274145,138.58419228854112,76.48897313796569,41.14078139513692,7.278055707650445,0,91.1052704069763,10.0,0,0
63,1,東京都,28.519392767382925,128.8769967050939,249.26557879880548,41.337714661592706,24.4882825193501,0,102.16673342171241,10.0,0,0
67,1,神奈川県,24.579568774747813,132.28056444673888,124.59048614006898,40.93686880450848,10.435349248699819,1,66.85813820001637,10.0,0,0
45,1,埼玉県,16.42543155308327,80.19459129157451,46.572126904323596,41.2440387516865,4.453571165423706,0,96.60165172464764,10.0,0,0
72,1,愛知県,21.151641525446266,113.16278420639983,122.34005956519141,54.6830756393528,19.798913936165672,0,95.65362419634793,5.286120496104482,1,0
56,0,愛知県,22.689359222028536,118.82824003615406,63.533070882541224,61.57642696725549,20.66952538124261,0,106.67903181966682,10.0,0,0
57,1,愛知県,24.238612090401965,107.41117525225334,57.314453890708,41.70521591610252,21.39756626269924,0,88.4031644756297,10.0,0,0
52,0,北海道,24.81611192910242,140.76394417236824,135.24665948537458,60.3832379462859,54.81031628108811,0,88.08203923232868,10.0,0,0
56,1,鹿児島県,26.358644789624638,114.09150623543623,20.87225092370119,36.03158143752965,3.8434986780945923,0,80.81599848605909,10.0,0,0
40,1,愛知県,19.496248296433038,106.79943237283678,20.421925014873274,41.39306997992245,20.33152054551938,0,86.55212691506016,10.0,0,0
51,1,熊本県,18.342245584835755,132.7541176788853,79.9890211999229,44.62268299912365,4.3931121872150145,0,101.13804151619388,5.445762846929565,0,1
46,0,東京都,25.75681086370789,107.93655782275567,80.62347072931692,44.07547703225634,4.2521400339907425,0,66.79816937026818,10.0,0,0
53,0,北海道,23.874243761855706,101.8281821154159,75.53583937891955,40.754452592864695,2.333083778815682,0,91.12213811873518,2.05014704182182,0,1
52,0,奈良県,22.350990124790215,118.37861054141824,33.40136099584625,58.764810190935414,9.085378803996404,1,69.24709176366436,10.0,0,0
50,0,愛知県,28.405193780745684,106.40633851556507,44.28267035621674,42.03931211124278,25.088723803702013,1,94.14665648320384,10.0,0,0
74,1,沖縄県,20.703837061987002,136.11119222087513,30.835174737048465,42.37611430958447,1.574336708323793,0,101.11952974093417,10.0,0,0
45,1,愛知県,15.028966951369037,124.71236134927736,16.067939832181946,41.85939601741792,1.180692595602089,0,79.0362732672285,10.0,0,0
50,1,三重県,28.786577643778845,96.60252454199171,64.7224443775337,41.1260948164419,3.515389831786441,0,78.60630579477164,10.0,0,0
59,0,愛媛県,27.709338327838044,127.08221878210023,97.01654066968345,46.591975294836494,31.568241930364046,0,81.2328092299007,10.0,0,0
59,0,神奈川県,22.069298225055814,146.96730261436403,84.90128173373478,49.1920422398488,10.012831342306276,0,105.08753180539316,10.0,0,0
43,1,愛知県,28.060896789981733,132.95580956624187,174.99486814671567,41.337801328613594,13.315871316942811,1,89.76801437903616,10.0,0,0
41,1,福島県,30.178270721372712,142.06020063082377,52.79978717123839,46.92359802517874,15.983730826410833,0,81.37555227976236,0.1358620940148804,1,0
51,1,愛知県,27.32543770648135,110.40494110662829,23.0003315542122,41.34974885396702,9.693856343727823,0,72.4966971546897,10.0,0,0
45,0,千葉県,26.58354853723283,125.73680341060714,44.097701322478265,41.360459788798124,10.5817920476413,0,76.35456112596529,10.0,0,0
61,1,広島県,25.80724817672467,132.92653691459677,32.09704045205701,40.93666698397964,1.1971286827871628,0,85.77886676188407,10.0,0,0
68,0,佐賀県,24.18539850964953,158.69696494677322,42.19052883008858,42.28467269467998,1.2922921011466832,0,64.09997252488483,10.0,0,0
46,0,秋田県,24.236526101809204,129.39465317219617,79.22365267691978,41.84232710790976,3.1645664393027557,1,88.86270620131378,10.0,0,0
51,1,兵庫県,25.049834479508778,141.19828279355076,106.57950249864932,41.71557114519752,20.163366274126123,0,101.68055434224821,5.592232728642478,1,0
61,1,愛知県,23.9595131030778,125.80991964891197,160.2037803230011,54.73539811129987,8.626850447567216,0,111.58571295378245,10.0,0,0
43,0,愛知県,27.83696745281268,143.03063436380168,310.66018672305944,53.147956582604415,27.089183822299034,0,86.37705817866043,10.0,0,0
54,1,愛知県,24.579067067695803,125.22663431144791,71.68533158451969,41.30982322296817,15.359226745832057,0,90.73203245967963,10.0,0,0
47,0,愛知県,23.30188916464335,147.0271103218273,99.98635508820668,56.991267095590715,12.41190731133581,0,91.97791930963993,10.0,0,0
59,0,熊本県,28.84651006543842,155.66715394273558,81.93876397570361,41.10461352329108,26.371796198390737,0,110.44529969242397,2.7486458691731346,1,0
47,0,秋田県,24.0639162457582,75.13700884171737,62.68690623760081,52.53437374809529,8.745938026031828,0,99.45528776357455,10.0,0,0
54,0,熊本県,20.856830303287623,128.83966461947537,84.55474230443207,41.732984029068554,3.6225895192667505,0,85.50362346165008,10.0,0,0
69,0,愛知県,24.148338864429157,128.8687915549533,83.66393880264198,57.78060141198359,7.136114757261954,0,109.99437265025186,4.852760185804919,0,1
64,0,大阪府,20.802110843459555,117.9719230469675,42.42807057162704,41.97683935338836,8.416367795132988,1,78.35314321864851,10.0,0,0
65,0,奈良県,20.64549772614566,119.66708438801163,31.79562547781127,41.67191175308648,6.623062342241566,0,80.24949650553731,5.475653942441107,1,0
47,1,愛知県,26.842761832924314,120.1078512530254,41.895639510944676,41.41193126191281,7.99302463403806,1,94.80684412120864,10.0,0,0
70,1,千葉県,23.832007148038183,139.81131983085947,79.20683850913123,41.14041253597727,14.790576386628022,0,112.29273159254029,4.2270784765541976,0,1
62,0,東京都,19.937734785466183,105.8358230899904,105.8637911719847,50.68696280627459,13.535071018921252,1,83.74850515731559,10.0,0,0
67,1,大阪府,25.354569233205513,123.72741935875803,114.12002025816805,51.77581922987612,52.38271371187251,0,115.22165998715022,10.0,0,0
54,0,沖縄県,19.788044648173486,113.0411066973011,90.14171686491089,52.18019731003916,7.8133029237668525,0,81.76000303019472,10.0,0,0
47,1,東京都,27.116051987515974,138.44597201901306,114.86070642079213,36.759822976622075,17.607246293410714,1,83.81464507920906,10.0,0,0
48,1,愛知県,29.216921712492255,143.37631967000817,187.42620790899582,46.29447766892276,49.0375526281394,1,80.28745142082413,10.0,0,0
66,0,神奈川県,22.4732256891711,139.33143302747177,225.30580960109222,53.84322262892652,78.97065088656998,0,78.75775295041441,10.0,0,0
73,1,長野県,23.40398441971294,125.9762475594718,132.55974831973438,41.82538915632807,6.508853707687238,0,84.29678329501223,10.0,0,0
54,1,鹿児島県,26.694534406817446,111.6185211720692,240.66061700827063,42.53929973536079,10.493758347878556,0,101.3835113669114,10.0,0,0
55,0,栃木県,21.595273577592163,129.97401133735963,53.88586395416209,41.917777370634134,18.49136951987835,0,96.46157832528142,10.0,0,0
63,1,愛知県,27.72825507137636,136.76140274037388,163.84125183492958,42.07657646786775,110.54919803499068,0,115.94224450405659,10.0,0,0
51,0,岩手県,24.693547624958313,120.1236573918852,159.33627398262584,54.58382663949729,16.09365519537306,0,85.20133994880763,10.0,0,0
47,0,愛知県,25.18924299572753,124.86407370569303,101.07840905536355,64.60272858311424,21.50751330791345,0,113.31123844547969,10.0,0,0
55,0,愛知県,19.351347394956406,126.29859433634584,55.27777807264227,40.63516368901732,1.1965705685526833,1,90.84306260558104,1.7296136605364116,0,1
55,1,山口県,23.959040349535936,102.8777661119201,47.71750152023973,41.414228464929295,2.331382621333439,0,102.45191504911088,10.0,0,0
70,1,大阪府,22.6812917505443,126.92881074642995,127.76006511842888,50.6649025541832,7.386952419054252,0,99.86473126615506,10.0,0,0
41,0,愛知県,15.768320837009433,67.49741938471318,21.89426956883243,41.67183401319862,5.524436019277625,0,75.22694098621015,10.0,0,0
51,0,愛知県,15.994191818177754,117.20755570113776,56.022057751854874,41.97656137073379,5.943964358447281,0,67.83016455413126,10.0,0,0
52,0,愛知県,20.480610426033778,112.91411100888476,49.389936726605036,42.37358284583076,23.582345978063966,0,96.28065893235717,10.0,0,0
70,0,長崎県,28.621450587505347,142.50836744335157,161.17063861298948,41.36205847640255,15.630976092488376,0,77.04696993473374,10.0,0,0
61,0,福岡県,20.401977496948696,122.52146628413378,73.04815414903202,36.09926189397567,10.877327224574373,0,72.42015198676357,10.0,0,0
46,1,愛知県,27.679171030769734,114.93763481260785,36.86631908483907,41.28532697757513,28.486082539112658,0,115.49962964631908,10.0,0,0
57,1,大阪府,21.82503986636077,150.85564612698943,32.41203525474074,45.19129755905838,1.9448707393252294,0,88.5155009661189,10.0,0,0
40,0,群馬県,24.246645745191522,112.68660292151513,83.59022153847019,42.38288598134039,31.508973332476316,0,81.32021403909177,10.0,0,0
42,0,鳥取県,17.258177650747307,85.0483275778318,42.02914439009241,55.519259182420576,5.423046491499356,0,82.41332784855742,10.0,0,0
41,1,広島県,24.073404737622266,135.22396167315532,115.17558486744238,40.94070334062766,7.839833031553688,1,94.91230297719476,10.0,0,0
48,0,山形県,17.36138912851759,127.77131496792516,155.9968744148951,41.35594635063102,17.433931952680464,0,72.37303942404267,5.687486960162651,1,0
66,1,愛知県,23.99741395027376,87.6522574654194,28.13601924917825,50.024479924412695,1.966841964934827,1,58.707932539861375,3.907711808614156,0,1
40,1,東京都,26.27411040433365,101.47036267437721,142.05731164382115,42.78270575633902,54.74516608512599,0,63.84542960360668,10.0,0,0
74,1,新潟県,21.715623633533358,131.0889896104356,110.47445829542511,41.67192527171176,37.82991222331901,0,84.8473314789748,2.1116621225247565,0,1
59,1,神奈川県,18.071058725715336,126.50470238212648,61.83527426895643,42.318241583960244,3.16434083910374,0,102.2104579048383,10.0,0,0
73,0,愛知県,23.943208535599254,110.47378754712693,154.16448224691925,41.113337780908616,38.86949051747707,0,103.61648299550606,1.0782723438945552,0,1
41,1,東京都,21.14863734807111,90.80386374838353,112.61971904718878,41.01658374610177,5.536951795597724,1,84.67660622409316,10.0,0,0
74,0,愛知県,13.580466783662125,118.57497854013167,26.870152148180626,63.33669768165744,8.042741403660505,0,107.65582054218892,5.630929203062406,0,1
45,0,岩手県,27.863363099533448,85.27333367953935,147.87813751043683,51.89430579565136,8.214719116885153,0,78.64031480416426,10.0,0,0
42,1,香川県,22.47987516579764,118.35007602275704,131.8435950234899,41.85705105354015,16.64727308181618,0,83.4797449752366,10.0,0,0
64,1,愛知県,27.460155089503782,143.01410028066945,65.9792280445091,49.405794650498564,22.253858192742264,0,90.77651150601886,10.0,0,0
45,1,千葉県,23.975718252838103,133.9944178959432,96.76581272363092,44.707235723460265,24.495651731809716,0,78.65145918876244,10.0,0,0
63,1,山形県,23.554800392763347,106.40234340292037,97.47018934672319,56.24843488518403,28.748915375210608,0,111.17404733824586,10.0,0,0
67,1,愛知県,24.247418901072603,138.63057045235317,40.93037000914007,55.590910372180076,12.913677962925004,0,101.04629305473986,10.0,0,0
74,0,青森県,19.324835075053926,95.5681486892299,50.46936660304046,51.20397586774224,5.885968939787929,0,91.85814536519332,10.0,0,0
41,1,富山県,23.1485263069499,105.90655612289783,112.22617361864408,42.43681136820622,9.993679947262093,1,93.19168977389204,10.0,0,0
47,1,熊本県,24.94661305738001,123.02553176154483,80.21458734725438,33.91870860862257,7.818437533750817,1,83.50709149353986,10.0,0,0
57,1,北海道,25.249255891377103,140.78066496750515,122.92778769571109,54.89295144789269,10.490622351779537,0,83.01004543389506,10.0,0,0
57,1,福岡県,27.8139988472947,119.10911343402033,86.5225122982603,52.61508101879715,27.596620447614235,0,91.8612677773888,10.0,0,0
52,0,愛知県,20.355763286633035,107.79805701303468,134.7648928385064,54.6835756578023,15.969509980764174,1,120.75087287771758,5.07534154095591,1,0
42,1,愛媛県,26.15511420289057,93.65416488318954,51.873551123320595,54.03495734447447,17.474167781728998,0,70.49254217977929,10.0,0,0
61,0,愛知県,22.488272587740504,87.53436913524949,52.806390813712504,61.68201248042601,7.671454160700699,0,84.84591090676922,10.0,0,0
42,1,長野県,27.333682166538594,154.49373201074866,75.52347271366622,39.96370119860641,5.684338267200044,0,87.22506568689505,1.4564803378707323,1,0
50,0,愛知県,19.67799104692046,110.10457882574283,25.107393889677073,42.23681223980488,21.379083831964852,0,96.43387112643164,10.0,0,0
58,0,愛知県,23.994960736866226,137.44838755696793,217.76540879773697,71.53102997584391,57.17782680787055,0,99.79291750102486,10.0,0,0
66,0,東京都,22.530662753820202,157.64261272249917,201.8602589843273,48.11038622578119,2.6749431175031413,1,101.13505653540275,5.474764641029181,1,0
71,0,愛知県,20.15457200303274,128.78217625132163,153.76737269847897,42.56091700209705,23.019265722584766,0,103.0931790398247,10.0,0,0
62,0,静岡県,26.354206694391333,132.2560703916517,169.43908129752867,33.91558024011622,11.867814540769983,0,116.33912544413121,4.386504384235342,1,0
65,0,埼玉県,27.836871826246565,158.21634594772976,139.86518940797944,40.80054760317312,11.134348347702282,1,92.41875641260266,10.0,0,0
49,1,愛知県,20.195562573315986,118.67478206146188,41.79403198992446,39.99281637483236,1.4568360948853454,0,62.818830363831744,10.0,0,0
47,0,埼玉県,27.678973222866933,109.31737477869414,110.47193489194395,44.5761587095813,110.6935140443797,0,80.21478222783546,10.0,0,0
42,1,神奈川県,24.304687783263123,96.23699649306934,53.31231519537154,22.68643517457089,15.683142849738642,0,87.61508772820845,10.0,0,0
56,1,兵庫県,24.415754436658798,85.56677716997373,68.47941913052271,52.32662355196421,24.90431368870436,0,72.3779505121187,10.0,0,0
73,0,愛知県,16.12411429570174,116.96856138147574,54.38119665813491,53.53411868262174,14.153403786595982,0,114.49632481377111,9.589431973724237,0,1
44,1,東京都,24.179439634912388,132.16475835160253,160.37550447158836,41.49133670899488,17.596444441426534,1,78.3639390236943,10.0,0,0
55,0,愛知県,22.393437345465326,125.85625806276457,70.60312661835283,73.20531948994642,23.09527858419003,0,76.56451718678487,10.0,0,0
53,1,兵庫県,21.03008981951483,131.08174906002597,80.02041008979577,40.82624391873025,5.1157185516665855,0,76.04608803279116,10.0,0,0
63,1,神奈川県,28.17315165923392,134.2741898665046,120.30111819553471,45.73667915930158,54.18008382689801,0,100.86705859248075,10.0,0,0
73,0,大阪府,18.95332797349628,133.56193859754651,258.5567668080857,40.441893741007,14.264832452954513,0,83.135857568539,6.538197461414138,0,1
47,1,東京都,19.366392533817972,111.66615084920541,92.16991034453406,42.56809301292157,27.131084910615726,0,102.96224554387558,10.0,0,0
49,0,大阪府,17.336321993013016,106.54091437170608,44.393106210838866,40.98091554000215,12.21534788825186,0,95.95003186085304,10.0,0,0
65,0,東京都,13.501760369577287,91.96523871565375,47.698214254047194,74.24505621034827,1.3157144687505196,0,107.48268631567197,10.0,0,0
49,0,神奈川県,30.036046719729327,169.78651569877533,155.92272490605004,49.413601656230895,97.07987109686499,0,113.97664969270808,1.0613182364535496,1,0
65,0,茨城県,14.603369469181336,116.02181483064595,31.56231024919891,41.21236996814541,8.11997567920778,0,86.15799328108069,10.0,0,0
59,0,北海道,24.036453029705292,160.17941602630276,190.9755203761191,41.9323386959617,8.637273919759835,1,119.5275442764736,10.0,0,0
51,0,兵庫県,25.49865174187465,133.98440830664467,69.59041792346203,42.41033847832838,27.308511221560234,0,96.45546250323511,10.0,0,0
45,1,福岡県,23.625607241223086,100.77750058547693,53.24387637411531,54.922203483579175,9.68893911077776,0,103.21448421776249,10.0,0,0
62,0,千葉県,27.112640432343593,153.19870117105418,432.90946346549117,65.62323670458153,39.97145962866729,0,95.73550847396942,0.874042178137665,0,1
71,1,宮城県,24.460575503093956,117.96754149766565,244.70220936999175,42.76206000056149,16.82276967093743,0,75.26526942322496,10.0,0,0
53,1,東京都,23.892748672106922,113.77143588627375,110.34506137449948,46.61861275051288,5.469537487089533,0,77.57088686197588,10.0,0,0
74,1,愛知県,25.228324211182773,148.92883060846543,37.63666236943058,42.61878587546001,15.248190128332272,0,90.27348127751155,3.1397723660640104,1,0
50,0,福岡県,17.696808575670754,103.76373849604308,169.76542197671705,41.26481195181991,3.122545722970684,1,88.18528125463295,8.5345217292153,0,1
63,0,神奈川県,22.334621525287027,108.4606012847714,66.02854224047127,41.03501749309952,30.97006376464218,0,74.03440025012104,10.0,0,0
46,1,埼玉県,22.13123657801102,112.69000520594926,19.272721597743196,50.9037630962472,24.24411432259189,1,63.853485321658326,10.0,0,0
66,1,愛知県,19.997152588239793,122.4473209711313,67.4856633204667,50.66497238558975,5.98285880752219,0,101.04372220206342,10.0,0,0
61,0,富山県,30.42725768594567,156.04991164473986,200.24294174877025,41.12403040397552,76.05758389892893,0,93.49341884940738,10.0,0,0
63,1,群馬県,26.440239908520777,162.42477424025554,172.52043347120915,54.442138403010674,56.38539118153238,0,92.24358686947457,8.484468661111718,0,1
48,1,愛知県,10.166390650794192,110.12079991157543,12.27699619959215,52.28362632800584,0.6892659826921377,0,82.82853463986152,10.0,0,0
59,1,東京都,28.784972157857936,103.66373736299109,142.08796411459323,41.45974651046409,9.808679454191303,0,98.64941882357557,10.0,0,0
51,1,愛知県,23.25412055698536,125.72053101122593,18.864409399527,53.47302177869297,0.39783232561836784,0,70.76193695754853,10.0,0,0
57,0,佐賀県,21.561016680769914,148.7468510213792,93.91765147686452,57.43689094911685,20.194724933584645,0,110.56119130898325,5.065958134785978,1,0
44,0,福井県,21.83947455273634,88.27001121767435,71.02797341910046,54.88305535953149,4.156433576254951,0,77.45929802327599,10.0,0,0
54,0,大阪府,22.23977507142192,140.679066868102,45.42940190017722,65.64556661739817,21.388889135967794,0,86.81393062237095,10.0,0,0
50,1,大阪府,20.23222785122411,118.99815104533421,22.91242190276228,65.68079586027052,16.843672483819923,0,88.96509083280965,10.0,0,0
44,0,東京都,22.931991555307302,124.10317476319892,17.236435235135378,41.85383671477307,6.205692115736032,0,112.43680129976777,10.0,0,0
62,0,愛知県,24.46350304315678,135.7624269515249,83.18550813657185,62.00932123643918,32.1328380277271,0,115.35953305005425,10.0,0,0
74,1,愛知県,31.1153861146673,139.2532755495606,134.15788282952124,44.60995632882895,33.89997715223904,1,81.02584487058391,10.0,0,0
58,1,愛知県,26.02228871753117,127.29780388791912,77.95547383933508,41.79781017907087,7.113233812578907,1,86.55136898777795,6.940438544728603,0,1
58,1,愛知県,18.92767307025958,117.9948300552787,30.24149263299105,46.46391597077673,2.919344122487404,0,100.97603983334196,10.0,0,0
45,1,新潟県,13.57265831005188,90.60812066568705,29.690499071938905,41.24953881827185,3.709175306270815,0,74.60458084760394,10.0,0,0
62,1,愛知県,17.68674405760092,119.51920367531721,39.71317478422545,42.14708307678481,2.923532390966804,0,100.64449841082588,10.0,0,0
54,1,愛知県,12.704563533000641,125.1420997440282,54.11212324699171,40.85762692419263,5.012488330664541,0,89.82148627308673,10.0,0,0
66,0,愛知県,23.029011226743897,135.50458592248464,298.8451162637572,57.573007319226996,15.660117471702684,0,113.7098751112318,10.0,0,0
41,1,愛知県,20.764473517451492,108.5035652035104,18.385524053727917,47.37736196195762,7.436164122268952,0,63.838097741548545,10.0,0,0
43,0,愛知県,20.020032225153667,150.75685039000498,14.056040885528384,41.578218213315516,8.046855284228505,0,65.27388313105823,10.0,0,0
45,0,千葉県,22.89555673417129,145.48700504863712,73.53417595506785,44.63211588596462,18.55912875892409,0,105.15956097083519,10.0,0,0
55,0,群馬県,24.99821667108995,131.20847998859105,52.26459392854528,41.085231998561305,8.704945433541837,0,90.01649933309861,8.851044265949671,1,0
40,0,東京都,29.228728146975378,81.27428290933054,93.3197407188163,46.92680877312481,61.70391873342383,0,80.98204162371108,10.0,0,0
55,1,神奈川県,27.612454827004175,111.56231720044644,96.83397194954092,58.90156161049501,23.863198081535987,0,113.2620590125697,10.0,0,0
66,1,愛知県,22.232420863474914,137.5244174781594,111.24613286492225,42.33886891936322,18.878781546310563,0,109.09334730599878,10.0,0,0
50,1,京都府,24.43190593140906,139.04055165715036,35.90084868389416,41.07632001195374,14.957341188633645,0,85.7531501142719,10.0,0,0
73,0,愛知県,25.18254946331243,119.09344959428513,90.34272541684534,54.26131458502833,6.246797476029295,1,73.21463471192162,10.0,0,0
56,0,愛知県,26.39086014601716,124.71277312549846,60.74588312564397,62.93221732752456,14.180167864756909,0,101.78673464580817,5.480457734820654,1,0
61,1,奈良県,23.97666973494556,126.22843779776143,85.79569562080778,56.56548968771591,38.183884939545855,0,95.99479027195702,3.1312479867136727,1,0
66,0,神奈川県,22.286720089387856,129.12724340867507,68.18404851133114,42.34861269018949,8.757852871511728,0,120.833578292074,5.170922545235352,1,0
62,1,鹿児島県,20.799436043495962,120.07733712916168,27.289397574448085,41.13314538869056,4.648701294576914,0,76.3540888873567,10.0,0,0
63,1,兵庫県,23.280759893354986,107.3817881318329,48.397313131412645,42.36005611608645,7.147284353897146,0,100.66101840060051,10.0,0,0
42,1,山形県,24.74283001835941,115.30314557042973,95.40263201006198,40.93625209378175,6.952496080345376,0,114.72595058465694,5.72713552835527,1,0
61,1,愛知県,23.103978520235522,121.91853299590913,54.05437083622837,41.008403865001775,27.745323856869103,0,114.30926553080388,10.0,0,0
58,0,岡山県,29.550191080383453,121.36234239829757,88.35219729950416,51.07468950754048,49.02865902693961,1,113.25370942189197,10.0,0,0
60,1,福岡県,21.19180036878671,140.21633703647873,82.26373489877088,52.515411705952346,28.21797969872131,0,97.54424736355492,10.0,0,0
72,0,愛知県,32.291364238185885,158.58333900287036,327.8966832152118,57.62611230872012,95.43529714552646,0,108.89273177418293,10.0,0,0
49,0,新潟県,19.544570516559652,86.10806806995001,32.39375847958493,41.109260318012915,1.432555875771279,0,76.35634727700116,10.0,0,0
46,0,愛知県,23.773705828787282,112.21755028399106,71.57310201696136,62.598672996353656,34.79487483629311,0,117.40920996141944,10.0,0,0
64,0,愛知県,20.48834601493567,103.50172370522678,36.76367131450376,63.58625310640134,5.6712889401199345,0,73.25129347640933,9.36001619694567,1,0
40,0,愛知県,26.850277093198617,111.6241570009019,45.50363481831553,44.31146272496784,23.954536078584812,1,92.16522366188478,10.0,0,0
57,0,東京都,25.10316884308539,124.78587348704876,105.9636275731572,46.530440346807055,14.251294403366915,1,123.35617356388838,10.0,0,0
65,1,愛知県,24.684046113958246,133.33085446825513,88.76642213193837,54.26113417486649,14.448455540653997,1,78.36224207606413,10.0,0,0
67,1,愛知県,18.34897235727265,104.80651284423432,32.955611748765875,56.37639951457278,4.154129839986959,0,82.13267095058693,10.0,0,0
40,0,東京都,23.898777200906324,96.63556684276766,60.3430500912862,50.467214342475245,25.621294768175055,0,62.66165757068629,10.0,0,0
56,0,愛知県,28.677602601872394,134.25208169314757,230.93605755797995,41.914288158415395,31.631511200912783,0,81.81286542525636,10.0,0,0
69,0,長野県,25.966165200872137,123.2671097234041,281.71618126257135,41.91573950439822,13.116937895741614,0,99.67074150205177,10.0,0,0
71,1,大阪府,22.813558472064333,144.19629753875665,77.98634275727396,42.442331286432974,18.659246391417796,0,103.66799016444217,5.498052604584729,1,0
68,0,新潟県,23.277339170624977,110.08974328741544,154.13831468868315,42.221999270990324,16.612141756364178,1,73.23015718516541,10.0,0,0
52,1,熊本県,22.578360809850558,109.32854786858648,62.232570591871564,63.99108457965075,9.477178509086066,0,115.10769928783276,10.0,0,0
44,1,大阪府,24.930188844715577,134.5062785697569,48.41945820656047,53.57587116507719,18.170035934858166,0,116.67012266830424,10.0,0,0
73,0,神奈川県,26.831738726806762,170.57885261901112,234.5951887778334,40.90006907322809,69.52718741748498,1,102.04234566874474,0.14896911818760517,1,0
70,1,愛知県,28.055646812438678,115.14448134762569,41.49896952417328,41.28318264170635,4.190732189126289,1,108.14405755627442,1.0585512437139106,1,0
55,0,香川県,15.515592178935117,87.53664581582619,57.939740336813045,41.83107224941835,9.005400849510707,0,69.4249261086764,10.0,0,0
52,0,愛知県,30.449826401829277,160.0996260401112,430.6928742126231,48.15659485040406,58.004623649886796,0,115.09735030672726,10.0,0,0
43,1,埼玉県,18.11498497043899,131.19202017989363,88.36235829406073,57.59718610254588,4.298778364200705,0,109.63675798077159,10.0,0,0
61,0,大阪府,23.613996164146027,114.83121594908357,120.6750941002961,59.09939592495025,25.258801150632305,0,122.39033855090533,10.0,0,0
44,1,大阪府,18.614259555660997,87.87880891926719,53.9872328180544,41.70351308147079,4.558995243866445,0,100.20370348864824,10.0,0,0
69,0,栃木県,30.719883009257135,146.3986457588179,209.2550732308686,42.31213519371049,65.80940278841419,0,122.44847292612883,10.0,0,0
51,0,神奈川県,18.738445386840215,109.63568266835229,54.06293640217945,41.83318234196362,4.001152350677079,0,79.18257967165172,10.0,0,0
59,0,神奈川県,16.802318363535512,117.18495785422316,102.8281778713612,44.84632851940136,11.134248809347909,1,76.4150998275677,10.0,0,0
49,1,埼玉県,27.36930116243522,109.35775134979902,17.100742960373957,41.76800987890861,7.385652575737936,0,85.95207414485053,10.0,0,0
67,1,静岡県,17.828004957623715,123.11203278028434,96.25001252959865,42.0789253143297,8.011182816587821,0,104.39795393920119,10.0,0,0
41,1,福岡県,28.48419559148976,129.03843751695106,177.04916938643288,41.49319665147743,19.65890028821845,0,106.90196855747469,10.0,0,0
41,1,茨城県,19.20125900758844,111.6429906002201,80.23521263102394,41.33931982233414,24.561574628797146,0,78.47528407825513,10.0,0,0
49,0,愛知県,24.644252439194123,155.56950277522603,44.617535250727606,42.391471565439886,3.0989936158217604,0,117.48171813175027,3.1337223101740257,1,0
66,0,三重県,24.81645899575511,116.57708050195893,48.64234521442379,40.91353459086774,5.145535743930432,1,96.31256832739717,5.083015785154386,1,0
49,1,神奈川県,25.620563832777073,132.5110793969756,51.49741590373842,41.180892518947694,9.690192193036324,0,87.0348167924004,10.0,0,0
53,1,愛知県,18.122721310964483,138.15656657579422,73.66817852467622,47.19200501603113,19.291228193318332,1,66.31693683369869,10.0,0,0
56,0,栃木県,26.322376044291502,119.80551154521415,70.68667445570296,51.930136832068136,27.363261220914318,0,80.81846610293482,10.0,0,0
48,1,愛知県,21.6874885787584,86.89060513598459,70.32691129315232,41.763557660912745,13.086674049110728,1,100.95845220110536,10.0,0,0
47,0,東京都,28.01491062785377,150.7342005913094,198.46534318620937,41.28080721437695,18.529602038735703,0,114.2314515710716,10.0,0,0
45,1,愛知県,30.29263083181652,133.90460288674836,130.36424991065886,42.737980353168844,13.697992245665592,0,103.76911786574759,6.750732869858246,0,1
56,0,愛知県,22.335100058162176,134.0616757823491,133.30060832384729,41.489076432582436,10.080084255899767,0,76.71649168640509,10.0,0,0
43,0,東京都,27.28147582340444,133.60430999385994,38.64540502267963,42.71325502111021,25.958961180430116,0,100.05159039832948,10.0,0,0
67,0,神奈川県,25.24423698437888,143.00607525730823,45.619461067529414,43.04014226298485,12.824095055295698,0,115.40732238689392,10.0,0,0
72,0,広島県,15.027342274396736,117.72503374411465,74.62575917028822,41.69908441293461,4.5231550736980175,1,68.8995409307904,10.0,0,0
73,1,愛知県,25.15789166756756,139.54303759801923,409.1656127792232,41.781037259944746,28.221405237097855,0,99.77711939726349,0.12773353449827618,1,0
50,0,愛知県,25.701957240347404,142.0600332575373,280.72043101389085,42.00360421687294,13.60412081911096,0,114.13736476290929,0.16077420259909886,1,0
45,1,山梨県,26.186323737233796,134.08309835039898,38.08454518173873,55.53889379119903,9.06310791134653,0,85.22210147278733,10.0,0,0
64,0,愛知県,19.58393086247561,105.07451434902914,122.0158039463348,46.33043392000478,14.585300577491562,0,97.74200951474114,10.0,0,0
63,1,東京都,25.67062611205369,127.0897176309675,136.98712222662624,41.82159986624136,39.95989171389178,0,80.9871563341861,10.0,0,0
59,0,愛知県,25.239672190172403,160.21567279378527,98.10259603918905,62.97555775287192,39.95233799055728,0,88.15431845892446,10.0,0,0
59,0,福島県,28.695608292829245,122.70197287253022,157.54394234172676,54.33710629385053,21.375525966355013,0,89.97584199055123,10.0,0,0
64,1,愛知県,25.485554191938647,127.15270899061547,109.67112517723287,40.12024136686472,34.88300381003296,0,93.74574687644635,5.62911983478878,0,1
50,0,三重県,19.443699761583506,130.33528460867367,129.80212303398793,41.463367258066796,29.177246594540154,0,93.08062807562648,10.0,0,0
50,1,埼玉県,22.60227673944798,105.83639668641923,62.66674845758782,61.0821361907863,16.23773097021412,0,88.71736691566417,6.64137842037164,1,0
48,0,熊本県,22.219953411233696,139.454091328074,165.72813146735572,41.428673413823915,16.981340589366045,1,107.43859177167833,10.0,0,0
51,1,山形県,17.124566368011923,115.168205161641,48.30642404123193,41.7861287433416,1.458649723639938,0,91.05247829737336,10.0,0,0
55,1,北海道,21.0993150249273,118.63056721152147,71.01060897425815,44.706313349999085,7.280860565267348,0,89.98424181420381,10.0,0,0
47,0,愛知県,25.236146675860272,95.03652117173755,20.001977336727577,43.230162498520244,8.623058716372968,1,76.0951758514566,10.0,0,0
52,1,福島県,20.440507843530018,128.8057202264153,93.23772095224228,41.5113231427419,21.583199692579072,0,102.95980209186824,0.3470758316230206,1,0
61,0,東京都,19.59786307351176,131.38599648162318,32.718747674879445,47.529347571997995,6.973490627801432,0,78.95129718416362,10.0,0,0
73,0,大阪府,22.980563418398035,117.30740546369368,148.79321805694116,44.35891128331335,52.124152254225166,1,91.38248918369509,10.0,0,0
71,1,東京都,28.48137418637453,160.23589272416243,74.6272610215013,41.218247460405266,14.739646553679158,0,118.14521381527292,10.0,0,0
71,0,山口県,25.17782007154912,116.90970000547257,94.44135756053336,41.768420596881064,21.27047280582115,1,93.69723795378944,10.0,0,0
53,1,愛知県,26.35695433811892,122.56101090865734,135.10620617945403,41.95097078990769,21.712742280913428,0,116.34647149446883,10.0,0,0
54,1,愛知県,17.686548930778756,83.43446352771228,137.29578039950167,40.245055981819895,16.858700184657955,1,78.15553520584191,10.0,0,0
67,1,神奈川県,24.431191646706996,117.86826323701621,143.88360439513414,40.582169426440764,17.51055075878363,0,81.39234833657137,10.0,0,0
45,1,京都府,29.458307517947745,103.05174676605978,125.50708505753275,51.88547505637574,31.627132057090392,0,70.54788205092922,10.0,0,0
66,1,徳島県,23.587639297793444,111.96345386317466,80.37878574649206,69.15774974042387,13.722276089821335,0,112.67847283143317,10.0,0,0
57,1,静岡県,23.426229516493883,112.33748925441593,39.19530032518459,51.68027097428689,48.459560761455876,0,92.7217517404152,10.0,0,0
59,1,愛知県,18.784963176176664,112.37882116403671,30.239521422521165,41.100996395309124,3.9151180573768456,0,78.33201203921743,10.0,0,0
42,1,福井県,24.868769034226414,148.74664347675423,81.79956919431945,65.63334109325373,31.621837436286313,1,98.3248986454275,10.0,0,0
53,0,新潟県,28.212253873543013,129.5975846223062,227.52091247884692,47.67680953878819,10.58992069852056,0,108.67833339780027,2.5517298612437003,1,0
54,1,愛知県,25.483756606653515,98.57029049647845,105.92635177210299,41.361809584532054,18.11717897986629,0,60.44773169228964,10.0,0,0
63,0,愛媛県,20.59571130855856,107.72196147875945,61.86228977668508,71.55170118175363,15.210951649760903,0,87.26312060980537,6.796475044288111,0,1
42,1,沖縄県,21.74455992524463,82.7080379287932,118.98486316125404,41.825530755403754,13.665481912746676,0,96.60469705972402,10.0,0,0
62,1,東京都,18.83085890064965,131.24124597971527,43.56142959559736,71.58530777704809,7.386874181129394,0,81.70882637528538,10.0,0,0
55,0,滋賀県,24.15034633620586,106.56939529340262,217.41495172524864,42.10293930318941,25.685686754975233,0,117.17899707222765,4.228207965752416,0,1
42,0,神奈川県,31.046529098139818,143.42926460582896,73.74054700438303,41.742103446531324,103.7751244281615,0,80.69819308755191,10.0,0,0
56,1,千葉県,24.911643353798805,146.06114712839366,51.93893645240684,40.53901502800174,7.116923110216388,1,72.38718961940056,10.0,0,0
67,0,愛媛県,22.9435738787504,127.95802581914893,129.78789702679236,54.99925942027241,12.172547265537647,0,101.16409814439547,10.0,0,0
56,0,神奈川県,17.68656075213429,124.21679213394093,74.18292011213282,41.32436158065384,7.37004338359313,0,92.72293910226905,10.0,0,0
45,1,石川県,21.091056956201175,107.17326421097334,73.10262613353584,40.996535521168056,7.619564877665991,0,96.31093894402503,10.0,0,0
74,1,大阪府,28.885195159145862,132.6846358306815,91.9810203097299,45.91431958238594,29.94490916967342,1,117.17497772766133,9.782005763375507,1,0
63,1,兵庫県,24.576460071826883,131.71527248218428,111.49131918667845,42.22408500392455,15.681136599073211,0,115.05485822047588,10.0,0,0
61,1,愛知県,28.16601023569999,143.90592474677186,98.39497644628712,52.248351531668014,10.084077554941604,0,123.23919297841334,5.5900983078454445,1,0
62,0,千葉県,21.53288954900303,127.28903591155246,115.46469129566297,41.4126977733703,1.9528004425996834,0,92.28630048651243,10.0,0,0
62,1,愛知県,20.63156269393952,119.72180934344998,91.60954378407489,56.62919387128704,14.260826847609144,0,111.74775021258617,10.0,0,0
51,1,岩手県,29.830327301314345,137.44699921800293,112.88743003386682,68.30726554231465,48.84874077775604,0,120.66345096349913,7.087454805415332,1,0
74,1,香川県,23.07718012927018,126.30776619399752,68.88483604484368,45.58820777305391,15.52953712568707,0,101.15180530790919,10.0,0,0
70,1,愛知県,21.680083257725776,120.17978096047428,80.39119182174633,41.47502756369269,27.16117455857768,0,83.60247394704852,10.0,0,0
74,1,栃木県,22.794768170926375,120.7262387444936,140.33715629393473,53.199130308893686,94.1499991137498,1,106.52960514584109,6.363264042949206,1,0
61,0,東京都,31.044402175098007,156.8417976364022,62.44094790349168,52.001164532620834,21.303398341928485,0,125.0,8.56383974724635,1,0
43,0,新潟県,16.89985078558396,68.59335431560828,33.77964630144954,41.19234443327101,2.93588315709829,0,63.84943159349085,10.0,0,0
47,1,愛知県,27.141867930138563,111.57681964856563,66.6658230082866,40.768906742172234,52.34905119326321,1,106.36802603711841,6.423072053616646,0,1
64,1,滋賀県,25.034466687366322,125.98733598626796,269.30100689292027,41.41315993561736,64.63946899678416,0,78.71758288070868,7.062696241545375,1,0
71,0,福島県,22.36410522504788,79.20495095310493,58.370997538199504,42.61447785216516,23.480840377307533,0,73.26478812946807,10.0,0,0
62,1,神奈川県,32.172894416176796,171.25319146440856,102.8012385565821,60.81576023827694,56.38702342661832,0,101.32669214592418,10.0,0,0
69,0,広島県,27.099389382692625,142.32393839209956,50.73803535867807,42.10256395362633,10.043347748772758,0,97.83835540683374,10.0,0,0
52,1,愛知県,17.647076123010144,130.20027006763522,253.49966982627907,56.97339276276828,8.756587365570715,0,120.68325157358623,8.948474601685831,1,0
50,0,京都府,19.993774381449317,115.67883888941971,73.31684473279329,41.75682581843266,20.48991438654094,0,93.62496002994405,10.0,0,0
57,0,愛知県,25.978315078001742,129.9451135042511,127.57680357543674,46.916140494940215,42.076564150674415,1,112.43255068804612,4.216406090536272,1,0
66,1,愛知県,24.971066671733087,122.16916696974431,47.659682589089606,42.148414773644,3.8574844591286945,0,83.53406932113081,10.0,0,0
57,1,愛知県,20.229840379712687,127.0468263414951,114.76348582136318,41.10880383899893,16.8044512723904,1,101.60418584007165,10.0,0,0
44,1,山口県,21.413796496068773,148.9419018781075,66.3089443611042,41.30962739325708,1.2726293191794875,0,82.66838895803895,10.0,0,0
50,0,石川県,24.216252722819302,148.47340940562478,81.22808236815048,57.32005826110481,13.782645944832328,1,111.39416088944593,0.10825509987112127,1,0
63,1,愛知県,18.834495413055375,109.55701964137971,137.64244561523992,41.82616859392835,25.617243464916793,0,91.81652980809798,10.0,0,0
42,0,神奈川県,28.02288866264864,135.31177567052998,270.60164100785204,51.640741814555675,43.69265165159872,0,110.90125826894185,10.0,0,0
42,0,東京都,21.317144214715555,115.9536319406058,117.4254958558956,41.281890473586316,1.6450856856285663,0,72.3354390831462,10.0,0,0
42,0,栃木県,26.532770840599206,94.63328732157936,35.38406983746088,41.21261822785686,11.686211731186301,0,84.2414202349972,9.779833458594679,1,0
45,1,千葉県,27.26751146969924,114.93676269356973,50.34469408881611,42.375106931949404,15.4427588903624,0,98.67262763164109,1.9896812781738848,0,1
64,1,大阪府,20.569266107842868,122.90503699050485,41.90725336334118,43.1583491459613,13.497239816679162,0,60.56885895034646,10.0,0,0
43,0,愛知県,24.15200241718011,151.10528179773138,47.56535986081556,57.71437732123845,12.883656479128778,0,102.96372555753159,10.0,0,0
48,1,愛知県,25.41077498280281,132.48241595543382,77.4847348341914,36.903919229752496,20.495747343466615,0,75.86300819476465,10.0,0,0
72,1,愛知県,20.93723415886364,111.72019744851788,74.3106468219057,64.9817090695801,25.350435755178236,1,104.75863363390054,10.0,0,0
67,0,愛知県,18.140427409552444,113.68639578399998,77.8882560055781,42.67533743406346,7.8377689746054555,1,74.70360998951404,10.0,0,0
61,1,東京都,23.9589152298925,147.5979091623166,52.746849210862564,42.22678229254124,7.903557806968616,0,63.9997021797353,10.0,0,0
67,0,愛知県,24.461231051841843,107.9774937048484,96.98033418709153,41.21503869741416,13.5106681534688,0,101.78952821724667,10.0,0,0
66,0,群馬県,24.84176747717015,127.1432988966104,262.3497909579813,41.56733042891411,16.444487358712156,0,114.67248747424485,5.642937514249574,1,0
41,0,大阪府,24.559297449865756,111.40150728497152,178.94862730503314,57.19153952288852,35.041087119131,0,88.28478377447033,10.0,0,0
71,0,愛知県,27.649752922472423,155.91627906148045,94.57975657021031,52.27364706619068,43.79466293136443,0,69.00819470907628,10.0,0,0
42,1,奈良県,19.502000428435412,102.7701934952095,114.97923247134187,41.41655799944324,33.831299954902406,0,99.57646146403283,10.0,0,0
69,1,岐阜県,20.214720725493727,108.43989261665465,100.35551216691692,41.78848362647735,14.225886833590243,0,95.09868554568465,1.0696249522641987,0,1
53,1,沖縄県,24.128280444544984,130.5494292001367,170.69529706075372,43.74196826863438,12.833482397467149,0,95.14668734953486,10.0,0,0
45,0,愛知県,24.17310058810332,123.8443334455019,56.52197575518727,41.78092305618896,5.398429351013558,0,72.46054919229186,10.0,0,0
67,1,栃木県,19.474559167863568,92.75739426713945,60.938587860207875,52.61550393466679,16.98115612589545,0,117.2338979863818,10.0,0,0
66,0,青森県,24.430958101165366,123.71266383586217,20.16524843737781,39.03318484807285,7.177555476359968,0,79.15655513700287,10.0,0,0
63,1,愛知県,20.09526762451969,100.42122092490193,57.939171028556856,42.78427878784385,11.752085467837963,0,76.07104306819373,10.0,0,0
40,0,千葉県,25.892090051441148,132.69876060214636,141.83671328374277,41.108004485904715,58.78031033470743,0,63.97582670910354,10.0,0,0
43,0,神奈川県,28.67827006559004,111.28126489746585,42.520450619146416,41.12372114543423,1.3575548451277877,0,91.83239610629674,10.0,0,0
49,0,愛知県,15.025330929029765,102.72202482091687,42.448008296937005,48.466384566885,6.488938318542344,1,75.37859275827206,10.0,0,0
52,0,鹿児島県,23.90612462169503,114.72392388807927,52.941090937457254,51.85107341551896,19.900850652800504,0,76.23794027126507,10.0,0,0
46,0,熊本県,16.265086358732344,73.73995804394642,102.99105944355111,65.60540380355889,6.8024588262703585,0,81.51526392031441,10.0,0,0
41,1,茨城県,22.745984841039697,123.01465973536178,45.343784054169056,62.077313413673735,16.8488205637596,0,80.62588672666115,10.0,0,0
47,1,愛知県,26.799588969916922,90.20667802183901,52.734454815027334,40.73523676462866,6.378133735913023,0,83.58890451689157,10.0,0,0
71,1,滋賀県,26.962394539371875,160.11240980615145,118.54278290403927,41.825507781004575,95.78002208752183,0,111.57076351889597,0.8139344895946999,1,0
60,0,愛知県,25.531706549598006,164.75195929329442,151.0570164351641,40.97850791997659,11.131369628592333,0,86.05625879328426,10.0,0,0
69,1,福岡県,24.81780369916842,122.86710702662722,73.02509151306799,40.93673908163377,6.503610027801275,0,104.37296871264091,10.0,0,0
66,0,愛知県,24.431037694009596,134.48867288705736,61.91219779532324,50.664986840895835,4.154776914631712,0,95.42048640285887,6.938153783857476,0,1
51,0,愛知県,30.29253955972078,168.83321191866216,77.90049129717869,58.43549252893102,32.33590062460757,0,93.52494674930375,10.0,0,0
49,0,愛知県,24.676201434581003,122.81055518407982,401.15750412954014,42.2250508711711,31.704934153454904,0,87.96140745936809,10.0,0,0
49,0,山梨県,18.923439585673115,113.8727756758193,78.35867041116585,45.14139488683786,4.325787693230105,0,65.0793325476076,10.0,0,0
74,1,石川県,21.74175670646109,117.78936835850689,72.24667357031923,41.09982352268722,5.957357650688856,0,106.22503997512645,10.0,0,0
44,1,愛知県,24.99824269648771,121.52680982062387,114.40560449786797,46.96894362570317,31.77742209849633,1,111.05930665812498,10.0,0,0
74,0,愛知県,19.82118624452801,118.99110987073044,25.142772164906447,42.29574396266555,4.0976001018703245,0,81.13617150370163,10.0,0,0
41,1,神奈川県,20.125019453779455,101.18259852800996,63.35200413610696,39.3006513933182,4.116762145364248,0,83.6400166364701,10.0,0,0
44,1,岐阜県,26.38110076030949,144.40534926853405,52.70227616539487,40.722915111115334,11.450458566246432,0,81.69605857687091,10.0,0,0
60,0,山梨県,19.095724863544067,136.36165717868045,73.83147658019216,41.85139939197754,4.4070161976015765,1,84.75552800199124,10.0,0,0
48,1,愛知県,24.77679265840032,92.99806128488171,68.54451695245204,39.353555823093835,10.270591429498369,0,88.1246960858646,6.456078035315732,0,1
61,1,香川県,18.814085940648756,121.57190934614594,84.58896221524734,42.146698095133814,12.113353770906354,1,96.13602540214418,10.0,0,0
49,1,宮崎県,17.612050161235356,128.47084186756405,62.799253281989756,42.004802766518054,5.283560897585462,0,104.22996416411897,10.0,0,0
54,1,群馬県,27.43643136016923,141.25187647943207,70.02333403068263,52.31582561577532,44.07641948086778,0,116.4103786088526,6.4859281916978055,1,0
68,0,広島県,25.242899997342022,144.26068185373873,19.238069169482404,50.90379971089283,24.57733956523543,0,90.8059317086805,10.0,0,0
62,0,埼玉県,19.674347146407424,121.59114604020212,62.073761519556754,60.82408478658052,1.4476763503175933,0,73.33437140663588,10.0,0,0
69,1,愛知県,22.983077736617545,123.71610143361605,73.52340038907559,50.49171397856768,33.89993382806039,1,95.62110606468708,10.0,0,0
74,0,栃木県,16.806688279989686,109.02897369755354,42.25746573495729,56.77404909666687,4.111544755852534,1,88.50727722799567,5.485083485904894,1,0
49,0,静岡県,19.499702293143457,111.67431645591365,25.458822986921202,58.82073205160547,8.758963144998708,0,78.1492143352273,10.0,0,0
70,0,大阪府,22.813917503257002,155.91814294570185,19.235329981364487,49.18333031721741,12.304872537281655,0,91.08591892877361,10.0,0,0
57,1,愛知県,23.077578891863798,135.76944771312998,44.60581796570042,41.74514738978121,18.11620313001319,0,95.46712497868383,10.0,0,0
62,1,東京都,23.133816527432224,135.64746589868966,104.2908754275815,47.98881783776972,5.13910845196287,0,97.76908823559255,10.0,0,0
60,1,神奈川県,19.475421132877376,119.18521310991876,59.907020676204475,42.944652838302886,13.82156035796974,0,99.5823483393322,10.0,0,0
61,1,新潟県,23.98785945807724,123.10854610212701,53.21804916876401,73.88056528582317,11.680913401179973,0,104.7613762280759,8.318790083666608,0,1
57,1,愛知県,23.552992143908607,114.694297476777,54.60140635750625,41.42115236256667,18.518925327027635,1,86.55098130278307,10.0,0,0
47,1,広島県,27.828193729338008,120.4742389664789,178.6802236389399,41.182609168961854,10.630888239836612,0,99.85493178746182,10.0,0,0
54,0,愛知県,24.672967541913778,148.45306605304205,66.22197328742976,41.84606095237546,10.620693700613993,0,81.33400062368744,0.23445975126364052,1,0
44,0,兵庫県,21.033083163760914,101.63583332280722,166.0375421123037,54.42696668865598,30.85440364920155,0,67.34016803901407,10.0,0,0
48,0,愛知県,16.521782824263983,135.47888865321116,17.697791006262502,44.60840411483601,7.24278587141734,0,95.62191720378533,10.0,0,0
71,1,愛知県,26.808216655513895,118.99094311081,74.4263596321254,40.5133051625388,14.26952555277188,1,108.70791467906098,10.0,0,0
70,0,愛知県,21.215267515044822,113.25866839246221,165.1757441374,41.974312131586565,13.55966083781077,0,96.8610093231131,10.0,0,0
52,0,神奈川県,24.14673367019825,123.38387979785915,69.36974036514648,42.117611708700636,24.376964989550316,1,72.6905052407759,10.0,0,0
51,1,滋賀県,25.9432791523325,114.14564886660008,261.94663688404705,42.37604011695378,18.319698941877945,0,110.01020093409541,4.984034160894569,1,0
60,1,愛知県,19.45055064967528,115.72483439383855,29.204140552943667,54.452001499066895,27.394169122666746,0,96.46308077903052,10.0,0,0
41,1,埼玉県,22.98139306288076,92.59615582856732,73.11134335815485,53.95208180820505,12.243105690873177,0,79.85223374461988,10.0,0,0
55,1,愛知県,21.067076361644425,111.6187866349911,49.92717600554466,40.7352444593897,27.95780004218549,0,83.74793262803148,10.0,0,0
41,0,愛知県,18.784355839573752,141.6064728608657,55.64111136154551,64.90840766974262,79.01599919538646,0,77.15445074686154,10.0,0,0
59,1,愛知県,22.853054316689697,96.10118030619583,169.62628393437916,61.818237563579295,14.75115569117779,0,70.85441512617494,10.0,0,0
53,0,新潟県,26.67369683783637,119.71135821958846,61.75677251874669,42.75619712534784,18.588892745043523,1,93.54752819844579,10.0,0,0
42,0,千葉県,23.375751978538922,113.79637197080342,234.56692364936197,48.037544448067145,23.96250166636962,0,76.7165697140574,10.0,0,0
54,1,愛知県,17.387426777657343,94.63336467754613,10.28163388563128,42.619081380898415,4.751906798312935,0,57.214126461677346,10.0,0,0
45,1,愛知県,26.355584042321023,136.04127166013515,115.01917444642724,42.31767471130721,29.0308058349764,0,87.73343369617601,10.0,0,0
49,1,大分県,25.087921138513483,129.2165851951604,85.91022216859201,58.32200780669179,9.566653534143617,1,87.67111209062764,10.0,0,0
73,0,愛知県,22.086109213110323,158.40994887263489,69.67471366278323,40.80681129661806,4.395485804608375,0,105.21402560321108,10.0,0,0
64,1,愛知県,25.09045183835662,140.57548856434335,88.33696504952431,55.9693152462199,16.774163418095316,0,107.59745637290784,8.037542953837807,0,1
56,1,愛知県,19.364210095658315,91.69943559836994,84.19021217329599,41.161829258217686,5.545725920593347,0,78.76220336568738,10.0,0,0
63,0,愛知県,23.56752718783152,101.95592222121144,44.10349177094675,62.49470505318658,10.86155847399552,0,97.07122804557376,10.0,0,0
70,0,大阪府,28.893077265485367,116.72173742212506,70.8390328337281,56.59391503604989,8.416222322685472,0,105.13159065823017,10.0,0,0
54,0,栃木県,31.70872567130552,143.47327325446003,128.75658408567085,39.95694739658255,19.919193928201274,1,112.25825872195043,8.170964320670285,1,0
46,0,愛知県,26.804745473954686,131.58072346381468,316.4050583021882,42.16354467591713,46.99265462307509,0,113.63536827445442,10.0,0,0
49,1,大阪府,25.097928263094268,145.51198975997391,76.83494152216666,45.04489589936946,34.94156914964803,1,97.77460590301105,10.0,0,0
70,1,福島県,20.696431705572202,131.7109511719479,35.94619259910331,43.98494004725953,5.7936284298736185,0,88.04253540845181,10.0,0,0
59,1,山形県,28.743850068627204,144.429606656581,111.42324438898473,55.01350818926704,27.488907649309027,0,69.35955704859313,10.0,0,0
59,0,千葉県,26.892457320476044,146.10405567810645,80.20736974944015,46.92113822907221,83.13800526173777,0,111.91192518849063,9.157585722420926,1,0
62,1,佐賀県,21.512339037066454,121.15249620106093,45.74354785018072,42.32028026460674,8.657929083089188,1,89.48134665792143,10.0,0,0
40,0,東京都,17.124710188115408,74.18872462543115,54.48432036417266,41.5091464023418,11.850967534227214,0,63.890265507634034,10.0,0,0
67,1,愛知県,17.124666470176486,131.25356983592076,31.615205109021385,56.39211517903519,12.621887017124308,0,92.12369088806715,0.14982520689132578,1,0
46,0,東京都,24.431030469962195,93.37442499480218,77.92227102340422,48.03639285049671,56.2372304355381,0,74.60043091123856,10.0,0,0
56,1,大阪府,23.551415581759244,138.26148820142663,129.78306250381036,42.375521504862846,7.634359087329494,0,85.98971308234798,10.0,0,0
46,1,大阪府,24.57861706191875,111.08604709004935,53.28880761799782,53.80596412791102,16.59887414262798,0,80.98039069511792,10.0,0,0
40,0,大阪府,24.259526813130893,98.1601620063348,25.058102388504626,40.922093021125136,7.817299281761675,0,57.978352524078346,10.0,0,0
43,1,大阪府,25.24354787646117,146.92046802829006,95.38316972174646,39.8661679965941,21.681578945110772,0,82.04603193238255,10.0,0,0
67,1,大阪府,24.47897582864597,106.38912719610795,68.17774146578293,41.18647251152635,7.3450038381389415,1,83.11882661102398,10.0,0,0
43,1,愛知県,19.408973692223086,95.23169801874444,86.10361232754,40.82499269784159,5.547793263230668,0,95.14819917790034,10.0,0,0
65,1,岩手県,20.085300980608462,127.28977343970055,73.10637792880924,41.2457448282537,8.123670481098745,1,91.78836930159075,10.0,0,0
53,1,広島県,18.682779835967388,141.0628803824333,55.4535216407141,41.2990875824902,13.653727399191451,0,93.75248953444661,10.0,0,0
45,0,新潟県,19.58497699966327,93.66336819622207,34.38390588657573,41.69918385727901,1.067152722251377,0,74.34127214781647,10.0,0,0
44,0,福岡県,25.092293447762227,105.83398776847551,108.99242917735127,40.826260862674935,29.43661986537173,0,82.65678004748206,10.0,0,0
67,1,福島県,20.937256237195463,138.11419704556582,73.8303094751997,60.63997581132865,11.118013470813608,1,63.622959448698055,10.0,0,0
72,1,沖縄県,24.58527979321043,163.76740817299347,72.99142088965849,51.97048295062295,15.526760183247218,0,106.55003052139838,10.0,0,0
45,0,大阪府,24.719466112430315,134.70992132853758,144.2863452110726,60.416845278829975,8.180513840841977,0,99.59155191092516,10.0,0,0
44,1,大阪府,31.042577121314455,130.75254152459055,80.89408952606604,51.97742698607119,26.244129363997608,0,63.99248300159828,10.0,0,0
52,0,愛知県,27.621010284445823,114.13706472487365,94.58008675015977,41.20175495465998,36.409411895836165,0,74.15065615623246,10.0,0,0
56,1,兵庫県,24.138512459862703,113.87931520383064,23.170799719509574,41.575141520530146,12.18550617389056,0,65.88819210073805,10.0,0,0
59,1,大阪府,23.70455470062754,96.51557698833913,52.08603797623825,47.22004627729186,6.222855661176438,0,73.86219092504446,10.0,0,0
58,1,広島県,16.359392792426007,112.86630441597306,100.15488102900133,55.35757014997301,18.38154535221114,0,80.87630976522121,10.0,0,0
61,1,愛知県,26.61668227706843,138.53465952496668,108.22275578066008,41.64672329853843,26.035643736119212,0,102.73969088918334,10.0,0,0
41,0,愛知県,20.269849486225237,95.04120945400808,83.04811969589367,61.66211730700277,22.366512885205957,0,78.75661121316351,10.0,0,0
52,1,大阪府,21.531480532126462,96.39944565426882,53.24048513339294,48.13959581083964,26.829949592839643,1,93.4312473155736,10.0,0,0
45,1,千葉県,23.27977361062809,87.65177780277797,148.6589050736294,41.47069451586529,18.558092788954628,0,97.86230413998214,6.989290798179488,1,0
41,0,茨城県,21.671767829650605,90.64364199785538,78.6501146451085,40.24198249679564,4.15281164398009,0,90.99144734447438,10.0,0,0
48,0,大阪府,31.59141611747177,132.96719510348342,17.470257713446355,47.23495727697785,21.454411003063576,0,85.53783282837287,10.0,0,0
59,0,愛知県,29.44422078699354,123.09638370056041,82.7663422486958,49.75232014422678,46.52630617078599,0,93.35278273155691,10.0,0,0
58,0,愛知県,27.30219787979347,131.24341142617305,126.69632173894156,46.10612930050643,29.612873335695312,1,108.14362169953418,10.0,0,0
61,1,三重県,21.833187482788684,127.1450316788705,29.611923922996443,55.90563203436905,3.9811788664242305,0,100.39031355914074,10.0,0,0
62,0,奈良県,28.75002230010934,124.78640943774944,165.67462825498012,52.64052006310142,31.00688468984112,0,120.44788626368712,10.0,0,0
61,0,愛知県,14.358540086402135,86.88063869747262,27.860912180980225,43.978531714682724,4.772807628714624,1,89.3407121011548,10.0,0,0
64,0,愛知県,19.22446752158257,143.40370893322253,35.60005814974338,41.41270819127732,11.701995507441495,0,78.75199893233939,10.0,0,0
67,0,兵庫県,28.740357079877747,134.3851284872261,137.85320962492577,40.735252102136094,97.16333161333075,0,62.48305610593711,10.0,0,0
66,0,福岡県,30.9111830755968,140.22397398667044,327.70550205989025,41.18882982346393,27.412911173908196,0,101.04913033874598,4.973481394502557,1,0
70,1,熊本県,20.339079425064206,118.36084558921932,42.66500160546785,41.67371783591725,10.293341105983108,0,95.34842063875897,1.8673241761677195,1,0
51,0,愛知県,20.841382732464496,118.37133997652299,132.62391142385712,44.84851616785253,39.000766957131724,0,80.86846892216407,10.0,0,0
51,1,愛知県,29.478631264092844,98.59563151843365,38.88314824504673,40.18724530943042,7.592298500996775,0,71.08904529064802,10.0,0,0
56,1,大阪府,24.31370677146656,107.19991639991939,168.20805116529309,40.81666903979916,15.688219616916403,0,73.35931892063932,10.0,0,0
57,1,愛知県,15.409271682014122,139.0998526248792,28.660514487040153,41.66307682999393,3.851652464569344,0,76.29835939238168,10.0,0,0
41,1,愛知県,20.272459003356417,106.74012416321027,48.066399609842,47.38494016751945,5.285527181518099,0,93.2276236986737,10.0,0,0
51,1,新潟県,28.41662879078692,137.4483701187757,78.35236607068505,41.00897964667547,15.531127454541688,0,119.63795100312203,6.4454297415108455,0,1
63,0,神奈川県,24.868774692970604,151.65823323430263,80.96764117170603,49.00397598622506,7.553265608080475,1,101.32896845796854,10.0,0,0
55,1,岩手県,23.345755766658105,149.31893691938467,35.576871945700354,51.538372633435465,17.334070704650166,0,107.63348964693455,10.0,0,0
43,1,愛知県,27.870824096651763,137.66266931552627,72.99407640036446,41.301471188589,13.601698362236663,0,93.18577375133277,10.0,0,0
53,0,愛知県,22.818170591111087,138.74754492501074,184.36718381499267,40.89938891700705,5.632880898850401,0,108.7806854193642,10.0,0,0
45,1,愛知県,16.548677226944868,86.010778013225,24.743356488690285,40.96652779284171,4.180507775223707,0,60.95248175418089,10.0,0,0
62,1,長野県,27.30444310710209,145.9317136274324,96.63485900337912,41.78790380570732,11.092714662492906,0,93.0657474783495,10.0,0,0
64,1,大阪府,23.78492164434372,146.51510816241355,44.265982433605444,63.91417674814622,11.145101156268579,0,93.66534302599656,10.0,0,0
56,1,愛知県,26.805095264420117,121.19274981032379,144.9665885456444,42.82549842700999,46.25893748898943,0,65.6289161352601,7.660164122775019,1,0
71,0,神奈川県,19.24751984084618,106.39168124313295,59.97782963584709,56.639128170650636,23.585014828753454,1,85.93848071760056,10.0,0,0
50,1,愛知県,25.597785911576814,137.35894119967168,100.0238921432777,41.64539556909766,38.30359697574039,0,89.76372755163004,10.0,0,0
73,1,愛知県,19.989829360362112,148.60321241302086,70.98414006480695,42.06173188274175,20.802160931713424,0,109.94222973039993,10.0,0,0
68,0,愛知県,21.674692309860635,158.75301864325112,183.04517967355335,41.857058604026655,20.746055194752294,0,67.48859873056104,10.0,0,0
74,0,熊本県,17.601584810565612,98.74198635743552,27.337136897034096,41.05819207089247,2.9903937993351377,0,93.18636657595155,10.0,0,0
73,0,東京都,19.41456042448479,115.30922401898577,51.465899359955756,41.735384254651436,14.663818297591149,0,89.46061324767041,10.0,0,0
72,1,愛知県,30.439595179244233,164.3526921613185,38.15594618198215,41.49574442013749,16.71268509711157,0,120.58134447693809,3.783957507225741,1,0
47,0,愛知県,23.7423543893493,111.61884949851225,95.38485231981106,47.479187290793945,33.89479765184469,0,92.32861042478415,10.0,0,0
74,0,愛知県,28.95798509352112,145.4677091764222,178.3967820503961,41.36499099073609,21.48543148813466,0,123.4230053413476,5.655869970621428,1,0
56,0,愛知県,20.1258840623802,145.63726285701892,113.39855697907903,47.08100343043764,23.583827578897747,0,105.58402068080038,10.0,0,0
48,1,愛知県,27.60956568453066,114.73364229655411,128.84141639409884,50.54298936425692,38.075866886738005,1,83.42537782282189,10.0,0,0
43,0,福島県,20.11470390429778,118.61526151969258,57.39632066331854,41.41576445106203,6.381133067129827,0,81.98312761629327,10.0,0,0
60,1,愛知県,21.70577654810329,139.42307118565665,249.10936374993383,52.272593068262864,32.11939366201385,0,93.59935895929246,10.0,0,0
63,1,神奈川県,30.553393240821087,135.38548963298967,227.10784637970986,43.05858605867272,8.61478925550895,0,106.24285689038426,1.635618327828311,1,0
57,1,愛知県,22.79041507051002,135.47802131784283,50.23750950095264,55.24547031309644,29.625585828660107,0,82.276279899067,10.0,0,0
70,0,大阪府,22.159248252852507,142.3880003283409,50.85375235988974,46.47487622971438,7.540652300733651,0,120.11359465025379,10.0,0,0
70,0,福岡県,28.479428030662348,144.44266088093354,82.68257545661359,41.143745124434055,14.635058990415171,0,108.69971309775873,5.055436180341772,1,0
64,0,京都府,20.707823572551735,117.57845325253274,79.7259929039775,41.52189127835515,2.801557515500269,0,86.94503989159851,10.0,0,0
45,0,千葉県,24.21183417669247,145.43711363896242,45.131832926930265,40.46264479810237,14.251583529744254,0,119.7494885325426,10.0,0,0
54,1,神奈川県,20.75956343337556,133.91124339982264,117.63677123584736,40.9943794950399,14.164320950612344,0,83.86959973845296,10.0,0,0
73,1,愛知県,19.327685179876514,135.8953380455349,53.32772178357395,42.075676186510975,15.952605623478401,0,88.98392506055379,10.0,0,0
48,0,茨城県,21.200802991103533,111.29426032130043,196.00403631608677,42.04501763647284,7.397181517172168,0,111.37714700389131,10.0,0,0
63,0,愛知県,30.75318797867404,114.96267993637281,208.78472083890335,51.92792610040381,35.66930949068312,0,78.36366900678982,10.0,0,0
56,0,沖縄県,19.820762812701965,102.75233631846208,60.4522326616751,42.28553152071566,15.502052878036766,1,70.47421929066617,10.0,0,0
53,1,山形県,25.463856288487374,145.72630164414,150.79449086697164,41.7238029207543,26.00503450349769,0,68.02613813955283,10.0,0,0
42,1,大阪府,26.207007049734095,118.85843325610729,93.80189013544451,41.28007072091309,26.915056163294015,0,92.55405707684857,10.0,0,0
70,1,愛知県,13.214754601632277,112.2250526544599,24.72517316598766,42.10606022334695,0.3982156237336762,0,99.85678379863829,10.0,0,0
59,1,神奈川県,15.24653906457474,91.7087075791887,48.69620058805671,41.20180907144961,16.07246272892684,0,95.90483229100113,10.0,0,0
47,1,愛知県,24.11736108202666,116.46070635985255,163.46615136408866,44.53127922664924,23.976259214538693,0,69.747926419623,10.0,0,0
56,1,北海道,19.50061486644327,132.89161439577853,175.3775428399589,44.696367198407756,25.294871735141427,1,99.58853305229796,3.909827794510129,0,1
74,1,愛知県,18.92428475925956,157.53314732040232,33.78589014311173,54.58766784300095,11.44710018299817,1,102.41885307450566,9.64593399322514,1,0
60,0,沖縄県,22.335267372126165,117.20199558036089,56.722551818617596,41.71103584829399,6.48913808235092,1,84.69259167838996,10.0,0,0
66,0,愛知県,18.683928198234625,152.33920823526273,123.4857915913331,60.3966243890793,24.880540327514225,1,107.50429939055063,8.573065866064812,1,0
49,1,東京都,25.227656722048128,121.36285832625863,173.95295694566286,46.91999498770826,33.48735351427227,0,92.32464655683083,10.0,0,0
62,1,栃木県,17.2139460156559,170.72621912989243,84.32813834498312,80.51760210812374,37.89571446636317,0,97.93999079386003,5.743020362496835,0,1
62,0,愛知県,12.366196780683069,113.63845593161645,50.721959716199976,41.568149543591154,9.598565608645853,0,101.13943127401342,10.0,0,0
47,1,茨城県,26.99274572108982,97.25058548952478,141.32299155845664,54.831083460232456,59.23256470639037,0,90.99863395522013,0.41167455850744816,1,0
60,0,静岡県,20.48392423256818,92.61555490782344,134.83413920497455,41.39683100513696,19.879129520110876,1,123.31844229916068,10.0,0,0
70,1,青森県,25.911231032223913,143.00032050345007,144.69803551007774,59.40179965137921,72.9824206282001,0,86.21216869787746,6.15180983931718,1,0
50,1,愛知県,21.11429850648973,120.82065515396324,62.05465121652786,55.12526848262132,9.048440024497207,0,98.17632442014032,10.0,0,0
69,1,青森県,23.44732848245698,112.89773244660638,77.79980237906292,39.96456579879039,12.710955483397923,0,54.69384697323937,10.0,0,0
74,1,愛知県,26.436496744659486,131.8538125009666,95.4145184149405,40.69218524207403,19.288957521473122,0,106.22468430446023,5.604357131986691,1,0
41,1,大阪府,23.09647101259226,130.57435644767182,58.5911148879668,51.341677442906146,33.67245801655179,1,69.29119694425681,10.0,0,0
48,0,愛知県,20.476629359179913,101.5949259505837,49.024294780074655,40.93621108891491,12.066817191783155,0,116.68358011787711,5.3062020667084955,1,0
49,1,東京都,22.435991277884607,107.59895655168783,32.32991395271379,51.92719896528285,18.11874027265674,0,101.22876694650026,10.0,0,0
67,1,愛知県,23.97723146593508,171.24074474639872,66.6610421179566,63.10148285747039,18.490672456552602,1,96.57301610235629,10.0,0,0
50,1,愛知県,19.943974245467192,109.48792918348752,16.465838633519734,42.22577769600624,1.9515310447969092,0,73.35778826274704,6.7591863766180795,0,1
43,0,福岡県,19.576259426690676,121.70730737438747,33.749096528845904,61.7547149627707,30.149294159987967,0,96.09103107325483,10.0,0,0
44,1,東京都,25.249067698032142,108.48707557272003,45.276973285178684,43.174144437794325,5.478518840778884,0,63.51296429277663,10.0,0,0
69,1,愛知県,19.307237765226724,122.0631984889228,41.916840832437934,42.0780999504404,5.016093518820261,0,87.69271739727164,10.0,0,0
52,0,千葉県,17.16802648657545,99.37731196394665,64.07748768340944,42.57022487588035,13.17360747000519,1,75.54828021192662,10.0,0,0
41,1,愛知県,21.822383809486354,101.86097552074034,39.720238026658635,62.58470546962326,27.44839580580871,1,84.50309428566477,10.0,0,0
63,1,奈良県,26.91737892898817,145.51227862269846,93.95765005695154,41.21036194887781,3.852064538151696,1,115.67247299622821,2.4910898715699874,1,0
55,1,大阪府,16.80635041259717,101.78914202607594,79.20938353737716,39.526890455513254,14.903431987396479,0,69.60191128040952,10.0,0,0
52,0,栃木県,26.320571546311573,127.96878749888742,77.97143456604852,40.839679141758545,3.4426487761429194,1,75.28363245089217,10.0,0,0
52,1,福岡県,17.124730076077885,90.62328546797947,54.40717545589829,41.65785359662747,11.43004035089988,0,88.79900198628343,10.0,0,0
54,0,東京都,19.676146969573143,119.70448942210695,39.013032346089446,51.540989223776215,8.0375424839489,0,104.75966807776392,10.0,0,0
71,1,福岡県,19.606101831523016,127.1529545829704,31.80355997364618,41.915483544010904,5.931640400185359,0,91.90666230060036,10.0,0,0
61,1,大分県,23.420104616672806,108.3503105116619,114.4287212039761,51.09966810044086,14.80678896935339,0,93.770714863327,7.123229505173495,1,0
64,1,愛知県,19.834697418924375,149.34075169721044,82.01425693358088,48.32185158926056,5.496284234443042,0,70.49355723208748,10.0,0,0
71,1,愛知県,27.679528591584376,133.8489328058729,132.86000206350533,51.81985239071289,12.411885780797812,1,76.39171805346517,10.0,0,0
56,1,熊本県,24.76328501859709,148.9203666170931,177.18233185252078,41.61956285225331,19.848712003710236,0,93.17417751476704,10.0,0,0
66,1,愛知県,23.28473578060322,98.19151517092426,83.13340659266528,44.9477083973563,8.02298683317827,1,97.97821761690469,10.0,0,0
68,0,兵庫県,23.5964584355818,90.84801487687267,72.43345613533103,35.955398412932745,18.544099766639963,1,76.00160691972465,4.300312520358835,0,1
63,1,長野県,21.544359863362555,119.66485532751598,111.78424164669202,41.91647231314314,7.725954228074565,0,93.28948500103066,10.0,0,0
46,1,愛知県,26.675754185501212,108.55934850156383,97.01928637827604,45.74464878838947,91.60708153826734,0,98.22768658841366,10.0,0,0
64,1,富山県,30.13921536928961,123.52610274777938,105.92480512297342,44.86601886207626,66.59968514657905,1,97.54414906031418,10.0,0,0
62,1,愛知県,27.870672492165557,140.01452988874183,194.07812740151476,41.82923024999856,36.19790093784724,0,93.3715275949763,10.0,0,0
62,1,鹿児島県,19.277466983753175,114.44201771972809,51.015076701126084,44.03824250494859,3.403230095357756,1,82.00390989954062,10.0,0,0
68,0,福岡県,26.853748202851992,158.73343958223953,193.09760746663494,41.271558648882525,29.501376913245693,0,113.71915397932811,10.0,0,0
43,1,岡山県,24.43115401452765,121.29529977661558,33.717333623455865,56.63457481684179,16.51078827120809,0,95.6213842138922,10.0,0,0
52,0,奈良県,28.207944804012516,137.11877248451313,194.34425806628678,41.308562513560844,17.53660505872321,1,98.99664340663519,10.0,0,0
56,0,東京都,25.362714651951844,134.78232262679305,91.45199375941088,45.17981287492866,4.846185067145641,1,96.43612128360593,10.0,0,0
51,1,愛知県,16.53095828379228,130.34370857059977,16.023424645042784,59.081489313129325,9.788250878159456,0,95.69628163987404,10.0,0,0
60,1,沖縄県,28.622677596665593,118.98087854110491,108.75031103494736,42.96988695974311,29.4334590210892,1,84.75868778517088,10.0,0,0
73,0,千葉県,21.862857540848335,151.1234933091908,256.4625955572618,41.63685189453021,13.794108975699627,0,118.73110142092264,10.0,0,0
52,0,千葉県,24.79831639614764,90.74097722884994,58.2662684607306,64.31131355960169,9.845347138420056,0,89.8938017323208,10.0,0,0
69,1,山梨県,17.876237344330296,109.9875501213808,48.32941800492955,41.129544435708766,9.401746896670714,0,101.1148373534199,10.0,0,0
62,1,徳島県,27.45979414906035,160.13314991512704,89.47943931002241,42.403958337394535,38.29141549502385,0,92.56244409677747,10.0,0,0
49,0,愛知県,25.705633274600928,134.4486973590323,38.27341195006341,41.818507151534845,12.233367298402515,0,76.25315144929434,10.0,0,0
53,1,神奈川県,20.83815856489454,115.6451696734606,59.629981728049586,64.41803906165548,25.598881922403635,0,70.91494834126478,10.0,0,0
44,0,愛知県,18.35021135946462,131.6393699587917,23.256385715340837,56.2709917573467,8.805305690429435,0,93.48721412383551,10.0,0,0
50,1,愛知県,20.696374785119332,124.65315812741882,106.73902798230559,55.95199728157283,24.501701626416626,1,105.06607433590733,10.0,0,0
50,0,千葉県,12.767950198143557,105.95837982308015,54.05628174975127,41.449653978624,1.4588135203458616,0,92.83993716734614,10.0,0,0
71,0,愛知県,19.373570835340725,94.1718729930745,78.35748410517918,42.1506121739776,4.392972296301274,0,88.80609302681401,10.0,0,0
50,1,滋賀県,27.40473826595297,143.4290994960607,103.29298568037515,42.70872393820711,9.840757922877104,1,100.45861870168564,10.0,0,0
64,1,岐阜県,28.944680311407215,158.62494789294237,62.0815320804518,40.90288907850552,36.422365444688886,1,93.87263428717704,10.0,0,0
56,0,鳥取県,22.828349282104988,113.66043204252992,179.46506519992766,42.93537547383502,7.39788379506502,0,100.91851642266812,10.0,0,0
43,1,大阪府,17.01329590301827,84.20872455682348,18.461014695943263,54.68386006491821,0.43602782193882,0,74.94459358436444,10.0,0,0
48,0,埼玉県,20.764460251552606,104.82997432230965,51.03787440326991,40.02388553866603,5.983518296556415,0,63.89265082235059,10.0,0,0
42,1,福井県,26.15549914015413,120.12351172293505,60.49681052750262,42.138404110077985,9.047150804471613,0,81.71288553412768,10.0,0,0
69,1,愛知県,27.368864471353227,143.90068028926535,49.51402206318422,41.66886567903427,18.131580715273454,0,81.68869850981528,1.7794435472570531,0,1
69,1,熊本県,24.334513654954556,93.41908425072856,86.18371925810476,41.59560794480353,3.8395892337402975,1,110.05308353758153,5.070176843535012,1,0
50,1,千葉県,23.18656489290759,116.39723588538305,60.96479398630341,42.36642306279499,32.76446304869865,0,90.94474905766936,10.0,0,0
61,1,山形県,28.675579602969183,106.40634258054708,40.07311912890256,53.45159348064437,5.53735062143482,0,100.47954425467262,6.94838552062752,0,1
47,0,滋賀県,25.031967433795657,92.71047767534569,42.26937347164646,55.494811661307494,12.447479744691476,0,75.64618464538502,10.0,0,0
68,0,京都府,23.555875674668457,133.76127398681626,82.33054541790325,41.084302956876634,27.61195740145548,0,91.10868699413436,10.0,0,0
73,0,京都府,23.968518147304398,113.66874505313697,100.88819746599337,48.770495243561605,27.54532398543973,0,102.96347800856023,10.0,0,0
44,1,愛知県,25.39275331494428,118.90425710037063,55.01672910520436,42.18809982078065,14.740261519203832,0,66.60553066922917,10.0,0,0
61,0,神奈川県,17.09958073379081,145.93958492771435,119.43542959664771,50.543054988791795,26.03441950069112,0,100.15967517779231,10.0,0,0
46,0,愛知県,27.819332326586668,111.86240210873196,25.719768735623617,42.0253803940942,31.029922087387252,0,108.72906115785187,10.0,0,0
46,1,大阪府,25.11158659979248,127.30499727549413,61.71159364628923,55.22329580482135,8.026911440087332,0,78.23808125538018,10.0,0,0
73,0,滋賀県,28.056568083126475,130.74377814834213,392.6333064988186,40.10464392060987,19.883156533241298,0,102.73272493530902,5.161951491251295,1,0
70,0,富山県,18.908899520644095,123.26104390373148,160.16009417506058,55.31797590770208,8.032936578336734,1,103.70116229953294,10.0,0,0
65,0,愛知県,27.920686649520604,158.63575430698702,62.94223444482772,41.2018754606762,8.759454800065733,0,88.96841221041159,10.0,0,0
66,1,愛知県,28.511213477391163,148.9288486022432,220.75211621332423,42.15103425571144,93.73229674307144,0,91.58602569993545,1.3539659018873629,0,1
53,1,愛知県,25.24475957686586,130.08147912217754,48.292289170808886,64.96677728039398,9.119635504078177,0,99.43984224546301,10.0,0,0
58,0,愛知県,20.7844704514217,114.9256810375212,99.0378232408463,56.530528880186,24.547168288501304,1,101.1945512922838,10.0,0,0
42,0,愛知県,28.176948712948224,120.74733732606485,67.07261054055232,41.30151306023564,27.06192134832422,1,83.0130528581952,10.0,0,0
65,0,長野県,15.398390639677475,129.49451052299597,38.241889420637456,58.12914254117648,2.84375142570829,1,78.60183763613011,10.0,0,0
40,1,福岡県,28.68900351314761,114.00249303251296,72.20999277844828,50.90872212285012,7.635040829837209,1,93.05804437311384,10.0,0,0
43,1,愛知県,20.8406427095611,107.7788371027174,42.396565189795474,69.0210583478035,26.27078810806038,0,81.71205283509761,9.283183985148828,0,1
49,0,京都府,24.430916573667297,118.7459351277127,137.79580074493893,50.84366050424581,36.41882699671167,1,76.10578425561117,10.0,0,0
45,0,静岡県,19.54082023796781,106.4369724470264,136.81460889762164,42.55921642871308,30.96364976344354,0,88.9672697960551,10.0,0,0
54,1,山形県,25.111951153917317,118.71263407126571,43.89127250761837,41.37031750246079,10.578618897393337,0,92.70914047869674,10.0,0,0
51,1,東京都,19.86033240341378,113.52464706639715,117.63243516746081,40.97836204518785,7.7981334545611345,0,83.13811436937188,10.0,0,0
71,1,東京都,30.688677969402253,140.3282996320594,147.78301048642237,40.98550874489963,75.28871519528562,0,78.982263476262,10.0,0,0
55,1,東京都,27.006006748160864,110.9581741851712,48.431235751926486,41.6684183009557,13.198230848499144,0,78.74011838534356,10.0,0,0
74,0,長崎県,21.264468109723857,142.08023575741052,178.41585789244243,57.42001518098251,3.919749656201468,0,65.11475062041622,10.0,0,0
60,0,愛知県,25.100447509113913,143.43638645024268,46.47666251899666,48.901675287748,8.62481937850273,0,84.26316613670173,10.0,0,0
74,1,愛知県,24.166085657528143,143.88706018818377,255.15374239676905,45.73318996188028,25.588804309452463,0,109.42200596145851,8.218096051316753,0,1
44,0,福井県,18.884904342493222,92.21608256639419,80.89427789564436,44.6051800397684,3.851796577717622,0,95.45365569608337,10.0,0,0
56,1,愛知県,17.797161041888476,111.61841315379334,19.987886970602382,41.63930272144315,20.912644916858287,0,57.976425500552324,10.0,0,0
65,0,福島県,19.372373870702113,110.81363393676554,117.76144211619305,58.320142438384174,5.284905042564297,0,60.93989675503757,10.0,0,0
58,0,千葉県,24.43665078250589,111.33092853050672,98.08200176582994,67.91871859514404,8.443939286224197,0,89.08965683622648,10.0,0,0
49,1,東京都,27.84189891378329,91.05350158389524,193.74187096489916,41.18060915925095,68.38313043381024,0,85.40659666864711,6.232595156434668,1,0
50,1,愛知県,22.36634452406157,109.32690152308405,154.56614642389457,40.996941684349025,29.25610768772375,1,92.17753665157272,7.965912140568853,0,1
45,1,愛知県,22.218871971695588,101.6569902290688,71.0038514580153,49.43660074217786,21.806235939205976,1,83.79626341585693,10.0,0,0
47,0,愛知県,24.930675500185515,115.74682112755626,193.97791958790606,41.089704040740166,29.891045489873854,1,94.10800856484597,10.0,0,0
56,0,兵庫県,24.798129581023225,119.92715246300051,196.42683335415074,41.11289027037913,16.65993762702948,0,79.7431725328524,10.0,0,0
53,1,愛知県,25.94826809227788,119.68056046134231,33.79717698209837,58.37354685790021,23.314803621895923,0,96.91823247659894,10.0,0,0
59,0,静岡県,30.05016820093661,128.79789787908206,408.80085273314455,49.47702917464798,101.7730157595686,0,124.17497621424138,6.900987780068849,1,0
52,1,愛知県,33.048829339010645,164.51344974662965,519.7257749078774,55.71149423056762,76.11142490903558,0,103.00111747440467,10.0,0,0
45,0,千葉県,28.86403312786729,158.749814178248,114.98449485331345,46.53860279799179,15.508758417351391,0,120.12448783430465,0.6153593364816301,1,0
64,1,兵庫県,27.07441154274304,170.21215170702996,166.20594076913113,45.6608151734274,38.74203362392205,0,99.55837447893649,10.0,0,0
61,1,愛知県,26.74104088716435,143.4662272593774,216.31350750193977,44.91521410912787,32.093156826678445,0,104.74975516567727,9.59825090130413,0,1
56,0,長崎県,22.813137406842714,119.37629422493953,123.13337229921245,41.03747582640845,30.187233021890506,0,100.58400262856573,10.0,0,0
63,0,神奈川県,18.652652083632546,115.99464778595294,22.956766153720938,45.88507997425454,14.253115432416518,0,84.1432586932741,10.0,0,0
45,1,神奈川県,21.300530537027136,103.0696900925977,59.28543375003147,41.174924107280454,71.87370352281833,1,79.50145684110726,10.0,0,0
40,1,茨城県,18.299546098811643,84.22306361650794,226.7105354400781,40.81812959536779,11.986738975934667,0,73.19350665578318,10.0,0,0
70,1,愛知県,24.2137524191013,163.81551581342376,101.19460691505893,41.90956298975283,3.3863927385674315,0,95.62216903372641,10.0,0,0
47,1,宮崎県,21.191787519508786,109.99654721475923,82.012463285667,40.97614214401235,11.955378771361838,0,65.0936504585974,10.0,0,0
68,1,埼玉県,22.4769006514178,133.13214538201282,355.4358412734978,41.92033870120661,15.028640576955048,0,101.61850005943732,10.0,0,0
56,0,長野県,28.567225454949238,124.70856911643669,402.3164805652825,60.39438343705566,93.6016712546213,0,100.98795987816425,10.0,0,0
54,0,愛知県,22.49643691837522,119.2336236499683,177.09300310683165,44.89950228043063,14.041793738921506,0,90.54633324246623,10.0,0,0
45,0,滋賀県,17.08847861597935,88.35884159309545,42.284515552134295,41.6135042815978,5.014174981990161,0,76.36198515392527,10.0,0,0
72,0,愛知県,26.804151549153612,125.80637621004489,101.95107915752592,37.91514561016769,9.173908095234655,1,87.39464385715237,6.1647271166431254,0,1
42,1,栃木県,21.301582615919514,92.61135836503239,30.417044892734495,41.380821505189644,11.618764676238246,0,67.9232216763779,10.0,0,0
45,1,愛知県,19.467532714042143,116.04600381808464,51.01303179280378,41.83379884494042,2.9104160657504266,1,89.7985387767099,10.0,0,0
68,0,愛知県,23.555217517261294,121.17107072528334,56.02674763446072,62.96337712600032,7.28866200532144,0,85.71899476406104,10.0,0,0
62,0,静岡県,18.337891294229166,112.66097490476322,136.2091180638319,42.08681104941526,19.086386791004198,0,86.20694187387538,10.0,0,0
47,0,岩手県,17.12465462135025,112.42816280599682,70.76444749734742,71.28464574442734,11.833403711930139,1,85.95656740852647,10.0,0,0
43,0,神奈川県,23.966995067326994,118.01252078690514,70.97550068292362,56.76509099898691,2.6368183570578445,0,60.90878230694165,10.0,0,0
52,0,富山県,24.974352635518613,111.62098232888495,65.89557811512722,41.603894990309485,2.2491543751782253,0,60.94405526793527,10.0,0,0
66,1,愛知県,20.587871899717612,142.11084330794202,34.22044857401584,41.4947001455817,28.673783289679587,0,82.01774296007265,10.0,0,0
47,0,愛知県,17.223570065320953,149.336313753847,45.16666723417914,59.38799233310449,32.74316427125979,1,92.38804639107482,10.0,0,0
42,0,愛知県,25.04907094745278,112.26295238185207,11.6184702498717,48.51270053258207,11.910754729513616,0,70.93637767121437,10.0,0,0
40,0,秋田県,25.6206535366376,101.02455030826737,50.19326343680472,42.5658599545594,19.760421271619567,0,62.91695385883811,10.0,0,0
45,0,愛知県,31.398994378263318,132.40635015174,121.45495148244788,60.48783103682353,9.342772777836432,0,85.55675803202467,10.0,0,0
66,0,愛知県,17.01119140074824,130.56608523512736,96.80145386331178,41.936643003743754,6.785882700977236,0,87.04875758056359,10.0,0,0
40,1,東京都,25.39850257558647,141.76576390027657,94.79632064865962,42.37323162368632,37.53242301623263,0,86.37310510829126,10.0,0,0
67,1,京都府,26.578585513626827,132.25211059976345,69.87772732373709,42.57235191789305,17.011026072962892,1,123.91880962417197,9.908425916135448,0,1
49,1,神奈川県,26.537904608583922,118.5231306272608,76.03150547521678,49.42068218429406,11.696521412819886,1,90.5646339923599,10.0,0,0
47,1,千葉県,14.238827375092546,101.3373691017643,47.56746292219248,41.33815170713112,8.328556094888308,0,64.91898261461661,10.0,0,0
47,1,宮城県,26.16712716065663,94.63694402024778,47.72080237458204,62.050382565162515,15.78792590828193,1,100.17548382416454,10.0,0,0
46,1,東京都,20.796386669643308,103.12016221930323,43.28837183002691,34.73302043598567,2.868947737576669,0,75.20285673738132,10.0,0,0
42,1,愛知県,23.28853546608372,121.1910876276008,93.88094061447508,44.78072555153805,4.005540545142949,0,80.90486494234793,10.0,0,0
53,0,愛知県,26.036079815591407,109.39211170012669,73.75589018168859,55.941423325943305,12.235283673656472,0,102.21488474260298,10.0,0,0
49,0,富山県,21.741961083311924,110.97564073980844,92.10196706076009,40.9887633844928,17.00393273946983,0,112.21015206739722,10.0,0,0
42,0,大阪府,30.29248968914798,115.05763158377147,90.92087849287054,65.25096399302922,18.505552768212837,0,86.53628193002014,10.0,0,0
74,1,愛知県,25.664189503091574,133.5798333883347,58.571888421707115,46.79025331305664,21.731558934777635,0,75.61468429290845,10.0,0,0
74,0,埼玉県,24.51199886029125,122.59629731480585,238.10881735754143,55.508818838152294,23.02783993378015,0,91.06146869010497,9.109299206472713,1,0
62,1,石川県,25.014427388802744,140.2089668860259,73.79914512311191,41.574852761244664,19.72233063914155,0,95.6104725817162,10.0,0,0
51,0,新潟県,24.178984854595367,133.3105343458014,108.84585882715864,41.213235413265465,37.127637294502506,0,82.66353953490545,8.847336428342954,0,1
47,1,愛知県,25.568076497686835,119.81588616620914,60.970757915517055,41.498555778702666,14.607256185261525,0,104.44187041263609,4.047733300307814,1,0
47,0,大阪府,23.95369662904384,127.66775834619247,110.15168296520419,44.707258675826736,10.66260252779279,0,97.24534755485371,10.0,0,0
48,1,熊本県,23.87615228067912,128.40635297037267,98.51422443537696,60.47000339074342,1.6462883460837485,1,97.01426555246513,10.0,0,0
68,1,栃木県,24.882294692403185,121.2879152241092,79.46754760458093,40.994778275909255,16.516677343813075,0,81.67252009567832,10.0,0,0
43,1,福井県,19.963430275390163,113.78901530004097,96.68081674013243,40.6888945791074,8.004027991647385,0,74.68048933641315,10.0,0,0
62,1,沖縄県,27.761382665932906,105.76734057875657,64.76613060063518,40.479330249892854,30.870911820863476,1,101.04826065296707,5.251098876125571,1,0
48,1,京都府,21.040959039248683,87.32741353222566,69.67869524403562,40.967790289422695,8.013786413046798,1,58.05086955771136,10.0,0,0
66,0,東京都,23.469967611225165,122.46354218213027,309.2774962777683,54.31516140507977,46.90408256806577,0,105.11307045789204,3.2609134062584313,1,0
72,1,宮崎県,18.7939160521014,96.10190195938607,132.8308942911475,57.5988575564583,24.888040399662877,0,65.29064689100794,8.400858464296586,0,1
71,0,北海道,28.57526295045382,118.78988115388371,63.31863606164398,54.738959647958055,111.60845220902848,1,99.62483399213338,8.208725656347884,0,1
53,0,東京都,18.831339018192825,134.7849794230531,70.510251064894,41.4449299241597,2.9528708763350497,0,90.38069175459997,10.0,0,0
70,0,岡山県,27.3575225247034,142.15659920366312,54.62202514220859,42.69279847796154,9.921810006681614,0,93.99437464180542,10.0,0,0
47,1,神奈川県,18.685466983297317,72.68550274738014,41.4812548613878,41.75223559359497,3.1149395329986413,0,74.63233799918093,10.0,0,0
68,1,愛知県,23.553675446819774,132.20631797576655,32.90087825361169,71.4985122761716,31.68213682993765,0,108.11502810517511,8.859591186708753,1,0
49,0,愛知県,34.24532302411621,103.29599689687694,147.9757050531859,42.38868522291033,71.57760327465053,0,75.06251851077907,10.0,0,0
57,0,群馬県,18.87102949657766,137.91074115943914,117.63604897907611,56.723550924059595,15.535780101854968,1,87.67178219297578,10.0,0,0
51,1,東京都,18.727992276319807,112.53310185534517,44.96731097368387,51.54206065476376,5.523903459751184,0,95.87617605203558,10.0,0,0
59,0,愛知県,24.440310340856733,139.75479251414174,139.00276818151738,50.342508630662145,61.53265960116632,0,97.69091339727106,10.0,0,0
69,1,大阪府,24.550866376336415,121.47644158054312,71.9111050859839,56.6304045146326,13.879565723771684,0,91.22642769896233,10.0,0,0
59,1,千葉県,21.409995829978694,122.00530584926673,72.37360948913022,63.30302102797507,5.542151830017195,1,106.05723828559385,10.0,0,0
58,0,神奈川県,30.809236310686575,149.1650522272748,110.58423292785106,45.919728237152995,33.90801322209584,0,112.82317654673116,10.0,0,0
45,1,神奈川県,29.445458268059905,134.45496174071081,122.53107952620698,54.616104459423426,20.41612688293867,0,88.03555441740977,4.355812157107318,0,1
62,1,富山県,20.144125220495994,126.02651717763698,73.7250671681837,41.44680921068756,9.057906734303293,0,100.02924727819718,6.532824966244254,0,1
72,0,山梨県,30.458635602419754,152.30254376030058,86.5241314812228,62.298411028501825,47.267867565307945,1,102.2050874521784,1.1336881248094666,1,0
42,1,茨城県,23.606341458572032,134.76018034447733,60.39412846692435,51.92595410251966,9.12052378819905,0,81.79828007471828,10.0,0,0
63,1,愛知県,27.60970024442994,138.40027362955558,95.42608077057156,54.683743206528675,22.002855847987746,0,109.9434748344925,8.312450206584675,0,1
43,0,愛知県,20.345877919789263,91.4644850771824,69.71432031157394,40.94224143967941,13.601095154864945,0,80.46406886932598,10.0,0,0
48,1,愛知県,21.660612213012,131.16456302387994,87.79051063091902,57.789748579262074,31.66253413129792,0,95.34538244426008,10.0,0,0
70,0,北海道,25.156032431362828,157.22068761912547,234.09876215979438,41.57193592591534,27.053615808585604,0,78.24656662068823,10.0,0,0
61,0,神奈川県,25.611652097401144,110.0973580754513,114.3402210139294,47.780412172394335,12.882939684293392,0,98.47786231978885,10.0,0,0
53,1,埼玉県,27.33176706284147,120.4270010451148,138.8583800721756,40.65273289475765,26.101496161286697,1,69.85035349249043,6.701432795228792,0,1
48,0,愛知県,26.15468761827247,133.28425888694872,79.03958637794913,54.63679845286815,15.15481624088155,0,103.95550735093268,10.0,0,0
45,1,大阪府,28.186067060190556,143.2621424412586,148.54366415693156,58.44328044361643,42.051178188278314,0,93.41399234326167,10.0,0,0
56,0,福島県,24.91396016835725,168.83303886181088,93.73622604119673,41.34174135478025,36.39876857924198,0,120.21488091296185,1.4533888676573756,1,0
66,0,愛知県,25.173409682285,111.7094209745553,83.22134912258224,41.82317872242167,5.899259969771068,0,96.21502953174472,8.207328627342536,1,0
57,0,三重県,27.257572371304136,110.56236509934699,98.52521581313646,41.19348935478954,16.989794493105915,1,76.27353812746308,10.0,0,0
66,1,愛知県,25.617729035718042,135.76187650192034,137.8706656853976,42.78432907598226,7.040993435155317,0,81.13184583419067,4.138946462300847,0,1
42,0,千葉県,30.68252742192221,122.38441035556234,106.88425443228601,42.78218702260413,7.116557696804434,1,86.66700390231387,10.0,0,0
70,0,埼玉県,29.769022239484023,111.62371809895636,24.860410575645542,40.99876932006304,9.629971306683148,0,101.15207410090277,10.0,0,0
60,0,熊本県,18.750270124328903,106.2033753976012,64.75809818205127,45.30610017598048,10.049485280728334,0,70.76967350496281,10.0,0,0
62,1,福岡県,19.904815367587943,148.9388351177466,111.82375772916055,66.1883827605668,29.04199883350973,0,109.42269245740046,3.794510564861479,1,0
68,0,神奈川県,21.731035098917804,125.76697386085925,129.78030691162195,41.27253785137874,1.067844958395363,0,63.01749652973508,10.0,0,0
61,1,滋賀県,12.580579033527233,100.35127037308212,36.18914846779204,46.60558991904507,3.834942917548664,0,99.59681694962453,10.0,0,0
52,0,愛知県,26.957676769656118,127.94453869093392,195.2231047894734,54.24926925442403,10.57515745920116,1,89.00373977786465,10.0,0,0
66,0,東京都,24.09859486830744,158.5972835508372,106.38836413161006,72.45040496315808,32.7732642787718,0,97.92264779983684,3.859002204310459,0,1
60,0,愛知県,23.334085557842243,140.3282829867729,163.45355760187513,53.60460629196004,32.6105855541659,0,94.30212885883581,10.0,0,0
72,0,愛知県,24.58121586406007,112.43684463247713,93.86917961820032,42.63642898025462,22.52671568900553,1,91.99010344299909,10.0,0,0
58,0,富山県,19.478339751068212,136.46725270507338,39.58300763850939,42.308865941119286,18.807224046642556,0,100.6200229993199,6.934134866454937,0,1
62,1,福岡県,23.129586921756548,89.17600536440462,35.3425919654762,42.49366995120524,20.04499472568452,1,116.83234428743631,10.0,0,0
47,1,大阪府,21.586205707878435,134.45441675631767,35.158130868965614,43.26030922547646,14.279108089128659,0,86.52920295432807,10.0,0,0
67,0,岡山県,27.426112280967462,122.41980225627117,71.69878289265574,68.73117321770633,16.98338876344292,0,108.41203162043793,10.0,0,0
41,0,愛知県,27.271271678036058,119.13321926400472,441.70470640869513,41.27776200724558,9.346603959059308,0,101.5864171388736,10.0,0,0
61,1,千葉県,29.213262461234837,130.51176604751328,154.15839896941438,57.22927778124196,34.910352652691486,1,118.57782051247099,8.813579408420745,1,0
43,0,沖縄県,19.169026728807182,113.84648841418647,129.83176870634966,41.92794831739388,5.546738711370893,0,65.94402948958016,10.0,0,0
54,0,東京都,22.359300665230084,93.11114126599267,48.20931638631348,52.62776078854423,13.815922011911166,0,95.14880534095212,10.0,0,0
74,1,北海道,24.74357222409184,156.00922189119635,92.75345514528443,42.222203106658064,18.947786321721257,0,125.0,3.4298326569607815,1,0
51,0,大阪府,21.38523068033506,98.66190085002727,19.975002404779556,56.94789160139991,2.1009232174953656,0,68.77205274960274,10.0,0,0
74,0,愛知県,31.621148249452027,152.41898303149964,318.02514593558874,46.68049870947528,71.89327231582972,1,119.46428426156724,1.959553310742781,1,0
74,0,奈良県,25.95548861073957,133.58862006940168,163.69498990509854,65.04993504551895,27.35452775400945,0,107.73633440381775,10.0,0,0
54,0,愛知県,20.93739005221619,130.06834869166576,85.8045478632659,41.47113307063333,7.386684617214664,0,57.26965653918149,10.0,0,0
53,1,山梨県,21.529057319653514,100.97885661488446,98.52659788313491,59.64798392242308,4.269530756014402,1,86.65070593294483,10.0,0,0
50,0,埼玉県,25.26488169351593,148.43665067052737,208.5857475090787,60.39596009166153,81.63231232501988,0,123.2481521189026,10.0,0,0
51,1,長野県,17.59241606983532,102.88681704134952,23.175595680366982,42.253475916052274,4.63355109570942,0,69.96969813702941,10.0,0,0
73,1,滋賀県,25.10310205430719,156.32725542627492,36.24033549255186,42.58074615972772,7.286553802650839,0,92.81312930881616,10.0,0,0
53,1,茨城県,20.595495924602393,107.64459117320675,74.40804526036003,41.07990419269099,2.4075509208826134,1,92.236483815794,10.0,0,0
47,1,愛知県,26.623356749877786,124.51293923762346,180.97663222823022,55.47833794144456,7.536316944921677,0,81.69210162669116,10.0,0,0
72,0,広島県,26.821780392868128,148.91902326166075,82.1877244993473,56.52220584957956,18.29090605463004,1,100.15631734563503,10.0,0,0
47,1,島根県,18.79109684448987,112.43140056831598,35.60812863250228,55.5501514432522,4.462656486208394,0,107.66248494991778,10.0,0,0
48,0,東京都,22.65157869316534,109.99033927355688,69.8792079896882,41.72271934814192,2.033011397734082,0,70.54325437433529,10.0,0,0
45,1,東京都,18.16798534881503,107.39041813579068,91.21023992513885,40.48501471970252,14.63232831190432,0,63.23019726293916,10.0,0,0
59,1,愛知県,24.628872167112444,148.40581186678526,65.50171058132977,50.53451688649681,24.92938591147079,0,113.63366107502758,5.6633438910434055,1,0
47,1,千葉県,21.754595777147177,112.73363049187202,42.48943059649759,41.95061628161533,19.50223572980633,1,89.27781570761248,10.0,0,0
41,0,沖縄県,17.68666438574567,129.51559150219617,36.380041331343435,41.35761199740722,4.625276236323568,0,70.4999106804284,10.0,0,0
41,0,長野県,23.448088279604047,124.78263604922498,30.119603078093476,41.25230892213997,4.1939062238593765,0,94.26684816785001,10.0,0,0
49,1,新潟県,26.964359558563515,116.44249776646585,94.02663599616757,41.93896107039468,7.473383828445279,1,94.2161851297734,10.0,0,0
65,1,愛知県,26.621060136772186,134.94921176058742,115.69196294532208,64.96686443682964,16.471134502359597,0,120.05921519952051,10.0,0,0
46,1,東京都,21.077240503115878,133.20297912143263,44.256650637593815,56.626936280077295,3.845891565319156,0,120.00605812034604,10.0,0,0
44,0,大阪府,28.223936883736755,132.22147816401915,77.82659028554775,42.50874090915676,61.693117470381,0,92.55743789057618,10.0,0,0
74,0,熊本県,28.061174749986662,128.7158594191442,110.30120344952832,41.42915672240732,21.63784910378673,1,93.28890236890301,10.0,0,0
54,0,茨城県,16.430132015849015,110.92207604468703,36.338957302612094,42.933953436148634,7.458827646407373,0,91.57075050337335,10.0,0,0
56,0,愛知県,21.427415716558873,133.8105720862852,56.55071373490855,62.30020193568691,4.267648853418252,0,113.35843432641839,10.0,0,0
64,1,新潟県,15.78341706982987,127.89855554245264,66.04141114677202,40.83487875505443,18.144639505777278,0,94.90587399603726,10.0,0,0
71,0,群馬県,30.21136085206347,131.9795767441267,62.94933463981401,41.337402605498504,12.020069653046706,0,92.14426920411834,10.0,0,0
43,1,愛知県,24.73870226399693,125.02484648454731,117.3402494023124,41.60400481639969,11.666209404966633,0,92.25333525104278,10.0,0,0
58,1,三重県,28.42366298243006,122.51170045827821,148.1923064272487,25.327659299567966,18.130499330053137,1,90.09486815793973,10.0,0,0
55,0,愛知県,27.25483760271234,135.50123849410573,165.07655166803409,49.07719893309768,4.949504893273225,0,104.44751249970064,2.74908706994875,1,0
51,0,岡山県,24.550780971058774,107.68703528940172,41.09909732297572,42.136942046377996,18.96893884780695,0,69.8273694611771,10.0,0,0
73,0,北海道,19.82910126708871,109.33326201284518,79.11371587241334,59.54492584236717,7.829720198194675,0,108.08454659726351,10.0,0,0
47,0,愛知県,24.534775833367732,115.29782483146643,200.24352985195887,53.19359069827207,17.39284977176789,0,82.03046594715592,10.0,0,0
56,0,茨城県,26.32100702122447,130.38608318388,78.63359369209918,41.830885622423516,3.1399057076590036,0,109.63973224419462,10.0,0,0
51,0,千葉県,18.87323555463159,104.99146387522256,46.579723495448974,41.813096628097306,25.089213208722988,1,60.29784760724169,10.0,0,0
70,0,愛知県,17.701869819521768,116.99515583523156,31.909158219854778,49.07452325675914,8.766956789097726,0,98.6709131886502,10.0,0,0
56,1,愛知県,12.563330103943912,95.04966652843629,62.943194754656936,51.562799245901736,10.041301588643186,0,89.82167203882936,10.0,0,0
67,1,愛知県,27.095497068254122,101.04278459333749,80.01400449792455,41.699573693174365,4.637810101627627,0,89.73840809653036,10.0,0,0
63,1,群馬県,26.352483953641816,150.39100459950902,104.61343712346206,41.83831440715446,11.815750121319057,0,87.52730494662732,10.0,0,0
41,1,沖縄県,28.29247258707867,118.68539755175662,304.8291533745418,41.33838832867802,33.30222533749613,1,113.63637710340214,10.0,0,0
59,0,愛知県,17.601943022132144,139.0732092325134,53.17576381477479,53.55307713687071,38.34195231595374,1,109.94441255607745,10.0,0,0
52,0,愛知県,22.869701256924024,118.54642617502219,86.49851361613518,49.092476208286655,20.761061193233758,0,78.52626944029309,10.0,0,0
57,1,新潟県,15.819993867442324,106.57001372772284,35.86139921377184,41.733001148987576,12.297595472859983,0,102.20964814782448,10.0,0,0
73,0,東京都,27.517418440970967,143.42917619723733,118.33915664720675,42.22550938211759,27.572474283293683,0,124.41601385059252,0.2344694004514532,1,0
65,1,埼玉県,23.132850031667914,125.81475441935116,154.28096684886054,53.415068362081435,15.017081611773134,0,120.76141148240094,5.513867785150191,0,1
69,1,東京都,23.292688947819432,143.8030004897838,97.47305733104201,42.37561870165375,5.011845758803068,0,106.71626727532593,10.0,0,0
58,0,埼玉県,30.68528573219616,129.02940674725974,171.0972138451721,41.592326595912766,30.04703691915839,0,80.69202789437938,1.8702246735489356,1,0
43,0,岩手県,25.761215580079543,68.96951434315159,73.64746908611103,41.28366486340237,20.08350679249393,0,60.80286607206148,10.0,0,0
73,1,愛知県,27.324067263447656,104.3262056863767,409.1232828922438,62.046101401790466,21.547807044797022,0,110.98829188267499,2.1304997338239984,1,0
47,0,和歌山県,24.95946052357204,119.01087741243657,116.95162901243614,42.22589084003997,19.100337982459813,0,78.60619650338846,10.0,0,0
51,0,茨城県,30.497038511784847,132.6847859026338,93.83648388035533,51.60160230134097,31.84265915553779,0,63.74458722732605,10.0,0,0
47,1,新潟県,15.383096202957535,85.42292961354583,60.797144682786865,42.00615656805076,5.1445382238300565,1,60.82117936191238,10.0,0,0
69,0,愛知県,30.306910388796673,138.44471356987074,121.67774874362401,66.94565292496647,23.0813278509818,0,118.39410402973294,5.852604025616528,1,0
50,0,兵庫県,28.985761826176514,138.04414859234112,128.84647105651587,40.364467790343475,6.992994150957725,0,70.7605659998657,10.0,0,0
72,0,愛知県,24.53477344083037,141.89961982893308,61.35218391308964,41.54712736840156,24.27834457152131,0,103.13460032538268,10.0,0,0
55,0,愛知県,19.160976295593677,125.78741760846167,16.327383489889055,53.19700532057232,8.299174121185233,0,86.04204096124045,10.0,0,0
52,1,茨城県,32.882351658410975,140.33130590486562,176.57910446046725,42.158178096220524,149.9866204268857,0,111.34376838332552,7.859461281759429,0,1
70,0,愛媛県,23.56872996587821,138.1543090630727,145.93410350619772,61.45677219258622,12.94355596001278,1,91.10477912173731,10.0,0,0
48,1,新潟県,19.066071383226017,76.68832462230905,86.37396255730994,59.09993567728286,54.232889416120585,0,97.17422015921984,10.0,0,0
49,0,滋賀県,28.38534102488488,125.89560664655431,66.3040861503519,57.296716841764024,19.01654408426917,0,89.20256952240133,10.0,0,0
41,0,愛知県,24.996969306532716,127.61671955266297,30.412388123005385,41.662106394155664,4.106338813885421,0,71.59864227177556,10.0,0,0
46,1,宮崎県,28.994085219316048,144.51780181572795,258.8271588800105,41.040323624145614,15.686989493321144,0,125.0,0.1558319827798841,1,0
46,1,愛知県,28.864585744060676,120.73294178557876,342.39513994198853,41.28582003176273,69.04060533563838,0,105.21958648859193,10.0,0,0
59,0,愛知県,24.55146454806357,129.30911845046703,97.46465602351203,41.62071614486445,8.12326709299267,0,109.62531780741298,10.0,0,0
69,0,北海道,17.69454647702991,121.17132664988794,56.51884597278821,48.057808146281495,19.747932088414565,0,97.06722137587745,10.0,0,0
41,0,大阪府,32.408538203717626,127.75748358446548,341.7349162705246,55.80453748959608,31.455839512308955,1,118.92145495596027,10.0,0,0
40,1,兵庫県,25.152768457079357,124.09841511869982,68.03673593720967,40.206621410755766,14.158481086137336,0,75.56044210694375,10.0,0,0
59,0,福岡県,23.906258674021963,144.54112097570427,132.86013245179362,53.55362066821579,8.33469266229543,1,85.82315743521438,10.0,0,0
48,1,東京都,18.486777056626817,118.375097059476,45.21685828680143,55.2479129064856,2.888047907211326,1,83.11562102379918,10.0,0,0
53,0,大阪府,24.643026043725836,121.41743676988511,41.50244455636056,45.749623146365565,16.074990018636804,0,69.05740515372517,10.0,0,0
68,0,愛知県,20.52785569463896,113.59065312015689,93.88663987087249,42.16298794104354,6.651131030294942,0,100.34794954935067,10.0,0,0
58,0,愛知県,22.888980145226704,109.72586095959353,55.2998123237682,42.428122127444205,12.19373349170712,0,90.80332849548769,10.0,0,0
60,1,千葉県,19.10289828893778,158.64705307279542,57.34836508758534,41.59153033394419,1.576893536053177,0,104.51774847039128,10.0,0,0
69,0,沖縄県,19.69125157441881,127.15014515573208,40.48160665199179,58.22481197815294,8.418703077939636,0,104.49331521289012,10.0,0,0
55,1,奈良県,21.407803977658894,132.03601540748858,45.15663101563328,41.203893416552816,9.02270557368146,0,89.36494893028416,10.0,0,0
48,1,山梨県,30.67588488753777,122.88990218344729,243.98623575346718,41.70676995285735,28.17049817832104,0,122.3859625013843,10.0,0,0
56,0,群馬県,23.673017493355378,97.17167158256674,149.7001239447632,42.41819572408513,18.184293168176307,1,94.1702360751482,10.0,0,0
69,0,愛知県,24.83682837043797,137.61585475936283,119.97563451388459,46.32000471389302,38.95977281613294,0,65.1248185438599,10.0,0,0
74,1,愛知県,18.840722709994246,157.4691099515557,78.01015816351156,42.42774908043763,27.552280655211813,0,112.68598788447342,10.0,0,0
56,0,北海道,24.974588960613985,127.13667836179415,83.04020479429289,41.304143239997046,60.29870270175391,0,124.42219909236942,5.971895027007044,1,0
48,0,神奈川県,26.603397227258643,104.3667829283524,43.27390907773016,41.33757857791691,23.0377392244123,0,58.68266974157046,10.0,0,0
48,0,愛知県,24.884028575154947,121.36170087954196,34.373815508462236,41.37029087023882,1.1760848657209986,0,91.61946286098654,10.0,0,0
47,0,香川県,24.65385165317517,116.0125302150453,30.476997458601318,41.17662532441295,13.49703806539079,0,107.1741748607711,10.0,0,0
49,0,千葉県,22.15592500203258,141.25622554404382,183.53316841671102,41.85608129119541,15.288115195571239,0,83.97670551421332,10.0,0,0
56,0,新潟県,21.738115988731696,142.89452746155808,69.71996959527623,41.14624653723642,18.817901089462527,0,73.9882542646548,10.0,0,0
57,0,福岡県,18.78162729765805,126.4336545485462,27.64623226821616,41.591592521097404,4.681137644865419,1,80.38004209344963,10.0,0,0
49,1,愛知県,25.42171220920778,123.55503375707562,73.83074404891073,41.88608276528491,5.575877506494014,0,75.6524380383888,10.0,0,0
67,0,千葉県,26.22119385292868,125.03745678412656,81.85947852270385,49.410671930069796,15.152809864485405,0,96.86338295811063,10.0,0,0
40,1,東京都,20.83383871773957,121.7131348903606,47.69346769601786,56.403093948535165,9.479738537406112,0,113.29439519205265,1.7607208289557614,0,1
53,1,大阪府,28.184665159467862,168.43877546633286,69.9764931288831,43.77199490973877,27.105447241923383,1,99.89069037358759,10.0,0,0
49,1,東京都,21.034096248898386,135.76270124693966,63.61876968003401,58.89366139045582,3.164652752677363,0,93.32800052689215,10.0,0,0
61,1,愛知県,15.025693929667728,80.18064131545023,25.18754338496861,41.084947850853126,0.4340600448043312,0,57.972066696850376,10.0,0,0
61,0,大分県,28.91406828466281,138.88291139745598,134.77824954232966,41.18403817726822,27.251178589811463,1,103.54254244296565,1.6143070367562862,0,1
47,1,福岡県,27.57627879707955,121.62908858022503,80.32781787336894,40.99552842288697,27.9989056231232,0,72.82468633035413,10.0,0,0
53,0,福岡県,13.569436505176844,98.2075937815969,86.081665025598,39.964213427196235,3.1197900265461156,1,82.00936769547742,10.0,0,0
41,1,愛知県,27.664449521546867,128.82955504511935,46.485907853170396,41.35204750211999,21.57612944022949,1,113.31836899156816,10.0,0,0
42,0,福島県,22.951141581527377,130.8955587137135,35.71372815145202,48.478946955286,5.041699782004809,0,92.45467214620648,10.0,0,0
44,1,三重県,22.31082244369878,119.7479740965026,148.31592350495654,43.67729716255071,39.18684657271073,0,81.44025003627047,10.0,0,0
53,1,愛知県,22.49631292155171,110.97446909592544,44.347527910057515,40.97940371334988,12.910469479538014,0,95.14851886964068,10.0,0,0
48,0,愛知県,28.16038854279241,116.03542098739442,100.95147695204489,40.98675027227294,5.804203690584742,1,103.69691388503229,10.0,0,0
48,1,東京都,19.4641332836834,105.12465712601634,33.76592912252249,48.16503758291604,10.598447964334198,0,84.30083227527967,10.0,0,0
55,0,愛知県,17.701467500210942,146.53214465733214,34.87700867495529,48.118262467397926,7.643104340473563,0,70.760957747281,10.0,0,0
47,0,愛知県,28.189112594948917,117.06643789067395,99.41435217412747,54.877717368898615,8.186791245272767,0,97.1463528352508,8.09675229828665,1,0
59,1,愛知県,19.705334149355952,99.14773603026359,64.13201444375898,41.20392010716109,11.288421884702947,0,100.15744153388641,10.0,0,0
56,1,東京都,26.833924541996453,116.18221311482274,184.06630970383364,41.819994940579804,27.222747376410545,1,104.84659797565833,10.0,0,0
40,0,愛知県,22.847923014091702,144.4464065107169,21.97611066651492,36.91413996083174,16.849946847375932,0,75.30548832140714,10.0,0,0
42,1,愛知県,23.993569804013923,141.27811870514006,42.26644048441453,57.59960744545086,11.720037374873506,0,90.65327537932461,10.0,0,0
46,0,東京都,22.715583171745326,111.70399205425956,79.30874740410604,41.14695593712307,52.538238215971084,0,81.59487208686379,10.0,0,0
60,1,愛知県,27.685892570759297,147.31534389601183,166.64801007800443,40.52059195351054,10.906957318707343,0,84.97198106170853,10.0,0,0
66,0,愛知県,19.57882594617112,74.22659886928487,39.701557862607615,59.029538687153654,7.619743723255438,0,93.74800091218844,10.0,0,0
56,0,愛知県,19.845055400239715,87.38245258447203,19.462690149849134,50.569621095413666,4.3459405616060645,0,86.04761409789666,10.0,0,0
61,0,北海道,25.3373360852747,118.24584350669478,58.5786266072703,44.31081410968518,15.27192528104904,0,84.68708641473037,10.0,0,0
52,1,愛知県,24.141799252956176,112.43967333477252,132.05317242928695,41.10126348263572,7.835772650748267,0,96.71853174012382,2.593614887842955,1,0
58,0,愛知県,18.738146271555824,137.69197002270468,77.95906027907779,67.13210623965402,11.34094173954562,1,93.73527387463558,10.0,0,0
40,0,埼玉県,22.94874900374049,125.615922379843,36.71149971619986,50.57136030421211,1.6295419649359342,0,56.00894097363327,10.0,0,0
67,0,愛知県,20.937372857999314,116.96909831018823,11.36938256055032,41.91056159946238,4.396561435707106,0,118.37403400392937,10.0,0,0
63,0,山形県,27.46149553714043,120.54237811699221,48.76926308460394,41.723128030224885,19.677976148144637,0,76.6110790669919,10.0,0,0
62,0,愛知県,24.07311403360353,145.5092052193394,141.06048137424827,58.248809045468256,12.234528398094694,0,82.97253519506403,10.0,0,0
64,1,東京都,26.841943135197305,123.45139382708878,111.04375787940361,41.858958051220725,13.763223384815884,0,90.98624095977037,7.406558971769126,1,0
65,0,愛知県,21.525984770897953,132.66706365442252,14.483057133752236,54.67148321769487,10.022331260491965,0,92.84695651024424,10.0,0,0
69,1,大阪府,27.359607163935173,115.22336065028671,71.02925321906673,56.33540100692808,75.31245385323459,1,79.16986796087176,10.0,0,0
58,0,神奈川県,24.05297864034627,120.84065815307994,157.53986034926558,40.966322587288744,4.851882829753315,1,63.66945846054314,10.0,0,0
55,1,青森県,21.248697391519624,125.35045244404468,37.325325325251654,40.62957727347074,1.3153498147848193,0,92.55715810628656,1.9725851612822543,0,1
58,1,埼玉県,21.258571723714496,118.64305642901556,68.9212055861402,42.39166007694357,7.640890792542572,0,89.25370684793714,2.1270211953935667,1,0
74,1,熊本県,21.49550460884108,159.79733223891375,174.69770356118192,41.126357166992385,38.98255797848224,0,109.64058111655106,10.0,0,0
65,1,広島県,20.69814311094602,147.41778350655858,24.536975958997296,63.30610015119422,5.031183025668624,1,115.52504671115712,10.0,0,0
45,1,広島県,22.33424954536715,123.3533340848389,23.843414412190334,41.54816524425306,7.117389565912383,0,111.40358582123166,10.0,0,0
65,0,愛知県,28.280201830071068,134.00079079650484,102.98738902245213,42.00427089852158,16.465478907535683,0,82.28147243148453,10.0,0,0
47,0,愛知県,23.873798472312835,130.359856939866,72.40770284874253,67.18397805177703,51.712429524147915,0,101.67637620574395,10.0,0,0
54,1,東京都,22.288653215836238,124.27472235474582,20.160584822739587,55.291162499164244,28.420948337205086,1,81.06515214510803,10.0,0,0
72,0,愛知県,15.771946265818247,107.1204431498438,54.11261341388703,41.011466937953536,9.349037518265508,0,84.29571290778146,10.0,0,0
40,0,愛知県,25.163056737325938,98.22527250183938,63.263854194825946,41.33753962591023,20.287066118146907,0,78.22322784600394,10.0,0,0
45,1,愛知県,23.268410422968213,103.32112324866763,72.51649127562912,41.89191301444947,31.06741583725822,0,70.9151884365314,10.0,0,0
54,0,北海道,34.251615265712466,134.51654408661543,439.3625886077723,56.771747053399764,145.72072329404037,0,88.89780102723915,10.0,0,0
43,1,愛知県,25.663396157105026,90.97999890277391,50.644305428806106,41.24839665353594,2.703142583836772,1,97.63952370400523,10.0,0,0
70,0,愛知県,26.151059969778057,119.12767545921953,50.793012141381816,41.392876210397255,29.22413491862936,0,97.49262706351827,9.312573895759616,0,1
51,0,東京都,14.28576942582111,89.2012483794094,16.032759689582562,43.67952342573726,2.8041094203665438,0,65.16149316628076,10.0,0,0
47,1,滋賀県,29.15527064009025,117.32339633397655,163.44832744759333,42.6334366063762,19.067518617888464,0,108.27522229249841,10.0,0,0
65,0,愛知県,24.088576095030497,99.06278006713244,97.51159883175755,40.994276834824966,11.289593884951168,0,107.82761836794303,5.153155831743582,1,0
42,0,千葉県,21.649461850718154,120.4849561906631,52.86336365882896,40.61545205654656,8.759826833379936,0,96.20860127735912,0.8233076978749018,1,0
59,1,愛知県,27.249615529552162,130.8524805840559,95.39647796451729,42.075890208910984,14.901740138250142,0,99.25592437741118,10.0,0,0
54,1,岩手県,28.961116029938676,112.72017271979142,75.90804926044363,42.145178898236864,29.636079273010385,0,116.6701213774309,10.0,0,0
73,0,青森県,15.823567949650966,137.9580351511015,52.933624415890584,61.80265250591639,14.238236656608336,0,108.70409853008474,10.0,0,0
70,0,大阪府,22.81194088567648,136.15524557400502,48.35670069290532,43.88422670600719,22.148354781076026,1,84.75559794748538,9.25705101383322,0,1
74,0,北海道,28.440986026308785,137.0835884712616,404.8293453173071,41.44113498177329,50.95791208166971,0,100.43757240605994,10.0,0,0
48,0,東京都,21.191797682457512,129.7469842615823,120.083708533815,57.69804180072334,9.046147912033339,1,110.1197442178191,10.0,0,0
48,0,愛知県,25.21957484996489,114.11321802983542,47.460731351858726,42.086566155963204,17.65446994607469,0,98.67170606538701,10.0,0,0
56,1,愛知県,25.239765689763278,114.87380320233329,35.38560750141951,44.797629793642336,19.041062246680106,0,98.86138119279764,10.0,0,0
59,1,東京都,26.27269219963352,169.56235580810028,129.7754632050479,57.42624367622773,21.142595146494248,0,105.65644871825087,10.0,0,0
46,1,静岡県,24.93156768349775,117.94247776469287,107.92567688382638,41.21174585190072,8.410953791033725,0,97.9197816129261,10.0,0,0
42,0,愛知県,24.850387866721295,119.75727204711595,138.14479135462744,39.97653184870107,6.1464944895567895,1,99.863313353525,10.0,0,0
53,0,栃木県,26.095207779689638,127.08192360539861,164.6608660123096,41.645614469077316,7.363063017361366,0,95.1381320662051,10.0,0,0
40,0,東京都,29.746292937822915,139.58622061829155,136.75075567017848,49.44815478052875,10.569276495212298,0,87.20728686217115,10.0,0,0
46,1,愛知県,24.150690344139534,103.61935583486078,65.80370447512284,41.625968585110066,2.9050460087828474,0,77.46588081177255,10.0,0,0
