age,sex,prefecture,BMI,SBP,TG,HDL,ALT,smoking,FPG,time,onset,death
40,1,埼玉県,28.410845767405952,97.18681419294604,177.92440759574936,53.7378596091348,36.052215461872414,0,108.8414594756813,10.0,0,0
65,1,千葉県,22.565672693857454,142.4089363460668,127.21654418390797,42.479280608614125,21.854459081221083,0,107.40557362956615,10.0,0,0
42,1,埼玉県,28.7426132204078,112.71888352126301,60.36912226525186,41.74557841527973,7.682704968752089,0,95.78634729851389,10.0,0,0
49,1,埼玉県,24.91443755199359,134.17088723406786,241.0544388068024,52.24458121007203,53.81798430722589,0,75.4339731271947,10.0,0,0
52,1,埼玉県,25.77512504407589,122.34063781429424,92.2353640911275,42.14747803383437,28.920360363886445,1,87.29212530918119,10.0,0,0
51,1,山口県,24.194297857306605,99.22374189795336,97.73686546425306,41.887739430247386,71.76020361734467,1,106.48915525821882,10.0,0,0
46,0,静岡県,27.12191848595309,129.31349458088704,133.0204386559392,59.591677535839644,32.901620888046295,0,90.46187221069091,10.0,0,0
65,0,埼玉県,26.430268472277994,152.7726190884169,96.97828823428831,41.870826430137456,29.196895719281322,0,88.43201915950043,10.0,0,0
70,0,東京都,21.413617557077185,174.0623952902941,183.39302817763877,48.578962822937314,28.906630174557108,0,108.22727772235629,2.3041821041174155,0,1
44,0,青森県,25.944843531389612,128.57794051108755,122.59165875068508,42.43118316848676,30.855528238972088,0,80.85387586697058,10.0,0,0
62,1,埼玉県,22.29315979119149,129.78213399503184,107.8285772312211,42.103405988978956,14.014795782737806,0,102.83073173523539,10.0,0,0
42,0,埼玉県,18.707443046579915,123.84206850073008,72.80800366801596,56.15409871592147,13.99558643427261,0,78.37043090047682,10.0,0,0
72,1,愛知県,18.50455080495917,110.84354549958995,112.02734800133048,42.410579948391394,11.268865061443353,1,84.02427453405754,10.0,0,0
66,0,愛知県,22.563557151102156,117.29977180115986,79.47257852196574,44.25248267830043,86.70076362073812,0,98.1219061114838,10.0,0,0
69,1,東京都,23.071698943962407,141.82667551402818,129.18354220958588,35.111508358288084,38.5826307387872,1,105.37193257793928,10.0,0,0
49,0,沖縄県,22.541895340866905,118.6145353923724,41.560724464987636,38.89276973927042,7.475491963641934,0,95.422064423662,10.0,0,0
47,0,埼玉県,27.028289994586302,125.91829203333077,176.24633635999382,59.870184215200446,21.257256682702597,0,116.00163266636461,4.305095362387063,1,0
50,1,千葉県,20.79296039661485,104.91841065471483,24.36848135620877,41.218847445714026,13.625646518230592,0,88.68591774842814,10.0,0,0
63,1,福岡県,23.92098548311282,143.74288780811264,182.9927540607904,48.31029345660572,54.032958566438566,0,115.77162992841504,8.860299714906146,1,0
60,0,埼玉県,28.528863368708073,126.24491887244864,107.60813330136605,41.90245706107165,4.651714504788086,0,74.85978509496307,10.0,0,0
73,1,東京都,18.53050295425722,129.80197692528705,159.38485499378785,58.05464162968584,8.144538082948168,0,85.50148018415057,10.0,0,0
46,1,京都府,22.777188946201903,107.20438724162325,212.03577189397933,42.007310371345255,17.80452624990553,0,96.84474205738064,7.961043690879339,1,0
60,0,徳島県,14.085583911583264,79.62596588084578,37.059173861220025,40.76431260175647,1.9637074914655748,0,92.11735515847654,10.0,0,0
66,1,埼玉県,16.668399974735106,91.99634143968365,11.424918893444088,42.6091455529659,9.170946210697455,0,60.64130952981556,10.0,0,0
54,0,埼玉県,19.67006981516582,96.61613461185769,49.27691895185796,42.075646036177496,8.237244062134634,0,92.69213947046387,10.0,0,0
61,1,神奈川県,13.620009124024108,85.25234819675734,114.97977416092681,57.121804030580286,6.882842408438109,0,73.75442798609345,10.0,0,0
42,0,石川県,20.823566873110735,111.71554204896704,75.77216934012395,41.45077558755961,7.762311235002993,1,101.04193205017356,10.0,0,0
63,0,埼玉県,25.484133313899328,109.24810861705008,98.24551858263489,41.883152564861945,21.757055580737703,0,96.43313218564863,0.03559206023271732,1,0
42,0,茨城県,22.732756082555177,121.09399350663084,131.37717203872455,41.36992490200224,7.345875889870519,0,93.82069765547746,10.0,0,0
45,0,三重県,17.245783683410384,106.49987257128937,28.89736907461059,41.7075646911267,5.754463161737008,0,86.76667927055789,10.0,0,0
49,1,福岡県,24.29333924141419,142.92223265276667,72.06681831267015,42.530499672185826,19.470602721948367,0,89.41418643015085,10.0,0,0
66,0,東京都,23.72095129886133,128.24913388290457,110.79616026394433,42.02632826018542,12.229120854222044,0,123.9075451189503,10.0,0,0
51,1,島根県,24.90611226378378,131.15905523524623,67.08161391611596,65.18864230167526,8.59382778430938,1,100.09585688898521,10.0,0,0
66,1,神奈川県,25.476916305330075,98.29771962277229,99.23293721663683,42.1243914316155,7.152486910813749,1,90.50713807298844,10.0,0,0
52,1,東京都,27.750574291329222,137.0114564008561,37.970977842809965,41.624875176825604,10.788014499493064,0,90.4730489518192,10.0,0,0
60,0,埼玉県,21.785160113714845,116.84943272420459,59.94071203750746,50.129999976535835,2.56501283072525,0,77.4520665773842,10.0,0,0
71,1,栃木県,20.410646716488245,127.60871852374646,48.44325108342923,54.67059148543705,14.461739412390221,0,123.87504594067192,10.0,0,0
57,1,北海道,17.12148421879743,124.19497247249103,44.10442342342434,41.799359462907624,12.423968057501837,0,88.97513498462675,10.0,0,0
65,0,埼玉県,26.22840921321676,144.79119651728683,158.84026866916759,41.55439217877425,15.369351325928553,0,123.2384032760204,0.6407900966558651,1,0
48,1,福島県,22.32216668047433,124.83123488832412,56.94532986650136,41.86955723976237,23.18325932331499,0,120.33333284083447,10.0,0,0
61,1,愛知県,23.646496126187497,108.91429165630271,132.78327875536064,41.107644433628714,16.02511434623668,1,88.30026026201408,10.0,0,0
48,1,東京都,28.0037130800864,135.7225892859254,128.42114131284086,42.14498106408078,8.694333642993094,0,105.41258057275932,10.0,0,0
41,1,千葉県,22.679276016293027,74.48818844572914,57.647318291151414,58.61744225826312,6.962097247856629,1,98.55521929265562,5.075796523112082,1,0
64,0,愛媛県,21.490101379738174,98.08384176772016,436.7537832297623,41.10348484531753,25.752185007771953,0,69.06771953395132,10.0,0,0
73,1,埼玉県,19.082196347402718,145.92035864836464,40.58491332863745,72.90229843479281,30.033404882259145,0,124.47202482052244,10.0,0,0
60,0,東京都,17.04663903478571,97.07575379926374,31.886137207655842,41.69866544978949,2.4268599022343804,0,77.6740732909375,10.0,0,0
44,0,大阪府,21.150783251273197,97.72359440678026,178.49711578304365,49.96618207992622,30.86213744680466,1,96.53242663645568,10.0,0,0
44,0,愛知県,23.580274261963037,129.13586620563512,129.620876668349,63.416592958331066,25.167856924130945,1,106.13987179150455,10.0,0,0
72,1,埼玉県,17.366556325347513,126.72186055075932,114.87138334705877,51.13519412807434,28.106454088088256,0,76.20645750019395,10.0,0,0
60,0,埼玉県,22.027295115793248,123.5093390385804,62.64585452274589,51.63051646478324,26.659098581917487,0,100.78176456538621,10.0,0,0
50,0,石川県,28.08254785099109,124.63330100555739,183.05331645025174,46.88920243421495,6.093219875423485,0,87.0951788971838,10.0,0,0
62,0,埼玉県,24.980925711859367,145.37956098195554,70.60820544078507,58.07258889054346,83.11440885317108,0,102.55314973226882,10.0,0,0
64,0,三重県,25.896318978763816,138.74036423491265,75.78344691831792,62.124090396339454,26.549955902445873,0,67.34933141194128,10.0,0,0
69,1,神奈川県,21.48994450138211,142.1149476620924,210.07475174267879,40.552680454837,11.961419634246264,0,107.42062393325344,2.674767521348238,0,1
47,1,北海道,27.276985278135907,110.52947513118511,210.03287844785373,41.3087944441447,61.840781228216514,1,95.63234707097176,10.0,0,0
69,0,兵庫県,23.264608952722686,152.1645387632631,91.66859385723113,51.11672680663128,20.69853471015788,0,117.69449780511748,10.0,0,0
40,0,兵庫県,24.094910789235477,114.84869757541671,24.6870771581641,40.85763178254705,67.870776597462,0,77.36950565568407,10.0,0,0
65,1,新潟県,29.914962813309213,131.56519540834552,177.48072562905247,41.241648681711986,28.80873355211258,0,91.41191858215818,10.0,0,0
49,0,東京都,27.478739535503852,134.76879390413146,83.62262666531069,41.844831569613085,19.964222121336377,0,90.74158211516898,10.0,0,0
72,0,埼玉県,26.663727991614717,137.6894053747917,43.41684925115234,55.49730964129834,8.815174573477485,0,102.41596296117415,10.0,0,0
71,0,岩手県,27.024099398861903,127.95052428275702,122.08290098405921,55.8028847251288,115.77906435946166,0,116.12946546029536,2.151103700551071,1,0
61,0,埼玉県,20.803708353710693,126.66227634719756,12.543026746252867,41.61031425196658,7.450083375077703,1,65.65417237725926,10.0,0,0
62,0,岐阜県,27.609749534729602,126.88654399531674,102.61464930289702,41.23385698438639,20.300649682317058,1,92.0083209710505,10.0,0,0
63,1,埼玉県,24.67117548930609,128.50803110131068,43.46037185987432,41.54244007044274,3.226349319184266,0,107.3927752103457,0.23441786685524202,1,0
47,1,埼玉県,18.908770224192754,86.6453704625087,13.971739520052816,42.52399099472926,0.43741742387837873,0,98.4731930765173,10.0,0,0
51,1,埼玉県,22.717715183572118,122.93049475274405,89.27934489607976,42.49071274949839,6.985754810974172,0,83.84903605215989,10.0,0,0
64,1,神奈川県,26.763380474065887,129.16628552117734,55.0463026667015,41.41955922913212,15.721299781376322,0,103.41128948184382,10.0,0,0
42,0,埼玉県,27.29052692009086,144.818362722797,71.07000470812473,60.29542947075716,4.930107498817831,0,90.66435624353305,10.0,0,0
61,1,秋田県,20.92726873727031,105.21685358506105,43.28694949476267,49.816057844793676,5.786927042427193,1,93.8278249181216,10.0,0,0
65,0,岩手県,19.302734542061916,96.74276173074765,34.19424806970757,64.98833952610181,3.0937620817235882,0,84.63042368001564,10.0,0,0
65,0,長崎県,26.560020267286454,105.52832215449043,26.426544272106025,55.4852365262406,8.808027223642156,0,90.83529612807725,10.0,0,0
73,0,静岡県,26.080935781451597,157.31502720661348,86.63884884631668,59.1230777504444,16.412593570026182,0,91.05945325634795,6.144744493871784,0,1
57,0,埼玉県,24.426509238184014,141.6639530024877,75.2940381080141,42.46633609574746,28.182071645972297,0,123.88267317062643,10.0,0,0
68,0,東京都,15.067919955456226,110.35210448939971,119.1815454393996,42.220198604974016,9.15178084845104,0,69.0037843220754,10.0,0,0
68,1,石川県,18.39005408096839,114.96596242650364,77.90458523772645,41.17340976200509,6.2035120822022805,0,120.12004631328568,10.0,0,0
64,1,長崎県,27.376905141856053,113.07114363070289,120.93736795669483,41.373315233606704,3.8468126103898572,0,85.59093856045274,10.0,0,0
45,0,長野県,23.052919526839155,107.19681228032317,61.93149976101889,42.06821077692119,14.972130524658768,0,88.80783327690787,4.028346050703234,1,0
59,0,佐賀県,18.47604367955953,121.40359501682669,32.80651632001625,40.361026763493975,2.9923390809919264,0,91.95747495583646,10.0,0,0
63,0,大阪府,16.4929458413272,135.33262600545052,63.1967187053571,55.20882636968434,3.187186837464525,0,71.00273533831873,10.0,0,0
47,1,埼玉県,21.260028478940793,134.7416565329192,242.8106646994367,42.49314734292448,18.533066945389717,0,87.04969663950992,10.0,0,0
47,1,島根県,20.22014349585298,139.3187430699457,243.22459842494445,41.8761615017933,10.64895040003053,0,96.11955945569004,10.0,0,0
50,0,岡山県,24.259911245609487,116.46077809198641,48.889204136933316,40.69137064675412,14.905245981366763,0,89.16011261027697,1.482331327249227,0,1
64,0,埼玉県,33.590564168996906,97.91559851107674,110.23655178044893,41.74531738873546,24.75368375131977,0,88.19463166625493,2.9231303875363865,0,1
66,0,三重県,23.103687772351577,128.538048005627,160.06415562147725,41.138454356835446,53.44912108724786,0,107.10528905216722,10.0,0,0
47,1,埼玉県,23.657573008319915,86.92435374084805,63.1116724402568,60.190406504758116,15.862686012691015,0,79.73978932905273,10.0,0,0
57,1,埼玉県,26.21306581934156,99.07895090800864,77.35678968049054,42.29522813451691,72.21368946550312,0,93.09875170978404,10.0,0,0
62,1,埼玉県,21.287952258970076,161.08855273643113,66.58553469412767,43.479099696271085,9.148797318206416,1,109.65056214108237,9.636932306207646,1,0
43,0,埼玉県,21.023183442163667,108.35531588703667,43.12403637401334,41.478966550286685,5.202343945545419,1,84.16362487821354,2.907081013092513,0,1
42,1,東京都,24.004613438891138,108.65061854209414,69.74828071672526,51.35480443722568,10.490500125778237,0,91.26510551942688,8.754255919325466,0,1
68,0,茨城県,19.002940080553945,91.2308029745343,76.05119271591154,40.93626821810381,7.626873946362037,1,53.90298850317057,10.0,0,0
49,0,愛知県,25.87926151636083,123.74704649986026,138.67562993083982,40.934664657333535,40.67675102928878,0,106.00063500016013,10.0,0,0
66,0,長崎県,29.708848262319968,161.32770217620464,107.73655536145543,41.06286252802084,7.021083812749352,0,117.81347893468295,10.0,0,0
67,0,東京都,23.547059458149306,128.6337492315466,52.230194969475434,41.362548407006685,7.430794175080737,0,106.23974749020883,6.259144178771367,1,0
54,0,石川県,23.552226335243834,144.35748441132318,143.61836289474562,49.23202306462803,31.007092537635575,0,117.96576011859973,10.0,0,0
73,0,香川県,23.539472248824985,161.3051570262017,98.20266458249252,40.48354441901675,13.6253439737425,0,97.1658869181874,2.9823896650746526,0,1
59,0,鳥取県,28.103597512915236,147.0442825219173,138.67243569963802,41.4230095243299,11.099520200759052,0,112.99297306741275,10.0,0,0
52,0,埼玉県,25.628778553911964,100.10259117075736,50.100268360893196,40.61442487404035,23.674306877488263,0,86.5043109643969,10.0,0,0
56,1,愛知県,21.812422580382805,124.0619937626193,131.33217031263172,42.982807410658765,2.462056152858635,0,85.71380350154782,10.0,0,0
57,0,京都府,19.903433946455934,101.36021751233697,7.234234616124226,57.65633587901289,3.7596847866826932,1,65.51296651558245,10.0,0,0
54,1,埼玉県,25.801004339330614,109.7186332688318,120.81031950684424,40.548929682944625,46.58911107135318,0,111.67334468132925,0.9484746716941513,1,0
62,0,茨城県,33.82311227404843,125.67336320795093,107.14109941836212,40.98981586608781,2.6568894376517305,0,88.4857351701911,10.0,0,0
45,1,埼玉県,19.102853023525785,121.38059084002091,115.26092812716173,42.20804822388005,16.79703362061633,1,86.79099203700044,10.0,0,0
56,0,滋賀県,22.99803131798838,116.93668321115288,58.237155707282376,41.38415607684899,3.2073679267716315,0,73.58008819408155,10.0,0,0
65,1,群馬県,21.732901008430474,108.850810588734,35.17716750005906,47.3735540035195,5.230211370568524,0,75.30402640153896,10.0,0,0
65,1,東京都,25.076509809246676,136.9622745114079,164.53942558094735,43.05415497979984,27.54351051755217,1,121.62562724070062,9.620670923970073,1,0
57,0,埼玉県,28.474016649656264,144.9097019320749,131.33304325817446,41.525360134127396,37.89192381049037,0,85.63064819662084,10.0,0,0
55,1,宮崎県,29.32340297346128,128.99417308893197,264.4832040736502,42.064107990666756,59.26679305082464,0,109.00850991547951,10.0,0,0
61,0,埼玉県,20.097662975020718,102.57003984375218,28.806508311821997,41.25358671232686,1.9306527656285866,1,82.58542621908819,10.0,0,0
44,0,埼玉県,22.456175127754125,101.29423679869095,40.6035005893091,48.01071884589275,6.918290431905608,1,71.42227140614791,10.0,0,0
40,0,埼玉県,21.803910395753178,88.38588695433535,17.77622205496584,55.03009473607316,11.991824952411601,0,83.85720834642466,1.9437247277267027,1,0
70,1,青森県,16.52322626850863,121.90142667555064,64.98658746741407,41.828349067123526,23.17539895429138,0,103.28531639160055,10.0,0,0
52,1,新潟県,27.959888488035535,135.28947820251108,116.20893204407025,41.38801008121712,94.03964817326552,0,90.9273340178048,10.0,0,0
53,0,山口県,27.641318581835638,138.44482018279905,165.15141709854726,55.22023876041766,37.74127051918927,0,114.19827054344746,0.8036693594124749,1,0
56,0,埼玉県,21.53685266728821,126.5895896317197,36.955183960880596,41.61029211450002,17.79931553495173,1,93.63512565234515,10.0,0,0
46,1,神奈川県,21.68166023537338,100.24932769290369,96.05848371020934,42.30799465022137,10.991448108124063,0,81.67831556245608,10.0,0,0
57,0,埼玉県,23.46232814242993,100.10046864787121,63.22191838991381,58.387029822288135,11.369091850081947,0,110.27678851509513,10.0,0,0
66,0,埼玉県,26.47859085440658,119.16978024973807,204.2263690383345,55.31122509443859,64.65469002298299,0,85.97693914447127,10.0,0,0
50,0,沖縄県,23.00053091304257,111.72916524719551,32.82317434936661,42.009525069730195,7.786966801575193,0,78.43487470348398,10.0,0,0
68,1,神奈川県,18.884533962974093,102.56292268433698,159.06500012101782,54.039575974442506,5.023741321420888,0,91.05352616468491,10.0,0,0
49,1,埼玉県,16.315922774557286,101.85262019147353,26.69252076743576,69.4050481244937,18.47087440465633,0,74.06536818691087,10.0,0,0
70,1,東京都,22.175852651143316,132.86528985006035,116.02713269253009,40.70749142586104,3.7229572934964694,0,79.46980284287689,10.0,0,0
54,1,山口県,19.864117941760355,132.70536754762452,94.05437116041043,46.89048801007104,13.832947654454703,0,103.82825815100108,10.0,0,0
46,0,千葉県,33.967613105555046,135.24272113682215,137.83966978358367,54.60392639925175,43.58163936918736,0,110.16727096580104,9.669817665572074,1,0
49,0,群馬県,23.53055675396905,129.3507687918378,113.57100971772955,40.865925730903456,21.716107702196172,0,90.32888710919256,10.0,0,0
70,0,神奈川県,26.215742309653635,141.14112833564587,174.5780426687387,58.30718095725642,27.981069896364772,0,106.36700899552477,10.0,0,0
47,0,埼玉県,16.947344289914934,135.6143435509844,189.84274023311454,40.97388108239137,10.167109877887572,0,99.23356619211859,10.0,0,0
41,1,東京都,22.548558679348552,86.33004690135724,33.74426842543926,57.95775956467372,16.796962657674133,0,90.94929530751979,10.0,0,0
71,0,奈良県,23.797750599709516,106.96449206571526,48.95930838354377,40.893494836235064,3.9531196726066686,1,112.51338241246569,10.0,0,0
44,0,東京都,19.75579006715812,86.80476100866328,132.40086175293732,40.70794394302909,33.355661461266976,1,91.58459864148098,10.0,0,0
71,0,京都府,21.834528308234304,145.30810185389623,69.83379400274397,61.67329986137539,16.036257747264877,0,119.53471661405254,10.0,0,0
40,1,埼玉県,29.95777295191499,122.0209393189456,40.603221066522885,40.44299910239578,5.175877717101356,0,72.07743477492805,10.0,0,0
50,1,神奈川県,23.704313513970522,85.55122588844208,69.06207846056672,41.96420065168673,12.59235932039923,0,66.06126139470005,10.0,0,0
45,0,愛知県,26.378378376330364,156.23899845274013,160.84008125282526,41.509375630663534,22.670040558391605,0,71.94572979792434,9.264988889484666,0,1
59,1,香川県,26.93182693003716,114.38185163401123,238.11010968320792,42.13610900979061,3.576534640621204,1,88.75713015186618,10.0,0,0
66,0,京都府,21.97366319404198,113.42294205329496,173.1697263049831,41.916398463766114,32.6068626374399,0,89.04091996562764,10.0,0,0
56,0,埼玉県,23.218747115064613,122.45505767896582,103.49641852749606,41.09687656964554,19.149602369095305,0,96.2214538867715,10.0,0,0
58,1,埼玉県,18.86907035385256,127.20646442874015,155.0481309248948,40.93539912288023,28.35842648859817,0,70.29551245625913,10.0,0,0
56,1,北海道,18.071266818350082,123.43122740965448,58.010858295266296,42.8499058689537,3.762966444569535,0,98.42777028195289,10.0,0,0
69,1,埼玉県,24.59673749496127,142.11072887224643,70.08189893350325,41.13854416375306,12.67767700586037,1,114.58638673077071,10.0,0,0
55,0,静岡県,22.73543773690073,108.85457043828515,114.21896735507131,40.76915232246731,6.2201010324438135,1,102.64204117923924,7.816066351771354,0,1
47,0,長野県,29.98729449319937,109.87547645078752,74.64680145754755,40.637371981074935,7.893445073246564,0,82.03622941428986,10.0,0,0
45,0,東京都,11.500712565020777,84.21860000607789,35.79271005691245,42.447499110043566,7.557050128793066,1,79.18863792675434,10.0,0,0
63,1,大阪府,22.932112987360945,114.30855083449411,76.75561484851681,42.00368033020128,21.284469439793927,0,120.39512840365677,2.8593404439612304,1,0
70,0,愛知県,26.881364259123234,127.31211073439239,86.52570396910227,41.20744673921263,13.409686615390235,0,106.67500751639683,10.0,0,0
41,1,東京都,27.074664364981498,99.95267720792937,30.060231910338047,59.132424793195035,28.590045213348223,0,90.71219961943336,10.0,0,0
47,0,愛知県,22.27048722836936,139.05821847259173,237.73612836059806,41.87579762693034,23.091050915021402,0,112.71620580122541,10.0,0,0
70,1,埼玉県,18.311387944432816,135.22529124068822,69.06123517416123,60.819054041599266,21.48960030838735,0,109.65253754215647,10.0,0,0
67,0,千葉県,18.165916197305926,97.7198810899533,38.492667972475786,41.87743715986202,23.409287246324237,0,108.44526401333388,4.512473988657204,1,0
71,0,京都府,22.67170851111153,119.70797202014086,134.00088005236486,44.072640134067086,6.819214243759492,1,105.76709477298972,10.0,0,0
43,0,山形県,26.257581909868183,138.64695748294213,184.00058954864943,41.57939495866889,18.110243206643656,0,97.90016776311668,9.671026796128007,1,0
51,0,埼玉県,25.454666822177447,121.57513290017125,152.0222421791842,42.50332654453164,14.490531089753121,1,102.51364816325086,7.266591279313158,1,0
71,0,埼玉県,24.808048463672787,105.92945781273782,72.2958159901215,41.96998673941617,23.026075490620425,0,118.69936259813228,10.0,0,0
65,1,佐賀県,19.871693533245192,128.54740114002905,159.45630681066905,41.19154303891749,10.309151368866898,0,76.39038777156989,10.0,0,0
70,0,埼玉県,16.614643796762845,97.73519581570693,119.76130256997558,34.134850422237484,5.972338065756676,0,98.76503166824533,10.0,0,0
59,0,埼玉県,23.922986989188036,113.83107257691765,30.03956056276934,40.93185646579728,1.5313522957945234,1,95.43870518342366,10.0,0,0
61,0,新潟県,27.45566499571638,162.95820398262487,172.85873469954115,42.821285195487256,70.17576977308177,0,101.87258270845443,10.0,0,0
57,1,埼玉県,24.349088637791514,126.1191015882718,209.97810266589863,41.64575116876627,13.404554922620196,1,88.79885307015384,10.0,0,0
57,0,福島県,23.59244372066996,144.99058402133676,58.29010150884768,45.82140505298454,9.560870166350263,0,104.98812528244544,1.9511066759316775,0,1
44,1,山口県,24.503848600174475,134.60736690914342,66.2270663094031,61.7467206752639,47.7118155490564,0,99.91286258402785,10.0,0,0
52,1,兵庫県,19.904070855935597,103.59776753149322,86.53077508878094,50.369019311022015,14.172931163209828,1,112.11523217949127,10.0,0,0
47,1,茨城県,17.800056062612867,130.4079224205199,68.46064531949771,57.1478347181685,42.62089152685021,1,101.98415260349303,10.0,0,0
74,0,埼玉県,27.477531048348624,143.11268233008332,81.88996055891333,49.17526566837158,19.5822525453873,0,89.90562645399437,6.777839791431686,1,0
59,0,埼玉県,20.98702763073113,96.38076744377396,42.8825930968645,40.60636789836462,4.898068334662374,1,63.62290683078388,10.0,0,0
72,0,神奈川県,17.738985813425042,117.7742160155465,18.83875053445435,42.03456907341103,6.996305775632663,0,77.96575855067991,10.0,0,0
40,1,大阪府,21.33849556740549,92.72046804075786,99.69569406219394,42.218720243954,7.434708808709776,0,86.48916392191667,10.0,0,0
68,1,埼玉県,28.395739830827928,148.137555334046,175.7730285758011,42.493284699542144,21.23433456379202,0,92.14517152483276,5.194746724378315,1,0
68,0,埼玉県,23.29561577497222,156.78523963819623,82.6992058050891,39.44902445076223,2.82052354727421,1,101.23920583333145,9.670780949402275,1,0
52,1,石川県,18.240480755182215,128.9460612640981,176.35146680821637,41.642779474360495,14.42690956553573,0,107.33609227477882,10.0,0,0
63,0,北海道,22.87429899353168,111.46671907203223,63.33209290425671,41.1449186060504,3.963222595511489,0,74.27399273168758,10.0,0,0
57,1,東京都,24.28857010628779,142.9119438550566,62.21959057153647,41.15114735671576,7.201111689062143,0,86.48912527846541,10.0,0,0
43,1,静岡県,27.935146540304128,120.83897004426073,74.66705991709372,41.625363640913896,21.41509447407917,0,91.05351057485036,10.0,0,0
51,0,千葉県,27.156190240982436,124.22226518219945,132.13814874926675,41.64849999460431,37.60246249740241,0,94.42428723706057,0.9866285975409438,1,0
73,1,東京都,21.46051545881655,103.33270247047527,78.73304904790699,49.5301336774184,11.13881566919366,0,69.10093010657923,10.0,0,0
63,1,秋田県,22.953178636795293,135.56255265411951,38.37337207142634,41.89744250638076,22.08003846929242,0,104.5136726470698,8.611946392555732,0,1
56,0,山口県,24.95543279842272,120.50670407809903,94.11827320252168,41.49539254167997,3.1673014994160527,0,79.18549712707997,10.0,0,0
51,0,群馬県,19.97002643847748,115.94370967694867,243.3739043424832,50.994665654930095,19.939441832748933,0,95.59334161719195,10.0,0,0
57,0,神奈川県,24.76059659933291,116.75875142472127,58.87507188905069,50.31080730534969,17.792479682622087,0,122.3578473378914,10.0,0,0
47,0,神奈川県,12.958150115593536,92.99990675069064,45.71296358057433,62.086627484458035,14.458076540046772,0,59.829890005335926,10.0,0,0
51,0,東京都,24.449408393092252,137.06066646298382,79.86521391181631,47.534144222703716,25.766853051106736,0,111.10183426280169,10.0,0,0
48,0,埼玉県,22.78533819809391,121.07781072218681,14.906922611961583,43.2399397428594,6.204886355413832,1,63.73127548948931,10.0,0,0
53,0,茨城県,17.793665301504877,110.07833876708,65.51468872655644,42.05275498428921,9.304479259390101,1,105.18220192437282,3.0330344427989036,0,1
72,0,大阪府,28.83500386904223,136.76894440802613,655.6730223973785,41.79903293237394,30.20436432741988,0,125.94587170866835,1.0567514769463517,1,0
71,0,千葉県,17.153105331881473,84.25495393846083,66.62062796058547,41.24500559318495,4.960423227549874,0,94.04943805981162,10.0,0,0
62,0,石川県,24.11421665322513,116.08673093342577,70.56128933459233,41.78049428827551,7.1491007344756685,0,69.8835607988556,10.0,0,0
71,1,神奈川県,26.36201100727461,124.9156722908979,119.16637438524697,41.23717152759423,14.893905119478806,0,93.50386944652782,10.0,0,0
66,0,岩手県,24.459382703825522,126.02365394501625,105.7478315514197,48.154355730576796,14.851146533018873,0,79.4667168667547,10.0,0,0
40,0,埼玉県,23.221299125881544,111.36731770735629,29.92938083958845,42.3059917196252,9.901909893206717,0,75.66014874530929,10.0,0,0
42,1,神奈川県,23.103814916127543,114.11560488306691,99.44448222490952,74.29889547649273,2.814665526191833,0,97.2765138227471,10.0,0,0
65,0,東京都,19.65893431392644,91.90842645506372,68.22274243619589,54.352095281361684,7.8573822299611,0,94.43646727203867,10.0,0,0
54,1,島根県,27.52757043466469,165.8404737984732,112.93376391379185,48.562914553818146,66.34520957970315,0,117.74999237859521,10.0,0,0
59,1,富山県,31.647751821490033,134.1712959579326,218.64446121717646,41.941576599518136,57.38859488844085,0,103.34678767030279,8.11682090106343,1,0
52,1,東京都,23.99356999974542,135.94630857874375,111.17498593882601,40.80555121916692,10.308081365546213,1,106.50120333559366,10.0,0,0
65,1,埼玉県,18.67169086056739,149.93096811743175,72.52243552764773,40.767263065571385,4.472103674034394,1,86.61096172983653,10.0,0,0
52,0,埼玉県,21.556080491003694,120.55860139826363,49.277655160437554,41.69770363135782,7.315400376580434,0,93.56304064746335,10.0,0,0
69,0,熊本県,24.059967220920214,124.2367511706266,142.08102472534335,41.323249499271704,54.650739127564215,0,100.70501432878837,10.0,0,0
56,0,神奈川県,20.671767863871942,106.63060800469549,28.805249620313624,41.80892029466886,3.227720538696265,0,70.5370285442274,10.0,0,0
51,1,神奈川県,24.768657996268526,142.3139087854035,65.31499246442478,51.926561784158544,23.124492068825127,0,103.54668636477312,10.0,0,0
54,0,埼玉県,23.510835557361517,148.37527791015575,31.322228766380157,59.11776294730046,16.00052414598516,0,109.52309815834317,10.0,0,0
72,0,埼玉県,18.24334240300789,111.01059421502897,23.591136096850807,40.9355004423893,5.768361516972199,0,77.99491559671084,10.0,0,0
40,1,埼玉県,20.548822181096117,81.27142670284749,8.05052551527722,43.55086738289917,3.1439200873707964,0,84.83820428317186,10.0,0,0
48,1,東京都,24.322447371474023,108.4550982675461,116.27620368750392,42.560749264430534,26.29323346449214,0,106.48058914683928,10.0,0,0
48,1,埼玉県,25.117523160385986,149.34897032499953,174.24321903980882,41.88762403778492,29.443222310284302,0,91.33670503425938,10.0,0,0
61,1,北海道,32.951366521611604,142.40130617557972,109.39574857021691,41.47271570812543,81.59763614361184,0,103.97665664046367,10.0,0,0
52,1,東京都,16.59752684751691,122.13633424591856,62.65897234238851,42.248538485129004,15.68708412798134,0,101.26345075505557,10.0,0,0
58,0,兵庫県,22.549004192245118,166.23444071679916,35.433989822242886,41.5602038452735,28.26215614916125,0,115.51276697280939,8.450566539234055,1,0
59,0,兵庫県,24.666384503803744,125.64159832709032,70.25172083016342,41.402958097018185,13.158561985371154,0,112.14802435721936,10.0,0,0
57,1,熊本県,20.923878348464413,126.92345410880917,104.66066908849157,42.50757100349683,7.198348647879579,0,78.29671981452556,10.0,0,0
71,0,茨城県,25.91075701446616,149.3259995038635,57.0508217440721,41.31615261532343,11.158657065327064,0,95.88034033978853,10.0,0,0
42,0,東京都,13.511705423565797,88.37814142887277,22.644810309755048,61.10031338453707,5.7879724774825,0,86.08726835100101,10.0,0,0
48,1,東京都,24.344945156667453,120.77153901160365,96.57283005071679,42.31104802125834,6.313971873556642,1,85.72250432700343,10.0,0,0
42,1,埼玉県,17.300120888486788,101.5819123594127,35.276086689792685,65.01576908383443,8.94996074433858,0,81.2472047411311,10.0,0,0
70,1,東京都,23.428008820714762,121.38033017781956,77.05753263870976,47.034072067757485,15.87898518183159,0,80.31083389603823,10.0,0,0
63,1,神奈川県,14.60506330525331,117.21614729163738,112.38567603985659,46.18668672851187,13.077393583705785,0,95.59443584313875,10.0,0,0
65,1,東京都,23.05677864511638,122.44475843978832,36.430960635583645,45.59215089039028,1.9474773226851787,0,66.07399360751778,10.0,0,0
71,0,岡山県,25.19950947471162,145.95894021718377,58.21901518830864,41.670504212571906,4.501631033160489,0,98.66920184262212,10.0,0,0
67,1,長野県,20.36213120736965,109.72264981549321,142.34638097476227,41.294342836758226,30.67993897151127,1,88.13423088459419,5.281596745991911,1,0
57,0,岩手県,25.447569085385215,131.1833709150528,129.13825036298877,40.71117610457663,7.010808171626981,0,102.22444623361838,10.0,0,0
71,0,愛知県,24.33664928431929,132.55928425145126,175.53135765036177,48.863762926056744,69.3216956488179,0,83.52571834395471,3.035677989374992,0,1
74,1,東京都,31.263953802023195,163.5626400282347,182.9269876632919,51.013057168647094,39.44582534380482,1,107.5398374122905,10.0,0,0
60,1,山口県,27.52723554684354,137.79272384794191,131.51571755254872,60.68367686491134,113.91393315341278,1,95.59199740033799,0.8936795877360412,1,0
69,0,茨城県,26.37186699902419,131.8610362842788,196.17827257557315,40.823483084134374,12.965888077617317,0,88.09140975430881,10.0,0,0
72,1,埼玉県,20.549457549572484,100.10123376850865,77.52330891034474,41.299228568214154,1.433549134696171,0,78.88146006330439,5.992706452111687,0,1
53,0,神奈川県,17.155434743350316,81.97677331703318,55.65716844373852,41.31687149342494,14.086030688173182,0,92.94830606415883,10.0,0,0
60,1,埼玉県,25.88974459389367,130.38268960908846,72.56469312789972,41.11023768820725,47.34588129810977,1,81.67156434850592,10.0,0,0
50,0,埼玉県,25.950565788361583,129.58316336112608,120.73919256863462,79.65640770647184,39.60259777347924,0,110.24210033070493,10.0,0,0
50,0,埼玉県,25.122766896150914,125.55889560556842,76.67628960299146,41.814218934707185,20.711454210519598,0,80.82625921234066,10.0,0,0
40,0,岡山県,16.683328915550586,122.76917807346484,26.43338014256627,41.94049315018587,3.131782379338025,0,74.84418040908098,10.0,0,0
53,0,京都府,18.901425722220015,118.29961389157765,84.20144302977081,41.92411004782751,3.328598648630629,1,86.409487617503,10.0,0,0
69,0,新潟県,24.757967212409596,127.55189042975418,54.67240532429971,41.05008118355432,2.6496900912349584,0,81.52239279783876,10.0,0,0
42,0,東京都,16.664140914920317,105.5563894456254,54.691563362855376,46.1145644620915,9.968269581852264,0,60.758960025289795,10.0,0,0
63,0,北海道,30.447497691162432,162.9218718129202,172.8154645436077,41.83239415852426,61.045973940476415,1,92.94557360456885,10.0,0,0
40,0,埼玉県,25.834158087125164,96.91794308404118,67.25856226169151,44.31802664709911,13.55156757812344,0,110.35927593202356,10.0,0,0
73,0,神奈川県,26.93199592036415,109.87359969668667,178.43739917620877,41.53088596852651,38.82455944668688,0,124.9155684001533,0.9918492779021199,1,0
61,0,新潟県,11.504425207547644,108.49561491905897,50.176706706923135,45.21761234341395,5.938678387192444,0,81.94388047473674,10.0,0,0
64,1,兵庫県,21.60008166204754,91.3787824529928,33.266738750012124,42.53060779143076,27.176398022098315,0,107.80968133280028,0.6816555072842057,0,1
40,1,埼玉県,23.329401673021767,114.2804323858253,136.8337026381856,55.33949577523435,39.05012426592295,0,67.12731286954744,10.0,0,0
72,0,石川県,21.377153885771126,124.01896242881536,142.8845920650271,51.643806579654786,20.350595797445923,0,92.180729608819,10.0,0,0
65,1,埼玉県,18.78102492009068,104.68221953345687,143.2538885117633,41.86897814425853,7.44309147227577,0,84.11518109871889,10.0,0,0
52,1,埼玉県,23.824443552481352,128.67882427870506,167.3353124141423,41.64657800042378,4.500423054582277,1,86.48963713584067,10.0,0,0
61,1,神奈川県,24.67194927801492,131.15980438714493,103.49516098891488,41.96928765745517,12.574244743353272,1,89.6664798019993,10.0,0,0
44,0,鹿児島県,16.34100624410486,111.7792307741339,17.942791831260422,58.33202105510235,3.962465817548306,0,91.00938419502634,10.0,0,0
45,0,群馬県,21.353185936671625,88.96645632127336,78.16196252878927,41.08867347367634,15.695801669421481,0,64.90813129778618,10.0,0,0
41,0,埼玉県,23.66696429055908,152.55948871475863,88.92312467366749,42.91154296159492,9.562027949832022,0,96.9971853044243,10.0,0,0
59,1,島根県,13.671984869082573,98.00337834464628,33.44667474947556,54.1381286281301,4.720854616201251,0,72.23122656261408,10.0,0,0
65,0,大阪府,24.257026251091638,116.89145654605996,162.15142681603862,41.694320248174144,71.56503695534259,0,72.71442095496324,10.0,0,0
56,1,愛知県,21.22334195752733,115.91483168766581,132.2735239013288,56.52818979963506,6.5846198148656345,0,105.03891675873318,10.0,0,0
65,0,栃木県,23.05146442897619,115.93349123575389,81.33275992123734,48.93665111557248,7.1536746394370905,0,91.55205398543785,10.0,0,0
58,1,千葉県,15.87566830260326,105.21030407152875,31.962571426976318,42.29221488244884,7.97784443562418,0,87.06436404924156,10.0,0,0
45,1,岡山県,29.518582747160238,139.3051595393223,168.00869186031198,42.326471521393,22.872764221498525,0,94.46614453086204,10.0,0,0
40,0,長崎県,22.743748467112614,114.41748233032415,109.81260493777725,56.089869629293155,69.17649081284064,0,119.52855171573304,10.0,0,0
60,1,香川県,24.177525679057943,127.20517456721697,304.6150359226966,40.82344263997768,6.099280173784606,0,96.68271571805188,10.0,0,0
55,1,香川県,22.036908178195027,129.03427878636143,64.98521579817738,42.32282734621512,15.04493617174576,0,107.26234860438622,10.0,0,0
61,1,神奈川県,21.975163593969533,122.00321382333681,34.27855929658694,47.66160946041956,12.221950502334032,0,100.45153057495783,10.0,0,0
71,0,東京都,25.628367732999102,109.89809443821295,75.27915354378386,44.7800458723099,10.332754046657607,0,93.27392316802006,9.332982899020067,0,1
59,1,福岡県,25.787926061362153,138.07169470529217,113.26788126928517,53.859582055208534,24.779295475013857,0,93.24075660630358,10.0,0,0
43,0,埼玉県,21.81140195728373,127.44581077564253,51.2263358260554,42.15935884739105,10.44605357073177,1,119.33598012328457,10.0,0,0
49,0,石川県,18.88063353009081,122.9080510759979,83.58689233804921,41.14481327778766,2.088837501739704,0,116.23426510694037,5.3175094072283855,1,0
58,1,埼玉県,23.813615164547112,129.02017640845736,267.43110595336884,51.592397312484835,28.59022572456109,0,106.29212305063197,10.0,0,0
53,1,埼玉県,19.340371097853353,104.44892565811257,73.33843205475097,41.29214639239311,15.686951814338899,1,103.61929626781492,10.0,0,0
69,1,福岡県,26.58480809316712,146.00144851287715,231.7602628361896,57.35639658501655,18.8888487492582,1,103.6637878153524,10.0,0,0
63,1,岐阜県,24.357183855280102,128.79950561978814,120.47653212595858,40.82645061437401,7.048502701642534,1,85.01128104894174,10.0,0,0
61,1,東京都,18.977475836840387,131.16884663271873,199.5401329100723,51.57316176042137,45.523928022220716,0,98.66865053592049,10.0,0,0
43,0,大阪府,24.487700027948247,133.65879249117083,83.91332932673205,41.86950017134643,25.713694614019378,0,114.70166045844287,10.0,0,0
57,1,宮城県,17.819309815462862,115.97034201304206,49.03050765292579,60.822069045687904,4.918707513401731,0,71.34605869519349,10.0,0,0
47,1,奈良県,19.955781171175694,91.15889000412302,18.713961429094965,45.667890625874506,5.937690637088503,0,104.6111633651758,1.1323369784880641,1,0
48,0,山口県,16.612434172479094,110.71142246499366,134.85155356653382,40.9395097315393,6.558818933459266,0,99.09015056936074,10.0,0,0
73,1,佐賀県,24.72956711070812,91.63159077836623,65.99273931073374,38.45982613018065,5.653531060350487,0,87.47565105766066,10.0,0,0
61,1,茨城県,22.895793880227856,122.33198027507231,135.30071860648016,41.262017684192614,6.715058757192555,0,95.62499696892151,10.0,0,0
49,1,埼玉県,26.08956740371982,129.41073788383054,94.98123036815095,49.974899103880155,6.384304800756953,0,88.94785647461929,10.0,0,0
46,1,東京都,21.46068755455676,109.93756141202324,80.47208726734573,61.13762078449714,23.102656504622814,0,86.7660372128423,10.0,0,0
56,0,北海道,25.777538600091688,135.70701911624954,183.04217479802,52.89527318749128,41.42242522691473,0,114.49784279572208,10.0,0,0
46,0,神奈川県,16.942531719497318,119.60841049837282,159.30893088384764,59.76823520180805,7.791668767510226,0,93.21525966089855,10.0,0,0
69,0,福岡県,22.927933844321995,123.51628750277872,39.96290474331772,49.60777174876866,10.332238943216874,0,96.41750082589641,2.1029247491621854,0,1
45,0,埼玉県,17.95885071723301,116.24589422226559,24.27447331117703,41.315629772612375,9.558567157870248,0,70.78218348555517,10.0,0,0
57,0,滋賀県,19.73322256395891,119.86605803117824,156.38578931442754,41.40294716912204,23.56307376975925,0,111.36474673467842,10.0,0,0
71,0,神奈川県,23.844442966720006,150.1406324592374,650.9697123564424,42.068415068232355,33.344145805926296,0,103.33751201324533,2.873984432400049,1,0
53,0,東京都,26.23066370633668,109.8753926488548,65.95253588181683,41.386021565423825,26.83931735028918,0,103.53120267132054,0.8210324292845061,1,0
74,0,宮城県,23.302873891205746,146.03124367960882,116.2423348636156,60.2193188440309,44.65460794006957,1,101.7985836563359,10.0,0,0
46,1,新潟県,19.955669230818682,111.48050086598514,61.268586902829846,37.51531872969328,6.102882356653973,0,81.0622556164632,10.0,0,0
48,1,北海道,23.174180458977823,79.64544616175947,58.41732409649421,58.192538185618915,15.392861492419765,0,104.77939920723271,10.0,0,0
45,0,奈良県,23.965116502975423,110.03054698911272,31.954322884331035,60.830580454515434,5.437182467892102,0,86.27816307267184,10.0,0,0
42,0,埼玉県,21.262196914990987,116.97986451475471,34.66397356643943,47.40890523965413,4.834801681421777,0,91.77187270119914,10.0,0,0
50,0,奈良県,15.529490018061539,111.7151803101495,26.27570055365641,61.62402038327406,14.568059302593417,1,92.8157656956456,10.0,0,0
71,0,埼玉県,21.573406074020458,142.95313132367517,61.44600641793871,41.43733929860443,25.496644746118157,0,98.37830524434517,10.0,0,0
73,1,神奈川県,26.939588721841936,132.63979878776533,79.70452423526542,40.551952103209324,5.881536488781967,1,83.32287946839146,10.0,0,0
63,1,千葉県,27.982847061689196,134.58949394803807,199.5385891437883,55.35447835140398,69.1608538253001,0,118.16828577632825,2.878732946906355,1,0
40,1,埼玉県,22.28602806870298,120.50573860646038,21.134984016889057,40.768699947923956,5.019416297945197,1,85.61962063549893,10.0,0,0
60,0,埼玉県,29.929734288704296,114.36719032626087,424.75141462793226,57.31821642867221,31.861024972966813,1,116.94155018409738,9.801913076833298,1,0
73,1,東京都,33.002866936109484,141.17930793165013,129.44878199313086,51.516900299127975,116.13505524639216,0,104.96641277580406,10.0,0,0
52,1,北海道,27.64379328561437,133.40842212772822,142.8376388463955,63.165207159164424,30.033404731480637,0,93.21779820048036,5.303709373708677,1,0
70,1,滋賀県,22.286948578688715,110.00730908011339,110.74815017850014,41.77982697229831,13.20455992154248,0,95.22074039053149,10.0,0,0
45,1,大阪府,16.653142719313042,138.05664628635918,142.2582450560763,59.940195946810434,33.659244899815015,0,89.56236435229802,10.0,0,0
44,1,北海道,21.34873985595639,93.39698687385837,12.506574856188596,41.09875105838343,5.1065593729497945,0,60.8847054979016,10.0,0,0
56,1,東京都,20.59265486557316,111.46804044984869,162.11785221722943,42.14952036097159,8.149124746441716,0,109.41867709664722,10.0,0,0
73,0,東京都,23.240080275202978,131.0696451055958,125.83818031233079,56.64764036143932,43.06181625721424,1,76.55612368593718,10.0,0,0
54,0,東京都,11.503492352718663,140.2105539680527,72.17318139126097,53.65277983575943,24.702588616158337,1,86.41117574474401,10.0,0,0
62,1,大阪府,21.799309873757707,123.53074082177966,183.0593076484736,41.68117711373267,4.446225369012551,0,71.24712264941014,10.0,0,0
42,1,大阪府,15.078067482523172,109.29075758748228,8.685889440530076,42.0143174237656,2.489609406268662,0,77.89977377934386,10.0,0,0
54,1,愛媛県,27.64406527443753,114.11742634290485,83.9312582382967,40.51219894147718,10.169485681842223,1,93.68181442562503,10.0,0,0
59,1,埼玉県,22.483430027865698,135.19896142170208,61.47472682818034,55.07049125173206,14.5819064966989,0,83.18401512750833,10.0,0,0
58,0,長野県,23.53915195923184,178.0459121927616,337.7412502091025,41.22688910859237,15.00536233244632,0,97.22139923797074,10.0,0,0
44,0,鳥取県,22.698846766954592,97.82893564560335,33.59172679069376,42.08856515622049,7.966537342086368,0,52.264287132408946,10.0,0,0
62,0,埼玉県,31.046695135559073,146.74432257253596,113.10482230917646,42.024711689874394,77.59542819844873,0,75.44798988353543,10.0,0,0
53,0,埼玉県,21.24959842785112,131.12516380901596,46.10788096713162,41.70223159290162,8.977944038581983,0,75.66358202357809,10.0,0,0
43,0,東京都,23.271823886312024,121.73906595873883,31.960539912299343,40.53583202602256,13.349513469608244,0,89.4792381544518,2.137764537685198,1,0
48,1,東京都,15.070986487760871,82.38819348227881,73.28249903520846,41.69910440801293,1.2173270627850032,0,93.82750557189914,10.0,0,0
67,0,埼玉県,27.18558953747613,129.47509395111658,151.72897340343025,41.139862139293484,12.083088610745456,0,103.53079381394515,10.0,0,0
52,0,東京都,28.122536476498887,147.9541274791518,123.79676323401753,41.56663714816634,34.61741065993551,0,94.63047340018507,10.0,0,0
43,1,愛知県,22.157554071428777,104.29057674514281,20.97993329874225,41.243749358088756,14.648553426525435,0,107.43242107958544,6.865704325572553,0,1
45,0,千葉県,22.448897869504403,124.23450438796152,211.64853478232206,41.70688912221929,24.70669070790906,0,71.28304213240646,10.0,0,0
63,0,埼玉県,25.728732003508934,126.82437499777382,78.56431520545728,41.24167676313726,8.467313802526688,0,94.22072160716718,10.0,0,0
50,0,埼玉県,29.044890635139968,148.17897990528948,57.60587618010278,55.57054070619339,24.670604199102772,0,118.7788609138061,10.0,0,0
54,1,山梨県,25.786259709185284,135.30769781190926,55.06771997670611,41.7200782657195,14.566602131623556,0,102.3416849353807,10.0,0,0
61,1,大分県,26.35687215866945,143.9071425741035,64.98427544208937,55.480179981095795,13.243740242560564,0,113.36965998408907,8.013978818128173,1,0
54,1,埼玉県,28.51705515248852,156.37677388400576,219.56144611494088,61.9088332610217,7.670378044473415,0,125.88602448685417,10.0,0,0
57,0,岩手県,24.32023136154163,144.36290878026261,37.98033857723506,64.97791287930929,43.05361260675456,1,79.18502063337134,10.0,0,0
49,0,三重県,23.223277754087047,120.50412329368142,77.13458121863901,41.2548642571292,7.857729005304771,1,82.34905534658908,10.0,0,0
56,1,福岡県,25.943440130010497,123.49221506817652,168.77833391143972,41.22212951970996,14.644904824416791,0,64.80896693765084,10.0,0,0
73,1,埼玉県,18.22034807044108,132.74014245871103,31.280887505438937,42.74220833176426,8.842001053818787,0,93.82593266922625,10.0,0,0
73,0,埼玉県,27.28731567402854,142.41229645476935,60.118868310002995,42.02589707734542,13.832336774959083,0,98.78184337977629,10.0,0,0
57,0,大阪府,24.342381322056486,127.00931458178155,268.5432090438536,42.26689675611952,27.162377958685905,0,95.71887226270923,10.0,0,0
69,0,山口県,10.89117914504233,131.0404182832782,57.64499881049064,61.2134291176618,13.534201026261707,0,74.85092792179002,10.0,0,0
50,1,岩手県,24.905900090085197,122.42050418718597,78.09365308714828,55.90312950171943,22.1818093156271,0,80.77005659945542,10.0,0,0
44,1,兵庫県,22.842235410610826,108.33437110908261,119.04262664837086,40.85198820000966,38.632544712486464,0,92.60433189849824,10.0,0,0
73,0,東京都,23.261626914845905,170.0860463468148,68.25767053043332,40.97639930304823,4.937909507124173,0,91.24972909474766,10.0,0,0
43,1,埼玉県,24.349239046668362,144.056836624486,85.2560592447208,68.54281851931046,22.63096370112364,0,63.59313261424717,10.0,0,0
43,0,新潟県,23.26438890805213,104.20037217657942,81.49063423124817,42.13799292385961,42.750189559735944,0,77.67674059382986,2.405148699544557,0,1
49,0,埼玉県,13.088074275106036,96.38135704642349,41.56183030706701,40.61630135720649,2.034263794400885,0,80.34318075880951,10.0,0,0
49,0,宮崎県,23.675921735401744,102.70423791617753,89.93965923080007,40.76456313437486,4.471929348561878,0,83.84341283288362,10.0,0,0
46,0,長崎県,20.988950812642273,109.94646744094553,41.10761272834074,41.93813015344458,10.154215063636347,0,83.24358540462882,2.9421365917113578,1,0
73,0,愛知県,21.159021451720864,138.77226166754957,40.95893758214973,64.59785656410737,2.6489235990972113,0,85.73847409405369,10.0,0,0
66,0,愛知県,24.90268342061333,125.14093025567519,63.67556327550979,52.07664430748052,52.063958033879594,0,94.59843127338371,3.1417745332195355,1,0
54,1,埼玉県,26.118012238713728,122.45563092242439,63.09698282724164,41.256466748079255,46.48119238319949,0,93.41116055758552,10.0,0,0
44,1,埼玉県,25.70251618897849,110.08500449483441,174.60969364077565,51.18658862987559,21.443489130638852,0,69.88440039982063,10.0,0,0
45,0,埼玉県,26.350818148772362,126.35598931236677,69.92666935196766,41.043365241017966,23.53803993937817,1,89.99399399407288,1.5158281634130322,1,0
69,1,三重県,24.24535092971913,134.52728307185512,176.47979353888294,42.633335560966856,31.536667984065833,0,90.87154084302082,10.0,0,0
41,0,佐賀県,17.11109061758723,124.83725380218637,21.883488116288458,41.24082753467497,6.830736447612344,0,106.14560237202362,10.0,0,0
73,1,埼玉県,23.772643144157723,92.46832807009885,122.44769791481275,56.25786461398645,25.513452072906176,1,94.32764898275214,10.0,0,0
71,1,東京都,19.664070045731428,130.39584801621405,27.914731164650384,55.94142726969746,7.0295263564762624,1,89.66487158945351,10.0,0,0
60,0,埼玉県,25.968417597507948,142.88971525726913,76.19941195064513,46.74832557284903,16.52046183748406,0,97.5752199549315,7.975836763901857,1,0
57,0,埼玉県,24.669349612258912,153.37727511527368,147.91391579156573,41.60268730924571,51.23495119237186,0,118.27493637545476,3.488356662492962,1,0
45,0,静岡県,21.377735530995007,112.41889904275516,45.49249371451265,40.874494841013515,2.573721574925608,0,92.8344239186901,10.0,0,0
65,1,東京都,24.082028433175932,131.19029151662946,194.12073832342782,42.21869766125365,26.759764351745737,0,84.17140645917613,10.0,0,0
44,0,東京都,27.879952189240896,132.041353679476,74.2314008631617,57.521397423167656,32.3521941480029,0,115.57170355858418,10.0,0,0
43,0,東京都,29.169455996640693,113.13109285818892,293.5168248023346,48.182144056178345,8.496186232998669,0,88.57790721141124,10.0,0,0
74,0,埼玉県,20.553285224465856,133.31495358662679,62.6661809391115,41.51384322030875,7.141172066805835,0,88.95873980535632,8.63334860668194,0,1
41,0,福岡県,24.509355146277976,128.02282886763948,217.23921352580354,45.41147762662456,23.152159179005597,0,124.57978461666758,5.455179828584376,0,1
72,1,高知県,24.358912142282,118.82950336988777,109.65038667664669,70.711301143216,18.011757104178212,1,60.14332762817333,10.0,0,0
72,1,愛媛県,28.465725196956072,125.11874661471688,98.2406989155358,61.35198740892727,14.847802809843538,0,107.35359108205871,10.0,0,0
48,0,栃木県,20.63127009007433,111.54591558900361,115.91921664398193,60.263944943403715,72.27412043237047,0,109.56933580065383,10.0,0,0
55,1,埼玉県,15.409667037492811,111.63970859575419,53.13202694623356,41.31149734112522,1.6321025276250245,0,93.11927742440095,10.0,0,0
44,1,大分県,29.43735258269877,150.5794135250385,129.25267820699065,41.147247343245475,16.51016042089575,0,99.41927640200508,9.140368247554457,0,1
73,0,東京都,26.72797100531151,128.95815361681565,101.89933956607481,41.91574143998081,5.599321863067077,1,108.82052009611125,10.0,0,0
70,1,埼玉県,24.181963381258996,114.36187359702535,57.212274446892685,54.6227983144799,18.742004462191893,0,90.97821675136758,10.0,0,0
44,0,東京都,18.786605017100033,131.45325532480237,35.505513745729644,49.332204522522524,3.1908451166875933,0,101.87859153024219,10.0,0,0
71,0,埼玉県,23.29709199089312,134.8527343544441,52.96086545781947,41.1432478354614,4.259605214976347,0,98.2747036870485,10.0,0,0
63,0,埼玉県,23.543200077444794,133.94239757703605,50.26011730615987,41.35405507689546,25.555903657790747,0,101.90915492039062,10.0,0,0
53,1,埼玉県,21.120162363803633,93.86363825177068,51.431750716871896,42.02189746722238,4.368046767440759,1,83.69293855519072,9.702524990414632,0,1
74,1,埼玉県,23.03000909192182,174.19211614076121,154.97132468415379,53.7793560971998,39.752746403727166,0,94.41854786544279,10.0,0,0
44,1,群馬県,18.188878428140644,128.54625829535405,150.6385889149675,42.29813532431206,15.681886917921812,0,108.17083486675567,10.0,0,0
43,0,長野県,24.670474662805525,141.11653008037825,54.232621710636124,41.373388161962765,8.469503772591159,0,94.24019324858865,10.0,0,0
58,1,東京都,21.584078741592954,121.44008861638376,139.06328117571675,42.49325769708553,17.46409998198395,0,100.38816116089293,10.0,0,0
40,0,石川県,24.609089887282533,89.46625707740822,130.97647747170348,55.943911832539584,40.78496964573002,0,88.95648989420097,10.0,0,0
69,0,東京都,23.601614151671903,125.66556604433994,91.67414668328122,42.19040336747123,71.60739996162341,0,87.51455328561242,10.0,0,0
66,1,埼玉県,27.759202951829163,131.0942412121687,15.19940122718311,51.965767889160354,3.6139846824882156,0,75.66387412195995,10.0,0,0
66,0,岐阜県,24.69158183686293,118.82907785208623,328.72768378676363,61.09713357102197,38.86946583288897,0,103.5544403038259,10.0,0,0
42,0,埼玉県,21.353817585981876,103.18367844077598,72.30328254775816,41.16267171183012,15.70723126321489,0,84.39821011179306,10.0,0,0
73,1,三重県,29.084605457543947,147.1249775214892,102.969222621199,41.901996626395665,5.204717195471247,1,95.34987805364878,10.0,0,0
42,0,千葉県,17.189533981159713,115.64054073888069,68.54027387650017,60.54464518162283,33.96150997919149,0,90.92382851499372,10.0,0,0
73,0,東京都,25.53110817000841,131.53231314620592,56.50430557676854,41.8860461445108,39.765308990486226,1,98.26009696180334,10.0,0,0
72,0,埼玉県,25.25756546603075,118.01144649360167,146.7936033400684,42.020158022596306,15.365419786926305,0,108.53913911896007,9.380164992152162,0,1
69,0,山口県,26.143421584179688,112.15881960883077,63.091665416500256,42.31670807583549,1.7222098529217769,0,68.33134303769737,10.0,0,0
47,1,神奈川県,23.181686892744942,125.37677154264148,88.67128179154035,57.280106172925024,70.38394593988664,0,113.42116429817891,1.5560985326274603,1,0
50,0,北海道,19.29959967349761,118.20272312938643,62.459717018842824,41.46175434224677,10.170498533534282,0,89.1105740937989,10.0,0,0
65,1,福島県,21.05586910544529,116.88699005643447,30.042947072822457,41.41649050736566,3.9530404319137666,0,81.94708977236571,10.0,0,0
40,0,千葉県,24.813183467345237,100.0941833596783,62.101058539621185,63.030060200848304,55.40298995590286,0,79.94206392708287,10.0,0,0
43,0,福島県,26.58557154414099,125.3471468676453,111.87698496402926,55.727039317303074,11.29759845915462,0,92.91707755572241,10.0,0,0
46,1,埼玉県,32.34607667002898,124.59459960089791,286.82952619476225,41.67058985307892,36.91170099966044,1,95.69357769506729,5.262723551449444,1,0
71,0,東京都,27.873360168132926,162.87756853376015,188.80913962246737,46.07299895183358,14.435050006359448,0,122.91767076675612,1.0000163044085688,1,0
49,1,東京都,24.95663287235536,121.03445444709763,51.22749486306055,42.13534811577036,10.646381048512414,1,97.92237622403141,10.0,0,0
65,1,愛知県,22.84784220795349,115.94802712301701,92.91274706114552,58.74777040705002,18.79778383654558,0,105.7575196335041,10.0,0,0
42,0,愛媛県,17.368371693330158,114.10315439030451,41.77651142157179,55.76203549721691,3.3515448847483214,1,92.9542290147698,10.0,0,0
73,0,埼玉県,26.9318721827784,122.09358041459343,111.86938377862299,40.718343218649736,5.495595869138989,0,118.29849439049987,10.0,0,0
74,1,埼玉県,22.79960110180406,138.4059974161261,105.41751356817652,48.54642361899121,34.396951259163195,0,109.74748817623926,10.0,0,0
64,0,北海道,23.333659307134802,129.96918972910152,62.7516149878378,41.15305815875173,7.122880173102641,0,69.62617615354716,10.0,0,0
42,0,東京都,21.150868316462432,129.4737593857216,84.06735275480175,41.61032101133924,28.78964308119343,0,94.42567798676357,10.0,0,0
69,1,大阪府,19.103141947061648,132.19309448925355,40.56574120505159,44.87295075302334,17.86618367074808,0,70.29980791591193,10.0,0,0
64,0,埼玉県,19.122127108886875,71.67938035284081,57.922411812223636,41.23919714832238,4.994377484784432,0,86.1001710150522,10.0,0,0
44,0,鳥取県,24.35647787104509,105.52965773937274,22.704590574386643,57.31732863786241,3.8332392183461077,0,68.77317204855991,10.0,0,0
48,1,埼玉県,29.826118473716058,114.40203617636921,50.260184168175655,41.387331429409045,12.359376078749289,1,100.21417111113233,6.650286680168846,1,0
67,0,徳島県,24.811030819056853,158.89320831129695,156.90166122298467,41.68029496444585,14.975191509589429,0,105.44365805710687,10.0,0,0
73,1,埼玉県,23.702520915135025,137.30135619820572,62.27591405040474,50.61809685623829,7.23700193458606,0,86.34817968257252,10.0,0,0
47,0,大分県,30.671459667310806,112.16053913107046,79.03460164550239,48.27478802867101,77.36408978872223,0,110.64500224068225,10.0,0,0
57,1,広島県,27.935512369417786,86.83742483138414,159.22551758927509,40.66328569057862,46.3062594334929,1,102.41686357969117,10.0,0,0
61,0,神奈川県,28.42922348695243,154.87452058177035,399.555293012545,44.20725872038162,66.49986655311052,0,103.74026246691736,10.0,0,0
61,1,東京都,12.261462284451554,107.03254296670404,22.331833789736667,45.80208754059621,13.457711188256972,1,93.19379231186728,10.0,0,0
59,0,千葉県,27.37980232753713,142.88961791089767,70.82747622989977,48.94044640934523,28.377182532185486,0,112.30805039839649,10.0,0,0
52,0,福岡県,21.76030397530081,133.54635978928056,182.78842892729463,51.18810688001097,112.5419912915023,0,84.14896758770486,10.0,0,0
68,0,京都府,14.83442929851489,123.44395030559055,39.71956459655762,59.62464571383521,10.170132276587083,1,77.62808118404205,10.0,0,0
46,0,新潟県,19.321836427703722,134.77936116635922,44.151035750753245,44.03824736377415,8.6503867599137,0,104.62920195955871,10.0,0,0
40,0,長野県,18.705900295088504,81.93730843236149,110.23829945069964,37.39387500684879,2.0481330991364777,0,100.36908632551062,10.0,0,0
61,0,東京都,17.752462612404845,128.67694674417007,59.32014042138865,38.88543152359124,2.5637939513779155,1,95.63936105341485,10.0,0,0
69,0,千葉県,27.16436222576329,108.65912954311824,29.61018549837924,68.18220056478602,68.75772986261501,1,85.0225808997456,10.0,0,0
61,1,三重県,19.04883285291851,80.10624421680149,124.8270043885567,40.9829749276583,8.242907352849155,0,80.74503855324764,10.0,0,0
47,1,茨城県,27.074829550657174,133.91684340655493,40.77551143117888,48.83358135984459,5.209974716489752,1,70.9889592966212,10.0,0,0
45,0,愛知県,27.25179179104843,145.2964132131303,48.06654685238525,52.51562562101403,87.28571126871326,0,99.14302515422975,10.0,0,0
51,1,京都府,23.846872852478768,109.93416092789744,63.50221063535256,41.55195886025466,22.166701515813152,1,78.47423531228088,8.497875985369605,1,0
51,1,栃木県,25.002094701710586,129.99517068873365,126.66495198549399,40.932031713770186,15.361971496128458,1,74.14252490011141,10.0,0,0
73,0,群馬県,26.69189291816943,156.8085232542857,88.65494888643775,42.38032492225915,16.390529248152454,0,108.26439040682038,1.0910501886661501,1,0
69,1,埼玉県,26.30938074242945,141.19374272667685,128.2590751743582,55.77999048294563,10.3119495979934,1,118.87256222136166,2.8870158275645275,1,0
56,1,東京都,26.370958446862915,136.9103294974978,306.6418653567492,61.70037964119529,68.22484597288341,0,114.31322264099214,10.0,0,0
43,1,山梨県,21.988158505289437,147.1158497282551,91.89148634175368,46.227775502253856,12.860114645325346,0,98.66898870345806,10.0,0,0
64,0,滋賀県,24.137117342069697,127.00855960311732,129.2612930387527,40.66654036430974,5.170285452081218,0,88.21582622050286,10.0,0,0
49,0,福島県,21.43685446872041,98.3113516673657,93.02737520691743,40.62771693081046,14.526049311393042,0,109.74160219166768,10.0,0,0
48,0,福島県,11.988363941554505,75.91556116974489,30.65767868520626,42.50390934725958,1.217866702667276,0,52.106980057527394,10.0,0,0
57,1,埼玉県,29.98517063606049,168.85908107720527,66.35069558208403,59.01967610018165,27.173937436756894,1,95.21853073993375,10.0,0,0
74,0,沖縄県,26.226461232055776,129.97422982614515,296.2876495735292,44.42811190257462,17.073349489842613,0,102.83459803660911,10.0,0,0
43,0,山口県,24.764211511599598,117.87153250926848,453.12927964943,41.22236059678232,44.36134191810271,0,94.10783049623284,10.0,0,0
65,0,鳥取県,21.193981064608764,119.47884329945897,42.336751542420416,55.412649733928475,18.499707585024584,0,86.1249529801699,10.0,0,0
66,0,宮崎県,15.91446359454713,105.7151358967886,65.9782340917203,41.13685226175985,2.0371172285374284,0,64.76876066722744,10.0,0,0
73,1,埼玉県,19.754918968268782,139.53130634654252,252.99492788875637,42.44765241501322,20.666249724156618,0,123.24401879394823,4.938624563198729,1,0
48,1,大阪府,20.068312073217506,125.38087017752302,8.026900241338582,41.290473799909016,2.4214654092087304,0,90.94476745766003,10.0,0,0
69,1,神奈川県,18.183015883218506,138.6693832293318,213.76262207228575,42.162609931277665,25.747312683490104,0,95.13262209183269,10.0,0,0
69,1,神奈川県,21.10364542910344,144.01249340789076,60.61835271650699,58.42190636776523,15.018941128523133,1,87.815210080048,10.0,0,0
55,1,埼玉県,23.198770401272153,124.2166257784699,98.46247554919339,41.74770491985685,5.025361391536456,0,76.19380655936136,10.0,0,0
50,0,神奈川県,27.29284451493276,122.85040390351934,213.12861499125805,53.925810976012784,30.240970978986173,1,68.97329119360556,10.0,0,0
45,1,埼玉県,25.716005670684805,129.78974738893442,134.59371350045635,41.4985452995621,4.886917398608438,0,74.83474523530282,10.0,0,0
65,0,愛知県,10.67606198968605,73.75161542035482,62.19231497266552,47.40757604313371,2.0876382662376236,0,93.22467383204929,10.0,0,0
46,0,埼玉県,16.925203653814098,133.95442515374083,17.978153424497744,41.9131352735822,1.6721850272026706,0,97.54960811736343,10.0,0,0
43,1,岩手県,20.9146610367782,123.73101968475702,106.54471038615755,59.00257444444001,16.13528827493658,0,81.34185355581452,10.0,0,0
58,0,栃木県,20.131995161294256,119.10403441266739,10.745782342995268,41.489244502197465,2.367787234356747,0,53.96827816904289,10.0,0,0
44,0,埼玉県,18.539906872192514,142.91778174689318,122.4374848128543,48.99231931675579,40.746661007502624,0,70.68674785150995,10.0,0,0
68,0,長野県,29.831362725499154,125.39654960137175,132.53372040369197,41.68840484505071,69.13328874126027,0,99.90463864213645,10.0,0,0
68,1,福岡県,26.487897852881915,123.85706838251703,68.35832028867411,41.44803025596297,14.64861293546039,0,113.32484796943004,10.0,0,0
71,0,埼玉県,14.691165648423011,133.66412879664992,172.49567507590356,55.469983923432665,12.420350825210127,0,122.01143999089886,6.4526661141986565,0,1
73,1,埼玉県,25.061266951656183,149.3919723421028,136.20204720866164,40.866030581887294,10.061633835205722,0,101.23446309549591,10.0,0,0
65,0,埼玉県,24.823889368960298,144.31361922976754,162.81788977592475,55.09528968939013,29.743698344203626,0,106.43069357921145,7.441506954304044,1,0
51,1,東京都,18.016836096631582,89.46707412735992,33.29512668634816,40.61561819593439,9.224998848622272,0,101.60285540191691,0.8610131009775288,0,1
61,0,愛知県,26.41299495913618,137.15273945264386,280.17464656225127,40.61921098995911,14.575491598498528,0,101.4397116437145,1.5412071557903517,1,0
62,0,埼玉県,17.77649645089877,114.08661714908406,33.65179152520281,45.23509109198225,9.449239199671323,1,111.26370191293917,10.0,0,0
68,0,埼玉県,23.42605573213049,123.29433955681195,43.39839086143674,40.58966067544417,3.7116840082648346,0,92.77767523163187,5.532417912005811,0,1
42,1,静岡県,19.864610358510788,94.53849629053585,10.545086211891268,56.04040382314315,15.391408784013006,0,72.2530632690374,10.0,0,0
49,0,香川県,22.056523118275255,129.40485200136172,63.74755292537162,41.71973912839861,3.574213047828792,0,72.89952767185086,10.0,0,0
73,1,埼玉県,27.75685642378583,142.48413637359303,162.0687287680278,67.28399823426676,99.1139244917152,0,123.22121761216142,3.188646675725093,1,0
61,1,滋賀県,25.908628327980672,163.59772485454505,165.40201460904166,41.22223632028368,33.03377470513001,0,85.16977559955573,4.775953747906224,1,0
43,0,福岡県,29.09376689040551,134.26587363758316,96.5229798539687,41.411954222559075,1.6046455973495493,0,65.69586031636562,10.0,0,0
68,0,埼玉県,24.568297798062872,133.20837769135244,50.16025256365486,41.99179923832321,6.172931574795755,1,95.1489985795984,10.0,0,0
50,1,静岡県,27.40631084877088,155.90144498119668,73.78310234321576,41.72227840327063,12.720096827260026,0,122.27621151648977,10.0,0,0
61,1,東京都,21.880926613269423,114.1059768604722,147.22744921221516,42.35545094972625,101.45284164984366,1,124.62808110654343,1.96573566611995,1,0
51,0,新潟県,31.872291096775555,148.85891889458472,138.58827814989962,58.35534434455094,77.63785835838877,1,102.06246928873054,10.0,0,0
69,1,新潟県,29.405624942191004,133.43832538935018,53.824702536878576,42.00351186968074,32.61239680938746,0,82.57456383965146,10.0,0,0
59,1,神奈川県,23.113777654355435,123.51621913382277,38.629871090520545,47.94725087989646,1.5055062122053635,1,79.17849148635493,10.0,0,0
62,1,岡山県,27.832864960890458,133.44998006224134,61.92995996687861,41.329527528445134,9.71466122184923,0,92.45594335474426,9.16206225826048,1,0
45,0,埼玉県,18.499332169742182,127.62883993460831,102.56765282462194,41.5862434376121,20.737609385181262,0,91.93826389087744,10.0,0,0
52,0,神奈川県,22.405464488433882,126.58100216452182,98.45218829436593,53.14680288590259,5.7917808782104565,1,79.35690357258132,10.0,0,0
41,1,福岡県,17.18995952864343,111.45535728724684,26.184945900302246,56.1652821388684,3.8358646107504897,0,79.42687766033336,10.0,0,0
57,1,神奈川県,22.502913635143027,116.97619850276443,49.79109389772736,57.792944310240024,12.716744348839844,0,77.11749779086283,10.0,0,0
44,1,群馬県,23.612685783674596,107.01234018604741,101.77108232997247,41.93683904376803,15.888901511218704,0,85.64457744076387,10.0,0,0
63,1,福島県,20.405332436115142,130.37769317163796,178.48962214052793,45.2892194660907,19.430132365476993,0,101.66203632793703,10.0,0,0
74,0,千葉県,29.909865565402367,156.78499863705338,138.66205203080852,41.97352899265262,18.14080833455,0,120.57691703742466,3.6448026760009187,1,0
63,0,神奈川県,24.928354541442324,115.99260115957345,122.32564803566397,53.87357972499861,5.785793910577936,1,79.74009001025942,10.0,0,0
72,1,兵庫県,18.74889814403224,148.97086926083668,135.3270530765647,41.07064987959653,13.448818607578081,0,116.70530707421804,2.3850577860905804,1,0
42,1,静岡県,27.184056208630665,140.63475024784884,132.3033689859477,40.89331409950934,37.708089302241966,0,91.06615644134709,10.0,0,0
55,0,兵庫県,22.251821719135755,113.875969518882,117.55653978238406,49.61517641935554,18.741710042091178,0,96.39225496623413,10.0,0,0
65,0,埼玉県,24.642839236752103,154.06947911554067,83.02345737094566,41.825485421489965,9.17367332814677,0,77.99609795058868,10.0,0,0
69,0,東京都,20.421364827003448,104.16176824596741,88.67101403218008,41.50993585689054,7.558981619205316,1,76.2567257091893,10.0,0,0
63,1,埼玉県,21.898467480738706,124.23236305279815,118.14050076398796,59.61993865580722,6.3476049555926535,0,76.20983621559378,10.0,0,0
53,0,岩手県,18.494631063075666,117.21400322435053,54.4121818762024,58.68755976075049,22.40949207448807,0,80.33105526433177,10.0,0,0
48,0,石川県,23.988125937469338,133.58730300281096,75.8352353753075,41.08973025611854,8.54798970831607,0,95.21236030279884,10.0,0,0
49,1,東京都,26.70172962755838,129.42927711068083,77.36610469254539,36.20331804281779,3.2978945854024406,0,113.60839464069787,2.159026454148726,0,1
49,0,神奈川県,25.145041128843808,109.66546279833683,64.14599915403463,41.1431288267213,9.46871707920035,1,96.6236386354841,0.5170297308572177,1,0
42,0,埼玉県,19.738715655914703,79.98005779550572,24.72668653950441,41.84229404259462,4.9064281325031445,0,69.47354313107122,10.0,0,0
52,0,千葉県,19.722576361604784,124.24583554997578,65.30724370267183,60.38382832141209,1.886620005693876,0,102.1593881667693,10.0,0,0
45,1,宮崎県,24.28991458061261,135.53275293793823,63.723826995536314,41.25641710907166,8.152627926954674,0,76.27785830911675,10.0,0,0
42,1,滋賀県,22.561557934404313,135.96688271115,14.394594096159459,41.222421607296546,1.216734087650429,0,60.0667360418135,10.0,0,0
50,0,埼玉県,31.719378426549493,112.835737159037,127.85105758048677,40.9764198003474,23.123778586004253,0,108.96595271644831,6.756138651402376,1,0
59,0,埼玉県,22.791107606086527,79.75932265260046,76.30603162354028,41.451791590823696,3.131897898229862,0,70.09985744292113,10.0,0,0
53,0,東京都,31.66058218486913,140.81297613570422,291.0773006807541,58.556415528829056,44.086121515446905,0,109.79233720207274,10.0,0,0
55,0,神奈川県,20.704874115301255,136.80865525757275,185.50610899028106,42.19869466195127,14.767186317159496,1,90.84950940009512,9.79759580931997,1,0
69,0,千葉県,17.126647105713555,133.30872660658014,79.42215526989972,44.212670283586014,25.501064292645182,0,114.58229330681655,10.0,0,0
59,0,神奈川県,20.51712896490651,120.65489261564228,65.3449139611385,40.625426480133605,0.8825495210975397,1,75.65581976140588,10.0,0,0
42,0,東京都,23.331606408184008,140.85273616625503,38.75281892750326,42.040817101070935,3.4575177353621993,0,117.71632262443254,10.0,0,0
69,0,埼玉県,21.37879072105291,144.87155784021908,40.96025821883867,48.48833418303147,8.632119984266014,0,82.21308250465373,10.0,0,0
44,0,東京都,24.13538400513303,121.91802211742059,23.83432951696781,60.04883631560712,22.18690856572787,1,95.82523470672703,10.0,0,0
62,0,大阪府,29.24802214634247,143.13696756235785,42.32124314986559,49.63769206788392,18.14015587225512,0,93.37142837718889,10.0,0,0
44,0,愛知県,22.764515682950414,121.86447206091121,31.933332857293212,59.97442230606918,11.210328870769397,0,86.30805220133935,10.0,0,0
69,0,埼玉県,24.967020996177673,135.26005797753842,151.12035138405042,43.970475345029335,40.07603476759188,0,108.91682798653659,10.0,0,0
40,1,埼玉県,20.30145293728162,135.5367846116343,105.75830776820932,53.37414602282345,26.688554118146573,0,92.65987399935749,10.0,0,0
43,1,千葉県,15.021744158847675,94.58408010051485,63.20256075119853,49.430773204516186,7.1519052987626255,0,80.737383154969,10.0,0,0
49,1,大阪府,29.24914259569646,117.23679442322906,137.35964699447376,49.944489104246415,51.23004516601176,1,116.76186798164605,10.0,0,0
45,0,埼玉県,26.24854564419162,118.59338379272228,24.36547929928094,41.6620573529,6.169245767281197,1,105.49057779524239,10.0,0,0
47,0,埼玉県,26.3793177119815,102.15283716489307,47.99966542785909,42.73657861414052,22.870831839305964,0,87.35977843461845,10.0,0,0
48,0,大阪府,20.21439673440932,96.30843449268984,129.91770845398386,58.92726768040178,6.96435745860452,0,114.74228145816912,10.0,0,0
46,1,群馬県,25.38672924885436,135.16616555383013,75.29597139007548,60.20753757112961,71.63764364786728,0,101.67164351175059,10.0,0,0
51,1,山口県,23.304710183593873,101.29420126951544,61.95097376713669,50.3292475412214,25.298485568730484,0,82.15061536029468,10.0,0,0
57,0,埼玉県,22.454717952085893,135.47217197304576,99.7150475018349,41.29666908148276,13.918127695803467,0,88.48541295310109,10.0,0,0
65,1,愛知県,28.41958547489078,111.49532708227349,114.43032645034714,56.69013826661025,7.6203754208676,0,105.05028922717152,10.0,0,0
54,1,埼玉県,21.57673891062562,72.90635700583644,35.143374375061086,48.333810497119245,13.682513350838786,0,97.56009998866611,10.0,0,0
49,1,富山県,10.96849320314956,91.73138239389739,34.5098159950331,42.12400681694095,2.0928605534129883,0,60.27839379362395,10.0,0,0
40,1,愛知県,24.427481429436913,119.21380580238241,44.47682704952269,41.22723863234029,9.146385771649554,1,88.36543902227639,10.0,0,0
59,1,北海道,21.6907140003185,132.26040661382288,80.64925348083568,43.923442908297964,9.348876556254716,0,92.46612197503252,1.5514303099601,1,0
65,0,大阪府,23.627391032467173,142.90297614168244,57.1515318158088,44.337057827695375,31.973168831172746,0,105.12730064322652,10.0,0,0
49,1,埼玉県,20.948336738102736,123.94603950410155,77.0003369707313,40.71169875168524,9.598901704704215,0,92.8254146033684,10.0,0,0
42,1,大阪府,23.269508700817532,100.30262589761136,153.58885418447295,59.61581758340645,24.099487618594733,0,97.483692759178,10.0,0,0
57,1,秋田県,17.65748054836851,92.43206454187677,57.99622742525802,42.01888336688222,5.2455845926142475,0,88.1838914739824,10.0,0,0
56,0,千葉県,24.00812033994812,150.29000407348076,62.383193658750265,44.2765239727589,43.02091361552531,0,81.68424960050865,10.0,0,0
71,0,大阪府,23.637833875098224,125.19897626867407,43.7397373392959,50.18812641988847,29.42339342958836,1,93.81939015123709,10.0,0,0
61,1,大分県,17.54940054744606,118.54887560416984,24.864909742081384,42.481482228554995,5.581033327781358,1,87.40162337731668,10.0,0,0
65,0,神奈川県,22.914270273862975,121.43890531828634,38.12193916572105,54.95470652488409,9.999192479334521,0,81.50255660081172,10.0,0,0
66,0,埼玉県,16.311208763862325,114.94727538392269,104.20868650265683,42.513991165144866,10.20891090852884,0,101.70034832333714,10.0,0,0
58,0,徳島県,25.796674696702084,141.31160621978574,76.61171591987264,42.179110571777,43.03389484139413,0,96.44183346483672,10.0,0,0
66,0,東京都,26.963347546625997,142.7174224816004,122.25541343380237,41.870163645229496,7.008412603659087,0,103.19754349740525,4.49370579112659,0,1
67,0,広島県,20.41670700738332,116.52997895754315,196.0569324937294,59.5814923016384,14.82966527433733,0,90.91339506147223,10.0,0,0
54,0,青森県,24.83880049867655,106.4475722252944,54.235423544247915,41.23865998519718,18.172274505894936,0,103.0320321897544,10.0,0,0
54,0,東京都,20.203854469388553,125.60320944374546,120.50433674209188,41.16983566157923,7.336112358292737,0,92.15125697436717,10.0,0,0
61,0,大阪府,29.974469615561734,170.24014259931434,383.6920373605733,41.09123557786704,13.551536702143894,0,108.91157981032445,4.040994719382868,1,0
74,0,千葉県,22.524788548514387,149.361509444651,91.92560617214654,49.61244136213988,19.147534955744014,1,108.93856390615578,10.0,0,0
43,1,東京都,24.550351524214445,137.25303437746632,184.7714536290454,50.18709314769409,29.51378433524281,0,92.72515430629919,10.0,0,0
51,0,山口県,24.568439952107358,134.54590844282598,138.8708731482662,41.58533747929383,16.1037493982006,0,80.74208955502166,10.0,0,0
73,0,埼玉県,11.51052233406382,113.06207457308027,97.61832340330741,41.40524434332029,7.800376224200437,1,86.67412873217707,10.0,0,0
59,1,愛媛県,24.83667782479702,101.18651466586512,137.3194077715541,42.52326729762291,13.216381484772272,1,81.68189000672537,10.0,0,0
40,0,埼玉県,17.396672135948794,132.15616340136043,57.79203347967167,41.87597007615124,0.8652286538928063,0,97.01367842001493,10.0,0,0
57,0,埼玉県,21.834346976491204,137.1986753641367,81.03298739906427,41.605322296075165,23.552232148867944,1,101.67694856228212,8.751832173184324,0,1
49,0,静岡県,21.89243063015923,142.32730287053607,58.13856770789282,56.672116045827,7.791490721382129,0,118.27576882932992,0.6085475484165361,1,0
70,1,兵庫県,18.636798899565115,132.62330038451668,69.68284843311231,41.79965090883222,6.299211258641367,0,94.34620506820073,10.0,0,0
55,1,栃木県,18.611711563896424,108.37618399363413,22.96816311111324,68.38648939285802,7.857077215501692,0,102.83963316449848,10.0,0,0
54,1,東京都,21.168144328701946,97.82026027273761,83.41121218998167,51.348035048317364,7.150479408256331,0,81.65204501192473,10.0,0,0
53,1,埼玉県,25.059860575131733,128.5077309194455,43.44987659500272,41.706610994511294,7.367183295143904,0,80.74343104701417,10.0,0,0
49,1,長野県,26.50112953527713,132.6467115426009,77.07126773511881,40.85450865581394,16.764747973815656,0,115.52701205344023,8.703912417404906,0,1
73,0,宮城県,21.041469718413584,130.83105032724797,142.88554144686057,41.595868008908475,10.882752910035714,0,85.80238584851843,10.0,0,0
56,0,埼玉県,27.32893729059406,119.42790462469368,155.27600899944758,40.76770701232575,15.042928399225664,0,78.24702344503898,10.0,0,0
42,1,埼玉県,18.577129203505216,98.64940606225835,58.025336699737394,41.79660784159663,2.6945187876778625,1,84.53704154411004,10.0,0,0
54,0,埼玉県,24.704393830821243,124.74390172848125,59.94148405900211,40.70975653545425,7.005572361673833,0,113.40198947682522,10.0,0,0
43,1,埼玉県,25.63015170559214,119.00659685947203,68.71658696443902,42.26287494008927,13.820936543346928,0,91.83726280396834,10.0,0,0
41,0,埼玉県,26.159139434299018,149.3728179476239,62.61872878652617,53.72568626469485,12.735990918407477,0,117.72759670918519,10.0,0,0
71,0,千葉県,21.375394101411228,118.36825582082534,117.8934925425396,41.46738129816771,4.773638971009011,0,83.20018454660146,10.0,0,0
47,1,埼玉県,17.046424223866346,105.97974688133395,43.48951971740039,41.2547245661884,3.1318999287712055,0,76.53098361839469,10.0,0,0
72,1,石川県,24.42875687380769,148.93900828776395,82.81330136438403,60.57479140080211,21.461968905595683,0,97.46217540083866,10.0,0,0
45,0,埼玉県,21.727919340604533,114.36823648686261,27.93684607522554,41.87598433229056,12.854374946620876,1,80.73349692209014,10.0,0,0
53,0,埼玉県,24.301118384131186,132.042223247989,124.83641007057483,57.73522617453079,32.285591090660525,0,87.17542671229968,10.0,0,0
51,1,埼玉県,28.16864691333904,150.2990656446951,119.1560789615644,41.894344475893085,30.807820144171338,0,73.56164738692355,10.0,0,0
74,1,埼玉県,28.009986465835745,161.92984982154192,44.18693145662846,57.23674977121166,33.757115033270594,0,124.80920716446043,10.0,0,0
66,1,静岡県,26.704234259713687,153.4036539814123,142.62841648930674,41.43943528753488,40.80598651288965,0,118.04773452729738,2.9423518429330557,1,0
69,0,埼玉県,24.932560460710487,117.78047264626885,171.34567810765503,40.98206632788197,13.549308776674337,0,83.17913601288193,10.0,0,0
57,1,京都府,16.931640819186853,97.61397565790544,139.7699896749574,42.449416676773836,27.055805489409376,1,111.82250582112282,10.0,0,0
68,1,福島県,19.395766368278164,110.5687950344451,48.00949434116818,56.564455345451165,4.378870035319512,0,103.404097385618,10.0,0,0
42,0,熊本県,23.35287703893314,122.76939101708838,34.46320167135885,59.21057161116663,29.535714574419544,1,93.19448307575294,10.0,0,0
58,0,佐賀県,25.909923175997957,107.00259277337187,268.0308750752739,40.96865765646561,39.4468328410407,0,101.68296469466284,10.0,0,0
56,0,埼玉県,26.30389095135319,111.78702656320651,145.83973187420997,31.976086140534285,20.37190125750709,0,107.9014346909423,4.035744767155547,1,0
58,0,埼玉県,16.6124482922612,134.73843746442338,41.07573107968638,40.95466867083658,9.728485083110838,0,88.21673552594355,10.0,0,0
40,0,静岡県,29.25232344879745,98.34526495509512,115.37837172198371,41.76481759226432,27.950119283313736,0,81.64105198089413,10.0,0,0
74,1,岐阜県,23.75558079729155,148.9957177099755,221.53352328098927,47.55762708167865,7.289386469778625,0,110.20458627131406,10.0,0,0
44,0,愛知県,24.302446689084142,105.29400434702944,35.566640279733,41.79804024116643,13.212201426315097,0,72.28987743062929,10.0,0,0
44,0,埼玉県,23.160896920305795,116.64007084425997,60.01861674912598,42.84233320038781,17.971916674269206,0,90.83511607978544,8.760349032598171,1,0
40,0,埼玉県,22.519197241273286,116.77659535311754,94.80389243580429,55.129820933571075,19.54648935430933,0,105.52349010512434,10.0,0,0
50,0,新潟県,25.88072687764906,124.8361991797437,61.95154025744629,65.01648598485755,15.476891808145892,1,77.97582982571534,10.0,0,0
41,0,青森県,23.23881173014233,89.46650671385714,65.10235329160636,41.79960619151993,23.675054414982018,0,84.16187108156551,10.0,0,0
51,1,茨城県,23.261617726656162,137.13548913980068,91.55898495238571,58.679861782444014,14.574377812641043,1,65.20190009916156,10.0,0,0
65,1,奈良県,26.931742998241955,141.18669693017753,44.40094221615618,52.284448399988435,16.777625566413935,0,121.95499113981238,9.582608292486583,0,1
64,0,静岡県,27.72897833935993,128.08725702766378,151.7368122664352,45.85590076296541,37.26944671528679,0,114.44785737735931,10.0,0,0
66,0,東京都,18.17819003513025,76.35981902175776,11.428295521696286,41.87837913376919,3.414771772513579,0,95.03012437393842,10.0,0,0
56,0,北海道,16.939473473803204,120.50693263595626,26.228553002537584,45.286474073651135,1.2117201580952492,1,72.00932197531681,10.0,0,0
66,0,埼玉県,17.799389952620306,122.19940309420896,85.36338410053614,50.28141593684259,25.53380553711547,0,97.55534674524952,10.0,0,0
49,0,埼玉県,21.202285556380694,137.19637385208654,84.25333774276172,41.17396240248234,7.151879024595781,0,69.47737661085586,10.0,0,0
48,0,新潟県,15.203699088064795,119.84507786404968,31.395607544312146,42.022912038622685,3.810822877969882,0,80.90201789431947,10.0,0,0
65,0,奈良県,24.859011082469546,119.70771059126034,78.94877057225293,51.64476207312748,13.285092446405374,0,123.93450030266851,6.266764098424996,1,0
70,0,神奈川県,16.168541592035464,114.56813186238271,48.91196529164615,44.388388763249324,3.886729247819982,0,105.0473326939868,10.0,0,0
64,1,岡山県,22.263202867142823,129.42162752695464,144.7904980604866,41.88215208035349,20.81168449600648,0,79.27203640163293,10.0,0,0
44,0,長崎県,22.6669074868046,100.2786743924973,20.398490048829544,42.52223509038167,4.352373083631857,0,54.55106345256364,10.0,0,0
56,0,福岡県,25.968791036999264,141.02603577792422,51.41330755282063,41.484050192582174,12.5105661746343,0,98.62739505516477,10.0,0,0
63,1,埼玉県,19.864652006383114,145.30378152202925,79.72499227933905,41.58519271392808,7.402246781038413,0,97.48075508683426,10.0,0,0
40,0,埼玉県,26.768747517862376,124.21629531471585,204.3053596648555,44.215049053334496,79.52008064168879,0,86.48620985983555,10.0,0,0
56,0,東京都,25.90345185181034,146.51384610523706,161.7717845768611,41.29151431627246,22.680402675913612,0,118.07696099819795,10.0,0,0
44,0,埼玉県,12.948610839644447,86.23116806033059,12.848105519103674,53.63443589706091,7.374606124455372,0,83.17033226344795,10.0,0,0
48,0,埼玉県,20.563307360323876,128.53555502181712,30.661769501013115,49.070380486692486,9.175573176608632,0,96.6645774324431,1.0920552959471261,1,0
54,1,福岡県,23.855761205273332,116.63173226989822,218.46886525814008,42.32128199556257,14.32769576730782,0,102.14900314412571,10.0,0,0
56,1,新潟県,21.83243568562221,128.66973090767434,105.17788960083364,42.15892455412771,50.80757546076278,0,106.24316925618876,9.347368529375887,0,1
49,1,埼玉県,25.367026162681718,138.85440767595952,132.58438444328638,41.92481035785653,40.715070804757524,0,64.8768662384497,10.0,0,0
57,0,大阪府,20.93288633253085,121.21909091486638,62.58171945341013,42.2935046945245,19.440517538774557,1,117.60894001909755,9.795498953805236,0,1
61,0,香川県,23.41692019972979,121.51464058126497,125.9948065322692,33.692377815718885,16.001242472586178,0,86.08717887325145,10.0,0,0
63,0,静岡県,19.631715380171652,119.47420424852591,78.76845107716632,40.91989359501988,1.9703651643571125,1,95.92979751700176,10.0,0,0
71,0,広島県,20.174041237618436,116.78538711341753,61.47942428820113,41.65501479464466,16.519808047637845,0,85.71918859878336,8.395297358477704,1,0
65,0,東京都,20.006294891727766,125.66732608428569,32.713951716238626,51.048211793626685,9.437894631219304,0,101.67809535662202,10.0,0,0
72,1,埼玉県,25.896447279177536,161.54062905741972,62.17069491063633,69.90724442665079,18.65740882268297,0,81.4812286828373,10.0,0,0
44,0,東京都,24.807850358199193,122.18905240781507,37.779536561162814,59.566170597207496,11.960512397778597,0,91.40214412999232,10.0,0,0
42,0,埼玉県,29.321072034742308,135.05594096424713,395.3427715028883,40.29013238557493,27.7512382121193,0,75.16744257570627,10.0,0,0
50,1,長野県,28.528832456191438,118.36970610437344,40.94699126037228,41.8856506855179,18.26545005362706,0,90.94351086304484,10.0,0,0
42,1,埼玉県,15.627909670461976,113.81962684998007,35.605216359001524,58.530146540662194,16.017388552807727,0,85.33690113191197,3.409277772616642,0,1
63,0,東京都,19.51111278324858,114.09716811671265,131.36886036633246,61.70843715745205,39.24731586543049,1,106.27338194052813,10.0,0,0
61,0,千葉県,21.76859614490473,101.24882283430279,87.97235324927115,43.74748832283642,37.79317753707617,0,101.68788064998314,5.457117059122423,1,0
70,1,埼玉県,23.258887829606437,138.26592167625532,136.08502796316003,49.22747168993654,13.45608526603262,1,106.25431406677647,5.899099790049167,0,1
57,0,埼玉県,23.81289696250566,122.19027170387893,40.538242539993554,52.51427281685387,18.800511212021405,0,97.4865342944412,10.0,0,0
52,0,新潟県,21.772199185392505,76.15738313494205,68.37397436743491,46.067660252394475,19.142943864508077,0,82.25084594568169,6.8172594066463335,1,0
56,1,東京都,27.220339792045507,122.44904545602316,95.51531748805968,49.261322517101476,15.684397541193718,0,77.29606464178394,10.0,0,0
68,0,静岡県,24.426821722910177,140.6343325041698,76.76549477307788,51.86780735370928,19.32698834677872,0,91.38717425785435,10.0,0,0
68,0,新潟県,19.62270732974348,103.65143097344047,12.554152863886493,54.93447681778143,6.189965905991423,0,95.78053779074284,1.4205749032332928,0,1
44,0,岩手県,22.921837315624938,106.99021014054665,46.572988031167775,58.790940824802526,23.045572410527917,0,85.57706511669076,10.0,0,0
53,1,埼玉県,24.053021323758713,139.3198733733412,109.61914375042828,41.27822744797211,3.4581717880434453,1,116.71934547496168,1.3367190990092577,1,0
45,1,埼玉県,29.31151921431238,131.75857338423552,217.63344203986733,55.313647017078964,141.1629915893228,1,116.68158756896531,10.0,0,0
42,1,愛知県,26.855254406862553,135.68348643424326,89.78076343522608,51.91103689543392,37.928855762522744,1,92.82307382508161,10.0,0,0
58,0,福岡県,21.790023611827007,132.86753473525042,84.28785269100234,50.01679037607601,14.525381809287765,1,112.99455837519461,10.0,0,0
62,0,埼玉県,23.62103037141525,139.46866514197418,21.354505355138436,47.56792562850084,10.355202374629208,0,74.6880288164397,10.0,0,0
48,0,埼玉県,26.64093427706042,116.3078816582308,262.39541677483254,42.338642420402536,33.862128264651744,0,100.45777951423082,10.0,0,0
58,1,埼玉県,23.64255599101889,119.47929986177137,158.6469335597253,42.751264115945766,43.36063060792996,0,79.74058916414687,10.0,0,0
44,0,栃木県,31.7196787594066,114.95610065457096,198.05791183086293,40.68190965908395,16.770543727961563,1,86.66703263703727,10.0,0,0
62,1,福島県,16.71177558745888,133.94593113839684,177.33805578748158,40.8924239349485,11.269217802479064,0,63.752643090290555,10.0,0,0
52,0,埼玉県,27.28634620373375,128.99621283844525,89.22549256394603,41.67813150425777,13.551560156673853,0,77.6997896672094,10.0,0,0
46,1,沖縄県,24.473315048249397,148.1432681682986,108.50189547445338,41.125265616030525,14.856382543798738,0,110.70369848994281,10.0,0,0
72,0,埼玉県,31.21874323602952,141.02233266934778,247.43030551763886,41.413529498228336,6.301699009145735,0,90.66583207908987,10.0,0,0
47,0,神奈川県,23.103647695730025,144.92729968862892,166.2041742253875,55.69656627655294,54.90780712764269,0,83.84547524770997,10.0,0,0
62,0,新潟県,23.30413901722709,137.76015748649775,89.50413577309821,40.55280147238623,22.860526827082513,1,79.15640890241949,10.0,0,0
42,0,埼玉県,23.66984792981572,141.9671164232503,36.09075337043718,41.0550819472973,8.07382726414021,0,88.44473601243706,10.0,0,0
69,0,埼玉県,31.51119075108582,135.7233707517444,63.79205260132888,58.46734629488105,16.722530463109507,0,109.051732481428,10.0,0,0
48,1,愛知県,24.639027338747315,144.77575912586983,89.61452354648151,50.592799685167144,7.3847026384680925,0,61.496339083302644,10.0,0,0
73,0,埼玉県,23.45724768815861,149.8602176131837,159.24913895081477,40.981597831113255,3.0096290718417227,0,110.80695734906327,10.0,0,0
63,1,福岡県,16.42027545804986,120.5636966360242,24.816396592172506,59.303221406460125,3.090048865110273,0,83.75483215594832,10.0,0,0
46,0,埼玉県,20.407678393382817,121.7425026587092,93.2260343231399,42.03885598797111,6.44762121844911,0,84.99348403709023,10.0,0,0
71,0,宮城県,23.116238856756254,143.81487602599205,69.88458557986544,57.999223875557156,12.323893829120165,0,85.80956615921104,10.0,0,0
71,1,山口県,25.257703878194572,107.89967171370535,102.44982337297596,53.75753657792162,4.863258122921653,1,97.23871815050924,10.0,0,0
42,0,神奈川県,23.23082916369214,124.782038667021,22.961043486561906,51.718141909927105,10.577666551513705,1,87.50490217582671,10.0,0,0
58,1,滋賀県,24.136355649173677,114.98718887430937,20.57307897600029,41.33097170519339,16.124791502877063,0,77.36300235911398,10.0,0,0
43,1,東京都,23.64092882913742,104.90106889595141,33.76624566784614,50.39088045000956,5.777412163064536,0,97.80691076470157,10.0,0,0
63,1,千葉県,16.612457799487387,85.88979430125848,45.52961360781351,60.36426008242703,12.235690837801139,0,71.56333142026723,10.0,0,0
65,1,埼玉県,26.15431139779153,115.36156447979928,142.38772956024184,39.04839384748842,12.121349612149743,0,120.07909439182416,10.0,0,0
51,0,長崎県,24.007559709929545,145.1316521946943,103.22355880425239,63.10158405412824,48.90891117635593,0,104.73694307367353,10.0,0,0
67,1,愛媛県,27.379363117266234,132.23639652508643,367.85903128466043,41.29736264012112,29.243527841870833,0,110.88736822875902,4.846136335244795,1,0
48,0,埼玉県,21.226597612306104,83.81771608928833,98.02739538810305,41.66368929370185,7.212565804183377,0,75.51205327993826,10.0,0,0
40,0,埼玉県,19.3099295662351,110.42592945126603,120.5129641005248,59.82653850940977,7.431976212748918,1,114.32410982248261,10.0,0,0
69,0,福島県,25.942630183787713,126.33454461808948,123.88139480570985,45.5059302144087,9.82414708351536,0,124.57127480027131,2.194351760913002,1,0
45,0,神奈川県,23.303819039944102,122.18046017759279,98.50040183183168,46.67971825802109,11.01290503361613,0,82.88542767850288,10.0,0,0
52,0,福岡県,24.598058992929538,113.05267147612477,61.09676840699497,41.894453225198276,6.7693791479684275,1,88.97525702454918,10.0,0,0
66,0,兵庫県,24.359856635354177,156.26560671736775,70.06759928087571,52.458750267598276,45.70213581809487,0,121.76096197231023,6.831491086829456,1,0
40,0,新潟県,19.74599319112945,118.43025258469962,51.71102800142699,41.00135513836775,4.9968956786856324,0,75.0354835096564,10.0,0,0
57,0,埼玉県,28.729428130072332,138.93248051800666,51.10618550500323,40.60086489621784,10.080752615077271,1,112.94176712353588,10.0,0,0
66,1,埼玉県,21.585168307072244,95.53115915732398,122.27857201163432,40.95307887641964,10.699030527421563,0,95.25801728183427,10.0,0,0
59,0,大阪府,14.371042192195992,76.08776507445809,110.23877375877646,45.4694781877329,5.520752999473124,0,98.35669323658307,10.0,0,0
62,1,神奈川県,23.658853846670553,117.56617342151775,61.528333130784944,41.387626350938575,11.749243654832703,0,73.31855399758277,10.0,0,0
65,1,岐阜県,18.325631315043836,79.61836631350731,163.85741919348138,41.68774811477986,11.151425616177397,0,113.29646007925709,10.0,0,0
68,0,埼玉県,18.408661953408448,149.3793526196929,73.2467706427403,41.45453690868076,11.912858417834032,0,116.5070217150388,10.0,0,0
55,0,栃木県,21.039675242996964,120.08978320734198,161.3046683776002,41.31802773510394,26.805021074202816,0,67.48619461099902,10.0,0,0
62,1,京都府,18.880561619717174,97.37650694796942,58.34898505116529,38.74196926607165,7.154847801108172,0,88.69678851874646,10.0,0,0
50,1,埼玉県,20.523147292979033,130.29787695154204,56.27108803690985,55.06001231474032,18.041741776789056,0,77.11722560845261,10.0,0,0
48,1,埼玉県,24.811219898754725,141.08669363530913,157.33549229662336,49.034575568295914,26.03578898511838,1,98.87710430824163,10.0,0,0
51,0,東京都,19.10292434439835,145.9827490112222,39.70381200541988,40.616823360295484,11.179781942501297,0,101.50957782567436,10.0,0,0
46,1,埼玉県,32.42521541990426,169.22963952879562,135.174845711693,52.08107656906905,5.765217795815211,0,94.00724110882958,10.0,0,0
42,1,福岡県,17.972502096993843,105.48633713841618,23.805714860071514,42.43098723223968,1.2014034503490234,0,89.03215556706512,10.0,0,0
45,0,東京都,16.61694779005411,102.51555372504525,40.75552546955347,40.95132030991497,15.360258258221776,0,78.08551192308057,10.0,0,0
43,0,神奈川県,21.90653958835843,113.77361749360114,109.61595245536307,39.40212400600872,7.465177432881897,0,101.72218449267335,10.0,0,0
74,1,愛知県,23.008256395075765,124.49962821031498,110.83285686290083,40.730661370944034,6.841594992031456,0,99.86301067563228,9.811596884346148,1,0
40,0,東京都,26.128530280888256,105.435719780817,106.10706649086183,40.51352831383391,17.469930757807806,0,95.22141780123961,10.0,0,0
45,0,神奈川県,25.780351207487808,134.55948102550968,73.33075575445297,41.93805462566282,6.377697691443993,0,107.40542010876037,10.0,0,0
52,1,埼玉県,21.815526330852446,118.94472728349669,173.3482281068959,61.24294256452408,44.69919138910397,0,97.64551298549559,10.0,0,0
56,1,神奈川県,24.462442566209013,112.94222073852949,165.3014811589654,41.31469660518448,34.42323726782353,1,111.84037055821587,10.0,0,0
61,0,茨城県,19.894418089716133,118.83131813838408,39.41610820855992,51.11111986973457,3.9583119566094314,0,88.43971498117563,4.829166303880021,0,1
67,1,埼玉県,28.714107424806475,134.2584013855004,288.7356021609573,48.97009702053403,117.72411082242476,0,117.78454409347732,0.9564948134652931,1,0
69,1,福岡県,25.73512450189676,170.24033819613052,113.1387545992802,54.12336403831375,14.650136372670104,0,122.94020504164381,4.381308330602139,1,0
45,0,埼玉県,27.0395517808903,96.83404226672596,110.24255136827647,41.95783481193537,21.210583220986774,0,99.70568917022341,10.0,0,0
61,1,群馬県,28.41102663352652,100.03736125067482,70.83642860521545,37.6616193183818,4.686413991709876,1,80.49581510124146,10.0,0,0
47,0,埼玉県,26.691170167642692,133.98732136167456,168.99201987451747,58.556700211769304,76.15253066932337,0,94.63075180655662,10.0,0,0
44,0,静岡県,21.251074442727266,104.23678072466674,74.37216789086476,47.924995439254815,8.2109093216831,0,93.82639419429634,10.0,0,0
73,1,埼玉県,24.80911474282101,132.84537184789278,196.91023901255812,41.65762722032978,13.661350527397513,0,89.01876888528021,5.273089124997222,1,0
43,0,埼玉県,22.830520725056438,102.20973897634005,23.95554278219684,42.2508744491549,14.922875847543759,0,107.75662777839197,10.0,0,0
41,1,埼玉県,22.604497358183842,88.23508933371593,27.969172475469968,58.06037936713036,8.08677722037032,0,81.65061443480177,10.0,0,0
55,0,埼玉県,19.731552072020026,116.6413281768091,37.30016895892062,40.99453606132355,9.558675920231892,0,83.17038829786568,10.0,0,0
40,0,埼玉県,23.235184792042336,109.79887980569362,25.176973931199598,61.27348093224226,21.725394847289273,0,57.03569251317964,10.0,0,0
44,0,東京都,19.74938919918126,112.94272261264545,67.69655214393366,41.02505989672587,23.149018402450075,1,73.73246364304724,10.0,0,0
44,0,埼玉県,24.43527400646503,136.95386170710592,72.92033385828816,68.44586786837864,55.40723094475406,0,75.87647459959939,10.0,0,0
56,0,埼玉県,25.25989402086969,118.8313408237751,54.663546584729005,40.45323357558668,3.1779689009150465,0,77.14187864016003,1.9508968373181956,0,1
42,0,東京都,17.200579042353276,85.36750711387428,20.870408097044667,51.03619970739123,5.2502186432386635,0,81.44707638662902,10.0,0,0
52,1,静岡県,26.683873556967487,150.09270730782157,84.27800963477716,41.066735633023896,51.26348322868601,1,123.28018493006874,2.757113201340261,1,0
52,0,福島県,23.145728215798485,121.0749963623323,54.23011535904614,47.00525332884104,9.832828791495114,0,61.208022571571384,10.0,0,0
43,0,富山県,26.597858663886264,105.55878201698854,62.05567656503728,74.59604635055045,40.96701189769104,0,98.37798298932236,10.0,0,0
49,0,千葉県,22.294287631354617,86.45457410693248,66.12883950572476,41.74559813546398,6.581391156081192,0,71.33024804311415,10.0,0,0
41,0,東京都,25.70080020658394,98.56507598234059,64.97792834246482,62.34257754257991,11.239557242130603,0,84.16128877444616,10.0,0,0
65,0,静岡県,25.896477691931764,163.92380279676485,87.4482529886637,61.51261312430239,27.128807544787406,0,98.53432673824804,10.0,0,0
51,0,埼玉県,19.723539025181132,111.3304050723502,89.18249801308194,48.54359569668748,4.760987332657172,1,84.97135514406631,10.0,0,0
58,1,東京都,26.37181740113049,142.10889225168083,88.52052757127001,61.62981389973106,31.46692677242207,1,86.50349846773969,10.0,0,0
41,1,埼玉県,34.94301010422338,127.3743220366736,84.32328480277457,40.865996796783676,7.199355510007366,0,85.50398130968165,10.0,0,0
69,0,埼玉県,26.220268175067424,137.1995034111929,174.50337187557776,40.97788583459676,31.380852012305475,0,111.41356981438113,2.215850666393365,1,0
49,1,岡山県,29.09794566277879,169.1650703233484,192.75034094372646,38.773940756019265,10.68190166328794,1,105.84889208777491,2.1749574933476774,1,0
49,1,岡山県,27.523541940769427,96.38032683585747,83.30877668792006,41.44629193476961,13.663177343075342,0,85.39225494906158,10.0,0,0
70,1,埼玉県,22.283736392622433,162.59558798312153,50.168546517085886,42.47761581457464,5.242104619593268,0,99.59656003489883,0.08094292782142441,1,0
74,0,神奈川県,19.448447104349597,124.23606758381894,83.92010596551239,40.46498065997967,3.7266819049415174,0,96.71876614508025,10.0,0,0
42,1,熊本県,21.433279304182435,130.62305785298,22.0942070161487,60.010444112144555,16.001141533597966,1,86.4890547086529,10.0,0,0
43,0,東京都,22.69190895754982,85.61621054099422,17.914963791188708,41.22445859908998,3.963016118879512,0,73.72673760438566,10.0,0,0
52,1,北海道,21.189972275379166,106.88162130626772,143.67238442269064,41.78053571206063,3.5689824140025945,0,88.15445082426197,10.0,0,0
49,0,大阪府,21.814946678403885,128.54614218346163,137.9607795518916,41.046598564209724,17.073519400092227,0,82.58540829862504,10.0,0,0
44,0,埼玉県,26.347389168411325,126.96674347865824,69.41073093580454,41.4059802092963,32.64332389891999,0,88.95726285804962,10.0,0,0
50,1,滋賀県,26.10884820463903,115.96948061874669,306.38831252257836,41.899357009665366,32.89744642986147,0,67.77317623634536,10.0,0,0
68,1,長野県,19.103399850556617,101.23946216449013,94.59914309603444,50.17505060770147,8.70507739968914,0,91.27024832229975,1.0733193159137526,1,0
72,0,京都府,28.15519845086414,119.85369824198678,161.83875772897153,48.709123144489894,15.532223302883837,1,96.88358947633326,10.0,0,0
72,1,神奈川県,17.15691134713678,113.89822963355459,95.32535070635879,50.539584123331956,4.4606302518579515,1,108.26581147726931,4.848195834423174,1,0
66,0,神奈川県,25.867531271902674,116.08910404047467,84.0203252415944,42.021831435101404,6.1048238917573405,0,118.62315031526795,10.0,0,0
53,1,埼玉県,27.562404497392993,123.32359428691663,38.42556836098523,41.12748525851275,2.2078648452827965,0,73.9896394866399,10.0,0,0
74,0,千葉県,20.088432721002068,160.85180444452,40.611256353074175,44.273401083827885,4.461286978552577,0,97.55615939412951,6.422843711565346,0,1
47,0,東京都,22.94206634476605,120.116015275625,86.27596215774842,41.47261876894947,13.230465599433547,1,73.16010256824758,10.0,0,0
72,1,埼玉県,25.931466023365047,177.049037961188,199.41460168262012,57.38114566100608,24.198349971703045,0,102.0465833330915,6.59019625115846,1,0
74,1,沖縄県,17.192824757336943,155.72957634421465,80.18124988934007,41.832016981713984,6.318578267374001,0,69.86564170400614,10.0,0,0
44,0,三重県,27.10022561163809,81.46194533525602,61.48096641696318,42.29272955182951,9.899772352080667,1,97.2811149968028,10.0,0,0
55,1,鳥取県,25.127417823951674,137.7810602963734,111.28555930251122,56.0285428643258,24.701234351036693,0,81.23273691451872,10.0,0,0
71,1,埼玉県,22.69090349834887,122.38936132248197,131.8807018005724,41.150670937367494,16.53655178578932,0,122.92465656360076,1.1977877100586163,1,0
68,0,福岡県,23.032709512515797,129.53014690704532,372.621247941914,41.805367173703246,8.492813181670252,0,122.8296274818912,5.326973148968628,1,0
49,0,愛知県,29.280515914510417,157.1980647836089,99.65330356037832,58.64746223339694,49.49528025573205,0,79.48755498937807,10.0,0,0
44,1,埼玉県,16.647215916397435,101.98276851539347,18.677423450513917,64.5991003224161,8.221749198738848,0,83.06926512849209,10.0,0,0
64,0,宮崎県,24.249572622352282,148.8954359771469,164.67915440217018,41.164219366164296,8.695545355976488,0,97.12570746574342,10.0,0,0
53,1,埼玉県,19.69928794080184,103.52839412838355,32.56331093985689,41.70095221215248,15.687026651968022,0,94.3214569099386,10.0,0,0
49,0,神奈川県,16.935364915519703,107.30035296838582,79.85476203895091,47.560055829526945,26.45392019055984,0,88.93207240259056,10.0,0,0
65,0,沖縄県,16.924822359087607,120.47181685839817,75.1791959988129,58.4078542804019,12.053391031051136,0,78.7612930658621,5.223661324651174,0,1
57,0,山口県,17.946988333217384,108.66554986406621,159.68475136620216,41.22813954332939,10.059985092444247,0,90.41873545245961,10.0,0,0
73,1,福岡県,21.515331090199854,121.4385594791455,79.00903546464093,46.18706659334292,3.826360178558271,0,70.97892245865408,10.0,0,0
45,1,茨城県,19.088984044971912,89.33051683795594,51.05841688094546,40.90718212084898,6.081183032560106,0,93.36867746100158,10.0,0,0
47,1,埼玉県,21.039269143079785,122.91306570857617,87.757850384696,41.68643762589345,14.850210087766818,0,85.28303883781918,10.0,0,0
53,1,東京都,24.323045860417537,145.32824421040942,51.438240029256384,41.31605123693818,2.676320250353319,0,108.46567867692666,10.0,0,0
45,0,埼玉県,19.302656854817982,110.5651134655158,21.41095461421869,57.475479022105205,3.4242088605218632,1,78.94506474970036,10.0,0,0
45,1,愛知県,29.05359646062685,103.37937907558165,188.84143085071835,40.97977988530368,42.050209136123044,0,74.63599237444771,10.0,0,0
68,1,佐賀県,29.0413125561764,140.95977348445413,109.51240630030362,50.51319005203749,22.183722312926317,0,102.80803207597663,10.0,0,0
46,0,埼玉県,26.087709991128392,120.50531940461487,331.3118098062433,42.07777485004526,12.388296117607103,1,109.69267149628783,10.0,0,0
65,0,北海道,24.413450326168103,125.61199616004137,107.20566167425837,42.46588807813605,9.960927307161882,0,94.80230413171202,10.0,0,0
43,0,東京都,21.11107038164118,98.38582553707712,114.60735755282953,41.33156078561649,3.155124878837147,0,93.6654880999977,10.0,0,0
71,0,熊本県,24.427021970292813,124.93486949560902,105.20351645207349,41.10300571173782,40.74304078998152,0,110.14434317820677,9.5895820998783,1,0
61,0,愛知県,23.334918732728987,104.86482956062389,76.43529084747193,41.3795618568712,9.66620632234051,1,92.14078676529276,10.0,0,0
45,1,埼玉県,24.44876964052921,101.30756617133797,61.45853861718661,41.894455217274995,17.934116364745336,0,88.1687670772736,10.0,0,0
56,0,埼玉県,16.923669363066256,134.64596665822398,44.10965127771923,56.98629384051178,15.740028936932534,0,109.10372278151475,10.0,0,0
56,0,埼玉県,25.71791024841269,108.69185405762768,50.85301286592767,42.32989376072734,23.03582897073115,0,92.2524958829404,10.0,0,0
52,0,茨城県,24.573852325732116,95.82483224930925,166.343811298825,40.6884819960282,28.328089591881636,0,96.64072342777634,10.0,0,0
57,1,愛知県,20.066119853602515,106.44894902190954,219.09004360241704,41.8459698031737,24.724470842358485,0,82.0585244192663,0.9016409878464294,0,1
58,0,埼玉県,28.337132948933014,163.65366975380022,129.5949452354764,59.237169457495845,35.41586421388482,0,100.43232271584681,10.0,0,0
53,1,神奈川県,24.907079268143267,115.93307600821791,137.48599953697445,41.88766766090724,6.56544571813699,0,77.22331109016937,8.611050487497792,0,1
42,1,福島県,25.476672811953932,122.57339467243597,38.06592683715189,41.29383596204556,16.816826604807627,0,81.1375322802352,1.7489195576881051,0,1
47,0,埼玉県,14.001193812782404,103.54166785676298,61.44664416887695,46.07185921268542,7.8750711661350286,0,81.36096635692232,10.0,0,0
62,0,埼玉県,24.137108818475408,132.20628453603422,113.97437308821691,42.28606688929985,11.12664713179772,0,75.63903619197839,10.0,0,0
69,1,東京都,34.117246711020385,109.75575305649767,490.1041956979752,41.213190421761425,29.32544409468691,0,125.88273060309542,0.23662567222674286,1,0
63,1,埼玉県,28.00753566243772,155.54597790058443,189.00511278040702,53.39358313456786,37.45717921006534,0,113.30617344210863,6.9349528740383395,1,0
67,1,埼玉県,23.41905416265617,134.55163296251348,63.65266955632669,40.95433415269029,9.309918884977357,1,78.86447222929311,10.0,0,0
66,0,埼玉県,26.596704331814554,131.19036538441793,161.39598245303299,41.03786590970652,24.786762908389804,0,110.30383141232406,10.0,0,0
42,1,埼玉県,19.597197808457068,95.55935071964109,58.344745205332266,45.56979367672191,7.976668432771557,0,73.77297100168654,10.0,0,0
72,0,千葉県,24.566299695325633,130.05162918659587,30.995607928735968,57.3749509722238,3.2459112643090355,0,92.8236921975485,10.0,0,0
66,0,埼玉県,22.511783973603396,120.96036156487875,178.46261354015442,49.0209600863738,21.43422588906749,0,88.74159931875282,10.0,0,0
52,1,埼玉県,19.256443279955988,117.78013886939664,33.56955648004501,66.41800010996846,3.5851491349561653,0,93.77428341346838,10.0,0,0
45,1,埼玉県,14.840302646377616,129.02915440122655,51.08529440105116,40.91066302144211,15.033778101445911,1,64.87508034077442,10.0,0,0
66,0,熊本県,18.72756428762965,129.78981568350824,116.90011898169881,50.292043599581476,27.00271344314588,0,85.81530152160468,10.0,0,0
74,1,兵庫県,30.981813862509046,168.98925169049423,99.2047978545516,49.67134536387888,12.457782043049829,0,119.00277412229141,10.0,0,0
44,0,埼玉県,24.624771855032662,141.31122862619316,66.81895909837448,60.24692508874868,65.18279374991734,0,92.1419196962392,10.0,0,0
49,1,東京都,23.84377417106394,96.9110484722232,54.38365601984332,59.12283332876715,48.83774318247525,0,69.49633522380131,10.0,0,0
44,1,埼玉県,27.169450834858413,121.97930490122138,77.15330210513837,56.5410380962354,31.642835878477026,0,96.79079753757891,10.0,0,0
42,0,埼玉県,17.89570863137158,92.76508183223822,61.7729793970136,53.983757212368076,23.55656190829215,1,77.469547168396,10.0,0,0
69,0,神奈川県,28.124994813871556,158.9300715851422,94.99480068625576,40.93425632949268,5.936925885498913,0,71.01979822336763,10.0,0,0
49,1,神奈川県,23.743506824100198,131.15233742177236,107.27062388022539,42.21597447601115,21.459194532931576,0,116.73449182407231,10.0,0,0
44,1,埼玉県,23.648227795572375,117.00322086176111,144.19516097668165,42.188263813618455,7.553131821740447,0,74.61760651160363,10.0,0,0
61,0,埼玉県,18.142417014444717,94.25184994606961,18.9230035664302,42.026686663286256,6.1687923048221185,1,70.47839751259872,10.0,0,0
46,1,佐賀県,26.861700342471096,118.83035098488672,32.527215678877276,42.231497804197424,16.867441883598335,0,77.67419852619508,10.0,0,0
67,0,埼玉県,15.810240313876967,105.06386113590486,29.492271359594184,49.08406406220416,12.247445916479226,0,80.89656398314807,10.0,0,0
49,0,東京都,24.731054003575757,114.2349488831939,122.79911762920347,41.29114603675281,2.756609360022195,1,99.24499782995362,10.0,0,0
46,1,東京都,33.07532536376234,148.65807836579242,91.33607571049407,42.18535795499061,64.81868087758276,1,88.27351120037646,10.0,0,0
45,1,三重県,26.5974832141917,147.1408151947766,139.29242462869706,52.93170037086484,45.039758847778735,0,93.20162144862192,9.100483195023045,0,1
62,0,沖縄県,24.675413597689417,129.34863050598267,298.15631745650256,40.887209333503456,38.714063712140195,1,101.79940110078567,10.0,0,0
48,0,熊本県,21.562473561020457,111.00283951997338,102.50623291091728,49.35299029812488,16.754829648616276,0,95.34315445010934,10.0,0,0
43,0,東京都,16.510156222500537,122.18500550004048,154.34617179120906,40.95100790987287,7.747745835888268,1,114.07904891531915,10.0,0,0
64,0,愛知県,18.776418855654587,116.94236988965545,122.43478121159062,41.23502110056227,18.923667211624522,1,101.93929201612977,10.0,0,0
49,1,神奈川県,24.98912250296581,133.40380715379922,136.96535458930154,41.25676397762304,35.49516311659848,0,71.34474226095988,10.0,0,0
55,1,埼玉県,21.193149344650095,102.2871761243189,60.15869989616612,60.55103806091096,31.39533072504203,0,80.09725392708658,10.0,0,0
61,0,埼玉県,22.751966344254747,122.44457735711188,134.1186219697938,55.92956366881721,32.6426460306797,0,101.43691404104452,8.369775453898301,1,0
60,0,埼玉県,18.97570535956928,75.8748888253502,72.67389095951619,45.94163960812555,25.970247547583302,0,107.52908123307428,10.0,0,0
46,1,茨城県,30.31590512833787,120.49358863455673,89.67096844871926,41.98069555678509,24.331212364129986,1,93.25387418198684,10.0,0,0
58,0,沖縄県,19.1031041089183,82.25976833847098,38.81697894619343,41.719140822750475,10.99410158667381,0,106.73497075222485,10.0,0,0
48,0,佐賀県,29.052640578667926,142.9145047100404,44.68752356088515,38.577321506597144,7.595500506235862,0,86.31210331889434,10.0,0,0
68,1,神奈川県,18.709778362743418,111.92161079644632,105.35896744100039,41.32093886092138,11.169463311239019,1,79.87179445341222,9.689510651539015,0,1
58,0,埼玉県,21.483305871803463,145.20855055894884,207.5108153221556,46.88693292893884,6.891480588622173,0,92.21388137991043,10.0,0,0
44,0,茨城県,22.947372375808104,137.3761845430684,58.26796300036544,41.16641066688559,37.74656401472441,1,85.85503771520926,10.0,0,0
47,0,埼玉県,20.500574505473594,113.88875504545373,40.63719191119987,57.11296168800839,15.393353530394165,0,72.86725668298028,10.0,0,0
53,0,神奈川県,21.790267855981686,131.65548073479454,89.86732801623242,57.15121934515594,48.83323902068509,0,102.04747866011331,10.0,0,0
68,1,埼玉県,27.020029762448992,133.50648290585784,92.17737556554684,61.516623083884085,43.14188332714058,0,109.9356353480812,10.0,0,0
41,0,熊本県,19.830167537166222,74.42824029047601,63.09535256618655,53.329707419672815,13.998575200527503,0,80.04543574337106,10.0,0,0
68,1,茨城県,20.209452229074213,118.41606521293775,26.466893785120174,47.563909346312926,9.834299268696869,0,109.11180558040581,10.0,0,0
52,0,茨城県,28.715386253596908,129.06646366799114,213.92227273855667,36.88185529850258,16.512675923268237,0,110.72597060898161,10.0,0,0
45,0,京都府,23.052826709630665,113.81551435514729,89.6180644414868,42.521578121385964,24.199986743730662,1,101.41801419008783,7.582538063197193,1,0
45,1,東京都,23.234928093487508,133.5838614803986,117.56505419330956,41.15074869692254,19.8322342452698,0,106.60856829134573,10.0,0,0
65,1,新潟県,15.104654376623843,110.53501264591061,18.707641511485242,65.2495592711458,25.495692857051377,0,91.96544415324907,10.0,0,0
41,0,京都府,24.32253451843832,124.8359323292153,22.18539265730014,49.62523627054812,12.345611087559675,0,73.6991441747462,10.0,0,0
74,1,福岡県,28.361507950579927,151.43113292974877,173.47307540786542,40.9763803483156,5.716953791767342,0,93.5664874418477,10.0,0,0
55,1,熊本県,19.32854743310504,92.70619756913008,65.53684488527952,38.97903643799498,15.664205488285436,0,102.88705010421221,10.0,0,0
74,1,愛知県,22.772202031297116,158.93139914968395,114.57544808219065,42.26816519848504,8.712083353974434,0,122.28263225928963,0.5336807850454538,1,0
60,0,埼玉県,19.4596274023253,137.3374457792074,50.59428057079655,41.91553325805417,6.988176526456258,0,78.29279191800224,10.0,0,0
58,0,大阪府,23.113362231033143,133.42561776932544,84.20069619571429,41.34117364819283,10.32225785189212,0,125.92770410972336,8.498908473055826,1,0
55,0,兵庫県,28.42747042260206,129.96527286165303,122.55880430953499,56.276377732012065,22.680938673409138,0,81.03490340189511,10.0,0,0
48,0,東京都,29.265965318230123,142.91190366634032,407.91376833350546,40.55302868044421,56.14133960826914,0,83.3303509926305,5.320130405524328,1,0
49,1,千葉県,26.620210517078586,113.78808726901333,35.17572552130848,50.431349159635396,6.179681286853145,0,82.20739998703631,10.0,0,0
53,1,大阪府,17.156931361009818,117.434305788493,92.83893049784695,57.2155554282346,13.625600240146877,0,113.23593002286634,0.11376768702402783,1,0
63,0,長野県,24.355079524047497,105.99787682629692,122.34086397943572,41.398203473451076,5.201087692726438,0,95.82587852322855,10.0,0,0
71,0,埼玉県,23.592443059258272,127.3595442921248,45.78504706180359,41.13770854893844,7.882457363687293,0,76.18047757173379,10.0,0,0
65,1,千葉県,24.289045490753793,115.00775216820438,35.182944013764875,57.7609304485983,18.883697898911585,0,102.55119613732742,10.0,0,0
42,1,埼玉県,20.205008560790844,104.72908839368502,46.11203909168161,42.21747734893402,14.370217371219004,0,70.39201998215893,10.0,0,0
55,1,東京都,29.30808374405334,137.20272406419986,211.29582500805517,42.48100413093361,27.094749594986034,1,114.51706031334734,2.174104757856889,1,0
40,0,福岡県,25.072744721744503,86.0188777618799,84.18234087995022,42.27980832411791,21.949450840500685,0,93.9332051272595,10.0,0,0
51,1,愛知県,19.741132873194324,138.99833591339024,109.60414904136502,40.92351034501902,2.7735560134006776,0,98.11858277617247,10.0,0,0
51,1,埼玉県,25.33359512051791,114.42193327619235,80.198934740402,42.46574924099158,31.030483361331257,0,90.43750874331452,10.0,0,0
45,1,神奈川県,21.341963752601714,108.61635253411198,84.16650729241861,36.14426632706918,7.151683180360487,0,65.39553400488577,10.0,0,0
42,1,埼玉県,21.46712811698976,95.55437205079316,135.9090221821792,40.95033409220466,22.425922759579432,1,95.82228135625887,10.0,0,0
68,1,福岡県,20.340736299661977,135.6354475676036,92.20448138501449,52.61494997590405,3.741263143080974,0,112.01007867208602,10.0,0,0
50,0,滋賀県,26.38093391090386,142.91813825667356,89.58330155890792,53.98210151613577,77.27600542129079,0,112.21938698006605,10.0,0,0
69,0,長野県,17.93617221369609,144.43310650957807,103.82824934691968,41.2924561916009,25.738077300331007,0,83.97619743989937,10.0,0,0
45,0,埼玉県,21.917331470700542,121.33974103407813,93.75652609904343,33.90137269350723,8.807856259041275,0,82.82878134894081,10.0,0,0
61,1,山口県,24.437154469758582,159.87065694243958,203.2538501270567,56.27817679643952,108.84695588263658,1,100.34669048934347,10.0,0,0
73,1,埼玉県,10.82990208013138,121.94584929059971,31.293590438919324,57.731208789672486,7.342591394845156,0,80.24153490933921,8.80884211774329,1,0
63,0,静岡県,18.3887272623918,133.52871186499019,42.89917577011753,56.97167128992529,8.656812910361865,1,100.06007875607912,10.0,0,0
53,0,埼玉県,23.302040702469135,135.62479571488294,137.4335018468272,50.17003039265206,9.563464642786318,0,72.91816973116926,10.0,0,0
43,0,兵庫県,27.227343719725653,124.1970460730242,38.435978648814014,41.20332269901644,21.07772425399843,0,77.4711242530093,10.0,0,0
50,0,埼玉県,28.16531188754035,130.18529425007415,165.6818743419748,42.17904772296502,7.68044682220954,0,75.10845491973564,10.0,0,0
56,1,香川県,20.548807977681907,132.9873023286774,73.3939074620373,41.805140631536766,12.921428699657772,0,101.48404843015538,10.0,0,0
43,1,福岡県,21.662975697517027,121.07172776806824,76.1995018363396,41.32088872925197,6.127384626921319,0,90.61814073855322,10.0,0,0
69,1,東京都,27.832697498442446,114.2705049229413,115.31651548157838,42.28848688446567,12.334127765266356,0,99.86377225564605,10.0,0,0
57,1,栃木県,25.318455754029525,124.00290730634035,203.36457575317468,57.47666544613269,10.214284274299894,0,80.33917775446716,4.496507114677024,0,1
52,1,東京都,27.640091511373246,149.88032649004464,92.4498093807665,56.27622814351765,46.83687168881002,0,99.27776075816952,9.804578722227697,1,0
47,0,埼玉県,20.675486197490297,91.23314745389453,30.885654595493108,49.76217284697788,8.144730834403243,0,71.85814371920401,10.0,0,0
70,1,埼玉県,28.136638667717957,131.43621506790802,76.9594835814676,45.7949882060539,6.706280551433809,1,106.26098140511243,10.0,0,0
45,1,新潟県,17.78368916470549,127.3570284069062,23.829576897427124,58.38373500154608,10.667690162325012,1,64.97908582313424,10.0,0,0
69,1,北海道,18.893947933043165,129.2942503637263,86.53127522268477,56.612055220181674,21.511079115469304,0,69.47739157651579,10.0,0,0
46,1,埼玉県,24.82524714956942,134.6436139416749,119.84323652615281,41.34915003237567,8.24749826770041,0,100.04261619945503,10.0,0,0
57,1,埼玉県,19.670186380994583,113.2436005312482,13.423741860248487,41.71947644084524,4.343940984557416,1,93.10102302202151,10.0,0,0
51,0,埼玉県,26.77430188004576,122.00750161361817,174.89756946970394,41.090526076547505,4.018141347082156,0,68.38416167863585,10.0,0,0
68,1,埼玉県,25.93359764814554,145.88556643766745,177.41021553731915,40.30799387225284,10.304003593004987,0,93.34514953638835,10.0,0,0
57,0,大阪府,20.971579715900205,103.97601699446099,35.862547493824515,48.52809785260796,15.689799219169329,0,107.35353215483377,10.0,0,0
72,0,埼玉県,27.86693118642745,130.19173471213836,128.2583208095691,40.080982025638,2.0799046893974316,0,92.50280884539599,10.0,0,0
52,1,神奈川県,23.198704697670635,111.93677751192811,153.58766235270954,68.19514639907564,135.11568726028992,1,95.63061697270363,1.406332261481693,1,0
43,0,長野県,23.187615152474226,132.84159081078172,218.57102768567475,41.00179594103191,37.11268556301359,1,100.75745985856537,10.0,0,0
74,1,神奈川県,16.4381625247054,124.0446142576667,26.162975687871825,41.43343140386901,3.3352993930077544,1,72.23568856846616,10.0,0,0
51,1,大阪府,21.04167912011571,127.20534708905892,75.53976592596074,50.19909309610386,2.963450591366038,0,85.98923961533761,10.0,0,0
43,0,石川県,23.666279784868728,120.45336863832604,36.60746928388033,41.48827874646113,31.02161389750865,1,95.02823185015932,10.0,0,0
57,0,岐阜県,19.745523544185055,126.48880797775278,91.93010057696647,36.2033975249505,4.429755401147235,1,81.48184490190008,10.0,0,0
66,1,埼玉県,22.662118860948457,116.69685030722026,64.85563288499782,40.967292266806915,3.457514349983411,0,65.65816621801898,10.0,0,0
53,1,東京都,22.560297851339417,85.72544618130803,113.15873337077416,41.87901220851322,13.455071358929683,0,114.08457926188764,10.0,0,0
56,0,埼玉県,22.80994365001589,115.60195532728073,64.27383178772011,49.22722273345193,19.226720817506955,0,78.50469170620141,10.0,0,0
45,0,埼玉県,22.421829905985835,95.53494047774193,69.00898185523099,39.69160351912804,4.764234027782132,0,115.2585420512131,10.0,0,0
47,1,埼玉県,26.117631321198015,150.1742004924134,76.94136376110782,41.09711636453568,14.551724462148425,0,99.1274668719729,10.0,0,0
73,1,神奈川県,24.004050859481715,110.56655994585707,58.437600384384076,40.66213459894474,18.14732119949577,0,72.26194313841185,10.0,0,0
46,0,富山県,23.199492014088463,120.26003906844828,82.96122673985984,42.166540825427084,16.699240004466034,0,83.57900643717849,10.0,0,0
66,1,埼玉県,24.631344960754138,125.04670755251254,48.10183523121403,41.4627082554379,11.052703451677882,0,84.16014576119031,10.0,0,0
66,1,埼玉県,20.02790452492149,121.50526602986466,69.69209026697598,59.07305423842582,15.39787060822038,0,106.25324370315627,10.0,0,0
44,1,愛媛県,19.40493340192602,101.86593911464391,23.539185549596215,41.66638736144141,56.81878020557325,0,85.39523151610817,10.0,0,0
73,1,栃木県,23.724193836904504,149.42419003436132,135.52119105895636,52.519274907206274,12.265568828404284,0,101.66584979413325,10.0,0,0
65,1,富山県,17.205406529204954,132.51880028743432,62.24463402933785,48.82649702407298,3.131803583814611,0,95.822206161728,10.0,0,0
57,0,栃木県,22.70351324718446,142.3921113139668,111.55088444857208,64.69696147555672,28.869826639436777,0,105.80430632489944,10.0,0,0
42,0,東京都,24.67754585870132,153.06766813565042,75.68043355659867,56.03688179120363,12.750427957113212,0,106.61981122867361,10.0,0,0
45,1,新潟県,26.359096692417083,128.50156449574988,38.729314543551205,54.9674426191453,24.843249581619116,0,83.72459665933931,10.0,0,0
45,1,岩手県,22.86818654788335,75.87602851569996,89.7037654976755,59.25879533729106,9.677996700198635,0,85.0030916312949,10.0,0,0
73,1,大阪府,16.636509559656275,119.67175363125787,76.34749630942603,51.04311384670999,3.5907109199865017,0,109.36478988247387,10.0,0,0
71,0,兵庫県,20.713013378987267,122.43315675952022,76.20001610284862,46.09046558554945,7.0086374473321005,1,82.80555800085443,10.0,0,0
59,1,埼玉県,23.720158914320375,147.54925232849888,124.52173642049841,62.2510399957029,13.254388824563575,0,99.90670197405596,4.4588546261682325,1,0
56,0,東京都,21.931250988373424,116.74783175089624,141.08966690027393,42.21541417765034,15.88724562515282,0,86.50863783001442,10.0,0,0
47,1,沖縄県,22.556538254581064,109.71476155337973,48.961440289037604,59.692025904880914,24.576090612210297,0,78.72345161950592,10.0,0,0
53,0,沖縄県,22.842271086842544,75.73582208272452,18.658666190585034,55.13406569060768,14.946750545927797,1,79.48245982466868,10.0,0,0
69,0,東京都,28.31337961462931,124.98763392625456,67.08139456977123,41.207672504022284,13.867630187324448,0,95.17511214001895,10.0,0,0
63,1,埼玉県,25.522119653474313,145.8829241448406,107.41048150868336,63.65661326729457,11.960259472982235,0,91.73428571182346,10.0,0,0
49,1,埼玉県,25.632292966369103,140.51329121585928,203.12074522526527,40.98322703520621,4.616742687957558,0,113.85579519933286,10.0,0,0
44,1,東京都,20.80378713106405,105.88554759594108,76.29314118220306,41.87218412037135,3.7138286963137177,0,90.72357226784219,10.0,0,0
44,0,愛知県,25.701602349938792,118.98476745829626,109.12291275195369,40.930623670947085,43.26708551582081,0,121.06424107280725,10.0,0,0
46,1,宮城県,25.326475300646486,121.37036464130664,116.13239064052327,43.0540231612195,15.114919995623364,0,84.92549971768081,10.0,0,0
65,0,静岡県,20.803972333232913,116.18261925567148,174.14431059232197,40.91201158006388,10.661744566706979,0,94.93267261599499,10.0,0,0
52,1,鹿児島県,22.03698233315147,121.2729454016638,109.30855089601093,41.875426161601965,15.023347681098501,0,123.22676068081857,10.0,0,0
57,0,埼玉県,23.463745955433765,100.03470731353767,67.41994448683538,41.89437413471621,6.582401028463207,0,90.45919194325357,10.0,0,0
49,1,奈良県,15.015724361211692,129.281739924307,41.92527425226518,66.45965671733272,4.324902111386337,0,83.97928858658358,10.0,0,0
54,1,埼玉県,25.111343901317174,116.41761541978175,23.61071810582688,48.30976066028682,25.72204413281179,1,101.5475751158704,10.0,0,0
65,0,埼玉県,27.988692200147824,116.92127586344644,98.23102831555929,54.3643185737835,45.07535319069025,0,97.37079803188894,2.1611894680427683,0,1
54,1,京都府,21.552807383895363,116.84209927773904,68.89457998679251,42.91174132631503,82.68321164816422,0,96.63703769520022,10.0,0,0
70,0,千葉県,27.615919407846345,133.73952759509183,114.57619669347646,58.4917364118128,28.186815964891007,0,118.95380898399578,10.0,0,0
60,0,栃木県,23.45375414413308,137.18171870580804,62.18642209911119,42.450553284382295,8.548100016003875,0,96.60545081096483,10.0,0,0
68,0,北海道,24.610425395183444,137.3697190556985,126.5343639202384,68.58716505869086,16.502573715259864,0,108.26481901589284,10.0,0,0
49,0,埼玉県,30.745559277150353,140.27781163142734,187.6698761050723,40.48957290419165,14.570666252114167,0,94.4497214865101,10.0,0,0
73,0,神奈川県,25.884827119467893,150.16836021951846,299.71199775208464,41.66026350704816,8.14643847658726,0,105.00482764561528,10.0,0,0
43,0,石川県,19.177137238487365,102.65548900369468,62.20888152575385,43.46577092120333,18.87119864363212,0,93.02971383243357,0.9218106039799233,1,0
66,0,岐阜県,16.513260530134506,147.1384043969285,191.16723905658753,42.63374993376246,43.04337640460848,0,101.89857404445327,10.0,0,0
68,0,北海道,22.2936977463075,161.30403203396048,95.44660040514478,40.09957911565891,15.713864747409136,0,106.2746522750857,8.549227808495539,0,1
40,0,奈良県,20.794394673184748,105.41212732658256,50.81485301542619,68.39843890406249,39.39412492869531,0,82.54777783707613,10.0,0,0
45,0,香川県,17.471172545455193,100.09557943060437,49.21965516954783,47.48260971388705,21.994583940077668,0,80.23059404126397,10.0,0,0
49,0,栃木県,22.549063112417493,111.16822206722605,56.938234713655554,41.72012807169031,10.69868654566227,0,69.12529380862199,10.0,0,0
49,1,福岡県,18.6592608139131,114.38143415306222,29.298149918770623,41.493858278246464,5.868679784731634,0,76.28805115669314,5.346590626461355,0,1
46,0,埼玉県,22.311457237022125,107.33503292506182,63.68858079219522,41.29687126081834,23.065278310504493,0,68.38282296214706,10.0,0,0
55,0,沖縄県,23.801098387354028,137.68312062134453,88.67793020963056,62.900183699261426,16.696066242749467,0,114.78691262844735,10.0,0,0
49,0,神奈川県,24.732556349721246,129.78632818317607,110.8107785496006,41.91724767886666,14.8509679601969,0,70.98246010994936,10.0,0,0
72,1,東京都,24.55057396913457,170.23988224289033,249.1028113293807,63.51537128060687,44.52510330362265,0,112.0591642502815,9.479814594851312,1,0
54,0,東京都,19.280964325937752,106.19912111480099,145.8430304337109,41.27953190533753,22.102934361063863,0,80.20989294687374,10.0,0,0
45,0,埼玉県,18.37496650841812,101.32439511074072,22.96878917106448,41.46606437765208,5.631659183287271,0,81.0266906594764,10.0,0,0
61,0,東京都,23.950757565124718,114.54855632819552,71.12061538235632,37.53212884185,5.877803916253857,0,73.14226004577822,10.0,0,0
44,1,埼玉県,24.321489936237686,93.35702810563723,134.50558880879197,42.51115683964368,41.12752502798516,0,97.44599298730536,10.0,0,0
48,1,山口県,23.56343800896104,125.37145098093663,83.35026103057841,41.58196241050267,32.917544850320944,0,124.85085023041864,10.0,0,0
42,1,埼玉県,24.114254571101018,115.20055030343717,132.98617872864452,42.47275041691063,44.39572126729939,0,105.1608155045786,10.0,0,0
49,0,東京都,24.244654840968526,134.1895263577236,136.97723081073642,41.35074339016281,15.860222484783629,0,68.11984487714861,10.0,0,0
65,1,大阪府,25.93379759015179,126.11402878108993,146.41150084565447,40.690024172613896,15.021508030717008,0,111.11611093818247,10.0,0,0
67,1,埼玉県,24.832385074473265,132.46056621780488,99.95502628553965,53.69130090969224,15.614478007341841,0,85.9900672505632,10.0,0,0
50,0,埼玉県,17.45575312648975,110.51830643401829,207.60774135548274,40.55168475006246,16.58431705308992,1,84.9717428913933,10.0,0,0
52,0,東京都,34.851104285755,135.9574976229745,62.33960719452491,41.97521582235443,12.743886867012588,0,93.36402434622005,10.0,0,0
45,1,埼玉県,26.93994547329473,126.92096198463227,200.2725088525647,58.18788118249044,67.19329897892014,0,114.34428830893236,10.0,0,0
43,0,茨城県,22.303322568866808,126.21141418984473,13.49999575677469,59.026970716092286,8.74099813284728,0,109.58096069471627,10.0,0,0
59,1,徳島県,20.41545497889493,94.65920867219144,79.12125080914754,41.794045387413185,8.082305026009173,0,86.81531117486819,10.0,0,0
55,1,長野県,30.615636946423123,127.89246185960313,118.93258665211653,41.05932402779293,22.68025794728513,0,83.69898387783716,10.0,0,0
40,0,埼玉県,29.19315220366424,117.39610498620536,110.24265530425377,47.55923101075756,66.49048551766987,1,90.29700803273111,10.0,0,0
47,1,愛知県,24.3236117874025,98.50394067643143,115.06829865663103,41.51188720082609,14.646136082327716,1,67.40250627605377,10.0,0,0
74,1,兵庫県,21.344447576863377,142.4803548089965,78.01188086177332,41.839352839289006,18.475359908318147,0,93.4014763351558,10.0,0,0
65,0,長野県,15.718954218524434,127.97215505568488,172.10430871013935,41.72639763540972,3.8839363290312154,1,91.11165708869058,10.0,0,0
48,0,北海道,19.395619319581833,129.08505144080846,26.95490122181079,41.489556146226825,15.139929352283296,0,87.66491556274077,6.29178013449906,0,1
64,1,北海道,24.18921628586123,153.70130766857065,86.56568152368662,51.111224551345046,21.243081032185884,0,96.64327028324915,10.0,0,0
49,1,群馬県,24.643005276624333,113.08778447965332,105.57295917608425,59.05258759648937,28.46431962146552,1,93.9168144412526,10.0,0,0
65,1,東京都,19.4661502265137,92.74074579273775,23.955478526607234,43.65455838546591,1.5653430817423297,0,86.07693123488347,10.0,0,0
51,1,東京都,28.456813894988407,117.96802419559482,195.64304741483778,33.481712543113154,4.676523096079548,0,122.3719212431131,4.043241960763333,1,0
65,0,埼玉県,22.56511606793261,139.47074236114216,108.43802089227705,41.795543555527026,7.002093054353951,0,99.73398507116323,10.0,0,0
70,0,埼玉県,22.883667451328066,100.9353896243235,86.27687637112422,72.10205606087725,30.961657751985726,0,92.96126527390861,10.0,0,0
51,0,佐賀県,18.144326245223663,124.13278381882405,95.1486303142783,41.464353005530704,5.332388990620159,0,78.9144653587796,9.228692142215182,1,0
68,0,長野県,21.768528185218297,136.98556305732637,63.267078354520464,51.09470648948388,8.671822157143673,0,114.35076953581358,10.0,0,0
51,0,鳥取県,19.862042663825974,108.6631860397259,75.62528907362436,55.312935143047504,7.96598760846299,0,122.31855325880261,4.051461558129807,1,0
62,0,京都府,20.784411463631674,125.67318802710717,99.48104184607452,42.26746020931791,1.892237196330845,0,105.82137963399977,10.0,0,0
63,1,埼玉県,26.892624665027302,118.59783966307326,136.86067281774325,40.53471450786994,29.448787041983394,0,85.29682254774515,10.0,0,0
55,0,埼玉県,24.004108338498142,145.42845424907256,159.56040636406263,45.81415179894232,19.854890535753775,0,106.01849479859958,10.0,0,0
45,1,愛媛県,26.20872829828657,111.68357012531999,114.57533915238821,56.717504304491236,19.95079456717893,0,108.5948349756791,10.0,0,0
41,1,埼玉県,22.257971192647783,117.55179370162105,41.93928129219344,50.439592391103176,5.877640741544005,0,74.87876095781478,10.0,0,0
46,1,静岡県,24.426483178146896,161.32575942865495,80.04886767620812,45.28318805333628,42.593575335872174,1,121.95510033106821,10.0,0,0
49,0,埼玉県,24.82580183695864,125.17064707802942,71.00562517555974,40.634185036125366,7.151532853005631,0,87.36080812838374,10.0,0,0
55,0,長野県,19.160801698158384,123.47353336172658,105.82082320967069,41.894296669708226,7.669447732399307,0,55.972404127518956,8.683410358368032,0,1
71,0,岡山県,23.10651511596501,122.66088601691675,64.9603468198608,52.71700518855141,10.818525164774869,0,102.44014284959245,8.655925552904728,0,1
68,1,福島県,23.720765013138646,104.85366001165694,65.96945246634044,53.80465386584931,9.698080953788324,0,101.67380273535635,10.0,0,0
48,0,福島県,21.75063092087706,131.1618200154246,73.74755005239689,42.39602281294898,3.8852117473754344,0,87.33557068988016,10.0,0,0
65,1,東京都,21.377878610538914,86.818951664076,30.723012419434998,40.60169560555071,1.7816753699137535,0,91.92637106524292,10.0,0,0
63,1,埼玉県,27.830335355884106,142.10773583084082,148.42933474914963,40.6924286401279,6.353239297603464,1,88.16723361327718,5.330430777790925,1,0
74,0,静岡県,18.90983203306761,144.2668362264829,64.47930008015538,48.17053785630366,26.930029411370278,0,86.75686750849424,10.0,0,0
55,0,埼玉県,27.409473751702286,153.2982765851247,109.61616810845871,48.29987672410077,27.154925100273893,0,103.40117767310507,10.0,0,0
62,1,東京都,15.06837382177277,106.43446479218119,18.79364072120676,42.13686199407575,4.275902752434067,0,87.39694253754897,10.0,0,0
57,0,大阪府,15.847645791805594,120.01231912210241,36.28104059893979,48.15642378872798,9.958935700486437,0,100.00479389002153,10.0,0,0
72,1,山梨県,24.441300507507847,139.48446827658913,78.31784025001016,41.845806136632525,17.075372466397315,0,107.26228551722288,9.793819062421402,0,1
69,0,埼玉県,25.69214380107713,96.7318395943333,153.42355145442068,51.37385646592839,2.760810506918818,0,102.14683327248085,0.5862465344907476,1,0
40,1,兵庫県,24.90705839131717,119.2147188570398,105.22107652001502,40.93209745093039,5.034080446584848,1,82.21509575473725,10.0,0,0
41,0,山形県,31.08517230122357,96.38138214812268,199.51877013158565,40.44332324688886,17.883738931181238,1,73.77583649251524,10.0,0,0
42,1,京都府,26.14414561945138,139.47201433848107,216.32281588090916,40.95476815140798,33.664566440620746,0,92.68938581922517,10.0,0,0
44,0,東京都,22.92811319333421,98.22890822301561,199.523486752779,46.18707436055559,17.083086853258845,0,101.91225907254115,10.0,0,0
45,1,栃木県,20.522164487918015,141.31327528634486,50.189880047982626,61.4489202637051,27.151282247726236,0,95.25151517494123,10.0,0,0
53,0,沖縄県,20.415771538418348,115.8357298260059,87.2856825512972,58.99149217411052,48.866075153743544,1,87.83693550270092,10.0,0,0
68,1,埼玉県,27.410077301738266,125.7413125354504,105.53105257206134,57.8849298589277,39.338058273415925,0,96.24378501093938,10.0,0,0
61,0,静岡県,11.204214543018622,108.76747204021447,54.324914837868064,47.63032024524793,3.977125283790423,0,80.75100590715574,10.0,0,0
53,0,千葉県,22.634480395498503,123.5105875057861,111.88652594092751,64.6767672783145,29.979849713881173,0,103.63166806486926,10.0,0,0
68,0,沖縄県,23.428378452060404,113.13466410839348,63.495209882546604,42.223971803756704,7.815059833457625,0,94.51779825603208,10.0,0,0
61,0,岡山県,18.34288122352968,94.55952760151254,72.61463015835696,41.34361317604789,7.818694056127329,0,75.38918245761434,10.0,0,0
41,1,岡山県,27.222471791850396,136.91123443628854,94.14210637513484,40.97178151766064,13.685643648683698,1,84.92756867158042,10.0,0,0
63,1,石川県,24.614614957408754,103.53490119998095,257.29822750927826,57.280620948500605,22.67887630032423,1,94.40788475112952,10.0,0,0
44,0,埼玉県,22.258576446068385,130.77456774160925,158.2247875268437,57.47197721308263,26.337142177377014,0,94.08100457955751,6.772001586442767,1,0
68,1,熊本県,26.488190338664488,108.51236279166034,152.53602849485398,58.09425896294505,64.88174998590372,0,92.19253122703691,6.5846209588443445,1,0
47,1,岩手県,14.955897984323032,113.06948727856603,20.76155735598956,57.08549344082167,4.462899617990856,0,99.16899686121349,10.0,0,0
69,0,宮崎県,13.5541164601679,103.65249313965286,61.94119841368415,50.79009067992329,13.62561419490143,0,98.3842611169364,10.0,0,0
42,1,福岡県,27.29044613352719,114.36683838884186,45.47112765332779,41.14476493635456,9.086803090454902,0,85.70134845905987,10.0,0,0
65,1,山口県,25.25987122945317,176.4758676774868,135.1412992316552,50.17595236177344,30.243220276254693,0,100.079884814796,10.0,0,0
62,1,大阪府,29.26031649909206,159.75013317612053,94.7791859817063,40.970421466634825,8.088794567036203,0,87.82267119216145,10.0,0,0
49,0,大阪府,22.981115241320328,107.34523840546872,36.339761425696196,41.534656928819366,11.31073054830953,0,92.48424031164346,10.0,0,0
74,1,大阪府,25.500896384511748,136.17472512965537,145.16920964536192,49.08294702735673,28.12476139506754,0,124.39131345162885,10.0,0,0
48,0,埼玉県,21.79341788590989,119.37173546794757,76.33966747977937,52.612415034222145,19.149748550240115,0,93.56369836917757,10.0,0,0
58,1,新潟県,14.907696865996398,105.34856450476802,7.977120878512565,42.00929638666463,4.829900017179384,0,57.53612030860055,10.0,0,0
45,0,岐阜県,11.912534253971424,112.87776838576534,13.582694667773936,41.98158682473873,8.702844347937386,0,88.45254281867875,10.0,0,0
44,0,埼玉県,20.634526375376414,81.77309804265306,30.656190692786186,40.97994108125184,0.6444218717902276,0,63.70842683995163,10.0,0,0
45,0,東京都,30.99913303812022,124.98972599593499,104.22025086646383,41.99007781724911,17.98774963068216,1,116.63816742807482,10.0,0,0
52,0,茨城県,24.857305965101602,102.2728724752429,144.7917205921291,52.431703898326674,19.829339471812695,0,82.67623997443935,10.0,0,0
44,0,岩手県,26.974737619492327,126.72299402320186,61.200389196338385,42.78788613892863,10.076859121478508,0,90.45857900616689,10.0,0,0
46,0,神奈川県,24.609631950114565,137.73644605625984,122.27922333440515,33.98384946298287,23.396682207140046,0,98.37754689296543,10.0,0,0
68,1,埼玉県,21.242548316908753,101.12765343280245,79.2953639313338,48.607253015145815,14.644451199043008,1,88.75854611267457,10.0,0,0
45,1,東京都,16.92814367304748,116.802659855504,54.30115167173952,79.5597734814171,41.14082113846122,0,93.4537229715982,0.03559206023271732,1,0
61,1,埼玉県,29.32532269426557,129.10315781986355,273.37787746706374,56.49961968560346,41.170069524356855,0,113.32664880557482,10.0,0,0
51,1,愛媛県,21.482951553574118,118.6475541046943,61.80204957741629,40.68336638557728,6.405481577941876,0,73.70941091654254,10.0,0,0
48,0,徳島県,21.937439392503947,79.96271833255305,26.20974687931676,54.62448735106797,46.66079003814301,1,84.11813418750783,10.0,0,0
73,0,埼玉県,22.31143348276959,140.22018288083424,123.27814483384923,68.34341186738938,10.06299483494449,0,123.46075088216585,10.0,0,0
71,0,埼玉県,22.041886492104165,161.33472793816313,77.05542695108983,53.7384820492353,8.26221370042568,0,92.82413920884399,10.0,0,0
54,0,和歌山県,25.657266513488803,118.49149627274915,174.97662980341198,56.423605616760476,33.845540566227015,1,93.82744752846862,10.0,0,0
42,0,岡山県,26.151628835311662,108.93517131130116,79.73337371638145,41.28052195675376,39.05635534427347,0,81.94174537756193,10.0,0,0
48,0,熊本県,20.934574502932914,118.62022744531953,81.44816691724745,41.56029344425276,17.951567144605203,1,94.04802857767767,9.62507518616055,1,0
56,1,栃木県,20.91518532291144,102.64714715743993,122.27788503154972,58.50534790391604,31.456943442471683,0,122.28736035381294,10.0,0,0
54,0,埼玉県,21.286582596087946,112.94683000660962,97.37581933452942,41.581521640927534,15.00945671436145,0,113.10403604466728,10.0,0,0
40,0,滋賀県,25.9496958829848,111.89785907618878,92.56680216039864,41.64724170457131,13.560275081790836,1,99.16153706150257,10.0,0,0
51,0,千葉県,27.83328267855835,114.29403851406794,114.94899238865206,41.527786215393284,48.795293174672324,0,101.44682545621146,10.0,0,0
51,0,愛知県,13.955766029099456,106.00565933884609,81.59740817427212,40.99894837582895,2.051475644761141,1,88.16729995079847,10.0,0,0
54,0,石川県,24.274858121502493,112.38896596006448,70.98627748410186,52.39215010816092,23.091418155856516,1,83.62998725003915,10.0,0,0
49,0,兵庫県,15.193984722794578,124.0248894355297,24.663556169660538,47.533006738790874,7.833687566388479,0,68.75486421880457,10.0,0,0
47,1,兵庫県,21.253601177323723,124.31567901519769,107.07052041410992,41.10984285597686,6.082149908233324,0,84.10401536150482,10.0,0,0
55,1,神奈川県,15.196827081038336,133.80500670157338,22.7168287666393,42.894385575909936,2.618515878515232,0,89.14478469367505,10.0,0,0
40,1,埼玉県,21.725049101166483,118.32516152070242,97.74652114488285,41.22740898380053,22.1524225152411,0,64.86322608702883,10.0,0,0
54,0,大阪府,26.424150725941434,131.1553281677648,199.23771338797016,39.41184750787343,22.485037725708022,0,65.93646487203398,10.0,0,0
46,1,大分県,18.575048441154646,127.19735346699967,23.25782397467983,47.66145220776428,5.003549194166016,1,92.14711750708373,7.843664194637129,0,1
69,0,京都府,25.836979631461286,161.8223686937141,70.9806140738331,63.41032366205033,10.309528694875608,0,76.30918090181731,10.0,0,0
42,1,埼玉県,23.543982121745433,114.37417693670882,81.7658510631641,48.03488981180128,20.46495949335439,0,94.41353709366366,10.0,0,0
54,1,茨城県,20.801333336995576,121.96643298305463,107.12068643626428,58.87589365083582,5.914476383469777,0,107.6855908351175,9.667744713560802,1,0
42,1,埼玉県,26.449424413590116,143.74874129185736,92.9782405259612,47.1288307088071,106.37481551028787,0,95.02470519631787,10.0,0,0
57,1,埼玉県,18.861648228978446,159.98091902606254,71.37507108209718,40.95108049922728,6.171566770368877,0,123.05638835863219,6.4216680757967435,0,1
61,0,鳥取県,24.960966251067013,113.09717136007816,131.72407024235585,41.044727752613205,17.104887120623136,0,68.93853507561174,10.0,0,0
53,1,埼玉県,27.79240589710261,127.37876553304093,46.38879438435429,39.85455300137261,2.5672591462531766,0,70.32321830894084,10.0,0,0
72,0,埼玉県,25.508658412970686,161.97899077322933,84.35066804063266,39.26789954977747,8.14683609946707,0,90.05303812476834,10.0,0,0
49,0,山形県,23.69188856575348,134.18596368069572,99.27806991696828,49.02923492473172,31.43765727144127,1,93.00060676468199,10.0,0,0
74,0,神奈川県,23.791334654761968,108.70562954625306,137.44817512663158,52.525825377606544,28.474206251433703,0,116.70022371833663,10.0,0,0
41,0,京都府,28.38667817073262,93.59852452345568,92.98213959188983,42.12427055122223,6.266968335704453,0,68.96941674428244,10.0,0,0
55,0,福岡県,24.449579707462018,120.95729931217538,55.092528974996114,53.14946566988151,7.007356683114054,0,90.63735215552897,10.0,0,0
61,1,熊本県,16.63369075872097,128.69737023747183,75.46074613154687,41.154234748868014,8.940607005010857,1,74.7406188575222,10.0,0,0
61,0,埼玉県,18.032540978909907,118.19412891117052,26.429761664481106,42.60269574225364,3.897617171586367,0,59.479991415121304,10.0,0,0
42,0,京都府,21.769445433802797,96.85753621079218,83.56925727136117,50.86033041950352,12.249831556235913,0,105.00589205270482,10.0,0,0
63,1,埼玉県,26.316141480568742,135.8375596743406,227.1132262253353,41.13737055622974,43.33334424303222,0,86.85724337576468,10.0,0,0
48,0,東京都,21.735626557296403,130.8568196822144,75.28796828740407,41.88538706713813,4.326068529318765,0,117.96580674584958,10.0,0,0
63,0,東京都,27.234735113267238,161.3574908186703,206.74960867167002,43.32151277389555,24.143792801905665,0,80.74943275863073,10.0,0,0
43,1,岡山県,18.914007280623522,59.89547475402449,51.86455964532606,41.32914934229357,2.0698255909900927,0,67.52034064633298,10.0,0,0
54,0,埼玉県,28.527596752940326,173.897199087647,170.4153919088309,40.763408341123096,13.662725620118556,0,109.98368388949373,10.0,0,0
74,0,福島県,25.69449129136685,128.95286126082306,134.9139671553453,40.80685821491113,2.0175703972854695,1,91.19013986628943,3.646739704450393,1,0
74,0,茨城県,19.874805248157045,117.8381447964016,73.75898418660059,41.94366625121902,4.9719317279478235,0,100.03031326138047,10.0,0,0
42,0,埼玉県,26.975647479302843,129.8014104006773,190.86411931101958,53.89770254747439,133.06585945216824,0,83.94268624942968,10.0,0,0
40,0,千葉県,14.771230888677515,119.19515940444086,102.01511147547453,41.341242791181365,27.64761304978073,1,85.70454670167395,10.0,0,0
61,0,埼玉県,29.615860463470955,155.83534053446573,110.09061005161519,42.84362503990051,31.449556968870244,0,112.59435772664851,10.0,0,0
53,1,埼玉県,25.636911129584053,127.20556236390019,102.60422959402054,57.44391943563263,27.644152160113382,0,88.06628511408213,10.0,0,0
51,1,群馬県,25.742724662902635,123.2280882486571,96.34093727698861,41.72423067980898,3.1968785735915475,0,108.47735917106367,6.818262591558699,1,0
71,0,大阪府,23.561015058128028,140.8983751048374,39.28999559535651,41.2320493731438,6.309908291576854,0,105.05077255232884,10.0,0,0
46,0,香川県,23.43039882579654,136.71789215020232,58.402506522888466,41.915851618717916,10.26494575463914,0,91.33639335046156,10.0,0,0
50,0,大阪府,27.2131597763528,124.01761033699003,170.35603242965416,68.1934038053034,15.51917668946118,1,122.70851543720855,10.0,0,0
45,0,埼玉県,24.748774106578146,124.17908650268627,57.65315047720812,48.254826797262545,17.883543507358887,0,86.40958574485616,10.0,0,0
55,1,埼玉県,20.519833007338065,116.9891649452087,67.0016228922233,41.82844147701956,12.699965913890036,0,92.79584165550635,10.0,0,0
71,1,東京都,26.67398857733052,134.20236969980078,72.34849247238014,23.401808787959105,7.247748975288598,0,95.4407443289702,2.1055157780106053,0,1
51,1,岐阜県,24.39965510895631,127.33683796867814,63.12889365486504,55.38293702475831,12.406728228909719,0,85.26319744813621,10.0,0,0
60,0,福岡県,23.147922540122824,116.4131897276457,209.20508657728396,65.03613202561155,39.44613269710756,0,85.17047942831132,10.0,0,0
42,1,北海道,26.449661484345942,96.45433706970604,129.02030258700336,41.915489704450316,28.844284566614423,0,103.39580412642381,10.0,0,0
45,1,大阪府,18.312093834016338,141.0572399500666,20.674662154866375,60.60161947326116,6.400835740457502,0,94.01045783243846,10.0,0,0
52,0,沖縄県,21.978625614096583,119.4799906649859,43.555216959500065,41.462359717032506,7.219294552005115,0,94.29844533160343,10.0,0,0
50,1,埼玉県,24.731145090593987,112.7974431090595,157.08164337139758,42.930686967363435,87.44541925899182,0,85.47272993870122,10.0,0,0
56,1,埼玉県,15.10901376652237,159.1573531464912,76.22790470877383,50.82225193530265,6.9298725502307095,0,90.04774552809867,3.3059187399669767,1,0
57,1,茨城県,24.907462184720483,100.75628546507544,62.47297440952265,60.8483715007828,11.00099020946118,0,74.84299031415115,10.0,0,0
63,1,埼玉県,24.225103198608345,138.4919470356607,76.92497757701132,40.957754765068906,18.076303394343796,0,109.88191339982679,10.0,0,0
59,1,香川県,24.003468690046134,131.58259725423264,308.13147253357874,51.67973995557702,28.667552602205173,0,117.81287355128475,10.0,0,0
44,1,秋田県,26.227765507009693,84.35790544654962,123.40915796599919,41.24098786522572,12.960109132210475,0,88.48578823074892,10.0,0,0
53,1,群馬県,13.961147286842941,119.16218403075077,105.17427290247491,45.39908182190687,12.502680013281523,1,76.32018110655116,10.0,0,0
51,0,東京都,24.6454179395925,163.09993006487795,132.53601354044812,46.09868235703534,52.3085663739948,0,73.10493447283322,10.0,0,0
66,1,群馬県,21.467917574492326,116.9166680980479,58.21238303032493,42.73745825499044,9.174132303373378,0,94.77705130285041,10.0,0,0
43,0,千葉県,27.728979019754544,124.66210746711518,55.61185350960509,41.14059447561543,21.339699492762172,0,90.83527536315835,10.0,0,0
55,0,千葉県,16.073620293080687,96.1324928046525,84.16069323328503,51.15819166271667,10.062256304567683,0,76.77741021621473,10.0,0,0
58,1,鳥取県,25.793141242177544,124.1198120518995,91.64523749917504,42.8881554328794,20.819122243961957,0,89.70837302325063,4.5031497671019025,1,0
48,0,神奈川県,26.425009739041265,132.05921367791618,164.88440108486097,40.7355380312449,9.697717851177783,1,83.6625588360303,10.0,0,0
68,1,沖縄県,24.566119797247303,121.43899846168688,18.73728216795908,51.39367021887365,24.71161203455165,0,85.90313709945814,10.0,0,0
54,1,埼玉県,19.102895840626324,97.7217724789449,120.82906871823587,60.61595716255365,10.335717531877172,0,87.83923546567235,8.690114387872852,0,1
74,0,長崎県,28.566812432951558,137.50767093538354,190.0070417346772,41.29827868958829,30.204344690059248,0,106.59206923477348,10.0,0,0
56,0,埼玉県,25.348408197764307,141.8145991172908,68.442407377515,48.50034761654023,45.10345683440754,1,99.93226511221334,10.0,0,0
43,0,京都府,24.343221417541805,86.79475699958344,22.70118581756745,40.706114165913064,5.3758504589378395,0,58.89095312060172,10.0,0,0
59,0,埼玉県,25.850857097137037,143.47458224854878,107.5684595401434,41.8739996005607,14.175898534720886,0,113.36733245939648,8.915197445505887,1,0
56,0,岐阜県,21.243428008886415,96.75959567637625,133.9787432314004,40.8714496609162,8.731622646499133,0,93.44798381860981,10.0,0,0
66,1,栃木県,26.156180344807062,105.73200220234607,134.20580205642696,41.66492266812918,6.079643158760638,0,107.96154958333153,1.4256172102299791,1,0
67,0,大阪府,29.3618718664181,143.7509137462162,355.41369086154793,47.564704948448295,6.953969019199419,0,81.65506641179505,2.9212102507658426,0,1
67,1,大阪府,20.23249101554961,98.00689817417795,156.35020473158968,42.22034718840444,6.338788777133671,1,105.46129825080911,10.0,0,0
64,0,埼玉県,22.97706125995347,100.19696140973001,27.75864995711311,41.27842193104499,9.414622534733413,0,98.7788563125363,10.0,0,0
73,0,宮崎県,16.625849145160256,107.37183148315111,68.59950347213812,40.71618446909656,5.106212520298116,0,94.4458590331861,6.927924101958339,1,0
66,0,千葉県,25.956395879703187,98.13933821902684,110.23512382961309,41.809088343058065,22.750850232498635,1,82.07159525278054,10.0,0,0
72,0,埼玉県,29.546939129791177,132.0587550231179,196.61515491698768,41.89430958046904,14.100026712227432,0,97.47887006130176,10.0,0,0
71,0,埼玉県,20.778236331184864,137.90030807661816,55.04944937170266,41.81737904325403,6.208916174556926,0,122.74525361900992,10.0,0,0
43,1,山口県,23.26918977844661,107.24993649820846,80.00687854855933,42.29407543644932,7.5557399363478375,0,84.7868161514073,10.0,0,0
68,1,愛知県,25.680602778403777,156.82548249197532,57.64968327487309,40.627062221688746,5.787717504935878,1,92.49444842273779,10.0,0,0
53,0,茨城県,28.262744164101772,139.4959362860772,67.59887826011172,41.699592073271354,10.331733254627869,0,93.76028610128601,10.0,0,0
