age,sex,prefecture,BMI,SBP,TG,HDL,ALT,smoking,FPG,time,onset,death
48,1,広島県,28.699712058071714,108.25493349461185,51.28763630341759,40.879130438226696,10.61605340619377,0,121.23673958119747,10.0,0,0
73,0,岐阜県,24.013676833102963,128.2028993367851,179.65481530937478,60.38914505007502,14.06488129967903,0,74.04272051733453,9.724967834276669,0,1
68,1,東京都,15.09098796520247,152.0892136777449,33.81536676628506,44.78819416280085,4.892224529695506,0,96.81165293890362,2.0002299777072743,1,0
45,1,福岡県,26.09512090401375,131.76714647612482,103.89486790173896,41.430906359939705,22.40048812641096,0,108.83369961884785,10.0,0,0
67,0,愛知県,21.495608775502816,106.97804694246952,111.37514591518025,41.1981191023034,12.910581031251088,0,104.65398757875714,6.32922743111742,1,0
55,0,北海道,29.06461301043812,138.21489995408294,129.72113038973063,59.19552224995379,30.951519543772818,0,88.14319291201336,10.0,0,0
61,1,北海道,25.949366511877678,120.24439174658383,150.94701651869883,41.472667212656155,18.690316183140162,1,79.1699951385186,10.0,0,0
58,1,北海道,21.62378850046423,134.2334724550053,92.6744664618445,50.36248983327513,91.34545819375674,0,95.96625962577455,10.0,0,0
49,0,群馬県,28.203704885001162,138.13593278007207,119.60054064758805,41.28491738450895,18.608695926377266,0,80.87494996035522,10.0,0,0
49,1,埼玉県,24.447611744030464,134.1113010240793,235.7131366652701,69.46207255873965,18.654078213628825,0,122.59153331912485,10.0,0,0
46,0,北海道,22.705090986877543,129.74300715841417,203.37311784099316,40.984592534069606,7.209492787560505,0,91.20654083687172,10.0,0,0
54,0,北海道,24.077924940273512,146.827948855546,54.57824011827921,41.883713287798166,7.840916246576777,0,112.17901964024941,10.0,0,0
74,0,愛知県,18.23567920773958,128.420679364248,80.74451054735839,40.79965944525028,4.0896177247299,0,123.36726873841964,10.0,0,0
54,1,福岡県,27.685627672296576,123.83081034332405,126.08899992945486,45.16307304755049,17.665044102204938,0,86.19717509488316,10.0,0,0
46,0,北海道,22.524502181643577,104.19090941652873,29.9030847206655,42.041448245903496,6.75141298682111,0,95.30779237441062,10.0,0,0
57,0,神奈川県,25.117535490908406,91.61300655802266,26.55628515782478,52.12008057816702,7.2451371582646225,1,87.69814274018803,10.0,0,0
49,1,東京都,27.32610740473639,118.11645169348513,167.2613281627359,42.05561975156478,14.047346132441495,0,119.62627164662554,10.0,0,0
43,0,長野県,28.986082596626765,118.09202647187749,112.93624281161298,55.790136374940666,12.438913626388004,1,78.43123517245793,10.0,0,0
52,1,北海道,25.1307621308955,134.0940790410161,95.18143584449079,39.43064415117486,4.9130663360015205,0,90.78965076621138,9.801118172404694,1,0
74,1,宮崎県,23.90340794339889,134.01079313703576,189.04813256565356,42.231976843280194,12.122913314131427,1,102.1263032465479,10.0,0,0
46,1,広島県,29.38782210689783,115.43686849069694,280.39751124910185,50.293330032339945,33.45706519730207,1,69.73159133657057,7.451085856543592,1,0
74,1,北海道,18.63585247162448,118.90114025531648,32.00183569464638,41.10822940766962,8.472077986243923,1,72.00301595629743,10.0,0,0
44,1,東京都,26.16140003811607,133.54301268863657,103.54969253383979,51.20842270875688,25.499350579052,0,73.70374600486782,10.0,0,0
73,1,北海道,23.54918570193716,137.36060580137166,103.56363460469187,40.988390047162994,6.327866096328014,0,93.17077242268134,10.0,0,0
57,0,福岡県,23.489379923750935,67.63691848885139,66.18258585952624,41.360798031898284,11.107512799187301,0,88.91592633886123,10.0,0,0
53,0,北海道,18.79393604892023,132.29112144625242,34.37314991853619,60.12769001544426,14.741520912957668,1,82.91327767551532,10.0,0,0
45,1,千葉県,19.66881999979872,106.17232434634643,17.0202756866561,61.100814725071345,65.14813649225782,0,103.10034126363172,10.0,0,0
73,1,北海道,25.296718853030715,138.67381477792892,52.59608684375853,47.33430870760748,11.877680481807287,0,91.67035379848593,10.0,0,0
46,0,埼玉県,26.015619225839256,112.95907060605556,197.41834442109237,60.93757092415635,133.070180336154,0,94.3853194583703,10.0,0,0
72,0,東京都,22.76896649217061,133.40213278496978,241.85650883365233,40.77170083879719,12.044372953979524,0,85.11004330508199,10.0,0,0
46,1,福岡県,22.087215412591707,125.418238331796,130.4575613066276,40.72996539770691,3.6967684850112854,1,85.40153815064855,10.0,0,0
56,0,新潟県,20.01697482499192,145.11342558404672,42.50934815662444,64.7443840381053,8.872275014020913,1,96.36981631928121,10.0,0,0
73,1,富山県,26.48321448868585,134.60667186142706,55.87386436583349,42.32837373334035,16.231338574386342,0,109.89044034478336,10.0,0,0
48,1,北海道,25.73364212885999,127.67992483333828,35.88414211506119,62.076029301703045,21.80328612299588,1,101.84261522211382,10.0,0,0
46,0,岐阜県,22.547815233748924,139.94906812057974,43.3491728813474,56.86647399382365,11.225582904397651,0,109.32088713126426,10.0,0,0
64,0,福島県,24.130063525881848,144.1574314899868,49.33911060028553,47.25998464712519,5.789327494818418,0,113.15916466486857,10.0,0,0
43,1,北海道,14.944185959337482,120.60648720558807,88.9705418794417,42.77532140015273,3.1755252833572074,0,59.40440465459741,10.0,0,0
43,1,大阪府,18.075803595026045,101.51330932660741,4.211924373847967,57.399950480459246,2.7953851641264844,1,76.51493671866284,10.0,0,0
41,0,北海道,25.663464721907147,126.32509588121984,71.57369197116078,41.63619323056227,17.984752690602477,0,73.45938612019992,10.0,0,0
72,0,千葉県,31.904717668461448,145.10209042992662,177.11815861901127,42.406373251125025,72.16689149327823,0,116.70669369710026,5.151016445980278,1,0
73,0,愛媛県,16.71453729522016,100.3450123865277,29.248384771065638,42.36514318392373,8.220875027994689,1,103.59975655969957,1.5628345134918291,1,0
66,1,大阪府,25.778300260196662,135.32772955506718,138.7779311668465,41.09288966718542,38.46076364908817,0,85.40196362056582,10.0,0,0
67,0,北海道,24.97560858903727,139.08223595144088,179.85668074055982,56.75844259957786,24.93323286433339,0,113.96674886905348,10.0,0,0
54,1,岩手県,24.583000594712228,123.41917146365319,135.29153558591798,57.80264774692273,37.95624336020895,0,113.31353965949583,10.0,0,0
67,0,北海道,25.008748692701584,132.1718595875931,21.484945097708216,58.0002196254845,19.778182484986765,1,114.66610437967249,10.0,0,0
53,1,北海道,12.946844294342382,86.18674100730922,26.461613020130294,56.84521551318082,20.856439530323005,0,76.57173837657972,10.0,0,0
44,0,千葉県,27.633321131176196,113.16435351870857,30.25640756897383,48.946982437676944,21.499720857267278,0,76.00115429675125,10.0,0,0
45,1,北海道,21.42673627701612,94.82203565980934,17.324404639790348,45.5506999060882,3.8256335613984525,1,83.48518156209713,10.0,0,0
67,0,北海道,24.98000374421497,133.35020684019685,90.80361157232682,42.993740313802796,12.03118458439526,1,80.00450878077216,10.0,0,0
69,0,北海道,20.018167033837894,104.66882056606718,142.58599477437176,40.99396835456465,9.558346283658874,0,76.56487395247518,10.0,0,0
57,1,福岡県,27.132319080535787,147.36866283059453,209.73892996263186,43.12671611156465,92.31748092797218,1,106.99642226933636,4.684875162056977,1,0
47,0,長野県,23.04634876270165,114.86987913440595,54.58247399676721,41.71245899831482,20.265061970581336,0,73.71882377771665,10.0,0,0
52,0,山口県,23.453895645590375,133.30791433957538,100.05717731617753,56.386510833392585,3.361637817493156,0,68.04794163588105,9.52591605611829,1,0
70,0,北海道,18.78601937042825,129.55115426967922,17.58887980318988,42.998424736342166,5.328477657676099,1,73.70732596544626,6.144065086580759,1,0
57,1,石川県,24.80319939125179,133.29686576282103,389.3715326658129,42.74545629691006,12.181535985950253,0,82.2999928024353,10.0,0,0
55,1,北海道,21.69356056466631,138.7374815655699,31.02823440668828,53.182131966124025,7.764452649413346,0,77.4985429521067,10.0,0,0
61,1,埼玉県,26.927770733625383,107.98289275350305,104.53769684772426,40.9821502156236,17.942859310291546,0,64.79722963933719,8.534311985543045,0,1
55,1,広島県,28.1951629696009,117.28970290455247,140.91029687744083,41.75073438745472,40.54444327242469,0,87.62417960712737,9.137917245831087,1,0
71,1,山形県,21.877925048938597,100.0496402828051,87.07567525574403,66.2130511594903,7.248933710081354,0,113.35889106500663,10.0,0,0
70,0,神奈川県,25.29796764021974,152.48560709450513,184.7763682889442,42.8560858797117,146.81168439011338,1,108.9128082082177,2.3844381771076804,1,0
58,1,長崎県,24.77802216414287,128.6514459090593,105.50583400222104,49.11932055895976,20.077009489582164,0,120.32789002483611,9.522812185113517,1,0
60,1,北海道,21.511149703102674,119.49574682420375,98.79313314365452,42.77920749686693,24.96772892633404,0,88.75463285251898,10.0,0,0
60,1,富山県,29.067627503251074,145.61236432619765,97.08452995442478,40.63388991011886,9.039624182886888,0,120.56264456983048,0.15545308773245672,0,1
72,0,宮崎県,25.938785578758136,132.48608220494066,94.49185343213352,66.17196523876817,30.0456832949286,0,117.00895241017798,10.0,0,0
58,1,京都府,24.01108110525199,153.88814912632105,81.2883442300105,64.34640026316909,7.764416083960849,0,102.71783214599843,10.0,0,0
71,1,神奈川県,26.448359780278782,128.63474656036652,190.7296199386029,41.24265608630063,3.663195447118011,0,107.33289430248966,0.4197607089537907,1,0
58,1,福岡県,24.72097002073494,120.21994714605808,73.88150505214611,40.62061004802202,1.787613174002396,0,74.4520539209087,10.0,0,0
50,0,大阪府,15.610755663334794,93.29790743661856,69.04657437073317,48.27829145284859,6.37205966914798,0,99.70468986292279,10.0,0,0
57,0,東京都,29.53808347396526,154.66215822388062,52.92925331169409,65.24793319385662,55.866197277741726,1,97.07101547274083,10.0,0,0
49,1,兵庫県,23.268654210952512,108.60978783485574,31.59968689115122,55.20941870629809,8.776791260005282,0,82.55254136446469,10.0,0,0
55,1,大分県,26.016745155902893,134.0399000347538,51.452698824034655,59.024664715805585,21.368294665005294,0,98.48793603839108,10.0,0,0
53,1,北海道,25.778852998231244,161.14364615639883,79.9001577757485,54.93785528654239,26.093704111873997,0,77.06114990902529,10.0,0,0
50,0,北海道,20.985235729563165,103.05638155301631,92.71300516668633,42.81835061757154,5.515422772465483,0,79.65542990384918,10.0,0,0
45,1,秋田県,26.16173678579933,119.20038176862383,51.71576480816059,57.85374342362272,18.181111625237325,0,79.8897940992201,10.0,0,0
40,1,北海道,19.48856699696702,89.71974232327891,24.180373225603216,41.041789061763865,2.9206720548195433,0,72.8975501541636,10.0,0,0
50,1,神奈川県,23.99486388514857,128.5240971964363,91.33181930490449,41.431975986934816,21.24996332898867,0,101.05650809248567,10.0,0,0
48,0,神奈川県,22.244548843049813,120.91777077808096,127.50125670136319,45.95501060701838,55.71955999692007,0,112.77209717263379,10.0,0,0
70,0,北海道,22.768094452379678,158.52410389368833,69.98885798461046,43.670529093686326,8.555084809296117,0,91.66591189107025,4.694969994270262,1,0
56,0,山形県,23.24860540681437,128.83814985790076,126.66658955763032,42.25552532042212,39.5734484042056,0,117.58708779308314,8.557652724348,1,0
54,1,静岡県,26.701463738215452,98.59150836551058,294.20449010757955,45.839599410259545,30.950544266754243,1,106.17473695431397,1.588057327655388,0,1
59,0,北海道,21.740264672861183,108.07084016288441,235.20083466930868,41.27003570738333,18.686834358849136,1,76.6088338224741,10.0,0,0
56,0,北海道,27.40261808921696,127.64261618399837,180.4221784880384,57.80202236170481,44.555605856024414,0,97.34145608512351,10.0,0,0
56,0,北海道,25.06731412792793,113.68780927655351,240.88174304709852,41.01888559626905,8.00329585172774,0,98.4603266375002,4.654326222385444,1,0
55,1,北海道,21.78080627975457,108.84737180091507,122.2912478538327,50.44903244201645,10.62180230400244,1,96.40161778060244,10.0,0,0
50,1,北海道,30.747062183096176,157.0254243642138,135.02817886096284,35.82798188093443,20.506148374214348,0,101.996464678488,10.0,0,0
73,1,愛知県,27.04975819415417,138.24864241992105,304.63769342542264,41.51820814921665,20.459249026018206,0,100.49560037918312,6.327868831416055,1,0
45,0,北海道,21.005419693835243,122.13515106327947,115.27529105190494,41.34425970827081,39.42385685049316,0,84.95373105074654,10.0,0,0
49,1,北海道,26.894849192523093,120.65989316007861,90.25527233172708,44.85139561540608,5.865191333902746,0,91.02515184809602,10.0,0,0
49,1,新潟県,20.578363909060005,118.90274842271646,46.333552636484825,40.74600760338158,17.240988750652953,1,71.3791561952714,10.0,0,0
60,0,栃木県,24.54768245090741,141.38176779575295,58.246283556418014,50.47482243279904,14.752112176501793,0,86.53013504082628,5.8770120051685355,0,1
57,1,埼玉県,27.055524035426938,133.62764554649058,121.5636810585418,40.905846035696605,18.07911810264726,0,97.3227988678468,10.0,0,0
52,0,北海道,25.659684738052274,127.69243950743714,148.2323793065148,40.99398902454598,7.655741716670897,1,81.70843688871904,10.0,0,0
46,1,北海道,20.248754743187735,141.0802189295721,59.76076164598847,41.3108375640065,7.244128088037988,0,76.6496506789667,10.0,0,0
46,0,長崎県,20.643704076597366,92.85121789045152,59.29046376480769,52.86360196603508,14.092388145684506,0,68.04568129263598,10.0,0,0
61,0,北海道,25.76693255950716,128.79605567038337,95.5745854097923,42.22657199052129,20.391159457860347,0,92.19622133451384,10.0,0,0
49,1,北海道,27.243566163996086,151.33404826131812,118.88820525941613,42.63419364727051,20.050045694951326,0,76.62826691980194,10.0,0,0
66,1,北海道,23.332661109249642,128.8175027729995,84.94334862772686,47.78248129764539,7.679214482503247,0,109.63695334879844,10.0,0,0
57,0,東京都,24.333183487161985,130.10419583375352,112.00835671247997,40.82840663171571,22.371842873334554,0,104.73404884288172,0.8069034932941619,1,0
67,0,北海道,19.788722389517087,119.71278844196202,58.93822099387812,56.59008896133056,7.063206811362905,0,76.64777231675964,10.0,0,0
46,0,福岡県,16.870213138140052,140.60499587288749,65.9625989986192,56.08911207374725,9.84857344211146,0,80.48717762880149,10.0,0,0
45,0,山形県,26.094522601369608,123.7018760400116,103.40161033114892,47.15649595327944,23.120448747152917,0,95.94560218885702,9.647058034444138,0,1
72,1,北海道,22.65307031898373,104.21044332251637,121.69169934600589,51.836064830799465,142.9586657704938,0,111.47652939791736,10.0,0,0
48,1,北海道,19.823751123630753,109.48204804189511,49.708639463576425,41.847000317178136,7.290397742225584,1,86.91629508979574,10.0,0,0
48,1,神奈川県,23.476779309515763,114.52018216995346,100.60541331140551,42.286073376619555,3.0524792377106316,1,71.09707773379844,10.0,0,0
50,0,山形県,23.135105583744547,149.6754060860882,6.9321758533893725,51.7762429305657,7.104358747317806,0,93.56477970455995,9.814667704048622,1,0
45,0,北海道,26.82096554191879,131.94914152695327,87.4203054804624,59.01390440673245,63.47571993993412,0,79.1621637845112,10.0,0,0
71,0,埼玉県,28.745882369621313,132.27116015381023,244.88801894091057,42.29957794902638,16.653101550281246,0,84.42588732428688,10.0,0,0
46,1,大阪府,28.396102935464725,114.84490977961809,399.6006707897876,41.60352234948947,35.737122827451095,0,87.68306431611994,10.0,0,0
65,0,愛媛県,23.974981731380478,121.001671725752,55.88149059499582,50.365023264979605,4.350477861987023,0,84.9537020149261,5.5638169046743995,1,0
62,0,茨城県,28.41945743423279,150.57565704077228,266.92045593831443,42.13832965779283,11.485790486384888,0,90.65741398150632,10.0,0,0
74,0,大分県,22.354815897260266,113.31107745243547,60.31628423392024,40.655907345205144,7.477838230636971,0,107.79957729449018,10.0,0,0
73,0,北海道,32.56065406215635,138.56149558876308,230.95844558481087,60.2481829399362,40.43484537343807,1,107.54703833567928,10.0,0,0
70,1,北海道,18.93459804492361,127.76969000861777,52.110350216905296,41.79661815788519,28.06743104256929,0,92.05017193411122,10.0,0,0
52,0,北海道,27.683085248446375,124.09377289681841,73.87946471022984,50.53374752865981,19.63929581540541,0,59.94669084782389,10.0,0,0
41,1,北海道,19.849753726387696,103.86708565332837,2.7822686991618433,42.5459858927367,15.11150298520147,0,89.26536051061976,10.0,0,0
49,0,沖縄県,21.792419238175853,138.5109600192928,132.6280765401757,41.871180551221,7.65187794162867,1,67.49583835226134,10.0,0,0
59,1,岐阜県,24.85723325710787,126.20183252718698,47.78550146574353,43.12185964130843,3.5877819415854546,0,103.46789556852289,10.0,0,0
43,0,静岡県,21.92572987444756,116.33819597876781,41.490705886404974,69.71580084673626,18.756085298438713,0,75.71037172782955,10.0,0,0
58,1,北海道,25.159206942747854,115.50638608057153,45.96741616740732,54.28215301182632,4.20331309336809,1,86.91087080019396,10.0,0,0
47,0,神奈川県,21.672817210860988,104.6943102259772,48.47095007052803,40.58688447389764,4.635885570146113,0,60.55088677855052,10.0,0,0
56,0,北海道,16.090092880725905,95.18335843113455,37.436045825976805,42.228067068865606,14.120177662516939,0,85.57312732367477,10.0,0,0
55,0,大阪府,23.437675145338506,109.34556048136129,19.640898851428307,51.063274970895066,5.004259306394354,1,88.35435656038848,10.0,0,0
52,1,北海道,19.378186310865452,103.40495472904234,14.10215707672074,56.45271921338388,2.548100934804606,0,65.45593808573538,7.720902929005005,0,1
72,0,京都府,22.54910104129877,132.82040709309342,37.5436466650305,41.92348918508707,12.465601373008807,0,88.38019696227585,10.0,0,0
47,1,栃木県,23.353197609653552,108.84772951728003,31.837928964100087,42.69725696881117,16.563652784208987,0,106.89657752378886,10.0,0,0
50,1,山口県,18.561069026251282,103.86770001134552,167.55866011908915,56.161256630870845,30.00681960257865,0,103.39523721139294,10.0,0,0
47,1,北海道,17.485436599520966,131.33108195919758,265.46319291779986,55.88142708943854,31.694231451769642,0,101.05381154749367,10.0,0,0
50,0,大阪府,18.208653628817128,146.56549761079634,87.90923461143002,42.526835897572525,2.589403243365448,0,91.92901717662373,10.0,0,0
41,0,千葉県,20.970482378266055,128.4526556584116,54.825550713321704,53.43734922297877,17.125781704921245,0,97.60286575454639,10.0,0,0
48,1,福岡県,20.983246104498043,117.55405378861671,86.1526828498816,42.836738466431775,13.86821775917193,1,71.57081649869482,10.0,0,0
53,1,北海道,21.4261413587444,115.25645110026872,55.248064419848404,59.71599620482703,4.683890666373835,0,87.19638468827968,10.0,0,0
43,1,北海道,23.342344697379353,119.49748573225538,55.73172851873825,41.93300803283244,7.365689600213569,0,68.08143655783553,10.0,0,0
43,1,埼玉県,23.721134042620765,147.3873796782584,41.514780125745204,61.710299439405354,12.924846216831616,0,118.63594724552296,10.0,0,0
67,0,北海道,28.73471553598201,167.97172561189672,46.3223672544075,44.21556992390971,55.30117626116477,1,89.32285324603923,10.0,0,0
49,0,岡山県,21.003413899221773,100.82404992513976,46.30830375129288,41.26172283369075,2.637301904199619,1,70.64352290781667,10.0,0,0
53,0,神奈川県,20.891083950418476,132.67468578985887,83.46729452081642,41.85495423078687,3.3376823803944062,0,82.32624143836357,10.0,0,0
72,0,大阪府,23.268464382576024,152.44220771996095,230.60720411461136,40.47239783853035,27.05607530100066,0,93.13228925769684,5.998675064048927,0,1
60,0,北海道,21.37064504129582,104.91791013645008,85.08341876477863,36.68706731229021,7.664133185909562,1,81.89895073772166,10.0,0,0
51,1,北海道,27.056966938336753,111.46065084650245,88.45718241825395,42.20685412695885,19.65250374032786,0,79.52127375155695,10.0,0,0
66,0,北海道,16.736512770865026,112.13866309672785,221.8990434293496,40.67561146497047,9.999851122914647,1,77.25858765234346,10.0,0,0
69,1,北海道,25.301406831917486,139.61142435987986,173.37014376943483,41.00712039227747,14.038286919230755,0,102.68487993723926,10.0,0,0
72,1,神奈川県,21.495188720451704,120.92881026444907,56.43938301176836,41.31502715535796,43.5730227511223,0,91.50986994394039,10.0,0,0
70,1,大阪府,18.115551459793117,137.89741762966673,94.61451137292153,42.11980150412389,3.9021307412425497,0,83.29781686760674,3.9332656467765097,0,1
61,0,栃木県,23.139886166922928,138.82540434108043,25.384938229030208,42.526902076721306,8.654218731719666,0,101.42983332546616,10.0,0,0
49,0,北海道,29.00410260212082,103.6434333479261,75.68984354680285,44.71400147882408,12.00635470467769,1,109.48064360485455,10.0,0,0
63,1,福岡県,26.756751487476627,145.40036751981313,35.485075748001066,44.93870640838071,50.679005202506644,1,115.70471800782272,7.375373445621605,0,1
41,0,長崎県,23.44461964404964,85.82299547261732,12.208626319798874,41.46248309740595,7.655466745418877,0,73.88405772699213,10.0,0,0
56,1,富山県,20.583846517431677,125.70017476764762,72.16648911974107,41.349425794894415,9.996065519524008,0,83.94767799702707,10.0,0,0
48,0,愛知県,25.73821770403934,133.2658616649493,263.12296429038815,51.66400871243984,6.576747209617129,1,83.0032753974608,10.0,0,0
46,1,神奈川県,20.673686168379632,132.29215086746532,49.71203149249654,41.78934608029996,8.201213822684057,0,86.19229909329526,10.0,0,0
43,0,奈良県,18.308499012839757,104.66424365099596,60.35970672096414,54.43039373033993,10.144866542341136,0,66.74684482794663,10.0,0,0
43,0,北海道,24.213676403880754,103.39113126027831,102.27767330577585,41.55708758679984,44.743277106872206,0,63.85018063019515,10.0,0,0
59,1,埼玉県,25.2546798717342,130.9408843183166,55.88467904241649,55.79827089881327,28.585152257694265,0,100.34511008911187,10.0,0,0
43,1,岐阜県,22.974044305243815,116.03094934137405,44.41348775659668,53.595011449523874,2.186485126872795,0,111.5589427481858,5.113894724859712,0,1
54,1,千葉県,19.650395818958476,126.52339286399776,75.0522496188217,61.27322696743629,17.878985629164635,0,93.65330844283413,10.0,0,0
69,0,北海道,16.6387642016068,119.8392157384738,22.167344837723917,41.04432353157751,4.002788161118884,0,80.87778168514305,10.0,0,0
48,1,神奈川県,23.386584847912356,122.08070072783342,46.008426851179784,42.308832771784175,2.4608104280096685,1,81.87236233753671,10.0,0,0
67,1,北海道,23.351297044515654,132.20344101763808,72.95050174746358,42.36604268984147,18.68197609747581,0,96.18612295439922,10.0,0,0
40,1,北海道,22.350040855652914,106.70128714250802,92.0671326306774,40.685427446651815,5.3286776483720875,1,91.3820228841553,10.0,0,0
46,0,神奈川県,19.49076282974417,123.07269063529753,66.52510640208591,41.49254138789175,11.01738847687538,0,90.1168378306639,10.0,0,0
54,0,北海道,26.079164156919173,108.95699253457019,135.23023975982636,41.41847482148852,4.1868158603303165,1,79.61216199856365,10.0,0,0
63,1,東京都,24.57541401856621,133.9444121592835,103.04818328889858,41.35623422427039,18.193396508044508,1,88.92787439477796,10.0,0,0
46,0,新潟県,27.159355249827563,138.6471255997266,148.69668842182793,69.1645636430473,93.5309066928135,1,99.84492839511636,10.0,0,0
58,1,千葉県,18.411751208056668,129.54059109680114,90.77442358856702,52.98607245314473,6.4350734901745055,1,96.76121385135502,10.0,0,0
61,1,北海道,18.23546674671941,131.7863537238005,107.85543535147255,58.63562788993015,11.210663238954252,0,68.39075567976954,10.0,0,0
63,0,静岡県,25.832527086180942,138.13585375034094,239.93850259632652,40.77540095601667,17.761092594050986,0,72.00211604228068,10.0,0,0
73,0,埼玉県,21.3002611859387,114.08135471587246,78.39306982739053,43.161264567347295,14.740243175456529,0,102.70427969640738,0.41058874395882045,1,0
48,0,群馬県,15.078979553100556,99.70687965739148,23.104627307893484,42.57403932023407,0.8244137867514539,0,81.89234142534544,10.0,0,0
61,0,東京都,20.13965277521295,109.91235555959862,43.483404676534285,41.13805995598571,5.5084354139130065,0,74.49285765815783,10.0,0,0
65,1,沖縄県,23.975024839693717,144.98009654921745,110.18478920517198,56.83885010007184,7.38182551380756,0,94.26471667393272,2.0955987135556096,1,0
40,0,福岡県,15.437364114286826,81.30682844850261,39.99066995173666,43.80653311887977,2.9507641061409817,0,91.60513513613812,10.0,0,0
73,1,神奈川県,26.157757357433834,134.22534784765293,128.11404532672344,42.30883270146687,7.288043837346968,0,105.9163940372217,3.863429905555908,1,0
69,1,北海道,31.316314462699296,157.2687772804558,295.6965086179274,52.765284160512785,10.661212841110283,0,104.71109654868155,10.0,0,0
56,0,富山県,18.095827022086358,103.01930102121307,86.36927995916744,41.80671600909416,4.186575689917318,1,67.93428431904823,10.0,0,0
53,0,北海道,26.843792556219434,126.74279264498873,66.01815271812808,39.741998166670314,14.455493620171472,0,68.17894862910994,10.0,0,0
50,0,北海道,30.222244659690563,102.90027387637186,217.75077621874757,42.149849300454214,76.20645185122481,0,91.63074486915903,9.615513000674046,1,0
70,0,北海道,23.54397281300455,110.4286061866802,45.60385001536694,44.68836892603957,9.554985785062604,0,88.14679775730221,10.0,0,0
42,0,北海道,26.094658389749277,138.26727751747316,80.22492159017342,60.54022118671594,66.86520913479937,1,75.18267018556757,10.0,0,0
52,1,青森県,14.161989660419824,123.81867112236328,95.74266881505508,68.7895082822202,7.067417918005415,0,68.18754020411835,10.0,0,0
54,0,愛知県,29.017023036941826,120.43526557482807,153.00042655809315,40.419090895117435,52.271553930315605,1,95.75118984946747,10.0,0,0
55,1,福岡県,23.63361108527529,103.81715201726361,60.18012285673872,52.95983576962561,15.780539391854756,0,82.8182275368711,10.0,0,0
54,1,千葉県,18.396272203599906,94.55087714505852,30.88639923706775,41.267278343962346,2.3074164763194394,0,78.34153658401974,10.0,0,0
52,0,栃木県,23.42566864426209,103.86251062258977,39.166522092219694,57.97295458039068,9.764216021649952,0,106.86957843739756,3.3176219941712937,1,0
64,0,岡山県,20.11097395629833,126.67908478824671,177.8353613750847,41.174690385778675,2.2805014258247716,1,81.28487600772534,10.0,0,0
59,0,北海道,26.844018166197817,98.30218781920506,68.12899767458343,54.26501302911327,106.03707140114138,1,98.85154984013283,0.12855812698814786,1,0
44,0,奈良県,24.13729457022264,133.27416141833837,111.48803285604427,59.42154517521712,15.580856230609486,0,102.02825049521923,10.0,0,0
45,0,埼玉県,22.504463793663,110.70189051716532,71.29101060604441,56.202471942450046,11.144376729505016,1,112.8746707578811,10.0,0,0
60,0,福島県,25.80410353306908,111.88525925543824,42.98120273084397,40.61422324135503,13.243452506011023,1,79.16063598829687,10.0,0,0
54,0,静岡県,21.77215374051804,124.52765922969785,102.23307715277673,45.29184131573334,6.127253252154133,1,113.0716129322595,10.0,0,0
52,0,北海道,18.36943363571982,90.27108813695948,45.92790168164167,51.64772325541055,11.363205101557229,1,82.90632283609594,10.0,0,0
72,0,東京都,27.110556359137114,140.63415312447748,100.72134951571564,55.77765752925227,15.127059025454288,0,105.81230543641063,10.0,0,0
71,0,茨城県,22.317897969511577,152.88909725578532,101.76377804715021,42.650197428773005,18.065496809172075,0,103.91246907835695,1.7913354343781132,1,0
63,0,広島県,28.41796673004484,133.93468792871718,86.9067054103056,43.695587685333535,39.32891530221861,0,112.1488223692219,10.0,0,0
72,1,北海道,20.51634975069628,154.76628107304776,51.65291910392851,51.59200783431267,44.574931818659316,0,116.70958374323367,10.0,0,0
68,1,大阪府,22.498735378466876,120.4779583105494,213.01294945237015,42.44645350731434,32.852667835585464,1,94.83867158507144,10.0,0,0
67,1,京都府,23.44538222070195,105.44316829516013,51.083656765239525,59.061134470629305,2.303766625748063,0,112.0357222909214,5.054294616502153,0,1
47,0,長野県,24.825144822385308,111.1434174813604,42.51544847798997,41.82305934731703,17.890605014192218,0,95.93423664850495,10.0,0,0
70,1,千葉県,27.30599875056516,104.37758567440407,105.17421515226057,60.912411392871704,43.86877090402692,1,102.70228970689742,10.0,0,0
49,1,兵庫県,17.830447631000755,124.27663854466269,111.54710719131427,33.71240660010811,3.579962199444454,0,87.03593117239004,10.0,0,0
49,1,北海道,18.390905667973783,113.01669358210272,34.91259380078925,45.978144274293555,9.542489020659826,0,83.09451544602837,9.795462658306171,1,0
44,0,兵庫県,16.73568677806503,67.06447599898142,7.1675992964186355,60.93834440079458,9.98970348056434,1,71.48575120898045,10.0,0,0
40,1,岐阜県,23.54899523279707,105.41743147822099,103.28343018336116,40.3106662424804,3.691148415137289,0,73.91979240433668,10.0,0,0
73,0,北海道,25.174747028172025,142.84905838407016,44.305345006268105,41.179389802779774,7.912836371467554,0,57.82681988620015,2.8833764000633266,0,1
63,1,北海道,25.375660169185043,126.56371500822769,69.68477474281772,41.99495290988333,9.913157549987849,1,95.44147854585701,10.0,0,0
52,1,東京都,19.82156094857014,94.98595331800703,72.00008291263427,56.386693110813,26.24482663027882,1,86.30012263405052,10.0,0,0
52,1,東京都,26.035241211332448,104.3748006028959,95.05703449365818,42.005192158215955,13.641558965509754,0,99.5714126925633,10.0,0,0
56,1,千葉県,32.81765193548745,114.78164623831573,49.79169327004476,46.93508079822344,71.4793607928536,0,82.73641963546953,10.0,0,0
59,1,北海道,29.35435692073178,141.45182052942428,230.32086285716125,40.34766047582144,24.85511280842754,0,100.48123242864683,10.0,0,0
54,1,北海道,19.910304014390785,114.26117799690539,49.53272094220039,40.48194871614152,1.4050792549411792,0,82.81820582880533,10.0,0,0
66,0,東京都,30.210934151896627,102.83148559059107,92.67848291360404,42.10348932158919,12.139752833067494,0,97.32314296424791,10.0,0,0
71,1,兵庫県,18.36354170929511,117.37571337014424,58.28833670390567,51.44272423698344,19.839713378270268,0,81.89661377022185,10.0,0,0
71,1,山梨県,20.274184649317565,122.20031021878395,44.173785142005556,49.02856815178391,9.876986603383168,0,75.12238835839385,7.695944676917339,0,1
73,1,香川県,21.079073549279435,126.69659459132151,148.5365766210539,42.07743291948001,23.12798731252363,0,82.93930870211382,10.0,0,0
66,1,山形県,23.721270624324063,126.14736792839605,209.13124613494827,41.127638668267785,14.29781408776752,0,79.43666585457345,10.0,0,0
73,1,北海道,22.71965166108225,126.30707862633501,166.39902588892062,73.87924175217388,17.265508633774814,0,111.61074778560844,10.0,0,0
42,1,北海道,25.398878085463746,86.073450466839,40.41570669721581,57.90622095067295,16.725548503301926,0,115.04081849691899,10.0,0,0
59,1,香川県,19.68118110749621,139.50677042596297,76.81184889566417,41.27919647201328,42.69646778890174,1,106.80826799273854,10.0,0,0
42,0,東京都,24.591562191119948,122.64849991936148,149.0900931086519,41.25287034772503,10.173910637896256,1,104.74052814549704,10.0,0,0
69,1,北海道,16.027805848350305,109.60842383537039,66.21102478750404,42.073114901403784,9.901919529745957,0,94.85999546342846,10.0,0,0
67,1,千葉県,24.001959627072658,119.82925804977548,74.60035904106508,40.42192256894177,17.702603585588065,1,85.0248684293635,7.680420797269893,0,1
40,0,北海道,29.05167955063028,114.25883956356324,88.85448045625789,44.97193791878253,15.159789092260976,1,111.99517455015052,7.100402514987288,1,0
67,0,高知県,24.57981742554862,135.21448437732315,66.01363564290752,57.783779418976316,45.721931313716084,0,111.39017585994469,6.396744794891818,1,0
47,0,神奈川県,23.14506797210012,134.5912098270497,31.034932117967035,41.28082323251044,6.164130736333748,0,85.15550724984735,10.0,0,0
70,1,北海道,30.791513456583353,139.70767790184348,87.37636418057512,41.20616595100168,24.018823545320835,0,124.17548195464055,1.8649916322408933,1,0
73,0,福岡県,31.250483538776063,174.57703243502155,139.42320527441208,41.09295607640834,12.982308717098334,0,125.0,2.108220827543999,1,0
53,0,大分県,23.445782312830175,112.09997016309899,16.153274685846526,56.58916654168021,16.14003097282523,0,91.6793393563918,10.0,0,0
59,0,北海道,19.659390687379325,145.6194058073937,68.50777127007339,47.4658506304391,2.1408929435185318,0,88.61786039533942,10.0,0,0
56,0,北海道,29.07724277793394,137.2264845396594,88.69572307408909,40.5814481917212,13.63307855358928,0,92.92292255495813,10.0,0,0
48,0,兵庫県,13.519466927222226,122.64985660352431,60.27346084392079,41.35719605098218,10.491429118818862,0,86.06870936539914,8.7645685210122,0,1
60,1,愛知県,14.975192245440452,119.93147795275132,32.146967239269074,59.764100427759224,5.457418252845178,0,103.53475462469342,5.5503706333331575,1,0
48,1,栃木県,31.776337789145412,126.50993615278661,159.0526795662805,58.95283654155607,17.69286769913343,1,83.49396616198084,10.0,0,0
43,1,北海道,18.482149050678984,103.86356842775722,57.26536511445404,58.691568000752,26.69620541244502,1,66.54748887974984,10.0,0,0
41,1,北海道,27.08631460206466,137.8151305486074,79.12652839793269,41.28988982704009,44.03272693058501,1,88.31413184606035,10.0,0,0
61,1,福岡県,27.749092330907633,158.89431279162304,164.9332684886793,40.694316194669554,26.326981026020707,0,93.00517671624667,10.0,0,0
47,1,茨城県,16.643323898721537,97.86941596113371,23.08259762577067,41.649385617144965,6.634125805174431,0,65.45445257364476,10.0,0,0
57,1,北海道,27.72526506627166,119.40757709651261,82.74762851974997,63.6032068440363,83.26943533690665,0,95.1258046841423,10.0,0,0
70,1,北海道,23.953325005195143,140.57552192220092,148.56775285168462,53.87744923927199,44.72695941791827,0,124.98998029690406,2.836887061023406,1,0
62,0,北海道,21.893087401929495,133.60355376266722,59.886526144994306,47.45468278738607,14.740043239344992,0,74.20558256828298,10.0,0,0
66,0,東京都,25.638578686511345,120.4338702809317,130.6702272525788,41.307021655503355,20.278725924586418,1,101.40093103198276,10.0,0,0
46,1,沖縄県,21.8676566915367,104.36521820005314,70.01301565637819,56.08811849767772,33.80612801014766,1,110.75583982789561,9.299531843176096,1,0
42,0,三重県,25.275604157719222,106.65841454430351,68.82613326275505,41.181759414963,20.657371440466513,0,87.55736955391399,10.0,0,0
47,1,北海道,15.100930943021105,88.75547197728986,102.39796827983493,36.58508674958035,5.693467223924563,0,59.997829624048045,10.0,0,0
64,0,東京都,21.159115054590114,104.34535594766533,50.1368805003918,75.88110597832248,11.252238653672276,0,94.99162341716419,2.7601135673484936,1,0
72,0,京都府,28.17941594987072,145.39681805695324,97.46504752499908,39.635487759593495,39.35755037465897,0,87.4255652114396,10.0,0,0
55,1,兵庫県,19.670813021932393,130.95642798171073,47.88963129914587,64.2537733372615,10.91650328632006,0,93.69101006868866,10.0,0,0
54,1,愛知県,25.915554504788872,106.32489992543196,23.190409974527025,62.100042214732134,4.531756450407241,0,97.22582612757684,10.0,0,0
45,1,奈良県,23.284329764183916,113.64259208072956,43.6268535442455,41.975113812267985,65.41045694251167,0,108.73373908480272,10.0,0,0
52,1,群馬県,26.29412229080827,138.5675817072626,547.131183882092,40.82925898864082,57.0635820944041,0,85.54198174186747,10.0,0,0
54,0,東京都,13.463514032562589,100.063227437116,62.53684542888793,52.97820870180914,8.347461480373626,0,97.00004031245328,10.0,0,0
56,1,岐阜県,28.445719490653307,131.78380170196075,58.159947606662044,41.17507272268442,11.008522566402686,1,91.0160554732219,8.579425102465237,1,0
55,1,佐賀県,24.135311048085605,161.1123614086815,220.18907037762668,40.88491908627401,6.457118876516993,1,71.95283691315387,10.0,0,0
49,1,岩手県,28.280520262355722,92.34230212674407,149.72571516237502,40.604808312204796,7.1844743138010925,0,75.84834972483414,10.0,0,0
48,0,福岡県,23.137822468609723,133.7816726139704,74.12269882151263,60.87027798666324,17.612273902499727,1,86.86804533136048,10.0,0,0
50,1,神奈川県,20.025175863176838,124.87424956458797,68.03636892115647,46.41728172141784,27.159105261672856,1,105.84450310032724,10.0,0,0
44,0,福岡県,21.083010780032705,120.29833247313141,194.1702714024766,61.5788571582401,24.77342197241245,1,110.13356599594202,10.0,0,0
66,1,東京都,30.9506989238108,158.02056256311803,286.8478218838575,46.055768055816614,12.049173201772684,0,80.01287325885299,10.0,0,0
45,0,北海道,24.425797264462794,136.43254455857274,139.41422281974877,42.07311836045839,11.175194101368989,0,95.75164541032656,10.0,0,0
62,1,東京都,25.77324307992412,113.96560213341303,56.345959234225745,43.69369054016854,20.699020462572413,0,93.69323479693446,10.0,0,0
46,0,神奈川県,16.083629516533744,95.61379803707547,72.95393387861115,41.270449155569366,4.05829857921071,1,98.84841759723176,10.0,0,0
44,0,福岡県,21.553140282405902,86.2389713655753,24.01708907646105,69.93911506441063,6.485992686010386,0,104.25900001866825,6.343974994860692,1,0
47,0,北海道,19.090236422278632,110.12079225533456,26.43496287672281,41.99486048906109,9.55479491739426,0,83.01528416410775,10.0,0,0
41,0,愛知県,28.77654344153897,122.73495896932691,91.64615637545727,40.6845907293887,20.717662044109208,0,95.00546900447596,10.0,0,0
58,0,北海道,18.992015706355126,127.78945651549367,95.3569695003503,50.72066222088012,30.812459115419518,0,100.43465267031468,10.0,0,0
58,1,千葉県,26.757710301783533,134.33570914564154,46.267750438253415,49.48371673636148,13.213353254718543,0,99.65993386725847,10.0,0,0
58,0,北海道,20.176366569474457,113.23188997790854,51.63948773320938,41.97475353407095,3.2870752890131576,0,106.94487785010843,10.0,0,0
64,0,徳島県,22.34988090532285,133.25155137808838,71.6602344553829,42.067679390604034,7.864794797032519,1,83.63443658728777,2.1687190005780477,1,0
62,1,埼玉県,31.459708632565,136.2679952990201,66.80378275641382,42.50373894802691,50.298650953872716,0,96.82550438320533,7.841920701186407,1,0
65,1,北海道,19.111520087520653,123.36440573921024,78.27877464498228,42.77786993571734,2.282652871800561,0,84.94426545207433,10.0,0,0
46,0,北海道,21.097502323456457,99.86467884701115,69.8940966353226,38.48271893252847,9.859881429441165,1,102.6619282565399,10.0,0,0
61,0,千葉県,18.247070839595214,113.33700652132718,28.81713175216667,41.13828837141002,9.754399254568387,0,94.27324400512974,10.0,0,0
44,0,北海道,22.862067598277783,97.71990046072514,14.029155280001927,41.07484103278297,6.133367589686294,1,66.68441168903377,10.0,0,0
50,1,神奈川県,16.67696995337081,114.29409581442397,76.6199237677262,41.78928965912822,1.8823147706959182,0,72.95513962882656,10.0,0,0
57,0,北海道,21.467055538865704,121.3716860722629,48.47286961328833,56.09569526416105,10.181158706985963,0,117.88346352982647,10.0,0,0
65,1,北海道,12.84902271182985,100.63402442403563,46.27741865748592,74.28276045798916,6.672301131233985,1,94.51785239516224,10.0,0,0
59,0,北海道,23.831813302250346,121.36202964988017,85.01320533244133,56.51682546854722,14.13768032283046,0,71.13581740542197,10.0,0,0
50,1,北海道,25.002671444145147,136.42930124921668,35.98395113875436,42.17839548364864,13.985849603737329,0,93.35393350453148,10.0,0,0
58,1,北海道,24.90902908820771,137.397591245938,112.59514659284949,41.93426677208875,24.606815677992874,1,68.69320811569916,10.0,0,0
66,1,京都府,23.463877551046526,145.7506894556359,120.04113859762877,45.355384290157,29.733427945206156,0,91.68665791534576,9.555756020682805,1,0
74,0,奈良県,29.53561609554059,176.342043257307,103.15884412781516,41.158014104751466,14.740102526367753,0,91.15304727243829,9.893617713469785,0,1
63,1,広島県,20.100955918810083,101.5920262785224,47.50281067321182,44.233995427499785,7.245251958878276,1,106.8651023393153,10.0,0,0
68,1,福岡県,24.308055681642937,158.67400233229858,114.8118416557027,40.447331431499315,9.051394203412043,1,123.18287636077875,1.9729778882301092,1,0
48,1,山口県,19.248415589080693,95.17213991588089,70.99642061953845,41.519507170751794,6.953280340639594,1,81.72095571959201,10.0,0,0
74,1,北海道,23.189383723194577,145.421974236009,29.281675805201704,41.73904939284732,3.122370696220228,0,106.38970620102316,9.142907146604347,1,0
44,1,北海道,22.518482218060527,160.51659167893288,35.5172630804541,40.29276430207906,3.40761603303978,0,70.40198714858293,10.0,0,0
47,0,埼玉県,23.268603941172024,108.84558809950313,46.26209996524732,41.25540580874669,16.43271786931528,0,81.70499023244919,10.0,0,0
62,1,長野県,26.168580652395057,136.5296482163183,129.12347587914928,61.724269175405006,27.719167081859258,0,85.56538700762216,10.0,0,0
70,0,熊本県,18.85422195392183,112.93355502362448,95.20512671363213,40.72722807613598,3.5502352188157746,0,71.48446083355627,5.043386882239766,0,1
59,0,東京都,13.280999039305353,100.90479281198621,30.493062682378007,41.706281931219365,1.5002190541147802,0,89.80859880175306,8.52965125596669,0,1
50,0,北海道,25.357666821651616,139.80885447233888,187.8035985248492,56.759835534612954,39.26426497675748,1,103.00809088621395,10.0,0,0
73,0,埼玉県,32.741223319216616,162.88550322155905,161.3529361946385,40.97741041015507,68.66052880435043,0,120.41693198181183,1.9722904708586877,1,0
48,0,兵庫県,22.72643903973327,132.4890843135886,92.7306952291032,41.36150668804097,15.769456605738565,0,93.2566817033252,10.0,0,0
43,0,北海道,18.363898049036393,122.73016014704739,94.14063303317292,55.16789354126949,6.572284506147852,1,73.3083320351126,10.0,0,0
49,1,埼玉県,21.31768770765465,128.82620559494978,86.2614318986476,43.44770071400997,5.048569629638702,1,88.16463503981946,1.5496619667118783,1,0
41,0,北海道,29.817415218776826,109.98013443079313,72.0800426875123,58.449265240368945,72.19410420675032,0,120.5483142288423,10.0,0,0
52,1,三重県,27.800321118211905,131.94827545605096,101.82677972674747,40.58696807200613,19.343496736668794,0,83.68219412455196,10.0,0,0
56,0,長崎県,21.053717272372346,120.96346902688754,20.057998796355523,41.6596231176565,1.1990229092918934,0,97.8077749626679,10.0,0,0
43,0,埼玉県,18.411844464460444,118.7975340629565,13.894081083514914,40.767715565043176,7.723891152111518,0,96.00116695822817,10.0,0,0
68,0,千葉県,24.55288285447304,133.7641693693147,86.31776927938641,43.206837106606784,20.091530122096497,0,73.56412275825869,10.0,0,0
71,1,北海道,26.125349150640254,136.36781144808418,58.24421283059711,32.88831186573544,7.650386850519961,1,101.04134782087465,10.0,0,0
51,1,北海道,19.822266861935724,139.35207727727993,166.89656770963444,41.580251729685564,7.467146470571448,1,71.44282067151042,10.0,0,0
49,1,愛知県,15.731542509903043,139.00407036368767,37.50386217996362,40.77671412545291,3.261840445622937,0,65.59797811718103,10.0,0,0
48,1,北海道,22.98568624186013,110.2809801112587,97.07378045110939,40.47531053264933,13.728655643532948,0,108.58076369792938,10.0,0,0
65,0,埼玉県,24.279657806447588,116.26252687531893,26.645365141804533,68.5875676034816,22.475254846492433,1,96.11983110147993,10.0,0,0
48,0,北海道,14.932789477088644,141.90232805113214,139.4365064356006,41.50882585527043,6.625275461791903,0,91.63034130525047,10.0,0,0
68,1,福岡県,32.360601213125776,128.76086965865764,37.50438661166122,40.93956858269353,6.354981845793206,0,91.740257132629,10.0,0,0
42,0,神奈川県,33.14312991543336,135.35014623331554,53.67458203250444,41.33583754583901,46.537125107356445,0,96.77371490038114,10.0,0,0
70,0,北海道,23.042616996679204,106.39305294868475,86.65187590450252,40.6849921177521,7.362587069549889,1,102.9544822899657,10.0,0,0
47,1,宮崎県,12.891183317636727,100.97443099189294,92.88701372536353,40.747658843864315,4.54710448837904,0,66.88305722089197,10.0,0,0
55,0,東京都,25.288331172985828,139.97635412389417,208.09058780946583,41.09270146977361,38.906763567473675,0,81.45018126701304,10.0,0,0
65,0,青森県,23.54867234754068,123.83061196707672,96.66968685882901,43.14787186370303,20.075868869390128,0,101.05113067210247,0.14261222081636094,0,1
52,1,富山県,15.695308528799291,120.01970853456727,34.068651491340205,44.26681424539024,4.574439336383138,1,67.93477579564838,10.0,0,0
54,1,千葉県,17.427795824799894,92.2429082941326,148.36450173993896,42.37499551832797,8.815214737064462,0,69.76911577154162,10.0,0,0
62,1,群馬県,24.250189556761036,117.62943739833322,21.981473138396783,41.36588271611118,9.048150402594263,0,92.58648327198514,10.0,0,0
44,1,沖縄県,27.0152971705873,150.11498471090115,222.82267380879486,74.95866840049005,77.25315941104975,0,98.25853919542219,10.0,0,0
56,0,香川県,29.93603886912555,138.38273471635193,481.2370739739519,49.18153741945579,58.09999691790286,0,86.53085527595402,10.0,0,0
46,0,鹿児島県,22.130100879758587,133.61418076732295,68.07153305091796,41.57706008641663,9.896422347219108,0,105.34156870724416,10.0,0,0
62,1,福岡県,29.77339272707325,133.31869274542703,265.3419201635453,48.85571588725694,78.81351021753733,0,90.45854971354596,10.0,0,0
54,0,福岡県,27.80043213276874,145.11003941657398,189.37062738921117,42.33575939843339,28.579523052199477,0,109.34836463373414,4.817545139226489,1,0
40,1,北海道,29.529022322841023,85.79353255917155,148.7768023737988,42.77476459630211,52.48812270963899,1,81.79702473876169,10.0,0,0
57,0,兵庫県,17.074138640309254,100.84707912880924,24.880875814279925,66.15874280263174,20.09860636195878,0,97.63295966635519,10.0,0,0
45,1,茨城県,14.91273463916331,111.23890483658326,33.74520435878338,42.028022112277505,3.466684023867561,0,92.62705333690477,10.0,0,0
48,1,北海道,24.586251150070773,118.33801965170117,90.77563529292034,53.46740987393027,31.356487945863485,0,106.42698985449732,9.30247406465015,1,0
70,0,神奈川県,25.707814601686202,124.30563136446612,211.0124232278934,46.452693048365106,60.261088204013824,0,120.09597640929935,1.3475006475216806,0,1
52,0,北海道,17.192822996295682,121.92536709213611,142.32364367240513,42.64900997910548,13.00523146003459,0,94.08357142466299,10.0,0,0
73,1,東京都,22.087856911612853,109.7336001925862,149.19556722955338,79.67587834381322,35.96113689478734,0,122.59383835224745,10.0,0,0
54,0,北海道,22.118813675997625,106.97827423527809,23.112975011922714,55.07238797996767,14.25452780733233,1,102.8676343930698,9.64780205649389,0,1
70,1,高知県,25.253812604862656,163.8935271687031,140.34112582193356,62.05297906690781,5.662880565346907,0,84.01784556292745,10.0,0,0
74,0,新潟県,16.117677186324894,98.71162876653806,132.242233842996,42.0286245467121,5.15003367675005,0,113.04850299910673,10.0,0,0
57,1,静岡県,24.842751405115482,119.0691354817772,47.983782648123395,55.23455047037441,2.9604527600562314,0,78.48286945716329,10.0,0,0
40,0,北海道,28.730940354843636,127.17758002466428,89.96518967349279,42.02795122833695,13.42620487141935,0,92.6019691343953,10.0,0,0
58,0,京都府,23.65517100557773,128.8870788483733,28.063038046586907,40.621272970311395,10.61763635152832,0,59.81643418333998,10.0,0,0
67,1,兵庫県,25.704361485701206,131.2035034904746,553.3370574408594,40.77451252242286,20.066847076566106,0,124.75060372448672,10.0,0,0
49,1,北海道,22.09087425251619,128.85283745937835,282.0343425675227,49.162984450943775,17.76229659220866,0,63.59356065165202,10.0,0,0
40,0,北海道,24.912651072695233,96.41889354028821,43.599608130188834,42.60570774565625,9.883651310783243,0,71.14778868633634,5.879227777306901,0,1
57,1,広島県,24.131755312073814,153.87902859929395,129.4184039217308,62.07914874724523,11.014089508131585,0,87.09251562109691,10.0,0,0
45,1,香川県,24.404188620487748,123.69073057599437,25.21878278258275,40.872591550178846,2.303102603110494,0,119.80193157783215,10.0,0,0
45,1,北海道,27.93316983102324,130.32059666365376,231.85947695658268,41.29940084499784,49.35800571231059,1,65.45960621916775,10.0,0,0
42,0,北海道,16.05996021409889,120.18573117425366,43.14251869233824,50.845584109420834,15.694570015660178,0,57.33027762237415,10.0,0,0
48,0,埼玉県,22.432341297604626,138.66886868232203,145.5628174497307,41.270794579358146,13.729562699183486,0,79.53856252050352,10.0,0,0
40,1,福岡県,29.674232313141797,133.90741179510397,89.51006220401321,41.932018008246715,8.777537717979449,0,80.81606526201091,10.0,0,0
67,0,北海道,23.15865624424078,151.03122359299022,98.61118228638928,60.37695633767728,9.352400733142009,0,115.62940169161429,10.0,0,0
45,0,北海道,20.891149733550268,133.77278889424858,181.29410295688993,41.712672230208696,9.003973606193226,0,100.15664447573188,10.0,0,0
69,0,長崎県,20.978274192519173,113.29022153651788,34.07128558160185,51.81889277468812,14.629659626415847,0,82.4671354564102,10.0,0,0
68,0,兵庫県,27.277581443600337,137.02150864748467,166.4911048409465,43.00036348238403,6.21306751541014,0,90.45083192663098,10.0,0,0
69,0,北海道,13.561064479546765,87.12744444807669,91.03646685284194,40.943017757617966,8.541852052731544,1,82.30515005200829,10.0,0,0
46,0,栃木県,33.33731218572082,151.18343419600856,149.80117889974315,41.435302336988805,14.95034457927006,0,108.43696724008906,10.0,0,0
57,0,石川県,25.014444237455166,113.17667296846247,121.21591628888467,67.07562910865998,37.82876647872644,0,98.01247462492134,10.0,0,0
49,1,神奈川県,25.95170836867105,129.0139027769102,98.49125697988757,54.55957800191139,19.831913547570228,0,72.28207476365577,10.0,0,0
55,0,千葉県,26.53126803996447,116.21717743610472,67.20124440797447,54.94665370376647,31.134694059845284,0,110.10919754564871,6.32982852409754,1,0
67,0,奈良県,34.20696457620861,153.1756672742208,399.48487162713167,44.34339373475737,137.86373725686323,0,97.11181897025936,10.0,0,0
45,1,北海道,16.261912470381205,105.43108874006367,28.739806999085147,41.73737885909559,2.2251827719492363,0,81.90174561521728,10.0,0,0
65,0,東京都,30.139381585264093,122.64480094225479,294.5742224768144,42.619065278379885,20.172596606264236,0,123.23037267931211,10.0,0,0
73,0,北海道,20.044365846027976,127.19433647467991,38.081567628578824,41.386107082364845,2.7471664811479637,1,80.4604276314953,10.0,0,0
41,1,北海道,14.334887716078413,95.69531858155281,38.09374612213421,42.458496842532355,3.4094121787481533,0,84.34957460210762,10.0,0,0
43,1,茨城県,20.69713309540021,103.61337973316924,91.6758561744937,62.03533519551688,13.23758825082635,0,82.25343839999611,10.0,0,0
70,1,茨城県,15.652458487230623,121.40326694871949,27.89778041842099,68.16535102276092,8.276484406941186,0,67.882837886862,10.0,0,0
70,0,沖縄県,19.88541881064222,130.68926457752423,61.2047903605676,41.10843309295844,7.913841367334446,1,103.1015739914597,10.0,0,0
51,0,東京都,23.135194755940795,124.86232776258692,35.32452604609193,60.248575063171955,27.784326051848126,0,100.73986448524879,10.0,0,0
67,0,大阪府,24.98070814805906,134.57995833913463,59.168060891177,49.05407130085415,30.928205984420327,0,97.06111918842281,10.0,0,0
62,0,北海道,26.96696107496311,118.25157946475338,39.30668953059456,41.60611792968253,7.838668013618187,1,115.81291462624145,10.0,0,0
42,1,東京都,22.491905261114688,122.93420267560896,294.75822408909397,40.83906264458131,39.25839188360677,1,87.22682535474206,10.0,0,0
59,1,北海道,19.950813683290278,100.13638423468215,47.395900400253296,41.36288323383889,16.203865474427936,1,78.43353036294621,10.0,0,0
63,0,岡山県,25.235540546074656,108.20586178504286,91.28260569426992,34.095458810489006,5.967843171961629,0,87.9100593040061,10.0,0,0
43,1,東京都,18.252532961656026,124.75069388770524,95.06047791287585,45.47273995244363,1.8147260300509689,0,75.2731329313436,10.0,0,0
68,1,埼玉県,25.06850498054774,104.69261902202571,55.664124542725595,57.44861248152692,17.034488294674283,1,86.91941913661988,4.366236813850944,1,0
49,1,東京都,18.383537318936934,145.34875947340532,26.219921920123586,41.48671707324708,1.771140172973081,0,84.3549549373344,10.0,0,0
72,0,北海道,16.43977735898749,141.43383993664912,49.372391892918735,41.365915739040545,0.9172780968121749,1,92.88315929054357,10.0,0,0
47,1,北海道,17.100169138098266,111.2500749072923,43.69047204936002,63.60333889484563,0.8977767414175954,0,86.61610963618486,10.0,0,0
57,0,愛知県,23.99547597652753,142.01833867067137,87.35810246708245,41.03421473302127,15.240593226253724,0,94.88600019231261,10.0,0,0
73,0,北海道,25.664569484942454,133.6171374490246,146.43720656856894,66.66319976945012,10.61528245584228,0,98.84809414955112,2.0019464426297433,0,1
53,0,北海道,25.303231779316157,149.22806079087027,95.888154574722,44.61913802753892,20.488070734439134,0,79.46570889428232,10.0,0,0
56,0,千葉県,23.04629704799627,127.57704314659476,66.78772276393919,39.546135270537945,9.131870270646326,0,58.56846901408071,10.0,0,0
64,0,東京都,23.672592694355195,135.43974160055052,127.74747647797709,53.29480904964109,50.29238537611076,1,82.56538521162554,10.0,0,0
54,0,埼玉県,22.349805778142823,123.38170751578723,51.47471015727784,42.0479343105844,21.30871515106165,0,110.34962140861983,10.0,0,0
70,1,北海道,23.265407669740448,109.73494205707962,337.53992676658396,41.417912166115386,6.4995295211837,0,74.61667804176099,10.0,0,0
74,1,佐賀県,24.579912083919144,139.94888589998433,98.69727795875684,66.66313304820527,68.65737811272017,0,123.25457354732916,7.9674995349114885,1,0
69,1,栃木県,17.49979452372039,130.79135079002592,86.67906133364345,42.35860941081416,7.205525697950412,1,75.83193529706237,10.0,0,0
72,0,北海道,18.23320379896832,127.39908112015154,43.48593765230979,73.9315773963128,3.152938329786841,0,107.33453405571119,10.0,0,0
53,0,愛知県,23.07105416459568,153.96027349887757,296.14765921885004,42.28740474986897,17.118082124490858,0,110.57807906539385,10.0,0,0
42,1,北海道,21.138996229931667,106.34333463531485,71.85542338347064,58.97135813113698,27.744230542157588,0,79.57871065007205,10.0,0,0
60,1,北海道,28.737430492210013,114.72691028879817,37.50394116178985,41.20696809088388,12.669177638533233,0,88.45524644618631,10.0,0,0
45,1,愛知県,22.55431279389962,95.96665279113321,153.00420849424526,42.84227292855775,47.76236674364037,0,107.61662503521207,10.0,0,0
50,0,北海道,21.465787607949455,125.70096094645095,91.50056138062914,40.62716246687166,4.714105848988422,1,91.16272446783358,10.0,0,0
46,0,北海道,27.7931403173127,127.74280096318485,49.602561594291906,69.51200310564525,44.749659456085254,1,97.14835335761444,10.0,0,0
56,1,兵庫県,13.381091209679074,104.37394119904592,76.82495392568515,41.77688950560645,0.801353716251762,0,83.12617422678618,0.1395279886492515,0,1
62,1,福岡県,27.16060273296334,140.45357662465702,100.77966020507266,63.76537939824106,46.49738580651708,0,104.70700802627735,10.0,0,0
49,0,埼玉県,19.666909960621275,88.24580827534068,89.47707798885307,55.77723173032546,15.03898879433999,0,120.58612669235714,10.0,0,0
68,0,神奈川県,16.183209743816516,126.03174679828635,178.97004437955533,56.162543514187114,6.583056271628981,1,101.0254015342144,10.0,0,0
71,1,茨城県,20.189593450382013,118.2568571067069,57.73002380891554,59.30301206527804,7.411349987746881,0,78.32170511092436,7.41304932310215,0,1
65,1,東京都,28.990812147570782,122.90149644963232,239.66891654492855,41.173096849480146,50.467501805519326,0,97.112726411754,10.0,0,0
73,0,北海道,28.845411933926755,175.04562145243514,109.96036585363773,41.65936751457381,38.98841083244648,1,79.89828635075285,10.0,0,0
61,1,新潟県,23.460492464012216,106.29562179076005,43.58717473528191,44.59958281761192,8.668204359518361,0,106.39195094213488,10.0,0,0
74,1,奈良県,29.722385829957137,136.98233827761015,91.02692567084146,62.03579824539586,31.37034911336178,0,103.41352311234736,3.6275819751402576,1,0
68,1,福島県,24.219637822030904,149.67638673512513,48.860160339477616,48.87797078555742,13.216797734935174,0,91.54324647200629,10.0,0,0
66,0,神奈川県,22.08954250289049,128.78057463138987,102.72800659713717,41.68427931795447,6.329153243324133,0,98.48764820742561,10.0,0,0
54,0,北海道,16.668920866800793,112.61742965451742,57.32510922923655,58.03667266745041,3.2773264449976764,0,92.64520103338303,10.0,0,0
62,1,北海道,23.281601022852726,153.09889486971556,161.44799984241095,41.36457666793854,9.050333240975391,1,66.86859596021091,10.0,0,0
52,1,青森県,29.024185920442072,127.63930075630407,49.649478343189905,40.31312983137367,6.255822458503513,0,80.54209523773181,10.0,0,0
65,1,兵庫県,24.855301029407467,89.88555323730496,479.1820525033782,40.64393036391652,4.0275137519683435,1,92.57836108477035,4.7548316066413205,1,0
70,0,北海道,31.890750334915708,150.10292565436416,582.3429441199355,49.47083294100965,81.61491729556235,1,124.20570478459763,4.625650606767831,1,0
53,1,宮崎県,22.247345571638903,103.3958263242266,73.88141826688693,55.37608375288065,21.283413434473346,0,102.1281898482975,10.0,0,0
44,0,兵庫県,19.5256640416623,136.7097670922214,127.41860483882058,66.00589876068531,15.276181860846272,0,91.10587100898685,10.0,0,0
51,0,北海道,26.513249500212623,102.83440660362423,24.842914662846862,57.78833016092188,20.135465792898103,1,111.25487762592807,10.0,0,0
56,0,和歌山県,24.97114762447524,120.2162626026248,72.42064713017062,54.73520199145852,13.845441635946942,0,95.92952669312471,10.0,0,0
47,1,宮崎県,29.20915645953888,126.26086281544455,101.01755560886212,37.49971434272235,4.4858481161107,1,66.85767948668394,10.0,0,0
53,0,大阪府,23.746426056738954,133.66861105752457,72.34604140908638,40.87692187893976,1.812765421382933,0,81.24103829702348,10.0,0,0
47,0,北海道,23.135244246647037,116.26541622219405,76.02739137854391,42.77332726314773,24.517266723236872,0,116.6268982665361,10.0,0,0
72,0,北海道,32.549576697542896,166.62656199993887,135.31577170271058,74.27642774767665,132.3134404194116,0,124.98955112760441,1.1491680493681433,1,0
67,0,北海道,24.63670085465966,125.68371166470304,153.01900362297226,40.318524105844745,9.133899719104564,0,102.22231483853501,10.0,0,0
52,0,兵庫県,25.295450226098186,104.25891796119578,60.08144187364175,43.67245652124991,39.162380657561044,0,78.34078077591636,10.0,0,0
40,1,愛知県,21.687649242645072,82.56064355520412,68.43971513682473,40.781160236747944,6.544030481443926,0,109.43602126300466,10.0,0,0
53,0,北海道,18.120651666473908,119.6381215124439,65.56524947543849,59.07807510137118,17.069522195445863,0,85.71118004827458,10.0,0,0
50,0,北海道,24.35397735885689,129.53063395440464,66.90640851787852,54.740446803421754,5.583761876208099,0,63.78677661027364,10.0,0,0
48,0,埼玉県,19.48657861264742,118.90134825262442,65.58446659642219,51.12107420636045,8.970645655960944,1,83.56400152371205,6.44581042549146,0,1
63,1,山口県,18.759106553255993,130.5994883644106,122.58188723932415,41.5365727278273,14.56441598274218,0,80.93508471573787,10.0,0,0
74,1,北海道,20.336891084625123,132.4388240219247,58.21028816626308,52.32399532749003,9.224657810857286,1,88.62880233189247,10.0,0,0
70,1,北海道,21.402886961523993,145.94570432999305,100.44412608023386,63.34433873398047,3.663874869084426,0,102.71566634280562,10.0,0,0
47,0,千葉県,21.95497157645411,112.34235680649708,52.301867789621966,42.62093096230653,28.941845400728596,0,90.41403237748821,10.0,0,0
72,1,新潟県,22.18806170464401,129.19153145150062,89.75783458127128,57.766162507290026,13.69922839440979,0,91.31779903846501,4.870976306355558,0,1
45,0,滋賀県,26.307351306966606,112.64096887593814,113.23604672763751,58.62078748532043,15.761890682836668,1,68.24450257387781,10.0,0,0
50,0,茨城県,17.06325707070249,102.81779135262153,51.64631006757888,49.1736701733266,2.1956771833254343,0,87.14187133091683,10.0,0,0
47,1,大阪府,20.01681562278997,128.39720778125994,50.222259360621734,50.57902453065313,10.66308264376874,1,97.22074696460946,10.0,0,0
72,1,鹿児島県,22.424984518946527,141.84738646725594,240.929220613626,41.10857917027792,24.558916479191588,1,101.8505201969853,10.0,0,0
54,0,北海道,14.367807115791951,119.01714076342982,36.038059603745424,43.19080613225345,4.34234039467044,0,93.5856704977016,10.0,0,0
47,1,北海道,19.019686225447497,96.83573076895011,37.50323156216791,40.90404076895123,4.714470865041447,1,84.40029546053643,10.0,0,0
52,0,北海道,18.222512438346104,132.723642186382,132.38178065262866,42.30810774501458,36.148457559964,1,124.12674192589886,1.1560405491273824,1,0
73,0,宮崎県,24.893999251399414,101.58993369991562,73.24553833855934,40.94399395790807,24.59382443286634,0,104.54065472496711,10.0,0,0
60,0,福岡県,26.305597730905593,134.17295909357992,63.79111092906397,41.511900502757754,15.564130934392079,0,95.48967102467633,10.0,0,0
70,1,三重県,22.700333567791585,138.09356671672867,89.83862129624474,41.73811879411717,18.208222454235138,1,103.33324158431523,10.0,0,0
56,1,大阪府,20.983100209993435,116.14485550173877,41.40833328982494,41.38136458285255,5.312546733732783,0,85.1288204386034,10.0,0,0
40,1,栃木県,17.06329531819885,100.07517091044042,48.835142543002654,42.366841232461084,8.050496519995962,1,98.51740058955569,10.0,0,0
71,0,静岡県,23.92623315920033,125.47965186739249,83.44700756102112,56.161111581079005,20.89448167927247,1,82.90948100725433,10.0,0,0
56,1,北海道,13.882246147544368,118.25607567179989,27.859093987417953,54.45168486727022,5.137353598074297,0,74.92942149620309,10.0,0,0
50,0,北海道,25.852222816770674,114.22814832089715,76.62592184967087,43.15533380208264,45.90577254987403,0,64.51179958365515,10.0,0,0
42,1,香川県,22.248431427622982,118.90841343512302,132.88930811071873,51.168007303281975,6.305568721534805,0,91.01165154511965,10.0,0,0
53,0,沖縄県,23.750324993799794,133.66676245377474,35.7438768878066,41.240533235152704,4.988926363403294,0,83.45478690814535,10.0,0,0
68,1,東京都,27.542965559387124,154.78342908346275,61.26137406491788,41.27234203469979,26.46576034459063,0,96.21139683896158,10.0,0,0
70,0,北海道,27.59535719316698,131.9639999959528,265.9413195910659,41.848439960174694,10.042356864969792,0,94.86554842330929,10.0,0,0
47,0,青森県,19.86501786263453,125.64837711476449,116.52315021402185,45.13301649959116,4.639780498294843,0,88.35770593448873,10.0,0,0
53,1,島根県,29.376986389280443,128.28756706959373,111.55833251088137,70.73331081707103,19.026578251757883,0,82.54511337162624,10.0,0,0
60,1,北海道,19.647699925833535,108.22074851246894,65.0800789449467,44.36509143977192,13.685848605626795,0,65.4097265562102,10.0,0,0
45,0,和歌山県,16.898012814943833,106.96964619578765,80.09987808877713,53.31112212347493,3.2066127785957965,0,67.10823846011525,10.0,0,0
52,1,岡山県,23.474752380866196,128.26866553774852,96.05542730382305,48.62441538001807,17.933803941646875,1,79.46129602503285,10.0,0,0
55,0,北海道,26.17949893217617,149.0906095962571,142.70973370467263,41.270904370102585,32.11547557688128,0,97.80499645574803,10.0,0,0
56,1,兵庫県,28.86865486485827,133.62735747278307,222.3941661607278,55.30300977509747,29.665108940362888,0,106.85638963650227,4.8445388189941765,1,0
68,1,栃木県,23.615291375109013,127.12708728946883,184.3065180792067,59.77661915339916,38.76080788277239,1,89.72477511765405,10.0,0,0
46,1,東京都,30.085717723234758,95.38505600275488,87.34595027296334,45.2042836199511,37.85580572170783,0,97.07008276185968,10.0,0,0
65,0,北海道,21.366996437601863,116.97297671721563,78.28346624293854,56.55504605229334,19.778360641942463,0,91.68450369684113,10.0,0,0
61,0,北海道,22.489075291890497,120.2749451000539,50.13336305290276,41.486874762333635,7.674993635730618,0,105.47658880617338,10.0,0,0
57,1,大阪府,27.549100281402996,146.49932352259884,178.00362743131467,41.27085995687285,25.579248964945144,0,96.9419495625101,10.0,0,0
60,0,北海道,14.402062922373673,85.32860246195405,130.64381497772862,40.40361099314633,33.15754890968132,1,103.7454759870791,10.0,0,0
49,0,北海道,24.217716123359637,123.69217588207248,75.83694666269001,60.964002753376114,33.69623391464425,0,108.17750987301143,10.0,0,0
47,0,北海道,19.888045213652422,101.76569347521382,141.24039270725737,42.36172724503392,20.116415483009547,0,92.82909722814347,10.0,0,0
56,0,熊本県,25.84132844499952,133.7557591091588,110.93963915780566,70.15301614371205,30.236331353782436,0,120.2583506618521,10.0,0,0
44,0,東京都,27.93423099055594,152.72153711705846,179.43981209187893,63.351414172767875,32.71521190442407,0,97.72504005770182,10.0,0,0
46,1,北海道,26.19226625776141,150.59152316885232,82.27579803253377,55.064200397161834,33.20911429168026,0,115.63755765314794,5.8521277891540695,1,0
40,1,東京都,20.25280563259078,114.5820417203599,35.12637370394521,53.3120993929364,16.660581812486125,0,56.04895431901031,10.0,0,0
45,1,東京都,21.40200907441954,119.48898173243225,24.961675312965408,41.65237907851006,1.9880297751644729,0,73.18027077668278,10.0,0,0
42,1,北海道,29.71072851571425,116.1451642863817,41.67155364424169,40.41992405771381,8.270357555274948,0,102.3741330430809,10.0,0,0
49,1,茨城県,17.91728798416243,80.71684421277013,66.67717681693912,60.15695319301859,21.837475366844135,0,100.75870335458613,10.0,0,0
68,1,埼玉県,22.900282069363698,146.88381586108002,94.2623266484066,45.093278239901956,9.887634820537787,0,97.33781060813624,1.7845925542784198,0,1
72,0,熊本県,23.353313677992077,149.72952983304424,169.5927060968267,55.23619947126281,24.624202412588915,0,96.14909394237587,10.0,0,0
40,1,福岡県,25.380274729660684,95.24402857656494,89.7269524315,57.778086696822854,56.5886392310656,0,80.48665270301082,10.0,0,0
54,1,青森県,25.69786149335744,133.7742974435769,129.7184270063558,41.35847576334823,71.43512299839777,1,81.16424223912146,10.0,0,0
48,0,兵庫県,20.016978326539625,120.24029248170879,51.07504054791258,41.93365973027588,12.92821142762886,0,94.18778041539434,10.0,0,0
46,1,北海道,24.065050382893922,84.94549518340787,87.44075708197491,35.113990281715054,11.906704163905514,1,89.46421548793712,10.0,0,0
69,0,北海道,20.810494279495725,121.54949206245351,49.20106045121766,56.11158901605943,4.689098480110282,0,86.44560027801273,10.0,0,0
52,1,富山県,23.808062769381483,120.24889279316176,150.76967334426053,58.30281668145756,21.365580204502677,0,104.73430290067435,10.0,0,0
49,1,北海道,21.927709697373217,96.95964171415396,76.63844190335219,61.97818430983545,20.195915070999245,0,67.46363315660064,10.0,0,0
47,1,大分県,22.349759240156537,140.7234851171663,26.70977560181731,42.10146711529986,15.196060358595437,0,119.43028094355601,5.186879670046388,1,0
71,0,北海道,27.51887568863827,115.23464196347379,107.39003429810482,41.157348374897424,6.14132570809824,0,88.65168828300784,10.0,0,0
48,1,北海道,24.99231760603389,116.64630836713108,51.74666691136205,74.01596355888813,9.850698402174391,0,76.61055348120183,10.0,0,0
44,0,神奈川県,28.20091435922409,132.88191139492673,79.58612847440753,38.423398209040535,48.64716722677524,0,77.19652740761441,10.0,0,0
67,0,北海道,25.51728034596988,127.04376560092965,52.557212389216794,53.00163164359952,8.072362908609946,0,66.73987613887041,10.0,0,0
54,0,北海道,28.733165133826738,121.8623490472843,139.43661512859018,50.30540757455324,14.251022904879566,0,107.61859840543677,10.0,0,0
46,0,北海道,22.919937968628293,85.88235254544912,89.77372284362947,46.772418104044505,19.821575075831564,1,107.33211328429537,10.0,0,0
45,0,東京都,24.03811454420728,118.2565217623322,45.95142329142148,41.28700632145468,3.5404064754857907,0,83.43451871985148,10.0,0,0
67,1,熊本県,17.8397176532018,120.87610571869753,36.89576095638085,41.18017193046741,4.707780261255055,1,97.41613718072449,10.0,0,0
51,0,神奈川県,23.447904324184094,119.50830473772561,92.1113525026192,40.36956539105788,6.955945594084516,0,79.33607274892631,10.0,0,0
41,1,山口県,23.470191717787422,108.81511205038812,121.99453750135311,40.34625633386841,9.823014368008526,0,109.6693189643728,10.0,0,0
43,1,神奈川県,20.699902100863383,92.60410518363763,50.05140493374418,56.51025815275174,25.86659271535123,0,85.38181046765257,10.0,0,0
44,1,北海道,29.793808496739533,104.3928794734486,111.21467527661633,47.30065847595027,15.732716659306071,0,101.05008611227436,10.0,0,0
64,0,北海道,12.92243511689714,95.69653862790672,94.4822367094997,42.07196289223498,39.43306388348206,0,76.87001528354229,10.0,0,0
43,0,北海道,26.51820660710772,121.90497153148287,95.03101725530453,50.98046742829682,21.86215778722146,0,100.77672902962364,7.842271491129567,1,0
56,1,東京都,22.92085627782441,113.77737393478426,48.69877637614694,35.09692266144056,3.7245445027662303,0,67.80524739291985,4.625941979591923,0,1
62,0,石川県,27.536002751002577,145.95075738284496,58.43557936532751,52.82097039663617,21.369217391949203,0,103.07407316110647,10.0,0,0
46,0,北海道,25.34221995168805,119.38990209374697,32.33421570338434,40.74380654275252,10.060705110253233,0,123.29225595243628,7.432467353887836,1,0
62,1,北海道,24.07787673247478,167.57898545275637,164.75592731296624,61.10306466917531,65.20868468146712,0,122.20603666975725,10.0,0,0
69,1,愛知県,23.58110213021933,128.42068888339173,56.4047316368697,52.11858300480779,3.399516432050226,1,88.14794596740684,10.0,0,0
58,0,沖縄県,30.149325830604308,149.70652813645958,202.77444435007493,41.48536763436388,32.26769293515414,0,97.32919298755195,1.7872326309311828,1,0
46,0,北海道,21.320024440030256,122.81635150855999,90.25661988585298,52.30777734948438,5.128423329558522,0,71.71390509385418,6.011858532550416,0,1
49,0,京都府,29.006778976818083,109.49503869735683,50.95702737864342,41.66907915640434,17.03683207621094,0,101.44880925581802,10.0,0,0
70,0,北海道,21.088797401138184,156.45106153791818,66.90509892198321,44.98350599905669,18.746157845217986,0,101.06386693821449,10.0,0,0
45,0,神奈川県,23.567067551298557,122.69657541382098,45.9088979107433,45.9518882024373,6.356547363940926,1,90.14727366134254,10.0,0,0
48,1,福岡県,23.628579502958416,126.41348354918243,39.73378322471899,41.86627091162107,23.129359173385026,1,93.92705175504786,10.0,0,0
56,0,福岡県,25.93164417332605,113.23927527170328,52.376964010056156,40.825989458204134,49.193614378868425,1,109.58529599976752,10.0,0,0
43,0,神奈川県,18.731311719144045,119.85930404070372,158.88684923272535,41.951766171695645,27.650716128935834,0,109.65488329131784,1.4683426247031344,1,0
49,1,北海道,30.226272910619763,120.60694766964295,86.53901817005632,41.142596117263,24.197695191681888,0,98.4431425509217,9.140044079305854,1,0
69,1,東京都,19.95614393628816,92.32972387377112,68.63869489810484,41.361044407426796,2.80061389270988,0,82.9488853261548,5.5205278387297785,1,0
60,1,鳥取県,23.707938978665982,125.36562832424401,86.71985995803922,64.20284052429786,12.427690761672707,0,114.07454486803735,10.0,0,0
64,0,北海道,20.39840404670364,150.8171448949742,128.21270514928216,61.20423957489731,11.017106868505874,0,105.83063985485923,2.821125189711905,1,0
56,1,秋田県,23.61492347876086,130.74582934438587,145.31930604007934,67.99067813734948,14.415184044771848,0,88.37896334547818,10.0,0,0
67,0,北海道,22.48464638900597,123.26856667640493,63.4417939142648,41.75152814053074,4.3468744327805595,1,88.16781570244879,10.0,0,0
40,1,広島県,27.032707661469566,104.71384556423708,212.2875656252296,41.845928660737485,14.632937182112025,1,102.23773744417726,10.0,0,0
60,0,大阪府,21.958531418497316,93.23274060276967,84.36430390167838,40.30866425366722,14.987216063765977,0,78.58423314446402,10.0,0,0
65,0,秋田県,21.48749369847586,145.39759787367623,125.94735661275818,41.37022760881207,18.068024973889692,0,88.65368359172459,0.13603149487535882,0,1
72,1,徳島県,23.540253243608017,159.0321969147679,192.71533484614707,41.242493840613406,2.1860021318445635,0,79.20013339849109,10.0,0,0
73,1,滋賀県,18.16942632032695,110.6966224585582,90.41894569988412,43.50165397711867,5.066068678332008,0,93.13017825770321,10.0,0,0
41,1,香川県,24.970460636685175,125.43924680343379,145.3024938923506,46.513789679057524,11.90924304015557,0,76.24427588657754,10.0,0,0
73,1,東京都,30.178691996611395,138.54630077779996,499.5387119525939,63.97850640013973,58.28468573721692,0,95.76780212983365,10.0,0,0
44,1,埼玉県,25.879319529604487,127.37565008097052,303.3065481879042,60.928261405160384,27.632504950653107,1,111.8382364992973,5.567768084140491,1,0
65,0,愛知県,17.2000974372638,135.14783369076972,89.74691196556354,61.73872829645089,20.989061294861983,0,98.69730205742131,10.0,0,0
47,1,千葉県,22.68462921798152,114.67574257255232,96.6751711307589,40.50598747734334,43.478922061846966,1,95.07351093913097,10.0,0,0
46,0,愛知県,27.72897941550239,104.66612404118527,54.49080821292708,56.27331284663687,45.917776790113045,0,90.41062356636407,10.0,0,0
66,0,千葉県,23.96467091246021,149.71153084679128,60.61318233407787,41.54977130521503,17.032725314681205,0,105.65166243125644,10.0,0,0
69,0,東京都,27.25660205837463,147.93707911579932,64.57561317571475,42.8583120158998,48.442565367981786,0,110.58286941054402,10.0,0,0
66,1,福岡県,25.348778488276434,108.47041127324451,323.5856690470616,41.62384143882355,21.634911669359045,1,115.79598321697438,5.466526800171434,1,0
59,0,石川県,23.72008522510686,134.85441827232816,138.09056542139612,45.20289832033285,17.171957337613513,0,79.16012336983258,10.0,0,0
70,1,北海道,22.686256876280012,116.68926860091938,97.1810196335945,41.46480060121981,8.978286408276551,1,106.93713262158212,10.0,0,0
42,0,鹿児島県,21.00689053698104,113.44225101591881,34.425773222304805,63.341896053403644,3.675721548674307,0,80.83514890959948,10.0,0,0
46,0,埼玉県,25.910370850534367,123.06356262877887,149.75875275114188,57.335714902554734,8.805776394456116,0,77.88205510272502,10.0,0,0
40,1,北海道,19.818991927114514,86.6677887115435,38.344743018013915,43.47581442419166,5.531252549479601,1,87.22922261600192,10.0,0,0
71,0,岐阜県,28.138221185138946,134.16696978393875,135.62366885646398,41.27619792348387,48.11935859927306,1,87.41747394662669,10.0,0,0
72,1,北海道,20.93320841987491,114.44369047647372,50.08944502312865,57.74056442408582,10.985959251039043,0,108.43358399270133,10.0,0,0
48,0,埼玉県,17.362343943396326,62.31699602233813,32.00539187536758,65.08470024094558,10.6266885104476,0,73.64588009534856,10.0,0,0
65,0,新潟県,24.253595338540148,122.96808570105428,28.312817497443895,58.78940245049384,24.305938452001378,1,99.93410074675097,10.0,0,0
59,0,千葉県,29.37298854850266,137.5937582044143,89.75080597291137,41.34029941065707,25.55904627668383,1,103.4119446856065,10.0,0,0
44,0,東京都,28.42364780069364,133.07982148387933,114.83585411630716,64.15624161517579,19.96751104456522,1,88.93138289261097,1.9625954398370906,1,0
56,1,北海道,19.84437037928851,127.19930092354586,23.40925086995409,41.1814175981098,3.6630753169171855,1,109.65972955704751,10.0,0,0
59,0,静岡県,25.846081172872115,121.5837327650184,60.13556424330487,40.77886307033132,14.296335884415878,0,89.703831222468,10.0,0,0
64,1,神奈川県,22.39054852574517,149.8260478067676,104.93393866588204,40.67982236242244,9.030493353088211,0,120.91580533830523,10.0,0,0
42,1,静岡県,14.355946600432535,82.02189169773602,44.344891472005386,41.76964299308725,2.4307172138858455,0,70.5856156270866,10.0,0,0
41,0,北海道,23.046019883866894,96.91048634911836,32.41251728847329,51.58491406400248,5.8026693723521925,0,70.78408804602242,10.0,0,0
49,1,千葉県,30.680845566635025,134.34265437536664,189.82370804574876,39.72783468580202,10.655586559932749,1,97.02984283373306,1.7921279374270302,1,0
63,1,福岡県,19.040508216442408,99.13546522687517,72.59210589632903,40.76158992810261,3.465596660046318,0,88.05112226908759,10.0,0,0
64,0,沖縄県,21.033963704688446,127.57821930430947,76.64035140767075,41.35449221981878,14.92815692340641,0,91.73997249485137,10.0,0,0
43,1,岐阜県,23.278176453694567,102.83683912466947,115.06683363263501,40.99888504619845,40.45570573263428,1,76.63462327131352,10.0,0,0
49,0,北海道,18.417336567059422,123.85886451046066,82.21506151648298,33.57598038545842,7.344158333528621,0,97.25644621095208,5.497140922356051,1,0
66,1,神奈川県,24.01872101137305,113.12190256050917,140.34406060034786,41.49254419745151,15.413333407151885,1,98.00140039184203,10.0,0,0
73,0,茨城県,22.414037118987785,116.12241902391476,129.10820410983817,41.43780853342948,8.640694276632715,1,86.59034458738304,1.1689431638952041,0,1
47,1,静岡県,15.118600616103937,126.44418973190618,43.59268671606632,61.53775645031829,21.77976738627764,0,89.47087032172576,10.0,0,0
47,0,広島県,19.639133308852312,116.33614753748921,161.364090410356,41.50570604371911,7.187671800830646,0,87.39092796557793,10.0,0,0
71,0,沖縄県,20.79049362136621,142.84426697045103,110.21051911585934,41.659965512402586,8.42435876994786,0,86.53247408870685,6.2266864357424625,0,1
67,0,秋田県,19.72302199103538,112.09377461943176,360.20627631466044,40.33311349142616,29.069164741443217,0,106.98574161205308,10.0,0,0
67,0,大阪府,26.035156798044298,126.73773055318593,57.66664660680972,42.5103013206919,7.653977008410856,0,122.33661245512441,1.774758072118086,0,1
40,1,岐阜県,21.053782344890973,122.70887736016375,73.11456057541402,42.716107258113524,11.25181441937636,0,104.75898809621293,10.0,0,0
41,0,山口県,29.147716324286147,145.40610535088146,93.39132651463468,53.192642801342444,99.80434507745238,0,98.24236089999397,10.0,0,0
43,0,北海道,17.485235958029406,132.20346448621066,28.408362193754158,61.104158135365644,2.2988632970873177,0,76.9477669416517,10.0,0,0
47,1,滋賀県,27.649358454789116,151.12301294154256,100.85914790158631,44.22197630043414,15.825479538935616,0,84.78539056190304,10.0,0,0
57,1,北海道,27.067360657109518,101.8538976704046,194.59718305189998,54.67745311275554,35.408843873459766,0,71.21238560038786,10.0,0,0
44,1,北海道,19.582648126114584,116.65975738779116,58.228375034378054,63.186333439316215,4.184639446467579,0,71.27278056691827,10.0,0,0
70,0,北海道,30.178328371339628,158.31723539752147,158.01695696341068,67.91826201367282,42.816453043681186,0,98.46033041358564,10.0,0,0
41,1,新潟県,23.47334484907216,110.89212703129752,217.45626597840396,40.778528200739046,10.88446506222972,0,98.84720491074384,10.0,0,0
71,0,石川県,28.693463517006073,135.3409539798957,95.74176683775522,42.02426722618535,15.414240412145817,0,105.39951650365575,10.0,0,0
41,0,大阪府,20.208601844629495,106.29865638361626,92.79331877574921,58.689556994483745,16.53973442105426,0,80.80050306663796,10.0,0,0
71,1,兵庫県,25.93949472549744,134.9518080939236,94.73937943455431,42.03442565655019,18.647869599250537,1,99.95304381167004,10.0,0,0
66,1,北海道,24.746437033920607,121.29628486183691,73.20063240398599,57.27147208500265,31.696557559256032,0,85.39959467804984,10.0,0,0
47,1,新潟県,19.055718682670804,122.0067680721244,23.99679367952724,74.17803461155017,13.207838755137114,0,99.77660123188203,10.0,0,0
47,0,北海道,26.763209304439282,95.20891318512221,233.18204432007767,41.71750810907402,43.27226770413655,0,95.0051731023236,10.0,0,0
54,0,大阪府,21.291422280474205,123.67597286767992,150.4759622042839,41.18591770469005,13.076885738086144,0,88.92853755858597,10.0,0,0
54,1,北海道,33.15918222989556,138.4920869390821,213.84730040321958,42.16013632256941,43.66003786525655,1,101.31621706345217,10.0,0,0
53,1,兵庫県,21.09584841920448,120.79168611515261,26.674944217422798,42.59933634598047,8.050987632713468,1,73.29909485621647,10.0,0,0
41,0,静岡県,20.89513969281712,114.08581673729684,14.435131200853231,46.10707154499051,9.03477512661295,0,88.11002753311882,10.0,0,0
45,1,北海道,26.881623840108734,109.97530389843816,57.68452684488805,40.829906431919305,4.596818183133514,0,66.5936444361288,8.633636093805704,0,1
61,0,島根県,21.3018490022786,123.8474071447795,31.274488926963137,41.821146445461316,11.858235200653802,1,96.1986607307466,10.0,0,0
47,1,沖縄県,27.411075423281712,126.85451623312196,97.50814712138386,32.965966156914845,13.118274109618541,0,76.64053013890721,10.0,0,0
46,0,北海道,16.088979258808852,89.37372415740798,26.34016852414034,54.7403261252104,4.91929260332204,1,63.557852829351035,10.0,0,0
62,1,北海道,17.062159326748326,83.82252569293067,136.64950805990324,40.43314708066984,9.186705533319975,1,103.66131402922852,10.0,0,0
47,0,茨城県,18.72777758751277,95.58643321326102,83.88885852995612,51.92023334655984,22.57037716810189,0,86.99506107692545,3.882034328224897,1,0
71,1,北海道,27.7930471974511,140.5271918227765,122.65848148647962,41.50647678219395,3.232048211263597,0,109.49455195250871,10.0,0,0
73,0,兵庫県,18.410364586524523,69.88151968011218,31.717416553119406,40.5660722112697,5.817232044428407,1,88.54320878317475,4.172406281048421,1,0
74,1,北海道,23.445516699880265,123.86803223587302,153.59822700523395,61.08323545792984,17.942857166910517,1,97.71292907655707,10.0,0,0
50,1,福岡県,19.637606249057278,107.17960087944681,31.928065512620503,40.72871466733588,6.407304894024987,1,92.35356478261377,10.0,0,0
53,0,茨城県,30.68130039912801,110.71504805022833,72.3428284964408,67.05634916182021,48.62940853429749,0,123.53905277543248,3.399945749679102,1,0
40,1,埼玉県,17.562700497183723,82.53629022244891,52.59132128247076,52.472328062680226,17.7031916949131,0,95.16939661533226,10.0,0,0
52,0,大分県,17.47538874118521,100.58328708690509,66.55908478238467,56.52560648793452,28.585416309129368,0,85.21730629439558,10.0,0,0
73,0,神奈川県,24.301848451732766,138.13615063953304,146.57769868545967,55.43656725890117,48.47698337333459,0,93.00953381024004,1.9116216783008837,1,0
44,0,宮城県,21.749333069435686,133.35639209823748,44.17304521310373,51.68577311999756,9.297829116872524,1,77.6191892723224,10.0,0,0
57,0,広島県,28.437752131736485,144.40615295905548,181.70570309934746,41.452843639648584,17.055061772851094,0,117.88198698953022,10.0,0,0
70,1,三重県,23.84957554426539,157.60397168933937,45.51304541446174,54.42556878006903,14.165065178878926,0,101.70228935338594,10.0,0,0
41,0,愛知県,23.843732467416544,111.24605549656273,81.40880278343882,59.13822251238522,40.60787840420308,0,103.90037061983834,10.0,0,0
70,0,福岡県,17.631656042125396,108.60990284002591,13.82806574195091,51.65490951384057,7.44693325247045,0,81.92817041236735,9.435851020216134,0,1
51,0,北海道,21.408937169345425,128.0372678118569,87.08122008360226,40.42234404971215,16.237335106003265,0,93.00794868253051,10.0,0,0
73,0,神奈川県,25.9391196912822,114.64079541368868,241.05363830695464,42.41594626371689,32.232085967036404,0,105.98088877293209,10.0,0,0
67,1,広島県,21.189683360890918,103.26451727941355,17.41895867197824,49.376328803648235,12.10793799018265,1,90.78453292348922,7.837538482021772,1,0
52,0,北海道,20.21361049479471,126.88288828405193,65.61007735543295,57.894057197136355,16.24305752150474,0,103.10159557821483,10.0,0,0
49,1,北海道,14.923659076868347,95.52652577828196,26.312712185819322,42.01945922385374,7.913015209467095,1,82.82802888237194,10.0,0,0
60,1,愛媛県,20.248915818630472,106.96691162224094,65.19792168806393,56.17288912835104,35.263332405326175,0,75.1659199447984,10.0,0,0
55,1,福島県,23.838158764466353,92.7300170684651,119.50250520688817,56.11534891890349,9.05039516350024,0,92.93742266606807,10.0,0,0
57,0,北海道,19.486499966670067,126.50426900564486,45.35532905356103,41.35808653903096,9.188648201849011,0,77.11887780237096,10.0,0,0
40,0,徳島県,28.415614262823908,129.04006753494318,108.49255006130835,41.372802784292055,25.35271041385657,0,74.56560281826432,10.0,0,0
59,0,長野県,21.961379219913685,132.88215206248844,118.87268317673121,41.710876214299745,9.486878054969736,0,76.14845697214946,10.0,0,0
44,1,福岡県,20.015381217992754,123.41028940435496,42.738899149597096,63.60371963347718,17.117913753080725,1,89.69948530668239,10.0,0,0
41,1,北海道,26.326871227451832,163.26417796361454,240.5491335931744,42.07315636858555,50.22064259973385,1,100.5081849807583,8.550643550807372,1,0
42,1,大阪府,15.25553448219893,81.62692542279517,46.2631917601972,52.95066370846017,10.430796359296995,1,77.60075556591148,10.0,0,0
54,0,神奈川県,16.903006342218628,128.84182773256964,44.40125229230955,60.33451857098933,27.741631594228775,0,115.59485233600311,10.0,0,0
68,0,北海道,22.703303366509463,134.607144783563,21.862796197203725,51.78628805294548,5.313484536305305,1,87.33955097420332,10.0,0,0
60,0,北海道,23.30974651567937,119.62554500968916,117.87902544657118,42.29635835918474,20.756086150068363,0,86.59320611086454,2.091386974490706,1,0
70,0,愛知県,29.45265540698621,128.45507118223938,150.79970108032774,41.87015785439032,39.35021377065696,1,107.60482600311475,0.21207012745951492,1,0
40,0,北海道,18.627318526661597,95.17512511089916,49.469034807274824,41.172765271024026,2.9600516124807092,0,71.05583486575743,10.0,0,0
68,1,神奈川県,19.32673321794226,140.50262067684884,43.64888462893893,54.33494712871581,7.623131657640132,0,87.96036897709037,9.758332176326027,1,0
53,1,北海道,34.74770554405259,150.96510190811344,181.13074614156068,41.989304766023785,20.736732391749182,0,97.84887611030817,10.0,0,0
49,0,沖縄県,17.602653276872935,145.40228134909037,34.38140330073616,66.42453283292724,15.761507916758204,0,98.08512666420614,10.0,0,0
71,0,東京都,22.559770258214524,134.09643254381277,34.39082265155379,42.40594901019595,12.622184948137662,0,97.83832237082215,10.0,0,0
65,0,北海道,18.398073518481187,134.0194819385004,91.30035311590251,41.80294538738963,19.021599872644394,0,100.70049753069038,5.567721785810853,1,0
56,1,滋賀県,28.62736029753835,161.71498383237807,158.89078466194582,53.8788087823215,16.060724686904482,1,115.91363372797734,1.4670157020416295,1,0
40,1,北海道,23.340796970234656,82.03734976090044,35.474233695163626,40.977917015255365,8.735169116583782,0,76.38310615180414,10.0,0,0
73,1,熊本県,20.17327432326223,132.27187625742553,362.63236705937044,41.72817230117186,2.150265827902592,0,106.49666104993125,10.0,0,0
51,0,愛知県,25.361831428746974,133.62794352218089,180.188959668334,42.376126776875594,48.099606777775904,0,84.94634840493296,10.0,0,0
58,0,千葉県,17.089219671527676,107.28081315532243,19.43903420303655,52.84271943413666,2.588238808249678,1,96.42869357760662,10.0,0,0
71,0,北海道,18.73094033458927,130.59489158262778,177.271695963832,41.99368178912326,8.753747172953465,1,91.73602580536863,10.0,0,0
43,1,福岡県,23.620338871917347,111.4306471711612,34.373814398127784,41.36726671437885,2.238575437113583,0,89.33330726520983,9.64687393171697,0,1
48,1,岩手県,23.181647521571286,146.5145991351241,73.19573222730492,41.99045978683759,4.726473476434243,0,90.85195836453686,10.0,0,0
52,0,北海道,29.055130198898166,138.1266526343946,143.7984170441654,40.74442008810083,12.930020926225295,0,98.68029326122145,10.0,0,0
70,0,兵庫県,26.347212424169435,149.51973053801905,101.43350364225897,41.36263334596635,15.677129089360585,0,85.40187542096604,10.0,0,0
53,1,北海道,24.437178394760643,127.21384043648087,142.48361114057872,41.41873141641048,5.0516141455386645,0,87.14291729377821,0.836189925263957,0,1
59,1,北海道,19.002581302166767,105.42187886969016,16.20541826423388,51.210803811876715,8.342890831444679,0,115.41214559247955,10.0,0,0
43,1,東京都,30.702770403921225,150.9076630730177,151.12684531917495,42.161894297329276,18.68779519635627,1,93.83555980897789,7.0241702240261565,1,0
70,0,北海道,17.513424080363595,116.65010583119421,129.34924931781006,57.45964198549753,34.23968036821089,1,97.11348420598034,10.0,0,0
52,1,千葉県,17.880616785840356,114.0111798630639,67.23746774662933,40.11666260027359,2.281930227469651,0,63.493587988871425,10.0,0,0
50,0,大阪府,25.435665625197334,122.94359696017351,36.61834003990455,40.85209771649167,10.661064622983787,1,96.95463257706255,10.0,0,0
69,1,東京都,18.995727430043523,110.7167135225026,68.12631169574912,41.02530179375464,14.027218938901525,0,108.86082616866169,10.0,0,0
71,1,北海道,23.94359527268314,161.3746157127602,56.60499484528056,41.16655898290841,16.20970216481355,0,101.03270233642051,10.0,0,0
50,0,兵庫県,23.721196389765833,79.0504353180477,79.91908115023799,52.7569631811592,9.321591728457646,0,120.09092933722813,10.0,0,0
46,1,茨城県,24.68155485715395,122.40735791199788,112.0529708479819,40.98951946936182,18.08021319947686,0,103.9044747027103,10.0,0,0
49,0,岡山県,25.009001851835862,105.01419283966432,128.32251542981493,41.423639164890226,65.71501498675873,0,85.18611277424216,10.0,0,0
47,1,北海道,21.50641067938506,118.05053030458207,23.00961837644385,42.711190741320785,11.19220955357016,0,71.62271048572613,10.0,0,0
59,1,北海道,21.342486290108173,128.03507073436685,92.5993898956455,40.83011875626997,8.774210739408325,1,105.22215707682048,10.0,0,0
49,0,神奈川県,22.07109755422526,134.46507275257838,124.28475700538888,40.98985460538797,3.985722931757379,1,82.51356767833474,10.0,0,0
61,1,神奈川県,22.997731434989113,157.85417585826403,98.25080810315072,70.11307546575866,11.359566424345903,0,116.7083930858893,10.0,0,0
69,0,北海道,24.559672249004016,125.84764328625972,90.3662242902869,42.24378142201351,2.9660608796889183,0,91.90980845797324,0.7920421528106016,1,0
50,0,愛知県,20.038003690314472,131.693859453426,38.07523262976024,51.834535700409916,26.491396321485574,0,116.6614523422047,10.0,0,0
62,0,北海道,18.416349684348315,111.53392401704917,69.11169534982523,63.734400659877416,37.9533749363758,0,89.72542042709574,10.0,0,0
52,0,大阪府,27.088059799551715,119.22894278860095,71.63077620752759,51.829536114269985,26.048405788802196,0,96.83148936137017,0.3673365332040362,0,1
43,0,福島県,21.090339311805966,107.85680730430829,68.73625768199334,41.9919297213865,18.699903366241298,0,82.27225472427624,10.0,0,0
52,1,北海道,15.09185668821531,114.82652905007224,43.69302946444093,45.427034922410364,3.4120708525840615,1,78.34207857357349,10.0,0,0
68,0,兵庫県,16.71405859299367,120.8909177615508,100.17042079328914,57.8351615169246,10.654635039242,0,99.50236478990573,10.0,0,0
46,0,北海道,18.462734123158462,103.86226874097605,65.71550390877736,42.29239942997302,18.48885213191127,0,78.39379271834808,10.0,0,0
60,1,埼玉県,14.797528209987172,85.32074483803304,126.31173260782684,57.82040657950422,1.8220749477244529,0,87.33204532181679,0.10513671294569178,1,0
62,0,愛媛県,23.229561962671465,125.42291561066044,272.8949218869723,41.70605579401702,29.438898906824118,0,80.2500541168115,10.0,0,0
63,0,北海道,21.138503295458662,116.56391112977698,49.50175495510219,40.439780455495466,17.276722816354518,1,95.12375076370985,10.0,0,0
57,1,栃木県,15.068477831379052,92.45526025993607,88.95344125016335,40.877648725897075,23.470222776168963,0,82.90589545323468,10.0,0,0
50,0,千葉県,28.437315555068217,131.81270354587286,100.86497623306433,41.760386105015506,14.138610356542877,1,63.647110936221466,10.0,0,0
49,1,北海道,27.35828145525929,126.09384742475574,105.11617070257368,36.496601088095275,20.079960154833554,0,100.690119759452,10.0,0,0
49,0,北海道,29.421076174398415,125.301119650661,96.10843277604775,41.74327863334801,23.097629016427426,0,87.41787511352423,10.0,0,0
56,1,千葉県,21.70383701812832,135.6257704669259,293.6497728555701,41.64509074545741,7.633118329185259,0,109.34723579732722,10.0,0,0
61,1,北海道,28.240287870277452,123.9375217994613,94.18127870929139,39.88471830662603,19.36253859186405,0,86.43327122723575,10.0,0,0
49,0,北海道,21.305917635395268,122.1718569832933,116.3639443416725,41.24836805490525,5.149051107762618,0,71.99826160077497,10.0,0,0
63,0,東京都,24.36091860224533,134.41279572327306,35.11264672262729,40.659783401267596,1.0508378753359937,1,81.19613095939182,10.0,0,0
50,1,栃木県,26.10762481156006,128.721587931226,45.458001928176834,43.99746341274499,14.339147479916026,0,98.4671195883849,2.1084748441578864,1,0
65,0,兵庫県,23.863781493001017,113.47053239305677,50.64130381432192,37.29925099984645,8.668951235477477,0,97.90354726386708,10.0,0,0
43,0,青森県,26.166640109005158,121.29828985406591,87.89696713184784,38.93800049491244,8.090744401225686,0,79.43001993180586,10.0,0,0
67,1,北海道,24.13572360528337,145.3700432752193,100.80627424275588,41.35167874434339,5.193223922464378,1,112.97159294089838,3.547700056520592,1,0
41,0,北海道,28.436629487640552,136.9791878810639,82.11648762379207,41.85527736344887,2.768182283406532,1,64.65359723340413,10.0,0,0
54,0,熊本県,23.00657760627077,102.65916486565212,138.5553440529536,40.992596661854016,17.131178431381272,0,100.08723408643652,10.0,0,0
65,1,東京都,23.181487346792363,136.7668774025826,62.68763822635906,42.52327365160544,10.429002423913115,0,90.95012456750088,10.0,0,0
56,0,静岡県,17.88447573562931,123.85884605883697,60.52452783020091,41.20697582250306,5.932639445262365,0,114.16515711200537,10.0,0,0
49,1,神奈川県,17.01556273151149,119.98541883077915,48.82760051167055,40.92065122700793,33.75440047768135,0,81.22098245906784,10.0,0,0
60,0,岡山県,24.953482802582467,172.3589340445558,167.2288965087294,50.72063008464725,13.997340664324003,1,79.54921146259167,10.0,0,0
66,0,群馬県,17.21534711804203,127.18826756022771,112.25512812787831,41.29287106929516,5.690215210376465,1,78.58320535754885,10.0,0,0
53,0,栃木県,23.13514680145732,136.99941478405339,44.95310432341652,54.61988386791577,5.138325204080647,0,79.17461116416764,10.0,0,0
57,0,大阪府,17.856396423372562,132.80031482143744,84.63996526739548,55.35551618634266,7.247435396628202,0,86.63948059344823,10.0,0,0
63,0,千葉県,27.45902392475161,113.73030445787956,116.2601023921976,41.29265765416318,33.80312323508851,0,83.22510798973849,10.0,0,0
57,0,北海道,29.099217141721468,136.5135069943977,117.20177942734047,40.82604583675308,14.4507820040365,0,88.76859221398158,10.0,0,0
43,1,広島県,32.763025587690294,123.38362295406583,126.66314543962909,55.430433102741155,18.60277424888749,0,91.11157956377106,10.0,0,0
69,1,北海道,29.539092108603974,155.7785638352924,281.6868032135955,40.36507317607475,18.598725309775165,0,77.36884478396286,4.373065194573944,0,1
62,1,千葉県,21.28169698616694,122.64498781079045,72.52864891479457,49.38289899621776,12.038058500433998,0,80.57908042064045,10.0,0,0
45,1,大阪府,20.518073741873742,111.42028881960219,56.31376350337332,49.484864449994845,8.540606849699953,0,76.5536358814516,10.0,0,0
74,0,福岡県,28.79946805212613,134.86309864400135,42.569067849331944,41.4137987273977,36.22367733893646,0,66.88079957979247,10.0,0,0
63,1,北海道,21.041692322527194,116.75363553858061,34.633235011544265,33.59094357535409,5.280549131649061,0,71.4630596864116,10.0,0,0
65,1,北海道,23.884070213132105,131.79379090970224,25.979738789694274,75.49715342916092,21.610580625246666,1,82.09384260192586,7.904718434712266,0,1
40,0,富山県,28.552685304660766,101.60393555321131,91.04554010455514,40.79825560588906,2.422886111500699,1,65.46231906178954,10.0,0,0
67,0,岐阜県,25.019823335933413,174.41155050507334,104.74144905097774,63.77102099019741,11.902508529714842,1,101.04368719569952,10.0,0,0
57,1,鹿児島県,34.566435565653016,141.51799519696146,182.02100884505083,42.051216813874326,59.875753264125606,0,89.32345781010348,10.0,0,0
64,0,北海道,21.77529718643826,119.75150867326724,122.57669728035319,43.701431853660736,2.303919245944599,0,111.52926032197075,5.083777034513782,1,0
45,1,北海道,20.89997688602038,128.78508164694532,71.89875250574377,31.950578089404488,3.128758532329093,0,80.81531637079671,10.0,0,0
46,0,兵庫県,30.748865829548198,133.94284712114316,52.370433706630145,49.70916280250046,7.9458704382765,0,114.47024361034018,10.0,0,0
60,1,東京都,25.316358631931713,164.17519694043415,56.2854129230562,42.84223978562818,12.084140744216562,1,94.50030035688184,10.0,0,0
40,1,沖縄県,22.494200670170407,89.88318627737063,98.56810764825566,41.508688518110375,18.607062994616495,0,82.0484549759678,10.0,0,0
60,1,埼玉県,18.969998664991497,133.61095757992825,94.57244674267042,41.78618709690289,8.446721420023295,0,100.46342291589879,10.0,0,0
65,0,大阪府,19.891523963577068,136.5076583052028,40.51361782177608,63.80669843214863,7.591928847169288,0,92.99270554490339,10.0,0,0
54,1,神奈川県,23.85426201482188,133.9482101790411,457.31967357147937,57.95340356521709,51.42960131656167,0,94.4655995602476,6.326906765380537,1,0
62,1,北海道,24.428938479461422,149.0675965227094,55.884571404464566,40.988439370292056,8.468614830811411,1,99.36034858841589,10.0,0,0
47,1,愛知県,18.72755313796223,116.28144331043862,79.4894456054631,57.335412800943466,16.521050539876118,1,85.11301684929185,10.0,0,0
51,1,北海道,22.25355154844534,132.27497021474778,49.12305954674118,41.012455651941586,4.7012381151160865,0,114.39697312838062,10.0,0,0
56,1,北海道,27.496342387197853,145.41212926402693,65.59110389127798,61.85222285886846,38.978649837905365,0,89.08230292156247,10.0,0,0
65,0,北海道,28.172301178886315,131.62464822047676,91.25134540613958,40.144150784744184,25.451394609912086,1,92.94420630744018,10.0,0,0
55,1,茨城県,24.02231844523437,133.2607718812378,57.74869156962363,65.0903802387697,27.776281184507056,1,87.94884225063016,10.0,0,0
53,0,神奈川県,25.087326932173124,128.24772644459432,76.50257235432294,53.630001932943365,31.114065603892815,0,91.62071675296984,10.0,0,0
61,1,北海道,24.349439933098626,128.6594780369841,19.537798694878614,42.22928969122184,3.123583894520198,1,88.93508067224097,10.0,0,0
47,0,北海道,22.960674709062943,137.62686494517862,81.13072124932332,41.42600199840029,9.674579357345802,0,86.99454063273679,10.0,0,0
51,1,沖縄県,31.040491135825256,134.58144907271296,159.99843467064863,45.162953146189786,29.10104855651343,0,103.25325847501865,10.0,0,0
59,0,徳島県,26.117243795948845,140.17790335513547,44.18464239913102,59.296059437184454,18.145012920600973,0,101.04366416356707,10.0,0,0
47,0,熊本県,15.104043424629548,112.93757966330534,34.82390818850596,40.878631092883786,17.718995480753158,1,93.84540373313077,10.0,0,0
59,0,北海道,21.391691219981567,133.9931491029449,52.84592587811678,60.7526027411718,13.011144231976319,1,109.45547138830139,10.0,0,0
47,1,福島県,23.047697660379868,130.61516288671035,107.7060289786573,40.930373633936185,7.097009176655016,0,74.48678999359288,10.0,0,0
59,1,愛知県,23.45941830545763,108.93480335988559,188.0021102541291,42.27577230446466,19.423030236540324,0,101.03503020196865,10.0,0,0
46,1,神奈川県,29.06409997786638,134.59985937823615,86.8658648867989,33.65669116199614,5.840164157454804,0,93.0015862352978,4.210061184280183,0,1
57,1,大分県,20.909968624961092,133.23798064546725,128.78389996388447,66.61742504011667,10.351556530725226,0,115.70005440568795,6.203434477656833,0,1
49,0,東京都,24.136086066610638,136.09961633925238,104.53895511811558,44.511889495445494,12.051478297940427,0,76.97677436387691,10.0,0,0
40,0,北海道,24.98633886992077,111.32047123369064,31.509122374731366,42.100998380903945,10.00513014222533,0,95.93059870262202,10.0,0,0
50,0,富山県,19.39533034768748,104.16812399856015,82.66005666734239,60.54075759439608,7.5146909331997245,1,95.7200799267568,10.0,0,0
43,0,東京都,24.59354616723437,91.3394147719856,46.40469032535635,63.752531299035695,30.77148975215678,1,90.11367853312086,10.0,0,0
45,0,兵庫県,22.925840076770537,123.03697041593625,41.3142036533457,56.6679774635808,22.595801468947737,0,79.89209744419612,10.0,0,0
46,0,東京都,25.25396348174932,123.93747605570005,76.65903563163603,53.52102261409213,7.699498331352073,1,76.03940034383254,10.0,0,0
62,1,島根県,21.77942800032668,123.38236909722924,47.45845152845086,41.32728466989494,7.3251601474079875,0,61.92812943220225,10.0,0,0
65,1,和歌山県,16.38967493591398,113.17374823187964,8.310108004137895,51.81811356543837,3.1509182636968056,0,102.08668837110228,5.8913929977249575,0,1
73,1,岐阜県,22.513481891124776,150.58068658220938,55.900709438348564,69.28524764349696,19.88924921810544,0,86.29563629231862,10.0,0,0
50,1,北海道,26.664315809498586,140.6965777433867,290.61901510925884,41.58032606107062,24.97244985193437,0,93.32973265788561,10.0,0,0
65,0,北海道,20.323135308749865,139.49691640677833,48.30041394710163,41.12194824589048,21.47602505280428,0,112.58350560955252,10.0,0,0
47,1,東京都,17.573049054616984,88.3825825021299,26.35046757616521,41.7069208344159,11.400353607669112,1,85.1827243465667,10.0,0,0
63,1,北海道,17.21606979520579,102.65773642246273,66.98451608512438,53.60061759126853,5.1901775760752775,1,88.93485420765491,7.397043889293299,0,1
70,1,千葉県,21.301844238848272,86.19283138619896,102.48911238484268,41.9871437532452,7.188484840841928,0,94.17517099869539,10.0,0,0
46,1,滋賀県,20.09338573705244,85.29219465746021,29.45712010328189,47.79313912501961,5.19316705032207,1,66.81349785312385,10.0,0,0
62,1,北海道,25.356490087246602,139.9669097571157,405.2803668999129,42.481757758357524,23.609597361192368,0,81.11114195986205,3.3657208311913154,1,0
70,0,北海道,27.334337907850923,132.50565778395963,125.56489027800042,41.09984948976389,62.155895109034404,0,115.52714531284161,2.4620010688799456,1,0
54,0,兵庫県,21.303526105273146,136.24489997590658,46.26323309004428,41.074974055624374,4.884098353502699,0,97.07845854409629,10.0,0,0
43,0,岡山県,20.637250633191435,128.50673937517854,54.57397240643355,40.77529773421664,35.780262864598946,0,87.69785155532665,10.0,0,0
46,1,東京都,13.217249846157204,99.11855443340987,41.88121695455842,53.849708251865614,14.260543081790471,1,108.00852565368518,4.655980671476401,1,0
62,1,東京都,25.283580322631053,109.96314101771567,41.999015187163685,40.928636704029635,17.656908787100633,0,89.52313954311984,10.0,0,0
69,1,新潟県,23.96475165780486,137.82557572641113,98.4123556925379,41.73887504824097,10.880238225128492,0,86.93263235442419,8.548314179163459,0,1
53,0,北海道,23.350880932925648,133.60280121728476,91.30028127299613,47.82580397646738,19.927448705892125,0,100.77758635747198,10.0,0,0
44,1,滋賀県,15.090638163249103,87.51641863076148,28.5803850475111,43.86246124994746,3.6284385871848515,1,74.90233200677977,10.0,0,0
47,0,北海道,20.89365502511799,138.4831141501531,69.41470133718806,49.932918650624885,4.897172406897905,1,111.11416576187992,10.0,0,0
46,1,北海道,24.678962605463923,138.62925939178615,105.17257824807862,65.33242408050845,3.6938136209872066,0,97.08735720923923,10.0,0,0
59,0,北海道,25.024058698151148,131.65612415314075,47.86340096692584,57.301667045146054,16.231520545132366,0,69.35934718441571,10.0,0,0
70,1,神奈川県,25.8803175211658,128.21444957409955,33.85509915752018,48.982718509135346,11.016816431797036,1,116.6212297718361,6.612265142989454,0,1
70,1,鹿児島県,17.80936759195792,103.62483361236303,47.39488455263001,57.837122787341514,9.0726513178379,0,93.01085284601882,10.0,0,0
49,1,北海道,16.059820644767107,142.84809107819552,127.59084274058212,57.628955483671064,10.525697015988056,1,104.04777381097223,10.0,0,0
49,1,東京都,21.5518420446922,117.5614614163105,26.212555878159048,40.94438966966096,0.864732147797483,0,65.58947637826573,10.0,0,0
72,1,東京都,28.239362154448813,127.75813467209316,44.68966886736464,57.596318984639765,17.258079518503358,1,91.88186090491915,8.731259805756064,0,1
60,1,北海道,21.05625074126633,127.43294000287717,27.844127777453956,61.69861413524498,4.89372686867154,0,95.99927922510636,10.0,0,0
55,1,福岡県,18.7217408733416,121.55183229775139,50.09295937980637,41.19811253779914,11.01745350740554,0,79.90719688273491,9.504568296549852,0,1
69,1,滋賀県,20.642822239724396,101.59784128496595,48.02652186391288,41.68600241920783,3.853855229416718,0,93.10334454884195,2.900312627397868,1,0
70,0,北海道,23.201680626729683,131.79049385262635,60.405647740154926,41.30339781028508,18.397888213847715,0,108.26738228292092,2.2032677975617836,1,0
56,0,富山県,21.47762528404042,133.77399566399305,85.10626066985427,57.98302903628436,24.972020946613757,1,110.77761293162638,10.0,0,0
74,1,福岡県,20.63493542116541,155.55846400643682,91.49438055898612,51.818557929742504,35.28290734429332,1,113.93547708320413,10.0,0,0
45,0,神奈川県,12.94462851760374,96.9574129505221,91.43470922706092,54.37034826753977,1.1498972444669746,1,88.16718827879926,10.0,0,0
44,0,北海道,19.53055587045031,115.05438543392508,66.92291567628618,50.04572442298211,13.22623314162335,1,85.89725474815948,1.6885783724059384,0,1
49,0,岐阜県,22.130930819024034,149.34206971673467,65.41830197630173,42.30885575276114,15.824154604505242,0,95.01613366984837,10.0,0,0
70,0,北海道,24.084329816698858,134.17021029547988,92.67700988990916,56.1641114904053,23.995552024947813,0,106.62737670069129,10.0,0,0
67,1,愛知県,21.344109145009135,101.68286663973007,47.39348694788316,40.82984672333908,11.603896460258103,1,93.34258723474791,6.42775068861848,0,1
48,0,茨城県,14.330294495643013,79.07834444983135,14.032006869959309,40.65652765672264,4.34091383183546,0,61.947765410916126,10.0,0,0
41,1,福島県,21.123727895924866,120.90699894350034,103.89763622317925,45.667297998113504,17.02575508467348,0,68.2439462598026,10.0,0,0
71,1,北海道,24.00152740349497,130.41046960888832,48.916458786837964,43.28408747087365,6.54842581206418,0,89.1691334101039,10.0,0,0
74,1,愛知県,20.41359845840932,128.04384011200017,15.428335330477193,42.246431451537106,3.6410494166800245,1,89.47574746395148,10.0,0,0
71,1,和歌山県,27.68414372566935,125.13523491587283,101.78498551768466,51.828696692186234,6.945222193812273,0,114.3154427631512,10.0,0,0
65,1,神奈川県,24.985283736074436,113.64570622168416,77.8489144884252,41.80733276117383,11.13596460478994,0,109.46309913537128,10.0,0,0
62,1,岐阜県,23.548955312051334,94.50951331220665,19.6003369324847,41.87058031998581,7.287890465265463,0,112.64230957667048,10.0,0,0
49,1,愛媛県,24.959708103322793,128.2090939182205,76.2120690814805,51.83597145821448,28.929265035815426,0,97.21136228506066,10.0,0,0
57,0,富山県,18.72190220131389,95.62013815435483,294.34943429083114,41.295801336752916,4.097737977185063,1,67.72972717991851,10.0,0,0
64,0,広島県,14.407033930038498,92.36747261923261,68.31384401211935,53.56897229591528,7.624115827099267,1,84.38346666864469,10.0,0,0
45,1,北海道,21.356172211285497,113.17241273187794,23.37961413805502,42.038582113573,9.24716024444558,0,70.39495426206796,10.0,0,0
67,0,秋田県,24.22448785435608,133.61013421195966,102.43945995484484,56.51586405103789,39.310216799751174,0,107.02484223124155,10.0,0,0
47,0,北海道,22.231908851596145,132.10088620622605,23.36353532826187,44.006091045420504,11.606628072179099,1,85.79686595603768,10.0,0,0
69,1,岡山県,25.855303953465185,126.3171865499174,100.60773110158078,56.65414680088493,13.783416176439184,0,86.06247040200518,1.323399616568122,0,1
49,0,福島県,27.502398615746504,120.45456399431411,85.08707921515054,49.095865323565555,6.275479022447472,0,82.81884601567694,3.9724393563989784,0,1
64,1,千葉県,20.892072467111902,121.58623002827393,51.62065124858822,55.769648338124554,6.595826520843173,0,107.33334260071133,0.1272560073085498,1,0
67,1,山口県,23.22949095294494,115.43489908628925,95.03390078449134,42.02473592743911,19.34822387957952,0,111.61381979183474,10.0,0,0
44,0,兵庫県,26.31814375819747,120.19444014880523,44.830034822803114,50.377949806084445,22.37823804148872,0,79.9878510671328,10.0,0,0
61,1,北海道,15.10103686420563,108.57954700654679,64.8658305771002,59.77229217711025,5.058290508099475,0,82.91090931185093,10.0,0,0
42,0,北海道,19.90293040261157,104.32163336617467,62.4452842716211,41.9137654147972,8.668341764547629,0,93.62223050093793,10.0,0,0
41,1,兵庫県,22.861612513433506,116.60643112438066,8.972486061241804,42.25134004021524,2.761271114910393,0,66.27341890742821,10.0,0,0
43,1,長野県,23.39316204228715,97.82533882671093,207.2950740110638,41.27085850758095,44.74099790588695,0,96.67810097203241,10.0,0,0
69,0,東京都,23.23549829978813,126.23691275764922,113.98717396353638,41.71749304062254,8.554775339074729,0,85.90442395111239,10.0,0,0
42,0,北海道,30.17870993226303,131.89672252123066,44.112651465683264,42.216436050273614,39.023555311740324,0,100.77636535795881,10.0,0,0
74,1,福島県,14.387856288225745,114.22405100191973,26.87034367660954,54.33781360282879,4.965292107223105,1,110.32454468595203,10.0,0,0
73,1,北海道,21.55279145913763,133.68589654510285,293.05197543481285,32.36250429583469,28.12308669416,0,102.28448754719606,10.0,0,0
70,0,福島県,24.8271677583766,118.83862598597426,184.3877637842718,40.624971685783784,45.082542416085026,1,103.02120521266916,10.0,0,0
54,1,滋賀県,21.832818882907628,135.9837898824813,121.2470200136698,52.43440189895416,5.911287904946801,0,86.7359008747055,8.782245284915398,0,1
50,1,北海道,23.45543211253825,117.21369002868326,56.22208371864484,33.213346750332185,19.426684556539495,0,80.93311946884796,10.0,0,0
72,1,東京都,23.59177190115441,133.33971506304695,63.26233295191354,43.48988612279101,9.052211845494917,0,90.03999871979904,5.87970083329984,0,1
70,0,福岡県,27.413502912802034,117.3036130740574,34.55820437495769,68.75444718700851,27.746748033241644,1,108.80246735541456,0.3413496971718234,1,0
51,1,北海道,21.008150365622516,141.27466881592952,89.54322095566361,60.71881562028284,8.077865436521385,0,94.98390006164982,10.0,0,0
53,0,栃木県,18.979282302005938,129.65465792871197,128.99603578467043,42.374152683904235,30.810685910943917,1,82.35273071227503,10.0,0,0
66,1,北海道,16.425752787252538,113.95713584011243,24.677237795757673,41.00706173744836,13.857937108786738,1,99.89280608989866,10.0,0,0
43,1,福岡県,20.119002392306193,79.2518484771499,58.5202656741093,55.778579615011644,41.736713688572614,0,65.58337895154338,0.8173349430966154,1,0
50,1,山口県,17.86383196759968,106.28873409844135,55.736844313342516,54.590995446216375,10.679443567743002,0,88.47984690919841,10.0,0,0
49,0,北海道,23.13696566982545,118.79531580996465,16.06229666438564,49.94076916403737,10.859479608509604,0,83.81263419191933,10.0,0,0
64,1,北海道,14.417046767651794,119.53521909271807,29.153181205942587,40.982542415802165,4.68077238746292,0,72.9449854578612,5.1223637286435775,0,1
42,0,北海道,23.814637691082694,95.67695957528707,88.48780253864254,41.469961139458164,17.077225062708624,0,68.04916102260188,10.0,0,0
59,1,埼玉県,23.85942027697723,147.5285492185544,130.8061556673385,41.71039770237623,58.54353525474965,0,78.58551839435843,10.0,0,0
69,1,北海道,23.36958359713057,133.85881481942263,61.042094405394906,58.04365562869326,13.995157608447297,1,96.4453771560678,10.0,0,0
40,1,愛知県,24.551530327320844,86.32820504202574,66.20064345823243,53.196793315760814,11.810771951201051,0,74.59370401992828,10.0,0,0
49,1,福島県,30.19224520962261,142.40785298488996,68.08419651510299,41.3676450937974,28.474778067383443,0,79.59709120597695,10.0,0,0
46,1,北海道,23.044874384682313,148.15316354556595,68.46584313250467,55.631646772432596,23.573647728137082,0,104.84959083548898,10.0,0,0
70,0,栃木県,28.416600030959195,142.4675495559026,200.8571730299816,41.70905548516791,20.721238010482136,0,89.75296265006942,2.0275312792841915,0,1
56,1,大阪府,16.71414573559626,92.53450273039572,23.511191632579894,42.6084763764002,8.077489126743572,0,83.78171321905536,10.0,0,0
48,0,福岡県,21.513344203905135,106.27765646903933,68.6664438613438,65.70325891096087,5.131984392851389,1,90.39534507009523,10.0,0,0
62,1,広島県,27.16145305023745,114.11651283773476,212.37143928859942,41.545935083704364,43.194853073871975,0,109.67252961306484,1.4779720264794816,1,0
67,0,北海道,25.423109094892187,122.94496117764297,80.01134804126353,42.56033526533016,16.451607124465273,0,82.81959836039881,10.0,0,0
74,1,北海道,19.821332154035066,115.68235902138937,95.04659137344903,47.702975723883846,4.7225191280754855,1,84.377565108207,10.0,0,0
60,1,東京都,31.827847511871735,160.11364399190765,135.8420638486366,49.86684744413496,81.58785295580894,0,99.1128258797932,10.0,0,0
49,0,北海道,27.297063510869062,119.67709103772395,181.69417794134398,55.7743418380909,43.85245340645819,0,86.92720220364745,10.0,0,0
73,0,北海道,18.48883257098805,138.81907532700075,102.20548340285785,52.46373933242913,13.85013232303129,0,66.70417926257662,10.0,0,0
64,0,愛知県,15.752772852410148,108.89309467848742,23.114728846188108,42.54543917351122,2.7434739931426515,0,73.11718657232139,10.0,0,0
41,1,三重県,17.07426500596206,106.24778802905415,40.67664686689448,60.24786024567433,30.29144235478579,0,66.88809384684228,10.0,0,0
73,1,熊本県,25.96280227289992,130.5827902003577,76.6435494107668,40.38038100019564,8.38200578972463,0,73.78448487424147,10.0,0,0
41,1,北海道,19.957583802503063,113.72431823618206,33.51874020356915,40.95069929628023,7.602634042394075,1,107.53396108813054,10.0,0,0
65,0,福岡県,29.376167826513573,127.1994560880443,322.7067549509727,41.023988095898666,16.669736800533972,0,99.77769645648948,10.0,0,0
71,1,熊本県,25.32844602039433,116.28699570650745,140.4173559416824,53.140431890907166,55.048689672104715,0,122.26265627461608,10.0,0,0
41,1,北海道,28.438011843642304,112.96001996468215,103.70341428230222,41.93741059602289,51.848793348301065,0,86.29262774062822,10.0,0,0
60,1,群馬県,21.547016169540782,93.31448575479325,25.136342848636524,64.69886824629911,16.928070924482395,1,91.76926169362265,10.0,0,0
40,1,静岡県,25.300347675299346,122.32296190712127,22.64667654135158,41.41848714942876,18.681451497927856,0,68.28139641800222,10.0,0,0
47,0,栃木県,23.31209578798439,108.83453823224443,78.00971176224859,41.754120837612675,9.690105772722525,1,94.0198964220925,10.0,0,0
55,0,神奈川県,29.0330309000968,144.1063600190048,66.19382220572298,41.44172964414079,17.061874862040774,0,111.8815483629602,10.0,0,0
56,1,北海道,21.51299077060113,174.41370741168237,129.48286271474745,41.43651958215353,10.83880503766533,0,72.60465650401665,10.0,0,0
48,1,大阪府,20.014021375299823,108.12346013803345,50.08589300318548,42.51023263764742,17.03822969622975,1,88.93627579927487,10.0,0,0
72,0,東京都,28.802594332781034,131.69707991992465,221.78724115854004,40.77547597592077,28.9644177686377,0,109.5273162667337,10.0,0,0
44,1,愛知県,24.589267156373758,130.1088982557871,67.95452254250468,42.60532786898302,4.6839485562861425,0,97.72544326513277,10.0,0,0
40,1,埼玉県,28.056894559019707,132.72145819791425,84.87362036824616,42.40742984560977,3.589108441535113,1,70.91695496683059,10.0,0,0
56,1,愛知県,21.13896501021539,89.92505310882025,87.40807319290438,41.70848121141722,6.557904716457564,0,72.0217401600795,10.0,0,0
65,1,東京都,21.465750737466248,138.22508846393612,190.54732323302287,41.1286179497433,15.132127586757889,0,87.89871708355184,10.0,0,0
52,1,佐賀県,21.66089823167251,125.6841334288588,91.09280867153822,58.49437832137814,23.42192800434817,0,66.73583827749135,10.0,0,0
49,0,北海道,28.609978595388856,113.04989577894789,33.98480075776981,45.205739316180285,60.4229481611212,0,80.72962645480634,10.0,0,0
49,1,埼玉県,27.143731017437368,117.21377623409056,185.3297859430901,61.75476811151294,60.89421113429824,0,83.50601821490635,10.0,0,0
49,1,兵庫県,27.88094395288123,142.16518620329597,98.09511148679032,50.32752531632304,43.15195258107319,0,100.45776964455806,10.0,0,0
55,0,千葉県,17.065820419240648,103.24098784398038,75.14210470012905,41.700207755509965,4.338824780149154,1,113.95059606994928,10.0,0,0
53,0,兵庫県,26.939072122924546,122.22975934809713,35.53341108941795,51.9629903260583,14.211830429552672,0,85.89417746110713,10.0,0,0
40,0,東京都,22.650201642331897,129.28013633572618,63.00038689996215,40.87739372446274,22.148225979975024,1,79.91484204599212,10.0,0,0
56,1,奈良県,23.976843057755854,119.2358182294893,34.176372549429374,40.50342544461712,6.408848081897523,1,65.50877269963867,10.0,0,0
69,1,北海道,19.719592154754423,100.58322940192718,26.4839558135897,41.138041056700814,6.986119185856409,0,102.65034740613238,10.0,0,0
73,1,千葉県,24.63667330253926,113.53286940112504,71.86884566287544,40.94483991147579,17.102120784990714,1,111.59612405399749,10.0,0,0
55,1,京都府,30.28900181362403,139.08179084489606,122.30972949069793,42.62082115039487,24.559432819123202,0,84.37311027303925,10.0,0,0
50,0,北海道,18.465645493300176,121.5750428106733,79.48504946341859,40.78417857418812,0.8904784128001783,0,112.7713916132228,10.0,0,0
49,0,岐阜県,26.512438864697348,99.6905766073515,265.6277347264838,41.30499156332988,94.9822247909232,0,97.73654300728697,4.887809153713849,1,0
46,1,神奈川県,19.53476015117591,103.86224780294076,100.60696531077274,41.73801069645461,9.536783335482385,0,80.98934337244849,1.778422117942229,0,1
40,0,東京都,26.66231491870673,120.19599596164655,26.208852472830902,41.486947743541066,9.366261207321767,0,74.21562364842441,10.0,0,0
40,0,北海道,31.268203872478086,106.95747740470415,87.37898689082016,47.809935591872005,121.06030119810279,0,97.71908164101899,10.0,0,0
73,1,福岡県,26.285324573661196,141.05149808865676,66.140452575427,38.38976283516719,3.920077437538191,0,76.64853135157475,10.0,0,0
68,1,大阪府,17.708535206799255,111.29609153423569,91.02282353975443,66.88158606782727,44.580014851236,1,94.30853018770108,10.0,0,0
70,1,熊本県,22.514922904395895,139.81370275916794,112.21974638965685,40.30986233939411,13.846342896911102,0,116.65499731404886,10.0,0,0
64,1,北海道,21.678483166192517,122.64573587131338,57.59271163705072,41.63689563947204,44.86595929066749,0,102.32209432930992,10.0,0,0
49,0,北海道,23.63571181287871,158.62376899969917,76.47472794353405,58.87268604158478,3.627960452752522,0,76.19622809258463,10.0,0,0
50,1,福島県,23.418095907869418,123.89674533256539,76.20488072575246,47.22265666984292,9.131158789860864,1,97.64717559253778,7.22674545148371,0,1
55,0,長崎県,22.735718853322783,137.3622839869888,286.79302381646096,40.612589057112395,10.375668481039037,0,91.3798119469424,10.0,0,0
45,0,東京都,22.960713734150826,77.54349072679327,18.831753548970436,41.48916047544925,7.221734626304975,0,67.85247486415271,10.0,0,0
73,0,北海道,29.038596347931907,139.96607355965753,91.430096146761,41.78956268659959,33.51478543427435,0,123.20996306660038,2.3843992222138386,1,0
69,1,北海道,31.561752703250374,145.0303781994526,178.38194878207446,59.65089372977255,15.291462285084501,1,108.43119365125332,10.0,0,0
49,0,北海道,20.975765822768636,131.2034652938816,12.194567806773586,56.278475490975744,7.186310187811315,0,98.5350899729294,10.0,0,0
74,0,福岡県,32.73165925127704,146.49621746280113,322.9919600856694,40.863610769240644,68.88571344951941,0,102.03835035058374,1.7973481582673845,1,0
40,1,北海道,23.10343337825077,92.32951518572138,67.13362497271078,40.877484776042856,4.250174661981821,1,79.15827739394051,10.0,0,0
67,0,愛知県,15.085754081352473,114.29099138579525,76.59096094083615,41.940934453700024,4.596927511796643,1,79.53978329268368,10.0,0,0
68,0,東京都,28.92685374967722,143.19129236698572,188.35734970638705,41.91423700927467,9.762645178042156,0,97.00239233446986,10.0,0,0
66,0,福岡県,23.335890296748108,122.36897697870117,162.8218894469473,42.57732867965184,12.299213515379233,0,107.0030730146406,10.0,0,0
49,0,福岡県,30.419415035894897,152.2470615084395,453.2440537284457,42.855759892630665,72.10436661656875,0,88.16408448646294,10.0,0,0
73,1,神奈川県,28.01956874431774,116.26221776250055,45.56305156701809,41.25258446655681,9.131200944483316,1,76.1627732953631,10.0,0,0
70,0,東京都,17.48127460251595,130.60002382635,97.08823622004702,35.83038090964935,3.885401637050422,0,103.41262741826472,10.0,0,0
48,1,愛知県,18.11970520250286,68.36907818233789,68.08955593647251,60.25086682469063,48.261442799729764,0,85.18266767463312,10.0,0,0
44,0,栃木県,24.058453291814786,150.0496435234753,209.86434313628195,45.669858915387685,27.553404129842512,1,102.58086931772735,10.0,0,0
53,1,東京都,23.643931697530025,172.3675700840006,18.672330038305674,41.80712802038388,49.0992379006401,1,86.33239592118758,10.0,0,0
54,1,岐阜県,25.15920720229416,98.02380378655488,148.27920365976138,40.43933661459057,5.9423046854350225,0,101.28317358576751,5.565290070105054,1,0
45,1,北海道,17.322241647253193,138.10878511897522,77.91866715932505,53.25642040718917,15.138190199243152,0,86.07456455106919,10.0,0,0
65,0,北海道,24.42570602627191,125.67903912391043,57.6336246517841,41.26399081579435,13.643114402918105,0,100.62778143640334,10.0,0,0
58,1,神奈川県,23.796735525185838,85.43954618648623,34.175888252217696,49.46913154127207,6.508786945041797,1,111.56462754172277,10.0,0,0
65,1,京都府,17.902557043116897,140.6908217977757,51.454135291461384,55.77740939518551,5.3197084642631625,1,88.93500249383533,10.0,0,0
59,0,徳島県,33.14500753636434,128.18732716499903,106.56285699180826,40.31625193951631,53.30682649481715,1,65.5934219055402,10.0,0,0
46,1,北海道,24.01983416669713,113.33767355987897,59.884249725739615,41.58857016276471,3.646032621271303,1,65.48906053830608,10.0,0,0
71,0,東京都,18.619101082635346,135.37406462748552,36.639942598141396,43.196894946657864,2.097173343652406,0,64.88011542110728,10.0,0,0
65,1,北海道,20.208650024764488,114.21834121017838,39.99905077125955,40.953159998248765,9.953480648563238,0,59.93332024568277,0.9120799415666816,0,1
73,1,宮城県,19.04809798663846,118.59168124541094,67.7825311196072,56.7595786405483,49.38806456144676,0,71.07894111726563,10.0,0,0
49,0,東京都,26.094997325537502,114.70836636691962,93.555775207504,75.14870502077953,9.55184081656287,1,94.19440260981867,10.0,0,0
46,1,千葉県,17.045898527287058,93.77903076603411,42.004119539359365,43.11952782040661,18.476113877569595,0,93.12948375472394,10.0,0,0
73,0,北海道,23.278188089990635,113.81906566101576,71.67117130861469,41.35906363820335,31.99335166636988,0,112.35662614837138,10.0,0,0
57,1,福岡県,27.953017616668863,150.7629163170835,103.2088338350243,40.48453668117371,48.099105639905446,0,124.175073673179,10.0,0,0
52,0,神奈川県,26.477239899029595,140.6975396545772,197.39056118205758,49.37663886593191,65.9554566711037,0,122.67796573254675,10.0,0,0
41,1,神奈川県,17.621253596286465,62.45228850855216,31.60815035559744,41.38212908111998,10.736669835697853,0,71.46299485371806,10.0,0,0
52,1,北海道,23.97496246096439,100.07328339558276,149.76455001983513,41.30465355510172,3.259970410524096,1,124.98793779556092,10.0,0,0
69,0,北海道,22.194011791335516,127.77010134530413,187.72450597984084,40.95712530618152,6.587625151256589,0,91.7568785280621,10.0,0,0
73,0,東京都,22.193939706501556,111.13160166057352,115.37973905282772,35.434021416279904,18.74387859866627,1,108.75021689696187,10.0,0,0
61,0,北海道,20.33908143711798,108.05258465906255,19.629873245445864,51.93248227943466,3.4573639427168175,0,79.17004731192569,10.0,0,0
49,0,北海道,23.275757878209976,138.3183645700101,75.4841440726052,48.92718685213294,30.7843397170769,0,102.31991586692179,10.0,0,0
63,1,千葉県,24.620895713208903,132.40734740629256,81.39055690990823,43.50438104029907,16.89268485342513,0,77.52211355109608,10.0,0,0
43,0,千葉県,15.090008424633652,92.49445059067824,166.97980554976786,48.90685229582238,10.6614136402484,0,74.52442828139682,10.0,0,0
55,1,新潟県,21.461825765571312,114.54113516096677,26.35012315071978,41.290333629185106,13.215384120642733,0,75.95102109713295,10.0,0,0
73,1,北海道,20.179301524289418,131.78252162103632,62.65277968679063,40.87826721965433,2.2154762047509013,1,64.87592728811043,10.0,0,0
74,0,北海道,22.319810927102758,145.41329196373906,93.50100091839174,40.86798967226646,4.343700997556584,1,98.37332807785005,10.0,0,0
45,0,千葉県,28.418801619042906,128.24460527938382,66.85697384578046,43.511565159903576,15.142129645713693,0,74.53425105779168,2.109326083574604,1,0
68,0,東京都,29.633457276041494,158.10932898521654,209.88868692146522,52.66303926997277,58.67639447543889,1,122.65982831262846,1.8189472950801862,1,0
45,1,北海道,25.026484641139316,155.20103460039158,105.10990798109752,41.30867712445831,16.71571373488332,0,87.90012553601613,10.0,0,0
44,0,北海道,24.976080230308806,126.94846138294032,177.238796329075,55.840561970025576,21.64799448996511,0,103.65735716558017,10.0,0,0
66,1,北海道,17.813325503569907,126.57046115432456,40.98221031550004,47.41600791592879,20.494834325341873,0,98.01197358499094,10.0,0,0
54,0,愛媛県,22.861837502756455,117.98822617940444,48.19112338326017,60.24784591174846,39.13921044304049,0,85.18167100877612,10.0,0,0
57,0,福島県,21.873112561238834,135.29533334116533,95.4805581048232,75.35376219456934,19.004359979316853,0,109.60309923386161,10.0,0,0
40,1,秋田県,21.88564411007315,118.22652963318727,69.90395899265944,58.95353219723621,32.42178069618416,0,70.8201227308931,10.0,0,0
57,0,神奈川県,24.221305970469327,132.58351259017513,51.59564094493618,53.308887352304204,33.608646452001125,0,91.63809111818789,10.0,0,0
41,0,埼玉県,20.0157128464468,126.43038708100637,56.19629118233388,43.01544113148043,32.115484840519215,0,77.18947039146241,10.0,0,0
44,1,広島県,18.571012127179568,117.55891348966183,79.9453593821377,41.75851793207158,8.095678066333345,0,102.55517180323558,10.0,0,0
40,0,秋田県,23.490593145176973,126.53234537225002,39.26646135746675,59.687151789901094,20.358252854009933,0,82.51666590396401,10.0,0,0
70,1,北海道,25.96731971511348,149.03329562952078,231.6862214272929,40.684635170654715,16.6657278657715,0,100.72069227643355,10.0,0,0
44,0,北海道,27.796948157900104,116.98322471721946,345.1234235652451,40.353857551018805,38.71215115881196,0,84.37302504631525,10.0,0,0
40,0,北海道,32.55654148054794,111.55089808300723,91.50918571233694,41.455355742270335,8.62431667790288,0,85.92484515002145,10.0,0,0
54,0,東京都,16.706735956890228,85.6880844808803,41.52339726538183,45.65246870452859,3.9417810596354714,0,77.82320863847853,10.0,0,0
52,1,和歌山県,25.450119940068415,133.6762931814458,252.96396131596154,54.49738560121698,73.68201959050482,0,74.24868192688372,1.1550113780388371,1,0
48,0,北海道,31.05707374788434,133.32539024162008,87.37883441614905,40.781023096868715,2.873250469664615,0,82.34986469549305,10.0,0,0
59,1,鹿児島県,21.508121000930565,128.41622751262778,71.64024685173874,41.96750379467739,23.999085386707357,0,112.9718810039392,10.0,0,0
47,0,北海道,22.363799527246144,114.69957757329917,42.54821535644344,41.46117333418881,10.824881728631853,1,102.58147730694496,10.0,0,0
47,1,北海道,28.91367980968168,132.32834266609825,46.01075482222452,44.12791847341422,7.949941356010354,0,84.34244932622212,10.0,0,0
70,0,東京都,18.130357627356315,106.87587768018652,111.40121017974364,68.73977679791622,8.054147430920446,0,92.47581309810394,10.0,0,0
48,1,茨城県,24.07785817430603,127.17523333673631,84.81067745074391,40.92901838991247,21.70290652291062,1,77.19821356026627,10.0,0,0
74,1,北海道,20.054214420315454,109.46638602881214,36.61594567751094,54.637236009775364,7.450212535981636,1,106.93608744730304,7.945289083617037,1,0
43,1,北海道,29.96872394572558,128.26873456364697,139.3002441316073,42.482971619232615,13.515756273439035,0,93.11398131769207,10.0,0,0
70,1,千葉県,23.135198357502873,145.39962497340997,58.31589737948199,41.8875541822327,13.72951074102414,1,71.922860104667,5.877475707808986,0,1
46,1,大阪府,19.25803237946308,133.27452119708718,84.0953300244259,33.635314145399484,13.402990635864573,0,90.61436334257068,10.0,0,0
58,1,千葉県,19.565374026414354,103.25276573670831,59.862779504492735,41.380464811436106,5.617260574582542,0,80.5349765949956,10.0,0,0
59,0,東京都,28.016153652667466,152.32647473885487,178.10827934435088,41.48692185812475,26.577758263968253,0,97.6129086703036,0.8651154616237632,0,1
46,0,東京都,24.854874124218174,134.11744403496067,43.20081649211553,48.55372869315681,11.756422138122915,0,95.07103567047378,10.0,0,0
62,1,石川県,33.08860937012621,129.85685016303373,176.18992877828768,41.17770372850023,13.319022710999835,0,89.78484106469512,10.0,0,0
44,0,北海道,21.790512690024357,94.15951898342423,112.98677323623743,41.78616228544471,7.297633714687465,0,116.44743336884879,10.0,0,0
73,0,富山県,17.3224340634047,106.96458669802706,136.79894235302208,40.92029812602717,15.140177577906087,0,95.81350202051925,10.0,0,0
43,0,東京都,26.43582685761818,106.50389073013434,89.75460718884425,51.917299511027046,18.85357353169894,1,88.9785146803401,10.0,0,0
70,1,新潟県,23.044255098480342,163.90601474302798,169.821720870732,62.04404047083035,13.70708161618651,1,118.77779841275988,3.0303311513152815,0,1
44,1,茨城県,27.31513593721742,108.9313108946534,25.38492924961913,41.07104267130334,7.738371358229889,0,96.75389038229454,10.0,0,0
41,0,北海道,14.99245979803263,109.54656709894977,68.14434584969857,41.394592426054736,4.993134906293667,0,109.61125604158246,10.0,0,0
40,0,福島県,23.559920436833014,115.1190331123923,55.73019032473738,75.37119093937035,34.661275651298325,0,85.54672029698311,10.0,0,0
70,0,東京都,19.792918071371304,136.7303913179968,31.95568357548752,42.82950523818015,9.044488299897974,0,99.64398397653822,10.0,0,0
42,0,北海道,10.94025120565895,82.71364037951912,10.392685548337369,41.22017442427472,2.1127160817305377,0,58.82574044808512,10.0,0,0
47,1,北海道,18.655023568942525,93.9884122062731,26.361563639398888,42.78731237907654,13.114444235984127,0,72.93762952503673,10.0,0,0
61,1,北海道,16.68436486028496,110.29710134606593,71.5489298912108,56.77646216918188,6.214217562024708,0,62.23986240803415,10.0,0,0
44,1,栃木県,16.715146066102783,89.64295095368848,28.52322242136611,54.38497923094707,5.794446599551614,0,108.20899673418138,10.0,0,0
53,1,青森県,27.243029003689582,115.33829244154771,121.79133505559028,61.68421568556869,11.837162947805272,1,95.17548599290738,10.0,0,0
56,1,富山県,24.6582111816058,120.92129400651412,293.8007214681014,46.874859767915005,63.07795872185802,1,84.01054171249561,10.0,0,0
57,0,香川県,18.115839262100508,113.2201447029938,116.97801575698843,59.68057670220293,12.072578397195475,0,87.99470063544491,0.3475611932602097,0,1
64,1,北海道,21.72168353922445,117.99817225249708,184.35438944753,59.026701175632645,17.131212804057355,0,93.8708849053468,4.495556263923441,0,1
55,0,千葉県,27.08819947611533,137.58274995492934,66.96616851079652,66.61253598915897,15.730179726628277,1,81.71760626754384,10.0,0,0
56,1,茨城県,23.818186393702725,113.82672241763693,100.04853099645895,40.78323207749672,9.754426100409379,1,93.35166586382249,7.000531143186704,1,0
47,0,北海道,19.04385043890081,99.11436832464463,32.09073099173078,67.0792088394622,1.1117268901644803,1,76.85320702873568,10.0,0,0
73,0,北海道,27.922957794408966,109.80484972072607,139.2970164364994,50.2407736356944,7.793304724907254,0,87.91185257919064,10.0,0,0
45,1,山形県,25.408182102352,136.72809796666377,119.41185939398976,40.310605378991816,14.710430149210461,0,98.00671239076189,8.77180549019615,0,1
71,0,京都府,23.386873875699315,150.59518025921534,136.75794507560886,38.41713344929626,78.28364851363148,0,118.99569787537533,0.09034907597535935,0,1
57,0,東京都,23.2259278109716,99.25833515394164,54.27619086250506,40.82971140665055,21.77889758631524,1,118.01297049606337,1.8880307203564426,1,0
62,1,山口県,27.217247530977165,145.40513742848233,150.16598022992673,73.80188231748096,7.993261340337595,0,105.28279927499887,9.737105066232015,0,1
49,0,東京都,23.387453921745248,111.45744623899294,76.02729464620748,40.877575314775974,28.74062899585893,1,81.71147444263052,10.0,0,0
44,1,北海道,27.559201756584887,142.09322756548585,17.748909744429913,59.15382308558497,10.91579920514739,0,88.49209847100977,9.531649849091238,1,0
54,0,北海道,25.779974920355524,150.035730693952,177.86961543634544,40.88705448781043,14.845905074441365,0,96.69839310465689,10.0,0,0
40,0,北海道,25.125471034255487,108.91558661768855,49.233174738894135,42.03270684181903,26.48936749708558,0,107.49294768758307,10.0,0,0
69,1,北海道,26.369074592499206,85.75047283161919,219.51175876701905,40.811135876766386,33.5916920359056,0,72.95771319175286,10.0,0,0
63,1,北海道,20.63660679246048,116.64225155891988,111.26863962145492,41.741338373057935,3.608557457888063,1,103.47133881221457,9.89824352725116,0,1
50,1,北海道,10.737457825171104,102.902748499138,4.472758844307663,68.10129594437568,0.815059547910327,1,97.84625714768964,7.387446759910254,0,1
58,1,北海道,20.619813535084738,119.25493235940523,43.60579276819341,42.07681328399435,5.818272319860479,0,78.88725390286,10.0,0,0
60,1,茨城県,16.14040126623215,114.7406013173276,89.22331280338648,52.30996322404443,8.688903799223958,0,91.2753624340397,10.0,0,0
52,0,北海道,23.74711861202443,134.19147602243137,275.68369545072625,41.666334559288416,17.39451663981929,1,85.69373169835197,10.0,0,0
62,0,東京都,22.728606644871427,100.09421560756098,60.908991042224244,42.57733949867717,6.7228872413467915,0,91.24486369653728,9.618816407074855,1,0
49,0,栃木県,12.943037618570038,104.54452489729273,41.483062178377295,41.07546132593181,5.810235315851335,1,88.36852575950249,10.0,0,0
41,0,北海道,22.275601746002273,108.73660507761768,122.25308302502594,54.786300628748535,55.459628269775784,0,107.5289622671437,10.0,0,0
46,0,千葉県,21.671812478143494,132.6893757655377,299.51630832215716,67.05712146506488,23.36428915113486,0,78.42182121575712,10.0,0,0
69,1,三重県,18.218177766341825,112.20393880542188,28.659333886206408,45.366501249023756,14.833462351152845,1,96.62225614536744,10.0,0,0
53,1,広島県,26.530222282074043,138.01866785180917,67.79539785487479,41.77463209855763,25.7427006796158,0,71.35817444818409,10.0,0,0
47,1,広島県,27.45586672297818,117.94942822042131,78.42087536277641,40.94408537199175,5.659280777726015,0,95.14384259476914,10.0,0,0
40,0,北海道,32.81429915962419,110.63979163409273,103.2075150254593,41.9733794913514,59.989317992519716,0,85.75700051452908,10.0,0,0
49,1,兵庫県,19.78530553425846,120.24053918214695,64.72745604625716,57.95279188061972,23.129097505624856,1,85.41005365671911,10.0,0,0
42,0,愛知県,21.10321776402626,111.12770450429147,18.579531393074618,42.160993900364275,2.3080710352856624,0,67.40681457514276,10.0,0,0
70,1,東京都,34.641003791821305,166.52786295125776,412.71758252733395,46.86453501353846,66.36368323430884,0,116.4701867871023,3.568307391118723,1,0
56,0,兵庫県,19.681178989491972,100.14751642022946,88.88309054555965,41.63895119186735,17.660523500450182,0,101.58219599693182,10.0,0,0
73,1,京都府,22.182902773357572,105.72139411376251,177.09845685758108,42.35999421502124,15.677514379562284,0,101.91391503749236,10.0,0,0
67,1,神奈川県,25.109708407659944,135.40297281375186,25.78369081446739,41.970672730718384,13.633550344787032,0,118.81221493942732,10.0,0,0
46,0,北海道,20.611411971730163,91.77818978486744,146.3853032719653,57.914653950729786,17.878299578532868,0,78.57204880806118,10.0,0,0
56,1,北海道,22.684483391729174,153.09756040950057,96.67269840114821,54.259522404522016,55.73369153861211,0,97.71589073922152,7.358983701852294,0,1
69,0,新潟県,15.211027606506338,124.46618980253054,69.68745854556865,60.97899031980846,5.8118532958190325,0,106.10562524202267,10.0,0,0
47,1,北海道,28.848648318522955,127.74919313789067,322.4105683572866,41.304211723564116,45.72090853953026,0,92.58936629300868,10.0,0,0
51,0,島根県,19.712963095473608,117.28303735929818,101.29396234152625,40.31564601390091,1.1868336817034273,0,122.58912928657729,10.0,0,0
69,1,北海道,28.64090186507417,131.80668829221463,102.68559651865407,42.41155280200543,15.677209691058863,1,102.17608697891563,3.60945766294406,1,0
73,1,広島県,28.6026905377867,146.4993988727589,240.56912580087393,49.894768663716704,81.6353825065575,1,98.56716192661739,1.9894032481191364,1,0
59,1,京都府,23.187980215722025,126.42675142067095,240.46252244162446,40.946945342689176,37.33975175201733,0,82.30759111417292,10.0,0,0
46,1,岡山県,19.66359885216978,111.41783748556965,72.65442457929028,42.48286519167911,10.68621989675021,0,102.30727443203743,10.0,0,0
52,1,愛知県,16.689504749349506,94.19515160069875,19.524601195976,58.629006995892176,25.383608394843083,0,83.43864781459527,10.0,0,0
43,0,北海道,17.11263759591182,136.68472198390185,32.8880571039002,49.40330373599337,9.987270882067252,1,114.2175655258089,10.0,0,0
63,1,福井県,24.21716468836406,134.8547654158565,100.99257134653423,41.144058328613134,22.799366120594954,1,94.98948111384699,4.678680426220903,1,0
47,1,北海道,19.0034425627749,96.95402146439454,61.000108559214326,42.867946839845715,9.879943363107099,0,76.8355706594145,10.0,0,0
60,1,神奈川県,27.299859567808625,122.24315344216768,122.55250290148699,42.075832944232594,48.11744078563844,0,82.53500394430232,10.0,0,0
50,0,福井県,25.77857869691797,140.41594129265638,54.60317408016028,41.60202335756802,8.127693291188033,0,73.06529133127758,10.0,0,0
43,0,千葉県,21.739174841051767,113.965556448104,23.464319450023773,57.782968837907916,6.958220013229981,1,82.89072798602942,10.0,0,0
74,1,北海道,20.919537411526566,113.16938710894836,181.0981188742243,42.37080286832087,15.933032137980902,1,118.82758915620053,3.018622117366353,0,1
47,0,鹿児島県,27.292499988341113,134.96960098454187,177.117378972698,41.822127247243685,24.969245022166053,1,114.4086884997467,10.0,0,0
59,0,北海道,12.364891842094156,116.91887411671952,33.502657573461946,52.81980599247208,4.968165408956574,0,63.68471171214596,10.0,0,0
45,1,静岡県,22.63908217678515,138.30815346435784,164.47911918477433,37.31328109392165,12.012492535292013,0,76.10136213607116,10.0,0,0
74,0,神奈川県,34.80134276672724,128.82557863625632,136.71547176141826,41.01415382517869,55.730924758876995,0,125.39745234752925,1.9547076680727695,1,0
45,0,大阪府,22.560166960119926,116.33769968991353,106.74862165637987,40.202501167663826,7.292540602076053,0,98.66146474306858,10.0,0,0
69,1,福岡県,24.85485753018528,148.60883591002337,64.543406429297,73.93512454389507,59.970567753139434,0,97.69338968996252,10.0,0,0
68,0,山口県,28.73526832719494,122.65703169497309,136.76472842222344,41.868717044039094,14.948920737208287,1,80.18069475497273,10.0,0,0
64,0,栃木県,25.321398838754217,104.00204060941826,164.80289087305906,50.28994454192719,18.8419468938109,1,101.70365663210237,5.522386179855883,1,0
69,0,北海道,21.36751792439751,107.57490435724996,46.046512648726704,42.12306391526189,7.571569612643577,0,120.6865828127224,4.66633488507113,1,0
60,0,群馬県,26.924013155004893,85.66903007721811,34.66163918615301,49.63292175650879,7.463361838978503,0,93.55499023984599,10.0,0,0
50,0,愛知県,20.242750892218087,103.79809333405356,40.00316412308714,56.069218391810765,13.425371951791885,0,80.91326710546339,0.7840496085861209,1,0
45,0,千葉県,19.489018489699053,104.66876067186406,37.178390339107025,40.98511229854565,1.7797079113917078,0,94.331586139895,10.0,0,0
46,0,東京都,26.094157105721294,153.90218291971993,179.03101842434873,45.487452527098434,28.42751668145956,0,100.78062730306674,10.0,0,0
44,0,北海道,23.998504459446572,129.30405740887656,213.11114282321375,32.96442510530369,24.947072362694257,0,60.85696687386917,10.0,0,0
44,1,福岡県,26.915986540278,136.42867061446412,94.26459850851015,40.58554475806478,10.09487498704824,0,97.54946113229538,10.0,0,0
70,0,東京都,22.468946224742027,114.33025308434726,241.16450152877397,30.9714365066175,20.15132222243109,1,97.66658877169685,1.3639138423801918,0,1
44,0,北海道,16.07021122227921,114.24004919642869,41.497117518901796,47.34046300340398,2.2892308616832833,1,99.09417228935013,10.0,0,0
72,0,福島県,21.17264581152772,147.10577745366857,218.9462899275832,52.0515835560064,37.83546336075248,0,85.75550901158928,10.0,0,0
41,0,北海道,24.31696011535066,135.52282829130033,64.85040968672402,54.40522890388802,6.183371857071274,0,100.78166290549962,10.0,0,0
50,0,北海道,12.855241391924038,77.1729606338139,30.238216914939294,44.12641308257429,2.285544817192067,0,108.76627258666987,10.0,0,0
61,0,北海道,30.020941525723455,115.34439846762555,124.47372823469472,40.655517789666874,32.48918160821684,0,95.0927715078327,3.053159022879088,0,1
57,0,福井県,21.721000549166092,94.1467981079083,64.30565529852112,41.281045825631175,10.697474992559968,0,76.54933819720364,10.0,0,0
40,1,北海道,21.42681372076399,118.80124729366659,95.35841131155644,41.41794764974035,33.31217190305775,1,71.50382668159318,10.0,0,0
72,0,福岡県,31.111581203389935,127.81210931493007,120.18321744250066,41.298099028858736,35.0562716767107,0,99.77792450923135,2.3559732690073307,0,1
71,0,岡山県,23.27830048810259,129.9421222216712,64.50771490941355,59.67900247659467,65.77125211998744,1,81.25284816414282,9.556195362630255,1,0
49,0,北海道,20.978622432916232,144.2283659290098,60.32657644499272,42.1112561963866,55.92655609525962,0,86.49166742397745,10.0,0,0
41,1,北海道,13.23998691325626,61.299244124515276,28.614087728460508,53.29998228382323,7.4728394686765,0,85.40179205971722,10.0,0,0
57,1,北海道,19.784764455660017,131.80087233260014,98.4637817907902,43.1591633538356,2.304361804024802,0,66.88037260553811,10.0,0,0
42,0,岐阜県,21.774268878295423,105.6811235872477,17.733709247678636,59.16704833571456,9.552690612991903,0,86.20189932442239,10.0,0,0
58,1,福岡県,17.332766757445107,82.651284441459,86.23421858963079,57.82302749769326,3.536954157584445,1,79.37858447371389,10.0,0,0
55,0,大阪府,21.86838907277644,132.48826909351504,80.52369818384977,52.9049666195805,20.442970038862462,0,110.6480910066135,10.0,0,0
74,0,京都府,16.621204968604996,120.56600091877334,105.06231990638396,41.33399985766944,5.856271904567634,0,91.98066254928871,10.0,0,0
43,0,沖縄県,25.13331178385295,120.48617728161024,90.78242978670099,41.91202610338394,20.140033979356996,0,89.76087956716874,10.0,0,0
63,1,愛知県,23.3839525362267,107.0995982458801,56.27124005336358,49.62129746639124,23.061030719588647,0,97.99665564009038,10.0,0,0
47,1,東京都,22.425255645823,128.93931191755755,89.68274435954586,65.70417720937103,9.739984472003865,1,84.82652001549043,10.0,0,0
45,0,岐阜県,21.92370386347742,82.51592669925611,52.047368137824705,41.547457297950665,9.09685234772579,0,100.70753559629352,10.0,0,0
55,1,北海道,20.649511586462047,108.141939534666,26.069861528255007,42.572092618874336,22.08438843118893,0,88.93580442160523,10.0,0,0
70,0,千葉県,17.478628579089424,97.89195850176044,66.87195141832838,42.29518285693804,1.1671801520777545,1,96.00222896471439,10.0,0,0
66,0,福岡県,22.376048327079648,117.36907232086102,135.42618144866748,41.670152385841384,27.216836089705485,1,90.87692973312605,10.0,0,0
49,0,北海道,23.35551903550358,108.04271680997479,175.04016816922447,40.084049777306525,6.355209446840522,0,90.89379556538924,10.0,0,0
43,1,北海道,22.99706494263738,96.86799820275806,59.709423053281185,42.992791941759336,52.43193315239213,0,99.65499878587137,10.0,0,0
45,1,北海道,23.7093987559129,123.87042243368549,44.37966895131368,41.184490199381244,12.123987564940425,1,108.1917094279889,10.0,0,0
47,1,和歌山県,26.45140344560761,100.34115435970382,103.20927276100163,57.79635648643784,44.748661697541664,0,87.49193542310356,10.0,0,0
50,0,北海道,27.3760591139886,116.76168546696634,78.85976099791576,33.038173490492476,6.660833933175546,0,90.14806980635382,10.0,0,0
40,1,愛知県,17.076075764757967,89.4629345349453,56.96418290819987,63.12450102655292,11.716265104143556,0,63.565734063053476,10.0,0,0
45,0,群馬県,27.96059046783836,132.08219133124527,178.34920167683097,42.176952513241204,18.566942932529376,0,87.86158836439283,10.0,0,0
65,1,福島県,16.882182710427436,103.94459531608452,126.19242657269274,40.85709393101552,6.750842679181906,0,82.75991500792121,10.0,0,0
72,0,北海道,21.502631370634784,112.3642270350171,115.4235335039137,31.890076933839943,16.714936114736943,0,95.75303414118743,10.0,0,0
71,1,神奈川県,22.930584978811186,135.57711673527976,91.26071612856592,58.870125773743304,11.700845165264525,0,82.93016693386461,10.0,0,0
46,1,北海道,25.846125378863533,158.99505285821542,73.880974239596,63.077056420530845,20.87810376506945,0,95.07929970654769,8.633750213973997,0,1
64,1,福井県,26.351510347064423,131.79585597772132,24.906464112699766,49.48787294490311,40.53651010769309,0,106.34567491705546,10.0,0,0
44,0,神奈川県,24.001569870152228,126.51981735142306,170.20000082417158,41.04981269161155,12.026617415182471,0,102.08577224128716,10.0,0,0
59,0,大阪府,19.88526371737543,139.09808347172756,341.15279915477225,40.66595540931422,6.751696388719458,0,90.78383739893357,10.0,0,0
61,0,滋賀県,19.82300738435871,98.16639998975793,119.5549433135248,58.49024121728998,22.118273471952865,1,81.71180115197869,10.0,0,0
52,0,北海道,22.735964846784444,131.70258261427958,103.58587775586918,42.2902808453399,21.75641816740855,0,85.21099849378591,10.0,0,0
59,1,愛知県,23.2730955642359,122.63683489406667,17.712896190478656,55.27403739083481,24.317149316011033,1,122.0554285822897,10.0,0,0
45,0,大阪府,25.87475456220068,134.3753303938047,92.6743314711242,45.38259660704806,8.652804689312303,0,60.40477966562808,10.0,0,0
59,0,愛知県,21.749626526125102,109.48534314813874,39.19040257612972,43.20395986289262,12.244125402419755,0,88.41998330579004,10.0,0,0
72,0,三重県,18.55878560671836,107.6763869136931,61.20446681912945,63.433203249182306,9.311751573557217,0,111.54440678341722,3.715458965910734,0,1
74,0,山口県,24.00467753201184,173.87200820549114,262.5351701337232,41.15098817523015,36.16263473937996,1,106.81235717198106,10.0,0,0
46,0,千葉県,27.580055453976502,147.7460777429049,95.18291970873963,51.91580895264781,8.355483890543269,1,81.662395848848,10.0,0,0
40,0,北海道,15.870608750389517,134.21758212088358,108.07766813862362,52.964831967379695,19.370308652022988,0,71.14954826353917,10.0,0,0
50,0,北海道,23.688299920505063,106.96058082722728,35.39958030513119,41.077630617852506,7.429857140335846,0,96.86082389936729,10.0,0,0
56,0,群馬県,17.080533425484834,107.56044315549177,88.8644048048569,40.48288023210192,7.244964824671924,1,80.29501450360183,10.0,0,0
53,1,神奈川県,25.933314511188264,117.76310504769194,98.030618701139,45.73131463483111,8.678892402914299,0,70.38303581137362,10.0,0,0
66,0,神奈川県,21.165485403644116,109.8594541697194,134.13826957805625,58.65032825013003,17.981943514426618,0,91.23407033314828,10.0,0,0
47,1,北海道,17.854549063175728,91.911172650096,31.858642748322044,41.45309777053934,5.560261896790236,0,93.91731562579592,10.0,0,0
59,1,北海道,27.046098043784784,140.52570585091593,43.48509990993867,51.83133780275853,8.264045144854352,1,96.17425355097996,10.0,0,0
66,0,沖縄県,18.227126530892868,121.24926891994077,102.291080936554,41.30199801035895,30.82962421622813,0,85.55679007653899,10.0,0,0
44,0,静岡県,18.59590062219262,63.94818975385896,100.3153254934034,41.61832022295452,15.339137421719595,0,75.82625826834659,10.0,0,0
46,1,福岡県,21.3018740030992,129.03722750710835,100.85404194988196,35.52356548027773,13.729671464461033,0,99.72428588199487,10.0,0,0
46,1,長野県,18.11542944589603,83.20479548457128,25.038985192112666,51.03461637413195,14.278043062875238,0,88.65690973117327,10.0,0,0
54,0,滋賀県,24.671217817216426,158.6378961305178,103.79634151646295,41.06584169872041,2.6595446746913667,0,81.92124616280387,10.0,0,0
46,0,北海道,23.493333130481943,134.34665244368094,61.72295202303324,65.32198744535015,22.404551458804697,1,113.50688815630592,10.0,0,0
44,0,北海道,23.91771398886922,103.47966912739064,113.12373283265525,42.105147890236445,3.8685104941463195,0,65.44802468213395,10.0,0,0
70,1,北海道,15.983618867390604,147.10882763737857,23.40470208964314,41.93276349124779,8.645424501721491,0,80.9106008438797,10.0,0,0
