age,sex,prefecture,BMI,SBP,TG,HDL,ALT,smoking,FPG,time,onset,death
46,1,埼玉県,22.985033275127307,129.746770873242,97.16124682217446,41.832750283047055,18.82147795892262,0,108.39015001965029,10.0,0,0
74,0,岩手県,26.26984951500049,103.68758669422198,207.86495104478766,58.16684236457931,32.446062588756305,0,106.0842817422349,10.0,0,0
52,0,埼玉県,22.14547760342601,124.92790058024522,54.604368454357726,40.81449674737251,3.460173410641112,0,71.23069609765759,10.0,0,0
44,1,千葉県,25.656468694728602,133.08656291386436,31.557096488840887,41.174581390371706,11.171881985290216,0,91.2854567820077,10.0,0,0
54,1,千葉県,23.118071036035147,156.04715211979342,96.36621570882674,41.872745236230685,7.247082614975662,1,90.84749686840175,10.0,0,0
70,0,奈良県,25.773075990281143,135.0336603314985,190.10859433620976,41.64483648849072,20.769128319411287,0,93.75423174398131,10.0,0,0
67,1,秋田県,16.639005960137936,118.1018066798993,125.86458706961618,41.391796782898645,16.948447618866478,0,106.13159816166804,5.162358120100823,0,1
52,1,千葉県,25.344445783327423,82.35343869693537,52.53261488939813,41.21424371547767,7.965071354900499,0,81.8955614279479,10.0,0,0
47,1,長崎県,27.445595834367914,147.04127396910576,37.58756177296082,41.202691567023685,26.46094350593617,0,85.25938928230657,10.0,0,0
48,0,千葉県,26.322637772750284,112.89234408393958,112.15495723651055,41.7908114487832,16.84485840451058,0,120.55853268054173,10.0,0,0
43,1,長野県,17.40471954192701,101.42375790548513,42.66723995358466,41.80981372001275,53.48796934615606,0,72.23470061725706,10.0,0,0
61,0,兵庫県,21.621760804673208,122.74020511723873,64.28484953409537,41.438135428243285,24.614148814880586,0,102.14434978134148,10.0,0,0
69,0,奈良県,16.93033320557529,144.12440469940432,63.038191992381755,41.93709950276067,7.224438396131257,0,96.69113462797577,10.0,0,0
42,1,千葉県,24.86126773507043,90.78842887113383,66.62222562120215,41.49482106911883,32.35449719090637,0,65.04800366195789,10.0,0,0
43,0,神奈川県,29.76994121543973,94.1443748964207,37.235969608243,41.20226881708898,20.648276545818085,0,48.40177218449749,10.0,0,0
43,0,千葉県,23.548998079818688,103.422689934227,77.26918052733929,41.73646970452078,5.834814582011393,0,74.6748605307379,10.0,0,0
47,1,愛知県,29.53267944619881,115.67935186216937,117.19168052771643,42.18788381716272,6.205304191787514,0,73.9975641031848,10.0,0,0
49,0,神奈川県,18.49694918282036,92.06527056974411,56.87505956064837,41.77796574241864,14.483008051993767,0,60.07022064325599,10.0,0,0
74,0,東京都,23.63294030868227,150.80565195537307,53.49439286135609,49.465984586366744,45.974205156098186,0,87.65787931860989,5.194081464939821,0,1
57,0,東京都,20.934300758444213,153.14175105786552,181.48027881019226,43.073952440913885,4.319611773337933,0,73.0606842029722,10.0,0,0
67,0,千葉県,28.652857028521925,111.52366015949616,69.63318838099096,40.837210442280316,8.877020147078126,0,98.95197587313457,0.008095218395918645,0,1
73,1,千葉県,20.05175599256282,122.8293061501176,31.284488645716415,56.70941022371662,17.679147339770555,1,100.1026937549857,10.0,0,0
52,1,千葉県,26.357813468560796,136.29437205656245,178.5628605330951,41.16119883512318,13.82958350521311,0,67.65290489913839,10.0,0,0
58,0,千葉県,24.211151283280202,133.87966795519395,81.47407980316194,41.92369342625317,14.478387511945796,0,76.87468407373085,10.0,0,0
42,1,大分県,31.9806309934135,140.19615798956522,100.02288732422635,41.1230532594893,9.796297956300217,0,101.79981606103176,10.0,0,0
42,0,千葉県,21.886878189010606,112.70440707305592,60.82970686011245,41.02811113683705,20.96455538614379,1,99.83559312497965,10.0,0,0
57,0,東京都,21.476708960844558,160.58040140420465,86.2354108177504,41.78305163034632,2.727819616487237,0,79.04618969315926,10.0,0,0
44,0,埼玉県,27.3287207944855,119.71212184903663,144.4260978977825,41.64554692821188,16.006008284849873,0,84.69263529165168,10.0,0,0
47,0,栃木県,24.50610187985466,128.10135282405943,209.66948719729578,55.41119166354307,13.66658030093029,1,114.52626588648403,10.0,0,0
61,1,千葉県,26.234429549102813,100.87283148147709,80.47635593387906,41.687104567890785,17.88590366728249,0,79.68989467068523,10.0,0,0
48,1,千葉県,22.0912541127049,102.45420699534371,93.80711584797889,56.41443111234649,31.501959091745896,0,84.28482631921024,10.0,0,0
71,0,埼玉県,22.05616459714312,122.59887630756582,41.64294499885974,53.4263040691066,3.778152716837441,0,83.13966840284324,10.0,0,0
50,1,東京都,22.14555307179367,123.13810168565004,104.82015474108353,56.96795046160066,32.674357028617045,0,121.26235678649867,2.8426136872286043,1,0
55,1,鳥取県,27.087779717460855,120.15176903281169,97.39081652434622,68.53736329836468,29.651586545820376,0,100.64386944316335,10.0,0,0
60,0,愛知県,16.93864760187276,95.20302982342788,14.104313846680073,41.57732100319271,1.7577140242852431,0,95.58375110525844,10.0,0,0
54,1,東京都,25.720476964024037,116.74055857157568,70.85472708041388,41.457431794133164,12.685056945886771,0,99.98886406028609,10.0,0,0
43,0,神奈川県,22.543880377732073,120.69613092011807,76.76557841784397,42.55300629702372,54.04860147976611,0,75.20517296124781,10.0,0,0
44,0,千葉県,24.086801818472246,83.39511882105191,62.21536158938685,42.30311519889152,18.33480983664271,0,123.90469424342454,10.0,0,0
46,1,宮崎県,25.19562005084962,152.37669774746604,113.92541748945051,40.7365245462182,6.133455795296296,0,98.60851374791048,10.0,0,0
45,1,千葉県,17.912265348138984,76.49756856564137,33.42322335494636,41.29779731462568,3.215674829191485,0,66.52436449211835,10.0,0,0
69,1,岡山県,20.28005677330258,104.6752344930874,129.04621595328976,41.82306372085285,30.405690610271794,0,106.52735839315517,10.0,0,0
44,0,東京都,30.84780013313095,148.55168981346813,97.03435856185015,42.43979127281089,12.020425258304043,0,107.64308459453062,10.0,0,0
74,0,東京都,19.916813386722964,110.74065942522282,45.336531398288905,62.66036211105616,21.21784602369203,0,78.19264440753074,10.0,0,0
65,1,千葉県,17.425362523153975,140.4724929105211,106.5154582777625,55.623324670983024,5.868542796905172,1,108.1022223631414,10.0,0,0
61,0,兵庫県,30.785619337647375,134.9479657302924,197.20630687191422,40.68814341430008,29.796383173232073,1,104.25646995803838,10.0,0,0
50,0,福岡県,17.70318797442948,95.10466993052181,36.756981036794166,41.82530855392658,4.9785046666475745,0,81.22782128059852,10.0,0,0
71,0,東京都,24.51102029947654,177.35314850783746,97.0502238235107,53.29855799696062,11.970338598110668,0,100.18934618965706,10.0,0,0
48,1,埼玉県,22.634836345951904,103.95127286934417,86.54510896494463,40.52669032731422,4.420186293943013,0,73.72478904357332,10.0,0,0
71,1,山口県,27.38840774125575,139.89600835353843,185.26241629274858,55.96590525638568,71.35165317519913,0,97.42847555529768,10.0,0,0
53,0,静岡県,21.711169525960486,118.60918994824556,62.54705220728969,40.449702851006194,11.538635534701775,0,97.70300353556632,10.0,0,0
52,0,東京都,19.044994802400574,80.63240897284325,32.04367123529084,40.90546193830864,1.278662343916866,1,60.946677105459806,10.0,0,0
70,1,千葉県,29.37428325063297,138.16749232121595,283.0993354464765,42.31701486830526,13.010641478159565,0,110.55465808886883,10.0,0,0
57,1,熊本県,24.052917718326306,111.27344149415244,77.98515016216443,41.33645159810965,12.121067838424507,0,94.71108305497576,10.0,0,0
41,1,千葉県,19.685328868911075,140.06528585960248,59.26561128382138,42.45329055131754,16.46585519181465,0,75.74826473032375,10.0,0,0
51,0,佐賀県,20.46118579528563,120.68214849710684,256.43876594384045,41.43634015930593,12.699165115507972,0,96.97692010915621,10.0,0,0
60,0,千葉県,22.663509345280552,124.7277231797322,34.79973822980772,41.926191562978715,19.498222138202614,1,92.87178805907574,10.0,0,0
65,0,茨城県,22.839264812562554,165.29536257939583,97.9614902707306,54.29021750094807,17.734535372346052,0,123.32517200001782,3.166884062961174,1,0
47,0,千葉県,24.153747841049054,117.34599392228722,115.25214279970918,40.791928593660174,17.359877541903842,0,102.14089686396673,10.0,0,0
54,0,千葉県,22.292253582177597,123.46166042752226,105.34401904925903,40.945196110552104,10.805595895209208,0,102.2833381871524,8.380393206192014,1,0
40,1,東京都,20.416558279216336,120.1793669541226,61.88861086765198,42.22734485460311,17.290236588576445,1,86.70689607237898,10.0,0,0
40,1,東京都,25.101373726539393,119.38119516042374,48.58527853872495,41.11773134185045,1.9422040071650757,0,64.391646945441,10.0,0,0
44,1,千葉県,23.34740994640299,128.12553733472603,92.67410211401143,41.548421088851924,7.312401149733487,1,107.09832568154451,10.0,0,0
54,1,熊本県,27.73305341356132,139.55780538985167,84.82518569927979,42.647233863904795,37.37194178018407,0,77.43477674862835,10.0,0,0
42,0,東京都,22.2968324827405,120.72374772598522,253.60830675499554,41.23132142695213,23.601114486098794,0,90.64466676431141,10.0,0,0
54,0,千葉県,23.62373078891857,138.5834918895509,96.17293476530445,42.89292273311124,27.747094167326427,0,86.13453294100135,10.0,0,0
71,0,奈良県,32.02411599593119,120.12451404663913,50.35961833015599,57.8012553863098,11.978246443177405,0,106.79972084798473,10.0,0,0
56,0,千葉県,23.96228777056209,109.77390552277677,130.21918758985268,40.695108610174614,9.63987291991055,1,123.74645700351881,3.860237352624332,1,0
64,1,和歌山県,18.058904731207065,124.07139740847549,174.99422676596586,48.582247941752904,5.007466917294417,0,86.45458200573428,10.0,0,0
57,1,神奈川県,23.24883392958437,115.98244071008139,100.0560098314349,51.30827785347885,43.019039543815936,0,105.45182181568164,10.0,0,0
62,0,千葉県,29.938081242763186,114.28407447218017,162.80803298165657,36.331441347076805,28.075202846266492,0,99.87868206570859,10.0,0,0
74,0,岡山県,31.514071419953034,134.76207355913974,149.68842296286633,41.742949152407824,56.17395730044387,0,124.04883256488195,7.232620921677473,1,0
44,0,東京都,20.415345286567707,111.12586625077724,56.84790783804159,40.69025327419948,26.11439091587332,1,91.89125799041639,10.0,0,0
72,0,新潟県,24.95630132366012,109.78232787161355,236.69694127744552,43.22140245140847,30.626425323235857,0,112.73206366242174,9.429353447793266,0,1
45,1,千葉県,23.1651019979216,118.02828851229329,81.52346093615348,40.834200422455986,12.3586115736582,1,79.6548511448479,10.0,0,0
65,1,兵庫県,23.63029393505522,89.44736543802851,64.45965251693626,42.05267466713244,31.409627512455025,0,104.23709919075162,10.0,0,0
55,1,千葉県,23.59089196899013,114.63221059918939,405.5194549872393,41.44903195205072,47.521378212382146,0,111.99877933838731,4.629099210278721,1,0
57,1,千葉県,23.553957323537347,118.43507695152088,112.18423687550592,38.99504159014254,12.98491827904789,0,119.67574198483477,10.0,0,0
49,1,香川県,20.554156819173585,131.65788938947384,21.3872974920575,56.435435504628636,46.402842358550295,0,107.43155270737222,10.0,0,0
41,1,千葉県,23.7945833223644,121.48283512398056,69.20031976109848,41.443613898021326,14.480674094000832,0,98.31183218138862,10.0,0,0
53,1,大阪府,20.01567869686307,113.91469999250242,88.4287533284249,41.42233405808015,11.642469835215726,0,76.80903007539006,10.0,0,0
49,1,千葉県,27.4048657425849,120.91312035239892,38.6911183708291,55.13591591813089,39.37042469291199,0,79.945544243763,2.640894357711949,1,0
42,1,千葉県,23.08192226996732,119.68178614637057,88.52021928714485,42.09896383937222,35.88152378102129,0,108.01020777308115,10.0,0,0
54,1,東京都,22.846682593849536,118.72641346119427,20.94141847629626,64.62252622446256,8.106810274892057,1,87.24363391903661,10.0,0,0
53,0,宮崎県,18.243227058791614,123.34177655196274,43.061571812798775,55.870943633742016,26.58349967665811,0,119.94622913463213,10.0,0,0
40,1,群馬県,19.794270565130468,106.5349722312761,53.33079796456341,41.887090193149604,6.870084184187245,1,74.85064053529992,10.0,0,0
54,0,島根県,13.948901284555625,98.38104112847768,75.16541583772405,42.067520709239396,6.07440120158671,1,90.16769686739397,10.0,0,0
52,1,東京都,19.573014074349814,94.59262940515805,38.94522892510425,46.36060392412505,21.10646730824351,0,75.82236539673181,10.0,0,0
65,1,大分県,31.991540214637354,139.71930716555192,249.26634187449554,61.72243460324273,22.98460970850621,0,78.57517615733174,10.0,0,0
47,0,岩手県,23.91946589601334,119.30414011811857,53.164834369394974,59.015848650522116,5.26058188267524,0,112.73556488478727,10.0,0,0
70,1,神奈川県,20.395418025550317,128.03498223738274,97.0206736843485,41.380565422851085,4.380060172471754,0,98.47240741078758,10.0,0,0
65,0,千葉県,22.666259524117375,109.15656225060681,136.59780812331633,40.786909225014604,20.47376554699848,0,77.61495814935509,10.0,0,0
68,1,北海道,24.181082278683032,101.5585678108136,283.97625342499765,42.85087811045091,58.91384497804084,1,101.92434053243194,10.0,0,0
59,0,千葉県,19.731550380154513,117.13919801799582,63.82930855261512,41.04418149968015,2.814883717955773,0,109.87408351000283,10.0,0,0
70,0,愛知県,19.818267542947044,118.8270565334399,100.71202926482763,56.5946217721448,9.832965329346038,0,100.04404857927518,1.3237948487963587,0,1
41,0,三重県,20.55589072641921,110.07303216536354,60.46989868202076,41.890722338154305,4.335797421404068,0,99.41938482778298,10.0,0,0
47,1,大阪府,19.736854286001446,98.07099883778828,56.54840243307131,41.15982141342845,5.677664414230165,0,76.50561829139542,10.0,0,0
47,0,大阪府,24.102429520394974,131.46729374348322,71.72891054790153,68.4414892724879,30.92765102433905,0,93.92784187540289,10.0,0,0
52,1,愛知県,18.07502602721172,108.58021116022582,51.34028085635598,46.513230071083015,9.353028696356223,1,77.31478471503006,10.0,0,0
60,1,千葉県,25.010698968275275,123.17396864223208,81.14218234451981,48.135976230123276,6.019643965469482,0,83.97188662492954,2.3387063005416424,1,0
73,0,愛知県,24.14190614645857,151.60248783843122,62.59344813470867,42.01684330170346,8.03177026509059,0,88.6261874863419,10.0,0,0
45,0,千葉県,24.27094382589243,125.00157320499399,74.91614511318438,40.980780404926826,5.124502289909001,0,86.03307617210271,10.0,0,0
70,0,愛媛県,19.039726733012735,112.39989365305085,96.75697358147539,41.386233467202025,3.0799715278557387,0,78.70329202542547,10.0,0,0
45,1,千葉県,24.682117657006547,116.1897521751725,129.05354109802175,42.240913849390715,49.031241029259704,0,114.78899897724843,10.0,0,0
53,0,熊本県,19.89779889731492,117.94063271271656,179.8648626360266,41.60589502312224,30.24862241409432,0,103.02195359449269,10.0,0,0
53,0,千葉県,23.740074071563733,143.9650020870377,76.46249917085686,52.964482650567575,10.74643814682869,0,90.1499820802607,10.0,0,0
66,1,愛知県,26.43002124762785,143.27537622442838,49.67526021729804,41.30920491865173,3.390687699921375,0,103.08071874413052,10.0,0,0
56,0,青森県,25.00089560001408,137.13264059838505,63.59112149112546,42.11035097857899,3.1296930940116643,1,79.92076274115476,10.0,0,0
71,0,千葉県,24.902545692138915,139.63137525014534,53.99790129647411,60.928487918820764,20.771876882375214,0,77.30578701134411,0.23346209089583822,0,1
44,0,神奈川県,18.494424349765197,111.27440676995808,85.31981395387638,56.16156814933529,8.26044231460147,0,72.23965525306504,2.73844532013778,0,1
72,1,福岡県,25.379227628088902,109.49774054464288,52.887532130954455,57.823378725150036,14.56987746336933,0,90.78165588444611,6.1864891814209795,0,1
74,1,東京都,26.446435786638244,132.0189864539973,254.78822212949368,64.51058186907402,13.600292420289987,0,99.94449056574196,1.3812753607203174,1,0
44,0,千葉県,22.429016046641184,106.44991656317394,552.8421997636478,39.89315675360524,19.539765237492688,0,92.39814100134859,6.512286595883216,1,0
52,0,鹿児島県,26.664810102561596,129.72967829113978,165.45880525217132,41.819283706541846,52.75009516069172,0,107.9449939134076,6.3219292858243925,1,0
67,0,長崎県,20.27702544445801,125.0595637623205,102.11568066960118,41.380665120528796,26.067241260569002,0,82.89805527145413,10.0,0,0
62,0,千葉県,18.380682096957926,135.4363346687257,54.8858597491061,42.94857486867321,15.248565556509593,0,91.38911307060073,10.0,0,0
44,0,東京都,23.966790609190355,119.22785834392846,92.75863558733829,54.11694062357162,8.763835636254951,0,100.38401915897556,10.0,0,0
50,1,東京都,23.082071900722774,119.35617597261765,43.242083400099716,41.356250286313276,11.894498446114138,0,106.22283703246023,10.0,0,0
40,1,千葉県,25.27307033962937,104.23717279686545,60.39823539594307,63.36693188246592,8.96590482351366,0,87.7605738111473,10.0,0,0
67,0,千葉県,24.71727039441993,124.4087153886496,88.99892672446363,43.50680136690963,14.976410276795283,0,90.1934577346478,10.0,0,0
67,1,神奈川県,27.422789128962048,136.35991625790433,101.34247887059558,41.79978627701128,10.696778806078104,0,100.3181680843395,10.0,0,0
44,0,千葉県,24.386865664096355,101.2836719148832,91.40148331702446,42.187381651710346,46.29334034283613,0,77.32251488869125,10.0,0,0
53,0,東京都,23.083352687018767,118.70165957617536,135.94052858904223,41.33311925842355,10.023576344240618,0,92.67930824549231,9.204975361049456,0,1
48,0,長崎県,23.60313609866581,121.1047180079615,63.36041784460806,53.825754688428475,20.501792166364787,0,108.33869514639727,10.0,0,0
54,1,東京都,22.61343607921047,98.26001692824728,25.114731081459663,50.469262575930266,24.56165956836759,0,94.88918370247121,10.0,0,0
54,0,千葉県,19.130865454018817,92.48985916754548,76.99625055016814,52.98480965087234,18.706514004441324,1,99.39670427250675,10.0,0,0
72,1,京都府,18.759181874799513,102.6192734370434,36.35291801870264,41.50283194505884,9.031587785840596,0,81.96081138528207,10.0,0,0
65,0,千葉県,30.874383008706317,164.08711962599307,223.24308515490162,41.23461906751522,29.841589948717637,0,119.19450033410637,10.0,0,0
63,0,愛知県,22.83506713555882,100.8092737986961,554.9459205443318,41.836103995493396,30.57970153735095,0,83.16002257231916,5.655028069728434,0,1
74,0,千葉県,16.688722546028092,91.60654567495105,139.32860945305364,64.87554273661041,22.731813579087216,1,100.07941033143742,10.0,0,0
49,1,秋田県,21.06519822091932,124.7116413559382,25.873541773699664,61.20582808858019,11.492013711785486,0,77.38761342793887,10.0,0,0
69,0,茨城県,25.586403156883634,118.837324092357,68.36986665446852,41.8511713701058,15.246287558461344,0,110.7722218638041,7.483364600631967,1,0
46,1,千葉県,20.08152068674279,110.06306042692997,86.57672722864272,42.057861458892404,6.878128646005811,0,84.9893046477137,6.395721332003717,0,1
54,0,千葉県,18.47332923489229,100.85926041352099,82.15826927224711,41.88756315117149,19.013497963263113,0,90.09093464275614,10.0,0,0
54,1,千葉県,28.703246592174676,146.99049835322245,130.7389747942631,56.60576221924903,47.49826994361398,0,93.66970535439737,7.920379558435005,0,1
41,0,愛知県,20.492861306230882,116.9424898149394,38.87417405706729,41.39386668704315,4.197834465955173,1,64.54381433328233,10.0,0,0
61,1,山口県,27.949465501010092,143.54565950113422,159.54128944553977,40.56359695608146,6.824115154106265,1,100.0,4.729426241313638,0,1
54,0,岩手県,26.670065530116737,107.47161222972342,74.94669562285137,59.87138353950298,11.490725582368496,0,111.14352527831308,10.0,0,0
55,1,千葉県,21.534722743746833,119.04593526521967,52.92083165669035,55.88577891628352,3.7823804614008996,1,91.70740411788346,10.0,0,0
64,0,福岡県,23.63328537356344,130.55882977018686,160.91457833277838,58.17855468050281,5.972032932144349,0,100.19744074897864,10.0,0,0
64,1,千葉県,20.071474121784412,145.80478507469735,190.068289772313,41.174204851270176,14.780094403380003,0,85.16083641018574,10.0,0,0
50,1,沖縄県,18.20961618751548,120.71728562069168,51.76046408445036,41.38880951335411,5.793387527990423,0,80.61651890819618,10.0,0,0
52,0,千葉県,20.07233297580396,113.8496045619613,138.40786923771785,41.18689177082014,16.46090503182516,0,92.51649028081229,2.2774278404480643,1,0
48,1,千葉県,17.892415691726697,113.58222334395681,197.85135844412346,42.93598846598015,9.311270238891456,1,120.69590486001368,1.8933779350034718,1,0
53,0,神奈川県,22.475472645292573,117.21579356964382,180.1194473272614,56.95675268955442,12.697463602409181,0,82.8999007797946,5.8344232423180316,1,0
63,1,千葉県,21.35607867610383,140.98445689279927,120.55684817390721,47.0096698834047,25.71659156345222,0,97.31988406524474,10.0,0,0
46,1,千葉県,23.35433542613793,123.6368702102465,57.115924461248184,42.79754230264757,10.79524295956943,1,101.9122564477075,10.0,0,0
45,0,神奈川県,19.982191770799417,129.31608436204763,58.32002212972952,42.099675272359846,4.159021353321868,0,85.90844732865081,10.0,0,0
58,1,千葉県,26.58443058855903,144.6312554985493,50.093493853529374,45.14717575930158,4.197212219995125,0,121.74980416253266,10.0,0,0
40,0,千葉県,27.47923684256649,89.23790010787907,51.906648494244685,41.125295010080976,12.43478984802143,0,85.86709455986664,0.2625055510840182,1,0
71,1,熊本県,20.791369208373776,122.20447008673351,275.70606451601026,50.036213564436935,31.394372746667926,0,72.63324164881337,10.0,0,0
74,1,高知県,27.262827150778733,138.51042554106016,312.33972206788354,42.0190967092421,28.43009088275635,0,83.94136176688842,10.0,0,0
60,1,熊本県,20.23200343370435,141.93997901743103,145.3155182675751,42.31805355453719,62.34582860828737,1,94.43742296662789,3.699363300631412,1,0
54,1,大阪府,22.395171778788455,102.66646553958998,169.01414546905843,54.057726762157266,9.339300171018401,0,106.87621503390334,1.9364620301779527,1,0
40,0,兵庫県,33.300163655246955,118.81807697541788,98.29785064633246,41.30197727144842,49.13964660857233,0,93.95383404851475,10.0,0,0
66,0,愛知県,27.135408191524174,156.99947041940655,190.14618783253982,56.19162512270347,119.37695408552773,1,104.43095540749226,5.9273738957637985,1,0
47,1,東京都,25.76750560876417,119.6002404910379,249.28181798705677,40.71901866911444,27.15728072024043,0,90.12750836263731,10.0,0,0
72,1,千葉県,24.358522355803444,160.5774152352331,109.2231812447713,40.39155630579369,4.9330816867597695,0,83.45514600139893,10.0,0,0
48,0,大阪府,24.183093519646444,119.61685253289247,208.64065160772583,46.44284781556094,72.78156780116583,1,97.31442390420632,10.0,0,0
40,0,奈良県,27.23578677690671,123.46653357049433,70.94569242647675,50.499945982425935,16.757078525567284,0,84.49391765844872,8.120359616916259,0,1
60,1,東京都,22.54789031783689,134.87810494016244,55.03574286605663,52.230373315473614,17.384937397998065,0,85.87685527748532,10.0,0,0
63,1,愛知県,28.138109968848497,136.33656020035357,205.26275629653358,41.533751135374445,14.236389191236224,0,107.22092477388425,1.7295628824828615,1,0
41,1,千葉県,25.412380444993392,142.9762749091084,136.07255128891615,41.85606242337431,30.210978964987913,1,96.72775060681711,10.0,0,0
61,0,大阪府,27.996873922145834,148.47964287156273,92.72026477015699,40.69823415874582,15.045699710342921,0,79.69474236939571,10.0,0,0
47,1,千葉県,24.844135648945283,116.39332532783514,177.3172967281568,40.62133043213181,19.84056288409485,0,97.70005706636,10.0,0,0
55,0,北海道,23.605697351593218,132.41641931183844,100.7068688697178,61.28162370454971,17.972762056012765,0,115.28422179235105,10.0,0,0
43,0,千葉県,26.590308593234017,125.42190800842224,41.04340217605327,52.22758114772839,6.074782972884143,1,102.11735309300367,10.0,0,0
45,0,千葉県,22.94028881525961,99.95986585731583,136.6997434940387,41.38929117754531,13.825666154053057,0,100.01891593060314,10.0,0,0
67,1,東京都,20.64528198675914,112.91688213269273,51.71657118847993,42.034075445706755,4.216754738983602,0,71.63834313433328,10.0,0,0
40,1,千葉県,20.86691968227644,100.91757790533353,23.029929646944463,56.929901535934604,18.078485157521786,1,89.92429717320049,10.0,0,0
54,1,栃木県,32.37778023516799,139.51315273762233,174.52281823394347,41.45791310220157,32.02581941782022,0,92.73257734010423,10.0,0,0
43,0,福岡県,28.79638689786472,118.96264807695664,90.06297492084462,42.351246798516776,17.440659629273892,1,97.35643894915674,10.0,0,0
74,1,福岡県,17.72649140576325,102.08773062427322,51.658695807057875,42.67249719725387,4.866235607013831,0,59.622213940753,10.0,0,0
69,1,千葉県,24.146889870616185,129.19787666507463,175.03851201357884,39.66978777610331,25.879911176019167,0,89.85011460125433,10.0,0,0
42,0,東京都,24.717519821094925,105.15742401194764,130.20588545215477,40.64399906461946,46.896243052877736,0,91.2655856921728,10.0,0,0
43,0,北海道,25.311902744407604,116.74031707549082,130.34481568247963,42.46171827993832,20.68390801526919,0,90.68780490006158,10.0,0,0
58,0,神奈川県,17.740462037552337,124.59804912026298,60.37258237045211,41.102830385697125,17.34198095344035,0,80.57839369078077,10.0,0,0
49,1,愛知県,21.245399053005382,112.8882820070477,127.15043909469928,56.33012593270463,35.92872156970536,0,86.76389233488887,10.0,0,0
49,0,千葉県,29.26911330076658,110.23329443266408,88.74370956629676,54.65176876991074,17.84868940986271,0,86.478150063436,10.0,0,0
49,0,東京都,24.8344745233285,101.42878841390298,22.68224386704421,41.80981927022375,6.426136919133325,0,75.30132019202622,10.0,0,0
40,0,千葉県,29.29353364745424,119.15037296117102,63.45477367709568,72.72790661865447,7.567521420745696,0,82.21473296435076,10.0,0,0
58,1,愛知県,18.97168374889149,131.42499709916555,70.21119449943288,41.32782105667141,2.098009483092045,0,83.83219377323495,10.0,0,0
74,0,神奈川県,27.398685715682983,148.4895644533676,77.96073251715488,54.90245777747938,19.984777838990322,0,96.33717554886265,10.0,0,0
56,0,千葉県,27.112656840814388,161.43089954680332,249.23577583788688,59.880582801918486,30.348653846767817,0,100.66821686005187,3.02966555215284,1,0
63,0,東京都,18.202503762590435,121.07935319921043,37.19729831640091,41.51883347562248,1.1255393536909715,0,75.28819971195504,10.0,0,0
43,0,千葉県,22.763484571730793,128.1822652136172,68.12034503451308,41.90765233564909,7.348008682685586,0,88.08495119028092,8.731722400602793,1,0
54,0,長野県,22.510971339680008,130.83456832706088,216.63584697246512,62.71429335762297,30.56701972638751,0,83.33099023945626,10.0,0,0
45,1,熊本県,21.827158037994387,145.00636002881367,52.797882015592236,56.343022078428945,22.794223984788182,0,112.52093049346585,10.0,0,0
67,0,宮崎県,33.35217450167574,129.293773310282,89.02721058958016,40.98020423051446,37.54356731945547,0,92.53740525649428,10.0,0,0
56,0,宮城県,19.044710862803544,105.72150579006754,95.42768253234365,53.61970927233268,9.73677743030969,0,92.09492380017535,10.0,0,0
47,1,千葉県,22.99552145910494,113.00561654511571,203.45700156156002,53.79849956279556,49.70581161218124,0,93.94685694519099,10.0,0,0
61,1,青森県,26.378533904298173,139.8400355398724,99.03198066332817,41.8204361286656,31.0590016738493,0,93.79850295201194,7.500573060245742,1,0
70,0,長野県,20.799999346746016,141.23600659208668,76.68633371609863,60.890098475491655,25.745195365993137,0,114.3605071025597,4.1796835618090284,1,0
59,0,鹿児島県,19.7972465462966,104.70466184474498,37.31077583078571,42.06325151184839,3.181407943186085,0,85.63626107710269,10.0,0,0
52,1,千葉県,23.101098510731536,129.74672966853316,149.88370317251363,48.53098855537785,24.639747604412978,0,73.08003708457383,1.368155230876973,1,0
63,0,千葉県,24.665323547788248,142.6671485524013,182.93948405506464,63.31760412916562,35.52817786167906,1,108.4108923008594,10.0,0,0
74,0,千葉県,26.60058938839463,154.4711974451225,414.5443787076688,41.25471120520974,53.03355125945454,0,92.91980340451889,10.0,0,0
68,1,群馬県,23.068749943865562,122.3456935569508,92.76716517774122,41.64286568269135,23.639193701569884,0,92.42029551811272,10.0,0,0
44,1,神奈川県,22.367922264496805,129.74641911200757,67.3978397367877,59.92323441857698,3.583367609637646,0,86.9694363501784,10.0,0,0
42,1,大阪府,19.871343471570952,107.52267525998906,120.6980275756266,45.1675323171412,42.74019450386465,0,104.17168522020314,10.0,0,0
47,1,大阪府,19.167386281466033,136.2926107228901,56.05122441446168,59.04741217657512,11.50790502838033,0,124.93795334503874,10.0,0,0
58,0,青森県,23.6187732570118,156.07009542105953,315.63515145453414,77.6106546398091,81.46594296337067,0,95.63642003034646,2.756594242518538,1,0
68,0,埼玉県,14.052458795839062,110.61964454423708,30.94626855525745,54.98386898897094,17.445217619293075,0,102.10844907898787,10.0,0,0
54,0,奈良県,21.89893705565418,136.37491411880634,75.16498776455721,41.75583901804822,6.773039323302994,0,111.81144497662989,10.0,0,0
59,1,静岡県,28.287604739465078,129.09936548021642,159.55434700183255,42.193919297972904,7.847652145226521,0,86.37749344160115,10.0,0,0
48,0,千葉県,20.50785446729481,112.43382416526171,50.2355580244969,37.83394062130281,5.94154645849759,0,102.00333572308509,10.0,0,0
53,1,愛知県,22.31197579388995,104.53553272849955,132.8561309786594,48.35324219078326,16.033490237046927,0,110.80645424529595,10.0,0,0
49,0,千葉県,24.40198004352896,94.74798038822564,77.19543645925751,53.87116687460966,15.016995329871461,0,86.3505910537912,10.0,0,0
73,1,新潟県,18.768744460164235,150.12450592867225,185.40127768961915,41.72202389630838,10.91916493198675,0,100.09804470426472,10.0,0,0
53,1,福岡県,22.536065165188692,117.18108885040884,158.02116565090515,56.59555908361539,37.47602312541644,0,101.9811835869602,8.872107472722636,1,0
64,0,大阪府,28.19435618561888,120.52994502390997,163.9111413918219,40.21783630350495,30.379114309538707,0,93.72291069875568,10.0,0,0
40,0,奈良県,24.249678222743835,88.03824430432563,110.76728613920508,41.63130867278479,17.291612400478176,0,74.82573585188675,8.548401624682201,1,0
57,1,栃木県,22.980281916630748,117.95552094465702,86.29358591502493,41.156820008487976,17.97391400733316,0,98.98093769889937,3.0941625271117426,0,1
56,1,埼玉県,21.442466163428985,134.06139102259417,157.9862641444012,43.219949565091596,10.31861742988015,0,102.74561803201728,10.0,0,0
40,0,東京都,25.736618287681317,107.32274761725903,103.75391293850159,41.37019970204504,46.48270388436381,0,120.68551159190942,10.0,0,0
40,1,神奈川県,25.03715252436517,124.40746776614314,34.774961368400454,53.93385425083765,31.124394822324618,1,87.32517271881967,10.0,0,0
49,1,山口県,31.24922979277061,142.52737458660434,127.10368721145112,37.8184636495484,22.128093397542532,0,75.67710031324293,10.0,0,0
73,1,静岡県,17.868452166060358,115.00141838856737,111.50514305057983,41.23443342762212,3.5518508739948764,0,85.99006828526974,4.627105081375581,1,0
63,1,広島県,29.728272537772092,150.01024967046922,113.47518236413103,41.68831986755943,4.542589760602922,1,119.04619971507606,6.393398399918114,0,1
42,0,愛知県,23.822013086061794,130.67869218812075,320.26250482486125,46.7566244155365,23.284564261690488,0,94.05548041228656,10.0,0,0
59,0,千葉県,21.731672709496944,158.95886594397362,126.31964458968173,46.07237568731214,12.561952802687784,0,98.6515838162105,10.0,0,0
73,1,北海道,25.823992941033055,126.16276789921149,130.01645799325314,64.43858221283553,5.431221381122607,0,82.24164874661489,10.0,0,0
63,0,千葉県,25.68550161102803,129.2582823103792,38.68838610906263,56.68235076273306,14.975680820574235,0,85.60794771377296,6.3723512909107205,0,1
45,1,東京都,20.84447303494288,137.22971921075697,58.101126178385606,41.88745096856805,12.341141962139908,0,85.05952533119105,10.0,0,0
47,0,福島県,18.393559030777304,94.70817700542557,76.95263272992227,32.41753155962128,2.688437411702697,1,107.40637161972137,10.0,0,0
57,1,沖縄県,19.4384632270161,131.25222791590116,58.914583556357286,41.872829002049144,10.87558110567525,0,75.64207257302186,10.0,0,0
65,1,宮城県,27.645007355656457,116.69101550958607,199.8116298177567,41.81230110730311,93.77105807280024,0,79.03190623984963,10.0,0,0
48,1,愛知県,25.02686993186791,139.02845100185613,87.70785742337164,41.06679612928213,6.543075635811069,0,97.73502143449379,10.0,0,0
54,1,東京都,23.39116232184669,143.55328875094685,18.10802281411592,41.78463111138295,16.8298326113388,0,98.45929769647309,1.3244245713235465,0,1
72,1,東京都,33.01323153401843,123.35322066989738,133.88876636160262,40.36237842777466,96.71377246919398,0,99.8477260010535,5.150234800610184,0,1
53,0,千葉県,25.572058227203737,111.06189463762765,37.23351143101193,50.41616027156274,4.536045484831168,0,82.64217050820488,10.0,0,0
57,0,福島県,18.4605219062889,109.1667245886797,54.51240366148445,41.21176486055791,14.84137677587657,0,86.42769446291966,10.0,0,0
63,1,福岡県,29.955777502612072,161.32223895939728,252.66063944324026,41.90931802848024,66.56869523500079,0,71.45714882997362,10.0,0,0
49,0,愛知県,25.05537394640945,118.24259049088322,115.49515586336635,46.10418701211722,13.43178233377362,1,86.67524026029356,7.44718537518033,1,0
59,1,千葉県,23.40898290953596,127.14384430744761,112.73689879965204,41.70818905756033,19.09692109913224,0,106.72338941446633,8.06077652841637,1,0
58,0,千葉県,23.138922718331212,99.08198754299848,36.64482105100261,41.44883627655401,4.177555873479012,0,65.9055051880144,10.0,0,0
43,1,兵庫県,21.440495111215224,105.07690947821233,23.6875831572265,38.41048889646998,2.8430898552760624,0,91.20643565311772,10.0,0,0
54,1,新潟県,20.928323232887834,118.83016383406508,126.08312608172079,44.63150472773485,6.742364861468262,0,76.21218613784195,10.0,0,0
71,0,千葉県,22.574503521197894,131.2778254136481,369.0933712753823,25.96084929525754,7.279199367566428,1,90.41042204861748,10.0,0,0
51,0,神奈川県,27.78938797418004,136.10853091327152,159.4127462374434,39.80255167000715,15.868512838492899,0,85.41652870445954,10.0,0,0
56,0,千葉県,25.936698962523852,118.02374422429031,209.58611159708357,37.78599057268491,54.90752196089418,0,87.66232985983144,10.0,0,0
69,0,佐賀県,27.24565344355911,158.55273556468316,57.05647748896011,36.55689513275188,46.1837557404866,0,112.72572535304994,0.5263137035385418,1,0
48,1,千葉県,28.420655171420318,131.16312424582753,30.483497628144576,42.54063843340971,14.260656334303045,0,67.18679070665365,10.0,0,0
47,1,千葉県,18.066078368250405,113.05007750778509,247.40933409839508,61.06658658456866,14.261625423500368,0,69.73206808979089,10.0,0,0
71,0,千葉県,23.80041551379576,130.6263235111876,178.8187694465811,51.26539281770944,28.366729887551614,0,82.57948863384432,10.0,0,0
71,1,大阪府,32.325015794108886,123.26862480996253,313.0109865215796,52.10811736055811,41.20750524746561,1,101.10374748884217,0.04618331277258244,1,0
74,1,千葉県,23.7620443310316,111.10192895693547,134.17057196811703,40.83720992577626,11.719387147646739,0,88.68013554340597,10.0,0,0
60,1,岡山県,27.85719611184544,130.30394169383695,138.2824414926894,40.49483607385782,14.710690355477585,1,76.23427427842076,10.0,0,0
40,1,愛知県,22.824532336115166,108.7276195756766,18.866602020624267,40.823971107712396,28.779682691851168,0,85.95836867643256,10.0,0,0
43,0,香川県,23.10544818293355,120.38123243868249,94.05476297918435,46.15156335966684,7.284849303395668,0,79.51387268824978,10.0,0,0
65,0,愛知県,21.58077446275299,125.11701130913978,60.32610847534698,40.78497842540184,35.836756545997225,0,74.02421113833752,10.0,0,0
55,0,神奈川県,19.43267160957016,119.66458105291522,63.91788166867626,42.30288084013103,15.304945037128117,0,83.20541074635685,10.0,0,0
44,1,山口県,15.107325629819552,74.20948578677326,49.372516332315016,41.046484649448814,4.451435520977969,0,57.11532072183742,10.0,0,0
69,1,東京都,27.187764132376397,151.12155670060176,209.59005513098762,42.67272358322404,22.426051135885277,0,119.2067784362073,1.2939277363345982,1,0
40,0,東京都,27.800784173968516,123.79813906678655,122.53718983694489,40.817082143444495,66.58951465500932,0,76.03074362253085,10.0,0,0
67,0,千葉県,25.272511463853608,158.1744192273492,198.82579719234016,37.81520216323003,14.716958842933371,0,90.53773486478333,10.0,0,0
67,0,東京都,23.732909860137084,94.80352896716263,81.48689068166654,41.42260631087342,31.407543857176663,0,112.14159551899897,10.0,0,0
56,0,大阪府,24.716077099824776,123.38906592878436,318.49553956809916,49.43802660561292,47.191034530627434,0,88.2820031701033,10.0,0,0
54,1,神奈川県,23.033479689771365,125.66770401850769,207.7227033627244,43.084896349346614,49.733976434137126,0,101.64870786347065,10.0,0,0
54,0,千葉県,21.895305608535605,144.6270362856576,68.26934817689924,52.91292466933897,7.342470190547488,0,122.36800536980178,6.77556561451849,0,1
64,1,東京都,21.971763678152676,102.49330326773654,103.21937484516438,41.8194657238604,10.27687703617808,0,76.44338356668085,6.427857115128134,0,1
71,0,東京都,22.51919357205697,114.74234726304726,197.39698836329427,57.57453361787027,29.760149181681488,0,101.63930077853418,10.0,0,0
57,0,茨城県,22.176563113215938,91.12042655883853,60.005610095768404,40.72094645429597,4.437538923146578,0,67.31263570979463,10.0,0,0
61,1,岐阜県,29.899023601830205,120.58994472818934,144.78506849021855,41.73871310764863,53.257595867405186,1,100.08495674715114,10.0,0,0
59,1,千葉県,27.95095026192797,107.67388826682887,15.691942308464899,41.12310422631653,2.215300042863557,0,71.0470675292061,10.0,0,0
56,0,東京都,24.427957055417902,120.86828118405984,66.61508268712039,41.82008637374293,5.128775007679021,0,109.98582239648316,6.734983605684261,1,0
56,0,静岡県,21.607542801510228,76.49884962058756,60.16375551218142,41.160477136431716,2.593351848774409,1,80.88063406438516,10.0,0,0
45,0,千葉県,22.145677693756237,116.75914917302573,101.36013826021258,42.1157691299699,8.331637106236654,0,103.18952561932423,10.0,0,0
51,0,三重県,25.3931007675878,104.02711883566063,120.51177870871238,41.93217001518546,13.291584843835151,0,62.67014561679096,10.0,0,0
52,1,東京都,23.18564349653851,146.74505720238355,63.709798051285645,45.304253014984084,26.678379917889227,0,97.18430496204502,10.0,0,0
65,1,千葉県,23.069913633293645,122.85962225923286,27.94647048581005,42.23574885567377,5.334827711062743,0,86.7848975669269,10.0,0,0
67,1,東京都,22.857583390369996,163.97095926229937,105.77657253844814,41.67546228987334,11.646573484468771,0,83.08365854510868,10.0,0,0
55,0,鹿児島県,24.153973290168945,115.56672878704332,115.6762516107201,41.50917068771766,50.21992327885568,0,99.43121383000276,10.0,0,0
72,1,千葉県,20.78510402235329,122.9442407148707,48.58143017602246,42.742037480095874,8.835888477346204,1,101.79950304596184,10.0,0,0
52,1,千葉県,19.900178898956035,109.37232400221585,116.04331019772269,46.985242714372994,18.07914838537102,0,58.439510950854675,10.0,0,0
43,1,秋田県,30.292748229744173,117.23149991707128,56.65233800299801,52.65691222710688,18.79895387341873,0,101.61485382526395,4.322216532628679,1,0
51,0,東京都,23.819188014347063,103.38193112148353,28.08480558385986,41.30166074989996,28.33459845856626,0,86.86316277549992,10.0,0,0
64,1,千葉県,23.52265094505362,130.37727934838784,115.99715300077757,41.43589520284335,13.426130269928233,1,117.54798821704819,10.0,0,0
69,1,千葉県,27.647546119235724,141.8468340955043,115.1064003180375,72.6390047173143,132.94799554312888,0,87.80219424180683,1.0815671242036002,1,0
51,0,鹿児島県,22.178043799388,129.72087223218466,155.61895879901905,46.354586892170595,3.110477765133137,0,100.0,10.0,0,0
47,0,千葉県,26.277971448225006,111.07372580071385,64.26785172052456,41.34671548586084,16.74579956496304,1,76.95842446735793,10.0,0,0
63,1,兵庫県,25.082123806424303,135.9733025379276,745.2158602129443,41.99004415886894,44.87155104149696,0,119.20779792272907,10.0,0,0
45,0,埼玉県,20.12852360107137,111.16139080328809,73.30850204738648,47.02946578845527,4.491372664331088,0,75.75390859169339,9.349564617716956,0,1
52,0,千葉県,27.22731394098747,132.44097376191124,241.2915329200047,41.393915896860385,19.567175066615697,0,74.85955617801703,10.0,0,0
53,1,大阪府,24.00685888230902,91.48401468489067,32.060874036493715,65.72140165719598,3.58393409667235,0,88.21077387198427,10.0,0,0
57,1,奈良県,21.726813984996895,131.54750532577452,92.68745867503084,54.540893045484935,4.487976859933301,0,105.64917198386539,10.0,0,0
62,1,大阪府,26.096167804188116,151.61695214232253,123.63274066162677,42.119221795798495,23.31413164399616,0,120.79148449509556,2.7628758298657945,1,0
60,1,大阪府,20.134287542378633,145.1148486066921,63.54103333518022,41.69791458878667,31.067133919354674,0,109.52245265474417,10.0,0,0
53,1,福島県,20.662928489430794,118.28425004583023,10.49226941436426,41.82606908787429,0.8671771982554676,0,112.73128845356464,10.0,0,0
71,1,千葉県,21.53338701624371,122.60178325764554,21.972878847188685,59.816582744466295,8.800707668654592,1,108.4127810877556,8.294045456139926,0,1
50,0,福島県,22.08642780669365,144.7679670189082,70.0480104333354,52.6632522369954,8.39354333539159,0,68.71671000739303,10.0,0,0
48,0,千葉県,29.306638311879162,128.9980447069164,35.20541421276964,42.05512895175161,13.219441918550137,1,84.76610397276215,10.0,0,0
45,0,鹿児島県,22.92602373577655,138.91336234579583,103.93323431191016,62.000484121600074,2.8096505624964148,0,92.26882282756698,10.0,0,0
70,0,沖縄県,16.689894453310043,118.04604407185444,65.58729938820532,42.52258344456561,24.82329711759727,0,99.38890641110605,10.0,0,0
48,1,東京都,19.093323859505826,137.2199205783123,52.46612155564994,41.090761588960895,11.246304161968348,1,98.21987652299606,10.0,0,0
47,0,新潟県,21.03890832832763,126.15935561416575,160.9872540653092,41.45502187291788,38.113253250958515,0,100.0,10.0,0,0
40,0,愛媛県,20.196956798763573,66.29483216002043,52.862838049215604,42.52474851592535,4.137384422367323,0,71.63816385276282,10.0,0,0
55,0,北海道,32.984796468780296,128.63721214663548,370.69631684462945,41.19747568256011,49.43607075847111,0,94.3046628942387,10.0,0,0
45,1,神奈川県,21.72614281087578,91.67531311949026,57.33173707428449,68.26605011311136,2.2031229545977604,0,93.77927505218614,10.0,0,0
48,1,東京都,19.935249713193326,111.69060054219116,73.27961706780128,61.23753629213702,4.132726699764925,0,110.80207546608347,4.838017235970136,0,1
47,0,福岡県,22.66382088604357,148.4722241330708,186.96160943013382,40.576496144313225,8.557225936277318,0,75.72214390122375,10.0,0,0
54,0,愛媛県,24.836229516300655,97.18028232361463,119.07891732744325,42.371972934842304,31.15075591746304,0,82.9724842831812,10.0,0,0
54,0,神奈川県,22.301006254851874,133.88371014633884,123.75969148011984,57.355890812405065,24.973977994807495,0,92.42218153645393,10.0,0,0
52,0,東京都,28.266262942110878,112.14132328208888,54.425056676584916,41.45631150232501,13.599705295252127,0,60.38102858737074,10.0,0,0
60,0,千葉県,21.722096515618297,82.38604779272696,69.54929161962454,41.143591812138496,5.487052717311822,0,71.36096865099903,10.0,0,0
66,0,京都府,26.717263312483958,124.26548533697746,149.19229912652344,41.60011066215239,1.278260819962585,0,95.04536211804653,10.0,0,0
54,1,長野県,20.662386690038893,94.95592971341662,58.97711190075563,41.11572484702755,3.388641560195534,0,72.57610077227879,10.0,0,0
42,1,千葉県,18.636491709437635,104.84641794310076,13.507997271966776,41.48594137974683,9.755996961038004,0,83.79524411745648,10.0,0,0
60,1,栃木県,13.031216928762742,91.45752573897023,49.43303609718595,41.91549003314519,1.5039364787211222,0,75.35185819331876,10.0,0,0
41,0,東京都,20.805890152580595,119.17074361691492,117.05760512260277,61.3381427059407,26.585525244840397,0,98.13811799185345,10.0,0,0
46,0,神奈川県,29.37077474374332,133.88508123336254,66.72713922622,40.79699355456823,15.027310861013373,0,86.73870009483207,10.0,0,0
48,0,神奈川県,23.590743082798934,109.76290908875407,13.907464827184025,37.647555930345405,5.086949771941582,1,81.23118321083322,10.0,0,0
48,1,奈良県,21.321162950255562,109.27361614109296,43.79345450138661,41.450855763767045,6.976757342736257,1,104.58815551746562,6.454264627136408,0,1
59,1,福島県,28.526633505881836,162.09507820932456,173.44160260753011,40.688613979666336,81.40907921666728,0,86.06822080285757,10.0,0,0
58,1,東京都,28.885497440371047,126.17139773995673,52.3336350204518,40.774934847571195,32.618867876257106,0,93.64912719983145,10.0,0,0
71,0,兵庫県,18.702981914683335,105.03607690534706,31.657733273974667,42.0862433500595,32.9265092010366,0,99.2980864624211,4.237404394126668,1,0
70,1,兵庫県,22.83715894756945,117.56900310743521,131.47341053065307,58.96778893712355,3.186555875370621,0,93.92233948434527,10.0,0,0
42,0,岩手県,15.977845667046985,103.79264859648843,21.146824646111856,47.070755851796356,5.659533650246233,1,87.55236864108647,10.0,0,0
45,0,千葉県,29.94269220906579,116.89234790623036,78.9476223468084,46.70259475487134,19.49149821480239,0,88.18567237992568,0.05483052414448452,1,0
61,0,東京都,20.12760711201387,102.45615708073356,52.984809231271036,43.48815601317478,7.201823797130452,0,69.72004982233864,10.0,0,0
49,1,千葉県,22.342547957859058,145.120003663444,42.501399610132275,46.12977847538246,25.52712529468743,0,64.1063516702953,10.0,0,0
43,0,宮崎県,27.06403575996811,128.03344801792585,146.89265933138554,41.323053759496354,37.9947507587592,0,80.26892168795172,10.0,0,0
65,0,福島県,12.368610726244231,121.1430337476384,66.64143642720867,54.824392437188656,4.998245888390017,1,95.58044202531953,10.0,0,0
58,0,千葉県,22.44141364810041,130.4363614166291,38.86854097290139,41.23055161703605,12.45479264601042,0,72.78164495945583,10.0,0,0
46,1,千葉県,21.56200535163442,114.16651006255368,32.52482698830076,40.01062811587652,39.19562847982817,0,83.354111150744,10.0,0,0
65,0,三重県,29.785709776841568,104.06996251410914,131.6271550289691,40.786417828166044,40.357736555216775,0,117.94342588860742,10.0,0,0
55,0,福岡県,19.467766832156205,130.18957322247905,61.93395714207329,79.65207895895864,16.84924672649741,1,87.43630185076935,10.0,0,0
45,1,千葉県,31.449866137686985,105.68439187590319,86.53851192350376,42.83044025517428,7.644052144331339,0,79.0908503376424,10.0,0,0
68,0,群馬県,28.14707679772855,153.12410697534457,237.55257270764992,72.73496135803306,94.46599310384941,0,125.33935968072265,5.354280280481333,1,0
54,1,岡山県,19.58849765892929,138.29945119397175,31.400221815604365,46.20687269688011,3.1606886683142332,0,91.77486942364433,10.0,0,0
44,0,山口県,31.67644984491455,129.28850070238158,88.15189453822273,40.72739790841712,30.634859852466118,0,106.52879474028458,8.768571126118298,1,0
42,1,千葉県,21.035049244932186,112.43562420802402,63.476090031729704,62.1605138886229,44.987703342082284,0,97.22848051844213,10.0,0,0
47,0,福島県,35.148290985835395,135.30330825969082,94.22221246184091,41.59356570445453,71.64506975704369,1,100.93412037047455,10.0,0,0
55,1,沖縄県,19.191634809607656,104.69366175674645,97.31105539446578,40.79349289429374,6.4243499153613985,0,89.43531969561988,10.0,0,0
63,1,埼玉県,23.95445196623049,121.49415312471965,48.50681323509028,52.26864472728721,4.4213413922545675,0,99.83109127477908,3.6126911469743845,1,0
66,1,東京都,20.01581055983977,109.10482838148741,70.48828055401113,42.36358861387596,5.153382418566549,0,83.53132673440938,2.1407566917156897,0,1
45,1,千葉県,21.552362070722726,121.04208786211741,79.70220143375765,45.48657422470608,19.98889287265396,0,113.91700223529942,1.3247861568288861,0,1
74,0,長野県,21.17583108267196,130.52248437682505,122.60537014527533,41.91542338308564,4.381646479427829,0,109.8781619484014,10.0,0,0
46,0,滋賀県,18.372276832318068,112.45166596678698,13.688094126199864,41.800533639658354,6.173378485817732,1,80.14531399417943,10.0,0,0
56,0,岐阜県,28.34178522232438,119.64708474564988,57.58861167281646,41.09131978711177,7.404479473956401,0,98.48845546759321,10.0,0,0
67,0,長野県,22.377961063554064,138.43223689108154,54.160745749281645,39.92783315392787,12.80705983231608,0,104.76081405069347,10.0,0,0
69,0,千葉県,20.16389596869629,103.22466413284309,52.56886150868401,42.20038404903542,5.415077392220606,0,100.67442860131719,10.0,0,0
73,0,大阪府,27.08936307730933,141.23582990539722,59.15043764147295,55.85729048080491,3.8285545006863018,1,90.1669617403744,10.0,0,0
74,1,千葉県,21.518391014058516,123.3488528440983,120.0069874688724,41.69865895461127,6.4236684438117235,0,90.87224378044718,10.0,0,0
52,0,石川県,14.875879785136538,88.1821854571387,53.34401610875311,47.904732988906055,10.037308062388119,0,94.33777415321416,10.0,0,0
56,0,北海道,20.16264526543868,110.97113375061154,42.067586007111494,41.90388023071836,15.24517125560847,0,95.04272669100345,10.0,0,0
60,1,静岡県,27.719852999763972,136.77703582585372,41.229539255601324,41.86682693964788,5.27123099041038,1,88.7280241602341,10.0,0,0
42,0,埼玉県,20.323324393181647,118.42203628158879,76.89125498904956,42.75129043889639,8.970951698202505,0,90.60737425998771,10.0,0,0
62,0,埼玉県,19.15192915040899,143.350137234324,18.891380545219295,70.2215009109621,8.769061282773032,0,73.63819472181099,10.0,0,0
49,0,愛知県,23.61491478382843,131.02614558215578,59.02425304090967,68.54095805941976,33.884463758525726,0,114.23470625343211,10.0,0,0
62,0,愛知県,19.091950341075293,67.14215914963775,218.11821082943112,41.34900402897832,4.869380894539273,1,87.58348190991438,10.0,0,0
46,1,東京都,20.616373606988827,109.79946810927343,79.67452992367768,41.18876123782864,6.835367334338931,0,68.62032776000653,10.0,0,0
68,0,茨城県,20.296145573460514,130.27169055392915,85.94640606045772,46.787748030047,2.9408491227977107,0,90.64816151057413,10.0,0,0
57,0,東京都,24.386376022150575,119.78679428112181,78.06949996684999,42.02307156055051,8.41108508741207,0,89.90647884827217,10.0,0,0
71,1,埼玉県,23.79349499114098,133.9930945255436,512.1005663203002,55.49681521241314,34.9261594181571,0,66.41206741452869,10.0,0,0
61,1,新潟県,24.609592061061054,131.290542854894,46.69412739484536,50.29280678632573,19.013781887203546,0,112.73648780391139,6.846374409380706,0,1
65,1,埼玉県,26.363113053427874,114.89441555330296,70.24154222767524,52.85388404843111,53.69540988352487,1,105.49153924653575,10.0,0,0
72,0,山形県,27.355608963913216,132.4492522254684,350.4359335351117,41.54821773243063,120.14257971198384,0,91.93580614924996,2.078321632799118,1,0
47,0,千葉県,21.448932154593294,113.06865322103556,77.05099862902483,42.3294959004224,7.840533805643733,0,109.99387417395855,5.347359605615224,1,0
54,0,愛媛県,20.132813783190322,102.97447582499507,34.77648074375506,60.63334524468833,38.73677119842259,0,83.14004715530237,10.0,0,0
47,1,埼玉県,22.331417545019264,117.9168668428953,113.44716728575804,42.37581854211824,30.596377304905513,0,84.85338064427965,10.0,0,0
56,1,兵庫県,28.889093572999627,136.0653903286146,76.38987142025309,42.308552512803274,11.644333234352295,0,89.22055490479664,10.0,0,0
43,0,東京都,21.75850193086524,112.06499097808629,36.848521767691125,41.45692993604843,6.5081781151163005,0,106.98651802054471,10.0,0,0
61,1,鹿児島県,23.10641296166571,108.54374619172314,33.88807241034483,42.68572935698832,19.064483750532034,1,75.840477348075,10.0,0,0
43,1,長崎県,19.099117326733715,83.76502049235849,23.0193271611679,42.29991359191855,13.709530916038728,0,77.9542685866066,10.0,0,0
51,1,千葉県,28.782226753736904,167.14064756708515,350.2153285409351,42.55235615896965,97.35900559409704,0,87.34300148664295,7.78679401026403,0,1
51,0,千葉県,25.137765092563207,136.74876477119255,226.05407644090252,40.60976747656734,9.411877405825665,0,69.65733018988011,10.0,0,0
49,0,和歌山県,20.737023661185997,110.06074197416982,74.95747968885958,40.85774856444884,18.354044685449864,0,96.32053664316817,10.0,0,0
68,0,大阪府,20.79041487128221,123.42055815992298,67.3916419389519,41.38212787471702,8.947213401170716,1,115.70338191622864,10.0,0,0
43,0,千葉県,25.573380367010568,103.00149235750246,131.09078958372922,56.64913553229435,5.782519377041306,0,73.58935293235655,10.0,0,0
44,0,茨城県,27.39034428323939,134.8319609203987,157.39214471999546,40.69279826077842,32.44898840406531,0,74.9322916873374,10.0,0,0
59,1,鹿児島県,22.246120593550582,115.11712872950831,52.93570379055502,42.06646123584418,4.108793822046793,0,64.35552620252383,6.829719783908533,0,1
54,1,神奈川県,23.74031043628191,110.65208595695943,40.931862508380455,41.926181344615415,4.660569154200081,0,99.41551832973819,10.0,0,0
49,0,神奈川県,23.740102990729067,133.26907979518188,94.01240254965083,40.26249628467972,8.416216272859309,0,106.50791148212642,10.0,0,0
58,0,長野県,30.204896374319222,153.19890098239992,158.76880581804951,41.553421900867015,40.77089009188828,0,92.71165538624352,10.0,0,0
58,0,千葉県,26.118043836562997,134.33838842496885,98.39304933082342,41.6985911419322,26.215884408094276,0,85.82432749088636,10.0,0,0
44,1,愛知県,25.115886230999592,120.14528387088643,67.03810924393743,53.92555652421918,3.764108432474632,0,79.8677723516316,10.0,0,0
44,0,東京都,24.036784041508664,102.95677807133173,130.28983441632633,37.39449441570267,17.983305226779642,0,79.14748075687231,10.0,0,0
49,0,福岡県,20.793124178976583,108.7272959726568,68.6026410617151,64.92519378407704,6.598282749569828,0,75.12505421574934,10.0,0,0
51,1,千葉県,19.73270823262973,85.57337589393889,31.890699757428035,60.63317243201602,3.133002471749142,0,90.14303141698184,10.0,0,0
53,1,千葉県,17.44378134308195,114.88954364317098,107.06896254027588,55.67368284126079,9.37936880778048,0,82.61718173799082,10.0,0,0
74,1,兵庫県,26.186754805795964,149.0930662560586,87.65765684643124,62.15233695732467,30.420577137410522,0,121.53181341425599,2.2398757666062417,1,0
62,0,鹿児島県,28.260610887906395,129.29967835375902,347.08206852621703,61.42783086240278,51.472344934067046,0,82.85046899228038,10.0,0,0
68,0,千葉県,17.736348892754055,104.46761254328527,32.67190439411693,41.81024250890085,22.323587128410132,1,73.3939406408787,10.0,0,0
56,0,宮崎県,20.699089140453847,138.9961453088513,109.3569148223214,41.148972756068694,2.725992094552102,0,73.96597505342415,10.0,0,0
45,0,愛知県,23.120710249989763,92.31595010868077,85.317804152686,41.915417032324044,24.296557558539988,0,77.74203840570858,10.0,0,0
66,1,千葉県,24.358259830075326,135.56661508015344,37.18965212926902,56.162301381236816,33.02328714236711,0,75.27276327461234,10.0,0,0
67,1,山形県,21.96060578779796,117.42989489986049,54.53641460384142,56.476670261026264,12.375684752465244,1,80.51084393868162,10.0,0,0
66,0,神奈川県,26.402413786010417,141.27816309554254,262.86425338933077,64.44532171060956,68.6746155332584,0,88.00793870112379,10.0,0,0
73,1,茨城県,23.005267843223187,145.32876472065382,174.04840872740974,42.479723607924846,11.415900692863476,0,104.69944356972834,10.0,0,0
71,0,岡山県,21.955276535073676,115.93244522610235,68.13546433617638,41.34457688007263,4.913018774450557,0,93.67148188584018,10.0,0,0
67,0,香川県,22.79697211020459,116.29771756160481,16.815668101807173,41.07124610762096,1.2436234997311242,0,83.37182498555828,10.0,0,0
49,1,静岡県,22.191146555521676,103.36660784178753,122.74937629321664,51.54767838091721,25.007159061553804,0,100.63938272402494,10.0,0,0
57,1,大阪府,23.818761604636634,115.92862374107536,88.54063196860676,60.70138062250096,11.49668513148736,1,90.6381671772422,10.0,0,0
46,0,埼玉県,23.662398108975193,98.68895259952292,67.44890948381395,41.63084417366166,46.3918625238855,0,76.3880650664868,10.0,0,0
43,1,岩手県,17.103389830520772,119.84495031351115,16.944779826455125,41.30649492195261,7.383210304421328,0,62.647626783936126,10.0,0,0
68,0,愛知県,17.53907182728539,100.6618796565062,37.64683544083942,41.607738165032046,3.540903063033591,1,79.99673945744709,10.0,0,0
55,0,千葉県,24.339907418923087,105.51027697017574,121.68554122412631,53.92967332137156,20.54018652685316,0,60.06838532578775,10.0,0,0
73,1,千葉県,20.57411575425812,156.2693084788833,89.00279377806787,37.813702948414736,2.5518619171685475,0,71.46824927896304,10.0,0,0
52,0,千葉県,21.64892263870002,133.72753462868206,35.88470028570985,42.12097269589303,11.478575346538468,0,95.12535315103342,10.0,0,0
53,0,千葉県,25.45881496152661,112.00202670992427,43.69794648242967,41.85585642343265,13.831261552844309,0,95.46445952873475,10.0,0,0
42,0,大分県,16.732214809908207,125.61007967911571,50.89253578293301,41.13812548219516,6.140838950242098,0,66.31495852128825,10.0,0,0
55,1,東京都,21.958039620299736,129.26178947828353,58.542011994203364,42.56890721269342,6.6019221309887355,0,110.07340823013807,5.368364495408508,1,0
52,1,北海道,20.269761191555798,130.58004292423644,84.91262097216216,41.51573101052688,26.501743700369286,0,90.06390392438242,10.0,0,0
55,0,千葉県,12.851207540271748,89.1188989130881,29.421964174141166,42.66968137668328,1.6578472290172657,1,56.8051209058889,10.0,0,0
48,0,奈良県,28.666075117197938,129.10206008975754,129.2358084127325,68.32450663720837,100.29178420450724,0,112.32031441273813,4.551583046297676,1,0
56,0,石川県,23.203667132728697,164.08692516491985,146.3604078530527,42.285529236122436,6.812729549485112,0,93.96964917002224,10.0,0,0
46,1,大阪府,27.679159359240106,130.26498107905326,96.1731131235394,41.39382655387338,10.672221450527232,1,86.15660724150538,10.0,0,0
45,0,千葉県,25.44495109147503,130.6576456197014,62.47009514829251,51.1970311711984,19.019878071023697,0,101.10861733377418,10.0,0,0
48,0,宮城県,24.13835597674483,143.18823094142485,13.094374751976748,41.82593422367919,19.283622264502807,0,111.45385596270812,10.0,0,0
60,1,千葉県,20.690660605104856,109.33014076620869,64.27658273396065,40.87586011445548,8.763149795662684,1,73.10947697473185,10.0,0,0
52,0,大阪府,22.1350037860628,118.83519699021049,66.66816447363445,51.28705781042924,15.248994492237708,1,98.85118296679913,10.0,0,0
60,1,千葉県,21.5608588632077,143.6450647552889,90.50590928257918,41.29140556741212,20.12877749254278,0,74.65414702436146,10.0,0,0
64,0,宮崎県,27.450534669400135,142.081415727667,100.7665304509566,45.93468964538517,53.51810687849721,0,98.29363082924745,10.0,0,0
52,1,東京都,21.19411432319364,102.86541668731277,90.85827932985919,41.439606802758924,24.18657258048802,0,88.54484204590307,10.0,0,0
56,1,千葉県,28.99290460963318,140.16720017955555,328.5625466784522,41.49139928977654,22.827012146193137,0,122.5971825717633,10.0,0,0
50,0,埼玉県,25.740512018715187,135.568259564935,64.28783656497767,41.90926171821511,24.60784886220502,0,87.29981325601248,7.785806128646032,0,1
69,0,千葉県,26.43344062695357,100.27041534172922,92.68211545689701,57.615467328453356,14.985008199137594,0,106.84691691063017,0.1010618919061723,1,0
73,1,千葉県,22.23875725613408,149.31525226028376,71.80405810069742,40.52861353778222,2.846599736831031,0,91.18935084394647,10.0,0,0
63,0,山口県,17.88831491452845,96.95905577955006,146.40634974378813,58.79141129259894,6.121399060797829,0,83.9526450263599,10.0,0,0
62,0,岐阜県,21.446535487170614,118.8786685824348,86.38105718302222,51.95111520600492,11.988733061188164,0,104.21218327839706,10.0,0,0
41,0,沖縄県,28.952850909396357,108.95668896512497,49.15206008799774,54.28858303721357,33.312450170841736,0,98.45588075928487,10.0,0,0
44,1,千葉県,24.67698434853023,79.49816868598187,48.47331023663803,42.636328142140115,13.381193396790804,0,107.39803720905073,10.0,0,0
74,1,岐阜県,22.17488094852992,118.83705066592184,22.789078864070376,40.99388167370692,10.915246988825663,0,108.95806044384413,10.0,0,0
47,0,北海道,22.995416896880524,119.30174027541693,73.74450626158483,39.94067513535311,8.352762064200906,0,76.52065703128912,10.0,0,0
40,0,東京都,23.033784877564695,92.49664704396677,42.95623011081754,40.68825385579852,2.332246202387125,0,63.42131686575623,10.0,0,0
74,0,岩手県,27.789866590969613,123.36869508910534,86.36155676696514,41.37694796712999,29.577228233297667,0,106.52316485222332,5.488846412754116,1,0
71,1,千葉県,25.628602708173634,137.83644052354873,330.3633738144636,49.17820557881727,19.11454093710743,0,97.8150769616029,10.0,0,0
48,0,東京都,26.270140379075766,111.8021173874461,67.37853227774343,41.88693762071225,15.713124460141746,0,82.13863252520696,0.20035787000204844,0,1
67,0,新潟県,21.715769860363142,141.04202372649672,58.941684398606014,41.650768348371834,11.921095833344987,0,92.87024934109091,10.0,0,0
48,0,栃木県,22.941845835533307,133.27283052292196,38.46448328860875,42.05662698087202,19.945616281595598,0,103.62224495655754,7.50266041159224,1,0
55,0,千葉県,19.994071725430192,117.44151164199575,63.45247565238344,70.21187766376681,3.15531435390505,1,115.2851776490708,10.0,0,0
48,1,千葉県,21.58557066702092,67.08688709745941,48.987510754486976,41.86183182662048,4.865145957231742,0,81.66744370821024,4.145026776720863,0,1
43,1,東京都,20.48630340000046,117.62628993893694,7.113602488098303,61.236708566408154,28.880532018142574,0,71.94419552782763,10.0,0,0
42,0,宮崎県,18.726315294606977,115.38069299356182,20.44175912343616,55.66638725843073,4.9887638617810826,1,65.05790249861096,10.0,0,0
42,0,静岡県,19.021841619067587,116.29826504689869,53.665602889946555,55.53780984725809,11.482692974411254,0,83.6305041338183,10.0,0,0
51,1,大阪府,23.033933315730557,122.04282379154513,97.29573785285362,42.96049875732364,18.323160798991825,0,69.5912838363631,10.0,0,0
42,1,千葉県,27.235544705878524,92.4917347276641,79.8196076418013,55.194860414336226,17.944715326222475,1,87.8310822918655,10.0,0,0
42,1,静岡県,21.694010478943127,98.17697022017774,28.723133794529158,41.2151251093227,32.40926382862038,0,85.3653449923615,10.0,0,0
40,0,大阪府,23.941328210033166,121.99533640190101,66.88362197359258,42.30036058838209,9.652121878366547,0,92.71586162038855,10.0,0,0
63,0,静岡県,23.47161012601912,126.98396281875466,75.7592830448066,42.55131090884526,4.423487112633643,1,64.61211363463035,10.0,0,0
52,1,千葉県,17.32007938996534,111.68654208470792,79.61375351687904,68.15466030933823,9.214211907744575,0,83.44545296330283,10.0,0,0
65,1,埼玉県,24.302247606361533,128.5878526952488,60.43679220776889,42.18068540682823,10.073607738054616,0,70.06625349720844,10.0,0,0
68,1,熊本県,25.732266782377426,158.1686577494886,104.78495010536813,37.99528005331162,11.43358943883619,1,84.55241099953466,5.150118578516548,0,1
49,0,大阪府,25.25322846255259,121.80492973340169,83.2097398714767,61.510137859599176,6.315305585006629,0,121.10666635174523,1.563504849149019,1,0
70,0,長崎県,23.428213066897616,126.96690277066334,37.82560299321658,61.24830008673322,10.805131059029588,0,105.06577359447681,10.0,0,0
73,0,東京都,25.392049590332054,148.54893564174256,137.37274285098482,41.40595090553011,23.258515915511975,0,102.40196506629583,10.0,0,0
58,1,千葉県,18.524537275871158,105.7122667197035,20.926105576039102,45.27395845128142,7.287867994348846,0,112.74850566526793,10.0,0,0
56,0,東京都,20.11591996852221,116.40590865934804,46.0158253651614,56.71173600112151,15.664275934256407,1,92.51963404672767,10.0,0,0
44,1,東京都,18.01983184195071,99.1562085159841,52.98410082062769,42.176147146925274,4.505749667872635,0,56.78221683142148,10.0,0,0
44,0,東京都,24.49093541305514,117.01684646772243,130.3829909887844,45.303410711648105,16.168519340393626,0,109.3815391551083,10.0,0,0
52,1,千葉県,19.522071667110378,113.36130314501851,16.366405001563766,42.24291391232819,8.204570149318721,0,75.70196156278617,10.0,0,0
59,0,千葉県,27.23274628624022,138.58819319900556,46.90156608615884,41.08547772186149,17.383993292717673,0,110.11106971324773,10.0,0,0
60,1,千葉県,23.002405726187828,92.48806192429021,83.91156275696036,40.36081966296003,5.441841229730275,0,89.28574205261492,10.0,0,0
47,1,千葉県,21.363159388268414,107.33070468457035,109.95164934887138,46.66827457143693,5.525652898483677,0,124.28911241869035,10.0,0,0
54,0,滋賀県,27.14045257014515,143.0529413222913,320.81534742516203,61.27916291259595,84.56917915661158,0,108.3742839476407,4.603927807876777,1,0
42,0,千葉県,23.619796459790578,113.15693419529165,147.82831119084082,48.27062607565004,7.19310011190661,0,98.45865945400834,10.0,0,0
74,0,千葉県,22.836002616447676,123.26855925473225,38.29404986640018,61.638242008965975,8.448916139806743,0,99.2942004751945,10.0,0,0
72,0,愛知県,26.12864946076134,134.8127542772645,125.28352408255776,42.3198633893761,12.597738447945815,0,116.01038594857314,10.0,0,0
68,0,岐阜県,20.13586926809086,111.62079343304586,71.08257161158751,42.1873982899027,8.06224234188634,0,98.03509930994372,10.0,0,0
54,0,埼玉県,23.01558317778366,110.04663371883692,86.37754523642923,41.17340041407294,9.034372854994581,0,101.49142664387541,10.0,0,0
52,1,愛知県,23.982895765093105,174.2958967038976,127.0111188330363,61.464748373620836,85.69233523584225,1,90.6504615547102,10.0,0,0
68,1,千葉県,24.741946915741554,142.2363344684724,103.8926715988434,41.88810334887142,7.9889282026926125,0,73.6093583394799,10.0,0,0
40,0,千葉県,26.720050148181464,123.48053893751982,109.9135543863242,51.976232821101775,21.554803530412197,1,81.63104994882788,10.0,0,0
55,1,兵庫県,20.251500283169122,94.19439004042886,263.2479754644687,51.84994671573622,15.666501131192652,1,100.0,10.0,0,0
67,1,千葉県,21.43915438871198,107.67613175198872,72.03231003539719,42.22244710705869,4.912453765223486,0,101.93129987228662,10.0,0,0
42,1,京都府,17.726249521984137,118.42717511427747,78.00133643131454,41.748754376327014,14.835896980456717,0,71.63312167589919,10.0,0,0
53,0,静岡県,18.80348823924032,112.1521874854191,83.3951087919681,54.92819506606909,4.873428721985516,1,79.6619335493464,10.0,0,0
58,1,神奈川県,14.374317630655181,73.53999625894515,29.62377662629342,41.1169018291009,1.1593736706353346,0,76.18496350230944,10.0,0,0
40,0,岐阜県,24.930648397711753,129.87340420668716,88.95567853164185,37.63456807035699,5.11639917875269,0,83.76599646257642,10.0,0,0
67,1,東京都,22.92691992446003,119.53305041320631,21.014422076125186,41.534580727306775,9.671772601672515,0,89.16392518131251,8.276767522171031,0,1
46,0,岐阜県,24.792164304872532,121.2836481270136,187.19367281135058,41.91105509818394,66.6396921413208,1,87.54581441515748,10.0,0,0
43,0,千葉県,27.198163609652152,132.78124110125393,20.874931781800004,40.70809493247559,7.666447245922544,0,74.9598662132068,10.0,0,0
45,0,鹿児島県,21.448754720295074,137.20392046114273,35.08874958483748,41.534681863372256,33.99826346984501,1,87.45810145591015,10.0,0,0
53,0,千葉県,24.147323213306482,133.2556373253199,33.86010557514342,41.48232936854578,10.29458419599623,0,76.33133728779433,10.0,0,0
62,0,神奈川県,21.68139049858207,135.4411041661739,32.59935725043614,41.1228410959007,3.183934788579298,0,85.2537456926758,10.0,0,0
53,1,鹿児島県,19.827302453295648,130.0964032018397,139.65617818597607,58.419350670451294,11.282682283710766,0,72.9129835329259,10.0,0,0
54,0,千葉県,27.648714225721246,130.94669385571427,27.402580436338315,41.23420161164506,19.563888422637582,1,91.68162039915275,9.681756323638183,0,1
62,1,茨城県,24.41981302122024,125.13124044927577,149.67185992301316,61.279788308312725,31.844763271863737,0,85.25853901599127,10.0,0,0
73,1,神奈川県,15.909726770901617,95.10410257645906,63.73987689154578,41.904787823699664,1.6074811669036382,0,79.87891532365511,10.0,0,0
68,1,千葉県,21.885117429556022,117.181063563898,84.18569648967575,54.46704621031291,15.041874994371899,0,79.24708848007927,10.0,0,0
46,1,神奈川県,20.720562002870704,114.60853879094606,33.570772589962615,40.38959923864755,6.427192259012414,0,96.91510499328245,0.6796144082346198,1,0
41,0,岡山県,27.187273782215193,116.32553967034846,32.4935954824172,64.61786726653143,6.961957440269319,0,81.45132966538306,10.0,0,0
74,0,兵庫県,27.720036997019303,139.0182601527934,74.91960502543036,40.612225705903455,27.801054244172928,0,110.81891945156407,5.270829512869168,1,0
49,1,東京都,27.320992826502746,127.09391435588327,34.48739163171997,54.77390541269221,5.421799908383668,1,105.23342967262778,10.0,0,0
43,0,千葉県,18.23889819399813,103.8103011230265,6.8799172840237,79.71265952176108,3.580476101571794,0,91.85535626678326,10.0,0,0
63,1,福岡県,27.646074756426444,111.15944738322176,77.94928960875329,56.35614340727119,33.40907147599225,0,90.11496216822248,10.0,0,0
62,0,神奈川県,21.334675772579498,152.5289518145098,61.49341413136646,40.22067118598496,6.168182933164706,1,94.85013919084284,10.0,0,0
47,1,千葉県,22.86439119462906,91.39241406284997,60.414885283247735,41.258810217813306,10.804742233845161,0,78.18675325685703,10.0,0,0
40,1,千葉県,21.88347837100076,116.1690622571807,74.91393448062816,47.56279149550899,13.40712844154314,0,96.42770975146503,10.0,0,0
70,1,千葉県,21.235909190776134,128.97118352329605,154.251075334209,54.69360618855188,22.13056472788592,1,69.66245818008214,10.0,0,0
58,1,千葉県,22.788428511646465,109.48722663531882,34.50787150762442,41.796253542441974,12.885044644793066,0,94.45381995903412,10.0,0,0
54,1,千葉県,19.98433399851004,130.977367423382,67.34808554252437,43.43872206475914,16.837179241676765,0,82.42293379931766,10.0,0,0
53,1,千葉県,25.034788729253812,113.0616522619073,108.84277158531131,56.17827988446785,4.6800007331763895,0,91.2017403768438,1.7181340991633467,1,0
57,1,東京都,24.478228835993868,113.17290761987435,54.5313559590581,53.69791542028107,13.714682426947197,0,112.82657632247465,10.0,0,0
40,1,神奈川県,27.80380759284571,146.69198227729194,188.29798648569695,55.75921517681838,24.630069436743288,0,92.14667587507343,10.0,0,0
67,0,鳥取県,21.587193202462963,146.6263587638036,73.75731163645371,51.14327020726858,22.79650977072293,1,111.05794904601287,10.0,0,0
62,1,大分県,15.223896424821545,108.83752412177616,66.54473604246861,39.54224026119016,1.6515927136392694,0,97.06831439823226,10.0,0,0
59,1,千葉県,21.07009490680023,113.04313910705811,51.775115225276046,63.51824740511023,12.122102080843039,0,87.06935863146458,10.0,0,0
57,0,長野県,25.07205943381306,126.42514070130076,155.9871104508871,55.41869353129174,10.838322824841427,0,108.34429359020392,10.0,0,0
43,1,静岡県,25.04764451155247,110.14180091734197,79.64343316557549,40.802534358268176,30.998873770121087,1,69.60770182967015,10.0,0,0
41,1,東京都,21.141971074535466,109.16832448204221,103.27041795786117,41.472451370148576,7.575576017437349,0,68.60295075588296,10.0,0,0
65,0,千葉県,21.459267800107867,178.52939210659173,71.81074774787882,57.85246730909313,5.086848879008408,0,112.43938635254436,10.0,0,0
72,1,福島県,22.922672547088425,152.33873232100524,127.01705983472279,40.60777635797038,20.12560726514012,1,104.21102610842112,10.0,0,0
44,0,静岡県,22.985036344428426,162.08175989658136,33.62238162455286,56.783250060336265,7.092282829716211,0,82.8176689093785,10.0,0,0
69,1,神奈川県,23.676956314552605,136.34828652910733,146.92074216857708,64.96685093572633,46.38905890950658,0,92.26945350367394,10.0,0,0
41,0,千葉県,33.04345454219941,122.47276430308315,77.0451668568282,52.192772965970896,13.738728396680495,1,75.14202572524177,10.0,0,0
56,0,大阪府,23.45486129284269,95.94640507491697,75.66722578250663,41.56131366803277,14.509881686706679,0,85.2594509281247,10.0,0,0
52,0,群馬県,29.37380600900054,153.7215369187856,42.05729220308727,61.17860856686038,15.589476521908542,0,101.75192794023296,10.0,0,0
65,1,千葉県,20.824445375471413,127.14846647853305,149.83740893795064,42.04813290737824,16.542466279032865,0,92.73494501459157,8.022547377243352,1,0
62,1,大阪府,26.04868469017062,129.71391319936356,56.36451162048572,40.63766260760916,7.284962588521606,0,104.83943961096467,9.18811524143937,0,1
48,1,神奈川県,29.448461278013184,128.97998857736886,78.00115938165335,42.19572683098976,7.274368214739317,1,109.47186266944942,10.0,0,0
74,0,大阪府,27.01131331694973,138.55989106978802,63.586887410787675,41.642600031618365,3.4300683061927955,0,95.97918296574434,10.0,0,0
54,0,兵庫県,22.296278119892097,123.35185749211793,84.13503026228727,40.96967488697936,2.262996087353172,0,72.63216472219477,10.0,0,0
72,0,東京都,31.706135831627208,134.7832167736441,73.32560169296072,41.38151965910755,65.33353913631761,1,123.19728534883097,0.08505860761288019,1,0
71,1,神奈川県,28.27986574485014,137.2811777664144,173.41568702392746,40.530669294558884,19.645923901889773,0,111.14682296725309,7.485074201111421,1,0
53,1,千葉県,19.72836642222945,115.62989812616053,146.90158401736392,42.058444300899616,7.3215839949931505,1,77.46860191540071,10.0,0,0
46,1,奈良県,26.79653492298396,122.71375238628632,44.409988883141274,59.94738828891842,16.987976659459868,0,99.89204979409381,10.0,0,0
46,1,埼玉県,31.732508706828124,122.21047777908976,63.49253564420638,40.747700919386276,8.787132212626037,1,81.28929652025306,3.091312001258736,0,1
64,0,千葉県,20.22661611434567,134.51890426183033,206.73829023538605,41.595008546552506,5.947161817842646,0,105.48143049761993,10.0,0,0
50,0,福岡県,22.31172733883604,131.5801978658713,69.55659726750956,42.05384565900315,7.116484074080446,0,93.81287389056085,10.0,0,0
54,0,大阪府,16.48934186256436,130.16330853818866,75.63736473144205,46.8087010364137,4.483003630291147,0,105.61618035617396,10.0,0,0
69,0,神奈川県,22.981233346534843,103.8212311830496,49.34340281227601,54.72682163008589,20.541036054952382,0,104.23317662936978,10.0,0,0
74,0,千葉県,19.005206322972025,147.25160136222746,96.33917825236468,42.40329261240161,7.35745011161795,0,114.54388305039483,9.490872151592246,0,1
65,1,千葉県,21.3648879621018,109.01938573941942,34.675453094318655,42.28543348529654,5.513212972932156,0,70.04097589155012,10.0,0,0
52,0,静岡県,19.785926911592913,142.72534106807458,229.2661081464555,42.79972516638064,61.335507233619936,0,124.68782752679289,2.685688205844795,1,0
71,0,栃木県,23.952116069879917,156.84795902398142,88.55290767517465,42.527942895098114,3.129734816736844,1,96.12737028349096,0.5029503670134198,1,0
53,1,滋賀県,23.59078370845901,146.66731607062837,20.05117702869473,58.13857601776273,2.3319406388905275,0,106.18882967546028,10.0,0,0
66,1,宮崎県,26.000006052032873,115.93251501499861,114.18230763332302,59.112696763328486,48.91577041376406,1,78.31828796821468,6.3209763927011915,1,0
59,1,千葉県,18.709970266394333,155.07540301750433,35.36811581833024,61.186836800080656,25.54347231154513,1,83.97056017598119,10.0,0,0
72,0,神奈川県,17.62164056747332,124.25182693087262,93.08633470365825,41.778118090950294,4.107271444376816,1,78.14998016979872,1.387782455075959,1,0
73,1,岐阜県,20.871282990640136,109.08415808760107,271.43057586199615,40.82998516427536,22.322487383435757,0,120.6689637815404,10.0,0,0
67,1,和歌山県,24.045551399944888,144.886239275479,66.56150924874694,46.54542420865427,6.996059598940373,0,100.39573620024198,9.277710851141748,0,1
47,1,岐阜県,20.070671392637795,136.037728889623,154.19404270415953,54.09894609365479,6.952321545070101,1,87.85587541677953,10.0,0,0
56,1,愛知県,19.187916799539508,98.38998202080782,64.52953893524119,57.20135056522795,4.998541628952777,1,76.67618719004139,10.0,0,0
74,0,東京都,29.545346872138904,123.58665897655187,74.84380852825356,41.79885127363666,42.71376615266807,0,106.61305669532643,5.425775687219892,1,0
47,1,京都府,23.604832797511268,158.07317341761802,50.67695196209955,61.17332575210332,12.126155771445054,0,69.7852455724244,10.0,0,0
63,1,愛媛県,24.241597639788758,125.34854588491768,86.43001076653562,43.581982393431396,17.632506894159246,0,124.29251658339545,0.6804007604850735,1,0
49,1,青森県,20.557335683125746,135.00971139253204,152.5499409472409,46.52013405478364,30.70101306158288,0,86.03853862186054,10.0,0,0
53,0,神奈川県,33.154601559368615,139.8751224840307,211.37419098347445,57.584005771218365,52.51309693341881,0,87.5675182710481,10.0,0,0
57,0,北海道,22.06397085580926,138.59365252609282,37.14153660466566,41.16309087322851,7.716674425194883,0,98.46991085476269,10.0,0,0
53,0,愛媛県,28.626139292439643,122.93988150206333,76.98245322426749,42.449133958020106,24.60286094696447,0,97.32981401785092,1.3834658577270311,1,0
68,0,北海道,17.89701660083726,104.08166327153127,95.62422945538626,49.08919065641338,21.930514001181745,1,87.3033153803927,10.0,0,0
50,1,千葉県,19.123451053527177,131.85833258171576,146.45766871661965,41.72857712354292,17.63938475067809,0,90.78359851549456,10.0,0,0
53,0,千葉県,28.683532661066558,150.62897234806434,112.21077654827903,55.88719708231334,56.337127553690756,0,112.68582725983102,10.0,0,0
54,0,千葉県,26.380379774238033,146.29844311124577,106.86202756622116,42.04417568245241,18.465354875675263,0,74.41542036914932,10.0,0,0
43,1,大阪府,21.378916066517718,122.84820436571634,85.84482288142922,61.27901985696117,3.482485249905848,0,64.34395741233749,10.0,0,0
44,0,奈良県,23.19760855541128,94.86178112095592,60.91097612910043,34.81643797232803,6.870053360019635,0,69.45485914228038,10.0,0,0
41,1,千葉県,22.824428176638683,128.82044090111728,210.83895031301654,64.28920077320416,58.178564871901784,0,86.81523484546202,0.19561795116245367,0,1
73,1,東京都,27.41063245769701,148.22166199775327,185.50413699840092,41.553672287689395,32.676789274574496,0,97.66105684681857,10.0,0,0
58,1,千葉県,25.460011581098104,138.18209520573495,187.12049405135983,41.17574827346027,24.23427975171409,0,104.53463397982321,10.0,0,0
68,1,東京都,22.603014686791468,112.6006715455039,52.688984367924505,41.441624402632065,7.957969384616215,0,64.452862506559,10.0,0,0
51,0,新潟県,26.84655637302215,115.74220125218488,28.80923945654178,72.48613641116451,29.314108405832798,0,97.13163073456339,10.0,0,0
49,0,千葉県,27.87676648732924,126.17131688008605,92.76805725813898,44.86133017350144,25.669763940454285,0,102.12209647527558,8.912866829032582,1,0
47,0,山口県,25.4564408900784,120.69751475581992,45.174298044328175,45.15984176920171,47.49891760113066,0,92.71418647297538,10.0,0,0
70,1,千葉県,20.680133476499588,111.11825793405237,47.00889440877522,42.19288948904917,11.94789078556953,0,79.63741927699435,3.6833211281520786,1,0
46,0,神奈川県,18.962978971971086,147.87597011162094,45.79996845404564,31.142796187053055,3.1291063976619515,0,84.72381594085573,10.0,0,0
56,0,千葉県,25.76421071125402,133.9872138758068,67.3066095642867,49.49100521180018,6.2419225896965855,0,118.49838092633912,10.0,0,0
53,1,東京都,24.472087540574886,131.15001972443804,46.000753566242736,45.34171267317902,7.855668003772661,1,114.96333101815131,10.0,0,0
53,0,千葉県,18.460420609435698,106.5646853335882,60.398953472075114,60.21525076041211,14.772288056106534,0,82.42692396301713,10.0,0,0
65,1,千葉県,21.60039299959085,105.29836416262143,72.29597675944726,40.86913862893158,3.4676501591626074,1,71.89547264711572,10.0,0,0
70,0,千葉県,28.17902736105998,125.63694642044892,398.305735307954,42.139065612502215,49.606274248693964,0,124.79935232040137,2.0087511965440488,1,0
53,0,静岡県,20.869982239912368,121.51123844926623,40.04330923363042,66.59376719777897,19.605652442119055,1,91.80139883847959,10.0,0,0
55,0,神奈川県,20.330861565143007,129.1124032883745,112.8167373509562,43.04665544040399,24.153115540802514,0,107.262048173728,10.0,0,0
48,1,兵庫県,16.69482068748023,107.51366627445209,37.15763951724216,41.753406638936674,1.9496110226748007,0,96.50488327946145,10.0,0,0
54,0,埼玉県,24.421626991178464,128.2969654155277,179.32284554581554,55.21380420705055,22.718953441417646,0,108.76484430452795,9.699224446045008,1,0
48,1,千葉県,22.490919647415208,111.5079511722623,85.4615950581775,50.49648915897808,25.570341569652932,0,98.52565314528219,7.006691489687264,1,0
65,0,沖縄県,21.99277377480131,111.23324065317175,72.02039430980328,55.10609946138355,31.066541199064094,0,116.04175954437238,10.0,0,0
63,1,福岡県,20.44446376701862,103.13950114648019,151.2539895785937,61.08086473305068,14.224710114010907,0,71.06738528812718,10.0,0,0
50,0,愛知県,26.720939876525986,128.5848363971323,157.9833120451066,53.692805654830906,25.981431171165372,0,83.11402416155562,10.0,0,0
66,1,三重県,18.366521207321195,147.87311123398308,20.35641331951033,57.380003519078976,13.404620226434586,0,89.02698304303712,10.0,0,0
65,0,福岡県,26.713458284024007,142.72215135676666,70.54409649351562,65.83492702802924,6.8757071763645445,0,101.96973609591001,1.3729432298252688,1,0
74,1,新潟県,18.362363513078556,137.13363808932627,23.850632919572067,41.42195556072901,4.689677571173767,0,95.84059091063732,10.0,0,0
60,1,埼玉県,23.66922991153477,101.48677201194948,72.5011721297182,41.1624903001905,19.115402318051082,0,60.9154311497355,10.0,0,0
57,1,東京都,26.52122437519963,137.27757311463262,172.94705086951797,41.07802426896441,100.06211932711747,0,106.73859638579337,10.0,0,0
44,0,愛媛県,26.483494401087363,115.68373360998568,103.38664629664976,40.61020223034127,17.157973691348655,1,109.70465045646097,2.135503591329014,0,1
58,0,東京都,32.78007809326896,131.91795006667274,309.02038246713977,24.511774744228834,9.025966957794619,0,93.64808252186072,10.0,0,0
49,1,京都府,16.59458149347083,95.17193866060386,52.76156380328931,50.361107496418434,8.336727736601995,0,91.15709434896456,10.0,0,0
65,1,千葉県,24.14907318422935,130.95125898610598,313.06499411727634,42.51155839215136,20.68494513109504,0,110.80590138977028,1.0791837785949543,1,0
70,1,広島県,28.356890107969644,102.4391736764243,100.02858338032141,41.76773952201602,47.51102290340794,1,94.00690331025139,10.0,0,0
67,0,千葉県,24.109103136261712,144.66398098272472,79.86765154734607,72.51444490910494,5.86076621632485,1,115.41146737766495,10.0,0,0
58,0,千葉県,19.193588441723534,84.86100550641024,95.61205576153814,70.92673097785587,41.021828786825424,0,74.61934528827732,10.0,0,0
48,0,大分県,22.836658503720802,96.35609049310565,76.95403186894515,55.579561480839345,29.562717181109296,0,87.31005222169902,10.0,0,0
42,0,三重県,27.238108963392573,133.93506504563152,94.10171439318228,65.13225057396262,11.414898726589156,0,104.83394211197894,10.0,0,0
54,0,千葉県,26.308566530524146,113.03328489283251,262.5847238255602,41.11715914222917,26.584980890087646,0,81.3429242329284,10.0,0,0
49,1,千葉県,27.252079228411514,143.532430463949,105.87450581512296,61.43328458594013,7.35180737548015,0,102.11735136309743,2.7426376787915965,1,0
62,1,新潟県,27.450104322470217,119.84906072518133,186.36931864997928,54.920462286197186,21.625781255014783,0,71.00125800880228,10.0,0,0
45,0,広島県,24.046648294502443,121.84689198694184,115.48220779478419,38.38181099082236,19.482963472861314,0,94.15452629193848,10.0,0,0
60,1,福岡県,21.443134657293317,104.4637524762157,83.2473652949434,40.98168917749674,4.914369287115426,0,101.14306358698116,10.0,0,0
54,0,京都府,20.520778885041484,118.9013919909145,68.64132559397862,30.031594363722153,8.41351353919457,0,83.11075832509358,10.0,0,0
51,1,千葉県,27.08536553943801,133.92416307639604,181.09746893873003,42.84431635495193,31.578409416675417,0,98.33507640063875,10.0,0,0
73,1,千葉県,20.7263172270486,144.07312305068538,51.782727632118664,40.34679024122533,15.82432819287197,0,120.19685837200102,10.0,0,0
69,1,大阪府,21.7724978196744,114.97047832157672,77.67649667119703,47.145497936934156,9.111383910614448,0,71.52991392158944,10.0,0,0
67,1,山口県,25.67166679096293,101.48827153502833,76.64017495508814,43.69769341055015,17.84123553014637,0,104.21918537836837,10.0,0,0
56,1,茨城県,28.0044557818375,126.9262399198914,64.69182940846828,40.67498430406264,29.43043510157627,0,83.05561272226106,10.0,0,0
42,0,奈良県,19.85762956864102,97.02254109763653,85.15846036289373,56.09246414612855,16.48437659300069,0,109.47605356104516,10.0,0,0
40,1,長崎県,22.221822542304807,97.14055956571559,49.14729095703989,40.905803315201844,6.802352721782055,0,115.67155137745935,10.0,0,0
70,1,愛知県,28.368484536202946,146.29108408305683,100.04937260958624,68.0016222835317,19.32900357499033,1,72.03131301511738,10.0,0,0
55,1,千葉県,19.868187302063653,114.24609606256989,94.6825729872335,56.474539824231975,3.4351395721370315,0,71.63861534471711,9.349872633675979,0,1
70,0,千葉県,18.249246390140954,104.03155639837732,155.64583859971484,41.71047436425877,7.8319192306025815,0,103.18482703290165,10.0,0,0
44,0,千葉県,28.16672418590008,145.4181499153934,114.89378170919858,55.52891703404268,23.729627562827996,0,88.19773294383917,10.0,0,0
41,0,千葉県,23.645376068069062,115.69953599303325,173.1970664826057,51.74331444426947,27.75020788465158,0,105.04884394156927,10.0,0,0
62,0,神奈川県,24.985854468304215,126.4213363454795,93.26853936639893,55.59019012687812,14.701610590384833,0,103.08148918137893,10.0,0,0
54,1,青森県,17.459827626094203,98.0103878935323,34.301470798160075,42.75881602388922,17.020004311577694,0,108.19039637951897,6.304976776760792,1,0
53,1,神奈川県,19.1929627098387,117.1247854517217,39.8644221141405,41.81480747987025,5.007106270071813,0,80.55742156818013,10.0,0,0
54,1,東京都,21.860694108249913,132.4429637108547,73.5134663260424,41.969753533098185,8.873200778476098,0,75.71105348635125,10.0,0,0
55,0,埼玉県,20.78925802822202,81.5586157672151,103.21265046629979,41.33877364765862,20.70252502266196,0,83.53808898743598,10.0,0,0
49,1,千葉県,20.467650016492346,143.65785459217162,130.00271231988472,40.667215904901504,12.771715107878139,1,74.49700787465959,10.0,0,0
49,0,千葉県,21.205033634238866,86.84105042483407,84.17280475469718,45.16209619867651,5.220659528241505,1,72.91348409315417,10.0,0,0
65,0,静岡県,20.39099160756358,96.80118744349026,110.70741681847203,41.437937351785976,20.770963498015377,0,85.81072752525985,10.0,0,0
45,1,大阪府,28.741212030644753,103.57215726291105,96.75671424581266,41.082203575964535,23.870311124067246,1,92.7078965388303,10.0,0,0
51,0,沖縄県,24.95018904636316,116.74049826784342,58.543149579044545,58.43185522130898,16.84116686380544,0,73.59692286397332,10.0,0,0
53,0,長野県,18.635226352058464,111.3441485507062,66.60568164421844,40.95374720058234,1.8277031710205678,0,74.41983910821718,10.0,0,0
48,0,愛知県,16.677093151108366,103.77976584709432,52.56900283367175,42.056923929731774,3.397024273539162,1,82.81827281602784,10.0,0,0
67,0,佐賀県,26.19408728507594,131.15992839528377,34.38906930348944,42.175878485297545,17.95228605996164,0,110.59951586556537,10.0,0,0
54,1,愛知県,22.432242367433044,145.00186988667195,71.26034721798179,41.472823982788945,6.0601791764796715,0,83.91814736535295,10.0,0,0
74,1,千葉県,26.09952618738884,135.20530767602514,40.07990018915741,42.222872651104765,9.40204760181179,1,107.13664621725383,5.19922268121553,0,1
74,0,千葉県,24.65960659235098,135.31782673534013,213.10447130069713,49.397768490724616,36.33508785357196,0,97.90614122329872,10.0,0,0
67,0,和歌山県,22.183109733363118,156.3055650617415,518.0945023904268,41.71835203372342,15.22971880315299,0,101.9403183021379,10.0,0,0
47,0,千葉県,25.20680473116479,119.55102658578343,59.93484546948791,58.50456891641867,8.259442920083249,0,108.44078915526013,8.767848692779538,1,0
41,0,群馬県,21.786994618577292,129.7464164826866,75.63885431906736,42.14938596373143,7.381841749304138,0,91.23455424445366,10.0,0,0
50,0,静岡県,18.078998203672043,91.02706299908397,47.026608512479214,41.187533232345416,9.576828453846707,0,85.89118783908633,10.0,0,0
43,0,大阪府,23.64167166401172,132.74978913234088,86.375590926521,40.92524547385555,4.855450705084689,0,78.0949484732619,10.0,0,0
47,1,茨城県,24.283986542943488,125.548419115391,223.20883842807027,42.34922616020341,24.63791739263814,0,110.25093517012131,10.0,0,0
73,0,埼玉県,23.445003217010658,142.66341983161564,100.6046256886341,47.36614880635848,31.92009910315597,0,115.78919602935089,9.64920572641323,0,1
54,0,埼玉県,22.763050700094,147.7707532942741,133.600148042089,42.179200836552425,10.672843882553197,0,123.31047645912828,10.0,0,0
50,1,千葉県,22.49293934576523,132.0295463930494,168.71138577254874,41.864429710554234,11.354689519281717,0,114.27690287417002,10.0,0,0
58,0,東京都,30.726195111274993,133.95135470274016,68.83562900523017,40.34068030277218,4.834463375536958,1,103.07970060354278,10.0,0,0
46,0,千葉県,23.924161509966975,108.45035862710154,37.159235947826964,41.346894002258004,14.470733793440656,0,99.83369076851088,10.0,0,0
68,1,福井県,22.487159468929207,134.64698164684367,58.92911439640409,45.167440377317114,7.358471468006536,1,111.63807437885451,4.6904700536751625,1,0
74,0,千葉県,25.139583797152092,120.50192640784718,28.1442622180063,41.695408712757136,11.690423677278325,1,115.12084325000014,6.291411726999551,1,0
49,0,石川県,29.938699468490743,103.36662899572262,115.06525134528935,45.517237275215656,13.058208016869552,0,90.82637345298257,10.0,0,0
48,0,大阪府,17.11819025628421,74.82135079013034,56.83613437494105,34.5311716367699,1.1719463321387285,0,91.40224800981336,10.0,0,0
67,1,福岡県,24.729741800180918,122.23608102682518,17.99778042992328,41.11756415051892,2.4467268875129955,0,85.64900275926807,10.0,0,0
64,1,埼玉県,28.382733614092967,122.1782841424655,89.98721537083794,68.25147290853988,21.623631893641598,0,94.15584824095284,10.0,0,0
61,1,神奈川県,21.56302483708558,102.43162098143436,130.20807119501117,41.53409668105308,17.392492037070266,0,116.4786795564313,4.714153257140327,1,0
56,1,大阪府,26.25505473148839,149.49938161097307,96.18156792196294,40.64098410263975,25.6274960619757,0,109.47523927278628,10.0,0,0
50,0,愛媛県,30.16597918658025,114.04310109246836,97.16859391460208,41.27888709517002,33.50417623939897,1,108.4708990205853,0.2839433713069777,1,0
54,0,福岡県,24.104781127906524,133.98685945649987,126.11405527729069,41.202186795766885,9.342376205988353,0,86.01892008209933,10.0,0,0
40,1,千葉県,32.36642633974817,131.9895231396671,255.50854535287704,44.365306704294824,20.53817098340003,0,89.11485208693261,10.0,0,0
60,0,千葉県,27.237859525631094,134.44837834828968,139.1681851110816,54.35579885582012,19.62260318815613,0,113.83707087922497,10.0,0,0
68,1,大阪府,23.594941619459398,115.86545932594152,175.66644111644052,68.54082701233457,4.659453273131679,1,113.74869980226396,10.0,0,0
56,0,千葉県,24.088802066355196,116.02796270654258,34.492889446075225,55.49746903325994,8.435633842356266,0,93.67840679633517,10.0,0,0
67,0,東京都,21.37732216074341,128.59893713720518,81.46364095199007,41.22240807247999,12.095305283369997,0,100.3686983978536,6.843894370171562,0,1
73,1,千葉県,21.034678273532588,101.17259560844639,31.367170548903623,61.13076830807835,18.06650302665548,0,108.37849626052962,10.0,0,0
55,0,千葉県,25.27945109292703,103.89361043138953,115.14437329578618,49.32221615863707,94.39640745013573,0,88.62806778033936,5.353545303832454,1,0
72,1,兵庫県,26.12315967014494,118.1665854805214,134.16177097803845,45.148323222404706,40.28557976876018,1,95.56531634844225,4.522858929620248,1,0
52,1,鳥取県,21.006749008021004,93.44182582653079,128.1972435204904,41.360994903242435,1.7161964927172384,0,80.88051988098753,10.0,0,0
65,1,岐阜県,15.524958466345947,109.89438627354926,42.06494664984184,64.91916228747996,3.1293937538546808,0,79.70070782142686,10.0,0,0
50,0,神奈川県,19.055685378530132,141.29587340257825,37.231904343449344,41.99006058005638,20.447867496190867,0,79.0664849233756,10.0,0,0
58,1,大分県,28.753521695692164,161.25743041788945,160.86376763409567,42.07663222925225,47.561077916240144,1,102.43398987218852,10.0,0,0
64,1,千葉県,19.014663082930163,120.00501322925068,66.35131808924127,42.01405205120483,6.265772830412742,1,90.78935712849588,10.0,0,0
71,1,千葉県,21.891083293061527,142.9790650496128,183.8691334733365,53.33651763949399,9.513491342282999,1,80.97620214149671,10.0,0,0
73,0,千葉県,24.630191412963022,145.02449523945364,80.9235369294614,58.175804315284445,8.532626400498037,0,69.57478757177248,4.741301498228345,0,1
44,0,宮崎県,23.697614045013754,96.54028199430986,130.25350954130383,41.12479785001356,106.35835683913469,0,91.91053787971768,10.0,0,0
44,1,沖縄県,23.454892095875458,112.07993423897793,66.54428554229032,42.92168677612573,11.639615917194043,0,101.796885301353,10.0,0,0
57,1,千葉県,26.048727093937828,122.09604473027738,51.14641838036912,41.3445044186499,6.894797579519112,0,105.62151204917797,10.0,0,0
64,1,新潟県,16.4218311101593,129.49023340271157,77.64427735033428,42.194692535663364,3.133858828996553,0,108.80954443830085,10.0,0,0
60,1,千葉県,25.241999134667616,151.05091792573188,84.109164463154,56.21285895593586,16.38239011410017,1,113.08188025071915,10.0,0,0
46,0,千葉県,20.78559459292024,91.52866984637647,13.50797370333258,54.79037495319783,11.373134775582725,0,64.94948767888671,10.0,0,0
44,0,茨城県,23.395958571468768,119.66920259735534,68.336690986616,43.775485474390884,12.767965168377804,0,92.09738531460036,10.0,0,0
49,1,茨城県,31.41579173483956,106.17257745119477,446.5889545727897,41.186097973194336,9.42387381752216,0,85.05718232505909,5.4142981169579105,0,1
41,0,千葉県,23.070024164777397,100.18710145310214,86.69020141808164,51.14542066980327,10.596170694523877,0,86.07868320413681,10.0,0,0
63,0,千葉県,24.707782148148958,132.35374396835766,160.94668198739993,41.2637622740043,6.218825431401423,0,79.94599986239403,4.154454027661249,0,1
40,0,埼玉県,22.947238263072734,90.7819412231858,122.12576196258642,29.89450645898403,11.68639033382674,1,76.45750074168637,10.0,0,0
71,0,沖縄県,27.086706388445023,131.77909234722367,115.77490553727425,41.76568713909517,21.72094356002251,0,114.74296133777786,2.5067288760012416,1,0
47,0,山口県,24.671332796728834,114.89264069089599,52.42783778523118,37.85640719187464,6.328614470404962,0,104.24076717130012,10.0,0,0
54,0,千葉県,23.43124042869772,120.76381862823393,94.68248283039628,41.34920514095094,22.75563290918243,0,74.96151340833491,10.0,0,0
52,1,東京都,23.033419582246186,115.51871690321977,53.49637690221772,40.79785324517005,5.189056086974628,1,85.89848581694619,10.0,0,0
49,1,千葉県,32.33659161931557,120.22323211523808,74.61773105868912,68.24942409474934,18.82976833674796,0,103.11604804777978,6.486528640026964,0,1
45,0,千葉県,27.099256695286755,125.74222421518822,130.20877007325913,41.68684241801264,20.96329487119177,0,82.02386322564873,10.0,0,0
49,1,福島県,19.04259712698035,97.00111873038894,72.0137659841392,42.43300517157003,10.438009490757995,0,74.39394803472105,10.0,0,0
62,0,埼玉県,24.476453267782066,135.17307218233606,96.0338257615321,41.85495504484876,3.531478609548634,0,106.72937244276383,6.4050587466951034,0,1
57,0,熊本県,21.74016497254348,114.07574574553723,143.34242524782564,41.11568632420058,8.885442048088464,0,87.82213774306264,10.0,0,0
47,0,愛知県,19.15522574818945,109.82696353906142,36.57319184206645,63.3650341424469,9.603439750804657,1,102.05244754747187,10.0,0,0
66,0,長野県,23.721759460234473,110.61677952153141,130.57828314853222,51.76183381326944,41.085088747737466,0,120.13054571726661,2.4331504231740335,1,0
65,1,千葉県,23.69850031060927,101.26412470199755,370.58459213415296,40.855877140399464,13.067324160871756,0,82.70257922667494,10.0,0,0
74,0,大阪府,21.589325194287113,132.88674277300092,56.432609021006414,40.68854943957213,6.364521737977432,0,67.03485580367727,10.0,0,0
68,1,東京都,27.24731182361506,131.0072965477224,77.2966787108396,69.4665195993343,17.005763609343045,0,69.6605649936567,6.857668340889813,0,1
64,1,新潟県,21.37243605537727,129.739742354186,67.79454324687391,40.85955971817833,9.639450991731069,0,96.32001797121963,10.0,0,0
47,0,埼玉県,28.59273432860134,94.84696220626451,117.1449400999951,41.878985342003034,8.049307856465154,0,116.03850382871143,2.7216302283648823,1,0
58,1,富山県,20.460294952229855,164.11470191564825,34.08877411271929,64.26359699478512,8.583274533234544,0,93.63977257139663,10.0,0,0
69,1,熊本県,21.5397888154147,129.6275863074848,96.62271047851155,41.175849778602235,13.854182823520667,0,90.93161476224508,10.0,0,0
73,0,愛知県,26.627699179458805,140.68983129511753,74.94609218745104,41.161337344589604,2.7421941691088385,0,75.8856156204585,10.0,0,0
65,1,千葉県,16.555591828003895,118.83407400630522,75.63360132237098,72.51276241194508,18.243249256227152,0,77.32649752646228,10.0,0,0
52,0,三重県,22.754078114231795,116.2621504398125,76.39438645341578,48.61799334312349,6.99262704497555,0,84.85862528603072,10.0,0,0
68,1,京都府,27.882383923303774,133.47335835113333,80.54948355472013,42.52475935056486,35.26054173880177,1,88.50583141072046,1.2669911789142305,1,0
65,1,東京都,22.74198928147724,114.8697247992585,52.76642996317468,39.92019388177036,2.1995273484123934,1,99.59278477413729,10.0,0,0
74,0,沖縄県,18.73045230011507,119.85335936026897,98.42819681552777,51.145501328716655,3.013952462176633,0,80.59948867667401,10.0,0,0
47,0,東京都,31.303801129364075,136.12152381199715,22.98877748891622,40.85616375002015,20.092414377389364,0,64.61551442666757,10.0,0,0
58,0,愛知県,26.397992449861228,149.37089663342874,112.4436961004803,41.69879044397845,30.238137435385884,0,104.30804117888059,10.0,0,0
53,1,和歌山県,20.875925017800057,119.0023901063861,15.800174321181434,42.918652570045204,3.7762866348295923,1,57.650187341091865,10.0,0,0
47,0,広島県,27.561747761922984,117.94139900815743,92.60133282474717,41.49617360115951,36.01815419353621,1,80.33140477841148,10.0,0,0
66,1,青森県,18.82694300336261,105.07335779528128,50.52185532634228,41.796551874671984,3.587190830856981,0,68.5148354142038,6.9879415793279005,0,1
44,0,埼玉県,24.516418004494582,128.4688709868025,105.26940101002505,41.59121575057124,20.685278723289304,0,74.9100129655725,10.0,0,0
71,0,神奈川県,25.07617856353528,136.35537504843163,41.42823350952407,53.46589079128379,3.7584037300608286,0,84.8098763114074,10.0,0,0
53,1,東京都,19.121887853145164,102.10210954374388,89.15291873428487,55.21513284915487,7.3127298954008495,0,101.75119833301976,10.0,0,0
53,0,千葉県,24.206045004648647,133.93068854836204,100.04850538961041,41.90610842902064,15.247217981824592,1,81.3207560077529,10.0,0,0
53,1,千葉県,23.124951168901966,133.12429606116217,85.22926379348007,65.3842624356167,18.755272147771496,0,86.9007608892676,10.0,0,0
57,0,和歌山県,24.212025673341717,122.23510579203656,52.96062344325806,36.96043405831834,21.69175293728696,0,76.24506490138103,10.0,0,0
45,0,広島県,17.72913639268945,115.01023010137575,57.95280436032135,54.64721550960855,13.068234384315495,0,96.20801804013747,10.0,0,0
52,1,東京都,21.88006855956989,119.44285846494884,62.45086257190727,54.351234099510464,24.82180290868803,1,82.10295686021917,10.0,0,0
55,0,岡山県,22.512440512518136,144.59512750364703,187.3774240859663,46.148695594401346,47.52453061290304,0,91.66168676571603,10.0,0,0
57,1,福岡県,21.550321998384888,152.21154636596634,263.6480941722643,61.09495171656257,45.023397563921215,1,105.28017687066801,1.0822824747170927,1,0
40,0,大阪府,19.137058657666707,125.1777919260827,77.67174267179126,41.33986898945203,63.518025154568,1,82.98424237438171,10.0,0,0
66,0,千葉県,26.131996617412625,109.60562091548127,63.89508155412506,44.5487617291387,5.987294413681521,0,94.79702820296488,6.245183187966891,1,0
47,0,大阪府,28.15008066516745,145.03754584221568,460.2853590630763,41.79291891423917,20.049467345920043,1,88.20233318294801,8.912070017965807,1,0
71,0,千葉県,23.748845051722054,129.11574974052996,63.24431868587749,41.0372601343385,7.223723973922594,0,73.04821315416845,10.0,0,0
42,0,岩手県,18.77254081309857,126.97946013606862,116.67710620320506,41.10125165454275,28.415237199321993,0,102.0820137752964,10.0,0,0
42,1,兵庫県,20.269967466555247,127.90923284486144,27.406041810716953,56.77492498786397,5.680534977194264,0,89.78260988224854,10.0,0,0
50,0,千葉県,17.976967658927325,139.9155523328667,62.4497362707205,53.4511517950778,10.861490760611458,0,86.69631356370913,10.0,0,0
74,0,大阪府,25.83872544075481,143.1600204198269,146.3716778360345,65.05550455494037,16.381379915240604,0,93.67726233922947,10.0,0,0
49,1,千葉県,23.222356059744808,138.7506581329634,110.86487645101778,42.31843664042813,3.868693400934361,1,73.85518122980368,10.0,0,0
67,0,北海道,23.99469993068941,109.93000198210933,69.52963315198885,42.79253698183844,8.259630057877931,1,78.80777191616994,10.0,0,0
71,0,宮崎県,18.716806492095447,150.71361356649913,130.38701341479268,50.462645754816435,25.76525419139127,0,96.15422915151572,10.0,0,0
72,0,千葉県,20.574109723107238,132.75381698935124,70.0068914045533,41.21461875229437,14.776275666422938,0,116.83131921070404,10.0,0,0
42,0,東京都,27.815178162938953,138.2320354140637,34.40367984416694,40.69910062571174,30.238186107984248,0,83.06252290464249,10.0,0,0
54,0,群馬県,20.61634485388686,113.97210144411437,76.52933252828834,41.29043944859749,19.871384275406445,0,62.4840695040849,10.0,0,0
72,1,千葉県,26.125247878532434,149.09236763187664,132.8605052456527,40.981542427880115,17.679506029600198,1,115.28959655116175,10.0,0,0
51,0,千葉県,23.247898715931164,128.10329145999864,183.19892398054557,41.40861306129441,22.130549093602152,0,86.18876181499701,10.0,0,0
67,1,岐阜県,22.655899101109704,130.33816733414136,76.5403297768168,41.60744199249634,35.36277020707758,0,110.4784536630028,10.0,0,0
51,0,北海道,23.454841050659482,119.95400416308557,101.84363002948444,60.94568343077622,61.451429977198266,1,97.66760261611775,10.0,0,0
57,0,岐阜県,24.666319868978857,101.83273806012713,33.837514494542134,41.82037047115383,45.03319526055545,0,103.10341970625328,10.0,0,0
74,1,千葉県,30.003216969097135,162.29947842138841,83.81647152795706,41.25615225860628,19.013654004514276,0,104.1855979184198,0.0027378507871321013,1,0
50,1,埼玉県,28.34814936971079,147.2872019673426,348.3300821984451,49.92827541939116,20.92516958238307,1,93.65370027371056,10.0,0,0
59,0,埼玉県,21.940412281619416,107.86414478905752,46.92108746950913,42.42989078018715,5.66915773811842,1,101.94756075508725,10.0,0,0
55,0,東京都,31.51583774529779,154.20169163168384,96.5890172250782,40.795467633369874,9.378973705406079,0,118.10028114237369,2.530529092599213,1,0
65,0,東京都,25.885234323778562,115.04489620004712,68.65230558452951,50.76196934454228,72.15379054078271,0,108.41604659960932,10.0,0,0
47,1,千葉県,27.18567533940912,131.0462705506811,125.31762677884814,41.31862197420765,31.947910530548818,0,112.27920614195972,10.0,0,0
48,0,宮崎県,26.811983459413202,111.7714533259242,110.10554666531631,46.52256384391421,67.85026899932753,1,77.45314508017054,10.0,0,0
58,1,長野県,20.00082900731627,108.73371984368998,44.39783932674028,41.65287699153067,3.3826042001012224,0,110.15289260216711,10.0,0,0
55,1,愛媛県,18.704221971444433,119.5094829351783,40.82707562333307,64.87703228453579,41.779628369243504,0,109.71419810402261,10.0,0,0
67,0,千葉県,28.207687042115143,148.54492384593928,334.3415680131785,42.54262970078529,15.678398086370661,0,97.09081352642686,10.0,0,0
45,0,大阪府,28.16690078053598,119.53079226067693,179.44429603961063,41.90884393839089,31.98634758157653,0,80.58383451022485,10.0,0,0
53,0,長崎県,21.01709796656215,126.11096864184525,64.25926876655565,40.75753447685511,3.397017901803068,0,76.26929593266802,10.0,0,0
43,0,兵庫県,26.725636066948386,114.90447439382255,188.04643265004424,51.02405698995624,24.350637334337502,0,117.66600885197587,10.0,0,0
52,1,愛媛県,29.879513433778623,155.86785227189543,83.33731554100014,42.228113701688045,27.510807361834427,0,99.9874668083095,4.6808322309651045,1,0
45,1,千葉県,25.568398053155725,133.23630953144362,130.15654818079207,42.54938940503304,15.663993687391342,1,110.25495105782515,6.934002332213476,1,0
62,1,東京都,19.385939299707807,145.31746308078203,223.21335590344236,42.13176323358716,15.076228222560982,0,87.36313126384894,10.0,0,0
48,1,大分県,23.289503449755614,114.90327620625617,56.2999874161914,56.157906258000686,22.796960799782724,1,100.606006866238,10.0,0,0
61,1,群馬県,20.324079855420074,119.96512712506583,88.83331608730005,47.34378195098628,45.52329841206299,0,117.39258300189167,8.661421914727187,0,1
41,0,山梨県,21.756328082465338,79.43884873688187,48.581280588324965,55.672785979987324,4.139743182796295,0,51.42483707921525,10.0,0,0
73,0,東京都,22.86550882872216,119.52969493045265,85.31286410435747,41.283218489715104,9.98547984317977,0,124.65995125753872,4.3171335027257705,1,0
46,1,奈良県,22.981200266458195,115.66631813661114,76.98950533711604,42.40766901838235,22.874013776243146,1,100.91275551148954,10.0,0,0
62,0,福岡県,13.85440907719159,96.06935244047659,49.62947824073821,42.224689460944504,4.384403105681498,0,76.6617542572733,10.0,0,0
63,0,東京都,23.471727129924332,147.33508493019215,136.41211166450609,61.26674240847138,7.956657790357121,0,86.47975037651003,10.0,0,0
41,1,東京都,16.50056862221299,102.96704686569913,22.218104715255198,61.24903173757135,4.564718160655166,1,72.56567036943615,10.0,0,0
50,1,京都府,31.370210777859622,113.86835821741623,499.7763509279362,37.815663449781425,26.86720955922811,0,75.75658583688015,10.0,0,0
42,1,佐賀県,19.903107462672075,108.6665374526171,38.432293091316964,61.266452605289565,16.1903720047656,0,109.68817389072706,10.0,0,0
46,0,福岡県,21.68307170524209,130.99708164816212,45.128257015157054,68.54132121314245,19.1025653211098,0,90.38143718730346,10.0,0,0
59,0,埼玉県,24.70582665338086,98.41354376902736,86.41589202193707,49.24339760470742,6.229508660324317,0,111.16179655416988,1.3832858814396771,1,0
47,0,福岡県,22.85529756239444,132.86870038511435,55.97843371538856,39.168149667400314,4.3618135668715965,0,96.46168052980563,10.0,0,0
50,1,千葉県,18.034671165881278,140.1053562202575,112.52732108194382,48.580270396209514,12.442407593900088,0,106.71768972089406,10.0,0,0
50,0,愛知県,21.29817038989347,125.52161668370309,143.00365049398792,56.66734236580014,34.86155393114082,0,85.64248192086244,10.0,0,0
43,0,千葉県,21.379916951524166,100.24464303848475,15.242051703268334,42.17760124401997,21.529818496419676,0,79.96400354781275,10.0,0,0
58,1,大阪府,21.89438569243846,78.21727834229195,185.08320643825357,41.136569342527366,2.7291137498921376,1,65.8474204712972,10.0,0,0
54,0,群馬県,26.362350470125484,132.44677672616902,175.88251177838538,46.71808747869515,18.080215125015187,0,95.59962819148367,10.0,0,0
55,1,神奈川県,18.63547515335076,127.89675980273537,73.12829610901406,42.55552212961636,5.087521147982284,0,82.72271166369696,10.0,0,0
72,1,千葉県,27.04901871083796,119.05456695384237,199.10432999416696,41.11565371113678,28.63714220559987,0,114.92817995261046,7.496940422745606,1,0
58,1,東京都,26.845950232125542,148.2100510229846,77.0255558642466,41.31375952676263,5.670096402098456,0,99.75471643057406,10.0,0,0
72,0,千葉県,24.78641308993122,152.21731237539265,53.692788508483424,42.843811229770196,26.726051313587128,0,121.1482090537435,10.0,0,0
74,1,愛知県,26.514046701105077,132.46726712569662,86.24232792587212,42.43888376402574,34.78379854534025,0,122.38198293982842,10.0,0,0
44,1,香川県,24.296351360940633,112.95803818451398,83.15225883706852,50.66638323668337,15.24593530298879,0,102.28242807614187,10.0,0,0
64,0,愛媛県,25.777420628960314,126.14648374237231,68.5698115061624,41.64265787423107,20.91497833517276,0,108.37673303619955,2.751550852662713,1,0
45,1,神奈川県,24.336550283758513,113.853975521397,14.022582707123798,53.83103515491019,29.700005072408455,0,64.61500942161544,7.6453591253188105,0,1
49,1,大阪府,25.69323340607227,115.5154324750834,99.32303789104884,41.85861130887384,29.422272530708227,0,69.7765254112214,10.0,0,0
65,0,神奈川県,23.222961988357856,129.78251373565496,47.17574560034607,58.98094006776502,9.851853217500096,0,102.08826991368991,10.0,0,0
51,0,神奈川県,22.91787147658479,116.10464861896413,86.32958917402028,49.49766414450043,9.02602320551682,0,103.10770005377142,10.0,0,0
53,0,東京都,14.925209727672039,97.29271231263891,64.36043398620107,55.88397839297297,6.7752286916121385,0,107.45145852334309,10.0,0,0
40,1,愛媛県,23.545823277969543,111.27915078018553,135.57542168329834,42.43875353726276,4.600650292018124,1,123.66545127232366,10.0,0,0
47,0,新潟県,16.589218328231237,109.94853607364868,54.88233284412937,42.05362526355709,4.994533161691373,0,77.46503698263723,10.0,0,0
47,1,千葉県,21.514751631691464,97.94020553805693,59.94364659862343,55.88126141082298,21.482959150547007,0,95.5997037690143,10.0,0,0
41,0,大阪府,22.36784673741728,131.10882668984513,67.27677062502244,41.6538171753797,5.701780240095868,0,89.6014450449364,10.0,0,0
61,0,高知県,20.416608711242066,128.04774439599237,65.81822396248505,50.46861820998877,5.327787111245478,0,80.79985625619248,9.286121271723205,0,1
73,0,宮城県,21.202785126659727,141.07762856018655,174.7240224201423,41.79038272525898,22.863677985764898,1,64.06804026857958,10.0,0,0
63,0,宮崎県,24.143165291250845,124.40734189380997,149.98299210058443,56.70375156691634,8.802765464028688,1,99.48653841622429,10.0,0,0
62,0,高知県,21.802477502433135,102.47014432759805,135.98823250789385,43.6931070483077,37.91485790844288,0,107.5133989564301,10.0,0,0
72,1,千葉県,20.07320850059778,111.14667510756665,47.31155582404717,41.92347956185691,10.203169300088138,1,78.19481544868138,10.0,0,0
61,0,熊本県,22.602933778897302,144.42111787183316,31.086549700356095,40.562071528891565,11.56073890777348,0,84.50556747642773,10.0,0,0
43,1,京都府,26.69842919728641,133.51664834658936,81.61763018620697,72.17214601554956,12.146448811732322,0,81.9920570364901,10.0,0,0
68,0,福島県,22.940369272578316,127.16359795885083,207.7336558273669,42.49911925518417,25.016233134323528,0,87.58245988700389,10.0,0,0
44,0,千葉県,23.827088635240212,117.09645149896664,36.81895789771865,50.45341848234474,2.2151310210080255,0,74.90681989950573,10.0,0,0
47,0,神奈川県,25.069538104356315,113.8205341188412,312.8604721028867,47.66297531400274,46.564677173878216,0,73.63791411651663,10.0,0,0
60,1,新潟県,33.13479219572463,125.15860746622697,187.44677265146134,55.84868888521328,53.48196279436417,0,120.70771224004233,0.12013995886609345,1,0
41,1,千葉県,26.132697502463742,148.4584856066214,32.4994302769309,40.33979950692644,11.883410363088466,0,81.4105657318374,10.0,0,0
40,0,千葉県,23.6772500908969,124.25026316222932,34.34362127079693,41.61229315213258,2.1128448827152244,0,83.9332956372571,10.0,0,0
57,0,山梨県,24.79757799774859,129.1160589194052,75.04949427713302,41.522756166330105,19.647836328263473,0,85.20500101962088,10.0,0,0
69,0,愛知県,25.418058848781367,132.06302735155182,77.03754294063535,53.82247032515594,20.685022152407484,0,84.51368763957714,10.0,0,0
45,0,長崎県,23.24953590574496,118.53328037644303,52.96040834457091,54.47371346988158,6.860608193265772,1,120.77860259223964,10.0,0,0
45,1,東京都,16.075402797027003,115.68247786942584,34.099208427288694,42.892810804690896,2.2378020659728755,0,103.30316438071455,10.0,0,0
59,0,新潟県,21.515020644021863,103.79474308649101,80.59753879368994,56.26894763336269,21.24556682548529,0,74.83925571848766,10.0,0,0
40,1,千葉県,21.886664563797943,94.89808931360142,39.862146826902524,41.856658854411,10.462625484561027,0,86.86396522749368,10.0,0,0
68,0,神奈川県,23.98926760734579,122.02237425488673,80.13359467657132,50.349590836324225,45.03817235384629,0,106.03433735784421,10.0,0,0
62,0,埼玉県,19.80404470965406,120.58288641337346,125.1252774788873,41.115484407675055,3.868159698282785,0,89.14983862444228,10.0,0,0
52,0,長崎県,27.308023158323856,104.81050715992849,54.164658963930314,41.044807427408124,14.38839618678063,0,99.87400596915276,10.0,0,0
53,0,神奈川県,26.597538277617446,130.26093005468095,188.32889949092402,67.15257350301172,66.1179512257151,0,103.35856359278685,10.0,0,0
54,0,東京都,22.838238078096914,120.42775301139133,59.11261765381321,41.04476427882079,7.083726429131908,0,88.45716608412921,10.0,0,0
64,1,東京都,30.053232679975046,127.8519713322648,70.41366066413656,54.76060651842685,31.978741078122557,1,105.45369813147332,10.0,0,0
40,0,東京都,26.521697685055813,90.76759617610088,61.96351093475601,41.209035516659185,14.033376473150343,1,66.7192875613786,10.0,0,0
67,1,東京都,24.985786516929068,117.91662349086023,39.9676142319424,41.804478629399625,3.5366864687303607,1,87.35555069311079,10.0,0,0
64,0,静岡県,26.573509802119986,153.64533844245273,97.01919113462408,42.32014497073123,20.55082156117447,0,85.74711847749259,10.0,0,0
51,0,千葉県,26.165331236053238,109.0573555765394,125.39076511428689,40.69446309839909,49.7617747765634,0,112.97505667375863,10.0,0,0
46,0,千葉県,28.355315671608558,121.46454039999111,254.073254053704,41.115376753953264,52.48424682062783,0,103.09736687497133,10.0,0,0
47,0,岡山県,18.072217968595247,81.77360305293942,31.31452854048483,41.2890511270143,5.8287405835026815,0,72.62424307778113,10.0,0,0
42,1,千葉県,25.54378983579264,150.47387413220198,95.7463124508799,41.92208631553584,76.91238342439975,1,92.71590305949464,10.0,0,0
71,1,千葉県,32.85798509809212,119.74434091467195,468.2478013645294,38.67330133457906,30.786985640484712,0,109.70489747525416,8.75271467357628,1,0
57,1,愛知県,20.518509901427645,106.61940609430198,34.07219758550013,41.41251833002921,3.86148087133836,0,84.63146375477287,10.0,0,0
45,0,千葉県,19.728485956508003,117.93413200789445,38.684608788451925,40.75882177319308,20.38145939743313,0,87.06669713947389,10.0,0,0
74,0,大分県,18.68884862159869,109.83553255462529,78.01249183023539,42.43034370506479,7.231705227700925,0,110.15871677790355,4.96692571169513,0,1
73,1,青森県,25.6772357361902,140.52364051811864,88.49119946543173,41.41337472670909,3.077420238811903,0,104.88810549614028,10.0,0,0
74,0,大阪府,22.972174432325808,146.1769261186204,37.5452832071086,40.889840068413164,12.68692061036374,1,73.0692397505733,10.0,0,0
56,0,香川県,22.43960547911462,124.68007591482275,112.9789667443005,41.90383979404688,4.48815463481464,0,83.87531600703706,10.0,0,0
56,0,山口県,29.914068443900263,132.35999836701626,212.98956171713695,41.777005858589696,50.17407733380522,0,111.89822721517328,10.0,0,0
74,0,新潟県,17.76366803323083,138.59660642425933,65.3661978724523,53.38559377103561,25.553570961506477,1,102.24172186451949,10.0,0,0
44,0,東京都,24.218242730180858,120.11768121198007,63.60651727407304,41.37793109463253,3.081041264040581,0,64.89105209473406,10.0,0,0
60,0,千葉県,21.19619898431389,124.14865300161438,63.47768498280037,46.01084038467953,9.336710788024025,0,71.08758840071373,10.0,0,0
64,0,熊本県,21.622188964292036,144.40493252387373,37.202596595936235,59.23070181210866,18.08026065680243,0,96.51011019782996,10.0,0,0
69,1,鹿児島県,31.08542062194741,154.33412001023373,82.98721831765224,40.82988679971463,13.769566110588737,0,120.28479638419675,2.527708158591692,1,0
40,0,京都府,20.317868672990326,88.12588758752393,32.016004159822806,41.11837375739779,2.9444652214413605,0,87.0117160339778,10.0,0,0
49,1,千葉県,32.76641081285946,126.43705177098109,208.47426299856232,41.25981430305484,58.76222186511648,0,93.54269727757253,5.056126085523736,0,1
62,0,大阪府,22.30797342893383,119.96242200208711,77.33817919013035,57.97758516984353,11.517367148622975,1,79.05298914738056,10.0,0,0
51,1,大阪府,25.362991222385332,83.66233718938877,57.5141387736689,61.27475283120822,14.363537341468897,0,101.81800060466804,10.0,0,0
63,0,鳥取県,17.415956711568086,134.97412196260234,72.04755229900013,41.11551705477599,5.775293333145092,0,93.72248649547012,10.0,0,0
61,1,岩手県,20.68837743658674,126.88092070677466,57.10455204316079,40.58498654307133,2.3735701321329628,1,64.46776324182625,10.0,0,0
48,1,千葉県,19.46996278704594,108.2799823792037,56.082452727498634,36.97543140243261,15.296092252086556,0,87.54795182687073,10.0,0,0
74,1,山梨県,18.826762454779974,98.03913759235388,8.947443945387384,41.14376846708613,0.8778899660251824,0,87.9620170803272,10.0,0,0
59,1,千葉県,23.303711578673663,128.5603432653129,76.89451124975244,47.11713440147989,22.068551691158774,0,108.37212232620249,10.0,0,0
64,1,千葉県,31.302215536404503,161.45210690158208,115.8067462750026,41.69109229197592,29.645903724397133,0,119.13856349242123,10.0,0,0
72,0,宮崎県,12.176559389489434,101.45906529649113,93.40094764415474,64.28452327698707,6.519392859150442,0,118.10036800582952,10.0,0,0
49,1,熊本県,17.863502191731545,123.46285125411282,34.72927293402386,49.82922360762517,1.6428497666778918,0,75.23521192858223,10.0,0,0
48,0,東京都,24.607087833488688,123.22895533317298,80.55094945681446,57.92183207669366,13.653234434987773,0,73.88927525627092,10.0,0,0
52,1,千葉県,25.009890745364167,112.94583154956298,63.449699517520294,61.11528885509596,100.08404679741287,0,103.66322709948264,10.0,0,0
64,0,千葉県,27.18798619277905,117.78412987281634,204.484493199406,47.53107627787729,12.34065595550619,0,91.0887149046757,10.0,0,0
46,1,兵庫県,24.87499993968024,128.2597827963091,60.39861126655024,18.217032699460763,7.666761733133408,0,72.59182125719943,10.0,0,0
47,0,青森県,19.124554987921556,115.38790499307919,59.15158575562734,41.861572325771874,4.422457051823989,1,80.54123500962633,10.0,0,0
70,1,埼玉県,23.191856417770893,143.62768689018512,79.3434283018913,55.88745098513328,27.35004624523906,0,125.24257062727843,10.0,0,0
40,0,岐阜県,25.043911533454796,98.89632226806766,30.018855638953426,45.0147766542991,23.56931200578815,1,90.74030101368413,10.0,0,0
55,1,栃木県,27.48518060898779,158.17489813559195,93.67739822532836,41.99006833559845,28.877970418136368,0,97.62159166108884,10.0,0,0
41,0,千葉県,23.791927531872624,126.89094799263552,63.883409686228006,41.30074481726482,26.24075920882972,0,80.08374879332135,10.0,0,0
66,0,香川県,31.518864953848606,148.6808644667493,404.1681227202089,40.78311824456746,122.78301234183915,1,108.8161852537723,10.0,0,0
64,0,埼玉県,25.23493099720118,127.61549053537617,739.9988643665378,54.28854505835176,29.288238164730497,1,89.56503309568413,1.3058670970067519,1,0
58,0,東京都,23.116365236861903,133.98817610720866,70.70935665002375,40.728443088540246,17.391261642043602,1,122.54773400075932,10.0,0,0
68,0,東京都,26.12420758132335,131.6550204208988,109.91536376191787,60.63316887888898,12.878066818723568,0,83.47697632071502,10.0,0,0
53,1,千葉県,24.832113580551468,118.99324265238074,69.30126626012574,41.907235517621636,9.57681159429405,0,94.32140875956883,10.0,0,0
40,0,栃木県,25.795467758506707,113.97380040914118,77.97523220160535,40.820437774466804,36.667249732554694,0,71.08548669709835,10.0,0,0
54,1,静岡県,21.731491139681594,134.8636071235939,39.77575862228133,42.37541374623775,2.4643302820448576,0,90.8923128515705,10.0,0,0
55,0,京都府,27.117552690889486,121.31088684430448,258.46693370127963,40.697732068073456,11.968263514149337,0,106.08037937508824,5.364371607052634,1,0
68,1,千葉県,19.94080827055765,107.30918555983902,124.75695998319561,40.4703899523403,2.8272758601612527,1,81.23380064569875,10.0,0,0
58,1,新潟県,23.303539608912146,104.83944944248034,71.80103358444846,40.85680410818099,12.354073947202478,0,105.62185725148261,10.0,0,0
69,0,神奈川県,17.556200383021103,147.1350173836703,46.76257635476157,53.84284245124254,17.292728007117354,0,94.45755081479085,10.0,0,0
50,1,埼玉県,22.663416453731635,110.617407659026,160.38549362001396,42.17744393216105,85.9959153683128,0,77.42943038846359,10.0,0,0
56,0,東京都,20.861599524711853,110.00865848045007,30.572107433599967,42.453222552023625,10.453090321749821,1,90.83226367350014,10.0,0,0
67,1,千葉県,26.87442505647856,134.51729983098062,74.88142937756487,57.92597672648531,43.79782269145781,0,122.42489940527058,10.0,0,0
66,1,愛知県,22.54260571064559,142.3935612243328,86.59108342238937,68.40986243837915,15.66058547136993,0,103.09466605462914,10.0,0,0
48,0,宮崎県,24.86605041148699,115.50615648043124,12.516344386373746,41.08149203884988,1.7628336888910514,0,63.11299186349837,10.0,0,0
49,1,神奈川県,28.194720203632073,122.91068173120445,160.5756996485706,45.96333881131531,13.476842900746146,0,87.44626487258361,10.0,0,0
45,1,埼玉県,21.72590026775826,102.98802462921728,72.30691148517592,51.17298876778912,13.619367603267506,0,69.72089904565631,10.0,0,0
52,0,東京都,24.42683659620477,117.87366404135433,66.54501574317653,61.428079857066564,15.24633693910122,0,87.5465327115441,10.0,0,0
63,0,千葉県,21.768189062935456,117.42842969302596,121.09775534554447,41.26431206177118,28.339701441782484,0,90.01114887169493,10.0,0,0
74,1,福岡県,15.582471128049598,127.85828332362287,61.963613531912706,41.595265435444944,7.714019988255151,0,112.65451498449528,10.0,0,0
56,1,大阪府,22.867836047486815,92.48761493235916,102.41415606214355,40.671470966057214,41.53541103006538,0,105.61765655795436,10.0,0,0
56,0,千葉県,20.102931084632893,120.78937197669312,262.25689517697265,40.927277187574404,5.444691644422137,0,98.8383519924057,10.0,0,0
68,0,東京都,25.4029793378926,99.15066102248682,65.51741768982461,37.453394877644094,40.21521417597749,0,81.45135307219215,10.0,0,0
73,0,愛知県,29.080887429932194,137.71830910061456,91.43887950027545,42.407296178226844,4.994746687366784,0,94.08780141302837,10.0,0,0
48,0,三重県,19.459422118470226,113.05285506060626,38.728295831693885,59.1172664292929,3.0891138008600723,1,90.9456429187026,10.0,0,0
44,0,鳥取県,23.610673450598583,117.93440449912292,81.56453640440854,40.49521770625727,10.009760790681522,1,65.09001930749366,10.0,0,0
67,0,神奈川県,12.929633607216063,88.804356886351,13.19975001234423,65.90001685180094,2.1067188547815827,0,85.91124455024121,10.0,0,0
63,1,神奈川県,30.95012085372413,143.99576611390378,91.6297675414227,40.67964525547117,74.29273619372495,0,112.30314400158963,8.068076224252827,1,0
56,0,大阪府,27.728635095558612,132.7790666165838,21.174743508491343,49.805228829492535,5.032260068430589,0,98.29799730700034,10.0,0,0
52,1,千葉県,19.805427803517937,116.98195390437209,92.82595082731201,44.8304637285391,7.284060728744293,0,82.09671880490835,10.0,0,0
63,1,香川県,21.56226623950091,119.9390572581155,100.34141209711578,41.170897018981975,18.93112923123312,0,92.99483152867049,10.0,0,0
71,1,香川県,24.466975002558176,117.31398915520334,135.79592714690068,40.62379046348421,7.8399904254591455,1,91.20331987660083,10.0,0,0
40,1,新潟県,22.913968782867947,115.36787635397872,44.8362023004214,41.18719415103861,9.237556105619538,0,105.91360177017852,1.6047355985480578,1,0
71,0,東京都,24.987994886292974,164.13074294652105,69.5384203149409,54.70444760143441,9.666976990638144,0,103.03334404689508,10.0,0,0
65,1,東京都,23.035173765304,155.54794753001335,129.21244694032106,61.18516960388649,26.704053803675386,1,118.49900738708627,10.0,0,0
49,1,宮城県,22.746943983001074,100.03473938721814,112.13639677133354,57.87092447038194,49.24640032019805,1,77.43489828378061,3.7237470388504663,1,0
74,1,東京都,17.410567647269716,122.47489588145643,67.18404960229441,40.441983559892435,15.862110847827614,0,116.03299103884592,8.240151429850583,1,0
55,0,北海道,25.428372495553244,144.74250798929575,43.82391029122314,46.800565037043214,13.774680640366293,0,108.37063868718262,10.0,0,0
51,0,兵庫県,27.358872070382894,163.62810302907147,175.074363802821,56.92222307894248,38.214503552949296,1,108.82300822840975,10.0,0,0
43,1,千葉県,20.30610584734916,111.27909880425356,16.28556675737381,55.600240082341394,9.661397006870875,0,80.63181490800578,10.0,0,0
69,1,秋田県,22.923477459472945,119.22422092532719,52.838863970951024,41.42235825592168,11.245717622224987,0,83.41478072737536,10.0,0,0
58,0,福島県,18.462398397169125,118.05291182340774,208.63365862361078,41.9037881185489,14.989985859084697,0,87.54291058120535,10.0,0,0
66,0,山形県,21.681390431587552,114.16267236311542,80.55719906862952,63.48820918941278,22.717410476599174,0,98.21202134522758,10.0,0,0
48,0,千葉県,30.608786196804385,161.69179269132636,92.59681646978252,40.695217079105525,32.59804949160783,1,114.59760374448206,10.0,0,0
52,0,東京都,23.68291695383216,119.68418336909113,33.53797146218276,76.11826244358782,9.809473174436615,0,79.2045837456392,10.0,0,0
71,1,千葉県,25.749382778027947,140.5545386552493,316.53758133402874,41.8882846795583,6.1032017751420335,0,112.1407745175315,10.0,0,0
49,1,和歌山県,17.73094369112587,137.9790974804065,110.66037769479397,53.32285053833172,9.291753077700735,1,82.39759084161173,10.0,0,0
49,0,千葉県,22.929034533714773,117.18110374536965,66.13949033323753,42.385582404816134,5.5770006815772675,1,94.43718591952751,10.0,0,0
42,0,東京都,28.26236846845407,103.394739143566,72.2335429178069,42.43298797479625,12.130589805655392,0,84.75408097614874,10.0,0,0
70,0,大阪府,17.006884333576892,115.86562279392247,96.1728252692684,40.6206786431183,9.420925682010873,0,93.63457898669296,10.0,0,0
51,0,新潟県,23.60607449171184,119.51430565775769,74.1086810775984,63.95221401111027,20.450084353085426,0,94.9038058847787,10.0,0,0
67,1,埼玉県,21.68993149400535,99.3744461899122,134.5210746948324,41.415479174950804,18.32236257697832,0,59.66547671771298,10.0,0,0
68,1,千葉県,24.40129697600311,135.00029039119244,32.39248095823989,41.55996469039673,6.0017311029346745,0,104.85438240898061,8.675680035045518,1,0
54,0,東京都,17.197710816852588,132.46178954232363,50.94826037226428,42.12176902642778,9.748993988093178,0,91.74997062020611,10.0,0,0
49,1,千葉県,21.355795957925544,108.5749535325885,32.32664419859949,54.095072277195186,10.476114293477355,0,124.30748434915117,1.1119728569812102,1,0
43,1,千葉県,19.044748239882306,98.36815647354071,33.80388865399508,41.39269187851532,18.065284196138823,0,85.99023064202167,10.0,0,0
46,1,愛知県,20.543791780341643,150.48789444340457,98.25019963528275,42.19270589736391,20.030600754050866,1,102.39911084458062,10.0,0,0
68,1,宮城県,22.835831330375182,130.9891726512939,60.91058084191464,40.526710475576536,4.540641691291876,1,100.01981931940472,10.0,0,0
46,1,大阪府,22.72006186632198,86.68470634405797,112.67443607424589,40.9652797158742,14.57493769510525,0,89.31433656400218,10.0,0,0
53,0,千葉県,27.839494321283745,135.45171250336278,126.8687958976159,41.789767504642775,20.76532744402505,0,87.34618104165291,10.0,0,0
47,0,大阪府,19.96015134794575,131.11700207767933,255.04497093247534,41.93138280215333,52.643577718047446,0,67.06467508201924,10.0,0,0
54,1,群馬県,26.973034713105474,122.18291242473099,93.87156919259472,54.21090871676666,29.60356282608908,0,80.85453551207482,10.0,0,0
52,1,千葉県,23.249005912972553,139.74944216130982,137.0377051985494,41.70966925477839,6.874223585534832,0,88.32223614713833,10.0,0,0
45,0,宮崎県,21.95360165797266,110.17966374136539,120.47009587054994,40.194427571510715,13.710657379776801,0,76.81170183331265,10.0,0,0
42,0,島根県,29.841347135690775,136.7516897136004,88.68250925126802,41.604732065207315,11.248071984604119,1,63.97497191786434,10.0,0,0
41,1,千葉県,24.60733191901702,100.44366940776496,183.41424091751097,40.785135501363364,21.0373488675713,0,97.91135081298519,10.0,0,0
64,1,山口県,27.660576483088715,104.56200554661898,352.7616656077476,41.810422209709124,99.47672406474632,0,108.21957205477528,3.558368129976507,1,0
48,0,千葉県,20.997174375829413,117.78729038661383,62.60079374267433,69.10271552477609,100.12701215656195,0,70.35573327941904,10.0,0,0
72,1,山口県,33.98233903542047,162.5395146892218,208.64652917141692,47.10071297511264,107.0598677680032,0,113.58309165045249,2.12867226446352,1,0
49,0,兵庫県,20.134821604875537,119.09568177118598,146.12745441401955,54.48404456854579,18.85377625581177,0,90.32933721145399,10.0,0,0
70,1,静岡県,24.79647727700707,130.51925333221686,88.2255739713777,41.725096886090384,25.953930003796447,0,60.507376672432905,10.0,0,0
57,1,鹿児島県,29.03962139151898,138.1931927883695,54.53571996490852,41.65606487503524,5.57650040226725,1,112.20353249649709,9.193261411059034,0,1
49,1,兵庫県,23.703247469764015,159.61022623258535,99.74015065446534,41.898706947920466,13.740867047105676,0,88.6264089790798,10.0,0,0
73,0,兵庫県,28.840116968756178,129.2632006432527,346.47894343144077,40.981662810785245,22.1282688124489,1,123.40025090281604,1.9184983367652921,1,0
73,0,奈良県,27.92213469159393,145.0284897277732,88.06070191968658,56.93816958208112,18.307348008537144,1,117.84084720988626,6.766197970003507,1,0
70,0,愛媛県,22.824564909837473,133.92833975206207,108.56566516522061,40.894689372379936,5.848875817684842,1,79.11807234260527,10.0,0,0
71,1,神奈川県,15.769000148651703,123.8268410185311,27.389446226526637,49.46185800305522,3.3518627229673355,0,74.99067052364516,10.0,0,0
64,0,千葉県,27.36001636011014,121.16016883553323,89.65248067201333,41.228111410716835,52.34425873771033,0,83.67039625483454,10.0,0,0
49,1,熊本県,20.117471317749004,108.66837389034767,73.46516523304544,42.10873075555645,11.857109788617862,0,80.8270991457903,10.0,0,0
74,1,岐阜県,31.278799567591463,180.253872188362,380.17149971845,41.9705459599182,151.36485488955782,0,119.70575049644482,1.6097523903795512,1,0
44,0,東京都,26.899270804264944,122.57084888605645,212.3727465178525,54.450625197032174,15.202110889568427,0,87.78966444837559,10.0,0,0
50,1,福井県,21.738557761144687,150.78865401871664,83.84678406244245,41.72860398962355,9.346428728305398,0,105.56106261826709,10.0,0,0
45,0,新潟県,18.02072468262333,126.83656667617065,63.543289327140684,63.51766423674371,4.429888886501531,0,63.30382763447383,10.0,0,0
63,1,静岡県,25.191851626182924,125.20213919069988,92.87707071200164,50.82681595947736,36.78086866353872,0,65.00226394722114,10.0,0,0
74,0,千葉県,24.270996104247356,123.14986340766575,82.6832906495901,49.600416891452085,29.787435600585493,0,85.75977807373111,10.0,0,0
71,0,東京都,21.932665059667624,127.81652517132089,57.085439408134484,53.4747825594534,46.5255379966552,0,92.53501320233764,10.0,0,0
71,1,千葉県,15.271168145657345,132.26253233490382,121.76417356750464,42.40307606604913,4.474328264977676,1,101.90996267713503,10.0,0,0
73,1,奈良県,27.706323740603217,130.30167714888938,112.49291754642508,52.002015464338676,12.977326450919845,1,83.07793837882978,10.0,0,0
70,0,岡山県,24.149747693224224,119.07569664465284,180.3994182591906,55.15902434435286,29.82686737596953,0,68.0691212609538,10.0,0,0
57,1,愛知県,27.696178909372193,119.70294569390883,44.090137271483805,48.53431310531015,7.31259000463367,0,60.14655956402305,10.0,0,0
41,1,千葉県,25.241819247996403,99.51210670562871,79.34558027153376,40.673160405055214,13.77086853321071,0,74.46700112266329,10.0,0,0
54,1,京都府,21.178785943893242,88.1009522527315,75.86021526087373,39.56770670123097,1.0549478207862448,0,77.72712458923482,5.205874770742877,0,1
64,1,愛知県,19.719559445758826,134.8611824081652,99.40940289541281,40.765192626099704,15.848348294004683,0,81.23193707078123,10.0,0,0
61,1,茨城県,30.498959201897758,144.123953088586,103.59520366875095,42.3787444352494,31.830564474601406,0,92.60030490541504,10.0,0,0
69,0,千葉県,21.15659799342763,113.58574416985907,38.98022759081625,72.4700400997555,9.253859096244375,0,108.4373062682379,5.386264493377479,1,0
41,0,福岡県,22.479359653603215,90.6502080058232,159.0769289785226,41.66164573208009,6.392514347744628,0,97.74703248020992,10.0,0,0
50,0,石川県,25.61924708056508,95.895006378429,50.5584441741107,41.90341408855818,16.879956793161956,0,95.3809361081631,10.0,0,0
72,1,熊本県,28.228519040535485,126.3877615554012,154.78629271484462,54.313699053728634,45.5554044404415,1,102.39811011712656,10.0,0,0
71,1,福岡県,22.98502206780284,137.58842768719117,259.57442349569504,62.986991604628166,20.776135720346325,0,94.49462742637678,10.0,0,0
61,0,千葉県,25.603680115444323,107.11517296993993,51.24890873136308,54.322275131517245,14.45724808948365,0,80.84396701478889,7.860767378065602,0,1
45,1,福岡県,23.454865346518243,102.7965770587713,55.962022863285405,63.34679656587289,7.377381887238475,0,69.35736307019307,10.0,0,0
74,1,大阪府,22.368401871000188,108.35227163718577,66.622326401356,41.95744896536817,2.802902638851421,0,87.34929754955866,2.73772994221952,0,1
58,1,千葉県,24.98573302240503,103.45886594851568,158.40163168999973,48.145423666312944,9.783866037644188,0,109.85703066220964,5.546259575959951,1,0
74,1,千葉県,28.51875818966607,142.97636609812665,146.32592522314582,42.53218857204438,20.68519464278339,0,84.59126696793757,2.7004343649797766,0,1
54,0,高知県,21.522774730932518,105.69429632535305,70.53373566464349,40.3074876198286,10.312881003212354,0,93.77710877693758,10.0,0,0
66,0,神奈川県,29.77643318308128,108.06933511643389,146.83723987812792,54.529768172063946,155.4177899144975,1,112.7281186117965,10.0,0,0
45,1,千葉県,33.77037861715122,132.28353248769017,56.82999099913832,41.26710266699007,22.714964879476653,0,97.18818143165555,10.0,0,0
66,1,宮崎県,24.462666070580656,121.21533047785881,48.44898536366033,39.4357073523616,16.086793684354245,0,85.77038046072298,10.0,0,0
69,0,千葉県,22.532416952531023,136.0400667753148,122.53774892670087,40.87255655275718,3.5690017075315015,0,87.93798008202323,10.0,0,0
43,1,千葉県,18.44644997143828,74.07207841992944,45.2167089966673,61.49335251495899,90.8589420762271,0,86.03124353711293,10.0,0,0
48,1,千葉県,27.768744463547886,116.58380066465554,433.1265337457679,39.92252642859392,44.89838608419122,0,84.65751179595827,10.0,0,0
57,0,東京都,19.129862347212534,109.82660797904563,77.7995907650754,40.64340363541825,10.459372219516503,1,79.9196789992335,10.0,0,0
58,1,福島県,26.378596731082425,129.25821172053193,60.571030523528826,40.71820401547689,12.072705255709945,0,96.9056746893689,10.0,0,0
46,0,千葉県,22.7214704329521,127.87381347044904,20.958325839711783,55.134149354204325,6.877154393469918,0,79.42965285379653,10.0,0,0
60,1,埼玉県,21.63200227182698,134.99477867067307,50.242882066305405,45.272770087467855,19.45713714303012,0,73.06910895618081,10.0,0,0
50,1,愛媛県,27.993390299715347,132.14051191388396,114.11679160445657,42.40346511079115,16.047018182595057,0,98.650597518217,10.0,0,0
67,0,神奈川県,21.583420681621178,130.38617055682658,78.79782559745902,50.50839845641226,18.835785946126894,1,123.06038486819264,10.0,0,0
50,1,北海道,31.955177110549815,131.17174594816498,198.7168942771303,41.078424196960604,25.812743283532082,1,76.03269777926342,10.0,0,0
65,1,秋田県,20.065770537506243,149.37091274260908,171.63839631466183,46.78966141978535,19.556955128724674,0,82.33798294870572,6.106246522727186,0,1
45,0,千葉県,24.546772952432363,118.92839896392638,169.2922672317186,37.643874005465804,19.37330102551716,0,81.2965609574393,10.0,0,0
74,0,神奈川県,14.865088337027487,93.2486770113539,37.16078347316413,40.6913434265293,1.254278315423182,0,50.12604001994876,10.0,0,0
54,0,千葉県,22.981161589979802,117.34038120381659,49.77895848489656,41.865219425845936,18.186599257707616,0,97.648113827465,10.0,0,0
54,1,栃木県,32.59111635362879,139.81354765828087,255.91810455427122,41.9024145033774,86.03562356786996,0,111.42310041709214,10.0,0,0
71,1,神奈川県,21.50571427731943,118.77171130672474,74.21664123846018,56.74992678715017,16.496840497308785,0,101.94798844275192,10.0,0,0
63,0,東京都,24.35894896212509,128.10038782226405,50.495988384557116,43.042627696717794,6.749142465271353,0,112.40275213533806,10.0,0,0
42,1,千葉県,17.864154513687875,115.92226251154847,60.43587475684133,51.25073268718619,9.484370601061347,0,72.5610075159383,10.0,0,0
49,1,東京都,21.951722972041956,139.34737555353252,78.26661375691707,42.19457955113089,37.7662513729654,0,98.38136734564749,10.0,0,0
49,0,埼玉県,24.71746355954514,120.39908011875363,145.8554213835835,42.216077522905564,6.053171897079374,0,114.33074001037943,0.2764945572786998,1,0
55,1,山口県,26.549685263034732,120.93597589188272,52.874565780141694,40.62862993187761,2.573987503271983,0,68.74062034149857,10.0,0,0
69,0,三重県,27.80327563996201,143.3895644959794,122.89002108413102,49.25940732645428,20.77899770095374,0,94.34336233384512,10.0,0,0
53,0,鹿児島県,27.585977645328747,116.27680439399008,175.00779198470843,49.59234897116302,19.650791566424164,1,90.32963053660825,10.0,0,0
58,1,千葉県,20.781527977902726,111.62225032932328,16.924525651308382,65.98888531320553,18.729125854596877,0,118.45666426179463,10.0,0,0
46,0,大阪府,16.384991375806553,128.04501285085357,50.41038947736005,54.01583746961309,5.560867774126743,0,86.70806984366173,10.0,0,0
64,0,千葉県,25.083384076037632,129.23180142897155,76.58831434831926,44.868763497655195,21.135627529814897,0,86.37413904997476,10.0,0,0
70,1,石川県,16.237245042188093,118.38055179794792,52.831425546342764,60.681016733441005,4.914158205656017,0,78.14101670310914,10.0,0,0
54,1,福岡県,28.885840973195844,194.77424950031295,207.63541431913893,42.42878940772062,4.99197266831916,0,104.2100559798082,10.0,0,0
40,1,山口県,28.25604899372308,112.2055022272942,157.08779481739012,46.41114497637759,10.924952544704166,0,59.05806498655635,10.0,0,0
67,1,愛知県,20.140753235654095,89.4098560236966,56.7646242224908,56.37674328229886,6.525127478878026,1,73.56613536496039,10.0,0,0
56,1,東京都,19.60473348251275,100.61084511084304,51.80725854819874,55.88177934083255,30.417800717776306,0,92.24947780414746,10.0,0,0
72,1,兵庫県,23.546981065080058,137.23640307026045,130.20283423099218,52.14238647164269,3.1892613322835155,1,93.94637734577255,10.0,0,0
47,1,新潟県,19.732930035627824,99.96096390607988,145.42755945482872,41.20396656049355,5.966076725932564,0,80.36201470845504,5.025683094087353,0,1
54,0,和歌山県,19.345420421628216,98.84876544692908,36.35129075132474,41.592131358012324,13.599721180417841,1,74.96326675624479,10.0,0,0
55,0,千葉県,24.60730808940092,164.10000534391332,166.77716320349788,62.11780294114971,101.34402378074,0,93.670439476855,10.0,0,0
41,1,千葉県,23.67711901805696,129.80974400655145,21.930896150924163,51.59800236894841,48.68317141794594,0,100.0,0.6146120219754998,1,0
64,0,千葉県,28.420403360664515,115.93196590396157,79.61122253087618,41.45083873856283,30.239409484591267,0,103.9136268642148,10.0,0,0
50,1,千葉県,25.010867628904684,139.56737127731893,310.02094108453014,54.65624810097662,12.532070964454867,1,100.0,4.98185043589595,0,1
57,0,沖縄県,33.0030263733815,137.57558384617806,185.93135498704683,41.65041630965202,30.41307675638362,0,87.00955117371184,10.0,0,0
71,1,静岡県,33.35256236575166,148.0607751963516,510.8216545401479,55.657146328848874,47.648650907636615,0,113.52606389149275,5.316218866489329,1,0
71,1,青森県,25.023402637224635,100.96914264326455,132.8458226928166,41.72399140538641,17.374903575905257,0,103.30005174444914,10.0,0,0
43,0,神奈川県,22.63031880601622,121.46798555601784,40.02767655080076,41.04298524750417,4.841775267267691,0,88.19883678704956,10.0,0,0
42,0,千葉県,22.06582526231343,111.11638873692868,53.34434778434552,61.48942088865048,45.54493400066575,1,79.09072095412635,10.0,0,0
69,1,茨城県,27.105929893989682,126.83539559860266,106.5432119874347,41.13488178719043,35.57237804954707,0,114.77432966434496,2.1894440753686433,1,0
67,1,茨城県,22.86482130931996,126.0833572780711,86.57220756345119,41.832879748516504,11.64962946311593,0,60.06288686172953,10.0,0,0
74,0,大分県,25.80167229626445,143.05472258682698,96.6821321084502,41.60646498884748,14.689835972031416,1,91.35858577404198,10.0,0,0
50,1,愛知県,20.463126609086356,126.3891685193092,49.68685902460792,42.54304787100104,4.516604598870304,0,72.05653605324814,10.0,0,0
68,0,千葉県,24.587984268732985,107.79777830116295,48.93307128703639,47.54465387157276,17.553730539631427,0,101.10190611194321,10.0,0,0
40,0,福岡県,20.14713064702064,112.13163186137874,30.907516546888463,41.66085442753735,16.216637201788792,0,81.333807198762,10.0,0,0
53,1,愛媛県,24.66395626331665,115.52006459853952,105.34268240020036,47.42739425288989,18.340548725100394,0,79.11896607826003,8.341582272925244,0,1
57,0,千葉県,22.105293005448544,94.80389228871874,33.173869164245964,65.82435125355568,14.629107552490153,0,119.77679444721272,10.0,0,0
73,0,千葉県,20.131463126363638,146.30407154029825,86.19790123948171,41.39302710517968,3.132974742648908,0,102.1461752656298,10.0,0,0
53,0,宮崎県,28.72262537729921,116.10515245022914,131.35169726630434,41.06110596489607,39.216543567724,0,79.95111740176074,10.0,0,0
64,0,千葉県,23.137349544403516,120.66965443830189,66.3228300740422,41.54576261256829,15.267638540759636,0,99.57517721927267,10.0,0,0
53,0,東京都,25.62130743095097,130.47887472687694,102.18839867281777,42.565557381715585,36.037040785817226,0,99.67654722394559,10.0,0,0
45,1,千葉県,24.427789698422096,107.42229177667282,34.392125446177396,45.61672523650445,5.155288864497202,0,82.3809534580491,10.0,0,0
69,1,愛知県,16.66882467762555,109.21315464806744,107.98499292211775,67.15609766180384,14.481536116787332,0,100.86128426335547,10.0,0,0
48,1,千葉県,28.207267860869376,145.12489246129275,137.0285444907813,49.43585945721612,19.114443323803467,0,75.71778075094639,10.0,0,0
46,0,神奈川県,24.77284318389067,125.00268700059269,112.54489034957771,61.224808899222516,8.412821015366445,0,91.27355016315451,10.0,0,0
44,0,埼玉県,22.087448338142586,119.60968516931416,46.75960105839768,41.5267281484249,11.129131658332884,0,67.18345225801929,10.0,0,0
74,1,茨城県,17.72666958075687,129.05318990006919,211.94611925974402,60.72873187006436,3.894002826733936,1,88.70896346085595,10.0,0,0
68,1,千葉県,21.43037831963475,100.94410000575712,86.7220147889991,40.964827234792,11.553287071489345,0,112.52212784943737,10.0,0,0
65,0,北海道,22.663661022677136,113.16837664568637,92.45329301778827,41.734248580714194,4.199862448551993,0,105.55144038082014,10.0,0,0
61,1,徳島県,27.30012674358053,140.6087099889032,96.6872858235133,35.55967508948303,3.5613182761909363,0,124.28843146992325,10.0,0,0
60,1,広島県,20.144323716228577,89.23762887969234,130.38135926735154,60.911081474561115,37.745227727012605,1,99.83137275488971,10.0,0,0
40,1,千葉県,19.199009997966137,118.01696064457423,75.73246245819658,56.6116629872725,17.62369718164094,1,77.47765745016333,10.0,0,0
55,1,鹿児島県,24.988813471617746,137.92194748400155,56.045518518412095,42.92989167407077,5.006412260308321,0,80.5825325551616,10.0,0,0
58,1,愛知県,19.01843390042386,101.39348988933406,15.797329653909548,41.23496041816398,2.9514004172883936,1,104.24985019713098,10.0,0,0
47,0,香川県,20.081197125868982,93.97562375367703,84.16644456574797,56.35002551498449,26.574621709106026,0,88.46627242500917,10.0,0,0
48,0,鹿児島県,17.1848296082306,84.84412127754075,17.903926199581168,41.42186361761266,8.863266716437403,0,81.32483483585499,7.561259324558374,0,1
73,0,千葉県,22.74390131362424,108.02270367300174,126.16706898950756,65.5896645459659,22.97257457882129,0,112.31540418965628,10.0,0,0
49,0,愛知県,19.884795292160288,122.47512688105046,25.107355983146125,41.58168946098484,11.126024620639177,1,84.80402939613465,10.0,0,0
40,1,岐阜県,19.781487843169234,113.07420032198554,29.48984532875232,41.04986545191352,2.7386588584246114,0,86.40666301482283,10.0,0,0
62,1,千葉県,24.9857445629757,119.51429926882406,131.84983986966606,40.73818659492755,5.677968246313569,0,92.33826593164603,10.0,0,0
43,1,東京都,20.35426363981777,95.83560595644947,54.73110994044058,53.31895623015144,10.804846541641114,0,93.67540038568781,6.456790615843161,0,1
56,1,福島県,20.877691204848176,93.0163996775719,14.297433261507017,42.06101126959732,6.587999465934312,0,62.71942766952086,10.0,0,0
46,0,千葉県,23.727170597047635,109.67609972084732,43.038603313159484,42.749019889383774,7.273289630032066,0,98.8265160428663,10.0,0,0
52,0,佐賀県,23.836264664336262,147.01597434423115,103.87970647442,40.56513841358562,15.871838083629868,0,74.40776728625619,10.0,0,0
72,0,愛知県,22.849383729594283,148.42754722144477,95.61214120936161,41.958116028323836,7.284276380839757,0,80.84730185741324,9.195418909030732,0,1
46,0,神奈川県,29.543188261635077,117.3137241435969,138.94079363151099,49.82262870839925,30.41721933959952,0,103.11303514854164,10.0,0,0
49,0,愛知県,27.00740050100821,106.06494012306852,71.60300398613226,43.07417678560682,30.269313571127714,0,122.98637752826637,8.676678419323235,1,0
63,0,埼玉県,22.224512069981486,111.80401644393673,48.97343810482911,41.19845324110892,4.52092218556627,0,73.7755065670713,10.0,0,0
62,1,北海道,19.5623008126076,127.84385502324294,346.5749008436524,41.2182480996023,15.703095169502635,0,90.20200118761224,10.0,0,0
48,0,千葉県,22.856639670740712,124.26791159716227,27.289526775904097,41.31112772142635,10.865328491575264,0,81.48873937533715,10.0,0,0
52,0,静岡県,24.837250479116385,126.7480292243156,146.24921212960928,42.52130247645094,52.79044153331555,1,76.37601921632947,10.0,0,0
48,0,東京都,24.399518414623348,121.29198559655173,38.73515087570655,52.86625408325726,30.439584432907797,0,111.43932894845763,10.0,0,0
57,1,愛知県,19.81847162040962,119.79981632727264,99.98108449010569,52.96363254216498,28.30084703582588,0,92.91845626303883,10.0,0,0
69,1,青森県,24.25002772271929,138.66736898518363,161.00537228499627,57.45859306210827,49.73880926648451,1,65.0279852314033,9.211686887109458,0,1
42,0,千葉県,27.185266374586703,105.00272766959218,53.6147332871298,40.883393403377106,20.800751975716484,0,82.93004807420051,10.0,0,0
42,0,千葉県,22.712915015884573,117.3150988943922,48.50769456812682,51.857000932947585,10.58504615754322,0,101.07229069446466,10.0,0,0
46,0,愛知県,22.984525449257987,114.99475934895388,63.41295492111424,41.07665506502283,15.780070963620622,1,79.89501006972864,10.0,0,0
47,1,愛知県,25.00275620202843,99.5361891240696,67.40226298541555,49.65063557009639,12.601434843556119,0,84.5615518998428,10.0,0,0
47,0,大阪府,26.401825262054583,100.9380315083714,28.466397949968492,40.788859289051395,10.6730871943385,0,85.76293660870259,10.0,0,0
61,0,東京都,26.378173588522728,149.39226313204878,179.31689599276615,48.46635903992664,8.934719148323444,0,120.38404700779851,10.0,0,0
71,0,愛知県,26.589058190904154,129.91278640376686,158.00120999585687,42.29981592225375,35.96527300885348,1,120.07335265302426,0.2410581916262878,1,0
47,1,北海道,22.14493604246425,119.0460675217465,79.4908789520316,41.806126063896016,26.541807306455766,0,70.31111953842796,10.0,0,0
44,1,千葉県,20.55977578803769,97.3639564199486,87.59872223519783,66.05868377733681,28.874982020880772,1,105.35920629746244,10.0,0,0
52,0,沖縄県,22.967506553899817,132.4477896828092,59.06915714060969,42.175641936520854,6.1128813637595245,0,85.4500390870542,10.0,0,0
51,1,静岡県,23.03404648020076,146.74382697197132,96.57305119445216,53.52819817082754,18.321692672716857,0,124.83019719214985,10.0,0,0
66,1,東京都,23.392913911442164,107.79874222032893,77.896097254845,42.46036715624434,29.788298188053965,0,82.80454352824178,10.0,0,0
46,1,福岡県,25.414264878458077,157.00642247908314,114.6105411589994,40.73832356141785,22.73365997471571,0,106.48144991506217,10.0,0,0
68,0,三重県,22.22210824533939,102.09020320432127,146.92842524353216,42.0659902333015,4.963568504856831,1,64.6134909569833,10.0,0,0
