age,sex,prefecture,BMI,SBP,TG,HDL,ALT,smoking,FPG,time,onset,death
69,1,東京都,20.705014112393286,77.34063117121578,72.53363575649011,54.73735962057285,14.73695472940083,0,112.40581708261634,10.0,0,0
54,0,岩手県,28.819973385516562,178.857987728842,202.58775263158128,41.26978087001989,42.57263428783536,1,107.35240939188219,2.508298361594151,1,0
73,1,埼玉県,22.901117403238196,139.52606277070586,66.31110151005439,41.3694597050389,4.019822004281491,1,91.21776843358315,10.0,0,0
71,1,愛媛県,28.086314438051748,131.61921923317192,127.3732713436377,41.31990407760257,59.529155988692494,1,93.76967016983177,10.0,0,0
70,0,東京都,24.96726373093094,125.82458245363924,104.034179308435,41.345592502738626,5.979760764741671,0,77.48656412891272,10.0,0,0
70,0,東京都,18.064903550592184,152.97163532632587,121.87206733411045,40.23831913445164,4.216655569611659,0,75.59395059937972,10.0,0,0
53,1,長崎県,22.844656279649445,113.09488969875844,56.573060895075095,42.08449658241728,19.43624603108261,0,71.64194749542324,10.0,0,0
44,1,東京都,21.861661150177248,110.49515177927125,22.574409577226984,46.677294988545555,2.1120017529489092,0,77.70064506706734,10.0,0,0
68,0,東京都,21.620243113658717,127.59771371538687,92.07222835618653,35.627642768127,1.9389004013888589,1,69.28862918899605,10.0,0,0
53,0,岡山県,25.638701716449223,102.40370537110826,150.7626150403162,42.42162820649168,32.639102612808585,0,89.74335402671714,10.0,0,0
49,1,北海道,17.53266919631057,112.79460575217863,25.76403503402042,58.30765927868814,4.142358135934728,0,93.52544237036176,10.0,0,0
56,1,東京都,25.64081218221496,146.23039959173687,99.22755450263826,52.41029002978086,23.36228776671045,1,112.42184215049514,10.0,0,0
44,0,神奈川県,25.38358779851493,116.58458501489716,21.550515099048187,40.961542174777684,22.955266180189827,0,78.0232982329831,10.0,0,0
59,0,熊本県,27.554085121894314,132.3952122694994,272.04009381107306,41.36900307442276,54.74724445764762,0,104.57854399591173,10.0,0,0
48,0,奈良県,24.631637173610486,121.83239753476813,36.97670376184182,54.170973190731324,10.573485190824458,0,69.38104773373753,10.0,0,0
45,1,東京都,25.83962506895238,134.8385008580423,97.80791059771633,61.696905079892026,85.43191696120408,0,90.05781151873576,10.0,0,0
41,1,東京都,25.127784180824545,91.09830572865125,84.55366671863554,56.14720887715648,9.470599637680127,0,86.80472792684557,10.0,0,0
68,0,東京都,27.752336567625623,144.52809228886886,65.42736215755205,42.4679287614136,11.99317842035221,0,84.69141842634242,10.0,0,0
56,1,北海道,27.611418661089534,145.3874048894623,200.4289986313062,42.24510945410556,8.249374534963097,0,91.75325469316071,10.0,0,0
42,0,東京都,22.557638535843985,112.53261467550472,46.26328971935006,37.8395143012011,11.179653023191939,0,84.97241485823206,10.0,0,0
51,1,大阪府,21.381043666609678,129.00688085177407,62.92384903165818,40.719721332854036,3.0249162665326326,0,99.29393979997782,10.0,0,0
42,0,東京都,22.82994351370726,104.14429653477897,97.71497155757716,41.97103497941633,20.767408585827216,1,106.57521461801026,10.0,0,0
47,0,千葉県,22.971873616790752,132.93188285952402,78.25348077610722,66.68000983444381,11.283075083146914,0,107.34008898706387,10.0,0,0
51,1,愛知県,19.609410693406932,98.42282891240596,20.068103166897913,35.09232635021917,0.5673153626767267,0,67.26968463239562,10.0,0,0
67,0,東京都,18.091553088333526,120.79183467111942,91.02152567972361,44.850234163897426,9.251156243245154,0,87.25519854196973,10.0,0,0
44,0,山口県,23.177478004250972,95.3098475815619,31.051349228169634,42.120936604918505,5.877637620256996,0,85.88115728877419,10.0,0,0
53,0,長崎県,26.503647458938328,99.61801778699353,79.52075628186132,41.54188176690858,27.994241402818435,0,99.70672470436402,10.0,0,0
58,0,京都府,24.5768458624277,119.55698923355791,199.91642289315914,41.80988693680793,32.87897267069648,1,77.24015382996313,10.0,0,0
58,0,東京都,20.32298620820137,112.4614729561327,75.52381553254654,49.95373396091152,7.911644500833931,0,96.51939087952907,10.0,0,0
53,1,三重県,21.535021400305506,118.94556489103499,44.54564385650571,41.64787895565356,12.69750934868465,1,75.09806376323662,10.0,0,0
68,1,東京都,21.20237661667392,136.11985021405803,66.09173043933349,70.14270881425354,10.779838191013654,1,95.1575905560196,7.21447613711008,1,0
53,0,熊本県,22.918885210730654,105.61315639256458,85.96567341772932,41.78538950028911,27.291589255904164,0,84.14401325136421,10.0,0,0
41,0,千葉県,27.575376213315955,155.93656470686744,38.88412258590664,57.06591579342106,41.944350778844274,0,88.28054017157807,10.0,0,0
46,1,東京都,23.69527041814263,130.05495159243338,54.24889607969959,47.80462534422642,5.933773039368725,0,111.75314059983258,10.0,0,0
53,0,神奈川県,21.273040193609027,124.94201116073165,131.09228532826867,42.70260693064298,60.22612283179868,0,116.27191962117674,10.0,0,0
42,0,沖縄県,25.539598310328344,113.01308062544878,74.79698194545921,40.442107665106526,25.794761620814555,1,108.80986423687193,6.387395124367795,1,0
40,1,東京都,20.67346028151969,78.98319716604281,7.945594727881797,70.23499087926392,7.943924590955657,1,76.46180087641166,10.0,0,0
47,1,千葉県,25.314426597577846,109.46865834774556,46.00322494576678,55.457037330698576,4.2706937953717095,0,74.92951690469869,10.0,0,0
56,0,鹿児島県,26.437560191719218,123.4284312854698,111.93353159930534,41.09152411135106,30.86998836957807,0,85.978407689069,10.0,0,0
43,1,栃木県,15.847806397444513,120.13664239935422,47.484513830549346,41.343715688141614,12.571349836893384,0,96.3163239520094,10.0,0,0
40,0,神奈川県,19.332711249419166,98.67315458848363,63.326427937889456,55.6725622839685,21.096425342104567,0,81.22452892219358,10.0,0,0
71,0,東京都,24.630814690756985,141.79786263042487,136.8903246080962,41.78514936249577,15.865360110315885,0,112.38080284456467,4.422675464950284,1,0
58,0,東京都,21.8639681806699,97.66027731391605,85.4499847725655,40.81665702497333,16.70823579255982,0,72.92399696773316,10.0,0,0
48,0,福島県,30.92595029103877,107.63046824424542,43.688833826146926,56.029094403938885,9.977454031079393,1,84.30422392955299,10.0,0,0
69,1,東京都,17.605188769995223,117.29000810000865,119.12092211246244,61.251355587919434,28.862000815268075,0,117.16072461667324,6.577594132807341,1,0
59,0,東京都,28.11705632284145,126.4678564557104,129.73792033571007,45.10246929703061,26.455876426065053,0,124.33413327336572,4.018836213307227,1,0
61,0,奈良県,26.36445082585041,144.65321928466696,132.3183155554234,44.83599792507631,37.89692208478948,0,108.94320109441388,10.0,0,0
46,1,三重県,19.539087253274392,125.9428458583672,153.54312033174014,45.66389566379931,30.66578682313559,0,86.38508841289043,10.0,0,0
52,0,東京都,24.767975597740982,121.82446303466881,52.11863349695682,41.25773231954896,18.85831196717449,0,97.8435852145022,1.967690865061769,1,0
63,0,東京都,21.46482343717427,118.66690150085424,143.07201295735914,42.258805835773515,30.67481069129764,0,93.36176331797272,1.7005555846506597,1,0
56,1,鹿児島県,24.31566107184007,97.2401824002753,286.8647915602179,41.869574908709644,71.55161501499177,1,106.61637501248529,10.0,0,0
56,0,東京都,24.725145375904898,125.86957804687862,105.92246878162646,41.00704140693226,5.658748792069366,0,79.8943748093427,10.0,0,0
49,0,東京都,28.766178924196844,112.0655824844283,49.385947521463514,41.85079101791781,15.316310632754728,0,89.2845869315444,10.0,0,0
44,1,東京都,22.8397120269064,143.20266882165393,38.6256180508829,38.44385369515017,7.309949650815925,0,100.44806461366717,10.0,0,0
54,1,埼玉県,28.301053968406343,153.80035602206007,59.72164195977982,42.7672838817275,28.051197855073273,0,85.79895517453149,7.44695435678913,0,1
49,0,沖縄県,21.876729004348643,89.90096269822256,25.647052174049623,54.76460130219405,27.60191089088143,0,84.87508679506898,10.0,0,0
46,0,東京都,20.14319684185031,144.10077098218744,90.78678462919882,51.05994285011013,35.71018855281334,0,82.47226845929266,10.0,0,0
40,1,東京都,24.418603229388122,146.56545495333094,35.6133526271398,48.86956362592641,16.316630058728386,1,98.20252307510376,10.0,0,0
48,0,奈良県,13.622609642383118,96.07196977768179,62.291017249448636,49.95613499185358,12.679474118467175,0,91.7112085848236,10.0,0,0
54,1,福岡県,21.439825296021468,112.62522627055903,201.7851437192888,41.95927346582767,18.657555242100113,0,84.30327901739689,5.2494178360350165,0,1
43,1,山口県,22.101189392171314,131.81851997487846,90.30912797639986,41.47302564979043,43.12309639840436,1,113.73885963157765,10.0,0,0
55,1,愛媛県,20.68113694277447,115.07397311303956,49.80668494828788,64.43867813586056,69.37529786626881,0,109.84663983392109,10.0,0,0
47,1,愛知県,22.477106740204718,105.56625323056333,57.407109063941334,41.69499779045369,16.03189569180872,0,111.75649376725019,10.0,0,0
50,0,愛媛県,18.116904067864976,111.68746260287064,29.827228635090144,41.97938075676851,1.004112941860643,0,85.47580694480223,10.0,0,0
57,0,栃木県,12.725628157613917,106.77378459509029,38.89121529631261,72.38688662698138,11.87537852574694,0,79.71071588082044,0.0054757015742642025,0,1
56,1,東京都,24.418270266560306,121.51874466810054,71.43679001304629,41.381755825036095,4.39149661426804,0,117.05434643026771,10.0,0,0
73,0,東京都,22.207146427241454,139.4911515973139,346.38062803849914,42.00444853472756,62.17864474285832,0,80.67603583869293,10.0,0,0
44,1,北海道,23.43783335790703,96.01467275981771,76.13511791451997,37.857072590703474,12.391887805330907,0,104.56225520853181,10.0,0,0
46,1,静岡県,20.936534199370286,139.57161710020824,76.6354968994596,41.22540871545552,11.135302732807514,0,121.6670045824058,10.0,0,0
67,0,京都府,14.473662780082337,111.68524272244343,34.837976105308734,40.14696507986066,5.6217227420901885,1,76.57868989063407,10.0,0,0
48,0,岩手県,21.286547608259408,133.04150719733184,106.66875593257126,62.76628066156817,15.307568394885632,1,98.78607575568059,10.0,0,0
50,1,東京都,21.428959028810066,123.62146445620309,140.73541717875725,59.69257266741791,22.815561645906733,0,96.24272686749133,10.0,0,0
63,0,東京都,24.283063129238982,126.38575449961725,54.42108929234362,59.26222938825339,4.944852942138528,0,109.3762986899433,10.0,0,0
64,0,東京都,26.752110305661127,141.807286866728,50.41964547005116,46.33983823462809,4.5410888095842195,0,84.99065310607587,10.0,0,0
68,0,東京都,23.5176694050263,132.12119318064205,123.60514546691567,41.223745223709265,31.86242361135949,0,88.27512613990251,3.88836778553795,0,1
65,0,奈良県,24.773674421627014,143.0016950076011,85.9692171961659,41.5690066886344,17.155464055882362,1,72.74391728568978,10.0,0,0
41,1,千葉県,27.992101385552917,120.06726792707478,126.4981666080877,41.77590925727482,17.294085468185198,0,94.53084655760651,10.0,0,0
60,1,東京都,28.730315043437724,153.54613564289986,214.15519958830285,40.21108860044545,17.66804616164955,0,117.95308454167788,3.6034592754403363,1,0
63,0,東京都,11.710670048615896,126.28651737114983,80.43684863898744,60.915133446856885,5.076470682920595,0,86.53930174533708,10.0,0,0
51,1,福島県,26.811639868758963,147.79055671163275,121.97524726826958,42.62699992097333,40.24318662466828,0,81.23016575622121,10.0,0,0
43,1,東京都,29.69711005123755,153.8518156938817,182.97701480514343,41.03310723912383,26.484070740629942,0,107.75737167115848,10.0,0,0
72,1,大阪府,23.529148211627607,126.4360716292746,47.10863944229102,66.03944098952046,14.296859066114159,0,107.35099297996484,10.0,0,0
55,0,東京都,27.20379598533378,115.38201476032941,73.76705484353403,52.14767400666004,56.8493667342084,1,110.5885759173381,10.0,0,0
68,0,奈良県,23.446530915604125,123.95337523846885,10.85773884509816,40.15757078547186,1.2529291772195759,1,80.89535181633649,10.0,0,0
70,1,東京都,22.85620981238326,144.89408695147935,146.06505713888825,41.49950520611487,13.892507841123063,0,98.84499775932038,0.942679244859806,0,1
56,1,愛知県,18.512685557103364,125.3226637333798,44.84915057458142,41.367482451581566,5.153543330508076,0,62.42341742758249,10.0,0,0
45,1,神奈川県,25.606014893231368,133.0905232240653,43.620926227417236,41.068431363066786,9.103854929393588,0,69.22692705138387,10.0,0,0
62,1,東京都,23.45962427846029,120.8589821584406,117.08497422295403,42.01791114927621,71.40997843012555,0,76.65101782506618,10.0,0,0
50,1,東京都,21.66181308529113,115.15063980517579,76.90703385139494,50.41659409164737,8.176407340306849,1,79.85160989762055,10.0,0,0
62,0,東京都,20.472808172825346,120.43775680069987,92.00773338476583,50.46681240539815,16.27396599455506,1,113.9445042094032,10.0,0,0
44,1,東京都,22.984075890447052,110.17082449381961,18.927579079069737,33.27709220858186,5.426941489453605,0,73.93447240122815,10.0,0,0
41,0,千葉県,27.794886832399712,126.50338223049296,101.72104725816662,51.55574916652164,14.583222521449535,1,111.97256904664657,10.0,0,0
71,0,福島県,21.0542461590797,123.68930221622952,66.95821685379782,50.698557401380334,1.768136321783104,1,91.50320534657888,10.0,0,0
60,0,東京都,16.92839385492406,104.87472971631126,63.5308986029578,40.59595437940947,19.783159516865982,0,71.7487591829806,10.0,0,0
48,1,千葉県,29.005656425359323,140.42453212299213,78.24049921400803,34.714902113652215,31.898827231659997,1,92.18906484102853,10.0,0,0
48,1,愛知県,20.619360242226886,95.44153398861825,63.812024960426946,38.510655914915304,4.022833060045611,0,69.09480895193687,10.0,0,0
46,0,埼玉県,17.825339067903165,70.54519952311068,22.09151611732915,41.93837834266553,5.65631181882912,0,95.46379147642816,9.1370877164419,0,1
47,1,茨城県,26.769707415707998,107.48732525747481,44.78388628768647,41.784985937137634,32.03889979129098,0,84.66451528611373,10.0,0,0
45,1,東京都,29.031533649955637,160.83799422247083,162.66701721041593,51.72917634123118,87.24133465813745,0,93.77577600190415,2.751288680128188,1,0
46,0,東京都,15.260671627121008,96.93143832197582,73.7338754636087,57.97133902717619,7.696552101619487,0,111.0252092564924,10.0,0,0
50,1,東京都,22.18890861335247,135.3160694250925,91.0518148501095,44.879513049072635,4.25972603295972,0,116.4392095751816,10.0,0,0
52,1,島根県,24.069265729635315,107.17794006100945,119.79563784642797,55.002126473527596,4.765703247183036,1,84.06567122753087,10.0,0,0
47,1,兵庫県,25.04657960164311,139.77195309287708,19.686006900604557,54.67397972635546,16.81098502935551,0,86.7442738907582,10.0,0,0
50,0,山形県,20.438545137388562,120.97014668000038,68.00954941149136,41.16850902290824,7.852271220398547,0,93.00877036837976,10.0,0,0
60,0,東京都,22.471712292765186,116.08649668867925,35.59814852107895,48.073187971063895,6.628645664010489,1,94.66445638163718,10.0,0,0
52,0,山形県,23.84723202556332,108.85237545888664,65.43959276050927,37.01550423726378,2.023485605876579,1,78.34826691810711,10.0,0,0
46,0,愛知県,27.203803178437912,117.52042833930619,198.88662736665356,38.47363176224544,7.809308068050454,0,90.73227242604617,3.1171609148351864,0,1
53,1,東京都,20.826174306467635,132.56669645815504,86.23716196663305,42.30982069092187,17.582065613226447,1,113.76558047113497,10.0,0,0
43,1,神奈川県,21.741545188420606,98.02060705388973,21.93978362253595,54.20678168919768,26.693428525793397,0,79.58251660861669,10.0,0,0
51,0,東京都,22.528380820221134,105.82247021928958,36.82973605762613,40.41522806480663,19.083398262150695,0,71.10948751424941,10.0,0,0
56,1,愛知県,27.940892061659635,166.63756005697897,82.83484750115763,40.622754990521365,50.65887913886198,0,107.70402751542053,10.0,0,0
51,0,岩手県,21.6952594358122,126.83792772964817,170.76825886675076,40.80131195154349,52.06191231712362,0,96.50261402628105,10.0,0,0
62,1,東京都,25.628896091145414,140.34771135326184,98.6771325003777,41.75973092309572,41.29782867232058,0,93.77154655383099,7.34151940112685,0,1
61,0,神奈川県,28.831055259434404,170.41211176319754,54.25099348991293,61.16107740917432,21.626845985596677,1,106.52275861585024,10.0,0,0
43,0,静岡県,19.539751968799376,105.48278995616887,155.98549277752338,41.78606687035623,5.306783412194641,1,105.59753255539785,10.0,0,0
43,0,埼玉県,17.006789616303767,133.0729506886707,38.21226565727665,44.044175092875875,11.118919392339839,0,83.54535237651032,10.0,0,0
43,0,茨城県,21.51597822463024,127.3158846053003,86.25423000672426,41.268931719740074,16.293097778879215,0,116.59698252545508,10.0,0,0
71,0,大阪府,27.98807005011952,142.78839442395002,221.8059378373372,41.69883001563176,21.2262255336902,1,104.95770901047514,10.0,0,0
63,0,東京都,20.63947317468771,106.79200786676427,77.21226081078782,51.22468732230338,3.7329292550142537,0,85.95976772564315,10.0,0,0
51,0,兵庫県,27.57022229075952,136.32767782730235,95.3699063701641,40.86785586375288,15.666120895673659,1,94.73590352206341,10.0,0,0
48,0,山梨県,27.639730754926052,133.0527220252844,245.0992047577018,41.3159130005079,14.793391351409316,1,112.47184913614808,10.0,0,0
49,0,千葉県,23.797715222149865,117.97749309899247,197.56401427789086,42.033191940238694,33.120753666425394,0,97.84966469106568,10.0,0,0
43,0,高知県,25.146442781832032,156.31955639451428,108.86505660861269,48.77982726918308,17.386956772989237,1,93.09720294950901,10.0,0,0
71,0,和歌山県,22.96358482773697,161.5389414506858,272.0325076281816,41.30645298219651,26.488314516696136,1,96.7306306964868,10.0,0,0
59,0,東京都,29.03716948921349,164.68523781214463,67.86472234807107,43.649214003512796,5.793628397928683,1,108.4419687232464,3.979690455102489,1,0
50,1,東京都,24.492037422606042,153.4916496187749,130.39959124849074,63.42739591096944,46.145731603173914,0,111.61453506515646,10.0,0,0
47,1,東京都,28.39975842568794,97.0431281530431,91.2895493245149,41.82020795097514,5.637721577048436,0,71.21719470526293,10.0,0,0
55,0,福岡県,24.755387379570674,130.74090745833035,223.73840164472176,61.142198875203015,18.24598099067794,0,105.19799743796298,10.0,0,0
60,0,東京都,23.074586102219634,144.86684250647417,109.60619335726504,54.21237346117771,25.971975171434465,0,106.9015180134497,10.0,0,0
49,1,東京都,30.112495675544267,123.9584104633018,77.30127031800785,42.4973537917712,23.18938017849343,0,67.49092315461118,10.0,0,0
64,0,愛知県,22.277283396321245,122.90979683411447,34.233764253011955,42.388509436852814,11.980636617684128,1,80.16234099827817,5.123684849753027,1,0
43,1,東京都,21.198890045642575,107.93694831381121,54.44504723740809,50.00346431429332,3.8946549117144005,0,91.37278636699241,10.0,0,0
51,0,東京都,21.725299995469747,127.7027662828704,126.36291390197525,41.855056111968224,8.731393195349483,0,89.15050489390664,10.0,0,0
65,1,兵庫県,19.418542029882445,109.51973144267055,51.67881170456403,41.40410554096309,2.942416717730637,0,87.2670266353968,10.0,0,0
71,0,東京都,19.03822871736841,122.7455430210682,65.44588720656594,41.692953182476465,5.3073348160212515,1,105.18362580786926,10.0,0,0
71,0,東京都,14.43490685091472,95.55072417251641,89.96826596149678,41.48372739258144,47.39297400313163,0,91.74840451568505,10.0,0,0
62,0,千葉県,21.05592151992657,124.56981398454123,60.75950606785755,41.510990044021405,20.14109676346612,0,100.34969193972556,10.0,0,0
67,0,愛知県,22.563000329121873,114.24230987266175,27.14280799871581,42.54663586061845,11.943288444518737,0,97.22022338703412,10.0,0,0
68,1,東京都,20.764093995031537,126.68162020365638,139.5588983271154,42.95818973130064,36.31418184185568,0,85.42056842076879,10.0,0,0
47,0,東京都,23.54956093064485,148.71923515939662,71.12985425037593,41.75240435175278,9.521377715493262,0,98.90385232317361,2.116941375196148,0,1
63,1,岐阜県,20.387693859108523,115.0002127118972,48.590015610965295,41.71783701300474,10.284749419142422,0,81.28821632471423,10.0,0,0
48,0,奈良県,21.41842080321909,112.27720676599347,34.526435511911075,41.31077650837808,6.206088813205991,0,85.99202153720157,10.0,0,0
62,1,東京都,24.85983714607007,100.83829932382237,50.30210968320472,41.14085325461123,5.828654020447879,0,117.62336154160347,10.0,0,0
47,0,福岡県,21.618037395348637,116.98413391883797,145.67107147944577,49.37012710261086,27.351306880609645,1,75.66934013613127,10.0,0,0
60,1,埼玉県,24.566379899684144,102.60258396895962,114.9103884497665,52.25879440890015,21.552254876580776,1,80.88610707853432,10.0,0,0
53,1,東京都,20.669365521460254,121.76258737092645,26.306927432883743,37.789757865720404,1.9718622374044605,0,97.62386199133682,8.410704793234219,0,1
58,0,静岡県,25.54413120075323,148.14122224339494,63.05306555445505,41.052390957626415,29.538217034497663,0,74.61457996172858,10.0,0,0
69,1,兵庫県,22.07617972142823,130.41329824985147,91.9757812398063,46.91090508014382,36.66252142885794,0,81.28761010893604,6.460487516603306,0,1
51,1,大阪府,17.974682361749984,121.91088784166276,74.14114552681653,40.32069934504721,12.120988103483723,1,85.99620644413615,10.0,0,0
54,1,沖縄県,24.97177827741959,138.68890343096177,89.80924773747424,50.275184586119764,11.25047579162794,0,79.95236084585301,10.0,0,0
47,1,大阪府,20.145310666679112,107.42669043040898,47.66849637093087,41.05589540875986,7.58999074547103,0,75.7991316344121,10.0,0,0
73,0,東京都,17.162254388094482,115.03622478140579,77.87931830523878,56.65955093856859,7.748189373156318,0,92.98951664181648,10.0,0,0
53,1,東京都,24.111015293760634,90.05301300519771,46.26434462710489,63.06006909052941,16.009046981961095,0,92.1876465313599,7.109724402569504,1,0
69,1,東京都,26.387408632771393,145.6542265402359,24.624387392134345,66.72309162141408,5.700875813046623,0,109.13084374126231,10.0,0,0
61,1,新潟県,17.14686488890105,122.49776219890417,54.18562724078798,41.76524257889281,14.752603984037725,0,109.34885297946256,10.0,0,0
67,0,大阪府,12.875995302126864,111.90154143373496,40.786007384713514,42.390184375416176,6.213367324908631,0,77.6949965243808,10.0,0,0
58,0,福岡県,24.690717099919556,150.8585456909984,56.61238548806455,40.233825203026335,7.926222641143545,0,101.59234085528477,10.0,0,0
52,0,富山県,28.999661357868035,166.717284855758,149.93109073064892,42.15393381961571,16.774328825895722,0,104.06721725963739,10.0,0,0
56,0,東京都,21.854362523651393,74.90392279522729,125.55124917051396,50.34823122410826,20.4035985395837,0,70.92599384286814,10.0,0,0
71,0,東京都,20.556404316898373,130.90004007444625,136.03294936127315,42.92895136199307,5.877589559204479,0,91.76424786602098,10.0,0,0
44,1,福井県,25.545809753920384,117.7304255740135,71.3504737231513,42.424360094954075,5.885306990154138,1,91.14543122661073,10.0,0,0
42,1,愛知県,20.858542906248683,119.42771266889011,55.6532343995679,59.060968847135555,37.84863003062586,0,83.48927568505422,10.0,0,0
71,1,東京都,21.86678545638226,156.34491449210356,30.436249800830552,42.26487633992458,3.7842819445776255,0,99.54971232189546,10.0,0,0
47,0,石川県,20.639916137536968,116.2475644678866,29.421469902546303,63.15139845018212,9.066056700775263,1,94.79995573199923,10.0,0,0
50,0,東京都,24.465372163036513,123.57735109362245,51.31608604331202,43.705784977226045,7.584513327223207,0,81.95820339503528,7.768174870923054,0,1
60,1,東京都,26.588809171307506,112.8523801798926,84.29020782371079,46.86044610563955,30.554997225069325,1,97.56207893921739,10.0,0,0
45,0,山口県,18.045548180456585,101.18881231465309,68.8495964360899,41.09781921929507,37.87554263220393,0,77.97268995913385,10.0,0,0
54,1,東京都,21.5296861557189,115.07173009828095,36.36289106698463,41.09507341121253,3.4310032065750105,0,90.73853420840416,10.0,0,0
44,0,東京都,18.88187935284192,102.38559616796158,34.90819529716028,42.99996423084671,15.171686530330879,0,73.92495987411279,10.0,0,0
61,0,福井県,24.079639162643364,115.43942573821386,325.80750299674816,42.31625444128002,24.40805579395883,0,113.85262181750758,10.0,0,0
44,0,香川県,23.438114498185055,152.8716945143494,72.88770806437967,64.95594927034315,11.177970472949282,1,117.48844140483546,10.0,0,0
65,1,東京都,27.419744782206593,136.7476527099076,113.08766994297088,55.6840966148561,85.64485830919492,0,98.06404914483178,10.0,0,0
67,0,千葉県,16.419541122043167,117.52725510784745,38.26397166124706,40.36411027848609,6.827135781822407,0,84.72731665274895,9.21212550064972,1,0
65,0,岐阜県,28.010436388818544,183.42748679361074,163.53129878790662,50.82088862205956,15.799981797749284,0,92.6491153093016,10.0,0,0
63,1,兵庫県,25.9372208619662,115.8917264472187,109.06478053788753,58.00506112946399,21.675785980274263,1,116.2934091648246,10.0,0,0
72,1,東京都,19.556794887873117,140.3346229541293,318.3026621369037,41.610521402706006,37.297716581396216,0,109.85666791970809,10.0,0,0
48,1,山梨県,29.265474760731156,134.29230762028962,86.91804361928044,41.210972003677675,32.62651366764957,0,84.60521979668188,10.0,0,0
71,0,鹿児島県,24.07663589293144,149.3305939452412,58.36875680493534,46.35860009737957,5.823508099766924,0,89.44431475091417,10.0,0,0
66,0,茨城県,21.87317352570378,106.02895789902233,51.47141056837581,42.16702545697788,2.3207036495079905,0,78.0832089609053,10.0,0,0
59,1,東京都,26.66481398312681,115.49040669475211,141.26047269818875,40.42207560644251,23.39555213780285,0,76.69136553445382,10.0,0,0
45,0,東京都,22.5192331508394,114.02009315808418,177.26286967272222,51.522510861602235,10.84140154397878,0,85.0928473962048,10.0,0,0
53,1,東京都,25.90989039796045,112.28833845371277,62.554487913242106,54.65981823131517,28.64154446230219,0,83.0454712488127,10.0,0,0
44,1,東京都,21.078043797503973,113.42440519705141,103.3923671615346,48.22826363985484,78.87331020517834,0,80.00556718212147,10.0,0,0
65,1,福岡県,18.903004930373168,121.54493982341151,48.10695745136357,67.49442538638664,11.833472431736693,0,100.11472222459565,10.0,0,0
48,1,東京都,22.836051341558694,104.67069540617584,54.46663080815927,41.47082747786632,4.603963705876143,0,83.69504602091735,10.0,0,0
45,1,東京都,27.58263073511136,125.55479407133444,89.6541293176983,41.20316102445523,7.831116626640729,0,82.52650600993574,10.0,0,0
52,0,愛知県,14.459681785675548,121.44018308499174,49.30230469053548,62.02472642040613,41.948889052136835,0,125.75348787586178,10.0,0,0
44,1,長野県,20.3856698716233,112.06434306371033,34.08958065428139,50.23278027331964,10.095317620455623,1,77.51852349859607,10.0,0,0
67,1,千葉県,17.92588302518672,118.04523899191946,41.49555587235179,60.46245537139386,9.050905029444294,1,70.87347292338667,10.0,0,0
70,1,東京都,26.521803464289775,132.1002807766485,234.48796148798417,41.69889104110152,9.053465083060361,1,109.08254856923561,10.0,0,0
50,0,千葉県,26.171722924295423,148.61215633403634,262.2988341213468,60.09418790283774,53.67910331823292,1,90.13162769535518,6.512878632899294,1,0
70,1,福岡県,21.3796685397418,134.1409013736889,145.44382315272455,49.83104463062251,27.01003213609314,0,69.76454318875984,3.888950778487573,0,1
64,1,東京都,23.24239599551409,146.54499639421573,107.59960294991713,48.83420651508754,10.93748292117661,0,87.05050437123083,10.0,0,0
53,1,山口県,24.076322935445546,133.7156584971768,21.814643667606042,53.6455451616378,8.105404018671681,0,76.09853992541746,10.0,0,0
52,0,広島県,13.661604714022124,121.67772489477444,44.941586269515845,42.84611142880071,2.1014254256157225,0,104.56175740041661,10.0,0,0
51,1,東京都,21.078868966170003,114.94827230690576,10.827261360759616,48.40782585373763,1.2824397547558803,0,77.67689482599877,10.0,0,0
55,0,東京都,26.882643613663056,149.3399909032689,64.721116285034,41.38128506833572,17.594102786813462,0,99.7764866000407,10.0,0,0
47,1,東京都,21.254803095625007,112.2747536161455,109.75489270549811,41.89559989152494,24.854935361443797,0,102.1475558509791,10.0,0,0
55,1,佐賀県,23.961254285613872,115.07250116577445,32.741251060083684,41.6662550074624,10.513188147632961,0,69.69858677684748,10.0,0,0
44,0,新潟県,23.85449304460263,100.40775051432249,42.374551127093106,45.80968380665635,8.729446271247499,0,86.14791876323807,10.0,0,0
70,0,東京都,20.057693955854965,113.47965541114324,51.44230145577174,48.831012218363306,18.647439589073915,0,67.82354942822064,10.0,0,0
47,1,宮崎県,25.84398371431086,109.9128833975218,155.85479444116578,44.21757564066336,18.8765207203008,0,107.33379557661047,10.0,0,0
50,0,長崎県,21.91898326738561,105.04447179886047,135.62620513154354,41.332924679347705,11.852418154553579,0,91.8461938933193,10.0,0,0
51,1,東京都,30.136410865955927,133.39452471500414,316.97423998957413,41.41018721813198,18.903061716593374,0,115.59178321019546,10.0,0,0
64,0,京都府,17.46652096035552,124.93766766698077,78.65654249014932,54.7008497917409,54.38117999756875,0,107.79509243703903,10.0,0,0
59,0,滋賀県,19.44180583127979,137.41353568109878,38.66565355696628,41.97889399677681,9.7558970065784,0,69.10873125331942,10.0,0,0
67,1,福井県,22.698677734847937,130.7418301469407,124.40096059355152,50.61901746635615,10.837498416318995,1,105.00212226838248,9.220404314527416,1,0
45,0,東京都,24.26958126071549,136.6327695418737,150.8447593679486,41.92399778498982,3.2278129210936486,1,87.77476918356336,10.0,0,0
40,1,東京都,26.72749271309376,140.25330501743784,117.17059704938917,48.30632540949855,113.60805960924911,0,71.85477000696609,10.0,0,0
73,0,福岡県,19.879937574820076,131.40878335755278,117.21460805460873,44.694808055548876,26.281963207960253,0,92.13987809222486,10.0,0,0
51,0,石川県,36.999656198583445,169.22747437750573,110.3727361504454,41.48909459876602,16.93274915891769,0,79.85150727554586,2.7095591904288687,1,0
59,1,愛知県,27.287763512330276,162.2578776220099,198.002545072049,41.20013412093158,105.90844995272053,0,110.84186563201006,0.58399007550452,1,0
62,1,福島県,23.952361273124602,119.84203540434004,181.4672214510256,41.54493179251192,22.23221983339678,0,74.72529380504956,10.0,0,0
40,0,東京都,23.332417956058766,115.93182418969262,15.493344087742868,49.386638721731906,19.307527697684456,0,74.92892119909521,10.0,0,0
72,0,東京都,23.82087973125555,139.48000857993102,57.50412990254128,42.038794970577385,7.671098794085794,0,112.43152935514631,10.0,0,0
60,0,東京都,20.699017537436937,131.60179730118818,125.63881993327013,52.02919198422143,3.2534098583751176,1,102.02589458380152,10.0,0,0
44,0,神奈川県,27.072121839218447,139.14991983261888,58.820096867777174,41.93399021996514,30.02787704978398,1,102.85109644972904,3.5307808475177067,1,0
66,0,東京都,19.107368504860688,133.16552019507432,229.99556676233192,55.650732869449655,84.55079388680296,0,104.4774395846661,6.1846487496129114,1,0
45,1,東京都,19.90644915088001,151.57222715804542,62.97201854764029,40.447729137189945,10.515496718116013,1,81.22777364736875,10.0,0,0
46,0,香川県,16.01374722785903,76.15963978700533,35.87206940781181,41.221663380413816,2.0746233073790123,0,81.23227801003597,10.0,0,0
49,0,千葉県,19.574157162359406,103.08230541306915,25.882039011559502,42.48786700633981,4.703478588884584,0,99.7219861320139,10.0,0,0
46,0,東京都,26.673117235016754,135.5396537937229,106.34859843582407,41.93491856650775,9.547666863984643,0,82.64266192309393,10.0,0,0
58,1,神奈川県,21.51462093418641,93.32476696347372,44.75076409106644,42.417518797629995,16.777001936247437,1,76.46269962154186,10.0,0,0
47,0,福岡県,29.571737390785284,130.8483501539055,310.77610981356185,54.7601912686057,87.32954320427581,0,109.67719590651535,8.978963615563243,0,1
40,1,広島県,27.32269160102194,107.0480049435271,23.381499418893526,41.519153115502384,15.551481915873005,1,87.07823345480128,10.0,0,0
67,0,佐賀県,23.372305181024583,144.90688677365534,134.8088421921074,51.26874179948133,7.101546001062028,0,94.06812874084181,10.0,0,0
67,1,東京都,24.314474324984076,89.29570396148188,115.94495612270804,41.60782317285317,26.73800063807081,0,98.03608328687683,10.0,0,0
48,0,東京都,30.04038813225663,129.3265216706606,145.22324610920305,62.759673699892,66.58863431179259,0,104.54027226823293,2.4179192395346107,1,0
64,1,静岡県,31.04184342437638,119.03979598183467,174.2262103330153,40.769251918226075,31.907280944270788,0,107.50082678300308,10.0,0,0
72,1,東京都,20.501103561625808,136.28212393055742,36.63067474019906,70.9573239051783,33.380285590688885,0,96.38536909901474,6.7417606795458465,0,1
44,1,東京都,20.167531929293574,123.18540869566634,73.51260896153768,41.43156499577061,6.48263385203287,1,92.55091060082955,10.0,0,0
53,1,山形県,26.389192044837902,146.1657189358503,33.9494991236555,41.82640504568228,4.728642553907665,1,73.9118919452788,5.204412886951149,0,1
57,0,茨城県,20.388302544351934,100.81007746845789,87.48122518295754,52.47869385355368,12.492261339102635,0,76.52492324680102,10.0,0,0
51,0,東京都,24.237557103377384,131.1498682978389,75.47542499754259,54.23454105120701,3.967895148531429,0,76.94708603697478,10.0,0,0
70,0,東京都,17.68338771907141,115.89352373456498,38.07800476116575,48.40268965083987,7.11376303208532,0,85.08865537811366,10.0,0,0
42,0,東京都,23.086308572603624,110.2416346632725,273.44987552009866,41.35263995558717,11.562724933049523,1,111.6678610561441,10.0,0,0
48,1,兵庫県,32.30716689964038,115.63811407723696,145.00945812248776,40.76109327717348,10.057745370998248,0,94.73744013023925,10.0,0,0
53,1,千葉県,25.197311772160806,131.1583097096865,89.90546907187839,40.65321206007546,7.991475176067798,0,96.61927469168097,10.0,0,0
46,1,東京都,28.354320636328683,130.9672416762344,77.21609970951819,40.4006996336583,22.526783387228335,0,112.22875366533263,10.0,0,0
40,0,千葉県,27.791748869960855,124.10391796172696,58.00153318086335,40.32796080478367,7.571084373748109,0,89.88964919226825,9.8211992670521,0,1
73,0,山口県,20.797823153910688,142.40179944005305,155.85923009843845,43.56943052722129,29.550535341423746,0,73.68185667297581,9.507172914442455,0,1
52,1,大分県,19.521993869740847,88.3614123041224,38.68801692676611,41.67294821974751,5.631622997687403,0,95.39996442551059,10.0,0,0
64,0,千葉県,18.103341236209683,122.23451840049057,186.7173104329848,67.55222739322856,72.47741038303617,1,114.36246211688595,10.0,0,0
53,0,東京都,21.051159257505628,103.13295890682248,46.529125254479546,45.848854155080865,6.014617432040529,0,85.39435365493789,10.0,0,0
45,0,愛知県,25.453815707466667,100.70533481488647,91.893006708044,53.773809088002096,28.051480859862277,0,108.36844806945693,10.0,0,0
70,0,東京都,20.79238797696574,104.19390935738541,133.1920535028747,33.647317472686716,6.6232589759042355,0,115.51460986007689,10.0,0,0
57,0,岩手県,20.319611329246136,131.7590763218428,62.162410702984594,42.40559636941131,7.579406129993633,0,104.95272509620811,3.1361662257072602,1,0
45,0,東京都,22.291665047471497,123.73602333180533,103.24685367058566,41.21885095192815,14.725497320601379,0,78.124591020877,10.0,0,0
71,0,愛媛県,23.043505178274163,140.2001969873665,142.0039787375503,42.194944659835514,19.09912755416606,1,122.96188990798228,2.688277330235512,1,0
53,0,東京都,16.997209350467475,97.6384821156912,24.948291538079182,41.571855826451156,3.53063248105793,0,79.57734521116362,10.0,0,0
41,0,神奈川県,24.275390227568536,119.6294865864751,86.62524941037341,40.952917476009425,4.6445385675980155,0,79.69315120527939,10.0,0,0
53,1,福岡県,20.607788757163668,127.42035655378147,63.5835559007971,41.886552410455046,12.569203254173251,0,85.63122377982934,10.0,0,0
44,1,大分県,18.508802837911112,129.9212099652341,32.47930520353483,40.62726411597887,30.599179001639673,0,78.99820655069438,10.0,0,0
61,1,愛知県,28.88170271740089,116.33580545137097,77.09006452084328,40.445394638481275,1.373673331273346,0,83.10068000507452,10.0,0,0
43,0,静岡県,21.842948767123037,152.73149926732054,48.040055291274804,52.99865055753096,25.23871525010106,0,92.88696856549699,10.0,0,0
57,0,東京都,24.336820797419563,111.8088258073577,29.390012774956276,61.898658149303756,4.449654180294544,0,85.37990662389532,10.0,0,0
42,0,福井県,20.70236278672317,112.28932872648694,116.63636416480877,41.93849716421148,25.595035410276193,0,125.76622181025373,4.276256600831604,1,0
54,0,岡山県,15.34121998660776,127.09125635025725,23.879792311398255,53.54431420561475,16.072212002348596,1,83.27186986232262,10.0,0,0
43,0,静岡県,24.419309246581303,110.1807092916919,49.26372540847854,52.041980651574434,21.3800335223982,0,91.41184728507622,10.0,0,0
51,1,北海道,24.240889936173627,74.56321808698468,97.15216616852727,46.09804180288581,33.18763364715099,0,89.91535121893216,10.0,0,0
57,1,神奈川県,19.79902031380123,127.87438016241796,50.271200712006134,52.025888156416606,4.254865637491578,0,80.6712444707892,10.0,0,0
46,0,千葉県,24.918495918154534,130.453260586916,180.83317226488154,60.711542953788744,16.275144361859056,0,101.80194335337346,10.0,0,0
53,0,東京都,23.94058015425173,99.02607851840361,85.89646697019671,42.16665925512445,13.671713304019914,0,79.19695081020681,10.0,0,0
67,1,東京都,26.096519536831085,130.42939610686196,187.25340616185468,60.17743227293957,84.77930117692955,0,117.6412093873534,10.0,0,0
59,0,東京都,27.52652832497498,118.62453811620833,94.94718077824967,42.369995108816255,100.35016694829066,0,91.7412419051665,7.445489421844108,0,1
56,0,東京都,26.66256169696405,135.43822133667751,107.82347792415776,38.66946876038046,33.29096965396026,0,97.57281760994468,7.621357521280092,0,1
70,1,東京都,25.47095924565161,115.10844638579415,193.1683711981992,40.59618320912551,35.704905867380354,0,107.33277549190551,3.778470317919234,1,0
65,0,東京都,20.42755679169586,78.16773236097987,59.10886074358091,41.81699180164473,4.303337225555834,0,76.11581546557794,10.0,0,0
51,0,群馬県,18.81136269931673,78.58455987731497,11.925555199488935,41.709641445294395,1.2997105834520646,0,67.26017023594052,10.0,0,0
53,1,山口県,22.18878701229314,125.32451293210103,61.584512945563375,41.310805369370414,17.696610238461282,0,90.34839624596832,10.0,0,0
59,0,大分県,21.632493954764964,113.82780744681898,48.16935964893524,52.76792086735489,15.299279132698983,1,67.42061679476805,10.0,0,0
62,0,兵庫県,20.357911600684837,132.42194431482278,117.35504246344613,49.02807867385014,35.5449217274194,0,106.89953734064908,10.0,0,0
70,1,愛知県,28.732343096420294,144.91157108126612,250.36128010368466,39.90361682648128,40.41708564620959,0,79.93905130257286,10.0,0,0
71,1,三重県,21.62102879450155,97.75779796327829,201.83488170238576,38.89622028152242,10.938992715196356,1,122.46728143843822,10.0,0,0
53,0,山形県,27.077536896516563,144.87906140499248,167.32123057990424,57.079327351728395,29.114128015879402,0,64.81923206849034,10.0,0,0
65,0,静岡県,27.752309863485394,123.52326277507031,102.38380569489495,42.019370852255186,26.474118612651914,0,95.82568905191378,10.0,0,0
48,0,熊本県,22.242534086210362,143.04089010634647,47.337664968085285,50.25300772046099,10.336651414727195,0,83.43623534112453,10.0,0,0
66,0,東京都,25.447031690546897,142.10791119601896,71.49061419918702,57.800359543974075,43.11400041503017,0,92.69888092047519,10.0,0,0
62,1,福島県,23.995552445313336,118.04773249517832,161.43287640805605,42.0814820275446,33.41245689458273,0,124.19322084173761,10.0,0,0
52,1,東京都,27.375203619641375,138.8165052474817,198.00915048402192,42.0211151934818,24.81721414970323,0,108.83735076057195,10.0,0,0
52,1,愛知県,24.457526422987005,126.89784445189125,25.67922160400402,45.65884968698639,9.60861685426784,1,68.67553016327948,10.0,0,0
40,1,東京都,25.471545061992938,111.67828187660731,125.61720461913932,41.84416816818875,7.5751718740804135,1,92.1624066302081,10.0,0,0
51,0,東京都,15.742701963817801,112.45141360551597,90.76422190577873,40.66768105102196,3.2176929769895297,0,66.13772403312835,10.0,0,0
72,0,山形県,24.801649969932225,117.44526619070383,198.96139726468178,41.10294298688281,15.683331565415518,0,91.70883178041352,10.0,0,0
68,0,沖縄県,23.94762845421508,120.77328113832753,237.50254619198697,41.252796486157756,21.64457350147274,0,116.49802401939665,3.731172069117738,0,1
41,0,東京都,28.753388530207005,109.9465357713238,47.66990171231702,41.7909878908196,10.530758090636787,0,63.17599598794392,10.0,0,0
71,1,千葉県,25.60965879085183,175.26347305278242,190.3353837938072,41.82031396533339,17.832990875106585,0,100.64163600161694,10.0,0,0
52,0,東京都,31.068564553585837,127.71046555376029,181.5017627586405,52.84842207760848,33.26450213005631,0,79.25360807658379,10.0,0,0
54,0,東京都,20.460266600658148,100.36733235612978,53.88688929918472,40.31506705507369,14.757009041740847,0,106.74066911870408,10.0,0,0
64,1,福島県,20.464060774791943,76.02924226105057,15.644996957808358,52.963520243929175,4.068205291585764,0,89.26249574192279,10.0,0,0
44,0,新潟県,20.204803759445564,101.5397893132329,44.415522422209854,56.99651641197599,6.780811288019702,0,87.95131521399699,10.0,0,0
69,1,茨城県,22.589144912235135,114.54720240895789,91.2901866807855,59.90260943085824,20.101616242232303,0,104.97586255384583,2.914276665300278,1,0
69,1,東京都,27.374968401489816,146.48699242731468,238.19659886701106,42.766464161608994,21.42346959764971,0,110.9227283004148,10.0,0,0
49,1,愛媛県,25.535047143432813,119.30778561227429,35.60031915974117,42.42705151248968,10.372314308738149,0,75.45767787978029,10.0,0,0
47,0,山形県,27.448328367897933,124.49120852972918,87.59385522933427,41.717741399149936,11.233048576691125,0,100.64132685316191,10.0,0,0
41,0,三重県,25.240029122055986,130.10954717303332,65.25858864684527,54.67562471184243,24.88117353168626,1,72.5755307459937,10.0,0,0
49,1,滋賀県,16.805167223452433,148.7870517658207,82.96372733460618,57.212706711695795,54.73178180912141,0,77.11864668751981,10.0,0,0
44,1,東京都,19.11738400160859,105.10314244842955,35.204662733164774,52.96779137248581,14.13682386306383,1,89.91262510104897,10.0,0,0
47,1,大阪府,25.79653156336022,130.28413167496106,170.64507807980067,42.1810237971271,39.12572186392608,0,92.17571115307186,10.0,0,0
44,0,静岡県,19.84082587651878,112.46433417576229,77.09085528353923,41.46453388541074,9.523523238786636,0,86.73913053587043,10.0,0,0
40,1,東京都,25.829719973446526,90.88613280661174,45.95155980924185,38.913425194368074,16.06045025416121,1,86.1935081795481,10.0,0,0
43,0,長崎県,21.6903140961524,105.40516693171327,62.90461696444939,58.9332760074754,34.77440876864418,0,76.46313496686884,10.0,0,0
62,0,長崎県,22.242850762775472,133.45737217404212,357.0267255164494,48.99787393158678,63.432751338543575,0,87.13379728952373,10.0,0,0
41,0,大阪府,19.130692735788756,118.8940443614638,30.14609462892909,57.45090930839537,2.0175943181679905,0,71.76789442348756,10.0,0,0
46,1,福岡県,22.441514273211247,142.13896611887884,36.35431449745771,41.89383387293845,4.455267861240476,0,102.95487518188607,5.524887358133306,1,0
48,0,東京都,25.218694207366458,109.17123146608968,115.92328955644957,40.921046873468036,6.770298739757895,0,118.67336216898413,10.0,0,0
49,1,福岡県,19.75704615950944,85.25006072208451,51.63274914727067,41.216127727565556,3.6888207019693007,1,64.85363177930071,10.0,0,0
65,0,東京都,19.306013797672332,97.73033824214761,31.425153362675054,46.491541997557256,5.631522998069568,0,76.11407556832772,10.0,0,0
59,0,東京都,17.792066384991447,108.765407646284,24.78610754407679,43.57687153334716,9.12993882565452,0,79.09484405480282,10.0,0,0
42,0,埼玉県,17.9417162384325,106.84193302594079,45.707631668052066,57.166714994995914,27.884008535940698,0,79.83993115716447,10.0,0,0
67,0,東京都,19.449027724887998,108.436054656002,291.62847098755515,54.71767469424834,23.52930056254701,1,96.52281157555707,3.6654553913011614,1,0
62,1,東京都,16.77145964453663,109.46304971929905,50.310946002047814,42.51167011150591,12.648003433597271,0,100.42174414154306,2.5059681444855837,1,0
49,0,神奈川県,19.698926414538477,109.20914990902338,90.28134390490257,63.4806057681826,23.514527276392343,0,89.38451224856296,10.0,0,0
44,1,山形県,20.53795496596084,102.58500104828424,40.8323620038443,49.544728275077304,8.866346416109229,0,98.58770846669287,10.0,0,0
47,1,東京都,24.32978989319151,138.0079947908413,81.21798979494032,40.9295431714731,10.765305687578449,1,97.58346660671548,5.511343424651766,1,0
62,0,奈良県,23.25193837871548,114.40103801372939,125.67119671151701,42.56296584127541,49.464326680730046,0,107.23565829902064,10.0,0,0
63,1,奈良県,17.641899057084455,98.84529134402247,162.6867949792293,46.03998962503073,65.94662578486533,0,102.33765131271474,10.0,0,0
54,1,奈良県,20.944934662524325,89.83050358322588,113.42565424067062,47.30674908195878,46.969852748583776,0,83.10047931768155,10.0,0,0
44,0,神奈川県,21.94306773565455,114.49361070600557,250.6843407107552,41.97495645388559,8.7720826622985,0,120.14157182489963,10.0,0,0
57,1,東京都,26.079077286310742,136.65918009818412,53.8865633807298,41.18253564860063,4.050511446070016,0,64.7646978087018,8.001741187403443,0,1
55,1,愛知県,26.682571336690895,142.76881826613788,390.2401344413616,63.30068252352645,33.4718787940026,1,112.15462823203777,10.0,0,0
68,0,愛知県,23.47124420715726,123.21866308019402,65.10165874206568,36.193594879732096,3.4851488217988447,0,108.81038919007796,10.0,0,0
53,1,千葉県,33.71928160124254,135.04314168565696,171.01787078721108,42.439703287024756,33.46037734265825,0,100.44955205954088,10.0,0,0
68,0,栃木県,18.32188602285191,147.9834269625887,30.70148651492443,61.643880310263796,6.953787971105457,0,77.08782584421911,10.0,0,0
65,1,静岡県,24.6339915024774,110.9599436689184,566.6878019181595,42.353172927200404,42.825386502942735,0,98.6835644452343,10.0,0,0
69,0,京都府,25.19989565202182,153.8517396339101,103.93768688565405,42.465204248252654,10.44884513989581,1,68.46498260968359,4.485254434265689,1,0
65,0,福岡県,26.270631387281732,99.61777817402795,64.93174425765714,41.14922167963228,8.725368195948832,0,79.94601078990524,10.0,0,0
42,0,福岡県,26.80534447864669,111.94090790550479,66.24666026336773,42.358415393626665,15.314670547422828,1,63.151136075361954,10.0,0,0
48,1,東京都,19.29891409683059,136.44822433322946,17.69088836205777,62.08743043537824,22.893781324937255,0,78.31660437351712,10.0,0,0
44,1,東京都,28.83267199063737,114.2586734131593,63.583998124849586,43.58907923991326,50.01131771511705,0,76.0157451986873,10.0,0,0
40,0,東京都,24.770895333138387,97.67199673372772,44.75710147685348,42.802319947594924,5.346444609303319,0,85.26511846617693,10.0,0,0
41,0,東京都,22.940064900421174,115.67566534003049,85.84504132176023,64.17477831357004,27.60607650957017,0,79.70271741952227,10.0,0,0
46,0,東京都,31.75234604100336,131.22560839960417,386.95917336673443,37.516075384560054,71.66520837054593,0,122.48131098757716,3.237186535167298,1,0
48,0,茨城県,26.66806066058198,103.33155307144101,120.5848059806571,41.662642025020844,15.875868662004203,0,75.63341342163226,10.0,0,0
52,1,東京都,16.293717777480616,84.73987802712229,66.39436560597942,41.47651228982561,4.260242164420113,0,71.40387242996441,10.0,0,0
47,0,神奈川県,20.461233246065326,126.23519075559817,119.96351184298902,42.04179666828936,19.417552707013648,0,97.7463281930999,10.0,0,0
69,0,茨城県,20.659377186022567,130.95713973610623,56.30760218810642,41.246442918846306,8.383505025051434,0,77.48391878634214,10.0,0,0
41,0,北海道,20.25660692604021,64.90305462445541,71.04593800884281,54.15039577107437,29.460951344993084,1,73.1133703779531,10.0,0,0
48,0,滋賀県,22.14733851289867,105.37756317078323,139.2265543928045,54.15609667538887,44.63014334606403,0,91.3759370325068,10.0,0,0
44,1,鹿児島県,25.32755811450544,99.43005050817266,121.9041339206241,40.951552353787825,4.67278959013413,0,93.46466138517839,10.0,0,0
73,1,東京都,20.714803646305725,125.96656126635214,106.37382990209458,54.93491206587791,4.39698093253632,0,102.88002820233318,10.0,0,0
67,0,東京都,25.258196722989585,133.58317140476407,116.22106457276526,41.653311290674424,7.806576782329925,0,72.95607896811329,10.0,0,0
42,0,大阪府,31.563689461527403,140.15368681922794,48.976688396955254,41.2527008157832,12.305674193441579,0,110.3360509893533,3.427755950160385,1,0
69,0,鹿児島県,18.72069836272697,115.1086152625044,88.95001018788578,67.9303529978086,11.571092293201028,0,92.05415332268664,10.0,0,0
54,1,栃木県,22.21159238328307,112.22457577596153,62.12221527271057,51.05780394948072,10.314615887356343,0,86.10984457821986,10.0,0,0
52,1,新潟県,30.63367678683086,121.94117559415209,79.2423177933935,42.12712448169714,38.59115555054857,0,99.28388330990103,10.0,0,0
74,1,東京都,24.84968021544762,139.0397387213627,96.28193501107062,44.311100155478755,6.749499747947645,0,81.66180090222848,10.0,0,0
41,0,愛知県,25.626793227386916,96.79059418164091,68.09189043264809,41.341786397270795,14.354169405761752,1,101.23037858938633,10.0,0,0
65,1,大阪府,25.312046023946802,146.67858772275267,115.49785641032594,41.0949953333228,33.32374863369067,1,108.89055385982313,10.0,0,0
62,0,東京都,19.26908618902513,125.88021980114551,52.475796681284294,58.419289745885266,3.6900292927513325,0,81.26878928701377,10.0,0,0
46,0,愛知県,21.257252371028567,140.6711357146099,36.66880499314824,58.85689277795557,5.0349381363464145,0,85.05629413910951,10.0,0,0
43,0,東京都,28.867102832492844,110.90597867590883,48.67766468484997,40.14763612003141,17.180726731182293,0,83.66942906068515,10.0,0,0
55,1,東京都,20.89277560380915,107.81345054138649,55.88090454221293,42.108375002359516,30.41374025807122,1,98.60809218682218,10.0,0,0
69,0,福岡県,13.055150254435906,93.44528180225593,82.00699744871335,54.31185834595709,16.677930895446377,0,108.34672390446363,10.0,0,0
66,1,群馬県,20.14638145861298,81.01744043520299,128.87059525394326,41.97758771643904,8.631208816883293,0,85.62220031851356,10.0,0,0
72,1,広島県,24.777338952110476,114.07799082529073,212.58530714763566,48.2059642486072,15.63203288617591,1,87.78040011008382,10.0,0,0
52,0,東京都,19.265406458069886,108.2357404331249,61.600509524821575,40.76571134649698,0.9023027641113932,0,76.9065601192717,10.0,0,0
68,1,東京都,25.608646988464645,143.36577937205988,113.46468890856131,36.79539252177227,7.677446776546596,0,112.44113045139154,10.0,0,0
74,1,東京都,19.334350343165454,124.79376093511044,81.32951708706672,49.51600319081493,3.2565623925646547,1,79.89245485995248,10.0,0,0
64,1,沖縄県,22.47682665850656,118.56763770426096,39.25389013351443,41.44501892399196,22.966469618535683,0,69.90741515524502,10.0,0,0
66,1,新潟県,26.27439143106485,125.55449062747769,80.81660970993596,41.2501968800704,20.561081382894795,0,108.41871173796824,7.975421118455123,1,0
54,0,東京都,29.478109005533362,144.53728987367433,172.8577643564508,42.0811580156513,87.2145561944121,0,114.73227394340863,10.0,0,0
44,0,栃木県,24.723020473011754,133.84042601365982,44.255564022028736,52.67078156025113,8.230818948629611,0,80.67594614286763,6.461588705351136,0,1
48,0,北海道,31.718524601313977,123.70416006983505,115.94794389111817,41.84327406952255,31.61710868378463,1,113.78503619065354,3.6778855287091816,1,0
48,1,東京都,17.64017752090432,128.09831590547964,62.225340222237755,40.654474291223636,2.9635701142607815,0,84.56610247830979,10.0,0,0
47,1,茨城県,18.369207977359302,142.69993377330204,42.20264172345347,41.950019805295014,1.8761172228022232,0,92.03543348205964,10.0,0,0
65,1,大分県,28.64291719157146,123.79772510423817,307.2372076812474,42.698271489786045,35.664719999636894,1,92.80180521642393,10.0,0,0
48,1,山形県,27.76813404000153,153.7182784290065,198.14278126377272,40.8022060485731,25.36162432588336,0,91.29403912585266,10.0,0,0
71,0,東京都,27.430584931850788,161.00299454165014,41.600922348750316,41.18765087258832,8.733674136202346,0,95.12770251291974,4.769025474691991,1,0
71,1,埼玉県,14.378376748128062,114.76653558736442,204.75947672160152,41.23536826331316,19.85897391057412,0,78.1257843410866,10.0,0,0
50,1,沖縄県,25.25195748147837,143.38746491061036,76.99280144419038,52.50810755397285,14.885970858999546,0,105.60080456722186,10.0,0,0
53,1,東京都,22.414336028730006,132.9183198055907,88.74099912500706,41.23524586921508,4.61173306688028,1,81.56490667698148,10.0,0,0
51,0,東京都,21.69712844478777,113.10430469326172,116.45741418950624,42.49763366294495,23.3651574407206,0,90.17274287185668,10.0,0,0
51,0,茨城県,21.050974145986405,98.80995339207537,91.48946418376497,42.13223036445039,20.55519457492941,0,64.75742533532312,10.0,0,0
62,0,神奈川県,24.074662152516865,106.13504825573081,55.49150511323484,42.789593864588056,35.22106303982658,0,108.44210247667152,10.0,0,0
64,1,東京都,21.750952407198604,126.3756636170666,141.23543291528512,54.682166683442965,5.532548514435149,0,86.03249684403104,10.0,0,0
43,1,広島県,24.136798654335742,126.62258770738082,116.957009634162,42.35486215625686,36.29829726716104,0,112.402642400641,10.0,0,0
58,1,石川県,27.598047123619345,130.93377692814246,248.763749536396,41.26981382188909,173.4146350867888,0,96.3438461978151,10.0,0,0
72,0,兵庫県,18.1216709259274,105.07192582648334,68.02363388415847,40.92134181587285,4.67661563178513,1,89.97468775806816,10.0,0,0
63,0,東京都,24.838447934351176,81.40266669278616,72.77202628658353,38.49370628149428,10.375733600675344,0,69.77082302778233,10.0,0,0
60,1,北海道,21.324271826287102,120.13168723614397,136.19735952547362,73.5741889345403,43.53349472578639,0,125.77794770892305,10.0,0,0
54,1,東京都,32.44822186271609,135.1827540143378,67.07900107728022,41.551864518936966,33.322708693984445,0,75.78289998063157,3.124805846416602,0,1
64,0,京都府,16.724302293300337,109.33620356449933,90.31242325695567,40.62776015148492,39.15591933164296,0,85.47903808670551,10.0,0,0
40,1,大阪府,25.048404274457738,98.58138353207852,51.46244847357051,41.54984068037934,46.95310946875155,0,98.07122081714832,10.0,0,0
44,1,東京都,18.84205662721181,126.57485749594795,187.79580465660186,42.43061114675882,30.416149706938814,1,107.01752582845695,10.0,0,0
49,0,宮崎県,27.769646209829066,122.98414365020587,76.9587369191489,42.42394580857862,16.34631999108728,0,110.97125646959432,10.0,0,0
43,0,大阪府,29.506845710122665,110.43787070182148,66.50776372436908,41.213419568313014,42.75934787516804,0,85.62967988800042,10.0,0,0
58,1,東京都,26.013028293938916,143.5413589507318,161.55919322875002,54.789605045325466,11.229237431028318,1,100.9882290822696,10.0,0,0
62,1,福岡県,28.113726915018976,107.77400120478038,313.63456913848785,66.0390758969497,41.357486550234924,0,106.9562364531848,4.503026275632467,1,0
56,1,三重県,21.51668889910601,126.66866033885823,108.86595273136516,60.28864107560596,39.56877198865281,0,100.03994221223066,2.043173344452927,1,0
46,1,東京都,19.798988824819748,79.85497102763523,52.21638906887955,46.51269492972383,2.42655342760324,0,88.79371961360232,10.0,0,0
47,1,東京都,18.378593448653945,85.59765893517782,79.268454913025,52.535769020072884,14.412668351484639,0,91.25831819725495,10.0,0,0
57,1,広島県,25.292344705083874,143.5349716186326,63.602347432054984,43.08809702252991,15.29533087635054,1,111.75793347010061,10.0,0,0
44,1,大阪府,30.084406133528606,135.4400693542753,110.18514899064301,52.84921746990764,38.80671031915071,1,124.80839746037523,10.0,0,0
43,1,東京都,21.35974142078193,113.43311652990785,84.67395432995454,61.70629604288307,37.110557930726394,0,96.62616262739596,10.0,0,0
48,1,東京都,23.510593798709593,92.30879395480896,32.72402969102113,41.49771052734687,9.214318785149528,0,88.32500692646173,10.0,0,0
71,0,千葉県,20.43002054383223,125.8693915804985,140.2775156794051,41.69476624059813,5.427210204089628,1,82.97968339963414,10.0,0,0
69,1,東京都,24.967299547102144,139.1512435183943,161.43247907131874,39.90328135222136,9.132578765376326,0,75.6398657888625,3.6308652522152247,0,1
56,0,奈良県,25.997042734219313,117.83587216752015,135.2215910445229,55.235962222461,62.66687871283541,0,71.42140588014524,10.0,0,0
53,1,東京都,23.94312227989298,119.40578214265575,167.8529265748636,41.81706151902527,19.726564257314497,1,85.26517869302764,10.0,0,0
54,1,東京都,23.078676061714912,125.48452994795522,76.53473434958603,40.164157195536625,4.327282039104064,1,76.07744414239647,10.0,0,0
69,0,東京都,27.154327820629927,148.15331733882542,165.08816494928928,57.706626131382016,38.00321670939786,1,104.72156831407683,10.0,0,0
64,0,大分県,23.978049782666616,123.80352999302785,66.76777162619648,50.87896322456267,10.895581876466837,0,115.43025077602424,10.0,0,0
48,1,東京都,25.77364708383892,136.25930235919333,44.10550249605796,40.81607379262967,5.202601471960216,0,65.48952554165646,10.0,0,0
52,0,愛知県,25.49037624891227,154.00456792310507,54.89909959516508,55.69938214105783,15.800059727151691,0,84.71144076385676,10.0,0,0
63,1,岡山県,25.62178061473058,134.45944551729312,91.07369527589401,41.432037227908964,11.952286331500384,1,96.56968363844166,10.0,0,0
48,1,埼玉県,17.593756604551576,120.81491934482895,112.20260720612967,41.401601843911884,9.634777556009974,0,80.97991658628513,10.0,0,0
47,0,三重県,22.00556023802441,140.1643615886465,15.603413192393802,40.8480056626616,8.78097125703864,0,72.57268105682462,10.0,0,0
46,0,福岡県,29.42951616603333,116.63524058901349,49.354616504560624,41.56717528537614,21.74162329759146,0,91.78781108854933,10.0,0,0
44,0,東京都,29.620113041107388,125.40852314167687,170.68625675890345,42.6161531870998,33.14830871637582,0,120.44921909879612,3.6836508268172823,1,0
44,0,兵庫県,32.75205220323218,134.63428739189882,204.48244418395836,40.23767300812264,11.991287698483903,0,109.03805369967803,10.0,0,0
48,1,千葉県,25.819242313994955,108.75641756098824,234.4111579588957,41.79034856716896,19.71722931541653,0,89.72522824273015,5.663707209530745,1,0
52,1,東京都,23.74632990843093,113.47103003657045,55.07992316682013,44.35511523982028,24.54494439015405,0,75.34411977437095,10.0,0,0
44,0,愛知県,25.95659884770244,105.17900645625646,44.6435744991955,46.97076766803955,19.859601956927975,1,86.58800494732897,10.0,0,0
53,1,京都府,25.53443867484764,135.9093658359525,144.8101158766326,41.72944136238708,4.182422911818844,1,124.18775013866336,2.8772347625128827,1,0
55,0,東京都,16.398970315497774,95.73123175011222,125.99814228553113,62.12831159217261,13.312600204261203,0,68.66981883090489,6.420454856827069,0,1
47,1,奈良県,15.330983099235704,113.39847265902293,33.8740723784521,45.304144497229345,16.18257576816556,0,62.182956004642726,10.0,0,0
50,1,東京都,22.857905848174124,112.56985687107208,36.63003899585104,40.196268277571946,11.048881556425187,1,74.04788111303363,10.0,0,0
61,1,東京都,17.800816823286112,72.9978125095321,98.48546774342844,56.75207463632054,17.651069773875633,1,81.2301666011184,10.0,0,0
50,0,青森県,21.893478144353168,124.82317560928028,162.54574660392944,41.310802285117774,32.01750590116942,1,91.38906306378126,5.986427849961814,0,1
41,1,東京都,24.404851730054396,119.95395164912281,49.26423771611814,41.79634539713526,16.890845072978262,0,113.37868925181033,4.50297779373952,1,0
67,1,鹿児島県,27.03924775183094,131.96725399733074,217.00101006832907,40.39585009240217,8.923354218516476,0,118.75175426396062,10.0,0,0
43,0,東京都,28.129064812125833,132.94182408393286,68.82963880974043,41.345249777380296,74.64839470906425,1,106.89357028865905,10.0,0,0
64,1,東京都,24.316648443797146,132.38097236761539,75.52889602116686,41.26555397348194,27.14320886017262,0,103.34982854862449,9.256630417281617,1,0
47,0,北海道,21.074995798637445,92.98916299607684,37.42133393208951,54.855771743098515,2.646513960292321,1,102.11340693131865,10.0,0,0
73,0,愛知県,19.872176530135064,118.91993771092105,89.18904234161134,41.97900954035648,10.651337714017723,1,81.20610718044921,10.0,0,0
46,0,新潟県,18.122289130630417,81.68420780962362,58.78627853422715,42.041551298875724,8.730289787368184,0,87.27184600582079,10.0,0,0
59,1,神奈川県,26.959906006915386,145.99363652959863,201.6622573414446,49.917277786693454,19.85157349086164,0,121.66813370449674,9.557806681237444,1,0
40,0,東京都,27.16510935006468,111.69443588360382,215.08147699409685,40.53539897625642,32.69373160486804,0,98.95939138674078,4.043066890773025,1,0
58,1,東京都,25.000292518235575,159.2306697222633,132.0789356016062,41.15159990905373,8.949683094946382,0,89.8649822086347,10.0,0,0
59,1,山梨県,27.37508212972504,134.1347157512336,39.41496413979756,52.182029353342266,7.611310440952401,0,109.80321274445029,10.0,0,0
46,1,愛知県,25.038393340883683,120.5416462263555,116.32234873165243,43.5895899949756,18.616004626988072,0,79.68837185236816,10.0,0,0
70,0,東京都,16.943631021554285,102.38981841752585,86.09244560160847,41.322282168422845,10.9521070415228,1,79.69426715924226,10.0,0,0
71,0,東京都,17.448333307779638,125.44907763351038,36.78695317440297,55.577012192605096,10.748529102759301,0,80.5803212157109,10.0,0,0
52,1,東京都,23.705271574594228,127.67067209925577,98.20645551252797,40.6785954698281,9.75702207780905,1,78.2333315099026,10.0,0,0
54,1,東京都,21.65693722723352,131.398072452151,118.11317837533988,42.07859561805424,2.641125635070891,0,85.25511863095493,10.0,0,0
40,0,大阪府,24.07983128443088,131.24228712440328,51.38970396135682,40.15856008269523,9.968853685519857,0,65.89837371990417,10.0,0,0
47,1,山梨県,16.239388972787765,124.8428987883757,40.41108451179647,53.69623969404876,2.4221416691656223,0,80.69177540916407,3.8912722696758717,0,1
50,1,東京都,23.848779682771227,132.04458096927527,85.56433486069743,54.89041608629648,9.542841764629005,1,71.04471185481404,10.0,0,0
51,1,愛知県,21.750287278473298,136.77416206793643,76.81855016087466,41.21408854100866,11.485877739352352,0,97.98037648657069,10.0,0,0
65,0,山梨県,26.96352401390761,105.18198959614128,231.6826400450323,41.39911579586554,19.864692774239508,1,117.28550681441983,10.0,0,0
72,1,千葉県,22.523753018002786,161.0254407344005,126.98306352239929,40.971500387851535,65.98152114272047,0,117.6635553109602,10.0,0,0
46,1,高知県,33.1879819785918,136.22981858585186,213.03643333423955,42.23751853570292,28.045845178602622,0,99.28864954188903,10.0,0,0
58,0,東京都,25.00742829493036,124.91400293374949,90.8292642463139,56.68714294524591,14.378607216649094,1,88.6218983902278,10.0,0,0
42,0,福岡県,25.008470125803616,106.51703795752074,34.22442012034505,56.803488981612915,22.729983255651625,0,84.13623614837327,10.0,0,0
54,1,山形県,22.482642506275514,137.32266489301975,103.38883102355166,61.81412536300544,32.4799862351062,0,86.53293181533475,10.0,0,0
70,1,福岡県,27.184029360696815,148.13694321319213,304.60297217426495,75.14088479078019,42.92133671299661,0,82.84949078119593,10.0,0,0
71,1,新潟県,20.666609348534728,129.93521097334312,37.203431475151824,56.148195598430156,12.690763428220333,1,79.2341374389123,10.0,0,0
61,1,新潟県,29.261561577219027,144.27515913670723,59.98773561045168,42.69472836740133,5.684643791873519,0,88.58543492190509,10.0,0,0
58,0,東京都,23.627354959041405,140.18708857224695,25.672449538581382,57.79117913178686,24.565209702017132,0,89.95737843557592,10.0,0,0
72,1,東京都,12.98572143673343,94.02866642807028,61.11298269941695,41.81694044496378,3.3980771894882733,0,58.52447370382844,10.0,0,0
68,1,愛知県,17.147351817755204,126.32007716346094,188.4726097552249,62.52407908777215,19.024787229083753,0,72.58023526396053,10.0,0,0
53,0,東京都,26.50611780866191,117.2401225038524,133.24300996061746,39.96867905184436,6.521936033150448,0,87.39024503372204,10.0,0,0
71,0,長崎県,20.373564976773164,107.17547632409809,108.81739894268308,50.1783544508676,22.319040842215372,0,115.96037624908011,4.41239202630789,1,0
58,0,東京都,20.94842855850421,128.32312023997318,44.45970273627536,49.50523772088022,31.679850257125793,0,98.72411076671843,10.0,0,0
45,1,愛知県,26.17446665580979,124.91717689714693,54.374734614218056,40.739800833493526,10.473955028105243,1,86.0475190579784,10.0,0,0
45,0,東京都,15.980912579091957,121.9065498227193,49.804997215852,48.272682848935474,5.409612312280174,0,78.38649650052125,10.0,0,0
50,1,愛知県,17.155906797442615,119.80974626835078,21.97235066779681,48.28004450470479,3.3883574524622575,1,117.22615596773069,10.0,0,0
65,0,東京都,24.315015943943816,128.7566044139745,199.454891897762,41.27669432723834,20.97616308754495,0,102.60491759142606,6.909955474880337,0,1
68,1,大分県,18.798342914205502,148.3420970461553,187.7764405163478,41.36890622884528,22.64756378467602,0,114.69113295639741,10.0,0,0
71,1,沖縄県,16.46083952919806,120.5754749270619,110.94299048367945,42.627686222819605,4.028491027682353,0,102.97313186971398,10.0,0,0
70,0,兵庫県,23.264638908696945,105.5549173582181,130.7775213789094,64.74976586567554,16.41523104450178,1,76.66599551655766,10.0,0,0
48,0,東京都,21.27077763871629,105.6118657140923,65.45691776570779,54.319110615303146,25.16256491650757,0,72.62501242845536,10.0,0,0
64,1,東京都,18.36776194801253,137.47135700921177,108.12747309463707,48.8155375089016,30.68682772772176,0,92.59186106114406,10.0,0,0
66,1,山梨県,27.014726229648574,148.15317110586966,93.5146884923907,41.31411589515654,4.8164751148181475,0,96.67468586883273,10.0,0,0
42,1,沖縄県,26.09249735282984,131.74135862833984,32.1069717263559,41.963766937786644,5.781496282611171,0,76.77514309354669,10.0,0,0
42,1,埼玉県,20.46230296506346,115.00858386519623,79.31696287525334,53.83903606393296,16.12154740926078,0,84.47403920884099,10.0,0,0
54,1,東京都,23.436270330302246,148.09944461001484,76.03747041719825,40.5953896024642,6.213819753387349,1,75.68492042267364,10.0,0,0
41,1,東京都,26.13542448347747,120.28101832184365,150.50138338253055,41.931306820809716,26.16345295605569,0,71.04403491615722,1.6070458682287188,0,1
44,1,愛媛県,18.47209032099264,120.82467933511349,15.2567040156607,41.442405132261825,2.134622799748729,0,70.3986723979727,10.0,0,0
48,0,東京都,15.823184381414322,118.6705148224427,47.735829632385595,64.380713702451,16.774346466635684,0,95.92133362413762,10.0,0,0
54,0,三重県,26.114092008607606,104.98569571988708,127.18690293004285,41.398819505009854,53.330634587438595,0,115.1571681291265,10.0,0,0
61,0,東京都,19.138546300562606,139.50296613025068,79.82656961968588,49.644051240321154,22.206740660060056,0,97.5615774467432,10.0,0,0
69,0,東京都,17.921087125395214,128.4108715311659,28.13622761262763,56.30421993371346,4.601899359755347,0,89.72172548704575,4.324808951610696,0,1
58,0,東京都,23.15072135579266,139.14684769177924,43.832227788671254,41.31930814753682,7.942594133587806,0,91.78926214620425,10.0,0,0
46,0,福岡県,22.480761816409235,108.005307840794,52.03526505116667,55.66234593881897,3.802282732409718,0,100.52348262383234,10.0,0,0
59,1,千葉県,25.463464640424373,134.53315318388488,126.66735080234933,40.659898468204474,7.5559952096154905,0,70.6036347896115,8.532916761715935,0,1
70,1,東京都,16.405053282795816,131.36713309332862,19.99752772568487,49.0636572967949,5.953192372433538,0,84.92296342799096,6.840082552528267,1,0
51,0,茨城県,19.758006556524855,70.68345084516119,21.790732718117408,41.21995551416885,6.650063987510852,0,79.64186023384396,5.45090860586351,0,1
40,0,山口県,29.50930441652408,119.27894612373943,81.08239440617355,40.59454919425236,7.556677989733958,0,79.68344908194159,10.0,0,0
47,0,東京都,15.696640925260912,91.53897640237734,108.84621680502981,44.951166211352664,4.185634312076137,0,73.32103627388734,5.922849864556836,0,1
41,1,大阪府,21.32438030079395,100.37172280811133,25.25270046683951,41.301233402530364,4.574410702420462,0,73.1854279565345,10.0,0,0
40,1,埼玉県,22.68357867389502,110.00598823251066,30.73594233232776,41.342776693778184,11.972223903393886,0,86.07936856103328,10.0,0,0
57,1,東京都,25.343877670863456,144.27521332593315,142.62330451509214,36.36166711252658,79.65053682435031,0,91.35348588012324,10.0,0,0
69,0,山口県,30.090178119439678,146.02834395281667,100.57561017922517,41.53044256837644,11.586076166864718,0,106.24883439066585,6.506234710393024,1,0
53,0,東京都,12.960506909290045,121.5231949117416,77.49681328262342,59.42755835701644,6.624212550338105,0,102.91089273424153,10.0,0,0
47,1,沖縄県,27.416534203351386,136.22294504536666,86.08317200557198,45.305423216682186,37.43879370941469,0,125.05796206259637,9.667342569023885,1,0
49,1,東京都,14.815418706157487,117.57094024658721,183.44462976927167,48.660045811484885,36.62266231982266,1,93.94611670348124,10.0,0,0
42,0,埼玉県,25.472661867469093,120.62699296028553,109.20927764115613,54.19312306244729,11.417415658773448,1,92.505099564845,10.0,0,0
40,1,東京都,30.34653703124132,124.44345695513299,180.47588433901547,40.1642138130537,63.041813392918044,0,83.6803252099531,10.0,0,0
46,1,静岡県,24.076461027864866,129.93124840152015,199.59416605902808,41.53813871785539,6.569492220055539,0,60.60739683591103,10.0,0,0
50,1,東京都,29.5426959527675,143.1922221749871,54.230276993279396,40.64653012101821,10.491832156801065,1,75.33207276359427,10.0,0,0
61,0,長野県,17.994509848231093,137.98638436481951,148.2882629541631,40.34956614553019,29.540712469930646,0,72.98434818903,10.0,0,0
67,1,東京都,18.070020058578994,103.79340054206297,36.81360913079341,45.97452977765211,3.3407187755878356,0,85.3278103902969,10.0,0,0
43,1,茨城県,24.032223344037558,121.63438947239716,198.21676531110944,46.53629906340259,23.964650695829565,0,91.52915125648731,1.3801219484073142,1,0
60,1,長野県,28.627386617896097,123.3139997848292,86.890294849286,41.7996265537314,22.330665275473105,0,79.70517852541995,5.1250471104386435,1,0
70,0,東京都,27.48184855692129,123.01025828092082,320.46933790490374,57.80909038114202,53.930746013839695,0,118.34399370477725,1.5856033668573288,1,0
70,1,茨城県,24.672563070845754,134.35950738270907,77.33121307094956,55.632250670598374,16.36882167711334,0,91.77680651702362,10.0,0,0
53,0,秋田県,22.565948090963573,138.51029860709681,58.740584216183734,53.44229106347359,21.454927076490183,0,87.65272133521204,10.0,0,0
51,0,東京都,20.748696946487666,103.79870071156327,93.76338684652696,69.18469841679124,22.71098343699402,0,67.15696972665216,10.0,0,0
45,0,福岡県,16.77235739335737,112.56330517028151,68.20196697274791,59.90449638115623,5.150731230226998,1,89.70486308917575,10.0,0,0
62,0,埼玉県,23.67751965122018,125.78421259864591,207.6105064769018,38.903810225732,5.279295040512397,1,111.15386216772878,6.611122514417019,1,0
69,0,大分県,27.24979722333662,138.52138602072586,97.09646365365032,55.24619549315414,41.45128114399141,0,119.9073664563678,10.0,0,0
43,1,鹿児島県,26.188772714926305,128.66748519238,90.82272327591674,53.649257992635484,24.8408537570936,0,77.10952168941014,10.0,0,0
64,0,東京都,24.40437799933649,123.7104836778626,369.106243722796,47.7874606944128,35.48359533512564,0,107.37535766813394,10.0,0,0
40,1,大阪府,27.017944736005187,133.2521366186768,34.95740518835246,41.85565678615705,7.551068495651659,1,90.32523994945109,10.0,0,0
69,0,静岡県,22.858510446003432,130.96597486513775,78.26163208010405,51.26389973818475,11.709183290791252,1,94.6609139393459,7.367278087606602,0,1
68,1,東京都,27.125876334340038,117.9288398770885,197.72965668449862,61.16049405890093,71.64085419461387,1,92.48032385888645,10.0,0,0
55,0,広島県,18.092425916694374,104.99625619915479,12.353314677740444,66.1704911078601,6.36271851346755,0,92.49105188604145,7.318043394191393,0,1
44,1,千葉県,29.402404543837758,153.2534576908079,493.56317235252493,41.65771531343772,43.95247307571939,0,82.167609457487,10.0,0,0
69,0,東京都,24.63345712743112,153.87313987699568,27.104187964872352,40.850219123917014,13.757380412571957,1,105.58595906607995,10.0,0,0
47,1,神奈川県,26.726898718300834,116.62041362308545,133.25280602832208,42.63012911151831,17.62912502113919,0,77.94404979566497,10.0,0,0
47,0,東京都,17.830170101193247,129.68051917496553,62.73606337922585,65.54252000086984,4.668968385466943,0,111.06222587421404,10.0,0,0
49,0,京都府,16.92911249843702,99.62288634393136,46.60929462644665,41.58449638808452,11.386920548002205,0,58.68417536124407,10.0,0,0
48,0,大阪府,25.81618263255216,82.28955370627295,150.8002450325163,42.61187148384572,35.385056677450706,0,92.17533770365458,10.0,0,0
71,0,東京都,28.745574015879455,140.25836179706064,48.22214701835198,41.86494645892971,14.18159476018805,0,84.58092241267741,10.0,0,0
48,0,三重県,27.252978707141168,153.8296535814769,198.013555625393,49.36503923448746,9.225405935421682,0,116.06608660740847,1.5579469397313443,1,0
58,1,京都府,24.560057078162945,155.4503407789241,197.85449300860287,38.970360336503866,67.50974408038397,0,105.9059793743628,10.0,0,0
48,0,東京都,18.90183563879818,114.76084401130993,86.14793391039247,60.87481814049446,32.30025477410007,0,94.04669990079125,10.0,0,0
50,0,東京都,25.490318731076385,135.81218917860932,47.22925446440068,41.71052210185764,11.989564495270693,0,68.16320206577774,10.0,0,0
56,1,岐阜県,24.39674220059326,97.99935614243104,61.36341735618537,45.823854251320284,41.33602376364948,1,74.84424214254585,10.0,0,0
70,1,東京都,22.786503760988015,123.97357020667229,105.97700517792707,40.81557048803406,14.055107397669632,0,77.83763586286565,10.0,0,0
64,0,大阪府,17.545691260507304,120.33744622394333,125.04435064998749,42.19722105924651,11.167189696439769,0,97.65627807312855,10.0,0,0
61,1,山口県,22.09649627039221,126.41547389240995,130.0073712400486,40.90565602886875,48.81844760808307,1,101.61669975609654,10.0,0,0
41,0,東京都,27.848979605930044,131.75661946943492,91.273195382513,40.2339182688122,9.534504439482435,0,118.47560454406816,10.0,0,0
45,1,山梨県,26.546681705783353,93.17265759377626,51.446269975029495,42.08904390093745,3.9413802702705594,1,74.4072113202338,10.0,0,0
46,1,東京都,22.00480362569726,142.42686157859217,50.285231421102985,41.978097633009824,10.991857618001468,1,94.06960782534941,10.0,0,0
57,1,長野県,21.861049042676896,116.67448394432911,90.13967821899799,42.071338141107454,36.40959585600196,0,89.0148796370864,10.0,0,0
44,1,千葉県,23.509657122122324,130.68839245919253,79.77157843796472,54.86553620069896,101.29727956746173,0,71.76073344630674,10.0,0,0
63,0,福島県,25.12924771598193,143.51164805881578,75.4003203520488,40.98384632252851,6.441347510213896,0,115.19830142684592,10.0,0,0
72,1,広島県,19.532722148556974,148.7365289647486,24.916832687874255,42.629508022772754,5.611387778886004,1,91.49713813992444,5.538952540403048,1,0
44,0,東京都,21.83272433214236,106.10296218560651,25.57925492325233,45.483016468894,0.6957334201120976,1,80.71160767252545,10.0,0,0
46,1,栃木県,31.666832313181636,139.14297553834027,94.00652887818963,40.61691951143592,27.369417021293437,0,98.46507310084377,0.0072319312334986514,1,0
45,1,愛知県,23.264077117833413,101.2926296149227,35.87668903720387,55.027886254019506,10.686993535484236,1,91.35593956744118,10.0,0,0
49,0,岩手県,24.316956244830283,114.23830144885156,69.19034018602065,41.41890733890234,10.019814175268882,0,105.04712236742722,10.0,0,0
71,1,東京都,23.509140802839383,123.593184580654,226.82302171216568,42.57625712177169,10.193539553997688,0,94.78892492960627,10.0,0,0
67,0,鹿児島県,19.590058248758826,160.50212402569454,117.0056703626967,56.33226705967893,16.73733750880812,0,90.50957448451643,10.0,0,0
57,1,大分県,30.14829977881547,145.83837085320334,272.20610244442776,46.17518065667386,15.672199080380276,0,122.41461897226846,10.0,0,0
42,1,東京都,18.36889764977655,131.35924435666547,346.3719015841023,49.861686899809015,19.181658386436556,0,73.4812534121792,10.0,0,0
72,0,茨城県,26.662693806035737,145.58000947069576,160.14016047559215,42.195906864217086,173.5946986463,0,88.2660174168973,10.0,0,0
61,0,奈良県,27.6891364364791,139.78890260540973,235.7485027851349,48.30469783226693,101.6008842470267,0,93.69199624927835,10.0,0,0
64,1,東京都,20.761243039085496,124.34617610716232,51.872246705383446,41.46724544240378,11.104036589291246,1,116.23645408523171,10.0,0,0
57,0,千葉県,31.740308910198713,136.3979837426437,229.356067897976,68.41216743494309,65.22047327106053,1,124.18665672294294,5.663333612242369,1,0
60,0,山形県,23.545091402470057,153.10297742673382,102.53467778173298,66.11332336982974,10.313378184977985,0,87.45109721959759,10.0,0,0
70,1,新潟県,25.299774801379506,136.06770758439126,52.4928973287235,40.23949929124896,46.57820475731202,0,104.30994605863432,5.828905752649838,0,1
47,1,千葉県,25.47055564361803,139.87712389063,48.65918601443167,64.76873772385196,11.468241564087876,0,100.37192214514288,10.0,0,0
71,0,東京都,21.571259449278614,118.1977770367417,135.3368140872322,60.312787291103604,8.062303225030357,0,96.73682362869093,10.0,0,0
53,0,東京都,23.987263641744885,127.18187505965055,91.40749528579147,36.975706405215426,27.810253755778405,0,99.25483869414299,10.0,0,0
58,1,東京都,19.54402945235752,140.33394525059134,63.40092732220668,41.09908840836052,13.892526957024902,0,110.80694925841723,10.0,0,0
52,0,栃木県,24.898378966147146,134.29297533154423,26.180204849793824,41.400644040531354,5.312932905782057,0,69.33039373379461,10.0,0,0
48,0,東京都,23.736991979891954,101.52273041887047,15.246972534559529,42.19259013963221,5.307390326518859,0,84.05651710081494,10.0,0,0
74,0,新潟県,22.242970507756407,140.6993813680952,90.35243143972967,41.971032500285546,5.1900712781194525,0,109.16369428940155,10.0,0,0
70,0,東京都,19.395020109722978,97.78847871218083,35.54605930940295,43.9868950407842,6.446530422117833,0,69.38890508193619,10.0,0,0
53,1,福岡県,31.141578122882006,128.7274256294804,244.4581140991402,41.32916421616853,49.444765976518596,0,110.94686442173598,6.3596368994849675,1,0
57,0,東京都,22.71074834612439,104.99760585265702,126.46132433200873,41.16510855957917,10.602982339677885,0,106.3215235071492,10.0,0,0
64,1,東京都,22.476819326068718,118.24433996743491,96.87819839324357,77.50968153828295,25.449367670982078,1,103.34420252504839,10.0,0,0
52,0,京都府,27.168421330381197,139.79196152820512,128.19618519299766,50.89614534714713,28.86427681880568,1,109.34521138723937,10.0,0,0
73,0,埼玉県,19.75922039190956,144.57389529436557,59.7189161450137,54.95325826591289,8.975854935979996,0,95.82988496925154,0.0054757015742642025,0,1
40,0,大阪府,29.46963633950136,115.49928631300875,85.50904173587412,41.82224253711552,38.64434249024222,0,88.94277630436919,10.0,0,0
57,0,東京都,20.699385671598165,107.3706725006273,38.91756217002535,65.59053732290603,11.533076823448793,0,108.07705874782171,10.0,0,0
45,0,東京都,16.093398483165636,120.62743017878226,61.352936961802186,51.20289024048102,4.130534915257305,0,94.17167000773402,10.0,0,0
44,1,福岡県,22.557738289048732,98.1161502189636,60.89178731685035,57.7055623736636,15.664049407622771,0,72.57785260648518,10.0,0,0
61,1,東京都,22.5730476057076,119.78850567063766,75.95691102460913,41.69853255847363,22.729236590821788,1,111.0685742059096,10.0,0,0
52,0,岡山県,19.799105727310973,117.90239856164142,97.60983137031978,41.91954879169723,13.79961464106481,0,87.77176747359894,10.0,0,0
48,0,新潟県,20.724625740181654,113.79547830002473,60.17696513421838,47.30283258771551,13.277153138683405,0,80.26772476461595,10.0,0,0
43,0,佐賀県,22.720809746625697,115.67756316160006,24.918651384519375,42.137380633811425,22.70056391383528,0,86.35767511669938,10.0,0,0
53,1,新潟県,17.5010794938821,116.99441141258377,73.00549152757162,42.52492576896423,94.94424663688909,1,102.22187584673428,10.0,0,0
57,0,東京都,16.409860810381726,115.06474578838453,76.72859336793695,54.31906929568338,32.857985107352036,0,87.85972670142523,10.0,0,0
41,0,東京都,20.355866951840852,103.36336562806567,130.9737101836383,36.61549047188522,5.189630970152819,0,93.75392441952494,10.0,0,0
66,1,東京都,23.645956917326906,108.00250225048507,65.48233539482833,60.70902042799464,32.74285499143164,0,84.64896582125216,10.0,0,0
49,1,東京都,21.283355777600804,111.67801005834772,153.5428229204743,54.17574364831132,16.98790947464443,0,69.39145851927435,10.0,0,0
59,1,東京都,15.289848050131512,141.85879547708055,54.251452428689824,42.2761023885144,5.195507019069956,0,86.81113490241319,10.0,0,0
50,1,東京都,30.070227980878396,132.61941953366085,133.1642768176725,41.201810985968585,22.89509522364504,1,95.6011324704786,1.0485523022958572,1,0
61,0,静岡県,24.362198291226328,124.89173278045581,135.15357103565475,41.569437494414856,18.77143444073705,1,103.73695356503845,10.0,0,0
56,1,東京都,23.600369289746382,105.57898230717592,109.20612409046501,41.47762022711367,11.599891626690967,0,96.39146861598533,10.0,0,0
42,0,神奈川県,25.944414959248366,93.0059517119908,719.8133991868518,40.806523139898225,21.75845701043597,0,70.28866241993772,9.571246105961333,1,0
44,0,福島県,26.12096879712834,112.84631107143082,197.44034609119703,40.84422538969757,32.609109388367685,0,108.15654990886952,10.0,0,0
45,0,東京都,27.970947079675394,118.97424861604445,63.47462827294708,56.92306280772151,9.781121815148598,1,80.72307952317468,10.0,0,0
56,0,栃木県,23.451528286441985,119.2019547739669,158.50705405446703,56.5750146557694,19.930439032746616,1,75.51329783286782,10.0,0,0
72,0,愛知県,15.838059606492726,113.90921283423313,93.22390421460618,41.55078305754169,4.76434196365928,0,86.98793897722074,10.0,0,0
56,1,東京都,24.260950674923873,133.9618396446901,148.08535963008347,42.22285453797148,11.212974789500493,0,102.22576913986762,10.0,0,0
40,1,大阪府,23.932990981227377,117.98823583969661,46.264615532952995,42.35316077648749,7.599383564487497,0,77.29059821657314,10.0,0,0
55,1,大阪府,25.361223152229286,142.26387687152842,75.52507231674801,41.339132747491895,11.981161558010553,0,103.12805607384779,8.537622114426576,1,0
60,1,東京都,19.533156424588395,123.73698595243323,39.19446162656205,41.615262524855986,6.68308450748662,0,90.04908120013896,10.0,0,0
55,1,鹿児島県,25.257890041850263,125.5532307714808,177.12008451611362,41.10173596886359,20.14588588388225,0,80.71428484869281,10.0,0,0
61,0,東京都,25.479179048013126,141.00108295275388,60.38775654948596,41.056081101166775,13.936612318779485,0,92.17753875577917,10.0,0,0
69,0,東京都,19.112415480747615,133.37320210875993,97.29046169434685,54.229113706049,3.3805590099958014,0,111.07762163168624,10.0,0,0
57,1,沖縄県,20.798701639242573,114.58425452326857,133.8597133485576,42.30147652368507,21.554266513912005,1,120.14373977357516,10.0,0,0
40,0,千葉県,23.83969545294086,129.94411999502967,229.95363140050105,41.57002610380421,17.239009173020168,0,70.59286500743403,10.0,0,0
43,1,東京都,25.468085342277067,113.0152039629686,39.24827516086103,40.10984246481529,6.200954198748061,1,77.69351429574584,10.0,0,0
59,1,東京都,24.404199664523404,110.20938276167367,71.76302389585365,55.65867159400036,24.454684956061836,0,81.40657199346596,10.0,0,0
59,1,熊本県,20.461210508563667,149.2614283353521,197.15414190992934,41.45785301934247,11.409204985387415,0,84.8435769248043,10.0,0,0
45,0,東京都,23.31245036654374,76.26813736160402,155.9923843688429,50.25504426073804,41.598414029981534,0,73.56962177137629,10.0,0,0
49,0,東京都,24.45721502541649,120.30710627078528,51.622918736525584,43.00914812098406,11.20770109473019,1,89.75055196064724,10.0,0,0
42,1,東京都,20.380905944749824,77.72344500348063,19.254781623106144,41.729455683699605,14.412888703830378,0,64.51259708011114,10.0,0,0
47,0,兵庫県,19.327464051697152,137.8140571172938,27.22694282781493,41.69916664632857,5.30717264385527,0,69.10993500509699,10.0,0,0
40,1,三重県,19.445608119119317,137.37626762050638,51.22654446497344,44.84661877103339,26.76843720839157,0,71.57463706240627,10.0,0,0
58,0,兵庫県,25.47796666022172,126.18983931861646,52.938705770762716,41.35402764524136,2.9174132875012213,0,93.86183987379086,5.018164173151102,0,1
48,0,東京都,16.12408520195705,108.31372304197272,87.48818784308224,42.30387799449387,65.47406126316707,0,105.89336851587426,10.0,0,0
51,1,東京都,17.786083269995395,113.03595362103019,43.6929776161379,54.220601861176455,3.2359213937853184,0,63.16007428554081,10.0,0,0
41,1,東京都,27.301757470119,133.77423003955744,34.87686959510349,41.31486027683073,22.23335007158173,0,72.51916673401459,10.0,0,0
57,0,愛知県,19.818954925737927,110.1086935048144,43.87556742590026,41.72956741907623,2.4429512379359735,0,92.34242756865508,10.0,0,0
61,1,徳島県,31.32629725757398,133.74673759954746,90.3181397090806,42.61092661344726,66.06611911267962,0,107.72526432252205,10.0,0,0
44,1,岡山県,22.378289954027327,124.91722387698876,55.284407292445195,49.430024448293274,31.772250982962937,0,73.26122464082586,10.0,0,0
42,1,東京都,22.28145868063999,105.10062495943076,59.75011406076035,41.40235050601656,28.0334477994612,0,73.77554986990131,10.0,0,0
62,0,福岡県,30.069080042409933,166.65966900403404,49.64250300971277,41.98092747223001,19.84846578992046,0,89.95756813328335,10.0,0,0
59,1,埼玉県,23.621118652373898,155.73219689041417,44.4779946238428,40.961963439892955,23.392213573767158,1,100.54805349340093,10.0,0,0
67,0,奈良県,30.41106049885819,131.6008200632677,239.2507609027136,41.37839135572783,54.770772055933975,0,106.25674101645846,7.934306568312417,1,0
57,1,東京都,22.433674052798533,127.57435147185855,78.09073738467052,59.74316736910784,11.555924160401172,0,94.22037756688624,10.0,0,0
53,1,東京都,14.71859712220367,106.29063333374896,119.53071147851732,42.37397578773548,11.856854195139032,0,89.40160650421943,10.0,0,0
71,1,東京都,26.613083355121464,125.78396654269086,176.2964480741668,38.589804264594974,17.132939618402983,0,82.90974078025282,5.969320737411595,0,1
45,0,東京都,23.67764663064297,144.66265340205092,75.53242279922472,54.6619451793768,22.176850950358315,1,91.48656857849424,10.0,0,0
42,1,奈良県,22.251340288225002,116.98401852802232,24.91042338405472,40.80654749916953,8.762696903475987,0,75.67365194399359,10.0,0,0
61,0,香川県,27.162025069685406,131.1957306362606,98.02858659160705,41.93905525387762,16.830903975601416,0,116.18581994763895,2.7157279269761734,1,0
56,1,東京都,24.413060501537988,120.62672651839415,117.10458745444434,40.8742700712661,14.738533280518032,1,78.51512848747157,10.0,0,0
51,0,沖縄県,20.323692251849916,118.89581991030043,49.48054528659122,42.59350796665466,62.69795664597251,0,91.95282651583022,10.0,0,0
66,0,山口県,32.11161574358667,116.62281641542587,184.11014459179367,40.79988680121265,6.888061244986676,1,95.2682073877497,10.0,0,0
48,0,千葉県,23.368195962438502,111.68723281058465,124.90154515118881,41.24838126120908,6.229004808157555,0,98.95941894247262,6.627073087183936,1,0
44,1,鹿児島県,26.171448168476466,93.1207302920201,78.2231221452467,41.62795768744677,32.552176724340555,1,82.01796321047804,10.0,0,0
47,1,沖縄県,17.716056537501967,90.90540119818706,13.075228834223012,62.866858930796624,9.568114001016157,0,86.5456636810827,10.0,0,0
54,1,東京都,20.92530584969314,133.08052619917575,248.98262676914283,53.978391223200916,38.312831327503424,0,96.571302844272,10.0,0,0
74,1,山口県,28.274905497924173,152.15817613176517,407.08828704252073,40.988927336538545,81.95666884243752,0,94.46817958407928,10.0,0,0
53,0,東京都,19.357209362437832,121.53488268953626,75.52261447617482,42.016358726065484,7.798714650045269,0,70.53355040000666,10.0,0,0
69,1,大阪府,26.682491641611854,133.08694909518402,318.87586039342915,57.75581824878744,49.733838341280396,0,104.20877703683718,10.0,0,0
52,0,東京都,25.293133545370154,102.46757780704179,406.77198040170094,41.16576385498073,26.988487021653203,0,92.17356485668344,10.0,0,0
64,0,茨城県,17.829130532580823,118.19459223370227,87.8901311841823,40.44677408892052,2.2631070408552825,0,75.11676765230717,10.0,0,0
68,1,長崎県,27.252626253963342,147.66400658344102,155.8576348138303,45.087570521889006,71.87490735510819,0,111.76174320058014,3.584608573856627,0,1
59,0,愛知県,20.89822636755324,114.48677660919351,55.27389363323825,60.26761704663807,8.07285055823879,0,107.65705827827531,4.216481382078749,0,1
54,0,埼玉県,22.107821684915365,156.09946043458788,101.46960244022759,49.971146467194025,27.91170653753468,0,113.43442113768367,0.5675924992967221,1,0
47,1,広島県,15.874390925308562,102.58203156832572,23.351072695471483,50.65060414057227,15.266042085887227,0,87.44654989000387,10.0,0,0
40,1,東京都,19.248715819114935,113.02068999176865,75.24339625113323,64.50727621754916,15.294260698820075,1,115.25792318821627,10.0,0,0
51,0,大阪府,31.243156482261917,111.67427744706731,87.39088308691312,41.0899792223361,48.78497085500371,1,85.97840547766303,5.206936758968198,0,1
68,1,東京都,15.729136165429647,134.8606728262743,136.5877901116172,60.632007738113344,39.29221980098164,0,110.62066784496209,10.0,0,0
50,1,奈良県,17.539733885592494,105.76913199155835,41.28983665835939,42.53482296191758,5.230316249411828,1,95.27224742629689,10.0,0,0
62,0,東京都,24.845424548789225,127.77248004608208,37.52906758877431,73.61861700110933,34.564429590696,0,103.96732053404531,10.0,0,0
57,1,沖縄県,25.834878330264335,127.81592937484818,49.5503135301131,41.383190029760605,23.36250844198105,0,115.21565401131359,9.149926069597832,1,0
57,1,愛知県,27.461527808383174,145.40397233206056,261.0692934218709,40.71677583280149,27.11000963785013,0,94.05101213854083,10.0,0,0
43,0,山形県,30.22036351805203,143.47106188183108,377.6512657665892,41.237416356974315,78.8553065221761,0,117.32740998281615,10.0,0,0
47,1,大阪府,26.60903694929534,119.71826325382264,477.1313173635997,41.935545802119826,110.74067571002821,0,86.35292876992,10.0,0,0
46,0,三重県,23.37980161745583,133.6528069217187,65.5452997179432,41.97792400696021,25.57037443915835,0,109.9842766283501,10.0,0,0
56,0,青森県,27.578710633410434,129.98728617572587,238.943930121765,40.986454062248555,41.19485597467865,0,114.6781738948044,10.0,0,0
61,1,東京都,18.71274612398238,104.10634862457768,69.95541418276309,46.395590808988366,5.27912323075459,0,74.75785754040066,10.0,0,0
66,1,和歌山県,25.052247758814655,124.78446311180704,123.49854064118311,41.71035666608792,6.829708427039492,0,99.97800354574689,10.0,0,0
54,1,東京都,26.341818782888897,108.02630957386677,86.09505909776937,41.1788251925254,3.2588541619832005,0,84.97482504882102,10.0,0,0
41,0,東京都,23.871583637531206,139.14109492834325,106.77042568802108,41.820223295965675,18.906795767988026,0,84.92724220779559,10.0,0,0
48,0,大阪府,29.444612191824014,102.45205439291914,83.91524089489661,55.67245548669883,16.939748960417962,1,91.95594897735735,10.0,0,0
66,0,東京都,26.0956949219853,110.45706338480926,27.03290288170923,40.832681629046505,7.828528847718294,0,82.97019970399795,10.0,0,0
72,1,岩手県,29.483085882247895,120.51051408678762,121.61176859270134,41.02932928758232,29.335614070367832,0,87.29528425773769,8.000835834730054,0,1
50,0,大阪府,23.67841677304728,93.8231480440439,36.63738516846339,53.98682093527824,9.14639947810282,0,60.638608615531574,10.0,0,0
65,1,東京都,32.33973014028281,159.31082517762218,419.0626255976592,41.54021543802365,32.279732344797274,0,92.05419239078518,10.0,0,0
51,1,東京都,18.986281289421374,93.23718633534813,13.627739823197144,57.16905445518322,7.725016750381326,0,75.1602911074148,10.0,0,0
61,0,東京都,23.60481831860417,145.563854326919,96.8561860615736,41.81473523154247,13.338197679733442,0,92.03927462771422,10.0,0,0
64,0,静岡県,18.1337261975254,133.49075039459476,34.110184311252084,41.93816787039719,1.9411846248396536,0,86.41195454645724,3.6052160633747183,1,0
59,0,東京都,22.54111944876349,92.38216849786757,76.00962755281039,64.25780035542579,19.38912704206869,0,104.86591154682623,10.0,0,0
61,0,東京都,19.697247975339746,143.25499244079546,82.15331407022474,41.00762666308966,19.429267535534024,1,83.74763760010629,10.0,0,0
44,1,東京都,22.72020541567566,125.59108813921559,43.12930518706976,41.48495729042323,22.28916957338439,1,109.55917573130368,0.9752052785172042,0,1
52,0,宮城県,23.55047834001754,147.97676651332554,48.253890540480036,41.28111284872193,15.69282784833824,0,105.00470629669823,10.0,0,0
55,0,青森県,18.76048809089382,133.15952187578975,54.12727520771728,41.995208904673284,20.22236061554966,0,81.40043870094912,10.0,0,0
46,0,静岡県,21.403605275917215,102.58504098899677,68.77679477794717,63.2256057640946,41.320019039746796,0,86.9633484496963,3.2988598083338037,0,1
47,1,兵庫県,27.479893638725954,144.58427234718692,95.72007409033618,41.25766422516815,38.38767004766423,0,106.20902202341952,10.0,0,0
46,0,青森県,26.57214123361468,104.168048176296,97.63930073455754,40.312804118304165,9.22846465222441,0,97.16828127484892,10.0,0,0
59,1,東京都,25.360368463164168,105.53674963921489,130.2104803353098,52.37134810963179,12.930727684026436,0,91.79857671390627,10.0,0,0
68,0,新潟県,19.002845142022576,134.20243335929263,117.80911281233877,41.32575129943519,7.883830061901968,1,85.19396237103129,10.0,0,0
69,1,愛知県,15.463243071222816,110.45774669274012,92.32322147112934,52.826259849764334,11.201864351831512,0,75.21875437710068,10.0,0,0
59,0,福岡県,22.834239607406726,103.15704165587269,121.20581654869383,45.83477265516747,19.24941032838827,0,101.60467638574127,7.813947189201285,0,1
63,0,東京都,21.921526364769733,113.4852210070412,67.36594717309822,46.063967822602294,10.546208712187214,0,86.42550627244606,5.004111850459179,0,1
46,0,愛知県,25.008267057950878,139.11301420428742,73.59471869550589,59.30215414963307,26.14413861909483,1,95.66386650139195,10.0,0,0
55,0,大阪府,25.532935966450275,140.26720162773924,84.4187705572762,40.22854785468722,3.4803841242037246,0,79.95084820801749,10.0,0,0
49,1,愛媛県,24.245188273302364,105.00516973659916,58.1253167062198,42.672239120883894,2.3608798050749105,0,85.1070311973764,10.0,0,0
54,0,東京都,22.47673542835229,123.95532898115724,118.58202878373595,47.27774868718384,14.188067322496043,1,87.94816141064656,9.2100722738599,1,0
43,0,東京都,28.102315015580594,111.98229218766923,168.02791872956317,70.11044496812043,108.05035864255942,0,115.97115180900313,10.0,0,0
60,0,大阪府,26.362948983013847,144.2735864079164,49.20311883142371,50.637928467362975,53.59227569238562,1,98.95943614093673,10.0,0,0
44,0,鹿児島県,29.417527252612736,131.5975100768479,19.12662828715532,47.811022858291714,7.8730929293026115,1,77.08607752990487,10.0,0,0
68,1,福岡県,18.351243789374987,149.39369168120325,54.98538106592,56.450419052286925,15.16813560211278,0,90.95694452500958,10.0,0,0
60,0,福岡県,20.927549785534218,119.79550045566823,52.34944289967973,41.816866030371436,3.134869087063315,1,87.14480874289391,10.0,0,0
71,1,大阪府,22.233366695866337,166.81305592929002,53.198486448695434,72.67293282654374,41.5929968125444,0,96.70465339644132,7.858115802093204,0,1
44,0,東京都,28.75306478693419,121.62768445740379,313.40422699489875,62.069060692696205,47.51278240548411,1,110.47802346744146,10.0,0,0
70,0,熊本県,22.577930981144284,154.3285054959738,359.76703987414254,52.49196745090905,47.423067581724496,0,124.4955374067299,10.0,0,0
47,0,埼玉県,25.147091658070174,142.42003317014118,48.32100987273732,41.540002786036034,22.73567584407988,0,90.66386520630887,10.0,0,0
71,1,東京都,24.883225733432486,116.31557977032782,62.03691289046199,59.88334323227172,7.120294550292669,0,100.63971359625994,4.028085861659782,1,0
51,0,千葉県,25.544412186344697,142.97670479555316,47.1063624196213,52.073695260178994,51.56337934105856,0,73.16016894353176,10.0,0,0
40,0,京都府,24.31038956598292,89.58388033301297,338.3653947947599,42.07573582796671,27.85725057946416,0,68.68896351431029,10.0,0,0
68,0,北海道,23.892133926271008,93.40446366924108,91.94749988957226,40.716598333148944,19.456241472904374,0,91.14391233129443,10.0,0,0
47,1,沖縄県,20.937112741005585,79.8226186086052,125.78750012535282,41.64890157238743,13.791112307375908,0,68.17115580814338,10.0,0,0
46,0,大阪府,24.882437414814515,118.35477475947015,25.57357921257429,40.90335719103096,5.889251492795593,0,79.23242759884494,10.0,0,0
53,1,東京都,27.673944047344158,124.97713840480283,60.19185424923187,51.72679137961381,16.67812101359694,0,109.10737246202189,10.0,0,0
74,0,茨城県,15.30407614910634,100.8491586034823,75.52556719783831,63.76906069660559,4.022083643232198,1,78.40734648035038,6.867541180175483,0,1
74,1,東京都,23.333312944812803,144.69964036208017,93.23729836412375,54.22499667632616,14.893546114319872,0,107.84740360660307,10.0,0,0
62,0,東京都,23.893201141650515,89.64055108330162,35.750619078980094,32.62580236454314,0.8834790438134872,0,93.73790185679002,10.0,0,0
46,1,愛知県,27.588598406609677,119.31167540987074,127.14843467551177,52.2349083636595,22.2623532902835,0,71.73954603323442,10.0,0,0
45,0,東京都,20.544497483097626,107.36831294253302,41.42971319299922,42.58870735186779,14.181936729801848,0,71.908400787907,10.0,0,0
69,1,埼玉県,26.90202725542318,135.77908787151506,54.14750716196708,52.1852571489744,43.9326512666085,1,124.82925688974976,4.065418062004876,0,1
53,1,大阪府,18.828900110227632,97.63979191862957,56.71195175601224,48.91217174906844,3.1920768175455088,0,89.28833121001243,10.0,0,0
53,0,香川県,30.220301491243315,159.21094176756728,44.352678981805255,56.15875654179779,50.11089693943238,0,97.8455770885507,10.0,0,0
49,1,愛知県,25.991145038101813,108.84722461212702,45.37417307576523,42.36587634371975,14.599059543031176,0,108.84974981685126,10.0,0,0
53,0,東京都,16.69831336970339,107.84619574690483,115.98928925676925,40.082168189408726,3.451536377363376,0,79.13713778348833,10.0,0,0
58,1,東京都,19.110607867686916,137.15804517706846,25.610738003303563,50.820183150295954,19.825050435641746,0,79.3780879985652,10.0,0,0
45,1,熊本県,23.438217342684872,140.19221315310568,165.47104562288547,50.2549841048259,22.517945931087574,0,109.03932295146706,10.0,0,0
70,1,兵庫県,22.37545649386775,129.353984018595,85.98955497871017,43.00019076970955,7.818493959909479,0,113.40189477902567,10.0,0,0
65,0,京都府,21.661762957842456,138.7852319206215,45.892465119148916,41.130150414794024,7.679685796159919,1,98.48391454524736,10.0,0,0
45,1,東京都,15.321829536348636,61.29197725511381,83.66344870340278,41.433907869224065,12.31600362953257,0,76.68849248923216,10.0,0,0
73,0,大阪府,23.446865101367933,161.86324286350438,98.18038032113463,41.63304481047014,12.497609147090657,0,108.05310209591309,10.0,0,0
64,0,兵庫県,19.352645555896792,121.71439733257283,100.65976879774405,41.69651278478164,11.527530259775617,0,112.42328958308993,8.352694106098685,1,0
49,1,山形県,25.27484984847693,152.8714839873539,72.56599660792791,44.110235507134796,12.505945851612276,0,85.87973408738007,10.0,0,0
67,1,東京都,19.843705134009195,96.75541707400826,74.49447666272273,41.27667617805258,17.46286169106929,0,64.21735885514616,10.0,0,0
74,0,東京都,19.03399072060351,118.18663203153373,53.89678416131183,41.12356075837569,3.4039380436144895,0,90.50717059412027,10.0,0,0
53,1,鹿児島県,15.815321104292345,125.2540297041197,82.57240807760056,74.05580858335468,44.31394054187489,0,96.21991386115654,10.0,0,0
60,1,東京都,22.27089661902744,114.18978012954184,76.4218440563682,41.91863645408176,21.815652817143796,0,89.1518378062012,10.0,0,0
74,1,兵庫県,22.72353586886571,132.71774580473408,117.34256586082088,60.132144336211546,3.1162747270064717,1,94.04185939302681,10.0,0,0
57,1,愛知県,21.59740928657656,121.66990424770952,100.78945149072646,42.263959122093866,14.155210663737346,0,120.39772225943285,10.0,0,0
57,0,愛知県,24.91063062878161,143.00528941706241,184.0228678137881,56.30347256471023,51.412610677966434,0,84.2630122606334,10.0,0,0
44,1,兵庫県,24.472123717620818,119.28221160225873,135.65454295153046,52.77581680022665,10.69532259496422,1,80.03267107128104,10.0,0,0
64,1,東京都,15.335366864143063,115.00869989195087,106.02185182269504,54.20192554608915,40.321413009656474,1,88.83140881088715,10.0,0,0
43,0,長野県,23.61117521110488,105.52127215347342,33.627475913884176,42.19773428880278,6.802905448982148,0,107.41290083711732,10.0,0,0
51,0,千葉県,23.667647605208874,137.3303631636811,49.10166275896478,50.730112036399454,5.169280117274218,1,64.21885733651519,10.0,0,0
48,1,山口県,22.27678018380806,127.15282504339919,58.81245343162114,71.63283855311653,12.593717250273233,1,92.63031744805019,10.0,0,0
53,0,東京都,23.389806703503332,130.66234298696318,42.182508538890104,39.78332075559148,8.49313636658139,0,81.81941415646577,10.0,0,0
57,0,沖縄県,15.72502508475802,70.45938820857435,20.775343974593067,41.321617253830354,4.202477716630058,0,72.99515331789381,10.0,0,0
48,0,東京都,19.679193209180994,110.12647257629423,55.21783945210101,41.97451329600754,4.404123010330068,0,88.649684446776,10.0,0,0
55,1,愛知県,26.6635561953598,101.16271351230499,330.7033725034478,41.72943370438403,12.777255183650517,0,88.90222872369776,0.9812544911215145,0,1
72,0,神奈川県,12.93323978627632,98.18898503865603,21.073221083527482,57.700978883477724,3.8698527281762787,0,77.96550493753249,10.0,0,0
53,1,群馬県,25.541249047704703,136.16256829227606,44.412627845545664,57.25067539751707,14.680940107910326,0,70.47951569406193,10.0,0,0
62,0,熊本県,21.33892410644736,110.43818833445185,36.81494622759658,60.119862993731054,9.617109654166537,0,84.43812553834931,10.0,0,0
41,0,東京都,20.38783514714017,105.44911115881742,162.24200112343595,41.97599793557172,2.4224815955412433,0,87.77607278596408,10.0,0,0
67,1,福岡県,22.716893365412762,144.91539094388574,133.16600194233902,41.92425423616659,9.113458054543534,0,91.61503800611206,10.0,0,0
65,0,茨城県,25.900395526080484,128.09344846919169,55.44847030120912,48.31559436924047,27.281731508994465,0,87.32987615150017,10.0,0,0
44,1,東京都,29.683921288834338,161.50459537043136,92.31916554728299,40.41761318070133,9.619532162443175,0,88.34606671179986,10.0,0,0
55,1,大阪府,34.197281635103124,178.72183862147284,130.1137347676647,50.07600489122299,53.83328873363272,0,112.45368919255071,10.0,0,0
48,0,北海道,15.327065748929606,95.76340730070274,49.49989009565208,40.953228571078085,3.1308108873004117,0,79.6219805693204,10.0,0,0
44,0,埼玉県,12.998714092026697,69.99112802195732,20.530086313914143,57.093033744619184,5.812621488168412,0,94.87098495820882,10.0,0,0
71,0,愛知県,19.684086127884814,141.0117791352928,37.84902061541097,46.69466680641422,26.544938468423428,0,84.07414274975736,3.788064050128344,1,0
65,0,沖縄県,24.50065570445678,143.27694828800946,186.76483276359585,41.232784392994326,21.641199849706734,0,97.83936927373406,10.0,0,0
56,0,東京都,27.446094232439155,91.7844084244457,84.34279654679088,41.54714772804408,71.3626795656528,1,69.10956551717202,10.0,0,0
71,0,愛媛県,27.15451143230004,114.29470606253575,133.17612781567777,40.4452672773051,31.83366338431256,1,83.3413711059957,10.0,0,0
69,1,茨城県,31.134239395798723,166.68299303019324,116.88666154366669,41.8446283577136,17.428629015826306,0,98.92024308624767,9.824732121285264,0,1
71,1,東京都,22.083460163798566,127.71635129491331,108.57217842038779,63.093211091401194,8.20985894687533,0,86.73439467078637,10.0,0,0
51,1,千葉県,25.48984143282485,124.35814740179133,238.1673853966627,40.45078675905503,40.78253428832381,0,91.67073432353027,10.0,0,0
65,0,埼玉県,23.253795828021786,144.9306528487845,138.54298239008736,60.34970205144414,8.249495335483157,0,105.0666054421633,10.0,0,0
46,1,大阪府,24.626881037778446,138.95297479200357,87.61130992126016,40.758035837110086,23.01315054671995,0,89.9729095523203,10.0,0,0
65,1,北海道,29.416220746687678,142.98477712009577,127.82622694461267,41.0178360782084,12.507274683728598,1,74.13262848962927,10.0,0,0
45,0,千葉県,24.461550529224528,135.44884837549063,154.711762685162,38.52844736434621,45.40649654282232,0,98.880155007784,10.0,0,0
41,0,東京都,21.65498861383664,115.91570001510196,76.32511513211166,66.6847116091159,20.56912114757124,1,87.79433735855872,10.0,0,0
59,1,東京都,37.3321952608637,166.64326790112972,376.18069638330473,57.04708569560138,174.30847851182097,0,111.9618632558787,0.36254289339988804,1,0
44,1,東京都,22.58188316642787,99.39953562941551,33.76287510397259,60.096504238933285,12.701495370614838,0,93.61183510699955,10.0,0,0
66,0,神奈川県,22.718840952403315,106.79267905417615,52.32371662083664,40.705848112645455,7.994234440958391,0,97.58492723109558,10.0,0,0
65,0,香川県,24.241137209544558,129.2866905429181,115.95645103888458,48.04173008149975,25.12342359915141,0,105.89199161185803,1.038634644045716,1,0
70,0,東京都,20.89721092328805,109.35137928412946,89.1974500939002,68.18627741821714,29.277282937178292,0,85.88133997207137,9.449261444372718,0,1
59,0,福岡県,23.657819573198264,130.5770396295832,217.11480393654136,41.447896155733815,40.414981069356074,0,101.71252764214977,10.0,0,0
49,1,岩手県,23.336030204300208,120.6806783414306,76.91917685640543,47.29875925890169,16.805396659464957,0,106.95040679240574,10.0,0,0
58,1,埼玉県,25.533076605324663,116.29452629397834,36.27323442576225,42.81313631129656,23.55075879954166,0,86.95853969933879,10.0,0,0
59,0,東京都,21.616929992836386,158.72423275893348,117.78489328871828,61.97847880947368,54.73621235657799,0,125.64181134394252,0.0054757015742642025,0,1
53,1,東京都,20.34337261022132,120.26208287830305,53.96603604532078,40.90609381874582,9.00468424499359,0,96.00670659531563,10.0,0,0
44,0,山口県,18.34735358959446,121.54134313638774,102.50520513894107,41.785041446223474,10.843002067139595,0,101.2057233210873,10.0,0,0
73,0,福岡県,24.204576142898123,121.99310976250194,88.3874496669409,42.630857777944534,22.56916233589184,0,111.24420898098245,10.0,0,0
57,0,群馬県,22.948983406933205,114.08966675397872,141.00024187729463,41.02903965786447,11.959102447581635,0,119.76208251648904,0.4579004740158544,0,1
71,0,東京都,18.065765746337473,96.40850948024301,239.6637908653075,50.09569149137388,7.230247019962221,0,95.11582566001886,2.8562158422479946,1,0
42,0,東京都,34.773796249760586,125.02224614742617,112.16431488517486,55.61193192001349,135.0980298441254,0,75.36285228748736,10.0,0,0
69,1,山梨県,27.237854262588055,140.5021677579525,216.943887998728,52.73909505659587,70.30617666488632,0,110.44871166048829,10.0,0,0
70,1,愛知県,22.582364207455132,110.87117562284813,90.95103505922685,56.37901499332037,14.778811970055239,0,78.38059005918433,4.314494063815804,0,1
47,1,京都府,22.146011590464404,125.02244478029563,85.45344742357629,59.63976104564127,13.785409392337861,0,84.74573456189046,10.0,0,0
47,1,沖縄県,21.513471214351807,105.06342808084537,16.771864937989125,41.689014682526064,7.588639297991245,1,81.21716731081492,10.0,0,0
41,1,大阪府,24.62304958573402,126.68091624609511,118.91275117542158,40.19281712996848,12.219930911415291,1,87.02414058516328,10.0,0,0
40,1,東京都,25.05764437810658,117.8924171521627,72.8532930173603,70.11237878830363,32.63464473714094,0,112.8142070401353,10.0,0,0
58,1,長崎県,20.247838506171817,100.85292502497744,70.94386617422496,54.94435966062993,10.872204090276623,1,83.6980039465349,10.0,0,0
63,0,神奈川県,20.88907154189299,141.26507200195934,57.67415383222952,75.49229009721144,11.716999729218191,0,71.57917546615093,10.0,0,0
49,1,東京都,23.58289986474465,115.47620044824389,82.2721448136893,44.92843135336966,7.905707993182302,0,83.64527059139573,10.0,0,0
48,0,東京都,24.970585969918588,142.85115931473453,41.56441057837212,40.85004796324829,8.42557234296213,0,106.1141288493097,10.0,0,0
71,1,東京都,25.128194291738897,101.05076989956632,153.54186282142456,42.04285896674857,15.202542699761798,1,116.33423624495046,10.0,0,0
55,0,広島県,18.741153147100807,138.13713854587863,36.243730040944975,57.78414090111163,11.991042924879876,1,115.51562107774865,10.0,0,0
62,1,茨城県,20.46584760321439,100.80146644675334,107.33734263624008,60.85255617618641,6.485355719157744,0,83.51920476605514,10.0,0,0
55,0,埼玉県,21.162559700132892,121.56629200318206,73.95808789257124,42.36976951370071,4.078279526488659,0,90.26458153339091,10.0,0,0
61,1,三重県,17.01365600403815,97.3632945344107,29.88722426066118,63.70110481540734,5.394001364847899,1,79.91336561671348,10.0,0,0
48,1,東京都,20.610329845688767,129.94866707573877,50.93366196224649,41.49162908077527,16.787018017060166,0,106.32063339637351,10.0,0,0
47,1,神奈川県,19.79834496467461,126.77961685068156,45.56719702876629,41.82032339491293,10.196795305796146,0,76.68389621150473,10.0,0,0
62,1,東京都,26.79054155962921,145.63918294819345,58.38699485157176,41.471558408979334,16.65832741741137,1,71.43637364010293,10.0,0,0
61,0,東京都,27.252585139014414,129.7596065805803,213.76581609353357,40.96750493254692,12.305286847332033,0,93.53920639553095,10.0,0,0
70,0,広島県,21.78471600999973,139.22128776240632,44.86533344349622,41.929376421580216,18.63820650368268,0,84.0563609126034,10.0,0,0
52,1,東京都,20.469774400227987,139.35412996201373,46.395713289574424,40.603716061676565,11.59736016817516,0,90.49921454453589,10.0,0,0
47,0,奈良県,21.6100816972985,89.70601287137924,10.098491232894533,42.01004284184739,10.454285259551273,1,54.73442416800369,10.0,0,0
47,1,東京都,29.446974332482156,116.95913581322579,139.7442269826083,54.9674113206599,41.59013150931329,0,98.09466246549302,10.0,0,0
51,0,鹿児島県,30.103537640491346,160.25623849736562,317.8584058134951,41.99937313866951,72.54076132482429,0,109.46315590059834,0.8722841270730952,1,0
43,0,岩手県,23.973957400452473,139.1306379605972,48.9658859304463,42.25894752142035,4.741836215018632,0,86.30627804724988,1.4462624172588112,1,0
62,1,愛媛県,26.789810800507652,125.84053166136943,80.30712891309686,40.98385038915792,16.273590929698987,0,100.44099686779818,10.0,0,0
53,0,山梨県,21.609968939470324,104.1961263890798,90.14501405707131,58.151508924465176,15.014027442348578,0,96.489437226994,10.0,0,0
69,0,京都府,14.456621773621269,118.18864260725422,59.149207135572674,42.30004485402377,17.86121988490663,0,102.80421593585233,10.0,0,0
71,1,京都府,20.191764681479594,115.10833183776109,115.98486196691763,43.326206096900144,1.5012923235343423,0,106.28449814112919,9.152752559942318,1,0
46,1,岩手県,31.35252453232568,92.15059431798804,125.63165505200551,41.08972250409338,4.8278942209732625,0,92.17492931698457,10.0,0,0
68,1,東京都,30.072228461474758,135.42606403843254,58.98531772024816,41.320390782354515,14.831639554509184,0,63.471906458575376,10.0,0,0
44,1,東京都,25.256530173783045,93.94359043192249,151.18590280288885,48.2636861404884,15.72746239615713,0,65.69735043807145,10.0,0,0
74,0,長野県,21.178399810647356,159.641212412113,49.25780452435506,50.685476144123854,15.609978160809101,0,117.31241609383824,10.0,0,0
55,1,東京都,24.317114724460566,125.55517833259326,67.16829692985587,41.67657054877889,14.17605223100462,0,87.42291537760985,3.3317208365066104,0,1
59,1,東京都,21.47696086127602,126.98741695728748,61.36311231193448,48.18299070102832,9.056588976043889,0,88.47443923477945,8.40654776216577,0,1
54,0,千葉県,18.69518751081606,99.7686299230963,244.01305185145335,40.8869510237924,4.193431138719859,1,116.62084391095719,10.0,0,0
74,1,静岡県,21.911553603784686,117.21809742198212,36.62326141177453,42.03021233998131,13.300956209679471,0,90.83379375900826,10.0,0,0
71,0,兵庫県,25.838228819935555,128.04495685241884,29.531739824691055,65.02886219868113,19.719444232753812,0,93.1955348850639,10.0,0,0
63,0,大阪府,25.302947241683164,138.59575198491345,162.74134879255158,47.32838726981813,10.882409235791211,0,110.7211254638037,10.0,0,0
54,0,愛知県,23.730294822533637,133.3946961066111,90.18242246953709,41.220303184342114,11.692265104587557,1,85.57334135928323,10.0,0,0
62,0,千葉県,24.970583684752807,119.22873032227662,75.52248044858584,41.12367540856792,9.120273734688734,0,99.28913953351599,10.0,0,0
42,0,神奈川県,27.42901104893362,148.67573243653308,43.31619060695703,42.37936507307535,21.56936297148995,1,68.64358216558655,10.0,0,0
47,0,東京都,15.712311064410402,72.38019012767099,30.012108792974757,64.35092511624859,4.456081837846792,1,79.5817446444862,10.0,0,0
47,1,秋田県,27.896521826653125,142.84647131791766,73.36709703923866,41.78638332322966,3.1039888737777077,0,94.43802109221055,10.0,0,0
64,0,東京都,19.697058280597442,134.17604422057286,97.61210941483536,41.336945563100436,20.695250588715755,1,92.12439320333506,10.0,0,0
48,0,岡山県,25.347430420098654,134.82440063256584,54.61449477506832,42.535159420587185,19.27835057763693,0,90.5867401419523,3.5703914581683667,1,0
62,1,兵庫県,27.23651864427056,103.07039512998799,91.52388608617535,61.41051213336412,14.716298485945085,0,82.5016624656556,10.0,0,0
48,0,東京都,19.25296858696196,137.35119704760424,70.92842695225104,49.70177867878158,27.26961226327539,0,108.159457137205,10.0,0,0
44,1,東京都,24.319812056371905,126.87528873439996,66.84904820703323,41.3201758321964,5.037230214083711,0,75.00886315308928,10.0,0,0
54,0,山形県,27.103301788250857,143.7761499219799,43.664767020829125,54.67713722888189,32.83053364406391,0,79.04900887289125,10.0,0,0
45,0,岩手県,21.61242891589836,133.75490572165162,50.70014081892033,52.007753455421664,6.6291418965288385,0,109.68723694691532,10.0,0,0
48,0,三重県,19.55374792190528,134.64426861563464,113.49520205911237,54.08302548791085,39.541042242164046,0,100.16419216193553,10.0,0,0
53,1,滋賀県,21.89667591755783,123.44240953913703,113.49752366946419,41.316177320552256,3.146526860852773,0,93.22212080088816,10.0,0,0
69,0,埼玉県,19.583294411232774,120.02841800946086,51.41553508349061,41.82349958577314,4.828374941659792,1,70.86765263814111,10.0,0,0
69,1,福島県,25.62721947906929,130.22786685172505,203.08572205974386,40.43022304661155,5.073621242449628,0,81.64717281715156,10.0,0,0
59,0,埼玉県,25.342932034893767,143.08827460363807,109.57080190381342,41.357926203165,16.77426897563909,1,99.97982893969545,10.0,0,0
66,0,埼玉県,20.72163295019202,90.88827385240302,66.52105016656388,41.76331271794136,15.878680042081948,1,82.02237741030547,10.0,0,0
41,1,鹿児島県,27.430713556358157,137.05246688947102,168.14817065076292,56.582155444777385,28.91449382210631,0,102.11532118407004,10.0,0,0
72,1,沖縄県,17.020102963604607,86.62524177038634,30.77346726187666,42.15525311453367,3.27984841746148,0,87.16244150647539,10.0,0,0
49,1,埼玉県,27.129781815833695,159.5541429228447,73.46197595194126,48.21161857963373,17.705505290022273,0,76.48829780302935,10.0,0,0
49,1,大分県,24.85022849928498,120.40448549951537,101.19618748614913,42.248711715290426,11.418665122783167,0,94.57483254134206,10.0,0,0
58,0,東京都,24.684872036669162,109.17664256668735,94.20004071989834,52.67655479567171,44.77944493994608,0,95.7821941031909,10.0,0,0
72,1,千葉県,24.094000411932985,149.04768571428644,128.31055402613453,42.14370500476388,59.25557495924933,0,105.58055696983742,10.0,0,0
55,0,奈良県,25.991740506930398,113.18436572313851,88.90023339661035,55.009078197065236,15.152154138257517,1,121.81183905694317,10.0,0,0
72,0,神奈川県,26.788511441094563,135.45002294958869,96.28697334837146,60.18354146445556,33.46142759051603,0,81.01840677485356,1.3942703684232118,0,1
61,0,宮城県,26.13295186298001,137.3294383160839,132.47321773923966,52.362684827267394,24.88608580457779,0,89.91333945334188,10.0,0,0
51,0,東京都,25.626743985054958,134.54533414079162,74.82200426685297,41.02904932128674,4.615217574736226,1,85.90474795089602,10.0,0,0
70,0,東京都,23.95606340067073,145.77712070888393,94.82703704815943,46.96528117979842,10.230125734301923,0,73.71200915911001,1.2885961301074473,1,0
40,0,東京都,26.40467865756865,137.48790311023737,76.6562863730275,44.07263424448247,44.43568008468808,0,106.61813078540979,10.0,0,0
63,0,福岡県,25.486705485341872,153.37871925806243,86.40649046441727,41.570908691263185,43.791365456921476,0,116.03225502907635,3.616066853692408,1,0
69,0,東京都,17.667963243483477,110.17380162449803,34.0842061249027,40.707842407691444,4.7747895449147455,0,96.94198112304015,10.0,0,0
52,1,東京都,20.257371729587717,118.9414894388172,68.82657365793685,41.66093475675455,9.18739059321631,0,84.72294580633722,10.0,0,0
50,1,佐賀県,23.887665726058295,137.65501312649104,291.70593679922985,41.39904889363512,33.423544141141484,0,84.68810699613184,10.0,0,0
45,1,栃木県,19.12092717103953,112.85864146478033,66.9555435783122,41.545942593375095,9.958521088649032,0,96.37268314926077,10.0,0,0
47,1,愛知県,27.20388253780326,111.69449563496718,84.54939941360894,41.05248362805591,28.83148517680259,1,93.10313999087765,10.0,0,0
51,0,東京都,24.65743649641388,113.39988412230349,142.34686364694284,41.167036796346196,56.52709455226255,1,86.42292210222972,10.0,0,0
42,1,東京都,17.381350845662464,108.18194844867382,13.180582230999663,41.88502455200571,9.445074361124089,0,54.20750191299058,10.0,0,0
55,0,福井県,28.712282928292872,125.83363181394783,164.70532698732552,41.15457077578464,35.49677573686778,0,96.87362237089192,10.0,0,0
49,1,東京都,18.234964592031957,70.13998256081356,27.018867977179116,57.79553843159036,8.094372565942455,0,92.96119119811951,10.0,0,0
52,1,福岡県,29.026747021494824,136.41402210410627,177.206130388748,52.31841779265011,14.75837484258201,0,95.58977300213958,10.0,0,0
58,1,沖縄県,28.86236743949819,134.8214974080513,111.23530463411093,42.048440819457376,48.16396561935216,1,95.59442393272215,10.0,0,0
50,1,沖縄県,24.462069647930594,122.30085641444224,90.28669580716625,54.95136891091312,19.238285454890878,0,106.2923023522404,10.0,0,0
71,1,東京都,21.532535171917395,133.63947478725078,54.93487689629276,62.40569215882321,13.337199620784169,0,86.54913063904945,10.0,0,0
44,1,広島県,21.638224120270742,117.35666120453487,42.62100925702408,41.31061424510373,3.083887215298511,0,93.81599477228995,10.0,0,0
55,1,沖縄県,31.7476302951551,125.54006181157747,133.37835730929564,40.89325840067418,19.51335005119955,1,84.09641593631859,10.0,0,0
44,0,東京都,27.417911824910156,140.15725731714292,84.22960695540003,41.69052490932168,22.916092669669933,0,113.23646777062893,10.0,0,0
45,1,東京都,28.865925476927888,120.78439544606584,66.50711724396093,52.82359775646943,24.90611553519304,1,92.59209209713238,10.0,0,0
53,1,奈良県,16.692753399952238,96.29226491035557,12.141155368639447,41.62148938897625,5.819834249378926,0,79.68505223333895,10.0,0,0
45,0,宮崎県,26.663382726927516,145.71025303311396,35.54468545797282,45.56421972921553,5.773551102079589,0,85.41658442761714,10.0,0,0
57,1,愛知県,21.47635449277622,130.96418291706954,342.94930756067953,63.06519248008055,35.324973127742396,0,95.6686095212286,10.0,0,0
59,0,東京都,22.947720406046766,104.0574294878047,58.77689842567092,41.33678100398714,8.96941185270668,0,87.7943615464957,10.0,0,0
63,0,新潟県,29.019031624786724,156.49745415831435,133.2706078877609,57.99737510515673,31.077457154939893,0,118.39489293514634,10.0,0,0
67,0,東京都,29.625878995951467,153.2879044980576,90.14516478114298,40.45905891191082,7.166003678552277,0,80.03606640478671,0.43430782750413893,0,1
53,0,福島県,20.35696487018748,132.56573238889487,53.389007333293016,62.52316914973354,4.869944289625883,0,87.23999944166866,10.0,0,0
65,0,東京都,24.746828938569195,127.75834971364502,58.64614918341551,54.945155262457696,35.487814026129094,0,102.23068145229574,10.0,0,0
49,0,山梨県,23.779890813880133,119.60432581306708,79.90214491135964,49.66037833435591,4.1827643460868815,0,96.57528463001297,10.0,0,0
59,1,神奈川県,25.83165628114938,149.2581536779251,146.3825261364584,40.962469340770525,16.454979516034125,0,86.41979926165186,10.0,0,0
61,0,愛知県,19.300647526627056,109.21132856329109,100.95670427909874,41.31403652769173,10.083227663772757,0,120.31377694652849,10.0,0,0
62,0,東京都,26.350788988747897,130.84226615917035,72.75453221784723,58.001563316435394,27.5567775885031,0,109.8011221159449,10.0,0,0
48,1,神奈川県,20.204790124010152,109.17043384216905,66.40274029391769,48.87319586312747,3.3807459724067925,0,69.5575323476262,10.0,0,0
58,0,大分県,23.09982914999019,123.74340560894315,104.66932061062955,41.62775850002194,11.585601731173268,0,82.71746125986934,10.0,0,0
44,0,東京都,20.947701333702643,97.82881694511751,18.926154320352943,41.71320379582689,6.483538652261708,1,72.64260613174713,10.0,0,0
41,1,神奈川県,22.976717390890563,97.61883501698809,170.2607348997631,41.97607930140953,7.7293263882038,0,101.03045351385873,10.0,0,0
45,1,東京都,27.263969151308252,125.32321420580998,110.64598954862667,42.0537603342344,23.297365741910895,0,60.81706538434832,10.0,0,0
71,1,北海道,27.930464992012656,132.0334132432365,385.21256387032054,41.92009724399504,26.26041984911349,0,116.46434286023565,7.120218087605311,0,1
56,1,岐阜県,23.562767917135243,136.98283935829107,40.83450146963801,44.92207770406128,33.46148951642756,0,116.93771745085365,10.0,0,0
53,1,静岡県,24.97332755280012,154.04297390641096,95.15010192864604,57.718748315524174,36.55708541299865,1,116.3512142140866,5.532576503343622,1,0
74,1,東京都,19.62507752337937,143.59482709205747,205.33879145131797,59.59362289406238,10.60719381691542,0,120.38781765222964,10.0,0,0
59,1,東京都,31.143256742447424,130.6707227346481,81.92844910300462,44.12597549564598,33.4859486820921,0,100.99347334131755,10.0,0,0
45,0,香川県,25.44798720112075,119.71890065211832,98.36378818168029,33.81407947866393,11.99447388360089,0,75.25115442010178,10.0,0,0
49,0,東京都,28.358626035875904,157.46445183675968,33.761637496778235,40.7847595108725,12.142208566812752,1,107.33589691218853,6.8332439760088,1,0
66,0,静岡県,20.717796793879543,139.6310035987994,132.965924107977,41.13599138712668,22.97889041470878,0,100.44941274766879,10.0,0,0
44,0,東京都,25.28417875545083,111.80778889786218,51.64257142009518,49.385270653768536,14.785136898831203,1,105.25060690686811,10.0,0,0
64,1,大阪府,30.494680721179204,141.4828427528661,366.67925107950884,63.21983675868147,104.99308167492903,1,116.15960631017944,3.1282590752836725,1,0
67,0,京都府,25.007138492772953,146.1125202186466,55.698502045021,42.73948772341009,18.862702539513023,0,99.70945673684614,10.0,0,0
57,0,東京都,19.585024019745674,113.09814422926786,26.328998857248745,48.203981111200925,3.7192926376269773,1,82.01536349092223,10.0,0,0
73,1,東京都,27.012321287692128,183.0363824875561,116.46513068820391,55.65729781079938,21.12780262970343,0,109.0390030425334,10.0,0,0
57,1,大阪府,16.383500659532558,118.05790521649774,16.163817497145086,55.210342846232514,7.592880087464517,0,86.95483926599958,10.0,0,0
47,1,兵庫県,25.486094866171477,120.58331362220913,46.26663030008528,56.93275301917513,8.90870658465417,1,86.09408014631207,10.0,0,0
53,0,山口県,22.54158705858815,113.84573223811269,109.21204001303845,42.02213022687352,31.857752587892886,0,96.50507181758856,10.0,0,0
66,0,東京都,31.33348344440184,143.55553782419196,132.66018309186413,41.028847978875895,46.04548122554035,0,101.71876136290768,1.7294450375824992,1,0
59,1,東京都,24.45705928023876,138.56581417458756,90.10872807003636,41.20216134858252,10.276813671499504,1,113.36669144777734,10.0,0,0
61,0,東京都,17.868939286286576,89.67236277237443,28.89326574235819,41.69891714327866,2.463710881818996,0,83.50941011848425,10.0,0,0
52,1,静岡県,29.323160059654434,151.4174827559923,211.0615831349411,40.70579612228497,14.295134961910133,1,103.60577699516388,6.17991962929563,1,0
58,0,東京都,21.644958947301735,117.28660599405781,47.58818645467156,49.956480249517696,26.471006903458726,0,76.67525115512885,10.0,0,0
74,0,兵庫県,18.964378418190844,130.1194057822668,79.16452489523532,41.63284600908475,9.910214818515968,0,109.45825044715154,10.0,0,0
46,1,東京都,26.114067661918767,122.13568452734181,96.86343964689755,38.34163016288321,3.7299083641867163,0,89.80383480331125,10.0,0,0
69,0,東京都,24.73592874040139,122.78883148793587,81.82812326257054,64.5521527732015,24.34534638017545,0,63.67307695563032,1.0485143618705317,1,0
60,1,東京都,21.654552309243197,113.40315342789081,63.69952969291714,57.705868350182485,27.274237138433932,0,125.02274435263843,9.710759588553811,1,0
44,1,東京都,23.51029166434701,113.83582699827068,92.01081633844595,41.32256320147069,27.23686165706281,1,83.79122324740885,10.0,0,0
63,0,奈良県,20.8473159133763,118.17472756871787,173.31211233984604,50.311023772363335,19.85684136246624,0,117.82198358671677,10.0,0,0
52,0,東京都,27.154557490987116,118.65968894405025,86.0778251550838,42.80043209596735,40.1445875418193,0,76.14849207609593,10.0,0,0
48,0,広島県,16.983018358448057,83.3244949384351,61.5138806575468,41.1042656498436,17.11982208430828,0,90.14353336407117,10.0,0,0
41,0,福島県,21.327497223382125,79.82166174130543,26.21639801893691,63.2196840990097,6.676393801187872,0,92.05131665503232,10.0,0,0
46,1,神奈川県,21.049510791450775,122.47920932825436,91.96384896423542,62.21545932735303,18.951493203457527,0,87.24229908986482,10.0,0,0
62,0,東京都,27.991499387380802,143.0451454547116,68.06394340416512,57.66274906169072,14.711551462893446,1,96.16117026017184,10.0,0,0
43,0,沖縄県,25.677448735649662,112.59228495247862,33.566784271226744,54.94189219573276,33.57615837235922,0,90.80863779313445,10.0,0,0
45,0,北海道,28.116623516614005,126.41936157495651,81.11397777259745,53.190960431241216,70.03792725583467,0,108.32494517924054,10.0,0,0
44,1,奈良県,18.507602648119743,113.00937532668561,97.94777406642154,40.396921634520154,7.560311754655838,0,76.42188446979566,10.0,0,0
62,1,大分県,23.634384335566132,148.61048768684427,74.72259871869412,41.56836958568065,16.326406452707154,1,102.71447222973083,6.741781894555029,0,1
62,0,山形県,27.23805332652106,136.18811903186793,213.2312068978061,42.424536406296625,43.63293905640566,0,81.81251195472446,0.849463994185489,1,0
45,1,京都府,25.67012185485116,120.82397309683535,142.392202972159,41.38954314718748,5.564528176493506,0,83.29893075916522,10.0,0,0
55,0,東京都,17.80074369682758,133.43517727072762,22.184878126115784,41.369969446904726,5.2796266117595305,1,77.4726832907229,10.0,0,0
47,0,東京都,31.043309287735656,145.80794579194443,187.92251577690243,41.48838157727725,39.204687952335036,0,122.28913800991965,3.3680901859338435,1,0
52,0,東京都,25.67633061675864,135.52749660433375,110.79438565500593,41.63516331656126,8.776210908802387,0,94.85050768264364,10.0,0,0
56,1,神奈川県,22.38129813299567,114.94959347774365,54.364926834445676,55.232731664778036,9.535624013669214,0,65.90867512885201,10.0,0,0
47,1,福島県,23.74538608088898,112.40311891387282,47.12391760047727,55.699480445016356,20.244873075579676,0,106.9558058015013,10.0,0,0
44,1,東京都,25.988060735790377,125.02387048397274,123.38464085092393,57.54045526260563,66.38791702375616,1,96.03945289962155,10.0,0,0
47,0,福島県,24.277614318720044,107.97141037957039,35.1947130563463,40.399370799771305,9.756530720424243,0,92.87822014748882,10.0,0,0
63,0,東京都,25.203081155457625,135.52987719690287,37.447397022416496,40.52424002915994,3.3813274435722747,0,88.94536628151829,10.0,0,0
42,0,長崎県,27.593330323544567,120.31043019193956,197.0782139129058,40.65188217126058,18.42701264511744,0,92.58428381583259,10.0,0,0
53,1,東京都,20.67781351825605,111.94221605523063,78.20293104400822,41.226255455969515,11.385629400142422,0,71.92575204969185,10.0,0,0
58,1,愛知県,17.629485949994688,141.38264099985116,19.910249055617754,47.94225485306596,7.695660989157602,0,73.25734915787486,10.0,0,0
48,1,福島県,26.50247052261464,138.24698715880263,49.82637553122811,41.9408548465472,27.115516874153535,0,120.82252993401514,10.0,0,0
57,0,東京都,21.240084211472855,125.24452191824788,139.59171738390162,47.91789166626535,8.271916589083459,0,88.9588134113593,10.0,0,0
51,1,東京都,22.857891865336068,106.89405225024197,137.12256664465968,44.299073779903964,18.909387982990804,0,89.88902423804747,8.636330813911497,0,1
54,1,東京都,22.43438328262225,138.4026063903192,134.05302878730515,52.346094169419985,18.773659580053632,0,109.36299326787484,10.0,0,0
49,1,千葉県,19.71481318321552,94.14336614761419,62.92723281426744,47.117491402168774,30.679327084485134,0,98.79757953764165,10.0,0,0
42,1,茨城県,32.32648835204977,139.15329200737224,127.24464783004258,41.78527711656412,55.169771819858866,1,110.70165983100075,1.9004559574308548,1,0
58,0,東京都,28.825914497002902,138.48774785000748,21.46763965634105,41.36110162624667,34.57161995081693,0,87.18379629539896,10.0,0,0
55,0,東京都,16.924486561689122,113.78868144205192,73.40401542893872,58.724227852321114,14.05821582833611,0,89.76881707830059,10.0,0,0
45,0,東京都,28.353910275648204,163.9740206748838,311.96585239721696,56.91792724846358,73.84926625104775,1,106.48130067739507,10.0,0,0
43,1,神奈川県,24.97058780650698,125.55063608723414,91.2908315821089,42.628349354440346,25.777630984485032,1,76.98101140061578,10.0,0,0
42,1,東京都,18.128461434322215,113.70455446606248,21.79426332401806,40.498471853993586,1.6986480123065943,0,67.35313138378918,10.0,0,0
53,0,愛知県,20.50675127291041,107.20491322159181,47.08909009415923,42.69305262441993,15.213617272861246,1,97.73521097469585,10.0,0,0
58,0,埼玉県,27.496904699872623,135.63440728052214,89.84335922303592,41.82039896455965,17.418891676215264,0,78.1406895606204,10.0,0,0
66,1,東京都,27.584935994759583,141.87237814801392,126.94207775422342,52.49760921518347,72.08721873794013,0,123.73279029914049,10.0,0,0
40,1,千葉県,29.27981999749615,136.97922950785602,142.011294962971,59.34987235085531,22.32122373243551,0,92.84339242996646,10.0,0,0
54,0,京都府,22.48326086573889,132.7975885007687,68.08744371276778,73.31559095559292,24.985424753593325,0,107.55079324123004,10.0,0,0
66,0,愛知県,20.734663467740443,89.70727514398357,34.86151048260277,41.442502387526744,5.207035204047473,0,63.045174672987535,10.0,0,0
49,0,千葉県,18.829116968603323,103.61714337546825,125.62080520381508,43.14711840211924,11.116627286090337,0,74.97806938409228,10.0,0,0
48,0,埼玉県,18.82170232319619,137.85651232267534,36.40283413212325,42.38042625993461,3.0843827155139776,0,104.946053173711,9.040901403586792,0,1
59,1,新潟県,26.599368878246967,149.48520062915415,269.82120227270866,61.918012679340066,28.968434194748983,0,119.89346994095418,4.3711469376091845,1,0
70,0,山形県,23.61015868907684,143.38764665570736,57.67974870679162,61.89213343644643,21.834154223551625,0,97.04650807395659,10.0,0,0
67,0,奈良県,13.10069604515683,68.0923502545236,52.31956046158231,42.260039565093464,21.632138120727145,0,100.72926466663822,10.0,0,0
70,1,東京都,25.256436183395017,133.0965146585172,87.56901542452502,39.896496969043554,5.156458191070634,0,82.67079857679765,10.0,0,0
63,1,宮崎県,13.630017898235112,106.78904139337546,73.62930748387194,42.62964400093426,2.58315720636142,0,88.99375204141525,3.3545336891045525,1,0
61,1,熊本県,21.47547982616843,131.7296908684107,137.69164722020707,52.46108123650768,21.76094174243799,0,91.99778215628778,3.890258080441488,0,1
70,1,新潟県,25.19404015991103,130.49495546354353,127.42948882653565,40.962389706446245,26.4416658901332,0,93.51812180863669,9.824093882649196,0,1
58,1,鹿児島県,25.05168118015401,138.00003150591675,53.96920515480097,50.851209902687785,27.593959479574814,1,64.8686362545429,10.0,0,0
56,1,東京都,20.143402430008294,138.85641661411367,39.27764778749505,41.81709034537249,10.882407511232941,0,79.87805796113585,10.0,0,0
43,0,東京都,16.390871821932592,91.80997137720202,66.9359336541194,41.16531197289155,5.384171802699823,0,101.74258198672345,10.0,0,0
50,1,東京都,24.316611442025483,123.29118483300984,133.93667817042234,58.91244263067041,20.28207930434521,1,108.80958068451879,10.0,0,0
47,1,岡山県,24.405160118203103,127.4486895576566,109.55683701880204,41.97459301714936,41.48869275134795,1,92.17345903357163,10.0,0,0
54,0,千葉県,22.734509781902915,131.39533247650783,106.0331724542631,48.36725042282426,27.577635105699976,0,83.25993972849308,10.0,0,0
43,1,埼玉県,17.12190348185116,79.84002827855174,16.729156962684513,41.03239202922521,1.9726317046463249,0,77.74723079016478,10.0,0,0
62,1,福岡県,23.888380287955872,141.5599754329215,90.30733254089189,41.433924514360974,46.892342803290994,0,101.2053699695204,10.0,0,0
43,1,東京都,18.515470489153024,106.34880753067057,63.9889579102903,54.344927469409285,14.266506672957494,0,76.9715136704486,10.0,0,0
56,1,滋賀県,26.07871026195046,131.1903660670361,82.46535871170786,42.46029735311187,18.9422652677382,0,87.9099068815268,7.120915048514255,0,1
47,1,滋賀県,19.355599992240005,100.96405692586143,22.552201129061483,40.96135732399051,9.628452099409737,0,104.53748783542927,10.0,0,0
60,1,鳥取県,23.67743081830436,105.10782470562593,167.96980880954945,41.31076836406865,7.987823182620655,1,95.84597850399344,10.0,0,0
67,0,大阪府,26.74918983795563,124.91852153042738,119.10167721311333,41.710465504206894,42.798733627421875,0,104.48961092595358,10.0,0,0
44,0,東京都,20.907445969915376,97.93328194948579,33.508274580768976,53.218433572393614,6.7117415166480585,1,71.06269871282,10.0,0,0
49,0,東京都,21.41947438730121,114.67270743207506,43.07131123939952,40.421177136323934,2.1082284512993623,0,70.5405359332394,10.0,0,0
70,1,山口県,27.94028274681458,126.40004246786587,154.56746678286666,40.96372539466647,43.06809739303238,0,76.96640227522839,10.0,0,0
72,1,群馬県,24.316736009673075,119.64658403025147,166.93591077927297,40.20339574292902,22.331811378883614,0,112.3726220335195,10.0,0,0
61,1,北海道,21.279317318593566,113.33085448191515,186.2636624233682,41.99614414350042,2.0482275635721816,0,101.53398223809805,10.0,0,0
53,0,東京都,31.75192208824781,120.90983175275137,47.08996664220528,40.40831671805179,29.750084611024516,0,88.96156554725322,10.0,0,0
65,0,山梨県,26.68190114517067,138.45292054990705,301.0315451492135,54.968633288869505,25.223028543003792,0,99.60543854135673,10.0,0,0
54,0,新潟県,23.23302765893054,129.9349482587188,89.10340102766439,33.97677825409464,28.39355643881252,0,80.737617543802,10.0,0,0
53,1,東京都,21.535859822956596,87.58935522727296,108.88170131879578,42.675067117967366,11.984692223146288,1,109.11471460659973,10.0,0,0
47,0,東京都,22.240438691770038,91.07424547926875,96.35860412678171,51.97406305025349,24.265302932391535,0,98.3921081996769,10.0,0,0
58,1,東京都,18.070521760165718,99.43155199897362,32.67569177473234,42.99988934786409,14.321251282419952,0,78.71362951883229,10.0,0,0
41,1,東京都,21.042383090784323,105.60914528080102,32.254491635209305,47.48638594932424,10.938015835199002,0,80.33771788092037,9.823511987251383,0,1
66,1,東京都,19.837564558876682,132.04723067720985,132.85979118611866,60.03735612051125,74.65270158605883,0,85.3970102155003,10.0,0,0
61,0,埼玉県,23.961591882454453,145.6748879640534,138.93722600442163,41.16575657292165,9.549203433820978,1,96.34736188364857,10.0,0,0
67,1,東京都,29.08375494721984,132.80998038787965,199.76798162240053,40.442102551850724,87.56478381502727,0,114.90321331443415,10.0,0,0
50,1,東京都,23.251747342883046,117.50748858074974,83.11453595978868,40.91303309309447,11.175538720142015,1,86.28113444690428,10.0,0,0
70,1,東京都,25.29901045526595,153.27091797692017,53.94361598706265,40.644121223084106,8.210679767874131,0,85.75481429930083,10.0,0,0
68,0,東京都,19.511606888775802,123.2871096921779,33.41204098719862,51.925339339324495,5.2992314642979705,0,84.73582611093157,10.0,0,0
61,1,鹿児島県,25.83963172222861,125.36328987921539,77.16326942701143,42.42337235062032,46.80209041822685,0,73.34155905208405,10.0,0,0
55,0,東京都,26.518880667956154,160.03469765780636,118.655178551513,41.784792323864,22.57132830270097,0,99.65606769466247,10.0,0,0
55,0,埼玉県,28.79877728434467,148.6997758647111,105.38029414830697,41.207928813171144,4.451544490725593,0,106.3580236053557,5.6665153968015805,1,0
41,0,東京都,24.723043234527058,104.8823143368992,96.89542499727958,59.55739770450743,16.805342558042746,0,111.43026970157703,10.0,0,0
71,0,沖縄県,16.7341539103581,134.31838545301028,33.60760685884392,42.61941050057391,11.043815708345155,0,76.21666546848444,10.0,0,0
58,0,愛知県,22.488537162283723,114.44419278129426,137.92043666759258,42.702367346647485,35.16906300227232,0,89.55567481496924,10.0,0,0
53,1,千葉県,23.435973478939193,112.34569973625649,71.43081438701196,54.21180513240705,12.957578795149054,0,114.67557474940382,10.0,0,0
68,0,東京都,19.68755072590119,123.80128587546758,91.87530650199962,56.08374966968637,10.579027208021781,0,120.35667365251551,1.4899817265602686,1,0
71,1,愛知県,26.19959035234677,159.77517683343063,104.41619184681934,49.60517813401152,7.992947034674089,0,96.36259079904596,10.0,0,0
55,1,群馬県,25.321496514437882,108.87487632600305,214.91628510997714,45.2808917633498,7.829235132437733,1,91.46412977342206,10.0,0,0
66,1,千葉県,27.88914713751867,139.47860584842576,125.57021647525093,31.219315653580004,16.521971445241558,0,112.02787220215511,10.0,0,0
47,1,茨城県,18.447589710245943,100.94795539622059,63.69732412699419,41.61785016897858,23.00699928222871,1,109.665529602293,8.297763237749116,1,0
64,1,大阪府,26.110809824805912,153.0640821825394,183.28428099684555,56.217872118513604,14.16116605800588,0,84.55938991138044,10.0,0,0
54,1,鹿児島県,19.528388467867153,108.19595607426668,49.52200662791045,50.588574511305595,15.352831664283174,0,82.67038306912951,10.0,0,0
46,0,東京都,25.43472736618683,118.7713706983997,44.336699963846335,48.21746865918155,27.840492117333618,0,107.0638873433932,10.0,0,0
49,0,鹿児島県,25.23139586037826,141.43434047136998,199.7809201983629,41.625264572079445,16.722532603589123,0,85.66453580310048,10.0,0,0
60,0,東京都,25.72632449551148,131.36797641186735,30.42017912240896,38.61519130720579,14.586947762585057,0,75.27029457172574,10.0,0,0
66,1,兵庫県,19.473182258677515,117.78450850833661,46.25741102273276,41.31971188953339,7.5254137354756425,0,97.02998328348728,10.0,0,0
59,1,東京都,19.585773934113778,110.02359505202524,49.5321223230695,42.24332186439131,5.1525139599987195,1,76.47763189606798,10.0,0,0
65,1,茨城県,19.53458830688103,110.36847851731692,27.070533736139105,41.38913133267731,2.4224210673595903,0,77.96760093833957,10.0,0,0
48,0,東京都,33.172129535032326,153.79561876516706,480.91816016394046,57.079751831676234,174.24854663865398,0,98.79523029604204,10.0,0,0
66,1,東京都,22.1466606212778,141.00506029567245,189.3185571399039,41.03305568843318,14.044711945634882,0,84.56357761451532,10.0,0,0
64,0,東京都,25.00823618252304,135.6197214057494,213.08437077053242,41.76255505238072,16.136993484265698,0,105.75700786488073,3.1192925258459137,0,1
53,1,山口県,15.992310337077726,133.73552492402527,48.110955357334156,59.89662949093726,12.492239843632525,0,84.30441485607007,10.0,0,0
40,0,山形県,25.84848583669326,132.3917847504379,24.406808083883014,63.06075565898525,10.604014362576535,1,72.11174840690882,10.0,0,0
73,0,東京都,18.906352969273993,142.90609655420477,142.36278180895894,68.55933468935183,18.90958920744163,0,93.09291292613358,10.0,0,0
48,0,東京都,25.345321889861076,94.37154416409835,121.7985140708467,40.984223951101505,17.418809796557294,0,64.82655136656804,10.0,0,0
62,0,東京都,29.468303639637142,125.02223803001527,70.9799785883019,42.60093181490906,33.46491730129793,1,73.22487765656615,10.0,0,0
42,1,愛媛県,18.141857992911522,61.83748358802709,13.024413088680767,48.86554544105416,4.849056570857474,0,91.69187608570898,10.0,0,0
51,1,茨城県,25.561736047846374,138.50945654767648,181.88245906285067,40.69020613151755,23.563894767582983,0,115.08332423518897,10.0,0,0
66,1,香川県,23.72764053837028,115.22078650281952,59.958835314377005,41.369725821822016,19.51074798872729,0,74.9731690855453,10.0,0,0
53,0,神奈川県,26.78779164439544,135.37761740775844,52.33118147329233,58.880249891473824,41.109242195087745,1,88.90434714667455,10.0,0,0
68,1,東京都,21.681111101502633,125.55492889884012,170.1685399444938,41.86547380098747,67.28636079080133,1,69.05723124880572,10.0,0,0
69,1,東京都,19.614564218494465,117.63035092559626,55.12290733952625,54.54710722137712,12.527071804351024,0,82.75398923572136,10.0,0,0
63,1,東京都,25.077930308571588,157.021404423275,179.45789078156048,40.93908817845821,7.507452371866788,0,79.23323502610447,3.8237854166979726,1,0
42,1,東京都,26.727781261508575,121.07764015519663,119.97090667213578,63.22140365015984,26.155748526220034,1,117.14052770253723,0.4368847271676131,0,1
72,1,東京都,23.267072307614928,122.93676929154003,69.30650126640779,54.738501608602384,32.572028040143714,1,90.69584135090724,1.8415684120179936,1,0
48,0,熊本県,26.797498524039263,155.7492964198979,151.00496549854822,41.80275916750685,27.412559350326237,0,75.16472700188557,10.0,0,0
74,1,大分県,22.247594011154575,135.44058752732232,61.13366225370368,60.07510030930687,13.891432671120468,0,89.23893859365779,10.0,0,0
70,1,奈良県,19.346731450091863,120.58627693761797,97.59470761760741,42.19450940026402,23.59104718711864,0,114.88505812877588,1.0484765725785306,1,0
59,1,三重県,20.19212541963857,118.43107910404072,74.20104278460528,36.189071202110725,25.00499341139119,0,83.12666482298147,10.0,0,0
55,0,千葉県,19.69704112195465,104.00799922559524,51.871945331188265,41.78735398068296,13.233797477991308,0,108.88162800044451,6.6945466610673945,0,1
62,0,茨城県,27.771593292836346,152.8723754009282,141.23144888874918,66.38379115879735,22.52070378661902,0,93.1863097459509,9.177969015380167,1,0
43,0,茨城県,21.85808513635747,116.11809977324258,23.029935313159687,48.139636466202546,5.39072291130565,1,88.49682446255602,10.0,0,0
55,1,千葉県,26.790310933758004,147.98354965058437,120.5553490308722,42.28187678414013,30.801729560287196,0,116.15162189346191,1.6109637037851074,1,0
50,0,東京都,24.128913001693427,115.07360927999036,23.864451254618107,73.30461872687707,11.550457148446673,0,85.28060675870859,10.0,0,0
51,0,福岡県,25.490173415248325,113.99734000222298,90.32516160685384,40.96793404012532,26.37304639717672,0,82.0085844572319,10.0,0,0
43,0,東京都,15.471201407461004,76.44087526158118,29.55773989746762,42.033293586368345,19.222079803814527,0,79.84355689689092,10.0,0,0
73,0,愛知県,25.236608614818195,129.4598129478572,49.15898944851197,54.55086800462862,5.279140983035066,1,100.82451231087543,10.0,0,0
63,1,京都府,29.675485197709964,158.73723821137006,138.2689478174874,59.5820770952149,67.59610576686518,0,116.62994000729468,6.165080509861402,0,1
57,0,神奈川県,20.20479629812435,119.88221256616958,19.477672536200476,74.1972075204461,15.080218701254017,0,81.48869738797225,10.0,0,0
43,1,兵庫県,30.07057280665507,110.04213065415532,71.5939802751918,55.67261220735754,13.751404565509596,0,84.70990590087591,10.0,0,0
53,0,埼玉県,17.699254604797545,105.32940059018316,78.28304177278572,53.547753900094236,8.298496611126415,0,72.70498341216076,10.0,0,0
47,1,東京都,25.470046552559886,131.22869791651934,250.65770163340565,41.58613023390523,13.1098277272676,0,88.37415132614973,2.831041648385155,1,0
56,0,東京都,19.843512425949147,115.14795395292789,121.14897188497208,56.229158499099114,47.46447849777646,0,90.06850447082084,8.555400154561182,1,0
62,0,東京都,16.49476230252104,119.05765614570839,53.93442919836336,40.718113968206545,4.210344143883171,1,110.11998440483664,8.362480564660544,1,0
45,0,東京都,27.344784974476163,160.6067022615961,47.103974101781695,41.176266788166515,6.672934691005393,0,91.72573267978935,10.0,0,0
48,1,福島県,31.348557163734185,144.8856008441201,113.16193822096223,41.01700786593164,27.84420618187291,0,120.13414186685277,10.0,0,0
49,0,東京都,20.69753554971936,133.39697837341805,24.399053799763653,56.21253778236918,19.43915279596622,0,79.85385935853692,10.0,0,0
62,1,東京都,19.602067862590143,127.21638566435021,118.23385487229312,42.246720036353,26.496900837015996,0,107.3319372053758,10.0,0,0
70,0,東京都,27.894268289202937,139.120250992078,273.03827901003785,34.02873447987431,7.399640399591693,0,93.2699456318365,10.0,0,0
54,1,大阪府,28.340969308763306,126.94750702431479,112.14878947439027,40.442746545965434,15.338687054691723,0,82.77720592749387,10.0,0,0
55,0,北海道,23.51043592521466,109.71829867747594,132.9113333362274,41.38850336840865,5.279906746755973,0,96.52843929078011,4.198547979320025,0,1
55,0,東京都,22.78835021123773,128.16831684007153,92.31760804602392,43.828291479018915,7.633987649750001,0,85.48000012958902,10.0,0,0
59,1,神奈川県,25.046563546461364,121.69365293729815,82.54598870411061,40.745437155454,8.648860849528589,0,81.65513915230633,10.0,0,0
55,1,岩手県,23.517600775256973,142.43432998262372,237.6916418686077,41.63559450372136,63.94169533167811,1,87.78085494352182,10.0,0,0
57,1,東京都,21.270425277590643,143.57729148045573,90.34776456404524,41.870213037478806,25.331926855942065,0,92.8724446222735,10.0,0,0
54,0,長崎県,28.17210286311446,140.36120016843753,230.75463132735518,41.02390577853529,33.331798712787865,0,95.12268131560108,4.080467868665674,1,0
43,1,沖縄県,16.410490173833335,86.41974360336569,98.83922480158132,41.980784782622045,15.308273290218155,0,77.63069746218594,10.0,0,0
53,1,福島県,20.769879725988776,121.67525500899991,37.361309839722594,44.45023056567858,8.72092877608056,0,79.00235731039679,10.0,0,0
40,0,東京都,19.592684231075324,74.79394623296986,19.027930780861716,34.977225147388594,2.3150764565372404,0,65.53120181356084,10.0,0,0
52,0,東京都,18.45808298817336,90.67329421011891,24.910159930195668,40.19450288340307,7.884282855319871,0,65.99166437487594,10.0,0,0
60,1,香川県,27.252282628348453,150.9024896041129,414.7302604727072,53.003141902492295,56.771534086008785,0,95.15119379768416,10.0,0,0
53,0,東京都,20.714751796661545,125.3263693769665,19.435638590468038,41.62546624153519,13.742272082063323,0,89.96319230815007,10.0,0,0
60,0,奈良県,17.816699481097995,92.98402950854401,177.21122452105706,57.781669104424495,15.173572460160502,0,87.94824571526468,10.0,0,0
54,0,長崎県,19.701781536711376,99.98264580309556,93.3104062445665,41.886891763040396,24.905645128846043,0,82.34632560065951,10.0,0,0
46,1,愛知県,23.887705348404296,104.19344647238613,134.78239425924286,42.05160862864636,14.778615632270133,1,79.68714979974384,10.0,0,0
60,0,茨城県,22.990049629272175,115.15653587671346,177.18489692648018,42.87120378947044,38.057100353540456,0,119.07335390277468,10.0,0,0
46,0,福島県,21.860425453011043,106.9158406265716,74.71770192411543,41.67696819624622,1.9690796344619987,0,90.6482979506458,10.0,0,0
66,0,沖縄県,11.487966499746374,70.73858530327512,16.77057198945915,41.59176537977025,2.477944307247947,0,73.4257557392686,10.0,0,0
52,1,沖縄県,24.56371679019181,118.95589177951449,202.57633151734092,40.24319360571375,17.98352989084587,1,85.83227404449161,10.0,0,0
67,0,千葉県,25.536965378470246,131.94375809502745,76.61902184344412,42.307479814857864,11.198094033945566,0,85.37950350016845,10.0,0,0
