age,sex,prefecture,BMI,SBP,TG,HDL,ALT,smoking,FPG,time,onset,death
69,1,東京都,23.736410146371266,148.60654957821532,70.34176256046877,63.674511765831845,8.459822521472837,0,110.10364543335686,10.0,0,0
68,0,兵庫県,28.864266404010053,134.6706521196198,183.78051042528384,43.15682175065696,5.808790044315737,1,107.89204015542634,10.0,0,0
42,1,福岡県,24.004369743221226,110.42884750243228,82.11284908910227,42.02830225285392,23.444731779502565,0,72.47715093054033,10.0,0,0
53,0,兵庫県,24.34240071994776,133.76819683354765,282.5815939645705,40.53706843397883,6.388096092762744,0,121.97894286426273,2.8345026120189303,1,0
52,0,兵庫県,30.725704113278614,147.4774166715283,145.88317233356406,34.2541624399537,16.962958846995235,1,88.75824625226716,10.0,0,0
54,0,千葉県,34.15409152931687,139.50840782503005,61.70345234700141,39.68226675692858,7.382742826896919,0,71.88770013571416,10.0,0,0
41,0,兵庫県,29.04136270140393,139.84002350410023,117.67706631677173,47.44838920037061,11.992232843584315,0,84.35426619140993,10.0,0,0
40,0,千葉県,27.70843742196749,119.0987819748198,142.9683948583264,53.92375338972163,97.04585057464887,0,99.97656417585199,10.0,0,0
41,1,東京都,25.69815814345938,118.51569850426286,240.90619535350947,41.21381114081297,15.742059895533762,0,84.2210676958205,10.0,0,0
52,0,兵庫県,28.594342487438176,114.84586725501104,102.1168277286287,41.44581419267493,33.38729974455804,0,88.5336300600663,10.0,0,0
45,0,長野県,18.99368196562756,102.54640599393694,85.58980038488234,41.22999750333784,26.96641508961972,0,74.19567266200869,10.0,0,0
56,0,福岡県,25.141417640264624,130.65637877920395,42.54947292619506,42.64477120975423,7.180237515639131,0,74.0299075470127,10.0,0,0
59,1,岡山県,22.258310215291125,104.3795931328872,78.55351384477379,41.52132968064757,16.64924587202652,1,92.86771367326469,10.0,0,0
72,0,東京都,24.781975371764076,136.94355091675354,55.0478890151834,62.15108093133123,3.91716880223446,0,97.01307771376928,10.0,0,0
62,0,茨城県,20.622496981356967,134.5936409277782,62.705786835024796,41.392693132539364,21.84242631748823,0,110.0275043344994,10.0,0,0
51,1,奈良県,22.011725887300237,96.34212922302676,61.74261279118943,41.13630674711568,2.9410368253708667,0,97.76568254943702,10.0,0,0
62,0,兵庫県,21.20453594639648,107.8759787982806,65.86982653171032,42.6125197893109,88.03833311430101,0,85.63829948957066,3.3367151143209,0,1
72,1,東京都,24.340863726725537,155.25230273815438,161.19898011492631,67.76126810839352,24.69228964980508,0,106.89277591332522,4.202277141741875,1,0
44,0,兵庫県,21.559085819698424,160.99506878604336,44.90341445705651,53.53409179751523,7.263394099876585,0,94.1673257507927,10.0,0,0
42,1,東京都,24.33001520876309,112.77337761112817,96.55979315491437,61.91853281657398,14.485164237389645,1,114.73583857129763,10.0,0,0
55,1,福岡県,24.440042732868534,136.46977174801017,176.831715412293,42.72787502584854,11.678232532484023,0,89.45133595352385,10.0,0,0
51,1,兵庫県,32.85436250366053,165.10917264442233,222.6890964130432,42.07646575421942,40.729055360882604,1,85.27543445969492,10.0,0,0
69,1,兵庫県,30.44480504642526,157.82986709593652,352.95455674702004,57.64707385846306,92.06717944944964,0,103.6069128384743,9.66355848275311,1,0
70,0,愛知県,25.85772483237724,149.74359494508838,117.44130410950163,40.685797207938016,10.836422672041941,0,101.5780800167428,10.0,0,0
56,0,愛知県,24.63384892871551,126.54560734606152,32.258282740155295,42.37320800447127,12.169038318072188,0,79.73258044367124,10.0,0,0
42,1,栃木県,22.196028112152753,102.39024865266163,145.763733370238,59.57700252933662,15.439136099024395,0,81.59413560370243,10.0,0,0
40,0,兵庫県,25.604822377500643,127.0892757060886,131.89073913970225,54.20389781347853,40.78184406173599,0,91.85278090283309,10.0,0,0
54,0,秋田県,32.4766031955206,155.96342938930752,377.5286858215746,61.87084237311103,120.73036518325614,1,94.3068953529917,10.0,0,0
51,0,兵庫県,19.314452258683637,106.98843082638214,110.39155254749262,61.587871868680836,8.735389326769475,1,100.45181984852869,10.0,0,0
65,1,岡山県,26.764984367072547,115.46980288420947,86.02833570421446,40.76946321280558,2.093422680045623,0,78.92930265262396,10.0,0,0
45,0,群馬県,27.225953675576864,131.04265791218484,93.42908701613244,42.45647305370848,30.168006262663138,0,100.73218963695734,10.0,0,0
41,0,兵庫県,22.311111315801806,129.13064163671743,40.38835456776249,62.50665589259704,3.046312308667389,0,97.32784207987937,10.0,0,0
70,0,東京都,22.329100052268114,157.87307549256076,92.14218063863818,41.50011205829408,6.766139713062966,1,87.04652288020796,10.0,0,0
53,1,兵庫県,21.923614638974414,139.25304680766973,66.76028213357185,40.380896247953785,9.712312745117506,0,81.61995139253784,5.707962798460882,0,1
45,0,埼玉県,23.310050387860457,128.22654166708656,105.09040172554187,59.17090927831815,23.60008879336558,1,123.50465897456738,8.45196813762055,1,0
70,0,兵庫県,23.040570968063605,133.7033398199005,230.20703685833394,61.135720705562385,3.45332395126294,0,91.84950657842585,10.0,0,0
70,0,兵庫県,20.69980904406529,112.11584649903385,51.244429491862824,37.57942266986671,2.9248816596079164,0,75.85582677351663,10.0,0,0
55,0,兵庫県,23.906759306910388,127.22471510928163,39.77350734243916,41.40343329635355,8.072539803322295,0,103.2299887492709,10.0,0,0
56,1,東京都,17.21735575352866,88.57373097825166,85.46589022977781,41.919741743354464,3.380652905060329,0,66.41785338959153,10.0,0,0
42,0,福岡県,19.80503844087799,100.31047121386362,43.336259358066464,65.02388851556115,11.637203411507853,1,75.85104447299996,10.0,0,0
48,0,兵庫県,19.99679002592164,105.58986940975868,17.080795082745837,43.7834089357477,4.246080580714831,0,76.24115142735197,10.0,0,0
56,1,和歌山県,24.870434214093578,120.95551435936493,62.45531882642129,42.18167279186457,6.682558769039822,1,117.3078470453759,10.0,0,0
53,0,北海道,23.532496914888938,137.50948084185592,125.0702778767466,41.58574127973794,14.079035974196133,0,79.36392495861215,10.0,0,0
51,1,鹿児島県,25.697588046255657,127.24889547748998,53.17557486603558,41.232955553414186,4.67019958923966,0,74.55019948509396,5.471184136249806,1,0
52,1,兵庫県,25.264937669233124,106.0846678964045,61.9030528205025,46.6354923224272,12.964000821083353,1,124.34692745045535,10.0,0,0
72,1,兵庫県,29.40478607413221,130.93538299275383,106.30134978981715,41.972343278495444,23.499133869243195,0,112.8279941672081,10.0,0,0
60,0,鹿児島県,22.346598163756234,134.3814426457128,99.78693157096018,49.164103786809584,20.73645749139799,0,97.33831308445374,4.8330221849109645,1,0
68,1,福岡県,27.176279619182594,100.81273644755936,77.34729118087537,41.687937724749915,97.13021458462767,0,112.82608375844406,10.0,0,0
48,0,千葉県,18.140582542659047,73.08075459106303,35.33784972032272,42.28001923385556,3.771175796130123,0,79.93635203374878,10.0,0,0
57,1,兵庫県,24.895644065444383,154.5147372312509,84.1713723148144,41.30858327072083,18.112858767124564,1,124.57256057452938,10.0,0,0
56,1,兵庫県,19.32340829873613,102.11460733709372,99.35554546799767,76.90829317323164,11.580009984091246,0,90.39399089632799,10.0,0,0
57,1,北海道,20.643299770564788,114.95821725893204,102.03145653554452,42.175570049859594,28.550966516897397,0,104.43409810785835,10.0,0,0
42,0,東京都,26.043877345965413,115.66770515397934,43.459806536140896,57.07605547134825,92.10368518946018,1,93.35346497074553,10.0,0,0
40,0,福岡県,25.656008005970065,111.56246494195132,74.59920397597432,62.421903549913296,18.29023038118811,0,94.76754864941142,10.0,0,0
43,1,沖縄県,25.675638815391963,150.68890608510517,67.73604050881261,62.209098757277275,13.909205331326723,0,84.5390268436355,10.0,0,0
66,0,東京都,23.79376664878978,106.02285271650209,106.18642367266636,42.41029408769111,10.623850304875557,1,114.2893601944425,10.0,0,0
68,1,千葉県,30.024869779626368,156.04289246731645,227.5072635744032,41.30702190189528,81.48303630911724,1,95.10414538571446,5.532372242937191,1,0
49,1,愛知県,19.02187185074893,112.85065816278116,59.791536504016996,41.928856519699636,27.408004507976507,0,78.0443138142248,10.0,0,0
49,1,埼玉県,25.050621722944587,133.7995345407927,120.29259906464597,59.91929591768749,30.44568100930796,0,110.5884262063286,10.0,0,0
55,0,東京都,26.4004244957571,110.18028158518939,71.83559789487197,55.6902186198404,5.895372503772911,1,102.62507286169122,10.0,0,0
68,1,北海道,23.787497638137474,129.89866513310756,249.6634504679515,46.73964184956156,13.257669421536438,0,84.8786150592852,10.0,0,0
50,1,栃木県,24.24677769020212,92.37385482622858,39.80686211497035,42.186744076442984,27.468643778560626,0,81.6908431399337,10.0,0,0
73,0,神奈川県,33.06901615236367,135.546507895103,104.18323742173558,66.48608186748737,29.69152042696317,0,107.94803489395991,10.0,0,0
72,1,兵庫県,28.1709843245932,114.75944410145247,120.16194745272774,40.80798086368985,8.29676539888613,0,97.56476759973198,10.0,0,0
60,0,香川県,14.786657422267153,81.85378987876805,47.14368463944462,42.388441926602034,13.430665554819146,0,82.11864659621858,10.0,0,0
41,1,奈良県,25.974712342771674,145.91918840647483,42.475554446365244,41.6800143257161,15.844821790154723,0,102.51740550106321,10.0,0,0
44,1,兵庫県,27.24385238765875,133.8677600395192,161.98377700261645,44.7668129157384,58.412837180893796,0,101.72981426329603,10.0,0,0
44,0,兵庫県,22.738811684098533,145.9025206778649,145.67949371338824,42.38204842704279,10.725366398425868,0,77.24210528180242,10.0,0,0
48,0,神奈川県,22.108307494728468,121.85182614147463,115.6460276183608,40.73835020900313,13.857765287845439,0,85.7092768627144,10.0,0,0
73,1,石川県,21.157336660422423,163.83698486598018,141.32704972006766,42.134629683611216,9.26091975368587,0,117.84925830912043,10.0,0,0
46,0,大阪府,22.73191546217195,104.8267325995056,218.9216590141465,57.51524391451862,18.000137122178245,0,84.62454853037482,10.0,0,0
50,0,群馬県,20.447722259364266,118.83936728590956,17.28678177841156,41.51589620420414,7.585853409230722,1,87.97121900733008,10.0,0,0
45,0,山梨県,24.31710716698439,119.70100766772205,100.99525265942972,63.189721501871915,5.4336898547297094,1,98.13114023629502,10.0,0,0
72,0,東京都,27.51357845803843,136.0081552676946,135.43571978892473,41.62543233499907,8.296766230681019,0,110.77865871514199,10.0,0,0
44,1,兵庫県,26.36272102453802,118.52674696063534,75.04317942063668,47.27045425536841,11.430691265835387,0,110.77150170427727,10.0,0,0
64,0,兵庫県,20.845494864996333,101.85884573503434,92.70845132118468,43.76589752150502,20.19707676567184,0,81.02601403516806,10.0,0,0
58,0,山梨県,26.5925398663558,127.40620139386573,69.5580014983406,40.794532687391346,4.1565190703078185,0,59.504915420136435,10.0,0,0
74,0,静岡県,21.961069809319575,125.1476780505273,97.30455846525211,39.597014287427434,6.093361489820081,0,112.87188659204935,0.4403187319336601,1,0
49,1,東京都,23.927863483266453,123.06504441495359,142.6561546658477,41.29152114865339,10.72005671983018,0,83.45651943263546,10.0,0,0
45,0,新潟県,28.116243828480968,113.24584733278265,66.9094567009441,41.33012928616745,18.98288676443989,1,96.08012703266257,10.0,0,0
45,0,兵庫県,26.370963009385196,119.30156173682721,51.837486327259725,41.29150587608407,10.266891484603708,1,91.65653826784948,10.0,0,0
50,1,千葉県,15.213533003363475,99.0185838745046,38.9607565969449,48.28495207400978,10.818777404503237,0,109.50787384368465,10.0,0,0
44,1,兵庫県,25.9602895152257,123.39756446750607,119.30530263847403,55.79970823084064,14.227424521117758,0,121.68859281598739,10.0,0,0
71,0,愛媛県,20.2563446738616,133.69511320890217,56.5267778496359,60.79440086149867,27.189752497467865,0,95.73994935717316,10.0,0,0
49,1,兵庫県,24.30720391576493,120.52183203368267,36.6738986559969,42.905311446006735,13.496280493828264,0,94.63655376733182,10.0,0,0
66,0,兵庫県,20.540525503347098,112.96223992981504,132.6357144694603,62.626316486832756,14.40704808317228,0,98.96774236209636,5.920958233597002,0,1
69,0,兵庫県,21.87526057071713,79.72325872188908,30.10379873352842,43.503610671122026,59.76807235380172,0,81.91863068982768,10.0,0,0
47,1,兵庫県,21.246275445188406,135.35450289877954,55.3865730980976,41.55261726208488,4.495449147073004,0,81.13438049707915,10.0,0,0
40,0,宮崎県,17.060300483797636,71.80538300636594,105.26454039499677,42.04737132309339,6.31244638092098,0,80.29732057069036,10.0,0,0
40,0,兵庫県,20.248927388435625,112.62815497515086,35.67427712926454,51.157591041625906,9.34402262441296,0,88.4265863157483,10.0,0,0
68,0,兵庫県,23.109200298140514,141.19736891322003,38.9367531001615,42.76883976453119,3.4950055139319574,1,83.54314610583403,10.0,0,0
68,1,埼玉県,30.621889683228623,168.85052559953803,150.7444360224275,53.117071417060075,21.043136259970407,0,112.68378516637145,5.2000537803455,1,0
60,0,長野県,22.330841191435503,108.89895314424493,135.6844326575318,58.35536516826854,10.448132688386709,0,111.82778675131206,10.0,0,0
69,1,福岡県,28.65026349566647,131.71523172514577,184.49365656712587,42.31639115534726,39.43161433245852,0,100.85856589378764,10.0,0,0
45,0,長野県,24.780562357101527,142.32424339496845,104.24227743054972,39.83974798943677,27.20048781354611,1,96.3059603395172,10.0,0,0
69,1,宮崎県,30.119709862289895,140.13816086392822,292.15262237844854,58.85257544027069,81.38599986080116,0,112.82671711300006,10.0,0,0
40,0,長野県,25.71971654159867,85.81178031127716,22.70432276369017,52.720343997600914,3.0059959463735937,0,100.53857899094686,10.0,0,0
54,0,新潟県,17.53966300311162,117.01034872708894,39.9777338350769,41.303358164668445,14.495461415506162,0,103.15757746571897,10.0,0,0
59,1,愛媛県,25.615153847060814,111.60376838344324,105.08388101189773,41.353836325139085,25.134181552530954,0,98.24105314946401,10.0,0,0
63,0,千葉県,24.30691346348663,189.94956539860672,93.86062808277855,56.421050823101545,10.361116966344298,0,122.00715142638808,10.0,0,0
42,0,神奈川県,20.4014485156566,105.77033369634923,88.34519834708931,44.26906804503636,8.802229263753434,0,70.60541905718081,10.0,0,0
57,1,福岡県,23.68330961450234,102.76792405946021,261.30262754793733,40.710433140537,16.7333044144116,1,113.3884572858632,10.0,0,0
43,0,大分県,20.849832368020426,104.60188832267835,9.73221625974291,41.39412811488143,11.143931999640575,1,70.29566085903761,10.0,0,0
48,0,埼玉県,20.73425170352912,69.31934132968027,67.18378954919461,40.62227823377096,14.4108228358544,1,67.7567215125957,10.0,0,0
54,0,山口県,24.427828296964226,111.28273674055306,43.31809178291494,57.84951568016097,4.156077925528578,1,89.17845486215667,10.0,0,0
60,0,神奈川県,22.69161876637514,138.24023992558602,123.20603278045043,41.552574366571804,55.789369021137766,0,106.84260318925257,0.9549387363732571,1,0
69,0,新潟県,21.39507295424467,130.23937081052665,121.16589439976316,40.977080634221004,13.937374516967832,0,92.03641578780439,10.0,0,0
40,0,東京都,27.239693535722004,138.218577835903,29.346294219345776,41.354026250379384,7.157149648195267,1,98.24770836479557,10.0,0,0
74,1,兵庫県,29.872565041390633,172.85379661182122,114.1088405655308,40.71475815280418,16.597784145334696,0,121.18270461567404,10.0,0,0
49,0,愛知県,23.270412741529825,110.1486404910836,121.65441816052554,62.9227619135091,46.372668234812494,0,73.74077456880133,5.374487411740082,0,1
69,0,宮崎県,25.865441410908534,142.02633040681013,37.218065314492094,47.86625710783449,6.222404391952069,0,94.94950086447913,6.79461852763133,0,1
48,0,兵庫県,23.941257062462626,118.86862357351653,71.60853765544427,59.132920265416736,51.99175625251447,0,112.4033838261566,10.0,0,0
65,1,愛媛県,19.835201732752406,139.46716260821532,88.90955400648775,55.76413459123447,6.306768735929987,0,107.16581977579857,10.0,0,0
52,0,山形県,23.248208643720208,113.96197494400135,98.33320346359424,58.33220606939321,20.868059028493605,0,101.98737260706585,10.0,0,0
52,0,兵庫県,25.69840413049503,145.88972134830755,42.5350585370953,42.22607071836432,23.87588730988427,0,78.8622354602385,10.0,0,0
62,0,福岡県,24.358216474906662,134.45743897120903,62.10038862429697,42.29173069446641,40.08983188533198,0,116.08172250157602,10.0,0,0
49,0,兵庫県,23.260807828662653,130.22960186815206,96.77986932010454,49.896804475166526,57.446774911195874,1,91.11946190352666,10.0,0,0
44,1,兵庫県,17.833910721565484,133.8711006011133,56.62367932032684,41.84205366292471,8.297067491080405,1,101.64279333164545,10.0,0,0
40,1,千葉県,26.396150048594837,105.85773184285249,57.65887554473314,44.9384273225474,13.163882335964304,0,74.37392926121433,10.0,0,0
45,1,大阪府,23.64984512126167,116.69805340749619,151.39255123660425,55.29202548200868,13.414092495064867,0,84.31964974445505,10.0,0,0
55,0,鹿児島県,30.342808821052014,143.97736635172544,34.33288201297938,62.46128498554281,16.177139333669864,0,105.67837227326277,2.8357118252578077,1,0
54,0,福島県,16.088723212982153,123.954162385248,46.394127150449634,47.24009046255524,2.92718201878753,0,106.90694221855543,10.0,0,0
69,1,大分県,25.56763144230903,145.90522786217446,375.45810749842207,41.00065502610227,33.565361257940815,1,93.65876659404822,10.0,0,0
74,1,青森県,27.543064149070926,144.44042781722064,98.76668929236006,57.40017171600478,23.746145256729395,0,77.32063932812278,5.929805270131304,0,1
50,0,兵庫県,21.159850915003116,111.11669813984147,43.551751738555645,47.04156315880238,1.5187977775207386,0,101.15063178436826,10.0,0,0
60,1,鳥取県,27.42354444619166,138.97588846308437,167.04192278191348,42.197909846738256,44.45017361010619,0,93.65479816429135,10.0,0,0
47,0,山梨県,30.085792011693915,166.37023415485342,168.89502903265316,55.31939756374666,53.68850732256777,0,83.80478129307053,10.0,0,0
44,1,兵庫県,18.14606464453391,111.59767968028154,70.32884575792703,41.65027074068465,11.64212840648701,0,76.98453924675724,10.0,0,0
70,0,兵庫県,28.549143846021718,129.92667979915478,117.26100113933693,41.93628986106702,43.10851737526215,0,102.84093311129405,5.793076865872259,0,1
43,0,兵庫県,18.386790897796942,127.3685998787377,56.42660545178102,47.14675780643956,23.521151379573265,0,92.36692227888187,10.0,0,0
58,1,新潟県,25.702332374433443,103.38663014071513,87.83617908226189,41.410218784260415,15.190973175136879,0,65.28100885175637,10.0,0,0
40,0,東京都,25.753875866951127,122.06419456819407,82.4007556205618,66.75796090130979,18.9643797882812,0,80.2729495101986,10.0,0,0
71,0,兵庫県,18.970289764024077,142.1366424538341,61.58798522755272,39.11347759586382,4.4520892758432815,0,89.66513561324531,5.9177466910842424,0,1
67,0,青森県,24.673111569401016,136.63037257267175,82.40202311551637,41.593537631289294,47.63248725165414,0,81.19560903322625,10.0,0,0
51,1,東京都,24.51919372884859,107.45562467610188,83.72170203101601,55.99474675508808,20.216041115797136,0,89.17291481286755,10.0,0,0
47,1,北海道,27.102086805574878,120.46856452311265,82.08905664287927,41.52268160167889,35.0875838454739,0,93.50277777187341,0.5059634687374902,1,0
60,0,兵庫県,34.05288263685859,136.42336828892925,121.66397200295287,44.985715147353766,10.343848667526586,0,106.94285895564677,6.127851638376572,1,0
40,0,福島県,22.762614989143298,127.15189503441357,61.694504079741634,41.35397717810231,13.047981236234147,1,107.8898841131365,10.0,0,0
70,0,兵庫県,26.999748183048066,99.97730246450637,102.36902607185306,41.524661179257876,9.743965994119927,1,94.29917401592233,0.9975158710366732,1,0
42,0,兵庫県,21.243654021629716,122.87008876321067,79.89470299373727,41.44647608908365,5.947901575465827,1,91.34831112717842,10.0,0,0
55,0,宮崎県,22.35487327526132,143.03189534032813,107.46236037229046,41.11413616305415,9.055688988076929,0,96.14800674166229,10.0,0,0
48,1,香川県,20.27644521474493,126.83090733768604,43.67640373806068,55.68215661171669,14.039167335967353,1,86.66394732393202,10.0,0,0
68,1,兵庫県,17.957111407077317,127.99418683524637,64.01904664616025,62.818772039470346,8.517858948786605,0,91.3159549299146,10.0,0,0
46,1,東京都,21.202666908426924,136.42923477999196,33.242817572501025,45.61457160425225,22.650641799853027,1,99.32317922895228,10.0,0,0
53,0,北海道,28.866848814802612,140.22876860224002,370.03614381732604,62.14849115982204,94.28585777127618,0,111.86204159234933,10.0,0,0
66,1,千葉県,20.357711162524527,135.19630243873507,105.64590405345663,41.93664298231699,5.677321520816653,0,109.56228252254883,10.0,0,0
52,0,兵庫県,28.124316607888577,139.48297128928803,84.3450938549012,40.94396112725374,12.650985019379178,0,93.53408632072127,1.7940901934439328,1,0
50,0,新潟県,25.10675357490801,102.13734376279882,63.14267976289644,47.17063964432719,25.05278190950798,0,72.46624898652502,10.0,0,0
52,0,神奈川県,23.51594064030275,107.97498003142162,103.29181712742763,55.546219209268315,35.088531361509645,0,72.49935199177874,10.0,0,0
51,0,埼玉県,20.10260608255541,121.4424311227763,74.39807221213734,32.090527058930576,7.363954362128577,0,72.98912085321645,10.0,0,0
40,1,愛媛県,24.42911014938141,128.22739152962328,39.801997997506476,51.15411796710104,38.91467290466336,0,85.27800053974782,10.0,0,0
50,1,兵庫県,20.414281704837176,123.15926991228582,58.34784252122555,53.62863695545151,7.481548663027299,0,97.32387885465761,10.0,0,0
54,0,兵庫県,19.681707556058466,124.73721963320625,82.06204025280593,62.43796591841876,9.476180797208809,1,83.5385904906795,10.0,0,0
48,0,滋賀県,25.7777221827933,115.06081781889495,132.49437763828172,63.13634489253631,17.958332937867002,0,81.4626831978235,10.0,0,0
52,0,青森県,18.35609547850348,77.16575383024166,77.2001448054875,47.86587978679611,14.615325746406725,0,84.01939084104838,10.0,0,0
69,1,福岡県,21.948130597187397,108.88125737968572,84.25385838209648,42.61467820159094,9.917682047244027,1,99.82709682389354,10.0,0,0
74,1,兵庫県,21.69704910908586,172.8862272213144,298.3161805071439,41.62548054503076,14.301491834723825,0,119.3511447246034,0.504546659146465,1,0
56,0,新潟県,22.396779892435553,154.3664173601465,376.9539607886618,41.62475989304044,54.7767181082643,1,96.2217893455755,10.0,0,0
40,1,兵庫県,24.356463158764733,139.4840380051021,128.51759210010496,46.144974466403376,9.911679225968802,0,81.41988314357584,10.0,0,0
74,0,東京都,22.28676947227974,136.5007638644944,18.289148216756715,40.9736536970211,4.101548525279204,1,84.86541446263846,10.0,0,0
59,1,兵庫県,24.32736819061042,142.4469507603587,41.780471708422645,41.337806430613135,4.0889821190002165,0,93.51498334307303,10.0,0,0
46,1,兵庫県,21.918817355035145,104.68023481652604,44.89436949847869,41.36060637299259,9.105507419642716,0,89.17229928234279,10.0,0,0
74,0,神奈川県,11.706331611643774,107.24395747220544,29.344998552030777,41.625707216925754,9.341532658491714,0,99.0350684813641,7.38084548216673,1,0
53,0,兵庫県,25.744647036767823,129.90936052887878,61.61372619191231,40.95084557494273,5.6892362241771695,0,85.70684075186401,10.0,0,0
60,1,東京都,21.68778485551637,131.158492873444,43.52375459382939,48.81110324135646,12.148189829313825,0,98.55317343605022,10.0,0,0
50,0,東京都,24.60416063656485,128.17304790440866,52.887377741393976,39.175079294776275,8.402683570471034,0,73.08737765566053,10.0,0,0
70,1,兵庫県,21.538746051290445,128.10974478994996,90.60754690471944,53.70724143091319,27.34160626888903,0,120.48835599926653,3.049995284768551,0,1
50,0,兵庫県,28.44319920446734,175.27910837252554,98.46938089849228,59.41122073252251,53.406769563478285,0,112.57008388851884,10.0,0,0
44,1,兵庫県,21.761287286020053,107.83865907903755,325.22534146976216,41.74346820359575,21.102983104439474,0,101.61695392856561,10.0,0,0
72,1,和歌山県,13.969671805383635,128.22497741982457,82.62335533909811,52.06982280489504,7.541629718245079,1,91.65526367358318,2.5679946975601933,0,1
58,0,和歌山県,18.15774921646552,101.58870980648742,72.3011415234501,43.288970504595035,7.818859241218077,0,73.62268034687332,10.0,0,0
49,0,静岡県,28.12158795759309,137.16640571921485,78.90889820519995,47.991347549009866,15.642722491543752,0,95.26010527016048,10.0,0,0
60,0,神奈川県,23.816262606178892,128.44932617155465,93.21757672730173,41.22044361000725,14.186706368423756,0,89.01402494449057,10.0,0,0
66,1,愛知県,22.355117356898393,102.75696082135887,58.15183418757921,40.23566640856324,8.62276528025117,0,70.32118870022971,10.0,0,0
55,1,群馬県,24.345664362210403,146.0809894195839,102.25970098203877,41.38500179177995,20.178766600489514,0,107.7007060396862,10.0,0,0
45,0,兵庫県,25.10820128020499,132.909488822322,129.53094119883863,46.75625757953623,59.501650924641986,0,81.34727707910707,10.0,0,0
72,1,宮崎県,24.378960801061535,148.69437832585268,188.25934051657143,42.92126014138811,20.81264549973575,0,99.86213547088622,10.0,0,0
49,1,東京都,18.822134422613168,108.43751800663509,188.52585863624293,41.01012218603163,12.186766230051006,1,80.16444241489535,10.0,0,0
48,1,山口県,24.796140477038588,144.06786012787967,85.55778262235307,41.58323903556474,19.9152637528267,0,93.73837047796887,4.917249374615168,1,0
41,0,福岡県,25.38139844416092,114.00254724421163,50.96301685140868,37.38940179411815,16.325093206496664,0,60.87321732860062,10.0,0,0
40,1,三重県,19.954218673757467,123.41801534285912,116.94327346861517,41.60703484335146,3.6450722302139043,0,81.22102787990059,10.0,0,0
45,1,兵庫県,22.08502615378231,117.297839057381,76.85780399404217,41.58226446619917,23.17380966100766,0,59.901305628909206,10.0,0,0
68,1,栃木県,29.888354800584242,164.67603996418805,189.25970503378926,46.13228690971131,14.198422500878394,0,122.32349919083649,10.0,0,0
48,0,兵庫県,19.35537205562983,82.81695200717533,62.6796347653441,40.65095954371562,1.7055843827525516,0,77.79856245621404,10.0,0,0
49,0,福岡県,32.855648929182685,141.90777324873284,220.37525117790355,59.93024572143977,13.107173471226846,0,85.25888836038654,10.0,0,0
47,1,兵庫県,19.602256423144055,95.25820033783208,49.18524248457735,40.59485037287563,3.4724195616387914,0,80.64237392680403,10.0,0,0
55,0,大阪府,28.428838064626994,125.89591888968965,86.95023323261279,60.137349204494285,37.51858691087457,0,123.29472818452092,10.0,0,0
42,0,山口県,23.939410525319985,127.41142025165111,139.62455193099063,41.95262353317157,8.818969060186364,0,91.85838502485387,10.0,0,0
42,1,高知県,20.772065940750057,125.61141147670912,68.06870215182015,41.50695752562965,10.927088448772771,0,93.77033216436799,10.0,0,0
48,0,兵庫県,27.186773040235217,120.16227443996499,88.89345235964127,41.61460722842735,53.49100080697455,0,105.4039319583043,10.0,0,0
73,0,埼玉県,20.742944310247577,142.78851828750007,39.7711893703974,41.53119052943718,4.069264141151224,1,90.884608679142,10.0,0,0
62,0,奈良県,10.420930940831347,114.0542321365223,45.704500118916556,41.25787027814777,3.075622326573538,0,92.64259424831246,10.0,0,0
55,1,長野県,23.87468003922661,122.07829120932755,73.3023084929481,55.69242977429539,22.03083048428791,0,113.7679067464831,10.0,0,0
47,0,福岡県,23.94382199048173,141.98869513659452,125.50779602947745,41.3177935731709,15.570041904640268,0,124.98561193889627,10.0,0,0
59,1,山口県,20.523870825403247,123.03362700370975,46.11431659090383,52.723097628137324,2.9422005175064125,1,105.23968751559178,10.0,0,0
52,1,兵庫県,24.851640862122164,139.00487547289774,208.19840629719937,66.82215216863202,87.43443841757278,0,106.85850038195453,10.0,0,0
43,0,兵庫県,16.39440484134283,95.01868139168745,86.0955729801026,63.45603619323491,28.66735511604406,0,111.80645252817885,10.0,0,0
71,0,愛知県,26.4275835374283,125.03295962963806,69.93192460602957,41.909873310553145,5.624683910732521,0,110.97235087226206,10.0,0,0
63,0,群馬県,18.087772394314715,111.7544392867628,141.43483721393864,59.96558844667279,7.196837857058072,0,76.38859929465202,10.0,0,0
74,1,兵庫県,23.479930513705323,128.8615081301856,213.83941841937587,41.211935233919334,18.969643677963298,0,103.05744564556491,2.838467128164302,1,0
51,0,青森県,23.6371220036895,124.64875585128671,203.44810373525385,51.087618992275935,6.096375356948192,1,84.91679445066755,10.0,0,0
40,1,愛知県,14.165653635405745,106.20269986948938,33.815976905939166,42.652891318996936,3.7652725606653243,0,66.75668653059395,10.0,0,0
43,1,兵庫県,23.225428400506345,101.01647718797805,109.50593917878582,41.90487500728728,6.585563990871916,1,78.3289616714918,10.0,0,0
50,0,岩手県,24.148043536112166,105.87723950146125,68.11733168229559,41.59147115592609,15.330224151851143,0,96.3211344463527,10.0,0,0
48,0,福岡県,23.956751329932242,166.5753472405755,88.06122900801415,48.301650743042245,15.670949969922876,0,93.12695084548602,10.0,0,0
58,0,千葉県,26.40683847647946,92.37355811935191,94.91027621325298,41.049838127227666,16.819623713111646,0,72.46749060920094,10.0,0,0
42,0,兵庫県,22.39326112718363,110.15745126507143,93.56496151800407,42.07699396254255,14.811601703730615,0,77.38426794996154,10.0,0,0
67,0,茨城県,12.059479957841665,131.6780789577157,35.011330732027155,40.622631408720615,3.753790264439154,0,104.78269437116352,5.165210885761579,1,0
66,0,兵庫県,20.458805111433293,127.88757169016746,48.11450648424495,58.758189610149984,11.735428406766738,0,70.62255310626537,10.0,0,0
58,1,東京都,25.8198798904951,151.92725306177465,111.99927975625654,63.668775987148244,25.388226577305247,0,64.08001603771683,10.0,0,0
58,1,沖縄県,26.151828642244954,110.6696973147019,160.32723637741046,40.99883030221321,32.59795069239804,0,102.8956681259333,10.0,0,0
45,0,長野県,22.399695048721018,120.9347538815934,117.2353204862385,42.22577030154235,16.170703012123077,0,85.88659685285181,10.0,0,0
55,1,神奈川県,25.400405376958364,105.8713001165041,265.93906734160873,40.94365702369053,7.364948575742875,0,65.26492280412981,10.0,0,0
51,0,兵庫県,17.385886434389505,82.8921739345627,70.22280790695801,46.8071608575488,6.093521597689774,0,61.70587367393194,10.0,0,0
55,0,滋賀県,23.72721286073123,161.28579788921417,94.16757568672124,41.666256834122315,13.710465835637985,1,101.59939823725848,10.0,0,0
42,1,兵庫県,27.78218226373038,128.23495423045776,48.439681107579,51.133303264108136,18.14485472310204,0,84.4655859571876,10.0,0,0
66,1,兵庫県,26.489036183946823,133.9410207319476,164.67911944830846,44.71774823728769,7.326552353553824,0,94.15492126234531,10.0,0,0
44,0,兵庫県,30.4169116757601,100.09036173856673,262.11686860096256,51.28321724348384,81.64902531487459,0,91.39600017506409,10.0,0,0
52,1,兵庫県,22.8395417831274,138.6624640269096,115.62441510289354,41.001598257320914,14.138366348683718,0,97.0823146070964,10.0,0,0
47,1,東京都,19.422069650272483,110.01731293853415,103.50873210050725,42.141338003071645,6.395535163071684,1,98.64667731189246,10.0,0,0
51,1,福岡県,21.240577266106264,123.03856043575826,91.67699107482635,39.59032678532713,12.645791861136871,0,57.477132258344746,10.0,0,0
65,0,兵庫県,21.195859494897878,121.9102552043223,365.205685669918,41.12877881648415,15.734178740573974,0,110.724961568951,10.0,0,0
68,1,千葉県,23.525397165184028,107.48713366921632,42.10300264272037,57.789303109148165,12.69916817574882,1,82.5535009822423,5.678342201454629,0,1
60,1,愛媛県,21.933735968496965,109.56942371425879,59.62556696342983,50.83402723577679,3.4661670180817064,1,102.34849183547495,8.831273668497431,0,1
70,0,大阪府,18.778161317800155,128.86149409829866,90.10225153191215,40.57862502281276,24.910963079669113,0,100.59670583277371,10.0,0,0
44,0,栃木県,18.69428277345789,139.75317589098358,78.56571971678386,41.50510045562874,12.3459002094581,0,78.36230990754902,10.0,0,0
43,0,兵庫県,23.848183866773898,107.88023809864595,64.16074850944702,41.75156473044831,18.003324298945863,1,78.79303605025974,10.0,0,0
51,1,福岡県,23.756229449717935,110.88712128685303,99.4497792452101,42.609880003164655,6.7874049320131125,0,96.03642521912654,10.0,0,0
69,1,奈良県,17.288408257611028,111.08662948676483,14.808945001236744,40.78661618386388,0.8885176270078811,0,64.69358065973542,10.0,0,0
49,1,長崎県,26.479991400437964,125.54853619072681,74.60745778520833,46.59341674558615,17.547949718471017,0,95.32210429178889,10.0,0,0
59,1,兵庫県,22.737475689032184,136.6291794747333,67.17337304315822,51.324874170211004,45.01444834245478,0,102.15735233017553,10.0,0,0
64,0,秋田県,25.05915886498104,129.93330328340676,226.60575066678197,40.70966707015359,20.815997042149878,0,116.08967360811613,5.748131696411781,1,0
63,0,兵庫県,26.224772175513568,135.25277693023816,82.76256041068031,40.27506335106539,23.517981882208197,0,101.21735931475203,10.0,0,0
48,1,熊本県,21.659283620182876,113.69294811286909,40.28648655395593,42.52413763805274,10.266497152173901,0,81.17449573950883,10.0,0,0
47,1,兵庫県,25.529337915955146,136.52460003508858,80.42117715058606,41.53955454566988,7.695072616226992,1,79.42735274237376,10.0,0,0
70,1,愛知県,21.204418437911503,99.56307589127167,132.60733157297062,36.527163860679785,17.285743742166265,0,97.98660804460663,10.0,0,0
48,1,兵庫県,25.65338737593306,148.72715300310134,227.72082378465174,50.52403101008139,22.375654060486337,0,84.06969948181566,1.7713269010636448,0,1
65,0,北海道,23.317292125515834,143.00527195748154,42.49990324141311,52.24645295598359,2.7733522623710907,0,81.82806533352345,10.0,0,0
52,1,東京都,27.330330676118745,145.9447584869246,91.70241812699075,42.472175540842485,51.80447696336673,0,64.22617575753615,10.0,0,0
58,0,広島県,19.753823332515996,109.9026522245635,37.53463928064612,55.90805668091712,4.392651960236927,0,107.70566057665934,10.0,0,0
47,0,兵庫県,25.749443133766288,124.31771087762104,207.11313961953496,43.440330417890266,34.749723461837775,0,90.7150548849576,10.0,0,0
65,1,福岡県,25.255677894566375,147.47390510296287,170.18348764924622,60.58859407545066,33.51008644980139,1,76.21267163903707,10.0,0,0
69,0,三重県,23.88772736359449,128.51031736888817,59.02641853970417,41.44843333545547,5.135479414867994,0,74.67714134785754,6.191775440808295,0,1
45,1,山形県,28.477136384541122,135.0979567485911,194.6946725675194,46.80736476806344,67.23806460905617,0,82.12364991530042,1.3790163266367794,0,1
45,0,新潟県,18.124911670300904,114.2950110892239,54.456980320389896,53.06554742912874,14.516168449565322,0,106.43303558127337,10.0,0,0
63,1,福岡県,24.172193250164398,139.3426621418075,115.03818649120096,48.213364479203115,22.78263615038326,0,101.65211346747742,10.0,0,0
51,0,広島県,25.20570828287097,111.55322702668192,108.55965236182075,41.030172346038114,22.587017781176986,0,89.02364327425693,10.0,0,0
54,0,兵庫県,20.205018148429296,97.2512637358013,84.23013263313364,56.36678351346217,10.471524226273939,1,83.18328336470655,10.0,0,0
62,0,静岡県,24.912142560825657,142.005749641802,70.92348385122642,41.1287186410848,11.034626115867194,0,101.9831662292114,10.0,0,0
70,1,兵庫県,21.95680002740587,135.23463612045248,88.27984434133977,41.849351708973515,3.8222870932601625,0,86.95953280373193,10.0,0,0
65,1,北海道,23.951628035096682,157.28038201301797,52.65114867260622,59.25382189647153,7.268699229139891,1,99.07758724469717,3.332483217657168,0,1
65,1,東京都,24.208956494983372,114.92346104464427,100.9446114830939,41.054622616883805,13.409718093840599,0,103.53329176993905,0.2540914901986025,1,0
43,1,沖縄県,24.791950862369866,119.95987196242724,56.22459818374581,41.2898154904675,16.50875520636707,1,80.87611338682956,10.0,0,0
53,0,千葉県,27.157362070408492,115.21839530193978,49.56159813827067,60.53618531911458,9.802318813881977,0,77.96787345554336,10.0,0,0
64,0,愛知県,20.489576873616066,110.06660589286057,32.341467559862416,61.70325674422617,9.54277145484683,0,83.18523965637763,10.0,0,0
55,0,兵庫県,26.558048977851428,149.89321707684394,83.70637001710955,42.02932209911536,38.92850109521113,1,82.36185579352605,10.0,0,0
43,0,兵庫県,32.847014223259954,129.73994718183397,75.35282287463323,40.70601221047362,8.622972061661889,0,87.70004800515053,10.0,0,0
54,0,愛知県,19.61163608915087,104.28776844971311,21.14220016939443,42.286925846267614,44.823364107011784,1,72.46028953679931,10.0,0,0
44,0,熊本県,17.884919771340286,130.31001307121264,31.950341331823832,57.88605325302987,12.670160527771836,0,103.52968606640957,10.0,0,0
40,1,東京都,24.697906645334744,125.59479162391257,51.70956209956213,40.155124179998595,30.61693393253367,0,92.12328365625754,10.0,0,0
53,0,栃木県,22.882462529923085,127.72204120247224,52.808203989772494,62.42278093119461,67.06929233755012,0,89.17576600446911,10.0,0,0
66,0,兵庫県,19.07983596251299,114.33800929198756,37.22350873783047,41.44569010150727,1.5179691583044241,0,110.0580704529627,10.0,0,0
57,0,兵庫県,23.040308296440404,139.80099957202083,89.66023294010378,40.983468536352646,56.95000154692968,0,92.9906247460166,10.0,0,0
54,0,神奈川県,30.42613243364809,110.0952746635337,219.47590569897193,40.578278923919,20.47747186555478,0,70.48104834093749,2.638417735990149,1,0
54,0,兵庫県,22.343566239772326,141.1036086621542,32.88341081971774,45.11068149796957,11.639995430396215,1,70.04826962826624,10.0,0,0
45,1,長野県,21.790223860004755,129.12833054058598,29.35046932739185,41.29574129664682,10.688990012604277,0,64.70820374379011,10.0,0,0
49,1,北海道,23.247844615672395,113.85944608869806,200.00270553005498,36.56301936178899,25.537608474845605,0,93.12658232961132,10.0,0,0
51,1,兵庫県,25.25489597651957,110.66356533250456,219.72772921698456,55.698719452615066,12.11489953454159,0,72.9758748333807,10.0,0,0
50,1,兵庫県,20.434997477588837,110.63261027006986,100.19867158823546,57.541062401477056,12.146833985944419,1,101.19798990009154,10.0,0,0
69,0,栃木県,22.98669050492327,112.36646974943534,98.67624509646764,41.300001956356176,4.385403869318471,1,100.88169097218332,8.833807243342715,0,1
44,1,大阪府,17.00921734980045,105.38039917261621,42.2001231250629,73.41782932395256,15.598103229355866,0,70.57463311918931,10.0,0,0
52,0,鹿児島県,17.279380210611702,112.14710704522071,98.10565477649575,51.15164217534419,4.406721038537897,1,71.36473739932991,10.0,0,0
63,1,兵庫県,17.54238537448248,133.75894306700675,23.944967271786354,62.14737671930538,4.228907557740315,0,105.76827653092938,10.0,0,0
60,0,兵庫県,25.822550745952668,110.35752434896621,67.5633580774423,50.863901290723746,25.66566466003824,0,110.08088975637061,10.0,0,0
50,1,神奈川県,23.24774928461865,115.29035927071203,43.765677492184246,42.07607583901174,23.737068196870396,1,84.1587888917848,10.0,0,0
54,1,東京都,24.986890839496354,108.75217613502329,54.568268795675834,41.67936496570506,17.9034191328934,0,91.11660340889283,10.0,0,0
74,0,北海道,19.619662613123776,113.96763435264143,74.03838224553951,51.90455796385219,29.72949284537877,0,103.59418659171787,10.0,0,0
51,0,兵庫県,23.711906181474177,128.51482983974137,168.8565659041235,41.629031625103714,101.98952906677832,1,114.40529654158473,10.0,0,0
49,0,神奈川県,27.23902706477466,110.16626922284209,117.28293074672769,41.32755252010326,14.221280523627174,1,87.97218845310799,10.0,0,0
43,0,佐賀県,22.35416016042719,124.5881283595379,170.19061692828072,41.62463445196711,46.07389135583991,0,91.10851656047093,10.0,0,0
41,1,兵庫県,17.99786906262591,126.4445366372478,20.818950190213613,57.18362234362088,4.246927424088438,0,74.74481741836836,10.0,0,0
45,1,宮崎県,25.200291207145685,129.13133992710976,38.620234086544876,37.686211385948035,63.25883956432857,0,79.72702055212302,10.0,0,0
69,1,京都府,23.27227505270291,92.29245638827531,62.200041693977866,49.90229538357906,67.59110689856121,1,93.85494769789334,10.0,0,0
43,1,宮崎県,18.227872482152968,109.62119327367553,70.25456348419218,41.59887014488994,5.77575456663178,0,101.61758499667884,10.0,0,0
53,1,兵庫県,20.194460195719532,136.63853417651825,17.029210648515903,60.50080839695358,27.33753221982556,0,96.1778428243256,10.0,0,0
73,1,愛媛県,22.309666249576033,142.43224338408706,69.46805471458663,49.12868372065275,53.432105767050075,0,96.76421492701017,10.0,0,0
40,0,兵庫県,18.259845157884044,132.3538207347513,53.206672863957195,57.56553447801775,28.364388422200957,0,85.95367334211606,10.0,0,0
60,1,東京都,21.050855918145164,157.2271171004898,53.20880462472045,51.32603761065537,7.144589616819868,1,84.79063674980073,10.0,0,0
51,0,長野県,19.011050485000574,117.87756669286901,38.63193292910786,46.143873233297654,5.783938255419077,0,76.25994557711985,10.0,0,0
66,0,兵庫県,22.727255374525015,127.00133913943559,35.4265398191087,46.40396981791167,34.7104418561856,0,103.1320285265541,10.0,0,0
61,1,石川県,21.643786926360665,130.96698832232522,85.6275952754687,40.77831823916281,9.033287962128258,0,94.45856971107652,9.502475757011595,0,1
67,0,大阪府,17.803862354680774,100.09063925817354,34.46018087952756,53.83934422311238,1.9924897096031438,0,100.70648640673197,10.0,0,0
71,0,福岡県,28.734696070429177,138.16955054860136,100.04253143559198,40.604580381067024,19.117158000017387,1,82.14387792627234,10.0,0,0
46,0,京都府,27.54894026617888,108.07921556993226,125.3898206124542,39.63058273629997,15.48643734551929,0,83.34475236348929,10.0,0,0
69,1,栃木県,18.537201651286217,143.17660874701934,108.98862908139496,42.64751357285747,15.160570832548084,1,100.88864051594835,0.9946163599239032,1,0
48,1,兵庫県,23.139964440828525,106.17141175125022,90.33505542151957,41.89324920111171,9.909757617717776,0,80.65129536475139,10.0,0,0
49,0,兵庫県,21.46488291802503,130.93715522697434,67.18481250582603,40.81602752120636,30.044462395623146,1,85.57636725306915,10.0,0,0
41,1,兵庫県,27.911660601199568,121.85762555661859,97.43357717240144,62.38446197025247,18.766001412253495,0,84.60767832847439,10.0,0,0
62,0,愛知県,22.082678578119495,146.4145274009708,76.63539827984393,54.97661431228234,13.116670242408627,0,80.8305519104827,10.0,0,0
44,0,東京都,25.660185606930526,146.21871246280102,93.88670967959523,42.716959164435636,10.516017101568442,0,96.30805243365852,10.0,0,0
55,1,兵庫県,19.532524781725172,124.6309551912332,84.20140288007481,40.8302996238941,1.9187580215452973,0,87.40067970595585,7.732109987275765,0,1
45,1,山形県,10.957715403684396,71.49831107594906,61.639541371592315,41.47804501468819,3.4699191905572593,0,73.6194215482457,10.0,0,0
69,1,兵庫県,18.334033938641436,129.87222018059288,56.097143890698455,45.34146520764174,13.062916484549232,1,105.40463223759392,10.0,0,0
44,0,愛知県,21.733211185877977,139.86717246134685,43.317733070322966,41.98779161073152,4.346281101320196,1,101.13184170980315,10.0,0,0
40,1,千葉県,24.943612850767916,127.11905047294351,44.931952960138275,41.59359298206286,11.294915371870733,0,79.72446858025417,10.0,0,0
59,1,大阪府,23.50363983814505,126.82704574948168,34.411528204293276,41.818796036937854,29.76386217418999,0,88.1472776622909,10.0,0,0
47,1,東京都,27.88688945833615,164.61153164622198,271.914336608693,62.88274069622868,20.679196176704586,0,95.07903778861194,10.0,0,0
43,0,東京都,29.266748699931544,141.19651236030504,41.78781158954552,49.955645905637866,30.981380969516856,0,84.14003066174354,10.0,0,0
54,1,兵庫県,24.1180114631576,112.78252348960896,46.3602977018953,57.49544196380998,5.028510640945518,0,83.4734241000464,2.9186519046024384,0,1
66,1,兵庫県,22.027902600366133,150.70559669347506,112.04270423402475,41.80934947856373,32.09929401453719,1,87.13423425415351,10.0,0,0
41,1,青森県,22.017724026880767,103.21044063481801,53.23544645037264,51.134745065231876,14.625769992446111,1,77.41962601344517,10.0,0,0
43,0,兵庫県,21.918999526693607,135.55721009368412,36.045176711614864,44.59421074814578,14.709204941571523,0,91.19373613063635,10.0,0,0
48,1,福岡県,25.573144379101596,110.63667046696786,43.191073968415076,53.408214173907886,31.43187581684344,0,110.99783771798661,0.9616352324268626,1,0
51,1,三重県,24.130884934141324,133.35221201441922,34.18226505327989,40.61912130184627,6.864252149957631,0,96.3362823358313,10.0,0,0
49,1,福井県,23.355878906494734,144.43385476386155,96.56896674748707,41.7681419379666,48.61156002259152,0,97.58983065765568,10.0,0,0
65,1,神奈川県,16.380427260198704,135.1738168581736,38.97681281241925,63.36177034062486,7.693949867051237,0,95.22827291562952,10.0,0,0
45,1,兵庫県,26.354516012515635,138.84671190681178,18.446265276415986,66.4719267320003,5.4321972590948615,0,116.55324213731495,10.0,0,0
70,0,千葉県,24.02538369284701,124.41605145454723,75.31311759768532,41.337822783226144,33.99230686184639,0,110.45499449318338,10.0,0,0
73,0,大阪府,28.749341769340184,138.27680937843576,153.0935118293342,44.16214237013029,30.965186044809613,0,107.94461589341478,10.0,0,0
70,0,福岡県,13.150972989510304,97.14657630971317,114.47897505760926,40.72640763665626,2.36596161204472,0,68.28263308609739,10.0,0,0
55,1,埼玉県,27.72846264982626,114.31275877041786,118.95256137810088,41.58877031270834,27.139267307166406,1,124.13886623150971,10.0,0,0
51,0,大阪府,25.806818969288443,135.31237181894554,122.78877323896867,41.405899189341525,15.193181155536871,0,120.61803865446558,10.0,0,0
66,1,石川県,22.882297018972935,153.440812539863,194.6529069147407,40.95212572265636,43.000452898823504,0,107.87413190149586,10.0,0,0
54,1,埼玉県,22.633401479988734,135.21508884026701,94.79409981541384,45.27456234873312,37.13735938533041,0,81.6658184707876,10.0,0,0
51,0,岩手県,24.79529150840565,124.71789860622214,36.681274513677565,43.2994538272953,27.487490466765973,1,65.74557649312742,10.0,0,0
66,1,富山県,23.84356391791224,149.35200964976156,85.99049443706741,41.756748875448174,21.01389571895689,0,67.90648176659143,10.0,0,0
52,0,茨城県,26.7606717174768,106.4341612395385,18.420521883613183,41.19255851751861,5.204892219166689,1,84.77580714177995,10.0,0,0
74,0,奈良県,23.89377733103422,164.40877155877234,129.19949956983118,53.74818920953577,13.408874186158318,0,125.0,10.0,0,0
64,1,兵庫県,23.466181499847284,147.92603134924883,119.51328813876275,58.84969023836985,46.91656137677286,0,69.70568747160868,10.0,0,0
62,0,兵庫県,21.541571168479937,128.2115229584682,105.28846944651114,46.1073406498244,15.354954756096623,0,87.25032684285853,4.242380551960775,1,0
56,0,兵庫県,20.69123363869471,127.75210269809163,65.5809812614241,45.09454061815922,9.305573725572867,0,112.83654049134518,10.0,0,0
61,0,兵庫県,24.056773266722296,129.04776194074583,60.9721650937531,46.80723860811156,4.393382898928269,1,110.00508283491904,10.0,0,0
51,1,兵庫県,25.046104132747175,156.6237252371845,86.23367388821443,41.748057854441846,9.327191016624276,0,79.8612895985765,10.0,0,0
52,1,兵庫県,27.71252502484994,133.22798253005374,161.64373608708863,55.72904584530129,28.654370180791048,1,96.79894055885072,10.0,0,0
58,1,福岡県,20.193531863941672,104.75793712916136,74.52923536573886,41.08832383909437,4.69455231416832,0,60.212293308386535,10.0,0,0
60,1,群馬県,17.264910833656227,96.71556890143268,53.29656886541909,66.31269025592984,9.625906416576017,1,80.6015691033942,10.0,0,0
71,1,兵庫県,24.404547501200643,113.22201216207488,53.20619915686567,42.05068817719855,20.47943270454675,0,87.4242818221819,10.0,0,0
72,1,兵庫県,22.26926801148755,109.88717308506074,52.47677743200567,41.629700165490945,3.466267509255231,0,100.3334483314299,6.350108045065461,0,1
55,1,愛知県,23.718625186252073,150.91197840810574,80.93602482931993,57.439897906438674,16.505866692102334,0,116.97069248808992,8.050498132728677,1,0
71,1,石川県,26.48420063811353,129.70826205557134,85.5900550893677,40.5373678010965,4.38607160529691,1,99.70029035789368,10.0,0,0
72,1,福岡県,22.75504155270072,140.82874295642665,159.68853464843505,62.1483422325074,111.32118633866237,0,115.90510142648581,3.362652967199185,1,0
70,0,埼玉県,24.557598638683796,128.20564417239913,118.89841632415497,41.360843639231796,13.074859892818381,0,109.11432765239283,3.515442694634236,1,0
40,0,静岡県,27.713830359387753,98.09081308794526,63.5952733412931,44.98024311589792,77.54979632606182,0,87.90198383608676,10.0,0,0
43,0,熊本県,24.308538994314166,132.22441863334154,96.55959648070649,42.89983277648394,77.98187905202388,1,69.61042438193778,10.0,0,0
54,0,兵庫県,19.23772484337949,140.17952521595015,85.26808719226563,52.52321785955175,1.2741881400529447,0,96.169912496325,2.4306961468873576,0,1
52,1,鳥取県,22.272455437572926,121.47787833667692,25.75675664545582,53.53484036118921,10.667714211513424,0,96.2047229478361,10.0,0,0
44,1,山形県,28.12070595649534,144.77124896521968,101.62891307376454,41.2807875334385,5.81822743275545,1,105.49204643005869,10.0,0,0
43,1,兵庫県,21.33393997039013,103.2297286001678,81.71057266507965,43.304731290891155,6.363500226177146,0,99.6951159507305,10.0,0,0
57,1,福岡県,19.67868339829913,108.41103180555696,14.736822707004174,56.48274284701875,10.861891940759737,0,70.05500917198552,10.0,0,0
51,1,埼玉県,24.242858934603603,118.79759856246791,87.65640815428485,41.013632754469455,6.85720392954578,0,84.09861177125192,10.0,0,0
44,0,兵庫県,23.908891972543152,85.72413513072196,109.6428802173221,41.17119256686616,8.66950231763051,0,80.28601182520411,10.0,0,0
42,0,兵庫県,21.19779176393966,120.47724304189165,18.698791691033954,41.74588760931879,17.272278067198133,0,85.0987776317455,10.0,0,0
73,0,東京都,19.80804367545233,153.7581161367072,56.93617235475887,41.74661248252982,3.000282731631031,0,108.24806850084069,10.0,0,0
43,1,山梨県,21.152202994070965,111.92176054914465,81.96295397587286,42.34481253895903,4.046082252880228,0,100.67496500732864,8.764204278241289,1,0
50,0,東京都,18.169346362241217,74.09330720869669,117.76377933754483,41.2015984122341,17.40347135593509,0,77.79524535817026,10.0,0,0
54,1,兵庫県,24.359340062296244,128.5130339484693,54.4553987584091,42.29219159476828,23.793940022534343,0,99.82876717382786,10.0,0,0
42,1,滋賀県,29.31274079798632,152.4207469302554,95.66557553185508,41.69533114756609,78.60491764041556,0,117.57216020633007,10.0,0,0
56,1,山口県,22.15957455305474,112.62691406220677,49.75181953677763,60.81121717575415,18.15462844577855,0,122.60327904495973,10.0,0,0
60,1,兵庫県,20.144092479888833,144.77962678801597,18.59427018540795,74.95218015646552,7.325650650694165,0,85.70269736836002,10.0,0,0
51,1,兵庫県,23.266409113951788,142.8681353638605,98.15777631012016,40.36192739035046,15.392759329478109,0,83.52223624999048,10.0,0,0
60,0,兵庫県,19.709128033676738,134.82444953813817,88.8231636074175,40.99849267479184,4.41919772401175,0,71.61262179275494,1.0271918408678153,1,0
69,0,福島県,21.498310120332867,98.57441019640022,36.585753005706415,42.17641613381224,8.710338514324715,0,61.61128891203941,10.0,0,0
46,0,山形県,25.122902214459515,123.96033034143043,92.14614848270081,61.3088706653741,9.700228521992267,0,120.24186119821002,8.535538071258745,1,0
48,1,東京都,26.584282474510413,136.67126366513008,125.29532442378077,55.601232384260165,34.44986867240576,0,124.35222854206367,10.0,0,0
63,0,長崎県,20.713666396431456,92.36720547265539,102.33372704565379,43.10098985405288,7.579380652405677,0,117.53571308299732,10.0,0,0
43,1,奈良県,21.97232379499172,96.244293937758,171.32672526102166,40.988522301320586,25.73274357784018,0,91.30167466604111,10.0,0,0
46,0,沖縄県,25.778837058347992,126.10743727109384,34.50773348469102,41.25144042774582,10.836417957207905,1,76.68024538865103,10.0,0,0
74,0,兵庫県,25.040526326592175,128.0519124981436,102.09825481225812,48.96730719508697,21.17218239092774,1,73.03323697057515,10.0,0,0
54,1,東京都,18.071831216642057,144.82231178046882,39.76431126855453,62.148089026186994,2.941541838381423,0,99.93596928238931,10.0,0,0
44,0,新潟県,14.787361074207814,122.35772800262542,15.197397842506682,61.730938448142645,4.3856296719864485,0,68.54663893063596,10.0,0,0
63,1,兵庫県,24.775212477580563,108.74043106322912,159.62274480566302,48.397810883189784,101.04071860151197,0,92.12734678625804,10.0,0,0
46,1,鹿児島県,23.889975481858663,103.62436678307586,52.646872677707876,47.145807946067784,18.857777368332595,0,65.43312954194805,10.0,0,0
43,0,兵庫県,26.617891215858045,106.19725272206773,64.32777521288494,41.34522638185311,14.27532824571755,1,88.42859334630539,10.0,0,0
54,0,鹿児島県,28.690627513840713,145.90109324358664,170.54764416195454,51.3906515710827,51.95627689735201,0,114.72719912503992,10.0,0,0
50,0,山口県,19.155327767851528,133.9980739726313,100.23521890713258,42.62766963485115,11.025373621543013,0,82.52710517400408,10.0,0,0
44,0,兵庫県,22.346999321379094,128.5173733488765,71.6195643012835,62.01008158936812,8.36260787945204,0,82.29463486077933,10.0,0,0
71,0,静岡県,23.79506807877253,155.63352089597674,141.33388232107427,41.040889114889914,15.554123014337243,0,86.68929768687818,10.0,0,0
54,1,兵庫県,20.133849423440793,133.58852144613573,56.97993854881405,41.25470569492223,72.06961869448149,0,91.6537002887954,10.0,0,0
66,0,埼玉県,25.659998834120703,135.12036644026006,106.71839046551948,65.60157087417474,14.188157102575323,0,90.2339670618383,10.0,0,0
49,0,鹿児島県,25.750279541001987,161.2828554152774,53.347180034576624,53.42575172243542,39.44748379597962,0,103.03189443827938,10.0,0,0
57,1,兵庫県,18.85276716405124,121.51490205950611,86.6113678083,48.61107070301312,19.266724434890275,0,85.77070529861608,10.0,0,0
66,1,兵庫県,20.10178721231313,139.51654832693612,416.5883836790943,60.24368134680147,52.546494380839654,1,117.52047833567796,10.0,0,0
57,0,兵庫県,17.93360658713657,87.27404835381645,52.47128044993897,41.12870978351087,1.8394836711026503,1,87.80472988743897,2.4169539530468844,0,1
52,0,神奈川県,27.581899660832985,153.66896414410562,100.83258128054577,41.70227919537464,26.017820673323726,1,94.00307547211978,10.0,0,0
62,0,神奈川県,19.70893141021898,134.26694063130597,196.79769715351844,40.047723104324994,4.4055033245976185,1,98.9736939972703,10.0,0,0
49,1,徳島県,28.733926199195775,120.58299839349287,107.4476129359856,41.82070011334536,67.58060508788532,0,90.8993599811125,0.2774367568611227,1,0
43,0,岐阜県,24.763346382348836,126.9805606689717,9.566275462686376,41.162502621141066,2.878499250918155,0,95.80257014023465,10.0,0,0
73,0,群馬県,23.816229425041804,134.05557364175104,72.40023339104019,48.04567083999593,14.862390532856605,0,97.81363786876545,10.0,0,0
41,0,愛知県,21.2432123872844,100.34799839654707,84.4166270702622,42.33898950884545,16.38402715257457,0,101.98567843672443,10.0,0,0
67,0,兵庫県,25.367969903206777,128.023415740474,42.43256692355635,60.650439260958144,8.622204598301932,1,98.68647211121296,10.0,0,0
49,0,愛媛県,27.20483982801252,133.4636583499768,93.50341487583385,41.747843861036024,23.099694486994164,1,102.59738718112249,10.0,0,0
59,0,兵庫県,26.156308212660083,115.29153488904176,30.092598149669328,40.63968210355512,15.954656703112697,1,72.81267913188492,10.0,0,0
49,1,群馬県,22.407474858616187,126.62309959784994,96.549399139052,37.73963920447194,12.433151516248683,0,107.71262281405068,10.0,0,0
49,1,兵庫県,26.800203947850186,113.53716102789974,67.21914086718999,43.28024666528688,10.609633609534853,0,76.19018739996233,10.0,0,0
52,0,奈良県,24.756935192237147,104.12011699029738,103.52768765351647,49.936941378575206,11.64693243793337,0,70.50491265021823,7.612208889795821,0,1
70,0,滋賀県,17.283204702512933,106.0078849799527,84.6996790967034,42.37130980706413,39.429963278188275,0,100.33901547933984,10.0,0,0
70,0,富山県,17.88402867907338,123.07358698925422,151.01636186874808,47.15284858653529,12.628306026348124,0,77.65542281862864,10.0,0,0
67,0,愛知県,21.25436787456438,142.8715487765999,26.55655881090483,54.46673091003958,9.682541210832685,1,101.43683571932655,10.0,0,0
43,1,富山県,18.01428642368591,118.77837232320952,14.288891869436565,54.24900472418688,30.40128773031041,1,71.74630167049997,10.0,0,0
41,1,山形県,23.82371128564006,104.3556034663203,78.99474758374473,47.386653043527225,9.330828432513552,0,97.74323114970566,10.0,0,0
47,0,福岡県,33.981870629846824,146.8479405788076,171.4038126706174,40.5953179762912,64.65917005312967,1,120.44012609412735,7.777422955784217,1,0
53,0,秋田県,21.233367478616053,82.67093158419591,81.94171615469841,41.756839121859805,6.263869775576277,0,98.02919884935919,10.0,0,0
55,0,佐賀県,25.781536902432816,138.47244210107252,41.87362979500283,57.30036141319454,9.914592661811694,0,99.93265323142234,10.0,0,0
66,1,兵庫県,22.576169085138783,137.1777054173252,97.74220728075178,48.42695383602123,9.916613924609083,0,86.54806631405498,10.0,0,0
51,0,東京都,25.561973453704226,111.52904757914014,57.515320033723626,41.98251143692167,10.691837391978478,1,89.67353599478126,10.0,0,0
74,1,福岡県,22.322623899461878,141.1736345388731,144.1594921337051,41.50003695125564,7.413716835549954,0,106.84638400563573,2.497576510953352,0,1
57,0,兵庫県,21.834611584537807,123.04220091360924,89.68747236172779,52.22907581349513,17.944950137711672,0,67.52593968196933,10.0,0,0
48,1,北海道,21.959344796464777,119.69124640414796,88.1651659735844,75.05739128015952,39.6088284821321,1,113.69295952761944,10.0,0,0
60,0,兵庫県,25.749696900335262,122.08827830255797,259.71671771366437,40.80894487982298,28.912154250322487,1,69.73212372211972,10.0,0,0
51,1,大阪府,24.72005165521332,138.90960327800258,42.323202144279136,42.57895889964698,7.088343228855003,0,107.93245619098002,10.0,0,0
54,0,神奈川県,23.222430653409745,154.54211327442937,110.34946923336165,41.500176325101904,23.433803799004714,0,94.46061085772205,10.0,0,0
72,0,山口県,20.49912060185791,139.26624872941557,104.25516614850271,40.57172384116723,6.390631807839678,0,88.73419322354374,10.0,0,0
54,0,兵庫県,14.786737055537964,127.38472943102124,42.86783807920457,67.48965626690335,10.168051861937437,1,74.71055775960718,10.0,0,0
52,1,福岡県,27.113396423968084,111.2451871848458,146.31433850326587,41.963062574779876,7.555112364218472,0,93.52740073501668,10.0,0,0
57,0,岡山県,21.822427940677255,113.79932477894914,115.63017452626303,50.85208680435839,14.910983762720766,0,73.59991857211487,10.0,0,0
64,1,兵庫県,23.273689848882015,121.85829381507533,266.6795922598595,61.76657874759172,22.03607019100929,0,112.83135906273051,8.16967455866297,0,1
69,0,兵庫県,30.655727339585457,146.15293033093403,175.8324835377176,41.4497016081143,12.992602159703406,0,83.96649087539735,1.4724393671831881,1,0
49,1,静岡県,26.85633350375458,123.05519288072281,84.37808711664323,41.73444615320262,38.16230617502926,1,83.78162335723272,10.0,0,0
65,0,兵庫県,24.882697773479475,144.42148296155725,119.87104246641188,41.20347336528864,9.967575172822905,0,84.21842861664369,10.0,0,0
52,0,兵庫県,23.26055420620763,134.70124567298788,49.57010354398881,41.366245222181455,9.822015166827283,1,81.634021399268,10.0,0,0
64,0,神奈川県,22.61567524493378,144.9009230627685,88.42579722370269,39.612918767709566,5.457265237285454,1,82.29552107021406,3.135558218810411,0,1
66,1,愛知県,23.231504267467674,154.78354612490423,75.70481841685066,42.309401674407106,22.279952488813088,0,94.57744586930072,10.0,0,0
56,0,愛知県,28.78873553820777,160.01068182175314,51.78023761712192,41.01644534394744,8.802234540175846,1,102.12781654667481,9.56391200438009,1,0
66,0,兵庫県,22.527555327148765,102.23046967980714,18.580510810430905,48.058163215661466,7.351596225434279,0,99.86163182782896,10.0,0,0
74,0,島根県,30.42395561841977,138.20606753802662,173.7533169693266,41.31425353688805,13.248925063486057,0,102.60820675584193,10.0,0,0
69,0,神奈川県,28.475636686957827,157.58316717797933,64.32196010993525,52.263325030888886,62.99815428472873,0,105.10819803778057,8.290925445032896,1,0
45,1,岐阜県,20.626166659052675,104.13705197376241,54.555465170209146,41.33603771836505,8.170089050740375,0,81.59396433386597,10.0,0,0
42,1,兵庫県,20.759780002476152,99.8464936009895,84.7373539720374,41.00679248368497,7.332853213370665,0,79.93794478329612,10.0,0,0
51,0,神奈川県,18.735613166578723,108.30103154620103,23.489917254815236,41.63531737771467,7.482216817473107,0,59.41330671575932,10.0,0,0
49,1,兵庫県,24.588163531360863,148.72915127180616,168.1995212830022,41.21153040640356,8.724325155559685,0,100.4485041803215,1.2240006960349445,1,0
45,0,兵庫県,22.35431540643877,107.91199816474042,132.46268609502079,41.90698989557971,22.592450832881482,1,95.24094068880198,10.0,0,0
53,0,滋賀県,22.355471454390315,91.83006413008715,37.09748236213854,42.12932564020213,20.815278274982834,0,104.44118803735303,10.0,0,0
69,0,大阪府,24.37080262001858,139.39233392656755,21.032045159897425,51.592424806215554,27.52303459388288,0,123.51169303851107,10.0,0,0
67,0,東京都,28.998648762168344,148.50975722767313,93.86894101622768,42.04093058546371,67.67840340199136,0,105.02086390166295,10.0,0,0
61,1,大分県,32.14391552543674,163.92260082498382,451.63884755270993,63.75929834493956,120.75403429808084,0,86.96298722453089,10.0,0,0
60,1,兵庫県,20.993889083392656,92.37316054024056,97.4574201536421,40.34770746486512,12.96733170088682,0,81.19417464890525,10.0,0,0
52,1,新潟県,28.976098994174137,101.9881518225548,103.24235048525941,64.31184066963493,81.69151161498327,0,117.47840634465835,6.6393378845856805,0,1
64,1,長野県,25.25877590797589,149.31924730351975,58.4494535136584,40.4722258598862,7.570399763773861,0,93.6487178809334,10.0,0,0
48,1,福岡県,23.953904262224555,111.72225024141483,44.09843973105583,42.25320417747814,12.095797944919797,0,96.4834085242562,10.0,0,0
67,1,富山県,19.24262569939361,130.62723096233955,64.09740118515269,42.57041850509477,2.941344314526618,1,78.05290067573107,10.0,0,0
51,0,兵庫県,18.183983693819506,97.0865844850558,30.245719890017625,60.44806717397165,6.974981587610146,0,99.19522664902553,10.0,0,0
71,1,兵庫県,20.145494992512972,99.60200892028911,119.60674656972992,53.715429237167356,17.331430188995764,1,99.34406588068539,10.0,0,0
40,0,福岡県,23.292917656667154,91.12801080468785,85.16126697408977,40.89488234932705,17.26753019555639,1,77.7352264383917,10.0,0,0
67,0,山口県,20.737673237655294,163.9445937592758,140.44360382989476,48.157164514844894,6.410140274863357,0,104.89881789100272,4.509917442004921,0,1
74,0,富山県,22.698566733022968,122.52375733299422,24.398883241989274,42.05353759116953,13.08643019171756,1,88.4250962934279,10.0,0,0
71,0,兵庫県,28.196836527936647,122.15953131904406,252.85830816231226,42.061971454833284,11.677740594077497,0,109.20424398600527,10.0,0,0
55,1,兵庫県,23.156512751579452,145.8677987620269,34.47043316339276,49.08263270314125,2.5027077779053446,1,70.28155316301093,10.0,0,0
41,1,福島県,20.424410137353746,110.1850794161429,43.87892891440554,41.55805726159573,3.9606416593173233,0,87.13984585107283,10.0,0,0
54,1,兵庫県,13.060199122410854,92.14425369593268,41.80701738341417,44.57031048331395,4.141286376920948,0,93.64571550163086,10.0,0,0
68,0,兵庫県,24.19001353567052,112.62635868924085,54.2401313688559,41.13292635817004,4.3608578665151185,1,80.20783975822306,10.0,0,0
45,1,兵庫県,26.948070254188337,131.0426453135245,92.22136097118556,41.50007549508167,7.396609918618459,0,91.67694829141126,8.007017948737625,0,1
68,0,神奈川県,22.43308784505062,114.52565942000926,43.36096611426638,37.335100627136356,0.4450151209622528,0,85.70678685236857,10.0,0,0
66,0,兵庫県,22.43498293739322,137.93207231723952,162.44266070877572,41.39294458273726,22.830920719461325,0,96.77750025465873,10.0,0,0
62,0,大阪府,28.211374083824303,137.16064019293003,70.9269044714715,40.96038454256726,30.144327854566892,0,94.46353984265123,10.0,0,0
60,1,神奈川県,28.358359978755736,129.24798768500872,103.42775687756733,40.93763726331524,19.733931708912372,0,84.08253320673411,0.9393239671176525,1,0
43,0,山口県,23.24780212554063,112.37876404837272,85.2250698533575,37.95271733846979,45.95563274398825,0,76.64362023667455,10.0,0,0
52,0,静岡県,24.315688890885088,121.57157406992312,53.96698459693905,42.01118442142763,12.978958236398151,0,104.42037058242977,10.0,0,0
46,0,和歌山県,20.357837228626778,73.5167199190653,60.331360843121736,59.97945388552811,4.1305426458065995,1,105.59594821619626,10.0,0,0
64,0,大阪府,25.698119415127174,111.56315363536865,81.82862749907622,40.71261897654361,2.8140226332546816,0,78.21474672787195,10.0,0,0
57,0,兵庫県,19.000568501115303,119.61687779792187,57.87494822040058,56.294693840241756,7.008507819922474,0,61.70170537404056,10.0,0,0
53,1,栃木県,22.036196819966182,140.73776191451213,80.90706200072464,43.088553028168135,13.440270107853427,0,59.33604721661154,10.0,0,0
72,1,神奈川県,27.73777573735991,100.24028590650629,107.4640437213071,42.05570226396913,19.285471449372064,1,79.46400676467219,10.0,0,0
40,0,長野県,13.141788050969904,69.2935467736641,89.6787660066418,41.76845750756478,4.987923342150959,0,52.333657332054656,10.0,0,0
69,0,新潟県,24.796646283093022,96.95123151517247,176.38382451914458,48.789971142007914,13.803786573002748,0,78.08780444954947,10.0,0,0
63,1,大分県,21.377991044804226,90.34849036235283,48.149601113572615,40.63764984911884,7.585749281049716,1,77.24265662056415,2.878750302221743,0,1
68,1,東京都,25.767569205072146,145.95052539831255,57.95055234709501,54.14823735007612,8.72822611408824,1,125.43027508689843,10.0,0,0
73,0,福井県,25.96926535953628,156.13114068064812,176.9206726242237,41.50607130873341,14.390103161213096,0,111.81662441848252,10.0,0,0
43,1,兵庫県,19.620533784457805,119.99104302990344,258.3424063538701,41.448903087580426,16.49127165193014,0,110.75215887982044,10.0,0,0
53,0,東京都,29.71328714134331,116.3241519234509,338.3789561174605,40.63598999308965,46.113288756382595,0,77.54395340036498,10.0,0,0
45,0,千葉県,27.717400192861287,128.25325735304307,56.088918088698165,42.85900934642944,29.07063604589611,0,87.5271303086299,10.0,0,0
43,0,神奈川県,18.087861324447356,109.49528111721064,60.30959953054631,43.13701014979918,8.667802328019514,0,81.00371296002528,10.0,0,0
44,0,東京都,10.48798705151318,92.250784114261,29.204020559016925,41.709756567867615,4.337807699682319,0,73.60338440232039,10.0,0,0
74,1,山形県,20.247591554238337,120.18517851838602,40.304958340391224,42.06965417157169,3.3422812670753728,1,109.261714104057,8.101051700204613,1,0
61,0,山形県,26.498701745400474,138.61208961094692,90.35062032019492,61.649669624134965,20.436869401807595,0,111.96413115522473,10.0,0,0
67,1,兵庫県,19.941772765258907,104.80753531106285,44.97982427736114,58.85721413992615,15.438697756961774,0,77.77889524401495,10.0,0,0
64,0,愛知県,17.030876569185665,118.387360241639,71.4834534956045,42.50949782340188,16.585308779400176,0,85.28757011214772,10.0,0,0
62,0,東京都,28.441232760714147,142.9459004102986,87.54854451606414,41.58506812960114,12.691965101536473,0,96.02010572088,10.0,0,0
74,1,福岡県,26.02004808727306,149.89072898506282,79.7919612475734,40.907675000616784,27.206241332543954,1,114.4369826360575,4.885912367063599,1,0
43,0,千葉県,22.886660340660477,112.03541292992996,36.87996005001864,56.05949898400236,10.395567783899164,1,88.54845115005428,10.0,0,0
53,0,兵庫県,22.141043002809766,124.73215008712026,50.20107987429727,55.69332002407009,15.263332440462063,0,90.22602953982562,10.0,0,0
60,0,北海道,21.745931477575184,138.24684978175122,168.22345991930607,42.18244360347049,4.1526837648990815,0,96.41392701511644,6.798430321159855,0,1
41,1,兵庫県,25.23148390479306,133.54090776135817,46.51321470216137,47.23889005194949,17.887165171507448,0,81.56642087265895,10.0,0,0
47,0,兵庫県,17.103954721929718,91.22825095916319,20.719849902036355,41.20838697437464,6.315099622476922,0,80.74079027024443,10.0,0,0
68,1,兵庫県,22.768683185213874,138.96764357413446,49.3106277065101,43.28706323856192,11.96980520767095,0,96.07673471951108,10.0,0,0
50,0,兵庫県,27.512824835536325,146.3748337375999,58.28866379899212,41.44889242073566,7.586283942528346,0,79.23623345254151,10.0,0,0
54,0,広島県,22.01488120830238,108.3575177027482,51.934815490368976,41.72983347695696,9.56291942421629,0,67.81454634287522,10.0,0,0
40,0,山梨県,22.02628328600568,120.65157129045119,72.92677425094536,60.09147872472907,21.070894469615205,1,71.06345176236192,10.0,0,0
72,1,福島県,24.70465956726409,152.23145630598302,82.09671173896736,58.25319258247358,6.633984118700347,0,84.51882935658622,10.0,0,0
72,0,福岡県,24.711563188030482,153.08976629896253,138.7629040178759,52.97401220912677,33.59987426592069,0,103.08644354925147,8.641340909186066,1,0
66,0,兵庫県,24.511188201453074,145.91572959646464,49.17579651653956,41.31791047027629,30.75554103216119,0,81.88334326351175,10.0,0,0
53,1,福岡県,22.78719446375733,134.05939150263995,152.66233684548567,42.07155042824764,13.909803462384211,0,107.07395410592657,3.201237585163977,0,1
56,1,山梨県,20.101506102235636,116.93737993673226,27.777422353575908,41.044427002416754,0.4931273303959162,1,67.44097445952711,10.0,0,0
50,1,沖縄県,19.61523936646505,110.78538495148953,16.86115019049766,55.37889299442043,5.797197673120871,1,111.99058008676465,10.0,0,0
56,0,山口県,22.22904301220696,145.75695112332687,86.09415194511737,53.71998949782634,121.35862908954509,0,82.87464805196058,6.451540054673554,0,1
48,0,兵庫県,25.40217843304079,108.9951400466821,90.37386032057631,48.28491277668703,13.259857704848647,0,109.69862679858014,10.0,0,0
41,0,兵庫県,32.848418352869274,157.06405190456908,117.97702925195743,59.4060627812185,91.9183356104086,0,100.90875734278723,10.0,0,0
49,1,兵庫県,24.355995346403557,131.52473636847586,121.7541124219031,41.87365415400065,15.517236973870336,0,95.80913010115243,4.397637750284359,1,0
48,1,熊本県,19.13652462050692,125.72483612472104,45.85041010337659,41.57365415361202,23.492990500381655,0,72.85886345760956,10.0,0,0
72,0,神奈川県,23.650445362755395,106.94226730903772,64.13600857586377,49.463666700515866,23.113101815239794,0,105.72055188244738,10.0,0,0
63,0,栃木県,22.135879905827085,133.1092746107812,71.54575950694077,58.81339565770574,26.95254210756751,0,99.82959485730805,1.4708670181768666,1,0
69,1,長野県,18.694439381886276,120.33369751913006,61.711805509830086,41.632602854113614,9.261650670220726,0,77.76568868203361,10.0,0,0
40,1,石川県,22.39296925980741,125.39232157470312,36.28624498167004,57.19237541536936,7.811751562635534,0,70.30032919816401,10.0,0,0
51,1,山形県,21.831952559283096,128.81524561466108,105.85736308470251,42.109455859158594,12.080806852296817,0,105.22895020520158,10.0,0,0
68,0,東京都,20.68786692490132,106.00725241003097,110.20333579356084,40.80596827059489,3.7833032761884686,0,76.75765069202603,2.9750594703332407,0,1
48,0,鹿児島県,31.8859655683445,128.75220337162003,178.29530665481627,41.31191970833213,104.24461369339481,0,105.0766062437861,5.410149307191486,1,0
49,1,兵庫県,29.462858852619014,131.27572215057683,229.9553345244087,36.53567906821134,12.16888906362895,0,95.0104203729493,10.0,0,0
45,1,茨城県,21.20434602357759,128.55943442257933,38.98288390086531,54.5685753742646,45.9973717594763,0,82.8907779630092,10.0,0,0
63,1,兵庫県,24.31603873128819,153.89349448625404,92.10171394924639,66.4722443110807,53.35885686282893,0,95.13082134695804,10.0,0,0
46,0,兵庫県,21.196590246698957,114.98721080379568,78.91295276638049,40.54114378444011,12.656346288736724,0,93.48470894096421,10.0,0,0
42,1,愛知県,18.402828376286823,121.99726135191591,55.132319421371854,41.92625014676396,10.134424114956797,0,75.04941255120121,10.0,0,0
46,1,兵庫県,24.671084090266877,104.86905206940766,42.31552871692888,41.47048421797671,61.59149124667558,1,84.86549720825288,10.0,0,0
54,1,神奈川県,31.39232765853399,157.06881711446013,456.5763485341684,42.00560163948769,23.83212601956685,0,110.68284799098903,10.0,0,0
40,0,東京都,24.243854743676213,101.76521611622202,151.21500326233001,56.023588654854585,11.971457507784367,0,125.06740405591317,10.0,0,0
63,1,東京都,24.766033172260613,164.62406769879482,193.608201960473,40.43927069166461,11.179136906665462,0,125.43440512930142,10.0,0,0
74,0,兵庫県,17.109392249887843,132.2374390462923,107.87912302896159,35.509344896457655,6.860495624433346,0,72.04710904623501,10.0,0,0
46,0,福岡県,29.469775134724486,168.25441221363133,254.8887536466238,66.48598781639318,56.29426639099076,0,105.23403902944919,10.0,0,0
72,1,兵庫県,25.203885240387592,135.99562990461126,46.87399234820978,55.15545155761152,7.7424018986621554,0,101.86673753755053,10.0,0,0
51,1,山口県,22.23825052176018,134.71490242665678,46.18023262515206,40.70961553007174,5.07496559474316,0,110.40685873499648,10.0,0,0
55,0,長崎県,15.127839547810503,104.03537952366243,37.76294944152297,42.02964921337903,15.176406927973058,0,92.93269950279996,10.0,0,0
71,0,愛知県,23.406102436323714,133.93975787363743,177.7218634047819,42.13138497167308,88.43969549763831,0,81.02469445150399,10.0,0,0
63,0,山口県,23.465707883941064,104.35561576373428,256.5089873013894,42.226538121279795,16.743689036001722,0,105.01488770060008,2.364989598513134,0,1
41,1,富山県,29.9145565524558,156.26533346123153,329.751936994231,41.967657154712896,78.21291517185925,0,80.60459235538731,10.0,0,0
48,0,奈良県,15.61425917620216,123.66772546476668,26.39553256319697,70.73324469568722,13.759190394037507,0,73.55306170403375,10.0,0,0
73,0,東京都,34.28919384506731,145.47684726891302,383.39583896879736,42.127886876411736,87.33999162718952,0,105.77792142889226,10.0,0,0
49,1,岐阜県,18.41829811320204,135.51913084218884,73.27893952736395,42.64803805965032,3.155067669620614,0,79.66155369754298,10.0,0,0
52,1,栃木県,16.091434201924287,120.61859671781863,60.96732640946093,52.71712412085105,3.3948593836231367,0,84.86539962935022,10.0,0,0
74,0,兵庫県,23.2259949191111,127.3897390286476,126.74148678271887,40.890495165736034,12.171026181215206,0,81.59441993785086,9.698288920851962,0,1
68,0,兵庫県,22.80531590168867,117.19420489161008,61.74840657615816,40.5790639535126,12.678005269859431,0,69.70527473207399,10.0,0,0
41,1,東京都,27.542142720376873,113.43767654500186,112.42751017209797,60.70638788090216,42.509264421681465,0,98.77538864331696,10.0,0,0
53,1,京都府,25.34127265115192,141.4256212884049,52.816927194058465,41.936596543804995,10.839392389801532,0,85.80787446040043,10.0,0,0
56,0,栃木県,22.445343775728556,153.07993144788512,46.690159447605105,41.35292235269793,42.14383834953418,1,70.34123004002538,1.0756484802530295,1,0
55,0,兵庫県,16.12080781891045,115.69849054089049,50.19772072225724,42.08285198777618,6.595238138434546,0,100.69352219132652,10.0,0,0
45,0,神奈川県,30.110986446947305,135.31165092726232,44.234556170121195,40.425102549965736,14.227171720587862,0,96.75391382035731,1.3079345051862925,1,0
72,0,兵庫県,28.984229417794435,159.69800058660874,50.56923148852416,53.35862715515694,77.43598828932072,0,105.37130963362632,0.5798989559163055,1,0
62,0,山口県,22.306228463229914,113.82107126264242,15.882904409074229,42.22515085578694,6.5958749913180785,0,87.2151463653529,0.9847695000572366,1,0
48,0,兵庫県,24.606005826737967,134.5668710333641,133.3387797393668,41.82846019662792,7.578581254795256,0,98.67489588277131,10.0,0,0
74,0,愛知県,26.334178380474537,145.04301720677398,37.43390776459912,53.383103656498626,18.85465441982045,0,78.04219586005226,10.0,0,0
40,0,佐賀県,26.802240754572637,134.0569102290399,41.94261737047976,41.7233119438246,36.314149223742305,0,90.91438904305615,10.0,0,0
60,0,新潟県,22.33625268791052,114.17153101705854,79.9880205554553,41.359145607872804,13.926491571840645,1,85.72702571778113,6.23917232156887,0,1
51,0,東京都,22.692451064375557,115.47068175460852,216.07063318865085,53.65219259120414,9.71092282222461,0,103.1408253887318,10.0,0,0
70,0,山口県,19.038661117315634,111.65583928058494,102.39926952533177,41.205766459756966,11.28304555732919,0,87.1138972831235,10.0,0,0
53,0,福岡県,24.512278074612624,141.21026158182877,108.27410667542104,53.67174396532109,31.85578332602952,0,100.82572380213956,10.0,0,0
68,0,茨城県,26.04257821075298,135.50994797213957,32.95745548293831,61.84464096022917,8.29267301673174,1,105.76410087450503,10.0,0,0
45,1,鹿児島県,24.44107354585975,112.37031491985483,17.873115746572374,41.018321937798795,11.704922545747847,0,99.11574075215759,10.0,0,0
73,0,岡山県,22.58513658252767,98.52652092113043,84.17096682413583,42.867475960453234,90.47940270129074,1,102.52902044769266,10.0,0,0
43,1,神奈川県,18.379942547049392,107.48871848231668,18.905977332500974,54.39814537159977,14.5714807218056,1,70.59524153596067,10.0,0,0
71,1,東京都,28.133298933648295,114.9926478736097,205.486924000291,42.32171238084878,17.86621838181203,1,92.43788487109296,10.0,0,0
64,0,沖縄県,26.934411402066036,153.71865009869006,260.34491763680757,41.50549365512976,8.904168781350194,1,104.76512873403982,10.0,0,0
66,1,東京都,28.217434298521837,163.03888130556058,119.70525680502368,58.39665791793486,74.29200890932816,1,123.63137802230379,7.358929482270532,1,0
56,1,兵庫県,24.94367945964907,142.72047815768698,63.28501649440121,54.73422189978726,34.346593131465745,0,96.07217077534142,10.0,0,0
74,1,兵庫県,20.747129219077557,126.05322643925363,36.38714114701652,41.37567069410355,30.56295624980665,0,85.66743839065654,10.0,0,0
43,0,長野県,28.790793041858556,146.88399658374664,70.8508848459346,39.669530729061485,10.78303994066254,0,91.21091228862645,10.0,0,0
48,1,兵庫県,25.852791752840343,107.5048993000438,162.30352628814268,46.83051187060797,32.57161119642336,0,84.04513989383936,10.0,0,0
61,1,兵庫県,19.6073976799887,136.52216378542775,22.612090000314378,49.025296219357465,18.039880306201493,0,105.77676342791445,10.0,0,0
49,0,神奈川県,22.668618671248286,129.85103043283652,153.04143614419658,42.583670516146775,17.19374511604643,0,100.32341468251968,10.0,0,0
59,1,兵庫県,30.38889264870688,122.84914401822638,125.17531339263596,60.786536610918056,4.574796797914349,0,70.25457588587068,10.0,0,0
53,1,長野県,26.49213181245205,122.10311580023223,183.97767615669682,40.7510522302867,20.30358429143152,0,74.48883880901019,10.0,0,0
40,1,兵庫県,19.006929069104032,106.01658500123463,69.93560074546528,53.15943844025641,62.59327599588795,1,90.0591091787099,10.0,0,0
66,1,福岡県,18.725372490286908,116.47396672582228,39.574228864844024,42.73742576696867,2.689213533611834,0,79.83679918418433,10.0,0,0
58,0,兵庫県,26.211912827332927,139.4352936563283,91.95772193144114,62.610734563361994,17.95582779011216,0,89.2425244174685,10.0,0,0
59,1,兵庫県,19.477294313716882,126.05047949056039,85.98576915758986,51.87354954662426,6.61936211785274,0,113.69694635649024,10.0,0,0
59,0,兵庫県,12.083667777481546,88.70473677557301,26.555197232483852,42.06697334841717,1.6949170115912062,0,66.85158595360812,10.0,0,0
42,0,大分県,21.82216875904361,89.12017160927414,71.5731279964761,48.01327956609872,46.31120545921387,0,86.91777438536533,10.0,0,0
56,0,和歌山県,14.793027290913477,66.72142079184175,25.754299999608598,40.625368538179245,8.911830286125332,0,80.83120151832622,10.0,0,0
68,0,長野県,23.063126367122777,143.22846547865166,84.16216364857661,59.41398027295067,8.169297202020333,0,85.43116201793714,10.0,0,0
72,0,鹿児島県,19.694884735497354,139.14006290676193,104.2600569206489,46.75492981440597,34.85316777758449,0,94.81828744309416,10.0,0,0
71,0,愛知県,24.31906696377734,133.82764529320158,47.51776482536254,59.16305320992639,6.532214976489241,0,100.770473316464,10.0,0,0
50,1,東京都,22.353855158213644,79.31985396580247,62.92786738252267,40.80714446804055,21.65869971887165,1,84.79311295900106,10.0,0,0
49,1,兵庫県,23.502144465856535,151.88685033094777,88.27102614816705,40.948646375379184,7.486586570400907,0,101.01132186745797,4.965242001201894,1,0
50,1,大分県,16.55872600859628,87.25180322555669,28.829027091325475,60.210541918469126,11.119395617349209,0,95.78146482764055,10.0,0,0
65,1,三重県,28.123309104952593,139.1439159500793,91.4414473165316,41.76108335327,13.043915788060772,0,84.49810320771395,10.0,0,0
55,1,神奈川県,17.694974124968606,111.92171309492406,77.5020590247807,49.438812226932825,14.567325968664905,0,90.61831503714853,10.0,0,0
69,1,福岡県,25.637755867707057,105.89409032212342,60.745990516283676,39.59533856522523,17.576740245578055,1,105.24215891720296,10.0,0,0
51,1,和歌山県,16.167382013288247,139.7403625133133,18.4490531095588,42.354918094282176,5.626033197829583,0,95.83318757724945,1.2664656591414134,1,0
74,1,長崎県,22.353535954838463,143.61823726832318,170.53701423426347,62.80811901383106,5.385885443570637,0,80.11653524491705,4.489552955937627,0,1
40,0,岡山県,28.4247937145058,126.25470704957328,57.86949641742936,43.51420985077588,22.403700780652407,1,90.38925941941265,10.0,0,0
50,1,愛知県,27.917122277413164,149.11612801799552,129.45787698751553,41.810274085210864,16.593074278586272,0,117.62825596066024,10.0,0,0
46,1,兵庫県,18.57925129676431,105.00500878024148,39.196526988300334,66.87563161264787,78.99385772917469,1,69.06126053307077,10.0,0,0
46,1,兵庫県,28.02124360231962,126.3797383556708,87.11081986262978,51.05246313690816,38.60799027833893,0,98.36123402312862,3.206357345826628,0,1
46,1,千葉県,20.28874622111293,121.87851322012645,25.23136788431779,41.16219837878559,2.3451147000504284,1,79.75465687994732,10.0,0,0
43,1,神奈川県,17.482047825139915,118.14289840385254,186.58616829498735,41.154434597985734,19.004553493740282,0,88.1465991292233,10.0,0,0
69,0,千葉県,17.011521268193732,126.05279912865099,32.9200255143233,41.898391270464316,6.801429121864741,0,79.65110316926271,10.0,0,0
49,0,栃木県,18.113846200477614,132.2376294750667,25.02773071808027,53.69006877423214,2.464788958416132,1,105.26038084803113,7.841063726332369,1,0
71,1,福岡県,23.95739385228197,156.22680852073833,90.85540715442595,45.344255835539514,23.158814164114236,0,93.45007712468175,10.0,0,0
52,1,兵庫県,28.594088361440498,89.47028189291527,96.58285545790048,40.36586804950051,17.270635506696582,0,77.75216390099051,10.0,0,0
53,0,大阪府,17.94469808182357,132.74247506140156,42.81348827348905,45.341319931332805,4.130616285147409,0,79.50362438184072,10.0,0,0
69,1,兵庫県,29.236532957675205,124.97886875105279,135.53481906329384,41.22018645102279,60.08602617374391,0,93.9545564083739,10.0,0,0
50,1,福岡県,15.171335415734484,69.28225818586276,35.25074773414005,58.796268891843425,3.665020049465303,1,84.19918523070065,10.0,0,0
43,1,兵庫県,23.065133061466533,110.08673124671019,93.4396065198522,47.68246767238862,25.663144443153676,0,75.60831005986596,10.0,0,0
59,1,東京都,20.906341050600947,116.95565666711919,129.80523560367482,48.27827841529517,10.81771267612814,0,100.90759498019526,10.0,0,0
50,1,千葉県,24.85256719319923,144.84625481302317,241.43470219365213,40.569485033661756,6.401638679955744,0,80.18095568811138,10.0,0,0
43,0,兵庫県,30.965093905317474,152.6963352426469,47.85997344386469,65.75047208801908,7.262030706286178,1,100.96681272657572,10.0,0,0
42,1,熊本県,20.41445843882368,92.23066868576323,66.6036947268369,40.574141505880576,11.98978794529818,0,74.97024701688697,10.0,0,0
48,1,岡山県,19.004619079314885,98.52933639547275,80.84348979015475,42.841102632483995,4.675458668671068,0,95.06708840074504,5.369821897921522,0,1
60,1,茨城県,15.566362309583921,73.46392339250374,62.86810879327577,41.96560849683817,12.031129818985143,0,67.21966969517774,10.0,0,0
74,0,東京都,23.489064674512548,122.30222187082558,104.21577514434317,42.45879192572028,26.29602776545723,0,120.17598809131589,1.2346547066221076,1,0
51,0,東京都,24.79081457707876,103.61678055105577,52.19110173511024,42.00684115096772,7.445244624467667,0,98.32508196942842,8.242855167130992,0,1
53,1,兵庫県,23.148008305302852,139.8091474702544,106.00860552940277,37.316079820271014,8.321136198907514,0,101.19777642821396,10.0,0,0
63,1,東京都,20.391355033072497,134.05633407531354,73.9829144028916,58.80160786054497,5.5407001862705165,0,99.82799474696246,10.0,0,0
67,1,兵庫県,25.571833394259567,139.19594847934363,113.07865408951511,67.36883941850205,31.41372617759639,1,99.87649834576118,10.0,0,0
62,1,宮崎県,26.492573057161206,135.5155412047317,127.10758479654635,42.27832947874479,8.898785243574977,0,91.17697835690949,10.0,0,0
74,1,長野県,29.773361642579886,166.26793553239446,232.6971547200923,54.49415387193129,59.63907683841966,0,96.41415354835614,4.161989024210466,0,1
45,1,宮崎県,29.25763192130777,133.68890575948063,54.46918481541853,42.47588780594732,13.288522202246286,1,78.11793331688892,10.0,0,0
49,1,長崎県,27.74675565500515,120.94445734527868,230.45742072236328,40.92591302724313,26.405300346579754,0,119.15920579346265,10.0,0,0
53,1,兵庫県,27.140928900585504,128.34709066841975,76.91232700621113,60.664990894426474,102.17647322359284,0,77.00994129494778,10.0,0,0
72,1,東京都,26.586634546266318,119.81973754617938,48.55740934556427,52.129325328350106,13.088665397905112,0,100.92886404179481,10.0,0,0
56,1,兵庫県,27.189517844335118,141.45013675734978,161.8522672755743,42.016268322137655,27.479490385236808,0,106.41993050284256,7.90811000977138,0,1
46,0,石川県,32.265350377323564,141.22238917634013,115.63445007164061,41.33238668941407,12.181810637614278,0,94.84661494431639,10.0,0,0
44,0,熊本県,25.60189094767655,98.53442647198031,71.10276714954797,49.27835911562012,16.100478388448135,0,85.72673189217761,10.0,0,0
58,0,兵庫県,20.995127506166074,112.36017866541019,61.678994656681,63.6209984496479,18.06459599548766,0,88.93370506798512,10.0,0,0
65,1,兵庫県,25.0849969372414,110.63134640988943,86.2153356784704,47.25227636193883,15.30346424983834,1,103.13995386596193,10.0,0,0
40,1,福岡県,18.25661991375706,67.26432663464405,26.81263413138378,51.852724713190064,2.9259512651774515,0,94.71677281706872,10.0,0,0
68,0,兵庫県,24.69105824103838,188.53597977634084,104.22310162819475,57.16846433920949,6.4558061822975,1,99.82422178409,10.0,0,0
42,0,愛媛県,22.157712106607168,127.0076045563073,80.13097567943574,40.25732581208668,20.21912735891772,0,94.5030653875503,10.0,0,0
72,1,兵庫県,16.08784898884166,126.45733466001585,15.559223955259041,39.780062305382216,1.054115051417592,1,86.68777420999201,10.0,0,0
52,0,兵庫県,21.052905415186125,94.22614211417307,14.356221662356278,41.95903611402421,6.353635275493971,0,93.33520695828462,10.0,0,0
64,0,千葉県,26.830811075810615,139.4103226456069,168.14304352114883,42.169539992356206,23.699457845189755,0,99.34151494493292,10.0,0,0
50,1,群馬県,16.47858709930535,111.27722868717555,47.966925180035716,41.15653492124135,3.6680958421849916,0,66.9491512518292,10.0,0,0
47,1,兵庫県,26.349129128704206,139.16100949132823,105.23371406259794,56.01476296336679,18.959382555374578,0,107.88535810542876,10.0,0,0
48,0,宮崎県,11.963287360162827,114.52430817928872,39.074470279365656,39.86308979750487,4.128900825495279,0,75.17538679413845,7.480376533776632,0,1
74,0,兵庫県,27.35110587093876,149.78676202673464,275.98953921693186,55.66279571961601,26.21537301173597,0,124.52452660670087,10.0,0,0
63,1,兵庫県,24.09331640854026,138.33902674353152,33.57081150455746,54.75474869331802,13.599977392524542,0,105.11821952728778,10.0,0,0
73,1,兵庫県,24.30667388839219,157.5930252263832,292.4457450604621,41.66518399342367,17.779868499324493,0,91.28645295061202,4.003259887444503,0,1
66,1,滋賀県,25.305415797224924,134.54839357568358,35.11111745756275,41.92120420373666,15.263710173526375,0,85.38487620996085,10.0,0,0
43,0,福岡県,25.27442395506249,107.81559849034362,118.46579633802463,40.83822635526915,10.594156706635859,0,97.71635561523406,10.0,0,0
42,1,兵庫県,22.804092387828124,104.70664357722778,121.35990619248597,55.34124330760953,11.338939686556367,0,81.5153460793774,0.1136015736598906,1,0
68,1,鹿児島県,20.520031976068402,90.46861099768645,98.70598786271262,41.96713984962898,7.721915811750784,1,97.92438115113929,10.0,0,0
73,0,兵庫県,20.68783810340887,152.54805681446894,189.7941754044667,41.789661174113974,14.605235258751689,0,91.69931890609547,10.0,0,0
54,1,岡山県,27.283079784177684,116.28470141564912,337.7662243468544,49.168882266823005,23.922188251595454,1,103.02548204703484,7.442201720875724,0,1
47,1,神奈川県,20.92542501879867,115.14326210427568,28.533629389369427,65.04394257912662,7.808021738626681,0,80.11532483333818,10.0,0,0
68,1,兵庫県,21.260000205866117,117.13223588004423,48.286314635054666,45.78627959051535,25.090359558829316,0,70.14629412157406,10.0,0,0
60,1,神奈川県,21.156464745729078,141.12426947611627,135.954943207151,63.664985969621775,33.81793358552699,0,78.21434662965909,5.271248499179332,0,1
41,1,大分県,26.884866921168822,117.46521037757803,119.61959318064794,54.215348053160845,62.81659067921679,0,110.02284225113834,10.0,0,0
56,1,兵庫県,22.084400786971987,130.93383957178673,71.48392306206696,52.334127358566896,12.170169503201969,0,73.06941152178689,10.0,0,0
61,1,茨城県,24.978148168468117,142.6409715248317,52.61547567049138,41.32122464356957,11.439728194688872,0,113.92644355943902,0.9957006761421303,1,0
70,1,和歌山県,27.933656456265034,129.02889972700248,148.5305231603425,41.765389596082905,33.15476023456432,1,80.8044331219548,10.0,0,0
68,1,富山県,17.585229511661133,126.05280116753868,67.09646701308374,51.14275874901638,30.97857128273688,1,98.35188290575425,10.0,0,0
52,0,兵庫県,27.24143275096864,141.08803131455647,27.97687297843164,46.406184777740265,13.90820816115876,0,108.11364907194319,10.0,0,0
72,1,埼玉県,26.953518967426092,130.24567617912186,79.85137544712218,41.747253363951266,9.516529987027008,0,100.70128616184213,10.0,0,0
47,1,奈良県,23.94775632112755,122.70753238087033,32.95586306592659,41.929227965016686,33.691035516707636,1,110.01511146496817,10.0,0,0
51,0,東京都,24.899505726066387,131.61419907573918,132.3911663704375,41.346374455084,16.309016037581618,0,117.33423661685192,10.0,0,0
74,1,兵庫県,32.82157417252415,141.85055385486817,80.73628056886751,61.787270876042655,21.01709565472513,0,110.41628355551678,10.0,0,0
72,1,福岡県,23.37113883337282,135.5570763922124,93.65376362047786,44.65798711716602,23.51436572813511,1,98.64112902723954,9.435008023563958,0,1
72,1,福岡県,30.621424748883552,145.913322665551,290.3500354334966,42.22188545697508,51.91345825473051,0,120.97300423058705,7.666676004229249,0,1
47,1,富山県,22.685558893786784,126.05062885180735,92.4978972513362,47.38770560224786,8.885879843114273,0,89.27280091849109,10.0,0,0
58,0,兵庫県,18.96665953407574,131.520411686571,132.54187482905746,66.7992653512895,11.966891535655451,1,116.09519923887973,10.0,0,0
65,0,兵庫県,27.16776290698165,136.39430408387082,79.28484213115055,41.12032587300785,8.209472370259341,0,95.1633061956276,10.0,0,0
46,0,東京都,19.635555086137238,130.2286756827495,86.39126614141036,56.551611323704776,13.437910575295367,0,76.37147587275585,10.0,0,0
51,0,福岡県,23.142158669139103,138.09906429896344,48.92055274270682,42.71550129997814,9.958734201723592,0,103.14168694515524,10.0,0,0
67,0,兵庫県,25.997259357952164,137.25801772821322,268.9404542003348,54.56881933684289,18.060380518885587,0,65.57501658209928,10.0,0,0
56,0,福岡県,17.54372953533877,124.96258665106036,23.756927143981855,66.03554006235493,13.0631064553724,0,110.05667913255306,10.0,0,0
52,1,兵庫県,22.962989543912517,134.39793318966824,64.23306574302006,56.986590761714474,20.30362886561576,0,112.41811323497774,4.171598503377879,0,1
48,1,神奈川県,27.175531322236484,160.3641533575782,138.31067523579213,41.911900656244185,17.999684265789334,0,105.25479894392308,5.29117222011121,1,0
40,1,北海道,23.69588736483786,100.1308034204983,68.06743023781476,63.78553023387465,17.60913321160297,0,63.93571939393772,10.0,0,0
71,0,兵庫県,25.6996113672058,125.47895953832337,72.35205062386363,41.63225743926831,20.162458614161952,1,96.07733911166356,10.0,0,0
44,1,佐賀県,17.00963492587074,113.2611371713512,15.2620635643991,57.301130117248746,8.587447207407358,1,84.34260415664022,10.0,0,0
66,1,群馬県,20.70661959653414,140.32659567968312,35.20581003093351,69.81085877870663,19.444052126673824,1,82.15800807832386,10.0,0,0
64,0,福岡県,23.95257561152294,131.51570875016864,52.362229176815994,54.74438018752053,101.46379002004659,0,95.21381822948405,10.0,0,0
49,0,岩手県,21.018071093471264,96.69550912564591,51.28986149830632,50.37541738964838,14.348123979262564,0,84.25138090495562,10.0,0,0
56,0,兵庫県,28.969976769881498,147.83360390417718,107.92870999199573,52.81526032873115,41.816165665215294,0,105.22910435389218,10.0,0,0
55,1,富山県,26.5726473963808,129.2212508202777,97.42793768305918,42.11316607520472,81.55947352533255,0,99.05934278277991,4.4684867334280485,0,1
48,0,福岡県,30.194024646927016,141.93547580252644,69.36367641871846,42.24585044070166,10.813405608953103,0,80.53459382094218,10.0,0,0
45,0,山口県,14.657695345267664,92.58902615793443,28.454371749961375,40.998607788432956,3.765585878534362,0,73.65949784294791,10.0,0,0
65,1,兵庫県,27.69309224894418,143.23758499797583,37.74409254404,41.60730157848655,17.270904489319477,0,101.52312975270654,10.0,0,0
45,1,東京都,12.393050929662593,104.84822684536155,68.32446736500862,57.65180244204783,7.099488197606859,1,91.36083398058342,5.008733986208633,0,1
59,0,埼玉県,20.57988530918292,120.74676055662928,107.09256848977627,47.05417735994216,6.4278507846449555,0,86.4898597015959,10.0,0,0
55,0,千葉県,25.31346938647684,163.57117963053403,159.15176148746738,42.07659814117642,9.826068698703367,0,101.65197099294721,10.0,0,0
73,1,兵庫県,17.91442744431958,130.5529405390911,9.646199089301804,53.831333782075625,4.554250872532749,0,78.90281238267121,10.0,0,0
42,0,東京都,23.524657419705548,123.06289840097399,66.95653049466127,55.47645988755331,4.396353872547072,1,82.4410646164454,10.0,0,0
73,1,兵庫県,18.31161851762789,142.45111047857742,28.247702250629736,42.208722907783475,4.894689529456791,0,103.93452446693433,5.347217734140588,0,1
48,0,山梨県,19.4185748878361,93.26601653041403,85.1797969486946,40.94434241462861,21.204512815637173,0,78.82175853235032,10.0,0,0
67,0,徳島県,20.056803816193767,113.1006521573213,39.83013975762987,42.24524652541158,3.394178566812728,1,99.92713659846058,5.439008908875928,1,0
60,0,東京都,23.244437927542904,95.93631369175021,32.93421617070943,39.33500863393799,17.783045835018584,1,95.58627064569282,10.0,0,0
49,1,大阪府,21.31854954286418,127.71161293473102,65.47143658962011,36.1602009409547,6.294831070703683,0,85.74568983002744,10.0,0,0
50,1,兵庫県,21.795770939518267,108.40234374166087,67.50816421488497,44.592706032045044,15.612831142902646,0,98.18832444101922,10.0,0,0
53,0,福島県,27.796694392646693,161.24666419052608,70.33914680902132,49.050689262164504,9.988743996527433,1,86.1094364977716,10.0,0,0
53,0,埼玉県,27.093815824654573,144.27409025947495,66.99917335746282,41.967288647610125,9.249950215016169,1,93.72693568490163,10.0,0,0
67,1,岐阜県,24.787013753883215,107.29738111115505,100.91401014493823,42.13248928446269,18.48633520827525,1,107.69213631433253,10.0,0,0
71,1,神奈川県,18.20766062554087,165.49480637000553,129.45003276164195,62.1477878373584,22.548812826887506,1,101.59530157371199,10.0,0,0
72,1,神奈川県,13.442231996736615,141.98198548418327,27.351644249804657,66.30459223157607,15.276465137150472,0,92.23230127125035,10.0,0,0
41,1,愛媛県,24.913970765220323,94.13574076757327,175.056776024324,42.08453255019618,12.97844728207161,0,99.0581991123285,10.0,0,0
55,1,埼玉県,30.410526135352985,163.03662619127215,71.54621136349554,66.8507878428039,27.3329752370951,0,113.38460284084867,1.2376091983763673,0,1
49,1,山形県,29.260043514529205,100.05924695158267,197.08325314564794,44.93720228536512,12.23721923408951,0,93.35627375444145,10.0,0,0
74,1,栃木県,26.822883603801532,188.4799504093916,158.4300565789416,41.927471961416146,14.199064807200982,0,111.5589323306314,10.0,0,0
46,0,山口県,24.186684387621717,122.11417860154832,47.97252732229975,48.34231105325441,25.254764747490814,0,105.09406042119096,10.0,0,0
57,1,千葉県,27.083285899074227,128.57797847848144,84.26438140326344,63.65606070553184,19.670301084285708,1,96.40622060710064,10.0,0,0
52,0,茨城県,27.51315580317044,121.94631858353642,132.5525479956223,42.25536320701357,53.62752646895167,0,101.64235970273968,10.0,0,0
44,0,鹿児島県,22.51341687242801,81.56062411970059,90.34525725412836,40.693869521680114,2.8764739423345382,0,88.80341250614376,10.0,0,0
63,0,兵庫県,19.79481642716029,122.38832107425924,37.6338517931635,60.89831147285393,22.567759319322164,1,59.61069332396663,10.0,0,0
66,0,群馬県,28.86428568299198,148.74465331556834,124.3532226637534,45.34128109641874,68.51118778428737,0,105.24197372204335,10.0,0,0
43,1,兵庫県,22.010005567824777,126.40457969783837,115.62428160444081,41.12960657122363,12.69262573922075,1,91.3088722940353,10.0,0,0
70,1,愛知県,28.4657635126338,106.22003779319249,53.07018580125383,41.70970157870406,9.342649012885786,0,90.20304584288138,10.0,0,0
55,0,北海道,21.812040468423554,133.43501449175494,105.04282733824212,51.14501669890932,4.177606822283875,1,70.13319754802343,10.0,0,0
40,0,愛知県,20.4525344314101,114.33792413955561,41.217624111166494,41.896180907475774,27.433358319846718,0,68.20195962486686,10.0,0,0
47,0,千葉県,23.96407632919575,136.76980900633092,32.45419529032742,42.534940797731984,13.141003843754454,0,87.24491864510395,10.0,0,0
73,1,鹿児島県,25.255117527007908,129.87027841062337,78.27571419512299,40.65254444076687,10.928387366906781,1,101.83058877225065,10.0,0,0
44,0,愛知県,23.954665799445294,105.73130566164171,65.98496399950157,46.258447327441985,17.085465884909354,0,98.03159789236453,10.0,0,0
40,1,山梨県,25.075683855666146,108.12811975207323,112.43008194347804,40.74159685268844,7.33421421154705,0,78.21387004491244,10.0,0,0
73,0,徳島県,21.02140835107804,117.4121525177728,92.26617717175732,42.05689670996949,20.166139110110056,0,86.34550960438561,10.0,0,0
52,1,山口県,25.29960914728264,136.76605101438906,51.76224613945075,60.82714078939648,11.316126346983939,0,104.66493647978274,10.0,0,0
71,1,兵庫県,31.885368183699086,142.86458239740827,61.60643542840088,41.443359462515936,96.93923097973034,0,88.50848436297012,10.0,0,0
70,0,愛知県,21.581493283783168,121.9370154445705,42.9322329504976,41.55231420229791,6.7730420911436156,0,91.96056336021095,10.0,0,0
64,1,岐阜県,22.390084410560753,106.63638042967314,106.54697353803995,41.55722851227517,37.57784696058819,1,70.04674608882728,10.0,0,0
50,1,愛知県,28.13323978503308,135.7124414127556,209.73610528734793,30.533685045302533,9.915244212910062,0,86.67672583644772,10.0,0,0
45,0,奈良県,20.789721848168423,103.70801307792802,29.186264351808855,41.009330455902514,2.0000623005194584,0,97.04576971052307,10.0,0,0
68,1,大阪府,20.036852039001445,111.406172384743,65.45000856328514,42.51305266813975,10.836376503500677,1,98.32343632836316,10.0,0,0
57,1,兵庫県,22.10165194011178,129.75144158794467,117.25627832413582,62.20540301872143,47.704247168698856,0,81.88808729542632,10.0,0,0
52,1,大阪府,19.98648472658796,131.45234313543503,107.1992426093281,41.72510514631923,25.099312959372273,0,101.46161372418428,10.0,0,0
58,1,山形県,26.369665669363258,143.73424290414587,55.552954772597566,41.932555772877,12.109117900499959,0,83.39940714951543,10.0,0,0
52,0,山形県,27.11934542819757,133.44625253925375,161.53680502780523,41.39854441163352,20.70854061208292,0,110.78871432068169,10.0,0,0
50,1,山梨県,16.282625376701574,112.76680708545351,32.182076424505624,40.66600594123626,2.3727359959569188,0,113.62078321110967,1.5433681734777271,1,0
71,0,千葉県,25.315412848483405,162.39569113890613,115.62624962386934,57.13888658052348,46.25652885851428,0,110.67474303944608,10.0,0,0
61,1,愛知県,30.064437350620405,129.67065058512813,107.46176502031499,40.9279958387028,52.547790468809936,0,89.69972934087235,5.112187180983032,0,1
42,1,香川県,20.393886625298595,100.23092316288562,31.27379303147181,41.27170611888275,4.495517750435364,0,84.22256745627365,10.0,0,0
70,1,神奈川県,25.696861850592768,120.27100267100225,194.71005200455576,34.87856364630118,8.424559385650829,0,120.17601807279675,10.0,0,0
51,1,兵庫県,27.12249184943115,126.31107201592553,51.21953254503114,62.29589724847375,44.48412673154006,0,83.95531817158877,10.0,0,0
45,1,兵庫県,25.988554473936933,123.95701746931516,93.7498742062269,51.083908841496445,37.60206271797025,0,74.65891387014067,10.0,0,0
53,1,兵庫県,14.689215665372831,73.06638633376838,23.34417342679392,52.72292283290172,2.0781044488597145,0,60.86328894546743,10.0,0,0
47,0,山梨県,24.25451199604149,114.95665617788259,68.06746794650252,58.801826665543594,5.762377388711718,1,105.56054963284903,10.0,0,0
54,0,兵庫県,19.14513193275145,132.2947451429659,112.51255684537234,41.91404556471545,26.712697848550878,1,72.45328267883019,10.0,0,0
52,0,兵庫県,21.803213505359984,125.1097193498364,78.92216118704224,41.765763407050976,21.972285750883447,0,88.19013278907507,10.0,0,0
52,1,東京都,22.864320820184908,150.54972010821643,9.676510698865403,77.68008057547739,9.258749868600555,0,87.835838504087,10.0,0,0
41,0,兵庫県,23.67732790960878,81.35466463271419,70.36931331138764,41.62676113400212,9.319358891367196,1,63.36613775820526,10.0,0,0
66,0,東京都,22.75524723804968,139.73425514325302,73.91648238450489,53.69483134997758,22.092976210616882,0,111.63415664990043,10.0,0,0
56,1,石川県,23.158254063937118,133.4373303486375,106.41656447980102,43.09729460452933,26.967787470699772,0,93.10918366257249,10.0,0,0
66,1,鹿児島県,23.704117171882796,138.52396315782912,88.0923441408749,39.669175578947915,12.635175041049285,0,91.69534705597859,10.0,0,0
43,1,岐阜県,26.147540580685174,140.16841546892724,80.9568519473456,58.799439560265334,65.3952128668547,0,87.19355070793479,10.0,0,0
54,0,兵庫県,20.95160442655136,137.1646321887749,28.178506847622533,41.44058598459512,3.386918125099433,0,88.1566659330555,10.0,0,0
60,0,沖縄県,27.081875038234887,142.04661758391603,93.64378306014777,41.00004504600729,34.566694768541346,0,105.46680185388158,10.0,0,0
61,0,埼玉県,20.44994947191884,136.52547168730288,33.035696805146095,40.47734027040885,5.988395697636147,0,92.53364369916493,3.206016853066993,0,1
71,0,大分県,18.078234450350916,96.70230991878769,64.55430176574882,48.337241031569,11.982659728490855,0,74.01985758399493,10.0,0,0
51,1,埼玉県,24.815421901245898,148.6154123439108,49.15275681477544,41.31518034072375,42.000302199077765,0,79.8043045579219,10.0,0,0
61,1,福岡県,32.38822502260874,166.394521411093,273.25660786410975,57.236766466207314,39.75542241232756,1,110.66784076644034,2.8390201115971583,1,0
43,0,栃木県,24.226765960715,142.87233903586622,32.99977394708896,40.96706122761392,10.36694608036688,0,81.58175436475146,5.938230422307445,1,0
69,1,兵庫県,22.00855747386366,110.17503788439959,98.16006857027449,53.904592655536646,5.822131036905693,0,93.73037019846501,10.0,0,0
45,0,大阪府,20.445164292569878,111.92164531136578,48.44773046224259,41.29933058352181,18.082295937392992,0,81.17639478682761,10.0,0,0
72,1,福岡県,27.14022359561471,131.85838735258594,88.90684309662488,41.177714997745426,14.038724254563117,0,84.86552601044197,10.0,0,0
50,0,栃木県,28.125895789735026,120.66526369203349,75.36194563687921,56.074634341758596,32.31184995839902,0,85.94739361653741,10.0,0,0
72,0,東京都,20.84979033847115,122.52990605278544,142.42468878819568,41.64962795034046,6.0976845029100355,0,85.8292488255922,10.0,0,0
69,0,兵庫県,26.334475103474794,148.80175031515142,151.21276768341139,41.63209418406891,10.914675600939564,0,125.43637370661959,10.0,0,0
54,0,兵庫県,25.31280472007749,120.92620456797651,61.19654615904782,42.08940696908119,11.802617080358784,0,107.70441252939831,5.2983392912901035,1,0
50,0,兵庫県,22.48742891825946,156.77935305347677,98.17665720824303,41.12477081123165,15.645810189147118,0,102.52193469530344,10.0,0,0
52,0,山梨県,22.755448437396822,144.1783913223646,46.39563446158665,41.356892220441374,1.622120430701034,1,79.64733754638473,10.0,0,0
45,1,兵庫県,22.36472241790445,122.19980019815544,41.55359948361736,39.64176529534019,16.86305927842593,1,82.89757510728849,2.8390824859323947,1,0
54,0,兵庫県,27.691317936901203,162.1525370292831,57.017926900346566,52.72296993903,27.345588877121124,0,101.6009429001874,10.0,0,0
42,1,山形県,28.121292109485903,153.21357076813112,186.71039610364716,45.58995870141817,22.24932837554714,0,118.01755173879906,10.0,0,0
54,1,愛知県,20.573695859530748,115.10551978583064,164.72681620106863,41.36156891708895,17.80314998036645,0,85.85733057441752,10.0,0,0
58,1,富山県,26.890626138108548,134.62378326836009,76.78959647585256,53.67106667805788,25.00640797626431,0,116.12101611787033,10.0,0,0
74,0,神奈川県,18.698809480097538,133.64297375352893,44.06349941544077,44.5663523823085,8.701615715781838,0,90.8829075186215,10.0,0,0
40,0,兵庫県,18.0229187378966,109.90251605482528,42.30772868658507,53.930245693614445,10.431839803920935,0,66.54192411573709,10.0,0,0
46,1,兵庫県,21.18681609136892,90.34719837589692,36.05239791061817,41.69231154435337,3.6113388296469466,0,66.23904616327351,10.0,0,0
62,0,東京都,27.73718811194092,130.61374519430495,85.35034828926604,62.02909767200031,6.970995175412149,1,116.59349739581361,10.0,0,0
65,1,大阪府,21.28014608023936,94.31632052235823,46.847436952994364,60.66062486447412,19.465230685659826,1,70.32301377747343,10.0,0,0
40,1,兵庫県,26.5109554994747,139.47942280694383,171.20174224113353,40.935905441903365,42.58477196275788,0,100.63237620737603,10.0,0,0
68,1,富山県,28.806068563212904,144.0527717137752,421.6421988738612,41.532526452797924,89.18868683815614,0,75.89887949528892,1.3544258332785397,0,1
46,0,兵庫県,26.088740782572028,89.18354416819808,141.32895807905552,59.53987145324907,33.74239343421585,0,113.34369481540585,10.0,0,0
52,1,兵庫県,30.099241841681412,138.1799248903778,183.0041984398251,41.382373599716,25.700125626214128,0,96.40640480519939,10.0,0,0
70,1,兵庫県,19.68958012210708,108.02105831051314,43.18041616944199,41.80977518452469,7.542689346804985,0,87.12311515476927,10.0,0,0
69,0,長崎県,23.357020013950407,109.91332612504456,34.91002628034108,42.1100545348525,13.261409621296313,0,93.31685576452271,10.0,0,0
50,1,兵庫県,25.605260657294775,100.55068792098373,97.41669293499723,58.41325471171691,3.986797755953422,0,110.08924310645767,5.672965783533484,0,1
70,0,大阪府,28.821538495110044,114.05707018687107,125.49801908190427,42.58565554433457,31.068827467137123,0,103.08458901861151,10.0,0,0
43,0,山口県,20.73296124383202,98.53617683273576,144.1140139297107,41.66519217099047,9.625630916976645,0,102.48003509260798,10.0,0,0
74,1,福岡県,24.57391827626666,158.315663161806,376.6299720733307,40.68999473605747,40.21342471783109,1,91.49191365257948,10.0,0,0
43,0,兵庫県,24.79561255530015,122.45696535401885,53.04291697493187,42.6123575205269,25.545907602184176,1,123.43169852867288,5.36573140618499,0,1
54,1,埼玉県,23.076887508206404,118.93732385648933,142.91689023571445,52.828962605707815,20.82046808564765,0,109.13603655082333,5.288240373836567,1,0
66,0,愛知県,20.648104787687664,99.5774089876213,125.22900614225422,41.37630902722666,5.243434832990368,0,90.3211282472931,10.0,0,0
71,0,兵庫県,18.140975041053718,157.66425914549131,148.6684403908055,41.749101406727,15.968035307075644,1,99.67043563085683,10.0,0,0
40,0,兵庫県,24.208570227239967,104.57219420880358,61.97172614693227,42.13932910922499,2.6660496111197736,0,81.77015284961246,10.0,0,0
45,0,兵庫県,25.12255834005408,128.2110759175835,206.3817756375475,55.79094353599501,13.237903277541369,0,103.15114342979878,10.0,0,0
72,1,山口県,25.167590253074568,108.71152009630953,223.18460860141013,41.39099632030384,40.8514932399661,0,100.0680367948584,10.0,0,0
65,0,北海道,22.31079757307089,128.39879580897588,70.31008491712211,41.4381791467443,9.292675611938904,0,93.58767154500879,10.0,0,0
43,1,兵庫県,25.551813263685617,120.60207340429469,159.6305077693729,31.63955292789926,12.964206905619127,0,86.9444817335782,10.0,0,0
42,0,沖縄県,21.158262012443224,107.95118620571718,58.15546965918945,58.77085008065502,8.296790083405053,0,73.72671850839835,10.0,0,0
69,1,東京都,25.85270274461564,140.79450755621508,106.53911215771,42.391942874906455,10.33431991424297,1,101.01137863236177,10.0,0,0
46,1,千葉県,21.01994752796044,106.16534299305785,104.23729113202852,54.41861151225763,12.700722005818914,0,81.77667280950479,10.0,0,0
51,1,滋賀県,21.930033180590634,119.73912415538422,19.20585035406545,44.255522852230285,8.991074659157064,1,80.14644045648167,6.65801429215091,0,1
48,1,神奈川県,22.347376579807868,107.04421460997412,117.23907949499673,66.46598161306126,33.81551365180097,0,119.163629051712,10.0,0,0
45,1,岡山県,28.45971465742372,157.58357505373897,309.5186177235674,60.80732290073192,22.125587751647675,1,99.29862202470294,10.0,0,0
42,0,神奈川県,22.366441816637202,135.3440378663608,36.67067530493926,48.57945899184846,20.645441528636052,0,74.54092639234094,10.0,0,0
54,0,北海道,18.919552675397547,110.64761414061712,71.08158427565613,41.32753192912878,12.0955588756629,0,85.85905774386427,10.0,0,0
74,1,静岡県,18.854437569743737,129.86032864423885,77.60215598480795,40.36466655154672,2.577125501633545,0,87.14593262161587,10.0,0,0
62,1,山口県,27.143526042878815,144.18727105001167,133.21433856487644,58.23080771671617,85.71671568470353,0,108.11731726950423,10.0,0,0
45,1,長野県,20.9115187044517,137.4107435221801,79.75097061239929,42.63101940887654,29.786173400240482,0,89.01332041885779,10.0,0,0
40,0,埼玉県,20.985167745589106,134.05706848407277,44.234555392222255,67.8967042685528,24.708029960253665,0,92.64568259750773,10.0,0,0
43,0,兵庫県,22.63878115780974,115.55963874417799,89.02112227536927,56.16103152021881,25.004896138004025,1,85.46410684096683,10.0,0,0
69,1,兵庫県,20.183491095180482,128.51741730748648,112.58626030154353,41.59225683540967,9.348723557218072,1,87.21370940964988,10.0,0,0
43,0,高知県,26.393178531026,122.0942660536969,34.75008958607944,41.79463577803926,9.122115535607346,0,70.34522591716055,10.0,0,0
50,1,愛知県,22.615847887554697,133.77875551493136,368.34463021409647,41.58418081100984,12.769666310455277,0,107.92831747692891,10.0,0,0
68,0,栃木県,20.101408223648406,92.22487503566462,29.18649757152875,39.5939852567232,3.532738251044233,1,75.95172556459447,10.0,0,0
40,1,千葉県,25.752095334316508,120.5175554675587,15.25866347284278,68.03220013143726,8.057596332071741,0,100.70962967105503,10.0,0,0
73,0,兵庫県,21.457056856395425,138.9867355568954,181.49122224323585,56.23032096267573,18.194871769731932,0,83.41921032083789,10.0,0,0
47,0,福島県,20.75005385608503,115.69427812013484,39.168815753216236,44.876760830956876,19.130640076498405,0,73.84031356162667,10.0,0,0
44,0,鹿児島県,25.77353079764563,148.52792971856553,260.50021184144356,59.634032001599856,14.055822805112687,0,102.11812839942827,0.9841384466257046,1,0
60,0,静岡県,22.41714170120151,115.54502332021757,93.82563060765708,41.10909275800507,35.1042751018164,0,74.54300525468891,10.0,0,0
48,1,神奈川県,16.287239720359374,104.87712875166147,98.15413372686001,45.23922035366737,7.325111898708707,0,78.68509444309495,10.0,0,0
72,1,福岡県,21.925900867598937,163.09743164453803,46.16457494823557,42.85289224670509,6.143207313643568,0,116.56625857666087,10.0,0,0
52,0,埼玉県,23.2609572061509,144.20523090443083,76.68906601699456,61.81925138673992,4.250528481018227,0,89.70043997019441,10.0,0,0
50,1,兵庫県,18.810979817835154,124.27974207731879,63.13381516058598,42.03282437104406,7.739309237704076,1,61.09633882747238,10.0,0,0
49,0,東京都,18.829188312052928,93.24578812473229,37.62918230598034,42.4978580640666,2.962483157893996,0,97.20470816922513,10.0,0,0
71,0,東京都,25.08239556739332,157.57517360228076,157.87701117650556,42.25693597782019,17.891465422911345,1,112.57417592503849,10.0,0,0
71,1,山口県,22.74279754359512,179.81726123203123,127.1076411034656,41.16849702147436,5.999091749099967,0,103.27386433386809,4.228966295985015,1,0
42,0,千葉県,31.032052962744444,131.058387613085,103.9252405579464,48.84986672178934,51.867760867499584,0,120.18499826152996,10.0,0,0
70,1,福岡県,23.648122494029803,139.32749191747914,40.32486610754917,46.18577656884008,6.875796685261716,1,68.39498484926654,5.427348197873204,1,0
54,1,兵庫県,16.64459219935771,130.96726523183622,132.42444878081832,41.918714649742704,25.4233321330362,0,95.791209131373,10.0,0,0
62,1,岐阜県,25.549709593137003,134.20758655317,41.60732652140017,41.06093020155052,10.891707694786833,0,98.97718297842823,10.0,0,0
55,1,兵庫県,28.042491957143103,133.91558404795222,145.52916725375636,51.995445149771356,63.51134938845763,1,92.35942228445907,0.5762768537078966,1,0
43,0,山形県,23.755031070645742,156.32853445482925,61.19920710480261,54.78415388057472,8.54833301475457,0,76.51273027728658,10.0,0,0
51,1,兵庫県,22.31000908791848,94.46400216865737,27.34315959328612,41.557385447482424,13.253388222786802,0,73.56516914200806,10.0,0,0
40,0,兵庫県,22.035779700819393,114.09311478088173,60.960142148685264,41.67345718545811,10.819816624324528,0,92.00186323860427,10.0,0,0
50,0,兵庫県,25.36092696710237,130.65730591450824,155.44949798871212,41.618685318531995,15.625673678634396,1,75.34606631586641,10.0,0,0
55,1,千葉県,24.60549000547879,129.66893673125563,103.25002736740448,40.9281560274136,22.414770914590207,1,96.40956694283949,10.0,0,0
46,0,福岡県,21.579291357091744,104.74128962427314,74.10220071548196,41.79125853988715,5.73398026425143,0,94.66091116865816,7.442095160186876,0,1
52,0,愛知県,19.078512040820655,104.87678015033295,56.43773324107614,34.08003345867726,7.811123708919262,0,80.50239214236906,10.0,0,0
53,0,兵庫県,24.191625390247385,135.3455254578075,22.312327517474003,57.01039425575408,33.438594847576134,0,58.9923945766335,10.0,0,0
42,0,兵庫県,17.291992443623617,117.42359841791688,29.385571290169626,50.3793083436761,11.63850129498774,1,64.76008934137054,10.0,0,0
65,1,兵庫県,23.042106920136078,73.06415313188006,68.06841256967432,41.24477592447135,4.711888461893658,1,91.11356932812082,10.0,0,0
66,0,兵庫県,14.590407225673456,67.5372181184876,17.505482784583084,41.537601001849005,1.896391008544008,0,87.7952978932579,10.0,0,0
41,0,佐賀県,20.42708163239748,145.36344409483496,48.147805776057204,42.5066760806394,32.810451200123325,1,94.81054941601138,6.61477967883799,0,1
50,0,愛知県,23.555897063175745,120.46277552131383,28.741843966391535,41.12633880624714,8.077085999084819,0,67.43130505095684,10.0,0,0
50,1,兵庫県,23.85927525711136,134.40472117477898,71.1012877180608,40.5704083164917,8.454052509875382,0,97.91085843506971,10.0,0,0
42,0,兵庫県,21.55021451512702,74.7360519306455,33.64321312029853,62.29039377595738,16.029518615509073,0,84.49829747725391,5.467010331221132,0,1
40,0,福岡県,27.3442459083709,96.15713875334536,57.75844661926497,41.31835718549664,12.719729706817125,0,97.10207338213748,10.0,0,0
59,0,沖縄県,25.108454501366023,137.9488529903258,167.6772358193714,61.92178023736932,40.90622013373494,1,81.570551314089,10.0,0,0
47,0,兵庫県,24.910230632009995,117.60593242039374,92.05519794239756,41.82328386680844,67.59312672049828,1,79.42322591567074,10.0,0,0
40,1,兵庫県,22.74715404006632,113.65879639154748,47.58753352749022,41.00091151062599,16.520637316356925,0,88.08412212042033,10.0,0,0
45,0,兵庫県,18.72906993418537,115.62484535458715,171.31820942199343,68.05955338588223,5.388848647672781,0,72.3277085272281,10.0,0,0
66,1,山口県,17.018823002029432,127.18324023727065,37.21556937154225,41.25873896131122,13.303853128101345,0,72.31407752816799,10.0,0,0
72,0,東京都,10.653246749152773,71.49508326229169,25.926715952495325,46.589423395233155,2.889693398445302,0,67.78739138612376,10.0,0,0
71,1,北海道,29.4698152840604,110.34536145347629,249.5633241912128,41.412302848930985,9.373673296567983,0,120.58021741528786,10.0,0,0
69,1,兵庫県,22.639568808235175,133.6197663908872,62.31826859215132,41.84398264686349,3.0093057993127097,0,73.98250072174997,10.0,0,0
40,0,静岡県,25.377865872122392,126.4606958901615,89.29860082917921,54.65833166116108,8.31229855708036,0,87.40240646679139,10.0,0,0
51,1,茨城県,27.575956998720816,134.06143950278513,98.73998832592491,41.395779497353324,19.442207439582663,0,94.15359910115076,5.952483045319001,0,1
55,0,静岡県,25.29291225296283,124.29096456914657,52.48465815714665,42.22543507668928,3.070432575181982,0,84.89972389100775,10.0,0,0
66,0,神奈川県,20.84455317557264,93.27872521316563,36.68770924773911,43.27507359949445,31.605713858470942,1,75.33620727288113,10.0,0,0
63,1,兵庫県,24.863694024668174,110.94734124984082,160.88793590353242,41.203871889024086,4.067023554471633,1,90.7652209464001,10.0,0,0
44,0,兵庫県,30.85561627007643,130.2341602396594,60.11385385805035,42.12536417288135,20.02300908617031,0,78.77353879351747,10.0,0,0
45,1,山形県,26.40020101405736,120.6449642913067,108.64740659949541,40.685774394635835,76.17936236962328,0,120.56706714029616,6.733998659142308,0,1
64,0,福岡県,25.700146715539187,143.54832282263598,107.26455484538742,40.84316076640955,31.119059210177788,0,120.16138233041416,1.104174460924066,1,0
63,1,兵庫県,21.75310640337158,141.08155363880638,14.801774034265591,40.64226847033854,2.8435624367644636,0,60.182501336035095,10.0,0,0
45,0,兵庫県,22.253900186845872,162.1113765476369,83.68053978849203,41.42428774022001,3.524462005088965,1,87.40174315688958,10.0,0,0
41,1,新潟県,23.484676705027958,93.2482938484824,55.60457997063469,41.09025181146482,25.732262577799,0,76.97938949215586,10.0,0,0
50,0,石川県,25.12380388866089,144.45682806708515,88.79057840844398,62.848790753692576,12.17509610133171,0,100.10759561445205,7.6119229954422405,0,1
60,0,兵庫県,27.098459557998087,146.41659283501374,117.27831170161754,41.95625909368787,23.303736411086852,0,102.45669658808912,10.0,0,0
52,1,沖縄県,25.35610004581197,115.51900300911038,169.26588439715357,41.13610519882524,11.084433371086204,0,90.47175930979998,10.0,0,0
47,1,兵庫県,23.332459977689194,133.5301293157673,119.4422704366145,49.900000569280486,65.54690600953336,0,107.87708224978022,10.0,0,0
40,0,兵庫県,17.293720823020546,111.28272795793629,33.91848659404411,41.08818971871021,5.834384702575141,0,73.56191994356875,10.0,0,0
61,1,東京都,24.64178812233458,143.35887306619745,91.35510725251382,58.33084624639145,30.105734564623084,1,97.07075167930594,10.0,0,0
65,0,東京都,28.4703483906567,163.89915427837585,291.259042213356,41.84426217999691,23.516977490004525,1,96.5886575335481,10.0,0,0
46,0,兵庫県,20.672394989299743,123.2658218646143,17.332616340265,61.82972583859122,3.099588806381152,1,70.68873988762005,10.0,0,0
52,1,兵庫県,26.469005043220413,126.8178360677142,52.43024694515098,41.182018992066794,15.974779665968114,0,61.18521821078891,10.0,0,0
43,1,京都府,22.30625630549885,112.98170183256258,50.33858319033479,68.52228060232129,28.714156910978687,0,92.64263952873098,6.435404406439812,0,1
45,1,埼玉県,23.80191322114254,112.27626710868019,46.48306917035938,41.309647501303495,23.270652375305897,1,100.73216326727177,10.0,0,0
55,0,山口県,23.320481081808794,144.80283987213394,21.446093824707816,44.696469654454766,15.531283480847332,0,100.48096810149981,10.0,0,0
52,1,長野県,26.014418670100586,121.39019921416617,184.1344170652598,41.902752514150755,15.326871992086748,1,94.8504657656057,10.0,0,0
72,1,奈良県,22.353290250780674,132.30113178874126,152.5659713343738,54.94871230957349,18.965777640284312,0,112.5077039162459,10.0,0,0
51,1,岐阜県,18.15180586161505,79.2531003658733,66.57730327360733,41.48243006001913,7.229063529318579,0,81.49148408281708,10.0,0,0
44,0,岡山県,21.8753063007868,88.29899181386656,88.03354963191263,49.912483160329586,21.013925380639403,0,66.65311624633668,10.0,0,0
53,1,兵庫県,21.842071384100873,127.86122115249486,126.34782889769761,41.950858037993655,25.909646949806046,0,94.81502505925046,10.0,0,0
58,1,大阪府,20.401504511481683,125.11501597926933,46.60200077723714,35.900345471423954,6.096503876780729,0,82.93174088209685,10.0,0,0
44,1,神奈川県,31.861056817835774,119.96293699395662,175.89203893975477,42.10423056615095,67.95949938200604,0,103.49478103703491,5.724162256875676,0,1
51,0,兵庫県,29.443394221724937,131.71039648996472,74.681795265099,56.38026981474584,91.04560079651759,0,99.9468999961654,10.0,0,0
58,1,東京都,27.46204561877789,113.6583631879031,160.94051308598685,41.99302067673848,21.01395256892877,0,78.84958126033386,4.030317050003176,0,1
42,1,兵庫県,22.272948233810173,103.1304435955327,33.71024791232764,40.88412238022359,4.12701199145262,1,83.79451814308588,10.0,0,0
63,1,岐阜県,27.993799902681346,147.70350423807054,174.05192328361576,41.84007099135187,8.308105360442893,1,90.38128148663824,10.0,0,0
45,1,兵庫県,28.965871831517664,139.47982505005226,88.66091037833303,65.10565850849848,33.04205670539927,0,80.53619124645492,10.0,0,0
68,1,神奈川県,22.327990590109312,121.59232664672827,73.27886417090534,71.53916698250187,21.02769625216972,0,84.97914950379518,10.0,0,0
47,1,神奈川県,18.135583435910316,113.97909008323573,53.79664255145152,44.46863524504502,13.269795721626851,0,66.68814734279972,10.0,0,0
70,1,兵庫県,24.360008357982842,121.72354236187076,145.90732299535452,42.373012566951935,20.1976309347784,0,95.19501034768707,0.37938361306117735,1,0
70,0,東京都,27.445761744244138,142.6445298571654,45.03514434169628,48.57603966217821,25.09879236637428,0,88.43340462687446,6.735640970217456,0,1
52,0,東京都,19.153041498038128,97.2834729322054,52.69899360900144,49.90381532167146,6.831877652422661,0,70.34703846480639,10.0,0,0
56,0,神奈川県,22.026012274430485,142.1987512752695,37.332038483811,41.62544218844554,28.646936416505778,0,101.01204875823994,10.0,0,0
70,1,兵庫県,19.90703406770064,143.54540525597938,18.218512574539673,67.54157114768287,2.3648960195744015,0,107.8907949485321,10.0,0,0
56,1,兵庫県,23.452154462585174,116.47527400904514,151.20394375137252,40.651441809964446,4.0308176596264875,0,94.67802715123997,10.0,0,0
48,1,北海道,25.255785660225595,132.28821084860257,50.3689255184176,41.81039931905075,15.2116959235794,0,91.46979141709956,10.0,0,0
72,0,福岡県,22.411862422933968,141.44897838757296,37.35348612587055,54.4111052702312,9.735728284374423,0,91.32788253365884,10.0,0,0
42,0,北海道,31.83616151551318,153.1164912568589,219.82309014174643,41.79356675978428,22.20581578288067,0,115.62496062503672,10.0,0,0
52,0,愛知県,31.0381867847772,139.2199208203034,107.4260485920042,41.44957502208179,37.2969285903092,0,116.59861769415824,8.292609503496875,1,0
57,0,大阪府,17.220999894652234,115.10218808708252,60.982374373979944,39.682283376163696,16.507023958146917,0,69.3127388965675,4.1649696921656725,0,1
71,1,福岡県,20.600892447570548,143.297767795079,224.19063253674963,62.18034478348239,17.296191286957967,1,84.39968021548742,10.0,0,0
40,0,鹿児島県,20.58183488545253,108.77256730764228,78.28407679560709,41.723268749311806,18.112309561412303,1,82.33693876384369,10.0,0,0
49,0,沖縄県,19.37706401029875,115.4242597885377,75.97449228361322,41.75907319841785,14.98896940929308,0,92.12962039234725,10.0,0,0
40,0,佐賀県,27.3759304079931,106.01848226899816,95.64274315275034,41.93924799777676,20.561559245293996,0,94.29944906837977,10.0,0,0
69,0,長野県,24.757161689837012,142.34948725971827,86.09434247553757,40.9403210516216,10.48668262658852,0,107.17150473626997,4.19048535647256,0,1
46,1,兵庫県,24.367598850357485,145.47554973142962,171.82243476188256,42.58358005986639,27.386459126502373,0,98.27642312101578,10.0,0,0
45,1,兵庫県,21.813453138679158,127.3092990049438,77.23053332302385,47.42252008618622,13.93637602698303,0,108.07350831580656,10.0,0,0
67,0,東京都,28.54397045281473,126.91468976993676,107.08286877996609,52.847457541474256,10.276497198121318,0,110.68256311162123,10.0,0,0
47,1,兵庫県,25.19228102209388,122.8307980028044,214.43030136405503,41.21057128123853,5.029468688014243,0,118.11096030203773,10.0,0,0
69,0,神奈川県,17.030886034933186,85.74672229181782,36.95746307793237,41.1254950213817,7.05653002857881,0,58.42624716426876,10.0,0,0
69,1,茨城県,19.497481412540168,113.88424082731517,53.87819769761635,60.21053316416834,7.152915188518335,0,88.75625995104464,10.0,0,0
68,0,大分県,24.01051198646237,135.66347521551097,78.27931646017323,64.80573664031972,14.580636635501447,0,93.6989549488489,10.0,0,0
59,0,埼玉県,25.314562387238894,146.1484004593889,106.40247095896171,41.153770973594774,14.572492473324106,0,74.52995491620091,10.0,0,0
69,0,栃木県,20.901347142674698,99.54374760325582,230.42112009408632,40.712998195367106,7.702467061254191,1,100.81115802957332,10.0,0,0
50,0,岐阜県,26.4012684054968,147.43838098446304,142.753574178784,41.744755184350105,20.815075027675178,0,108.159454800618,10.0,0,0
45,0,千葉県,21.038084299732443,123.07189906662612,38.43740333042435,42.077144764798845,4.51188469977976,1,66.77054756221064,10.0,0,0
46,1,沖縄県,16.31770125482455,114.06024951682429,22.442411192217836,66.48606128283356,2.695716134288451,1,105.63542475963804,10.0,0,0
57,0,東京都,26.11918710804648,128.97402764025068,95.87540022742003,51.51572888749498,15.02462890538363,0,85.89676770122317,10.0,0,0
58,1,愛知県,25.38710193674361,111.66250366647114,41.527854616822815,44.59212948803688,14.264441369717192,0,101.84279677260528,10.0,0,0
50,0,兵庫県,21.061653368223972,132.74551356089165,102.29459651556185,41.53353340413015,2.897107878532189,0,78.13230754632407,10.0,0,0
49,0,茨城県,27.664993093047528,155.77895904750005,61.938064541952336,62.14832354196544,75.78378670729263,0,104.228774035768,4.693498777624004,1,0
51,0,東京都,22.79173552104883,128.82569796569138,74.60849952311453,74.36518576019324,39.198574235669604,0,102.93760513507854,7.510507186492261,1,0
50,0,兵庫県,18.312155556624347,91.98958497387085,33.68617658051549,71.45189140435241,3.9091676065003775,0,80.50334223025247,10.0,0,0
63,0,東京都,22.87669237936147,125.54900050696412,88.90608874417707,41.650635882922494,14.595532696332866,1,103.22364847070564,10.0,0,0
48,0,兵庫県,19.30786156433647,95.77856583744294,35.18022507633589,59.6437223256522,1.2245759750491778,0,74.7524804298755,10.0,0,0
52,1,神奈川県,21.717170367913024,114.33792736082913,42.527360440481075,35.63924329199495,3.3953107675422833,0,77.9786272997705,10.0,0,0
65,0,大阪府,25.70230178338513,108.89657343706324,125.41738425920968,41.931281399350354,27.15825513589845,0,83.76856531818576,10.0,0,0
47,0,兵庫県,18.669820564755852,93.0676824622748,121.9432164900586,44.162421509580824,14.757127209480378,0,72.29120685472606,10.0,0,0
66,1,兵庫県,24.97301629804196,132.28885420773938,58.1433056963337,39.03729203766096,4.383396640812657,1,78.23856044853257,10.0,0,0
51,1,東京都,14.505994169609307,89.1425895653477,46.567743812886185,41.67836387200322,10.175316150202663,0,68.48336804257237,10.0,0,0
70,0,兵庫県,26.82477186857931,141.96131762570212,326.4580414724305,51.08882078538543,60.384796169758296,0,124.51851469881801,5.209893637464236,1,0
43,0,兵庫県,22.948048758760677,145.16352320829324,10.153699085071375,40.42512704529421,2.317268850986056,0,100.30929936646216,10.0,0,0
41,0,山梨県,25.24226543761389,110.02379990561796,53.33410517687116,57.65976864292218,28.714093269545348,1,72.81070078249223,10.0,0,0
45,0,兵庫県,18.386796483864416,94.48009182523981,27.335054201002702,42.25036855647959,1.414060694826373,0,76.38639404357625,10.0,0,0
44,1,兵庫県,25.851255439863174,108.91203457398181,107.46696506551443,41.5579619274111,61.138837160303744,0,98.65943227115427,10.0,0,0
52,1,山形県,17.90558887862848,122.64591180145366,45.863447277607825,54.10380581186139,9.712372595402632,0,122.01861821473548,10.0,0,0
59,1,奈良県,28.442687135416325,114.47940587771662,112.30779696104025,51.168802438264024,23.154406855031368,0,100.70985302682266,3.043420161943428,0,1
47,0,富山県,21.950974896086468,104.84680064606486,80.94331282530658,40.93467190602415,12.016660289122088,0,74.20642187568977,10.0,0,0
59,0,大阪府,15.051448374532582,94.88519264466926,18.773271298481095,48.539897180366125,9.990298399893264,1,67.30099351299326,2.7735175066222526,0,1
59,1,千葉県,24.48146089276995,134.86580601256435,41.89998443450999,46.316018014129526,4.337372403417129,0,77.95956152155185,5.943667563639755,0,1
50,0,兵庫県,18.676882750094858,98.4712875775633,132.6989501401955,66.41160160814148,33.387295313073395,0,70.83493930317745,10.0,0,0
40,1,神奈川県,27.668052212986503,118.45310525329285,108.74293041669115,47.451350922836504,25.273648454872692,0,61.369042099159124,5.626337076501406,0,1
64,1,兵庫県,22.016788018081886,112.22275860670457,162.2634334192242,40.57242666134775,8.453878305977804,1,73.85020567448281,10.0,0,0
40,0,兵庫県,27.68333060971409,103.38129552137552,25.5527900926814,56.01738829715124,68.53365893645224,0,84.15280353753931,10.0,0,0
59,0,千葉県,20.66364405271867,122.88703601815665,51.31997107200789,57.35342661493654,27.818538879978604,0,105.27506222524072,10.0,0,0
70,1,兵庫県,24.855690965595905,118.39618053546025,29.40515957138964,41.89468069046352,18.273729741731092,0,80.15754754310414,8.996585958592489,0,1
58,1,兵庫県,23.43286598554304,136.82740969574948,146.53672537429597,41.017025780875535,14.049941479494763,0,109.67125313782681,3.9689297035597417,1,0
48,1,大分県,18.821326306079477,128.4679072759815,25.56486877010207,61.792781257097545,4.814703231365315,0,113.32177010583734,10.0,0,0
51,0,東京都,26.386527147577045,92.34122417673066,35.1229238803399,40.940563333204516,7.006477816232305,1,95.32362851924427,1.0290530498338468,1,0
58,0,北海道,24.244626345667633,133.22877643997919,58.36475055339137,42.28466398043231,17.519547263961375,0,120.97038246374814,10.0,0,0
65,0,兵庫県,18.774570342874465,142.45747247308992,120.51759979605752,41.813481459411655,2.3654500741036197,0,96.90834839111214,10.0,0,0
69,0,長野県,27.737719581908408,135.66810336426983,145.76553593819446,40.52484117932912,10.704666999127957,1,74.45456277095249,10.0,0,0
58,0,新潟県,24.678799411977387,135.16955555249353,142.65126813653936,60.23563012848805,17.993394636039405,1,81.17849271513688,10.0,0,0
45,1,兵庫県,21.744911684288503,130.609933333576,115.64265110005003,49.78213858109476,17.121264447095918,0,88.12946416218219,10.0,0,0
40,0,神奈川県,21.534371388341732,135.48156081958834,48.04183258618324,41.533233240449405,0.8859404802942596,0,94.15495368047948,10.0,0,0
42,1,兵庫県,21.162876356122194,116.82527171275933,61.903379659066644,42.936480819593065,6.763789594799675,0,98.30287702918146,10.0,0,0
43,1,秋田県,26.340298116500627,103.6586360366981,52.667903433220935,41.84982056234462,10.120192552430916,0,93.45487317966551,10.0,0,0
53,1,長崎県,25.13917860291801,99.34407794358201,33.93333433171554,41.96938172263797,4.242936293740009,1,81.60824348008444,10.0,0,0
60,1,兵庫県,21.544601235830754,128.03589854588515,20.221409903113862,58.24935457112892,7.720766698219685,0,105.09248763343268,10.0,0,0
43,0,秋田県,28.12267796080995,129.81206058905002,135.5847990343366,36.54682325359828,24.95870014239144,0,101.63996207365902,10.0,0,0
70,1,兵庫県,28.962115550013404,87.26323815481392,210.79482783643817,42.50354586040778,17.425357432985287,1,90.37269773663792,10.0,0,0
42,1,奈良県,25.43469109193945,118.63087168177884,128.2770561416004,57.350500670087484,20.176063649374864,0,75.73595297888055,10.0,0,0
65,0,兵庫県,23.610882194138927,131.62078678256438,81.97773940345297,46.71625445313585,22.613770370318242,0,113.79886565895302,8.051093947745821,1,0
42,0,京都府,19.575883168411224,96.2815429271468,21.298462110869945,41.211169090435234,5.5223099895588,0,69.16709309115147,10.0,0,0
54,0,神奈川県,15.908707381592235,122.64910898235836,101.29261728502954,41.97501964116788,17.38313925486459,0,79.69645022162162,10.0,0,0
40,1,兵庫県,21.637502476917653,91.68738526073152,68.08871240906828,41.74917082399002,22.193558970786178,0,93.03772987810089,1.2681932191095877,1,0
49,0,鹿児島県,10.929462172269721,114.5100040293076,71.11939007202184,41.46015798581615,4.128292065431437,0,72.9547375636649,10.0,0,0
74,0,福岡県,27.363214655661384,104.91606515165256,82.40109163080561,48.558428300517335,56.94820125840155,0,90.66335359095804,10.0,0,0
41,1,大阪府,22.72745738205929,107.78000981403498,26.685519379880766,41.89455425741715,20.77052442401436,0,93.47202986639867,10.0,0,0
66,0,兵庫県,18.017300592543375,102.64014428644508,61.5846227168232,62.093514593039004,7.488679652140928,0,97.40123532151392,10.0,0,0
47,0,兵庫県,17.40081369956052,138.77975865153383,121.673721617141,41.43469702969314,6.960447672539422,0,85.38020382252499,10.0,0,0
70,0,青森県,17.47991572133916,113.89934396729709,77.68105919071802,64.28037252085763,13.919226869543094,0,86.5345141232524,10.0,0,0
54,0,大阪府,17.110993081074394,105.81789696051818,39.11431422102197,57.52310190108471,14.220187050953365,0,98.86151718780944,10.0,0,0
60,0,新潟県,25.046730824034267,91.3567343931475,123.17222380074467,41.583256522362696,18.02911103161762,0,77.48539102526763,10.0,0,0
47,0,神奈川県,19.60488414940755,114.67194725485332,48.56519294710783,41.63000787142578,2.367580817820047,0,97.57648713479024,10.0,0,0
52,0,兵庫県,22.61588684774933,114.35036069775568,193.57848041379657,40.96409538615615,38.918707651907354,0,79.47958864130622,10.0,0,0
56,1,兵庫県,29.320437825392705,159.4573452582654,90.37316489527173,48.104682730977295,68.27863823429217,0,108.29020128989376,10.0,0,0
69,0,新潟県,20.5697055227193,129.2538413911262,88.86755611015035,41.966662257197925,10.327145330345365,0,86.77758165484506,10.0,0,0
67,0,愛知県,26.89065681798101,139.97617012715045,142.01251659725807,41.81387813908169,15.574294106760616,1,114.31150289917072,10.0,0,0
50,1,大阪府,28.301755781213448,128.39812250574155,34.465399737158194,41.31756121369627,11.076678025397769,0,65.10866495113117,10.0,0,0
55,1,東京都,24.75637710883286,145.90305406681486,52.44306805355836,54.39479096081234,14.865404642263986,0,91.30209253453071,10.0,0,0
74,0,愛媛県,18.890008859561924,163.0394670056893,78.90349116945791,54.24617547602489,1.242143638050367,1,98.143059626627,10.0,0,0
50,0,神奈川県,20.425822203734885,109.56416417384088,146.36616736150364,42.583724218924075,6.2360082631878555,1,64.85351916268134,10.0,0,0
42,1,兵庫県,27.552969115359087,106.99305215718755,184.51153829447296,41.25558087023861,22.695894437433896,0,101.220815239486,10.0,0,0
54,1,埼玉県,17.023743678579386,118.43372366565126,31.616493048040194,41.586397791693194,3.398085707894241,0,79.94722766678552,10.0,0,0
44,0,兵庫県,21.919613451190315,129.4130511084835,78.59793814548775,41.40234555137324,37.62517325278145,1,93.21892447195155,10.0,0,0
48,1,愛知県,13.276940799728973,96.12763629920828,18.259868809742734,51.35829293730117,9.341601332396595,1,59.1376770158687,10.0,0,0
74,0,茨城県,21.311415923502064,128.50188086341797,68.85987386498641,42.18556038453764,6.120255599755308,0,89.17316310555975,10.0,0,0
45,0,神奈川県,24.41664150292086,115.10527291478492,69.94595823772391,41.66598135626265,12.081096720685853,0,92.83412614808655,10.0,0,0
50,0,兵庫県,23.47130149829013,113.21765503220703,111.955440733733,51.52081733552539,33.23431360883214,0,92.46230907663241,10.0,0,0
59,0,兵庫県,15.254680478682062,99.7995331552822,47.48962441224769,63.3392690444808,2.3567463050440263,1,97.00310260082824,2.4535500808394626,1,0
40,0,兵庫県,20.49922062366275,118.52850019475613,53.208772709597035,63.15776904989515,14.19991823344476,0,80.42256511685768,10.0,0,0
43,0,大阪府,14.545091822038177,101.21509192190037,15.262579545823368,41.92642134688728,11.873855406653794,0,68.53167268265177,10.0,0,0
48,0,兵庫県,25.085750360878254,110.12908323377167,47.819963921832674,42.4944141180313,12.91793217052225,0,74.44828395134594,8.710633514233804,0,1
44,1,富山県,26.387026645399292,161.60332514668528,106.55504429045531,41.64148550433239,28.689386106096343,0,111.0132907658852,10.0,0,0
54,1,神奈川県,23.52144263377,130.9087304368942,38.469050561178435,59.3908670687136,6.227859240331228,0,84.76984568110174,10.0,0,0
65,0,愛媛県,24.17984305877509,111.24406750152396,122.1796332944819,42.092008226623015,23.51409890340902,0,116.09714414259341,10.0,0,0
49,0,埼玉県,23.502376011633597,100.01044529294741,85.24934023705426,59.58513430539671,34.885461010339306,0,107.69573646542331,10.0,0,0
53,1,兵庫県,31.96287913377343,126.72525228395,261.99571428259827,40.952659027080074,107.55520205760041,0,124.62619592599152,4.765906686386877,1,0
44,1,山口県,23.231006467197474,120.95985773712265,48.9273813031056,39.849928146413916,15.061314157871168,0,74.4692287216965,10.0,0,0
45,1,兵庫県,30.307833952491816,120.79508909499502,382.18632331714485,42.39089389596977,152.25627316830779,0,76.83902089858341,0.5304673079386365,1,0
71,0,兵庫県,24.359628527374614,132.17688487094924,112.71834181553878,53.39315088036324,39.1245324840196,0,102.12685835497058,4.222028046397644,1,0
64,0,岩手県,30.616175624212126,133.56922574496093,91.17375886631909,41.72327864323038,9.914712923254495,0,96.34346108917894,10.0,0,0
70,0,岩手県,20.59310819400023,126.31348540685063,53.2451660976151,54.546630672501166,33.382679172094846,0,87.23377072051188,10.0,0,0
66,0,兵庫県,22.92717559868134,135.7723968009558,65.92103354925221,41.441506687690485,16.731597234067443,0,100.9487074870244,10.0,0,0
49,0,兵庫県,28.96493851245186,117.10285345871304,455.0510788372392,46.96143336204166,34.35148356960957,0,113.79865003082561,10.0,0,0
50,1,長野県,22.089973154347046,104.66378442451526,61.28743475131195,73.02177028908633,6.972313787808567,0,108.18910272458031,10.0,0,0
43,0,大阪府,24.189652826660968,115.40109611101605,84.03546841851788,57.03037794858008,9.947596963517253,0,89.80616179088975,10.0,0,0
45,1,兵庫県,18.348377204653207,107.93988288985942,74.59081811990431,42.07481537320867,12.012784780506971,1,98.03515954878472,10.0,0,0
44,0,大阪府,25.400892455984387,150.47061733791736,63.1093830672545,41.061260976816534,10.768417650099181,0,82.29584011681492,10.0,0,0
49,1,福岡県,19.621031204891715,125.15054959923054,39.2110034859754,41.73922588470544,25.661155269996794,0,113.38868712368011,5.931588271059654,1,0
55,0,兵庫県,18.418227053362852,116.49750005417299,21.146766208621223,68.53116887287334,3.3984617691422003,0,78.89456589998264,10.0,0,0
64,0,東京都,26.26969053320531,146.85323625654044,211.20428492229053,41.44341936094722,28.388912763251366,0,95.68852175709772,10.0,0,0
67,0,岡山県,28.121005100346032,148.15297007807342,108.9443559386116,67.81560238258051,14.978007312421473,0,120.38091940479441,0.9172747438576921,1,0
58,0,高知県,26.690062882325332,179.33952398069258,134.68211359717336,40.98074813620676,14.615465975640683,0,120.96775401862448,2.978770736853301,0,1
64,0,山口県,20.667651285547837,122.50130072674442,79.21049883272222,41.934275832087586,13.12646072619984,1,94.3155203381042,10.0,0,0
63,1,福島県,24.306543858888226,123.06287011738591,95.37783988232225,41.81109100254588,11.983983383038305,0,65.60871010495033,10.0,0,0
63,1,神奈川県,20.193903984621826,131.45259872783015,259.3079526117615,38.98849640037187,37.555327433840986,0,108.11916041297621,10.0,0,0
72,0,兵庫県,23.9804787439931,134.5562517737165,195.61092075257073,44.784894487560294,5.6837553892738475,0,91.12312905760136,10.0,0,0
74,0,兵庫県,21.77041318639118,147.1560260875823,53.869220544796015,80.45861165019781,17.26942990394344,0,75.36367273290725,10.0,0,0
64,0,兵庫県,26.532042160519797,128.75141153558238,109.2209996245259,41.75785528686174,25.57538141570998,0,124.94531946905006,7.135000724672105,1,0
59,1,愛知県,27.405960900620638,123.03940259617258,53.88311855395162,39.20840214891468,1.2257359430742447,0,85.73173198839258,10.0,0,0
72,1,福岡県,25.983562862069384,115.99893289035383,55.58063632899483,54.567204396667314,12.0783129029068,0,77.52100367286505,10.0,0,0
61,0,静岡県,23.324389872094766,136.48148733524667,36.89104569646916,57.705746674123695,8.625509405876983,0,105.09478030296964,10.0,0,0
43,0,群馬県,28.546125263953023,140.18733988938715,171.43424181942424,48.211089147307355,63.349541572185124,0,84.64900417140409,10.0,0,0
51,0,山口県,25.074849674675516,128.23491839423343,85.61738854029132,60.170214035799646,47.74266372250878,1,118.26108792764144,10.0,0,0
61,0,兵庫県,24.506648288683223,120.46752485101537,60.7644547513578,41.32127976569659,17.003684788069318,0,97.44182152119436,10.0,0,0
40,0,茨城県,23.515259859678682,140.3876406281812,145.7556156483123,41.385835417959775,16.380326529295626,1,109.78509745470889,10.0,0,0
43,1,石川県,22.93248032133448,128.748844314868,50.44384149541603,37.02882351197972,1.8463286465130828,0,87.40779100925786,10.0,0,0
66,1,長崎県,15.175231804751608,135.70077134015114,71.85646125134258,62.96316497050241,9.939496871304186,0,92.95599459001116,10.0,0,0
68,1,兵庫県,22.60337666626317,156.87070363518959,80.23823128279281,46.74861498103215,13.792029394179554,0,65.5986653234749,10.0,0,0
45,1,兵庫県,24.306711837518698,133.3945248237498,93.2943748202439,40.783351185184365,32.5213394652709,0,101.04566656390854,10.0,0,0
41,0,滋賀県,22.99048915502189,112.22326269253736,15.549633954340884,40.57895316269609,2.680732927078691,0,66.11563807926507,9.551191760925022,1,0
74,1,青森県,23.198664475035788,120.92970455806676,44.74844415228801,41.946244796965686,2.923453202168413,0,113.63773827897869,10.0,0,0
67,1,茨城県,27.156881041657048,110.36888288288688,114.67159067947009,40.658948604614814,3.3761087485174994,0,84.78856502500778,10.0,0,0
74,1,兵庫県,26.4702085679482,126.05420248205571,292.29644791226514,48.25037127318008,36.12763543522201,0,103.15800243984553,10.0,0,0
52,1,兵庫県,22.633377832555187,126.84950573430586,117.36804017305577,42.56461803768903,50.50772766745149,0,110.89286681925299,1.407742995402783,1,0
54,1,兵庫県,25.314251073026306,129.04874966648782,85.76464005787028,57.155290936796725,97.05925114518655,1,106.92118409767632,10.0,0,0
40,0,埼玉県,22.39129263929493,85.64072639686225,94.5310756793203,41.06014546596248,16.625632568800945,0,85.09259533284984,10.0,0,0
65,1,兵庫県,23.03494853610116,67.06602405101393,9.022781990213328,42.047015843600036,2.808481504393292,0,77.9808030117332,10.0,0,0
55,0,兵庫県,24.678309941954446,126.15262231444542,112.43011501193597,42.106396131965894,9.917055731916552,0,99.45921182759136,5.126907255418565,1,0
50,0,兵庫県,29.47123698394099,144.05613841542825,188.7552716835482,41.55866078825045,5.071772770861854,1,112.82992991842183,10.0,0,0
49,0,香川県,27.309423341266857,111.28337825771419,37.54380446013204,40.5600990232403,15.419479420435582,0,100.87652585339544,10.0,0,0
43,0,長野県,21.962397645718845,128.2096963431792,65.96437129579014,49.77064445756296,8.972728188911734,0,92.08769150171086,8.427121324940263,1,0
53,1,兵庫県,26.793508635816345,145.52738181454663,117.66880656399339,40.76506958047304,8.87443534787262,0,74.72509759099982,10.0,0,0
63,1,京都府,29.76678630954348,163.90816292624888,149.911137803948,46.52906441035729,15.328034307239111,0,125.3422263760444,10.0,0,0
43,0,奈良県,20.648063891825714,88.38058468877227,105.96004169424774,42.186143045036836,14.273209543436401,0,84.86648430061513,10.0,0,0
43,0,三重県,30.42509134811486,101.26252808905288,71.14632289598484,42.12973317406637,15.841701559396558,0,88.80010185996368,10.0,0,0
73,1,大阪府,26.155699495295238,159.69552753279467,383.96148011620636,41.679912656166266,14.624448819767293,0,110.78901567084513,10.0,0,0
42,0,福井県,25.217329282625876,125.12114468245574,67.44704847883408,58.94002240741623,66.62914140487878,1,79.56182808468647,10.0,0,0
46,0,大阪府,22.34754817056195,145.90183967164035,68.89432309245082,70.33872820109421,15.36680320322981,1,87.30102911141279,10.0,0,0
66,1,兵庫県,18.84527178571797,92.351327769429,44.23461584748796,41.235838910021,4.271627524836467,0,76.48976478782538,10.0,0,0
52,0,沖縄県,25.380067181758847,118.12020899283564,91.2448399905062,41.949163603759395,23.43257929432149,0,75.16633538740244,10.0,0,0
57,0,大分県,23.94521405745515,115.61347216296348,53.95345871518397,41.647579859867406,12.215677971313557,0,78.32366492953277,10.0,0,0
67,1,福岡県,22.75602094107514,130.400651146687,133.53923616587423,32.72932557430239,16.99384696544982,0,82.45213415261415,10.0,0,0
49,0,北海道,19.67935869325435,134.45501262160403,63.21773471698624,42.05408445456912,4.109260761299446,0,101.912721553839,4.476659733398401,0,1
72,1,長野県,17.351950051248057,139.99943449703912,39.10370789651236,41.56354220760771,8.990062949954012,0,111.71957324468545,10.0,0,0
67,0,兵庫県,21.95980252974223,122.83128956988155,76.60311893547315,40.363594988552585,13.3755636211641,0,65.65517715414812,10.0,0,0
49,0,愛知県,18.293402519810666,107.04023955880946,15.184684208006926,40.952966354579274,2.9988895248808327,0,67.89332352933717,10.0,0,0
56,0,愛知県,24.762400769456395,133.70452322025395,312.8256903905382,42.37349477674369,13.065065863546803,1,85.10347251222386,1.9240288490743407,1,0
66,1,千葉県,20.75088891696292,103.47363783230844,43.88890734674308,43.13741137665821,5.998223761735082,0,88.42390695238304,4.506270912945422,0,1
48,1,岡山県,21.47658501799299,133.82076505141393,29.38507848752589,57.09567855705522,11.271481860906745,1,110.70788061218754,10.0,0,0
41,0,兵庫県,24.468909091986237,122.8320699475169,56.13985547536393,58.917212498105634,18.196408540978748,0,119.8319847395171,10.0,0,0
52,1,兵庫県,25.163756549679615,132.35134250299046,33.937042870181166,40.68581827036223,22.737553971237904,1,83.34502021194103,10.0,0,0
45,1,福岡県,24.91758376546481,94.38637338858531,103.2622704240132,44.15511093076252,16.504624545405377,0,80.4561646585912,10.0,0,0
74,1,東京都,20.27447738809224,124.9968466761475,118.22165471007324,41.13374188441286,11.592516535124268,0,77.95218556641842,10.0,0,0
48,1,三重県,22.240062438045364,134.63149674404218,57.785947206345355,48.946595872870155,2.9404373550580987,1,72.0367181402102,10.0,0,0
63,0,福岡県,24.78925929601739,109.56468865957933,75.23129785627583,42.02849881156125,5.582670359823809,0,102.10762926262572,10.0,0,0
68,1,新潟県,20.247478641301118,105.85236276591124,53.06737102315028,57.9299760409479,8.361286110251909,0,110.43984662145326,10.0,0,0
42,1,秋田県,17.56908949250864,91.99658477120092,12.355698718800967,61.47984527244431,4.4967219430099865,0,85.65983214592924,10.0,0,0
44,1,兵庫県,22.59916177314764,109.3175635270854,136.70412061078466,41.04439798271031,26.427793641269812,0,117.00289954590042,10.0,0,0
