age,sex,prefecture,BMI,SBP,TG,HDL,ALT,smoking,FPG,time,onset,death
48,0,大阪府,21.43629039778032,128.74863321296976,85.5894923561987,39.81482479521007,29.797752580456475,0,76.41116709633424,10.0,0,0
67,1,大阪府,16.71812108058877,110.45102679771439,20.46033139182983,42.26880335917144,10.99787083491007,0,110.8518240746043,10.0,0,0
64,0,群馬県,21.615579738371967,77.01080398333939,268.2663645866119,42.391812733463254,14.334906980831567,0,71.32247685481838,10.0,0,0
48,0,北海道,25.32647335899349,127.6576256609664,66.88923090670136,49.97758668631163,3.7290999534400555,0,72.9470125610396,10.0,0,0
45,1,沖縄県,17.21993324351227,110.4289793983603,40.66294916281204,41.20393023235337,10.276170585373775,1,67.77033199727902,10.0,0,0
51,1,大阪府,24.653958825330363,146.97692027376112,90.01594209118267,40.65166323632193,9.527525767276304,1,94.03988298097617,10.0,0,0
46,0,大阪府,18.526261245457427,111.45330106541621,14.283121610467596,41.624641863481465,14.641560532090994,0,82.29118893872295,10.0,0,0
69,1,大阪府,20.926704296645433,116.19957085062164,39.34141355882872,49.700771968795756,12.577174103038605,1,80.94612204251423,10.0,0,0
47,1,高知県,25.688390834156298,125.01375402177294,75.35146642145023,41.93349912188915,5.561791456467653,0,90.63010987243392,10.0,0,0
45,0,東京都,18.585979346898814,83.07250310358461,216.13149531669862,55.68265118565389,41.090204940426666,0,81.86249761150565,10.0,0,0
49,0,長崎県,20.41028609699382,93.93454633410032,111.35318739487042,40.76804234929174,25.27209466178281,0,83.96036398835747,10.0,0,0
42,0,静岡県,21.40325430517606,101.73923230066923,99.14324519632058,43.68733922091234,10.764302650399719,0,86.17372236391824,10.0,0,0
55,1,徳島県,18.92173973936214,127.71540157970408,103.92186566271243,68.56811008120306,24.06812392535831,0,104.16577045100595,10.0,0,0
59,0,宮崎県,26.181302487776293,116.98513467587358,111.51468176158401,41.85001511893011,19.683928307524514,0,77.60569085846218,10.0,0,0
57,0,奈良県,26.852422224225208,139.82045312308063,144.24871661514766,40.61482507300699,10.206769984289432,0,115.41922165641641,10.0,0,0
72,0,東京都,20.846852451343228,102.55381549005968,131.99446894294118,41.78398728014149,8.698686692445262,0,113.8439719889928,10.0,0,0
59,1,愛知県,23.347758123136757,96.57163089908342,54.95793575477491,42.34396797523243,7.567368444985538,1,96.00653586680464,10.0,0,0
60,0,愛知県,18.91501988301203,105.15616068086156,168.4325212275792,41.10905330742079,2.0326895821945596,1,94.60608423001297,10.0,0,0
53,0,大阪府,19.88345150715474,136.60307023534034,26.94714799722739,41.65668940046678,4.6635706615549415,0,95.39141461474829,10.0,0,0
69,1,神奈川県,20.697406057598297,126.27563775951057,247.49926656916116,42.097956523841496,34.26540644621406,0,81.35269046004868,10.0,0,0
50,0,大阪府,23.89846812305139,136.3608602248768,51.47006989804983,41.493545927541,7.549141906630761,0,73.5566800024127,10.0,0,0
73,1,岐阜県,25.227141070830186,110.7519458886407,92.87982036935814,41.87139250620733,9.578258306961997,0,86.50734230877461,10.0,0,0
71,1,大阪府,31.34177970095892,147.84111192133966,51.16699060851212,40.69862151702525,10.111795112897637,0,69.37811218646026,10.0,0,0
46,1,愛知県,18.524589260854487,76.18603320327937,49.77115658287676,61.947448446622886,19.668368080488943,0,62.25524982057429,10.0,0,0
65,1,大阪府,24.384824865641708,150.92352216105448,420.7618416214484,42.23328710916026,9.767460335726938,1,118.46891505581343,10.0,0,0
51,1,滋賀県,32.84614821564611,150.9469802483094,200.02662423590394,47.23061769157997,84.42704880015057,1,125.45204576131694,2.4443370268636686,1,0
46,0,福岡県,24.228177274023086,112.24004560763254,13.401756016101096,43.77555977164221,10.584309124681482,0,99.21189984837696,8.019083047970371,0,1
45,0,大阪府,26.115524762915246,138.53479641330188,72.60379044781837,41.56001226372533,32.516746006224295,0,90.58192583734592,10.0,0,0
68,1,大阪府,24.36983752646946,138.44054615034224,115.62637017004998,42.245455102063865,4.293741678515305,0,91.36831058309258,6.283101694235307,0,1
73,0,東京都,22.54700580298522,157.41608816805967,386.0794360634664,34.56300153437663,9.255092602825108,0,98.92879577403349,7.456097677145552,1,0
40,1,大阪府,18.152064379869724,111.68539914459126,100.51150525753583,43.27044976307619,11.496263713323666,1,82.86383934298672,10.0,0,0
57,0,福岡県,30.94132423489208,133.39321028156314,98.87370179978093,41.015106034709135,17.051293211381296,0,118.88967325306416,3.83603972101055,1,0
54,1,大阪府,24.34988993985992,166.0969071630468,93.65868497576098,46.39411959100057,40.23060316549122,0,83.07525376087007,10.0,0,0
63,0,愛知県,21.04833372981166,131.02914982011282,83.51878219380421,31.505474788055466,4.348858924326113,0,91.58339487212041,10.0,0,0
53,1,愛知県,14.32285343693103,74.60164724218451,21.57580160114035,48.44275681885854,5.068253204901968,0,78.6394561827359,10.0,0,0
63,1,大阪府,19.697716935093126,127.7904369450592,72.16042400796896,46.400983367735826,22.862570974239038,0,94.7716566264414,10.0,0,0
53,1,富山県,23.648819702032114,124.35762419254041,181.61622502668467,41.31424877202026,10.220304697438914,1,105.49618690746158,10.0,0,0
55,0,愛知県,22.582403993758422,130.3956027714792,164.21313786221543,54.725263290124495,16.78046189956294,0,93.06457431429243,10.0,0,0
45,1,埼玉県,25.570783302229856,143.04847312696316,132.70229037781692,42.268775886628305,7.879926710675989,0,80.75721603528862,1.08282997154681,0,1
65,1,大阪府,23.98484401849062,122.11013038507151,40.508604131836734,55.00282102533682,7.995794562681575,1,108.28635984367745,10.0,0,0
66,0,大阪府,25.466446154202,140.11788098980097,69.75604666431934,42.476140085006925,13.197695933402365,0,85.5414102188073,10.0,0,0
72,1,大阪府,17.589795495653323,152.38576643579484,70.29826863881895,66.77223216891643,7.030114566977262,0,125.52305152445138,10.0,0,0
73,1,千葉県,29.401343300317723,164.70479395754987,126.98702688038286,51.220195990417885,20.432875944768806,0,102.09581369917173,10.0,0,0
66,0,大阪府,26.386789360138053,111.43463639854875,26.008883557301324,43.5728466440827,14.331396446519715,0,66.62553455741619,10.0,0,0
68,1,兵庫県,20.944092888476792,136.79152754121117,60.170741772659795,43.316887797761886,17.362673176111244,0,111.47581106456953,10.0,0,0
57,0,香川県,20.89882791460806,116.9869027413108,46.201595429400186,42.294484100114886,19.31742743895209,1,113.28205692776334,10.0,0,0
45,0,東京都,31.328854319007537,122.53532771012301,144.5469151112046,41.124066876736414,17.199918407339634,0,120.17926015569914,4.95873669672751,0,1
58,0,大阪府,23.986904769510137,127.02453005415313,174.99660277725135,55.004232156666525,22.87314205670306,0,80.48118338700472,1.7909449408439064,1,0
68,1,福岡県,19.24141154778088,138.88637236346554,26.996656907438833,41.875677862765585,6.597505001325676,0,97.93308788553645,10.0,0,0
49,1,東京都,19.321281152011778,138.24221775280367,21.342450160407605,41.67288280293313,1.9049514993346783,0,78.85862585127258,10.0,0,0
66,0,大阪府,20.662196181212444,146.9673965758076,74.83661991413382,49.418363454303424,21.411188232431922,0,76.50294045219732,10.0,0,0
48,1,埼玉県,27.418564544428758,116.09299966436811,54.71986037516207,42.35899303317522,8.674070722394852,0,103.29859198021425,10.0,0,0
65,0,大阪府,28.529141660915048,150.92659138370038,120.32945350046334,41.27106737966073,14.315406800134548,0,88.1256976656378,10.0,0,0
64,1,東京都,20.6677300763406,116.04361389456741,72.38368500919661,49.65547583405293,16.27729331035936,0,83.48231051929899,10.0,0,0
45,0,神奈川県,26.696316932112346,135.5002461940343,144.14725641989227,43.15725006177102,23.46645244920773,0,88.90940365806887,10.0,0,0
49,0,三重県,18.66014371043578,138.25605527000283,145.59061853340495,41.663210502237916,13.398398091819415,0,100.2549184276606,10.0,0,0
48,0,東京都,24.61114669899389,144.1044009651102,102.13838072585337,40.724240422918605,16.53835741128954,0,113.27806310702476,10.0,0,0
51,0,北海道,27.61262044513884,118.28444203156778,100.58843065422722,58.48875261032728,8.7821361795707,0,82.79580188921187,10.0,0,0
66,0,山口県,27.81133892808789,146.4799798449009,79.7784338866346,40.35758129871427,13.342676180555108,1,86.86753265900141,10.0,0,0
53,0,東京都,19.068505279006203,123.99114333677511,75.0243616514556,43.020466260067636,17.015267868727015,1,118.53126577223242,10.0,0,0
66,1,茨城県,21.769165822308725,135.20531634672312,79.17865250293723,40.93856607459877,7.9114117094720235,0,97.55510431531734,10.0,0,0
59,0,東京都,27.349795711976924,121.66384549506795,66.43167314513882,42.59671648274079,17.897040176978127,0,79.58755817540785,10.0,0,0
45,0,神奈川県,24.42861252167498,140.10754481238354,243.82658325648566,42.17848970391873,26.997933969803498,0,106.89605560595034,6.158993554977963,1,0
59,0,大阪府,27.345105988039258,140.0855114778349,156.42162291619275,57.498253108361254,19.666510840225985,0,78.97951357889684,10.0,0,0
66,1,大阪府,29.310761188311353,118.04926779830032,112.76203438829394,32.29873823209065,3.5746256722391485,1,68.59899298264753,10.0,0,0
45,0,愛知県,26.431946231400033,137.90908788363964,35.262768483827855,41.270668786141854,26.258982339169094,0,108.95876519483625,10.0,0,0
74,0,大阪府,28.34778867789063,127.85381249313788,32.90845818824407,41.124685378105845,9.383040657045381,0,102.24649374175713,10.0,0,0
59,1,大阪府,29.269942521850286,170.13098490742033,90.95191058242777,53.60303555414351,15.825955997156134,1,101.62163644057526,5.724228376363279,1,0
63,1,大阪府,22.762853124517928,103.8387852472413,51.47085436624353,40.94477777972762,3.557057212229552,0,94.9411068760254,10.0,0,0
59,0,福井県,21.754561631690628,176.8073576535316,85.74576092576042,43.020528937028025,37.258196248056144,0,105.83972522249584,10.0,0,0
49,0,滋賀県,24.362737313305896,170.36747782817386,101.35146643705637,69.08886607852716,17.839422450271915,0,91.67830797011545,10.0,0,0
63,1,神奈川県,15.018299838259086,134.28816433317667,29.305160737572656,57.81778041024454,4.376793454622514,0,87.71049159067242,10.0,0,0
41,0,福井県,21.83607383807871,107.04532820105703,93.77826251836437,41.14467604416927,34.9716142166521,0,78.41444553452136,10.0,0,0
40,1,大阪府,17.205253857093993,106.73269511745754,42.39384315945808,34.27346351270906,13.213300524235693,1,88.65779620656602,10.0,0,0
41,0,大阪府,22.34460162796413,110.17627678574532,29.20573746258771,40.42341760721975,1.2210554265947562,0,74.45730013425579,10.0,0,0
50,1,大阪府,27.277747610929474,99.69347527384275,52.116214260148844,54.669355204169484,14.965712402039546,0,103.95378753591724,10.0,0,0
44,1,神奈川県,15.249951813384605,91.26617211081494,118.65085698218878,41.21379094077265,18.51340731855894,0,77.60477179379187,10.0,0,0
46,1,大阪府,29.808912368379247,155.0081978455526,65.56097585954063,49.29726238602878,43.47180052198466,0,122.7089631559741,5.489597819703495,1,0
65,0,石川県,20.078572890552305,128.9209433983676,62.206933294472314,41.912408033007644,12.965294674657542,1,66.52662581358595,10.0,0,0
63,0,鳥取県,25.60582959681687,125.89584478555261,107.40458060700524,41.667106946930346,39.11456067510084,1,93.67100236575463,10.0,0,0
51,0,茨城県,23.980250143591466,119.95513349283813,51.154687649616854,42.27583017716612,12.201352652700953,1,100.79190360199937,10.0,0,0
41,1,東京都,16.825659517730262,106.9032869373796,48.91466902753188,37.699393505336374,7.117724335900026,1,94.61747562336015,10.0,0,0
54,0,広島県,19.396130817572644,95.42296346257665,23.267740812252182,41.66431156808774,16.59547223800827,0,86.13267557902022,10.0,0,0
63,1,大阪府,24.85582574750663,119.64781171170269,35.03876644327832,61.415130027237744,21.66173386777293,0,99.94393694097431,10.0,0,0
42,0,大阪府,25.815457986724976,112.82936648158066,55.445991258217205,59.16141825017839,37.018650079794156,0,118.40146992372753,10.0,0,0
43,0,山口県,21.77360409658518,118.37774636996869,150.8051831942493,61.042355457643005,48.708764518228065,0,99.8447555817131,10.0,0,0
74,0,大阪府,21.55057193522563,130.48264364798078,146.05579118083725,41.207340426937165,11.325888388155901,0,95.69629423548788,10.0,0,0
62,0,大阪府,25.259267311425752,136.52836004613593,60.73610051469511,40.69878127920863,3.5933244067686676,0,87.87082792241617,10.0,0,0
52,0,大阪府,15.788073380268678,128.18564571555322,5.974425967355354,41.40439573961672,2.686542870688703,0,90.78592669410287,10.0,0,0
51,0,新潟県,23.61081592102808,115.69346287041478,155.35568826329583,55.41600401486584,35.289375042826165,0,82.7567567580879,10.0,0,0
67,0,大阪府,18.078143516271446,145.18433381547663,119.91917099067123,41.3926468422737,12.699392657350453,1,79.9616527991258,10.0,0,0
74,1,千葉県,23.740750309513523,135.81155794276626,137.95851518371566,38.79629507934786,20.272693945568076,1,91.09617684588862,10.0,0,0
40,1,三重県,24.17919775859134,117.2124428384624,113.46001800564954,41.92477226026877,7.222056466809555,1,69.12779410004127,10.0,0,0
45,0,大阪府,17.47822351013031,117.58696895714502,42.44084795181137,59.48053115585244,16.86980949994426,0,103.64615776122513,10.0,0,0
64,1,千葉県,22.67896865965916,162.7063275999546,180.53718991745095,40.9311189422966,19.138774793159136,0,96.65752170376194,9.947733316695482,1,0
71,0,大阪府,24.386136887373755,143.9360128705111,215.9366846405402,41.400627620408535,11.391267893367502,1,96.72360876343444,10.0,0,0
41,0,東京都,24.108508197510975,105.22166868697323,131.10544700711242,66.89503662452391,8.890470810032859,0,97.96588440846038,10.0,0,0
44,0,福岡県,26.580974836340687,122.68896101607166,40.18851611599624,42.59495390381465,24.56802037043669,0,91.97592870241404,10.0,0,0
72,1,大阪府,22.55877680804636,128.99566443664057,140.91804193616036,42.16351306666419,36.23930875655924,0,86.05187006166307,10.0,0,0
42,0,大阪府,29.0249571429468,114.59380784969974,83.32865605892088,39.92752813099835,6.218737034029686,1,66.40936404188155,10.0,0,0
69,0,北海道,19.066970236672695,93.50064364028304,55.41611206151949,42.51805799666101,3.511365012943332,0,89.11628574591282,10.0,0,0
62,1,大阪府,24.19900051218621,139.89014169958477,105.38510008154245,41.0198081209897,38.18921534079334,0,105.9184438632692,10.0,0,0
68,1,茨城県,23.769053672616586,116.1876307553516,89.32630995633345,68.64081635487044,57.95525695129913,1,122.0578584492129,7.873434214487629,1,0
46,0,大阪府,19.896996574629554,106.47717957486584,34.90353548560237,64.62855276998548,4.543533695025047,1,104.4497660650813,10.0,0,0
45,1,大阪府,28.618016347306778,114.69270216838335,201.129539393742,41.33283487634122,60.00528149975167,0,101.25049630955834,10.0,0,0
72,0,東京都,24.612874556864234,148.14096850188423,35.041540949898234,43.06360916328778,8.910337291743318,0,108.1436542388228,10.0,0,0
68,1,福岡県,19.4604813577556,112.82643109861237,13.45387899392667,41.815588462913965,1.8861960237070907,0,68.26412137738299,10.0,0,0
45,0,大阪府,22.804963380153026,109.99249799264119,45.887456075203026,41.68044627282385,43.48790180646835,0,82.46299367620269,10.0,0,0
70,1,兵庫県,28.50025573621542,150.01831718561868,287.43805140565115,49.723659633399016,20.928590565488445,0,94.98990156787598,10.0,0,0
45,0,福岡県,30.476358531704083,107.55822671722957,427.2903103601026,41.810586862372745,46.237688928146255,0,104.01659146092207,1.257507099574537,1,0
57,1,北海道,24.465728355164597,150.1187968551018,68.38320740380117,63.54552398977239,27.765884148814997,0,103.51149621302568,10.0,0,0
49,1,大阪府,15.25690735778354,103.86610234356287,181.8478429136728,60.37190912119171,32.34687061202521,0,93.86036466996443,10.0,0,0
43,1,三重県,23.79267697878122,112.502704288339,86.63184325932254,41.67383797358043,6.429753074678912,0,88.20800617770901,10.0,0,0
50,0,福岡県,24.081744447000414,135.09778675830862,51.99403545399596,41.99579119726746,6.940489510435232,0,89.88964977681806,10.0,0,0
48,0,長崎県,20.10613728801504,115.98985216460908,49.399101561761384,54.61626487209717,12.31281405383925,0,103.30209871494134,10.0,0,0
70,0,東京都,30.4232248727251,123.84581180734531,102.55235161984479,49.87726641947734,5.5841934635841,1,88.6017010079784,10.0,0,0
57,1,東京都,22.97286046687865,136.40038564250733,229.74117963020976,43.74998304328458,14.140348359998837,0,111.72349064992781,10.0,0,0
52,1,東京都,21.402676318909517,127.36304447167753,66.60952470227343,41.16050634609993,42.36638686662662,0,91.98519590136618,10.0,0,0
70,0,新潟県,13.494217594384585,116.9477747829082,12.225033953414865,41.36627785452211,1.2217798703274052,0,79.94436447996937,10.0,0,0
66,1,新潟県,23.55466128721782,124.88553962209976,67.7021672197013,41.77857453328986,15.706975762071519,0,108.15913182470219,10.0,0,0
72,0,大阪府,26.731927565498864,156.89149405781245,206.76655015601557,41.82103268680828,4.67827025482994,0,115.79969256638887,10.0,0,0
42,0,大阪府,26.121739416572364,138.51991103858336,106.76750351957834,57.71612854411441,25.131799640532442,0,88.6048056065523,10.0,0,0
46,1,大阪府,18.802381800873437,100.29081938514577,61.748985696868,57.49733404548671,8.579680405468123,0,78.33967934128424,10.0,0,0
62,1,東京都,20.322879126079414,139.927238735781,28.155821207413773,40.916966151687824,2.417197467787322,0,82.31592363923488,10.0,0,0
49,1,東京都,23.67494637114554,153.11005742753986,29.247686714427772,60.7620596881961,13.409158002395163,0,64.1988776608975,2.775061913955618,0,1
40,1,三重県,24.33738714308344,110.0653347051091,127.32456904863122,52.19560914235177,18.13458050648801,0,98.25775093066646,10.0,0,0
68,1,山梨県,16.194643622126907,113.85085861516394,14.315031248845099,41.01465284204202,0.6608477629240238,0,84.00583986317125,10.0,0,0
63,1,大阪府,27.610764378753696,111.24854052473947,59.988771177003294,40.325030957022115,1.8984335864877402,1,108.7383563244192,10.0,0,0
46,1,静岡県,22.681849659109325,124.02054959171757,243.93284725702833,50.75748631838689,24.31746276783977,0,89.03185961727567,10.0,0,0
49,1,愛知県,24.583351368913515,132.14445130047403,124.2056495244387,61.87779093357273,19.678423899071184,1,115.27085469436248,10.0,0,0
64,0,大阪府,22.56518085999398,131.04934120644558,103.24405047046265,57.55411634878458,10.521603688518107,1,100.37487324137338,10.0,0,0
68,1,大阪府,23.57122701998915,147.63475119619477,60.94773904901894,41.16024215981734,10.049307158398983,0,112.51359095403255,10.0,0,0
43,1,神奈川県,23.96710153944837,132.3293616248941,21.87971376788121,41.20256638222915,13.558703849698441,1,91.44057015501633,10.0,0,0
45,1,兵庫県,23.555286920609863,107.38491319288723,75.52030269583008,34.72261697717234,1.6554977418422863,0,72.92647902542403,10.0,0,0
65,0,東京都,21.75405948326531,135.03983176473395,42.3523366556339,40.75784887511377,4.473756315472071,0,78.46695406580797,10.0,0,0
49,1,奈良県,23.553054536496518,116.08537436543965,62.0916086832468,45.5243897824047,15.300828398307445,0,106.66265919387608,10.0,0,0
71,1,東京都,21.548653460905935,114.12953631148399,66.16247543087717,41.50467710242434,6.897079787876391,0,80.02395936431579,10.0,0,0
53,0,大阪府,21.96134279541015,108.040088561622,36.012431202175264,47.98283683841801,10.202817081318612,0,100.83278893479165,10.0,0,0
41,1,滋賀県,24.530778200230202,100.02671517705664,81.3418567069353,43.43198964589337,6.729578808751181,0,107.63159018144674,10.0,0,0
58,0,東京都,20.000909891176626,119.63851816701188,103.85313788100244,47.473577625547854,4.178641704992063,0,108.63867620985624,3.7451275706999283,0,1
69,0,大阪府,17.289210540350062,110.43386048208421,59.015767276913486,45.01063548774617,18.67501813124448,0,83.33097782174015,10.0,0,0
53,0,新潟県,17.356008638680684,75.1780540459342,70.2242491686811,41.310705883860386,4.238540179965154,0,81.39109709966651,10.0,0,0
68,0,神奈川県,26.50001986860163,131.5111905116187,89.09501543976602,58.49821775492934,5.548831186424581,0,70.90536312538451,10.0,0,0
41,0,大阪府,22.978791542952674,130.1908369057107,66.18238495902212,53.69189901368951,17.612513798713945,0,118.89820875993155,10.0,0,0
50,0,熊本県,25.175934163839308,138.29120680969882,82.46804975863922,41.86637942597878,21.206274074315736,1,75.65394363127149,10.0,0,0
53,1,大阪府,18.808680902996603,90.93936693172844,71.03134856535333,41.503928735060995,5.602553356907248,1,84.06684642169412,10.0,0,0
63,1,山形県,23.428359855220748,136.4677591608124,36.53380993383482,59.16695886429599,5.0868193884517074,1,78.03197103554437,10.0,0,0
73,0,大阪府,23.95350508824607,139.84375403199607,153.70655010565247,49.28286653278768,26.579716007382554,0,122.40465719283957,10.0,0,0
46,1,大阪府,19.341262985677137,106.20514656845602,49.42913056091939,41.5584130345457,4.485544076325878,1,89.96651691628993,10.0,0,0
42,1,大阪府,23.347863421219785,118.1242442951012,92.58969587574809,41.03784661381286,6.88027465328948,1,116.02485145468575,10.0,0,0
70,1,大阪府,23.967598900021656,83.41160001416718,87.84558455202112,41.01370459295557,1.322125091176092,0,113.05997587595392,0.8211069983746477,1,0
57,1,北海道,29.67189378869366,149.92380281261637,62.226651097437646,41.21008832050086,49.511036514586685,0,102.47352511462356,10.0,0,0
42,0,広島県,19.79849270544967,135.58700563984084,37.302607730451534,57.2978859237099,9.957546061761539,0,85.80094018711412,10.0,0,0
54,1,大阪府,23.03058789226666,111.96397786855043,200.9412274232501,41.50022596643789,45.85425129061373,0,98.91579603423405,10.0,0,0
69,1,岡山県,24.722660694057833,127.52497671636797,243.33103731720158,41.85052516572594,49.040647418541795,0,78.86058044542396,4.6960233458322564,1,0
60,1,大阪府,30.023455810188317,147.58614040938255,72.83056124034982,50.69545235009424,18.890726902995066,1,99.81763329228795,10.0,0,0
43,1,福岡県,21.27767307306419,115.65697127244304,19.15598940303465,41.802871917948266,15.955704211504372,0,91.41155341167884,10.0,0,0
51,1,大阪府,25.315234979978314,125.35128900272932,23.232624931474962,59.35677886031517,19.67004686080655,1,109.45574392656852,10.0,0,0
53,0,埼玉県,20.47898182995679,149.73250485441966,85.35222253810153,65.94337022924563,13.530785133638837,0,112.63367160187293,10.0,0,0
46,1,大阪府,31.962243710953896,146.63583519834364,82.47176130581538,43.5809769087331,64.85728026290263,1,101.4388582237242,9.084811835042437,0,1
71,1,大阪府,20.973451843138932,121.43181672992202,55.838049278289525,42.593628674848084,35.17444878238636,0,90.15435710400766,10.0,0,0
70,0,富山県,19.448337147106805,109.4810002439762,19.310964477632336,43.45224617563478,6.499485194872982,0,61.35012250996179,10.0,0,0
48,1,大阪府,23.347809352677984,101.09042508643961,108.88000443420852,41.51866512245082,22.289421350401238,0,102.22498555113208,10.0,0,0
54,1,神奈川県,32.95305839910968,136.83809632444297,143.32601532118582,41.74510685835045,86.73010215180592,0,90.23400441698489,2.4413715918078527,1,0
48,1,京都府,20.119803541387586,125.06620593534763,89.30689174324633,49.88596103308714,19.76825455908802,1,102.22550840563008,10.0,0,0
66,1,大阪府,14.472735018509667,127.02058934184058,17.258702862268482,48.16609893129175,2.711094169896932,1,71.30946257952024,10.0,0,0
59,0,大阪府,25.199791211767593,169.49723321145993,89.82525815051963,40.987085943304294,11.421563885948153,1,92.47220732632555,10.0,0,0
74,1,大阪府,23.800212839084697,124.73073102017615,42.64106876119113,50.73147009506334,13.21421403046642,0,97.14473153201277,10.0,0,0
74,1,長崎県,23.819832651980867,139.11289438259146,57.620659890543145,41.34183766883579,10.035986378923285,0,101.07357914424665,10.0,0,0
49,1,東京都,25.36718903304554,116.43164123584911,138.1699813396727,49.10556852511269,65.86877887072062,1,66.21233614573683,8.011630810895085,0,1
63,1,千葉県,23.720423222979676,102.73534898576536,100.4652753484615,50.137626003777534,34.29516352566564,0,79.46764982455878,10.0,0,0
52,1,静岡県,27.355250182225195,144.23722675250747,90.21047797241997,41.438631990235486,11.777088577027126,1,76.86644098912325,10.0,0,0
59,1,大阪府,22.557207047497393,117.10459183661209,189.08027019757648,42.91506346128122,38.372602949206815,0,68.19920633002249,10.0,0,0
48,0,大阪府,25.511776718885407,131.34792325584226,93.5646796885938,41.05492111857786,7.81686183226715,0,85.26833676565191,10.0,0,0
73,0,東京都,24.87968431818601,158.21427884985144,414.6852052262222,41.500263904207095,68.21279907382039,0,117.66408962262193,10.0,0,0
56,1,大阪府,17.324504445270673,125.86623335524932,36.145808724810436,52.20360761588616,6.429450982247479,0,75.66396905745165,10.0,0,0
49,1,大阪府,28.185668308098883,100.10456067829445,62.17517843603262,41.0899123732452,4.177207324195018,0,92.8226093222478,10.0,0,0
65,0,大阪府,20.08532585626062,120.6795313373162,50.16335010126893,40.96644718757354,9.903971278954506,0,86.43060431804146,9.229998001634982,1,0
52,0,東京都,26.800982078477848,117.60119711769416,40.447279446782964,50.50434527514141,32.03066684704532,0,71.33444721387997,10.0,0,0
72,1,大阪府,23.17860908483355,113.80388473153768,49.07250023666342,52.98490563742896,46.34934831186047,0,100.83260882124705,6.8588214598842425,0,1
51,0,大阪府,18.501875349325687,102.3329814887537,79.03787689220451,48.74030196110244,18.35535002451146,0,80.67859962783909,10.0,0,0
45,0,大阪府,23.550330344019123,96.94160235008844,70.28924672923675,64.61513261927342,8.902290377919938,0,92.63879890990782,10.0,0,0
47,0,大阪府,24.06111054430126,146.67277537989347,144.41983464639426,68.58175763304234,12.609274335938585,0,86.80541396097516,10.0,0,0
61,0,大阪府,25.09277953364581,107.55102274042345,98.42317065860031,41.8110701239676,18.74766031065171,0,87.12281911623242,10.0,0,0
53,1,愛知県,24.41434537796788,148.53473698385116,130.96027619109876,41.64765243291876,14.25129065720216,0,119.73476361381385,10.0,0,0
73,0,愛知県,22.88936193180363,138.88045122468512,79.34093704044336,41.822059075527285,3.786375394473619,0,74.03174744313294,10.0,0,0
73,1,大阪府,24.76542638606205,146.59561278659837,66.89893108976652,46.91423444035155,18.385528922103127,0,82.92175311711713,10.0,0,0
48,0,大阪府,21.601036333471445,107.00071646563292,137.9969198828113,41.24931289577779,19.55106161695023,0,89.35638603818138,10.0,0,0
53,0,福岡県,22.35359991088602,122.82779991400915,22.403478092319602,41.93630563687621,3.504064045277121,0,93.14434925918593,10.0,0,0
57,0,大阪府,20.292352843527173,111.37706127148647,166.37076818284416,42.78432705102756,22.63809323401506,0,87.16943143349488,10.0,0,0
68,1,宮崎県,21.083066848096927,126.19658020267121,61.07009590076492,68.96212181158653,9.186013767728864,0,115.09160052193985,10.0,0,0
46,1,北海道,17.61037745049518,88.90854481217043,37.338486907254506,41.3969552493788,5.5795549291749635,0,87.7982287978462,10.0,0,0
46,0,大阪府,29.15413879824116,115.70667584916815,98.78505668432868,34.417583175129366,18.047478351762813,1,111.48171660101639,10.0,0,0
61,1,熊本県,28.780598179836765,127.95014264093554,74.04651980916962,40.965833608942035,5.897390396904367,0,80.20920573922389,10.0,0,0
54,0,新潟県,20.031927380232812,102.48765595239847,67.02208190589059,45.725950881725225,3.1030013365676847,0,83.05836815460466,10.0,0,0
73,1,大阪府,25.373078157362627,139.84623936511346,144.17480977941455,46.31346278087924,6.442399422605957,0,85.74699093961613,10.0,0,0
57,1,神奈川県,24.756335916861108,108.72558571798027,257.9979443113927,41.57961866103113,4.168033346696918,0,91.26214560751144,10.0,0,0
48,0,東京都,30.680106195716466,135.42733260992637,132.95338747399063,40.70206380729398,22.723171317168067,0,111.1371785991968,3.501068008768363,1,0
61,0,福岡県,21.757117976119712,141.5956627838581,44.63249821872695,41.27068920723385,8.711900136939512,0,83.06133563375532,10.0,0,0
41,1,青森県,28.55566600203658,135.6930155242303,75.16945201005058,42.00969784880791,22.896086361502814,0,78.87718585547024,10.0,0,0
51,0,大阪府,25.67580564715272,103.91102999641458,58.21429544357763,41.80738990579254,6.406262737674163,1,84.01647835057125,10.0,0,0
62,1,神奈川県,23.795418311701347,107.8966691807251,55.127111345570114,42.01554421466035,32.524012854499105,0,85.6021490728238,2.3546709825534307,0,1
62,0,岐阜県,28.12204288283251,123.61482541003818,154.5690525567512,49.422660792185944,40.26263848106569,0,89.18563749307039,10.0,0,0
65,1,熊本県,22.74259047579596,123.2584468842464,122.12601134280243,42.03206885867604,6.0465110531370465,0,97.96481269271985,10.0,0,0
66,1,大阪府,22.100385322338166,118.41869838872367,48.53738372052592,41.160369587786555,3.637094687511096,0,102.19961635115347,10.0,0,0
69,0,大阪府,21.854301307377614,136.48121589784617,65.3962900369141,42.46176300296094,9.267163013193054,0,67.78576478807835,5.958878955724703,0,1
58,0,京都府,26.988550853951015,127.47816528568254,121.59032983308894,41.3982257189276,10.60573748781691,1,80.524889047719,10.0,0,0
52,1,大阪府,24.68581628844358,126.35271984538062,48.41989973194555,42.534897381206434,8.780448615588648,0,70.54664845503306,2.3800926606259463,0,1
47,0,徳島県,21.775351414117246,114.21410862044087,64.96724763591848,42.96552553457749,19.507557210853992,1,106.13918190516617,3.481110449286471,1,0
73,1,大阪府,20.12336567317093,101.41897695432235,47.014687829219305,41.20322248774215,1.561094534963333,0,102.93870587292047,10.0,0,0
66,0,東京都,15.52736339332139,129.30261902458943,76.53907157739062,39.43008205170268,3.505527334775136,0,94.06902715960842,10.0,0,0
45,0,岐阜県,24.60588310195014,117.31292201555289,29.233716714862368,41.65814137514224,2.819031392375751,0,84.00791120027777,5.1860487619904125,0,1
45,1,岡山県,19.064537021236035,112.58105977114431,63.84117083663746,35.81961465018633,2.4894102372979168,0,91.39598841243456,10.0,0,0
54,1,埼玉県,24.96025764941109,142.99601371344397,129.14939905288185,43.664862946731255,16.27359427093892,1,76.33180156129504,10.0,0,0
65,0,埼玉県,19.067295133289754,156.28688476372335,64.59529868214261,41.65500114932318,10.824653155051893,0,69.78985583351414,6.948000976906271,0,1
73,1,長崎県,14.82315444849173,151.11552216755115,74.7886879661772,65.82371963776569,18.865056833326967,0,112.56972308569408,10.0,0,0
42,1,大阪府,19.450282938639045,108.45692124977614,56.772518477338444,54.588051419654384,8.836200662776102,0,90.36326911598847,10.0,0,0
61,1,和歌山県,29.183781195864903,176.9324260719694,35.04705111117688,40.77924555698379,17.538022500577984,0,90.46717905558232,0.30631847160350023,1,0
66,1,三重県,13.2612789834943,97.58363665836762,85.1903885373675,40.87789986800975,4.659157045146792,1,100.83205180651312,10.0,0,0
59,1,埼玉県,24.41142166902608,126.05104830430695,72.40089299091883,28.568801343767497,12.116702089615014,0,76.98669874291011,10.0,0,0
53,0,大阪府,16.051626932951812,106.96129667364431,36.73351464414299,41.67169725105665,3.557070249441381,1,94.34201515749078,10.0,0,0
48,1,愛知県,15.240810213110137,75.10088885426256,65.60761680147283,47.71577610309434,14.155328103340025,0,91.0082840658064,10.0,0,0
66,0,大阪府,25.441692253295813,135.0384991158189,152.6659934207636,40.877080820742414,19.44037837050127,0,83.05372917087116,10.0,0,0
44,0,大阪府,24.890061279221626,118.37647313122532,52.74053787893795,41.878270457823106,17.900826709124708,0,88.3967677644907,10.0,0,0
67,0,福岡県,21.754110751325758,85.90586990588348,37.319173907871985,71.89759084641638,13.061544257978232,0,97.55534045719646,10.0,0,0
65,1,大阪府,20.078748832223912,113.86430713294118,117.0449704841324,41.23174603283503,21.04645581043693,0,82.99975029732123,6.035637507471659,1,0
74,0,徳島県,30.606615791509796,179.92303705785943,91.75729925275357,39.47862232826409,8.910714274128456,1,80.52282338430255,10.0,0,0
70,1,鹿児島県,24.873108987206308,146.34390862050782,82.46988111885794,42.353085612724286,29.44529159596227,0,81.03477541032721,10.0,0,0
66,0,大阪府,23.006059256544276,128.00910285539507,102.47615106584306,48.51329148128107,9.580886044756525,0,112.64507957888753,10.0,0,0
71,1,埼玉県,29.33092947224168,180.13016311835818,158.18795722257397,42.40608139058155,48.948956859032506,0,121.02257703163211,0.1175740441272699,1,0
46,0,静岡県,27.64437153898115,127.73803220460813,138.0589705104992,55.42340118307047,56.92936808470743,0,104.0358965686337,0.8196288081072338,1,0
40,0,神奈川県,21.940089806410136,111.24914211651588,166.01510494314942,40.8770937069672,13.33208966764434,0,61.012631477859664,10.0,0,0
68,0,東京都,21.993718427497083,124.8339811023671,65.9329122828791,41.695909928810806,14.131629589557617,1,78.02256807248095,10.0,0,0
74,1,山梨県,23.551167986762266,133.42425993751684,117.49952465548589,42.288191986460454,10.256547676757428,0,81.29029066214412,4.5693744198490585,0,1
48,0,大阪府,29.723137683698308,110.83920935821743,86.56891973220277,50.93248615233899,25.6039090697375,0,101.24951541487852,2.1517201376937347,0,1
48,0,東京都,24.217349702085876,121.36931160496349,117.56750645481196,40.711671213457706,38.21719175071106,0,90.23122942920595,2.1465391705918386,0,1
44,1,和歌山県,19.734951490526367,111.12134851376901,85.8097111072168,42.4047237130232,17.109016698582295,0,70.89471728518745,10.0,0,0
63,0,長崎県,18.280052311769968,139.7142239132895,19.44930420784449,42.09792634712109,5.154016408549331,0,84.88687426283649,10.0,0,0
66,0,大阪府,21.110166279779385,98.94756527067658,98.97999260988092,37.660106685698615,2.2117533835672822,0,86.04471808423146,10.0,0,0
70,1,大阪府,22.808846139212555,158.1043918317067,69.38088266007654,42.43142053087503,3.16114845185838,0,81.3658574821593,10.0,0,0
48,0,愛知県,22.593317029334205,128.2758592759028,18.92267836392248,41.77111606356365,4.303154142743702,0,73.02058440171078,10.0,0,0
49,1,奈良県,26.592315774260143,119.1562518489471,145.49128157228188,41.52085536832331,22.398155057409486,0,112.71178862617292,10.0,0,0
66,1,滋賀県,24.65204945042439,154.6924305994165,208.51243477402426,37.917259166574155,5.4170232049415805,0,91.28384976764022,10.0,0,0
71,1,大阪府,24.34972282993159,123.21355153072842,45.58757600220532,50.97487524919464,15.920382100210812,0,101.08139923256357,10.0,0,0
51,0,三重県,19.092748250121122,119.63869294350923,82.77533733673599,43.573409803439176,17.985016882656954,0,69.47528032424906,10.0,0,0
62,1,岡山県,15.823638985910996,109.4366591867095,122.04618970499878,50.331712303809255,3.7883962612743765,1,69.90295819057971,10.0,0,0
58,1,大阪府,24.876030756960333,110.4039714780237,23.375296838836924,45.008655675701625,9.448076058537387,1,90.22957874922369,10.0,0,0
71,1,大阪府,24.48627050873403,107.51515249309513,275.9941333242145,46.70951530780036,18.61871399180592,0,112.20657416693963,9.500283184060894,0,1
69,0,東京都,26.015803152987843,142.0227994348736,184.71889018897448,52.17579407918834,74.33026440672516,0,118.88765888544955,7.521853381708839,1,0
54,0,青森県,27.907968933034816,126.55869690167897,276.16890997545903,41.550236830585554,50.46285379633013,0,90.55593078260735,10.0,0,0
70,1,大阪府,22.46485012571381,158.25308704234575,27.894972242495186,60.1110324531971,11.872438627078571,0,106.89364042743225,10.0,0,0
46,0,福岡県,18.796096462044993,126.40742560102703,40.741427563873735,41.02123633581052,13.194157910162962,1,110.67486441061173,10.0,0,0
49,1,大阪府,26.613333679763826,133.4729229257623,145.3000512684891,60.07807381444809,60.05345735922112,0,81.64860148756544,10.0,0,0
49,0,東京都,32.33842781575504,122.67752142083933,384.59560624728005,58.80463387975742,34.436110626346945,1,124.01785009645859,6.025806320637184,1,0
54,0,新潟県,23.554652382197002,147.06389868358207,34.18483851407667,46.501085030996784,29.779765887796984,0,89.3436952415164,10.0,0,0
62,1,福岡県,17.83050686967798,120.38425530758713,60.880034756155304,46.73517872375392,2.8747682896674296,0,61.002897751948225,10.0,0,0
46,0,福岡県,27.85078579421741,114.58382622680229,132.4101788296115,42.015524840117,26.26977647563925,0,87.18167928360725,6.712984553178284,1,0
58,1,北海道,24.999543603349508,110.0009426955695,75.53749330080598,43.71892658619105,7.068590828812043,1,97.28318860152571,10.0,0,0
59,0,愛知県,23.332337180662957,128.4371747460903,94.98388635207776,41.228910839204005,11.890387785321385,0,106.62653954974407,3.842585086824553,1,0
61,0,三重県,23.11919696666509,130.8847385585788,69.12880160348472,58.686939935183894,7.285386980613626,0,85.97454033239696,10.0,0,0
47,0,大阪府,24.361487444064487,104.69999069943073,144.7574359553017,40.899792564802105,6.929185127898702,1,95.43200691075926,10.0,0,0
45,0,東京都,28.641030048487888,170.6655936125778,259.37718719370145,40.86486428029663,71.26735305037248,0,120.57227301288339,2.8228682349834506,1,0
74,1,福井県,22.437546615066616,147.34835113877963,96.91085509229747,40.35931992168521,19.745376783549144,1,109.31253172337236,2.0488756110242887,1,0
68,1,大阪府,23.510685566872727,170.34786789635294,207.62277620329962,42.00518883970679,15.410203992058758,1,86.6953642639827,10.0,0,0
70,0,東京都,14.884849605685798,124.14120896561198,16.787906019899626,67.17740372071154,6.933885226519531,1,113.29196073829274,10.0,0,0
57,1,和歌山県,19.13560826438231,110.76435931318565,75.19514291963823,41.08561197968997,16.30517714654,0,80.24106273165154,10.0,0,0
41,1,三重県,22.992137801887086,116.24189822146367,52.26194724834672,46.505313493345554,15.421079283449075,1,83.95172628133074,10.0,0,0
68,0,大阪府,17.32234335678183,132.59044576976575,44.26363632491409,41.75915658416968,7.549519430419551,0,77.5465333329417,10.0,0,0
62,1,大阪府,28.70724329786875,172.64301313068978,57.95546023304436,61.666705219570986,36.79485592588979,0,73.9821370444841,10.0,0,0
56,1,滋賀県,18.160617530563396,114.89202987813746,41.17825917908656,50.19164538857982,27.096432085876025,0,98.69062079832432,4.109759676963403,0,1
59,0,山口県,24.04370715426483,133.94511786727202,138.5015997688435,60.87728201513434,46.22425338994123,0,103.1736927547017,10.0,0,0
50,1,大阪府,17.41509748350648,107.03806525087178,29.092312818620393,60.864952928598775,2.6324943962015985,1,100.44795239479181,10.0,0,0
74,1,埼玉県,17.773237086773094,112.586027163659,109.52006695273602,41.49034849736483,6.429692705983966,0,105.8636515954615,3.743459463405328,0,1
73,0,群馬県,22.399933493185397,130.2450366990472,231.09742992938072,55.82815684617327,17.939529917245128,0,89.91287531327504,10.0,0,0
45,1,東京都,20.119720753618996,122.35186872581906,60.93412766686843,42.36085359660487,5.661303300598027,0,96.72239135018611,10.0,0,0
43,1,大阪府,26.952081993649088,146.06401793595168,142.41243268939186,41.55143664910457,25.528791395837803,0,69.12843080115599,10.0,0,0
72,1,千葉県,23.48633553757845,126.74829912069538,89.2026032091334,41.08114344026133,12.078891812107402,1,90.49379183304568,10.0,0,0
71,0,三重県,20.08921576047214,113.69019156260987,67.79869124802549,41.07563736093257,5.003679146792435,0,71.39610567840252,10.0,0,0
48,1,大阪府,22.17454736455644,106.364995181658,52.825430696366894,41.16870503837524,18.487529714143662,0,89.88735068294856,10.0,0,0
47,0,大阪府,25.28054995023826,126.37974723339298,84.40479436101835,41.021784935996926,9.207810259811922,1,91.76157509853381,10.0,0,0
68,1,大阪府,17.148327642376405,99.73557878903888,19.676656530817777,49.79342468456612,3.1335541505859497,0,81.04086966296137,10.0,0,0
69,0,和歌山県,24.11413072196416,140.1060361690872,186.17545629287946,41.58764097801676,18.22888662442591,0,85.5886518337623,10.0,0,0
51,1,大阪府,24.09442134163163,126.14671616775608,29.647797327164344,55.74179318320056,12.150006067674992,0,71.31084413426298,10.0,0,0
51,0,茨城県,27.822859795066275,122.95009806081534,69.03186498897881,55.73275738160008,36.968222625488494,0,87.50616587315555,0.13540923336833333,0,1
48,0,静岡県,24.565505966764455,113.75993187359545,242.42846529063974,50.441021779859014,4.306324450276599,0,66.60718036548842,10.0,0,0
52,0,東京都,17.990684812534262,126.519802240549,41.3014954077345,46.311766064386994,10.944910373000248,0,70.61920266203161,10.0,0,0
48,1,埼玉県,24.362278820061203,109.57386750676348,78.0326968287825,53.89264487681428,26.490794385977797,0,85.86794264598883,10.0,0,0
52,0,奈良県,24.085865559656064,156.03731590336426,201.10144432803511,41.72811714604892,15.96338896077433,0,119.39386345065412,10.0,0,0
45,0,福岡県,26.012829597525368,134.5968880478445,267.8443712979003,52.54397475370166,61.41010991873207,0,94.46969017174038,10.0,0,0
44,1,大阪府,20.042733772134586,95.80090066833327,81.7815518642347,55.50460674030703,9.474145206829258,0,97.67591016342006,10.0,0,0
69,1,大阪府,17.6917216353463,128.817620598321,68.43410924602881,47.808811893385744,6.45602678841851,0,80.310805653158,10.0,0,0
45,1,福井県,15.592861042659377,116.30151474746172,67.76006043576835,40.65008476150877,2.986234973712257,0,113.4933924683414,10.0,0,0
58,0,大分県,24.96766576664408,102.0473192099787,47.0277850043445,41.30249806708764,8.853282217159903,0,69.96499869016856,10.0,0,0
53,1,大阪府,19.80559584698879,112.28659154908772,142.47755942458872,50.25991870065693,29.284853576987633,0,84.79364984486706,10.0,0,0
57,1,大阪府,29.90821457286122,149.09172316255436,131.25290959945946,42.406182664990986,36.904080482957355,0,107.25125168820603,10.0,0,0
71,1,大阪府,20.604168921184357,150.38434426591726,35.38350970668951,41.131783520885335,5.7657976978623005,0,88.34628013674923,7.417255303373246,1,0
74,0,三重県,15.527633742694494,110.88348827399048,133.9915841908849,41.27044147402686,3.022439572770555,0,96.98516641793437,10.0,0,0
49,0,香川県,20.754392791520743,107.1739490575627,71.72176503431622,34.72689503283786,2.42046965834705,0,82.98989356168586,10.0,0,0
57,0,大阪府,24.76772781528447,125.47019071052014,41.431112353594884,39.59674276198856,18.496656385927082,0,96.65943753895853,10.0,0,0
69,1,愛知県,24.888000385096916,147.62324865192275,126.59537512007641,56.01601464188058,21.962208001775558,1,103.69112132879285,10.0,0,0
54,0,大阪府,18.95014841207137,128.46747822060266,113.46140063418773,41.62547534746724,61.59675269089245,1,110.35933758781181,8.493099084624449,1,0
51,1,新潟県,25.246365646072988,96.91063392832983,23.11316705382165,53.69857639649568,6.68529991726115,0,103.08917699731046,10.0,0,0
62,1,沖縄県,21.745576011126364,125.13304521669933,69.55697554020735,41.127617461391665,4.434292395438957,0,94.07972781115511,3.1328854466001053,0,1
48,1,東京都,25.36578157083751,107.53883107271064,25.660675449631743,41.644800211338044,15.607773977223012,0,91.47715159269438,10.0,0,0
49,0,大分県,20.2481439430385,158.1402582845376,111.5558572930426,41.68919707761442,53.38846653524603,0,81.63700949335372,10.0,0,0
70,0,大阪府,24.198429744500636,125.87784734067199,78.92363962071255,68.61017804805815,53.42980400048561,0,111.1450958404277,10.0,0,0
44,1,愛知県,20.291956877041272,110.74734245948736,21.349838801776443,41.64406796376414,3.4499132545273046,1,83.54776518130986,10.0,0,0
68,1,奈良県,22.39538049004855,97.61889406577225,116.61779813008246,40.886403022824005,26.618608048669465,0,95.230063327933,10.0,0,0
62,1,埼玉県,23.112583583333816,149.0652673936692,61.13796362684368,51.48750462570228,10.872384202380989,0,74.30138633570903,10.0,0,0
55,1,静岡県,23.96715698580746,125.80507965987567,137.88137335243525,41.92418133132968,16.031442369763376,0,115.15924836075851,9.077505862657832,0,1
52,0,大阪府,15.358318021751764,83.06770353627975,25.06450904646969,42.38441974129471,3.5565425579361873,1,87.5105066776206,10.0,0,0
64,0,大阪府,23.55238192617826,117.66126875102405,67.74003756849804,41.93534429923147,3.4920500494602984,0,114.82192848876898,10.0,0,0
51,0,大阪府,20.442945450582567,110.97186903242658,23.62976768535074,59.03282131379152,8.38820181027052,0,85.77612813721382,10.0,0,0
44,0,大阪府,17.92832620754563,84.4282638909884,46.98014956946676,42.254440824838,4.381407249034072,0,110.84688543541813,0.9864055292553683,0,1
42,0,大阪府,17.937931898490984,129.91160624347285,32.43592679793521,51.012289607006515,24.391789987047055,1,92.43659733263064,10.0,0,0
52,1,埼玉県,25.382891337726722,136.5864038471672,133.54572831301977,42.12127972431653,17.09233235650633,0,96.29378479190571,10.0,0,0
64,0,東京都,25.52117426425925,140.48771128414904,72.16048931483247,57.1993106578958,12.379093393340144,1,94.66428517909081,10.0,0,0
69,0,京都府,18.246334020246284,131.32164022304863,60.16237461038749,41.61120973180073,10.208382786808798,0,76.50243982640171,10.0,0,0
48,1,熊本県,27.70368746529048,134.59298828348057,157.39965372991355,41.45049095314078,10.111736309230338,0,98.70387114801856,9.165942844187372,1,0
46,1,和歌山県,18.149305370664056,116.76363883235825,17.35617809330606,67.36141231256693,4.65607132592132,0,86.86905756076025,10.0,0,0
57,0,新潟県,24.471355380059524,101.24139545090402,55.017677719832186,41.03096660679138,11.400827886593811,0,100.58102414319171,10.0,0,0
43,1,大阪府,26.54913901454723,144.1687215596311,34.870243943404965,41.235020294661844,21.013900590997892,0,100.26296111335738,7.887388525874832,0,1
70,0,東京都,16.414909194694594,132.26079886961583,51.97999566654475,63.757962404516825,6.24101572414251,1,98.91715475441273,10.0,0,0
59,1,大阪府,28.56657443648453,143.7504939431017,271.560772712337,67.18060092327599,47.41056094485034,0,70.57978834358043,6.483571777944272,0,1
46,1,青森県,17.39712493803704,127.38317804668328,168.18455297462006,47.064827080916984,5.979095625185537,0,83.34283601381156,10.0,0,0
53,0,北海道,24.453047103082476,99.59834272174298,86.10583374387899,54.76478481349018,14.52871297192417,0,70.6088236160997,10.0,0,0
70,1,大阪府,17.682076154377764,122.11898260382287,48.80596491736958,41.70690631036243,7.580278645589991,0,79.06988286572809,10.0,0,0
40,0,大阪府,19.413843747998342,85.74646762074882,22.67641914566755,42.12335381188113,2.8843684924735906,0,91.23605504442006,10.0,0,0
43,0,奈良県,21.87337213417673,84.58653015304755,49.71063418494663,41.21016237128763,13.594774711438438,0,81.14561715549051,10.0,0,0
49,1,山形県,24.228905498461746,145.98863236890173,47.85568387408744,52.21494309989351,17.47034878392841,0,109.325891712728,10.0,0,0
44,0,大阪府,22.641480523751,137.80972007484675,94.20244892601337,41.33769225689517,8.560542169958213,1,85.43835780781625,10.0,0,0
61,0,愛知県,24.521356460968992,107.14350462578939,59.23997590965303,44.479765516283,8.83700944273277,0,65.38544741175133,10.0,0,0
46,0,三重県,20.411007232138797,130.8203846457633,88.73235825300176,49.35834711870823,7.784283855335569,0,64.19754275978842,10.0,0,0
64,1,大阪府,18.791787245159632,146.61993051137546,82.66649915282652,70.05575288104286,7.2244398174219295,1,81.82966839234778,10.0,0,0
65,0,群馬県,21.91349987981186,109.55546348426549,155.66417472522403,40.694270241591404,3.974162955643606,0,102.96542160527204,10.0,0,0
50,0,大分県,16.81729330215393,111.46305405275584,50.9443000679213,43.57497729471765,6.42848534639152,1,119.03895937330802,10.0,0,0
44,1,東京都,28.128032095361164,120.7089101267238,116.6151209226568,58.44350397908742,28.865099476532958,0,72.1763948629622,10.0,0,0
51,0,大阪府,17.321753247280917,129.63808166070683,54.66370515453517,42.06151729088729,6.583545475994335,0,97.98117696499271,10.0,0,0
63,1,大阪府,23.4509648639387,113.83673091655183,66.43381643175483,42.181766917476956,2.694422459143961,0,78.0585550869944,10.0,0,0
59,0,神奈川県,28.401103002683403,124.01447568244288,144.4050628787162,49.21787071724659,15.983587020252147,0,106.62260773984768,10.0,0,0
68,0,大阪府,20.17409238982889,119.76309877375202,95.71596022771473,49.43357478122562,9.442171454852849,0,92.82903934787137,10.0,0,0
51,1,広島県,21.745370034553417,108.39739937130713,53.57381054302676,47.276839209664786,66.45001481432021,1,100.0558451912819,5.128724836040947,1,0
44,0,東京都,28.058403836566676,147.80901790452214,125.85353326153984,57.02762051059075,19.564297205692714,0,82.53545342000261,10.0,0,0
71,0,神奈川県,18.390784702929604,113.07284086058331,20.744296736102534,41.20430052686546,19.504288554752414,0,81.36509466582048,10.0,0,0
48,1,大阪府,30.22630748594613,136.68696650050381,132.66396202240162,56.22973233340705,48.91743192942905,0,85.01725489415999,10.0,0,0
42,1,大阪府,29.353944639803686,123.7324960650864,73.56402956013879,57.2049745460235,63.57997377818044,0,111.3361463804881,10.0,0,0
62,0,奈良県,12.332909752730751,89.99530528813709,55.00914603464411,42.224477389594185,5.548830689551241,1,97.9669227344032,10.0,0,0
54,0,滋賀県,28.604095344307474,137.81512782871184,71.34866474302018,35.83218006558091,17.92043133170772,0,74.70854146773875,9.503458276626576,0,1
50,1,長野県,16.310012092675077,106.29293914847332,32.22064097562183,42.013472370753625,4.925673938128371,1,65.70623811235654,10.0,0,0
61,1,岐阜県,20.122670386163247,124.61214446270675,53.548601927131614,65.27507329230393,6.890660921758921,1,94.39632809520266,10.0,0,0
48,0,大阪府,26.015954721324988,136.2548523166995,52.99423127850923,41.932729407932236,24.457852245520886,0,84.34350733257615,10.0,0,0
46,1,大阪府,23.17833851589586,126.15318550937815,65.56374057579652,58.46418284101101,9.537020144448967,0,91.41076109197505,10.0,0,0
73,1,埼玉県,26.807061030388475,163.92339226860526,132.5991681535897,43.568280474842844,20.381497384968885,0,109.4539308323415,8.455900742417757,1,0
62,1,大阪府,22.604698938809417,86.0074702918906,47.13850671334943,58.112134297741854,6.42870689681198,0,68.12123313139773,10.0,0,0
58,0,大阪府,21.184920381375182,95.17544570617596,36.02790157581031,41.49071033156272,4.36369055445323,0,109.38883859499235,10.0,0,0
73,0,神奈川県,25.015523101339937,152.38480979059753,87.55918721688931,41.3619363862758,3.720961558232589,0,110.84469964035651,10.0,0,0
48,1,宮崎県,23.10800628195335,131.80712663473503,153.9881662165112,41.60092304064713,19.02423708570536,0,85.21880266688598,10.0,0,0
45,1,東京都,21.959284089180574,118.131372006921,22.59551393555832,42.17091561441187,5.327116804693611,0,70.67297498212562,10.0,0,0
57,0,神奈川県,25.75102197484709,112.70452067424418,149.55821002254626,43.89539882983758,17.632758560815294,1,114.92546566932505,10.0,0,0
42,0,鹿児島県,19.755517191328906,117.53096686930182,26.06260526956761,42.31593647159145,11.751481422970285,0,76.25583154012932,10.0,0,0
47,1,大分県,26.999250595139102,143.4030729072489,197.04995968516607,41.67140479719752,9.308388242465275,0,89.33407666435157,10.0,0,0
54,1,大阪府,18.14170669576056,117.54889848660046,97.30987220045671,42.28656033684736,18.48764644034629,0,77.610609157901,10.0,0,0
50,0,兵庫県,25.442526178902682,102.74371168927348,68.73724206315616,41.87715298173625,13.572848462149073,0,94.17654833868471,10.0,0,0
51,0,千葉県,26.192141528723376,111.45066169306546,179.23509624490023,42.41372500985202,34.611223112990224,1,117.8399668491903,10.0,0,0
46,1,大阪府,24.85974931805421,110.09871278773761,48.19918333060423,57.73882065441464,12.099811704178228,0,98.93273584026795,10.0,0,0
45,1,沖縄県,25.40437941400895,145.2110450819914,218.71865374392638,40.98245343268855,29.24841064414561,1,101.23888258229617,10.0,0,0
43,0,大阪府,28.609130958713536,139.68898746275633,142.30058645978136,41.40387911590924,10.67730878042096,0,88.89237481297626,10.0,0,0
51,1,長崎県,24.992661153645628,108.27971867705392,23.116445820680745,60.23647509546869,22.304071513829072,0,76.87501521040964,9.623385290028686,0,1
52,0,大阪府,27.496757815306278,157.25708367816924,143.35870478017083,57.95373943195058,15.18552391923175,0,100.99291477665165,10.0,0,0
70,1,富山県,26.61020442507533,170.1636419408498,190.66509710321577,50.682218820630354,15.488814448796754,1,82.38434504255802,10.0,0,0
58,1,山梨県,26.459573689501422,138.87930541737978,118.49334830057282,50.10340404541226,10.825077977478443,0,81.35089689291947,10.0,0,0
60,0,愛知県,27.304838890970135,146.49372315781716,77.71226294119863,41.44753661896115,36.49690736694013,0,87.66167342343434,10.0,0,0
70,0,愛知県,15.469249334313634,105.46773612158603,19.28451535629786,58.747749574056705,6.9298374102947395,0,82.24281455203894,10.0,0,0
48,0,鳥取県,21.048104653885073,101.4006927945265,58.228785497551094,42.35156466431388,17.043743784152333,0,71.93507403044225,10.0,0,0
40,1,大阪府,21.156195912258347,100.95595072203142,39.95979418561894,42.07087922583524,23.497833620287974,0,74.62053977756372,10.0,0,0
45,0,東京都,17.17851184645613,117.1049368853732,104.92662219770543,54.50595518260868,8.529330336020946,0,84.82041668458093,10.0,0,0
63,0,愛知県,24.414636165329384,108.68279885950352,117.07264286705347,47.31539161073936,16.685653589566527,1,92.75798014765121,10.0,0,0
74,0,大阪府,26.33974240365464,138.89026668940338,294.36227107155685,57.56137429668709,20.385976909465274,0,108.2973843742226,10.0,0,0
68,1,大阪府,22.676322756276704,131.38715358353627,454.71743714081936,43.15129072660278,30.02873484981994,1,82.19314594586962,7.7904754036034385,0,1
40,1,大阪府,21.192995154858732,100.04109425368152,21.875504560400703,42.959044096647055,4.152461506696805,0,68.91743289594464,10.0,0,0
71,1,大阪府,24.463122867692455,94.2015247351806,61.95409938158673,56.679196965167975,6.6833256505407,0,82.31503877656881,10.0,0,0
42,1,千葉県,21.27312599709372,120.94501849004195,70.28542798280499,41.204513941057705,14.894087117766679,0,102.39161787386753,10.0,0,0
61,1,愛知県,18.09805374390108,108.04511810805383,34.8418883108271,41.53826280221633,5.2478305933504235,0,81.64661409215212,10.0,0,0
63,0,岡山県,20.369118465821327,109.38512644199528,61.143002442903125,41.80695123575405,20.246483390128635,1,82.35208771484271,10.0,0,0
60,0,富山県,24.61577298365038,119.70287976731497,416.9600076228048,67.1259532017782,7.255298145181185,1,102.78348926658295,10.0,0,0
69,0,石川県,21.19360294204534,145.30032037171728,72.2997301931118,42.593641023873936,7.020309200727442,0,97.15009016579369,10.0,0,0
47,1,京都府,26.16963564922228,132.16345698397652,259.65920695447517,40.12094354410596,15.820261779501136,0,121.88487477528462,10.0,0,0
40,0,大阪府,29.57048994033945,140.12317384349302,79.0883464242127,41.046287966703446,28.865972391138566,1,96.25948465787597,5.611686591456884,1,0
60,0,大阪府,22.341043215940967,106.20733391817815,51.48328287607624,53.85982332518145,3.3290548153466255,1,107.4094469898964,10.0,0,0
58,0,岡山県,28.575096962133927,139.66221675415463,54.45591196299798,41.87436034162193,8.580099090790991,0,117.33790238645011,10.0,0,0
70,0,東京都,17.333672691369824,121.35927714718868,43.29397655668396,42.41556699907071,3.367373951558103,1,122.74737644528813,3.174607603881708,1,0
49,1,神奈川県,21.16820175570899,135.28069269677454,60.85999155133987,41.067175978404556,11.239565148630737,0,121.57490622649787,9.084139206042742,0,1
62,1,東京都,16.77341795070885,98.12841596988329,60.07371011419895,42.58826987501336,25.75493408892858,0,79.19861516946054,10.0,0,0
71,1,兵庫県,21.18291832676463,102.79587796825675,48.863437971109654,40.845955167618406,7.69151339466423,0,110.40127130484537,10.0,0,0
60,1,大阪府,21.972350650425955,98.70534346254257,44.23135827963697,41.020861313603014,2.331420923947535,0,82.35272267799643,1.7911037153549576,1,0
70,0,千葉県,24.97645016956313,136.69336935241847,67.34397247903277,41.73699048654183,11.849869180462626,0,112.5135703935497,0.06897713638524886,1,0
70,0,三重県,20.809988504317104,117.53886125124241,144.14260884547372,42.10349766993891,2.6330025272031743,0,98.79979445590054,10.0,0,0
46,1,沖縄県,17.1547238999275,110.52423552513315,52.97459181859533,41.715297243715426,6.3390955997173455,0,98.91694620255153,10.0,0,0
54,0,山形県,17.130223267399916,73.02663949202862,52.217585331195174,41.7243728092642,8.878320181069336,0,76.3517886957771,10.0,0,0
48,1,大阪府,20.571455116120642,160.22909573147905,76.6004245083809,47.78641960100601,17.3277024842791,0,82.65919446562935,10.0,0,0
49,0,北海道,28.186111598539952,101.41449375597284,224.53127876084105,53.578943097040565,24.887006523447464,1,107.74221690079264,10.0,0,0
58,1,神奈川県,30.002973335932023,119.99209700787371,122.9431108855051,50.4948384650696,17.27184972029444,0,107.74719537645578,1.8813154895576978,1,0
58,0,大阪府,17.33913947154763,106.17022044106388,105.7480253373696,42.465778290435594,8.413945418081907,0,81.36944228298918,10.0,0,0
74,1,沖縄県,21.928865886885614,130.13090192339493,200.0258775897664,57.46192603663742,22.400433813891393,0,97.89655514705983,10.0,0,0
59,1,静岡県,14.866034474514597,147.71044726268835,122.75191664669211,50.3279432541374,39.1802867006488,1,90.1526621748735,10.0,0,0
48,0,福岡県,26.2671020553883,98.74916349426194,144.4066372414762,67.04319611917157,25.626084697223668,0,90.64952923680598,10.0,0,0
60,1,千葉県,27.415383516346598,128.40882305835146,250.56353486949422,56.20540751695496,45.969481422892336,1,70.15997751530784,10.0,0,0
45,1,滋賀県,30.045728325219745,108.70612270635246,143.36309069687138,41.08291319138881,3.9100357410988273,0,97.55448530853143,1.9901107334757075,1,0
51,1,熊本県,24.35468683512436,85.08864767644019,47.77140794638987,46.39676103310693,12.52187619798743,0,101.94128031786514,10.0,0,0
71,0,愛知県,28.41629954423278,109.23956518963308,70.28819382942413,40.94135205215641,37.1181255718276,0,99.157571277167,4.281421984265808,1,0
72,1,大阪府,19.694574478964107,134.19001411112907,98.92322762868922,57.39091645050322,28.398652821319885,1,120.9705770267126,10.0,0,0
52,0,大阪府,26.338959060935004,139.83295171932804,134.80093077590595,63.67283827662455,24.879024737386963,0,97.90960197825473,10.0,0,0
73,0,青森県,19.068843677417917,126.74450829667198,183.39577324788226,41.076195104984954,29.977062779017814,0,86.61384480328734,10.0,0,0
73,0,大分県,32.47114429209182,136.8021093973342,200.02723908188554,41.33700273034806,99.26018310749865,0,100.8320348748176,10.0,0,0
63,1,大阪府,27.429084481849248,167.25052858466944,90.62678895657442,41.08958947780597,43.56628557832112,1,118.9560244085474,10.0,0,0
58,0,大阪府,25.011423849305583,127.5181242099833,77.63257019141346,41.90002194260879,49.3959873759982,0,109.77249574974276,10.0,0,0
63,1,山梨県,22.59160302625437,116.85517781588308,52.956129434169334,58.02775454301347,19.419406952910588,0,93.63525393591236,10.0,0,0
63,1,大阪府,19.100773232700373,130.13271205161604,63.73793070628087,47.721544121867254,17.484876626326052,1,121.18674661798089,3.324304921005798,1,0
45,0,兵庫県,18.89389615989534,85.26069184354846,17.430007472099067,56.31914274090289,8.108323297237432,0,86.05919214814797,10.0,0,0
74,1,兵庫県,29.094657616993494,141.67899445433682,90.12699378294451,47.73088200041976,22.84666293333613,0,96.69220705563737,7.766326359284477,0,1
72,1,滋賀県,23.07497636415583,111.92480304586728,144.5962186805621,34.199704344448556,12.283627194761744,0,65.36089692335595,10.0,0,0
73,1,宮崎県,24.085773459920937,114.78074690787514,76.8997691334265,57.99271685759826,12.365475433731767,0,87.06782199044449,5.371511552014421,0,1
67,0,愛知県,24.820297623412163,154.69314035225594,187.40535867835868,41.22735520261408,18.487554911696442,0,111.73988440684917,10.0,0,0
60,1,千葉県,23.637468012312066,148.77300808796494,117.16216734624328,62.353757676233556,19.108838287828373,0,83.80489105478478,10.0,0,0
70,1,滋賀県,22.398507302982118,124.34816185323521,280.0395844061292,41.01344774853702,15.450613856972613,0,111.86516998400985,8.605616868025574,0,1
45,0,福岡県,20.042272685005504,111.2441741224037,27.312650368641314,55.58716981184963,5.118720323003928,1,68.53970661138668,10.0,0,0
64,1,大阪府,20.75762871333758,125.63372941529846,25.09208077588499,45.70159214029561,7.231648238468998,0,107.74011468486655,10.0,0,0
54,0,埼玉県,24.454427747275528,99.42904081627255,55.30873348147785,70.51578870967818,18.826070523314648,0,111.6035269426578,10.0,0,0
70,0,大阪府,25.75873627673155,122.44057460509781,44.726933730326365,54.678957607268636,5.55530677078734,0,83.33157542704521,10.0,0,0
49,1,千葉県,21.070168003823134,105.15477848646897,40.98695627138555,41.10888854873501,3.4684438948708007,0,102.2572131926423,10.0,0,0
65,1,千葉県,21.206714020612182,97.90049063070431,244.92073071683328,41.67226176472615,18.287858072930163,0,100.97269577427738,2.3118762939260624,1,0
67,0,埼玉県,21.054175840080127,132.18078515670115,72.56349945483878,41.404223539868056,39.00623716370207,0,97.98417756173251,10.0,0,0
68,0,新潟県,27.61099158322605,148.94907538670287,105.48702568174005,41.66731537698621,29.95658124181993,1,102.36900965078122,10.0,0,0
50,0,大阪府,25.357673900519845,141.26415269235338,130.9159398352503,59.521370601551645,18.626511972572978,0,85.27402662747946,10.0,0,0
46,1,大阪府,22.99132590607038,111.10712733169512,158.24110507177554,58.91018625213928,79.72658401975434,0,97.96488094246065,10.0,0,0
57,0,大阪府,18.51514390308626,132.53224303598012,205.97404660058967,40.59969987403403,5.474043701463492,0,102.73142749046889,10.0,0,0
48,0,千葉県,22.945173613241142,125.69665252075804,175.2280412885122,58.53005211784928,35.63540655745672,0,92.44144962441001,10.0,0,0
57,0,鳥取県,26.588000508648264,143.09271595718533,78.72336871865001,41.885673805646626,13.033700889672913,1,82.74922673412969,10.0,0,0
50,1,大阪府,18.853841749235794,123.65982209347968,39.94704179421516,40.80455381104288,3.5161893023877866,1,74.30147830233905,10.0,0,0
72,0,大阪府,15.013999862383319,116.77575934704575,49.638511188773016,54.36590392454015,13.211212740739409,0,66.63091910244023,10.0,0,0
63,0,東京都,28.84181152075069,123.17215612587468,144.14327651567876,58.66130508915914,39.45160893171982,0,98.0779973943492,10.0,0,0
42,1,長崎県,23.01950920750881,117.52963388711618,36.3982562094467,40.69394334088532,8.108148995420946,0,98.94084588366368,10.0,0,0
61,1,大阪府,22.713001227003183,134.60367377890353,47.123353022048164,41.08862295932044,29.806308053345173,1,86.33662656354136,10.0,0,0
72,0,東京都,24.07776731736862,165.11921315579073,185.9703043759962,41.00411141476308,34.98089410543375,0,110.16126195084675,2.494656526040823,1,0
53,1,福岡県,22.56602496820004,102.48357777041713,56.110137901458465,60.20261342037524,6.462515201547251,1,75.28179714498818,10.0,0,0
69,0,青森県,26.9980220917792,145.42918707918244,242.80814081940892,49.234645166865334,42.15281667759926,0,75.1987493132183,10.0,0,0
49,1,石川県,23.76573391511364,93.66356302143592,130.99406052303092,52.504049815715845,9.370373748680805,0,91.3954067262795,10.0,0,0
49,0,大阪府,21.89021389084596,109.19006355564,17.211632470513003,41.2468227471265,2.4840403060628216,0,50.14466147331788,2.1373805085967823,0,1
50,0,静岡県,19.404459165514947,120.39163894276196,134.27509670514732,40.8698897945481,34.535154435515125,0,89.14591868974883,10.0,0,0
43,1,茨城県,34.88775703580133,152.66289041832673,131.95800728203895,40.517808081057865,60.04415178077,0,97.14074363431841,4.049448170309241,1,0
54,0,大阪府,24.361476505158855,130.0477284901609,56.274586761693286,41.82775784945579,26.515936989073897,0,83.09156809654756,10.0,0,0
65,0,東京都,18.55173355276055,136.29364788880244,79.38135780842858,42.59345868619026,2.885386134179011,0,99.80504771950532,10.0,0,0
49,0,大阪府,26.167701423051085,150.9977387728558,75.87425647597075,41.17018045481514,10.521949391543739,1,94.61677340577911,0.06844626967830253,1,0
48,0,神奈川県,23.442738713605788,128.46849527743686,65.9354518433984,41.50374113069025,10.104368098487763,0,109.97965760565566,10.0,0,0
50,1,大阪府,23.34778111533337,153.10748243288478,81.79865555797609,49.878779028740624,5.342142622031828,1,105.84333518350664,10.0,0,0
40,0,埼玉県,26.435100025944195,110.75309983921824,59.29718857363135,49.87848150936965,20.921173485483518,0,92.06310092197661,10.0,0,0
45,0,和歌山県,23.963329325885326,92.52476819354449,48.54756301145307,41.61429866786926,8.704213977741889,0,83.52742965211831,10.0,0,0
59,0,大阪府,22.58427290458839,134.4149432759201,173.8873249967598,41.758605836676765,10.655377102957718,0,84.98417211532824,10.0,0,0
51,0,兵庫県,21.98663492782107,138.29748792890632,157.09940181246853,41.4541830359329,24.29734492487567,1,119.58560266997921,10.0,0,0
60,0,大阪府,27.419983150315268,145.48345179775984,83.18218215627967,41.97521565153101,10.30430581716802,0,121.23694494898554,2.6978102569026885,0,1
50,1,大阪府,17.674600282285788,93.89647423120527,36.730152482264245,41.4560393738271,3.784388599329898,0,70.57621530918092,10.0,0,0
45,0,大阪府,21.894744069785492,112.53964655786956,122.06386481921247,41.07661493868318,6.681815537707417,0,88.96780692133734,10.0,0,0
61,0,福岡県,28.185400548329746,95.41729786302066,102.43893868497025,40.57331992707997,19.443981520070317,0,66.21111879969399,10.0,0,0
54,1,大分県,19.24293179574488,98.21819637747306,69.99385432603954,41.729370783461945,47.58973278105082,1,69.41637042740375,1.8557913330528772,0,1
51,0,大阪府,20.096636709519018,125.083473525542,13.323390460623125,41.00746382898867,0.5272162733906434,0,77.53562704819147,6.318527270279831,0,1
45,1,東京都,24.796259028414404,118.16995207083433,139.70603240513552,38.66731528621957,1.2981025128284336,0,81.510130148816,10.0,0,0
54,1,愛知県,19.60835107852713,112.48347091039535,48.34777242896056,41.03870786561035,5.291977902021208,0,74.62537971254882,10.0,0,0
53,0,大阪府,21.048028552913202,101.40361534373207,183.72016341202848,27.968899093956637,10.202940486028073,0,80.0433100797774,10.0,0,0
42,1,東京都,22.723243301468695,121.19193406993654,103.71597813684755,56.870494000810446,16.684898631536118,0,100.61288682155092,10.0,0,0
54,1,東京都,20.31034939423602,103.32026308744294,71.75855711973915,41.014494182801926,11.184769896610446,0,113.0494980469021,10.0,0,0
74,1,長崎県,25.67118271877485,125.68744858433246,176.2183217512668,42.324060986789576,8.75181493078248,0,92.3274599544134,2.141175648177258,0,1
72,1,福島県,23.91092805707625,154.69235790033272,46.01604865713377,50.50309096685374,16.690637620123276,0,118.40126402312748,10.0,0,0
41,0,兵庫県,19.168814368004966,114.07901212656468,92.03636885217259,61.88727326231941,40.876785225915874,0,79.06333425058868,10.0,0,0
60,0,福島県,18.598215902999847,116.95201607797462,79.60042420160292,41.94572972818822,20.024185941774263,0,98.72073003192814,10.0,0,0
53,0,愛知県,21.02158380824945,103.89683019195155,39.723662883576836,72.32414368320366,4.554610546236414,1,69.129964827835,10.0,0,0
51,0,福岡県,17.7069590763248,123.64831237039832,71.43794083238438,57.42358297681609,18.240601406981053,0,87.8609631697566,5.609415994611632,1,0
45,0,大阪府,28.709578488186548,138.46495321997926,112.28935079934269,63.61968570186645,23.569996894977002,1,120.62638579304256,10.0,0,0
47,1,大阪府,23.076948145192613,105.17799036526317,52.215478427019356,40.85947969754962,16.67677890758178,1,93.4220754105372,4.803697315697313,1,0
52,0,新潟県,25.2140443343521,140.0273248265335,94.81183064330159,41.20697041593985,34.789417893166494,0,66.31294123501867,10.0,0,0
43,0,宮崎県,25.373104904449264,110.50990948938306,220.4300431955977,62.47608869662937,46.54257971233446,0,73.42960870040599,10.0,0,0
42,1,大阪府,20.842442546287483,96.14577012471935,47.070158923839564,46.195752475077505,12.53086565001972,1,104.92541808105874,10.0,0,0
59,0,大阪府,28.62538989931026,144.23832816075014,438.69263113262787,69.65454847682044,78.11866870123818,1,115.87323067335748,3.498263322323407,1,0
40,1,静岡県,20.489183566703826,113.51293475875295,49.59357734584048,41.11118761724167,2.1907872738234633,0,92.66394780041152,10.0,0,0
51,1,兵庫県,27.875625532486783,138.18783456800588,51.536460883662926,40.61024778224839,13.883188102307429,0,76.87478024820126,10.0,0,0
73,0,大阪府,19.702162181985276,101.1688633348763,154.02063626474754,40.35093266704165,7.3185750878750655,0,94.04096781403481,10.0,0,0
42,0,滋賀県,24.690526464003764,148.60675411274744,123.33483848462456,46.48894884480896,4.178770019192865,1,92.29725245644137,8.3287681667785,1,0
45,1,広島県,26.18618350345735,111.74535324867767,77.93443315603824,48.44085020831441,66.029941993078,1,91.43398594945931,10.0,0,0
53,0,大阪府,25.74205288193808,121.47230875784503,44.68524972365564,59.332746510637605,8.748949197187844,1,80.52489456948089,10.0,0,0
57,0,鹿児島県,27.795130916291235,175.3265713658134,131.25318570603702,41.01434604021114,96.58618113649335,0,113.12729500082163,8.449568025810729,1,0
48,1,奈良県,17.705975642620224,124.72084920468096,177.17042768780735,51.00786420453197,34.467180442932296,0,93.73058897322238,10.0,0,0
72,1,福岡県,22.907371589404498,128.9447530114275,170.95600601328943,41.72729498325929,43.594173384604616,0,86.49983866750648,10.0,0,0
62,0,石川県,25.367882357205257,146.9993171066748,368.17041801766095,57.84782945338937,19.658234296927674,0,112.13364490951083,10.0,0,0
48,0,岐阜県,29.529300773593246,147.91808915121413,89.71756549946981,42.35600991693022,22.205114300907443,0,85.52377459851401,10.0,0,0
53,0,大阪府,26.17260214937244,123.51198102482552,55.64654428892521,41.25973412846034,9.977750757517054,1,109.77457812459106,5.491275887136902,1,0
73,0,石川県,28.182411577648146,175.40625115589643,257.0442406360976,57.29457613502715,48.578632488055575,0,87.71007728361131,10.0,0,0
50,0,大阪府,29.901625901355875,178.0116743194146,418.596151714791,62.400787611593664,79.50912866029972,1,92.32629538896201,10.0,0,0
47,1,大阪府,21.715751684385406,126.4372377456463,135.57150721427035,42.503423657892434,9.15202189503343,0,51.93055307591356,10.0,0,0
62,1,福井県,23.45226766176728,113.78822018658165,42.702064128965766,42.77574484752607,6.3884022717929465,1,83.00696433201456,10.0,0,0
45,1,茨城県,18.30274283286263,122.9621644949572,74.67816982418141,45.699652191986715,5.981736204378737,0,105.0066007993841,10.0,0,0
53,1,新潟県,23.555896291928352,106.99100260792869,49.64978499677121,54.223479202271015,5.789228565583078,1,109.43444433785633,10.0,0,0
46,0,埼玉県,21.869963095927595,138.28681304947358,135.63160521376534,61.202562652407096,18.663509928205443,0,81.917291771285,10.0,0,0
64,0,大阪府,25.800760754378974,113.69150342627873,143.42883101732963,65.25261057421706,7.075498972394672,0,108.95358533931922,10.0,0,0
48,1,大阪府,19.20598045581746,122.48370843656,16.870898271561927,41.485251789007435,10.820441157830356,0,84.39520007704141,10.0,0,0
63,1,神奈川県,20.259290527082527,138.2880836584964,20.73542657308279,45.76228532211753,6.340872345112617,0,75.88576293777682,7.270112212510559,0,1
49,1,大阪府,28.602151071445597,102.30742208255118,144.1480964918468,41.31456256438805,7.084132244526668,0,104.16223011698015,4.339139662027379,1,0
52,0,大阪府,20.43170535234338,111.58847849459289,59.32966286830331,41.2168458088094,12.016296563558772,0,76.50417227285915,10.0,0,0
42,0,大阪府,13.756981657174624,126.3867165237378,35.641193125058834,65.21701266915039,21.8861308309766,0,111.45565459483056,10.0,0,0
63,1,山形県,20.368718853720672,139.81538699420338,144.7471696065958,74.99481100595777,27.258169497454748,1,91.95574391672923,10.0,0,0
61,1,大阪府,22.43734524286611,128.01086227465296,40.77351195454141,34.399550862325086,1.4326481560836362,0,78.0529073745999,10.0,0,0
63,0,大阪府,34.47319840268752,170.32620159581248,93.10709720323163,41.88684992362559,56.229080170422804,0,121.29375446358246,1.9285500997008609,1,0
54,0,大阪府,15.680368452871544,92.33469087603045,10.058132161826707,40.87705405732774,6.3410434930053166,0,79.01166217867338,10.0,0,0
52,1,兵庫県,21.950215511493294,140.09913778652125,56.40474953986197,42.622999195065155,9.559687148481013,0,74.98123806596868,10.0,0,0
48,1,大阪府,22.679220571628363,116.48964005980349,43.88705208961827,40.646505398085296,8.3186003252921,0,87.66978424120738,10.0,0,0
73,1,埼玉県,23.912257715122127,146.81793508289257,35.25413142399514,60.700558213868845,19.820424911736463,0,119.8714593934854,10.0,0,0
49,0,神奈川県,29.39074450960349,132.71106249701552,155.19092376082097,42.59368622673509,30.673093271947103,1,89.9008532724473,10.0,0,0
55,1,神奈川県,24.714653459968044,112.82916285082166,49.58175765506597,41.13736918553559,16.75841787207996,0,73.71321343863892,10.0,0,0
47,1,東京都,19.649299010943768,108.40690720343444,18.945436917437426,74.18016691805786,20.727257956838418,0,73.1165832315251,10.0,0,0
52,0,神奈川県,19.874002171549957,100.268820989939,58.55326376471,41.72817555821433,4.517281811820253,0,78.78589348377658,10.0,0,0
60,1,長崎県,30.1635462040793,74.96469747690402,98.3697817908268,57.23640395653963,45.62926010571392,0,86.44515820871366,5.518822989335706,0,1
58,1,大阪府,26.033709339249906,114.06760715833059,83.18807688606162,41.190670960652305,6.695072764109515,0,85.78803542499564,10.0,0,0
49,1,東京都,21.873255105029923,107.99422132951301,54.97021333611673,56.478480638594405,57.79680103133777,0,81.44243628137569,10.0,0,0
61,1,茨城県,28.60402313555824,166.98238441261228,44.827668548451136,41.29545135508364,5.914740248340905,0,92.83911579102768,10.0,0,0
56,0,神奈川県,25.060269319675,125.63506394537966,52.96324841043651,42.02555067458829,8.170472865032986,0,109.44804328065115,10.0,0,0
42,1,東京都,17.129205609443293,108.94735093455952,15.073317029052012,41.9483869304098,2.5090996926435647,0,85.8930139694197,10.0,0,0
64,1,群馬県,23.553119912288953,126.42555314118607,46.07576760586199,46.746635722437716,17.61212595530436,1,97.30733311763463,10.0,0,0
58,0,京都府,21.06650731034836,118.23147135355256,76.03057824331286,54.33763866516491,9.56970195211804,0,86.00301008835184,8.41668952558829,0,1
42,1,大阪府,26.93513059264461,130.93650464203353,54.85549044374211,41.646369191770695,22.246031007566238,0,64.488075373298,10.0,0,0
56,1,千葉県,26.43185280088224,113.85859680474186,131.22973584605862,41.39896518198893,27.912908897853242,0,94.89242648840593,10.0,0,0
49,1,新潟県,24.114955012512738,106.92659974720694,48.07328702096353,60.592656641339254,22.18915568207614,0,110.00300017553735,10.0,0,0
65,0,大阪府,27.794733988522353,114.52319913734841,200.0267239387444,42.371669040194384,9.015739667596826,0,72.88292268642465,10.0,0,0
40,1,大分県,26.666210640430073,150.02603226357763,252.34635358997156,42.36977231429858,53.49972747865181,0,81.51473791256069,10.0,0,0
52,1,大阪府,24.690559823757916,103.91373480107565,59.106893523495586,59.170760022642334,38.86516944354095,0,92.24799481881125,10.0,0,0
56,0,京都府,22.563218342981962,123.90574185446131,124.84977330756553,42.12798144678086,12.735129520699276,0,73.97948343189499,10.0,0,0
52,1,東京都,20.174199917851823,123.58111948531118,35.83439345722899,41.60685360226993,4.976647639306317,0,102.67142497000407,10.0,0,0
47,0,大阪府,24.796740961784216,119.71756583964262,35.02958506337774,42.839579165272546,18.176552897167625,0,86.79147987991182,10.0,0,0
42,1,青森県,28.714333595119633,113.08307558665696,200.02506811240642,41.038387562233105,67.60685953545428,0,93.76574591275627,10.0,0,0
69,0,東京都,27.929407944863105,113.74468148249971,174.00490196674568,48.89289745867025,19.839565498207744,1,118.19561812044118,10.0,0,0
44,0,神奈川県,15.665922458755972,111.68005320371805,97.84363870871276,35.82140938747608,4.367569549810662,0,84.4304670493866,10.0,0,0
69,0,福岡県,24.468708403466465,116.64492837717609,166.37113777790853,39.81802436681763,11.534706310847433,0,93.057829392566,10.0,0,0
45,1,群馬県,25.99604956027265,135.8451003075757,75.65894629958426,52.64441159533053,53.21601981607826,0,113.17622663374523,10.0,0,0
56,1,大阪府,26.169534578542088,136.71065678740544,194.4870182816599,49.27425890433109,49.48341218870873,0,91.98119516040272,10.0,0,0
70,0,鳥取県,20.78419287641189,135.320128109101,76.00679722376056,41.94657166609253,6.586619857288351,0,106.09213488627368,10.0,0,0
62,1,神奈川県,29.811114757387763,127.46887816765361,182.0335846404051,41.077779461184065,28.999870648034694,0,84.80528784948756,10.0,0,0
53,1,石川県,24.1695053648645,123.88912646579968,88.58019332984456,60.936671820421076,10.311474972834736,0,106.93121882354795,3.0866775440720184,0,1
69,0,東京都,22.891348402689477,166.27657591516916,111.75148709307093,43.41435951843145,10.114246274934558,1,70.9060874016242,10.0,0,0
72,1,大阪府,21.40334479426511,92.4307386115948,144.4274528283025,59.171142922549585,41.19890538373469,0,82.39665331505006,10.0,0,0
40,0,大阪府,22.416548840199734,101.92553349066301,111.72612968839819,42.84771847883325,6.431399217478762,0,82.0452473269872,10.0,0,0
70,0,大阪府,22.35127449836971,108.43591482822889,42.0926260230576,43.49086632469526,12.893832402253937,0,112.53887929538,6.5878256135047035,1,0
56,0,東京都,27.660957773813788,130.77526239229908,122.26712741419273,52.51415472633951,50.89098075397113,0,109.00716303474225,10.0,0,0
43,0,大阪府,24.50034385799278,106.57794392685754,76.55092200295833,54.82564618496492,20.432664589482048,1,113.13715257716584,0.336069751716837,1,0
68,0,大阪府,20.897693716132576,110.17489291616,51.56913580293553,43.15195941037847,6.730854193242785,1,90.65156873341532,10.0,0,0
44,0,大阪府,15.747657367869559,109.01459180334807,30.501261446319226,49.41720410311013,8.613033776509088,0,78.76064681281298,10.0,0,0
48,0,大阪府,22.089438010091282,102.63063297541784,28.734918655547407,40.95184856463593,6.968914819243472,1,84.0281755566587,10.0,0,0
66,0,滋賀県,21.646987066688983,122.94160181787676,77.98465932134562,49.85314589047674,23.242219255261624,0,97.32197285728091,10.0,0,0
73,1,奈良県,15.469256303317275,107.88251515426364,24.35912433477682,40.76879843975612,2.359404341376422,0,111.97784529362023,10.0,0,0
46,0,北海道,28.48322943019283,113.71061339914885,45.41549105742577,59.22647959169195,11.520003846748072,0,80.02127939792688,10.0,0,0
41,1,新潟県,15.597846344132247,120.899236213523,21.10678107768888,59.06798786098278,9.39007179025112,1,85.19150490268537,10.0,0,0
62,1,奈良県,28.185439161668793,150.07688877878704,221.77029844840644,54.619815302470634,14.259934354348646,0,110.78173946191704,4.610456874737025,0,1
71,1,千葉県,22.07189859114502,127.88873415247647,144.50198327716313,41.58437276456277,18.462635259796624,0,112.6933683420964,0.6178536411198676,1,0
42,0,広島県,26.857324218431803,111.24673459695725,229.69892704264925,64.33422050003692,20.201380234894376,0,99.14930985473211,10.0,0,0
51,1,鹿児島県,20.106268134259068,103.41425362192948,34.67966428383274,46.921541248920335,4.85430378570928,0,81.23852660114663,10.0,0,0
69,0,大阪府,28.98008727656617,111.24888146779976,278.2097578790701,46.94303710192412,29.059109473661824,0,87.21502504057207,10.0,0,0
66,0,千葉県,24.737687869994257,130.45255301893303,72.36349577744738,41.78216672082478,26.442116518053734,0,109.56527796424159,10.0,0,0
64,1,大阪府,26.80493140540271,147.7384230064657,126.98355599143017,49.78681716504904,82.08564688974526,0,97.29248994694967,10.0,0,0
64,0,神奈川県,27.756265931157497,142.38258383311694,27.529567580339737,41.66429702883515,2.666013227117812,0,110.66775121241687,10.0,0,0
65,1,愛知県,25.661012309150877,85.90415763884207,119.4457280318237,41.80148359022858,10.238790631330957,0,114.5823159186104,10.0,0,0
70,0,東京都,23.30837009205347,138.07908636235265,39.6195810373291,54.670071747633955,16.142364434606296,0,111.74680504434431,9.913227438791065,0,1
72,1,大阪府,23.566385999512132,96.24856878859634,29.2062505424372,41.90418463927295,3.736818635566351,0,75.26040906479305,4.7964716386423385,0,1
42,0,三重県,26.184182365752747,150.10006503130168,130.91460366145787,40.970039636067895,10.220191347792747,0,98.10940983570956,10.0,0,0
41,1,山梨県,22.774667645330055,122.44584987641868,29.304650674149524,41.08957046094085,1.896225089347114,0,106.56789790437692,10.0,0,0
54,0,徳島県,22.046752180623905,106.40081529319616,177.30911196594155,40.59639567764556,10.516111497057338,0,50.27010333307994,10.0,0,0
51,0,大阪府,22.575569788550418,120.39048926116031,66.43267256809537,41.370357269385295,10.338015815540615,0,83.96241099951156,10.0,0,0
49,1,新潟県,24.29216438514373,104.83819158803384,154.29505870034615,41.05542865686852,7.088882310689715,0,69.08197088842223,10.0,0,0
53,0,大阪府,17.334182603839878,109.6743676732454,67.96074677188331,46.34610245403787,8.52180471604633,0,83.55919704531719,10.0,0,0
69,0,大阪府,24.61797120547098,113.85935813867479,127.87212955840336,41.43388572590522,5.748452519507503,0,96.07808132018025,10.0,0,0
69,0,茨城県,17.79503315746349,131.20731572261866,59.55624473749013,50.26446778190419,13.257514120050525,0,83.54768587702829,10.0,0,0
51,0,長崎県,24.708249542778425,132.71326087163592,80.3797302608525,48.719586923734035,9.39211826078022,1,74.13278323111057,10.0,0,0
52,1,福岡県,25.29208396569926,145.12629044348975,297.03435944447364,40.602304597276124,29.35414189074915,0,86.45119585260265,8.757154070479103,0,1
69,0,東京都,25.09254184257245,117.49542959244941,71.73388462664106,41.64239391015232,6.2841165598237385,0,81.36116847492218,10.0,0,0
49,1,大阪府,19.765794438200547,110.202570151115,50.20220682863709,55.43610022652471,1.5790370069992763,0,108.52194127568723,10.0,0,0
48,1,大阪府,25.590287423635306,120.0855670181124,29.225713640550104,41.79559503160761,3.319959918302973,0,97.4787057935296,10.0,0,0
66,1,福岡県,28.737529462480488,124.88131274317341,119.51311963623107,41.659138430105244,16.764334319332765,1,94.40673889761727,10.0,0,0
52,1,大阪府,31.923072273026843,147.891308897867,175.1177492231512,68.56052494042281,41.91171456156705,1,99.86841541170864,10.0,0,0
40,1,大阪府,19.34870167948228,90.8365414161357,23.460116807569147,42.46592474190812,2.3694561081969128,0,80.28985056093958,10.0,0,0
54,1,大阪府,27.52871378902028,121.58244194119204,144.19120490194996,41.036697474568406,21.075648513208055,0,93.22969603961057,10.0,0,0
64,0,大阪府,24.784527561995617,116.08163682565154,98.7435106386906,55.70818739822944,12.899342423227369,0,115.81081015863968,10.0,0,0
42,1,大阪府,13.275894667674022,67.82627507975826,26.057254075981582,43.32548331688746,4.733301530392139,0,92.46830252538425,10.0,0,0
71,1,大阪府,25.26023512209651,145.31068610265208,25.22896889406781,50.11466385239845,12.040129963755188,0,113.62552608070976,10.0,0,0
45,0,北海道,24.467963619408806,113.86068415284267,105.68285021730773,40.972420992451106,12.965085652808439,0,82.87165380412611,10.0,0,0
57,0,京都府,28.602887878984575,120.46509544898599,52.031981248618486,41.66496726486169,9.307508475646227,0,75.62971515773663,10.0,0,0
64,0,北海道,25.301698630858297,128.55400036272985,385.57282787773124,61.02309442197449,28.807990727828102,0,74.43147653771223,10.0,0,0
44,0,福岡県,19.756395448703433,116.18782948015458,34.01246756809159,53.27759759011166,10.093220868459516,0,103.5400410679113,10.0,0,0
65,1,兵庫県,25.43724209518535,128.5023844619074,85.81251615521971,50.06811617645181,9.349470125853399,0,109.2443669963647,10.0,0,0
61,1,大阪府,28.365904627904037,140.46406060458463,419.19138600693674,41.76209452671886,45.97073014860481,0,121.96994629236596,10.0,0,0
41,1,大阪府,29.581261498271815,126.23768864521107,81.77139720022693,42.46920809989649,32.930074925461845,0,96.52830965823621,10.0,0,0
44,1,埼玉県,23.760209441440477,138.65988212928698,146.11839137616494,42.39148867611844,19.658831079263265,0,110.8402516456377,10.0,0,0
46,0,福井県,29.747242842296508,127.4998149145711,93.56674715919135,59.226073178239226,62.71390965293459,1,91.69226764562973,10.0,0,0
57,1,大阪府,32.60079693986373,150.15815213720995,135.88712134440624,45.76311533749411,26.17685027993625,0,92.48580464097682,1.8530614642025438,0,1
74,0,鹿児島県,25.366130636204637,169.51237727781975,176.2229684376406,41.508556169621635,15.276052673301873,0,113.27780947772887,9.247751469620123,1,0
68,1,奈良県,23.79077574151191,123.10972941735459,138.35897787696737,56.413311392424845,16.44421711679709,0,112.9061395736178,10.0,0,0
68,1,青森県,27.642498999533906,127.76817764072402,183.74102506574127,64.76925056354162,49.12903930221384,0,119.73261747823672,10.0,0,0
55,0,大阪府,21.301122903130192,116.95075541886035,37.559487208676195,42.12589764832089,22.513759500002287,0,87.708103756079,1.8411481323190007,0,1
71,0,兵庫県,24.11450116759371,113.73979672630276,68.8465657903109,43.91377992226765,12.636959201622457,0,98.20423527414567,10.0,0,0
49,0,兵庫県,24.671495595135216,107.39191888168088,31.851058724610564,41.47661971342743,48.68677945767241,0,60.68343864469283,10.0,0,0
72,0,東京都,13.26098045945192,118.36935661196301,62.06068578830785,42.2517922686825,3.5097654675618783,0,120.12803326626015,10.0,0,0
68,0,新潟県,21.41359553668948,140.12483623653534,37.259005690593796,52.767044011375965,18.285877363399003,0,58.601885688457905,10.0,0,0
45,0,東京都,23.122449247947078,101.45003800148422,123.34157943904803,42.32094715836189,18.287941030800347,1,79.60238664871322,10.0,0,0
45,0,鹿児島県,23.077995686149748,102.32790448585523,31.355143501632753,41.22995016474702,11.360574568146053,0,71.12163710620887,10.0,0,0
74,1,大阪府,30.0612092177017,174.67205777028033,127.22627182990273,41.801935471785335,69.90578913443761,1,107.1622951017184,5.4718653872075755,1,0
45,0,大阪府,22.558469214708136,166.19429232288024,70.71456930167922,66.27027892635525,14.723075963427737,0,110.61828648416397,10.0,0,0
46,1,大分県,28.609394159621807,108.73697467009804,184.14662800454047,54.588734235144734,38.22386786142256,0,110.19299246271224,10.0,0,0
72,0,岐阜県,14.706992115583104,96.6268685359897,48.66511448619219,41.62780890634887,3.0571729620531776,0,91.13127583315476,10.0,0,0
55,1,北海道,15.050642875819015,150.6619456014351,51.155794920367505,40.89262635800293,10.685337808313136,0,76.0687310333697,10.0,0,0
53,0,大阪府,16.294270586431534,103.7346547251513,62.31526117890148,40.89322483583932,12.655093878445335,0,100.58278838081542,2.2796343767658227,1,0
43,0,大阪府,21.216260692392837,126.75746469473796,104.3077031418908,60.24178814207902,34.28724253061045,0,74.39364182194889,10.0,0,0
68,1,熊本県,22.970740582468174,123.83689318531724,99.83050707645853,46.45214619367762,12.23361333819867,0,104.0991350161647,10.0,0,0
44,0,大阪府,23.61312814890289,145.37502235416207,92.1636616926021,52.52103773724967,18.571410828470245,1,102.98152192294734,10.0,0,0
53,0,群馬県,20.51210476481043,95.92991567494444,72.3538412231967,41.53312882710762,7.614613188722443,1,111.88030032667311,10.0,0,0
54,0,大阪府,29.052863084806187,167.00394510247173,178.87147387223555,50.68566562940554,47.39008978092813,1,115.4477275032815,10.0,0,0
69,0,大阪府,26.735429392473225,127.50798508854936,48.07938598905962,41.70484127534329,9.486657557943648,0,88.89123948315206,10.0,0,0
46,1,愛知県,19.68190891273624,121.42754306941976,110.2063031200903,40.63471719913842,9.504712828145244,1,74.96184127798868,10.0,0,0
44,1,愛知県,21.769173144870173,125.59921485777765,49.96862904676238,53.48065682164079,25.64265331552893,0,81.08302592762567,10.0,0,0
62,1,神奈川県,16.90492974573599,117.4127783946703,52.212571234345305,41.43524136725408,6.07868632152469,0,79.97728515968663,10.0,0,0
69,0,大阪府,24.967196553333782,138.50333607459444,48.7522218869974,48.26589638393097,13.311532904631774,0,91.52968112469244,10.0,0,0
55,0,大分県,25.366447712649858,134.64257081185534,93.74493196134951,40.28374776003686,18.2313677647511,0,74.4235834023352,10.0,0,0
63,0,広島県,25.633542261936952,109.07438505905237,65.32840734619971,41.73438760404826,8.817292188467938,0,92.05280527108238,10.0,0,0
48,1,大阪府,26.185729315810406,115.87376676025949,116.39663198228831,68.64727729304117,38.97154433858615,0,70.70036220308057,10.0,0,0
66,0,大阪府,17.690352021061248,131.98673443353434,46.827577697360695,41.33165277344429,0.592239218039626,0,96.33366999259822,10.0,0,0
60,1,大阪府,18.578435720370184,105.15209619462271,68.74797756464481,55.85973693369864,30.29555614135647,0,57.166317072324304,8.961024214253651,1,0
43,1,岡山県,17.67324694124399,111.68209642018697,51.06074488010246,41.03955155591413,2.804548906289086,1,99.99469961899815,10.0,0,0
73,0,北海道,21.176069123297676,130.9467367535785,116.31784256504817,40.907052728004835,9.695258160237127,0,98.09783698564904,9.473733030348429,0,1
47,1,福岡県,18.898044463794925,118.04970051904914,43.95874898625742,40.52020693237421,2.2010197186536677,0,91.45711154936541,10.0,0,0
51,1,大阪府,26.37613587009909,158.28304724265703,81.31517988076992,54.24707100627125,49.24127521017081,0,124.03700830642168,10.0,0,0
46,0,埼玉県,20.274541224164093,100.28850427332124,85.81628434577799,41.49792244685065,8.529308769643539,0,77.57168951534375,10.0,0,0
45,1,福岡県,30.669938436721512,170.3684134916047,69.03320535131043,41.84594211886031,17.92038908611759,0,78.35984246321401,4.736379802777119,1,0
42,0,大阪府,17.22208999434212,136.9692872774307,8.48429035132293,41.01649212950319,8.578940576896242,0,91.99836240279738,10.0,0,0
60,1,大阪府,20.69300186949701,121.47638657159374,156.27065531913044,42.25244186505351,45.740224773434484,1,120.07061692820365,10.0,0,0
57,0,東京都,17.78971948437593,142.07432409553905,51.063054873289715,42.23155636837416,18.485092961607258,0,105.93968668629067,10.0,0,0
48,1,千葉県,23.969514069043708,116.94947025706381,25.71750142186085,63.93164046235733,5.979650530781391,1,92.36259636998348,10.0,0,0
50,0,大阪府,24.58030234076126,100.38328931440965,44.25577014086474,41.884975346246385,3.7543604570154843,0,110.76795681078413,10.0,0,0
42,0,千葉県,21.816995372013942,142.21252740605476,77.36857279100029,51.058471312511216,16.14221602067369,0,83.00609308955293,10.0,0,0
40,1,埼玉県,17.742881797372277,126.03046820087725,107.79405864649237,53.888844553277515,2.7090272548033294,0,80.20699405634542,10.0,0,0
70,1,大阪府,25.465714938649988,123.72180101869029,58.227822695489934,42.32194437060979,16.6293504037187,0,103.94938727229594,10.0,0,0
74,0,愛知県,18.806547525001438,132.92955840034077,97.14271629038943,42.02845747672715,5.573499664143071,0,113.15114023351649,0.9848534972418577,0,1
61,1,鳥取県,28.609217106772103,142.20127126328944,29.173862890000688,59.2093779818021,28.80189050417051,0,83.30738940382304,10.0,0,0
74,1,青森県,28.04232911214077,131.20196210030196,193.34856627245043,42.83888219834412,13.637515987783598,0,85.82731481864032,10.0,0,0
43,1,茨城県,11.376664555151676,95.98920259627299,19.85112927199144,51.727661640541434,1.2214895749873842,0,73.45358866305394,10.0,0,0
69,1,神奈川県,24.37910225632209,106.19294290843575,87.7446580905348,44.57661671897688,2.4043359789530947,1,125.21657350980304,10.0,0,0
52,0,兵庫県,17.708653976595922,100.68938312109694,30.68960032317799,40.98706883810978,2.6323769815235742,0,71.84498433673792,10.0,0,0
50,1,滋賀県,17.696558171766487,97.74988410052188,51.19051815644176,42.293956943558086,2.5327742597473253,0,80.02552597716209,10.0,0,0
40,0,奈良県,28.183337164053757,118.03374139516609,57.458207227589256,58.57272173848798,4.713215569572373,0,85.72891553161004,10.0,0,0
59,0,熊本県,26.43513781632879,148.90367329200245,77.26810255132045,41.67999083917895,24.768845484736616,0,93.53754294189933,10.0,0,0
59,0,東京都,21.532431225441872,121.45988793487979,28.023114313099544,58.44873844369867,7.255646407099552,1,78.70235904541683,10.0,0,0
55,1,茨城県,28.567117975254014,146.223158270401,145.71294565210826,68.50103023817294,24.096514793132556,0,83.0580881444145,10.0,0,0
49,1,大阪府,24.467288676668574,115.71057187166856,25.311329904178475,41.67055042486169,9.98569746113887,0,81.67241200879438,1.7487535387906656,0,1
66,1,滋賀県,23.339811706620484,125.67809891848844,105.71268571267498,60.156701029771554,24.81003359837135,1,86.6316984180598,10.0,0,0
68,1,青森県,26.01256249304437,126.55143175342462,43.183587141049365,42.378067800319066,17.344103793372973,1,114.67479246417018,2.441717699543633,1,0
68,1,東京都,23.964537360802765,130.22753851423457,51.336879255161804,43.1435547314743,13.308031248401006,0,100.22068178640728,10.0,0,0
59,0,宮城県,21.165277273376034,115.29688122234543,144.00335511615876,57.55148130802473,19.055231365392487,0,82.35359503809762,4.650324646084077,0,1
54,0,京都府,21.754300810035108,110.09978218675023,144.40275047650863,53.507835640716245,60.40199365789059,0,88.9503902450251,10.0,0,0
65,0,富山県,26.999350489574834,124.79956394846478,154.4538982663842,40.823721513407676,7.084550409198271,1,89.77625334230835,2.4549115024111283,1,0
53,0,千葉県,24.629735674155935,120.78788613110707,242.45859539247894,41.40480409254033,12.56201690548324,0,83.45182343708302,10.0,0,0
62,0,大阪府,17.199216478606814,127.21203110512388,69.0978777140623,41.9805573206509,15.969958254038662,0,89.72882790384533,10.0,0,0
49,1,広島県,20.043333257768758,128.35426256655023,117.50854493179754,42.087414336464384,45.919112541002995,0,96.66036640109668,10.0,0,0
64,0,福井県,25.980117810310265,132.51682741918606,241.90789545980877,41.35522337577388,29.183526677589022,0,110.65328244871606,10.0,0,0
49,1,大阪府,27.03688782162228,103.84402786913317,113.66729402119476,41.02103575589513,14.729777883476062,0,78.34403111859278,10.0,0,0
48,1,大阪府,23.489875644087743,127.65407862105911,69.05077831883615,42.26810875088535,4.2434937706613365,0,81.14009048901836,10.0,0,0
48,0,大阪府,24.19955185225436,144.07500274318753,130.9622776708874,46.43954759309342,29.283768557338256,1,119.71083640463992,10.0,0,0
73,1,東京都,21.85600511754064,110.44263843423143,31.82186202861068,41.31039469875938,9.540266826968063,0,70.29121093141305,10.0,0,0
73,1,和歌山県,22.862630067995514,135.85331168683823,200.24438995261025,41.94816069447051,22.84545859405919,0,98.61327738163043,10.0,0,0
69,0,奈良県,20.758247174854432,133.67076222111348,63.90067029976151,60.86453307599355,36.96767445872104,0,99.48603454982259,10.0,0,0
50,1,和歌山県,16.719595380329018,96.1407570162669,42.98576197821515,41.01477886134681,11.890596969593116,0,83.43733733026181,10.0,0,0
52,1,東京都,17.189243731610745,126.58595339684085,75.1821030538984,40.39425475427066,3.2638873107397655,0,100.9202332341414,7.61536685364766,1,0
48,1,沖縄県,20.75441952901002,132.60797299477008,78.23941326137809,52.93973204029567,6.797194497376398,0,97.1377575586418,10.0,0,0
63,1,東京都,15.526712455041626,115.4521673217406,132.46738854990608,41.16500589776547,13.252533437581782,0,86.43649915936898,6.810620533082258,0,1
49,1,山口県,25.44872404622975,132.56262384802136,146.10397000703676,41.211590512481806,4.79312975184514,1,118.44430426859563,10.0,0,0
50,1,大阪府,19.11084052977328,101.41847952431286,78.48793481256874,41.57457975351115,4.631082678024161,0,103.13912039917005,10.0,0,0
72,0,佐賀県,23.730197907308106,125.15494747403926,91.6063521096098,41.651490628082044,29.780013872150327,0,83.35558298551244,10.0,0,0
52,1,山形県,26.491290106004016,111.80122938830709,80.58449800591568,43.57165420874136,9.442047087718592,0,87.7314128511185,10.0,0,0
41,0,大阪府,21.403219772815376,125.43654864659308,71.90565974362549,42.44685657238143,15.263873861863534,1,92.3748948073416,10.0,0,0
50,0,福岡県,17.087608058549815,117.59047763831296,26.06221136504489,53.88167280961905,5.9250390811433045,1,78.98050949682552,10.0,0,0
43,1,福島県,30.60846042277973,140.61663967088805,21.83291694192072,60.720055131263706,29.225225624756188,1,87.62965033267211,10.0,0,0
72,0,東京都,31.4984908311225,149.6761285493412,279.5593397861898,44.81191852608553,66.05783999343124,1,75.28457103494081,10.0,0,0
40,1,千葉県,26.641912595188174,115.98119088326052,171.8040710651663,57.09749550126496,43.49751989264033,0,119.57763386152595,10.0,0,0
46,1,大阪府,32.14042133955323,138.88767305008219,112.72017594772248,40.97780490267375,26.10026099801763,0,81.13066173279205,10.0,0,0
57,1,鹿児島県,22.150955295686117,107.26260986803851,138.20007606326377,72.25623706963124,32.74811287326813,0,109.77093588367437,10.0,0,0
68,0,神奈川県,26.18283412966905,140.05155679455098,194.51165137452102,58.5541145208632,35.89356800913048,0,101.23135282894907,0.23860716270208282,1,0
48,1,熊本県,19.023466014911094,138.29012472570668,49.16628013363957,41.52045438855873,2.8371847528298573,0,124.01258837569732,10.0,0,0
73,1,神奈川県,28.542214038259594,154.80806323601632,124.88363916340249,40.23801541408295,7.494880821681297,0,79.13829756084046,10.0,0,0
40,0,沖縄県,27.2303901781904,137.89904530754526,76.89726607276728,41.9232769403006,28.78841209054068,0,83.33087233276315,10.0,0,0
62,0,東京都,23.806735920879625,136.36206397463295,69.34401990307185,45.72933754387815,38.22010965029431,0,118.91494274591433,4.523852925304099,1,0
41,1,大阪府,22.720988325718494,105.1573500504728,69.03326761491749,57.55110906880984,10.85602775444325,0,61.97595331677181,10.0,0,0
48,1,福岡県,19.39593238548075,116.22859687470317,49.55945539516013,49.75160792083412,1.2561073746528437,0,119.73308263241218,10.0,0,0
46,0,大阪府,21.225241181062167,108.07819743941285,208.54180648104253,40.858010997088456,4.2478193447696615,1,72.17578251637799,10.0,0,0
65,1,東京都,17.254422194838412,125.9588268649343,73.63455865569112,54.05502745151871,6.705376650857052,0,90.23182261213645,5.642220506088903,0,1
44,1,福岡県,20.96055773723481,85.8994755361369,68.97023983763164,40.981087324643006,3.4516261900969756,0,60.97582094792012,10.0,0,0
57,1,神奈川県,22.398199108383448,130.12884487514773,37.24566500939352,37.85888781966096,3.1465443460603337,0,88.30218250530892,10.0,0,0
47,0,大阪府,20.265719461140808,108.96265773020255,53.84690113607237,41.39786671146204,4.195310759020664,0,74.37238720087798,10.0,0,0
73,1,大阪府,20.829687725701,121.3740689788727,51.356260923902376,41.089600118622066,16.974613185635782,0,111.23555838034717,10.0,0,0
60,1,岐阜県,26.45243704797137,140.24996906903968,49.26916087801449,42.00327284154357,11.754797112760755,0,92.09602836151613,10.0,0,0
45,0,千葉県,28.624946868953344,126.39779917719665,34.347213510278635,43.37494964618337,11.732497885469398,0,77.80922750825,10.0,0,0
43,0,愛媛県,24.66304585983441,156.10572833539132,131.15515567317323,57.19883548354926,22.866129413958987,1,108.1736408480271,10.0,0,0
42,1,東京都,19.841684686305236,136.72978478272617,29.671690763798424,41.72816559838829,4.571665552774871,0,100.36984136510662,10.0,0,0
55,1,大阪府,22.886030213414063,155.6607428183348,112.72493251446805,41.89359783731892,7.326558073748592,1,103.04217211857558,10.0,0,0
40,0,千葉県,30.567592486339002,110.83370412387933,107.48261234037152,41.936776657362245,16.74872410423984,1,85.79908043069933,10.0,0,0
50,1,千葉県,20.118344236158652,102.6270675838501,116.87941803323868,53.47167949428312,27.768318883341525,0,83.5480968065715,10.0,0,0
61,1,神奈川県,25.061182446280732,125.71476477701675,186.17394732893445,27.83732431960729,6.997216478879235,0,75.63459767057914,10.0,0,0
72,1,滋賀県,16.97338608036919,123.00542281409426,107.11479917521862,41.97536458386347,39.39194295991859,0,81.6622418769691,10.0,0,0
64,0,鹿児島県,22.674422285016654,137.36118893065387,126.94948135202611,41.6458830253062,3.560738177838039,1,102.23271335059528,10.0,0,0
71,1,愛知県,16.17077753209344,125.66816881372058,17.48481689596915,51.10089763928998,2.456576788913474,0,78.87501264270023,10.0,0,0
70,1,神奈川県,17.786899114976485,125.43231469929391,36.36399146403452,41.28778506672419,29.72925228801043,1,102.96185588474313,10.0,0,0
67,1,三重県,15.251663849927793,98.15292022046333,49.58817819435018,41.97362165306468,4.1544573568705205,0,96.04035736449927,3.4162132963939307,1,0
73,0,沖縄県,15.360705794216765,139.66744626162355,75.19777037021237,44.94631624645492,5.9510636825824506,1,111.86643185744177,10.0,0,0
69,1,大阪府,19.750693374770258,118.37139835597779,76.81606234643127,59.4609743163023,12.082274706553807,0,98.39130205447572,10.0,0,0
52,0,埼玉県,20.352608186614898,104.71775708568948,144.44455620118367,41.71636043652609,32.906451692860074,0,107.81245713353898,10.0,0,0
60,1,長野県,18.61936211932657,115.99264994717527,83.95838395497604,42.09792479750621,26.65126716827209,1,100.8131681446746,10.0,0,0
63,0,大阪府,20.639679627975184,146.9599110082001,66.15865029923859,42.00386930337225,10.26734841224128,0,115.83813891320332,10.0,0,0
48,1,奈良県,26.90995561610501,122.95150256476815,82.5701989895813,42.70323308169626,16.3218570554207,0,110.64739491391954,10.0,0,0
58,1,大阪府,22.046242506176082,135.88902838511325,63.466059243553744,58.75303591213947,13.278930756915189,0,78.04944894950872,10.0,0,0
44,0,長崎県,21.17778531932212,97.39942553175065,54.33446589430111,40.93431954756384,2.4800125730997995,0,67.72016899122805,10.0,0,0
52,0,福島県,27.178517467876503,161.7590371576632,84.99777360536375,40.75949018732178,12.430669445470942,1,84.64733059455494,10.0,0,0
41,1,東京都,20.577924476068215,128.79460775546346,117.50723299851616,65.33465406874627,50.729748752921275,1,74.95518576893937,10.0,0,0
72,0,大阪府,26.974787630943585,167.93182448084457,44.07042883873088,55.2545955969654,11.861432016612868,0,113.42955035502614,10.0,0,0
62,1,大阪府,21.072252303828314,141.51418562593182,90.05715771507981,41.66758510333042,7.946436035823536,0,96.7662465444946,10.0,0,0
56,0,大阪府,22.57087853859309,125.08882770042575,72.4220236783157,42.24593263705967,2.4312532873375936,1,83.26228681112978,10.0,0,0
55,0,滋賀県,16.188140813418183,122.18157368790706,92.6227547056834,41.20599343671019,13.253868494532991,0,68.18564099692375,10.0,0,0
59,0,北海道,25.00995771942004,95.07413533910129,50.13834988222097,56.02004350163573,31.232305798719967,0,68.1212319381918,10.0,0,0
47,0,大阪府,20.402262455639505,117.31342747572275,34.33806137732763,42.59775113231719,5.98106150342305,0,114.84485822577854,10.0,0,0
69,1,大阪府,23.201308349726,135.17222612175618,76.65828730247321,67.14780152379302,13.921953570445394,0,81.2551748704021,3.5910222293371277,1,0
55,0,大阪府,21.54599648283237,83.12581330452748,154.20960349257837,63.56292322081967,16.46077827063271,0,85.53039633578362,10.0,0,0
43,0,大分県,23.346599931311783,99.51535254826344,82.43586364368998,40.79885016933486,12.38464237643669,0,62.04877424150432,10.0,0,0
40,0,大阪府,25.235177243393704,119.43411892135155,45.17436318460538,66.16196354520758,9.687627867864057,0,81.5133521339373,10.0,0,0
42,0,大阪府,22.46372246202826,124.60743495354176,54.804210412186045,40.986213505432346,7.222225550202534,0,97.16064686176168,10.0,0,0
67,0,和歌山県,28.296363135785874,153.3183320148859,113.27886259589694,42.38488076059511,18.583647432665718,1,119.09092276731258,10.0,0,0
74,0,東京都,21.83594148345351,128.33998326282324,289.2529223828412,40.98286238767929,9.044108774466382,0,83.40578320423859,10.0,0,0
41,0,東京都,24.710815534632644,110.26216405250814,56.542672836566894,46.28737105259163,5.548426700870028,1,105.23077851950403,10.0,0,0
69,0,大阪府,25.08754845268335,174.72300858216596,298.4520498038602,41.23896940841241,27.76775416477853,0,125.47223938764557,8.271063197818531,1,0
72,1,大阪府,23.95617138278553,135.08045088498253,47.81671183679376,42.30379972320385,8.738071507754324,0,90.04356918039292,10.0,0,0
42,0,高知県,19.926333682080376,107.76906795618137,65.7492488352338,42.050292604432485,9.255399027407265,1,74.08395731630951,10.0,0,0
46,0,静岡県,26.548504787759473,110.281909817481,58.52945087432581,41.11604783792974,35.215896744709006,1,99.84836612373722,10.0,0,0
64,1,静岡県,17.036014245389556,138.09428252712917,126.78624292285987,41.166096763486735,5.749410295715127,0,105.00053693457514,10.0,0,0
45,0,北海道,22.74730196228116,117.85126865854652,185.82969535361607,40.81379800363318,13.65558971051865,0,90.9147804379232,10.0,0,0
40,0,千葉県,28.131019214482215,138.62922989437124,51.12518872328292,38.85773558150273,6.750600693595484,1,97.35941345979305,10.0,0,0
52,1,大阪府,16.95538730098917,107.1346818764192,35.20080086282393,53.31699360841535,10.222075064573152,0,72.79762848373063,10.0,0,0
43,1,長崎県,20.89690092741468,90.14527550338043,12.258417185371407,41.19182167730812,3.1308690626639986,0,70.29734593398146,10.0,0,0
71,0,兵庫県,18.19816049354466,109.96690280456895,82.82130639325192,65.20623646190782,10.68618862526465,0,116.04480232711175,10.0,0,0
43,0,大阪府,19.17074666777982,157.27521051581707,122.7080437650575,54.27846438107559,8.564568272486452,0,104.75734343822609,10.0,0,0
65,0,茨城県,20.36061859676505,103.8456369070429,124.01429766259078,40.56599582603188,17.634763226333614,1,112.66808448398024,10.0,0,0
63,0,新潟県,18.982261784409168,124.57557876760913,69.2845692875909,40.331172091022644,6.407192508517125,0,103.37414216285306,10.0,0,0
67,1,神奈川県,22.54933900449259,150.45951256694406,71.1027810735464,41.80836693197078,18.003781180412556,0,65.52430763751666,10.0,0,0
68,0,兵庫県,19.700610540874262,123.50429800128158,127.0360140396944,41.06096655579454,8.577060923396642,1,94.07464986226148,5.126112703397229,1,0
66,0,大分県,19.278314613058605,150.92669829950245,128.64649719136887,41.711815304621645,11.538604072466379,0,103.01190683475703,10.0,0,0
73,0,大分県,29.222992629217444,147.89726628840756,277.81509161105987,39.11509499020956,55.58622026795787,0,116.20369938718493,3.726563138426994,1,0
52,1,福岡県,28.185852503449592,146.62291772386274,122.07495009540398,49.09976643710982,16.36069997671603,0,102.89428168652304,8.818009597231715,0,1
68,0,埼玉県,27.028035899293798,113.76968525402755,51.92468731541229,41.666641229120145,68.90950812851929,1,83.8855376116271,10.0,0,0
49,1,新潟県,17.353442750495514,134.6878334302117,57.17362735256441,40.77091317488179,0.6584508363570075,0,102.92082400531964,10.0,0,0
74,1,北海道,20.68971133859348,127.77611997186247,170.16778293917662,40.59564775404684,4.0312639298261645,0,125.38743555885864,10.0,0,0
50,0,東京都,27.5753439911195,106.2907616655443,109.99884945570436,60.719169709815205,47.28872844826731,0,70.15967664077779,10.0,0,0
47,1,山口県,20.26817944079498,94.1141437510687,25.23557333043847,48.2400337607569,3.0241905038840824,0,77.33365002013143,10.0,0,0
55,0,茨城県,16.894664667763116,102.17724800057773,21.88757053052113,43.505873713578595,1.1975753514369774,0,69.10374844408588,10.0,0,0
68,0,大阪府,22.70791355096432,127.7029248704116,71.32950496343821,40.800857041272565,21.747445863100374,0,98.80847220499139,10.0,0,0
66,0,愛知県,28.609298525406572,134.66653094480395,50.44307338112783,41.867968304233806,17.1180207044048,0,93.87602073797237,10.0,0,0
74,0,東京都,26.12146259081799,166.50579122933777,132.69248156710825,48.71976535158029,26.84488818050761,0,120.1028452276114,10.0,0,0
60,1,大阪府,23.078832680119326,114.56587445743155,95.00159559066383,40.900044133144284,12.429145638922181,0,119.287662230918,5.986554042037292,0,1
74,1,大阪府,23.010502406041592,151.0295784212823,73.02490089881391,41.37131721008176,16.891997072662985,1,91.44594601857597,10.0,0,0
41,0,香川県,27.81403016555051,123.1137111014759,65.84488568502522,60.629034623970625,10.091132184335581,0,61.0088639174741,10.0,0,0
41,0,大阪府,19.09174664910758,100.10344117394958,67.06553701075032,40.9372538688236,7.967989434772392,0,85.40140746974332,10.0,0,0
46,1,神奈川県,26.37369203487225,131.50817984104924,128.64189902637068,46.038408915295676,7.3598827848603205,0,66.33566690705344,10.0,0,0
49,0,沖縄県,22.677935346807683,100.264356145787,64.01560662792494,37.659723492732795,19.6280344479578,0,61.060358276570234,10.0,0,0
67,1,北海道,21.975140629516762,90.18503392330355,104.1619531991176,42.29467723779699,4.217560379130117,0,81.36379175857003,1.795348110944974,0,1
44,0,大阪府,21.852414707404584,94.53935071870038,35.40319037746358,41.97281062470823,18.356202788024017,0,60.84751746140607,10.0,0,0
50,0,大阪府,19.82626466879781,108.7259686806051,180.80243262799453,42.34306343891745,61.579590603751726,0,92.33451243133783,10.0,0,0
72,0,岐阜県,23.55316846607289,146.17621896037122,68.98305942213132,41.86659433993391,17.07142783530422,0,100.05112668519308,5.891703906042686,1,0
46,1,大阪府,21.96045408882356,130.84464083064285,42.71313342371328,41.12756815722733,8.229616620670468,1,103.3706327951456,2.9865617437910323,1,0
63,0,大阪府,19.32616208476019,145.37457093914637,54.56817499228711,64.33540336268275,2.824588114915671,0,79.1383885560017,7.558907118971016,1,0
48,0,大阪府,21.89072741612988,150.43236169186014,99.08897151716394,56.742937705728096,12.451141483788026,1,113.62399725585199,10.0,0,0
48,0,和歌山県,18.281037535532338,142.94698970052414,83.96571011406546,66.20472001522872,32.88995417886529,0,84.01797583701187,10.0,0,0
40,1,東京都,28.65337435939971,121.97439057470928,109.95387295621033,40.44118971719734,42.58256620141368,0,95.11029187323173,10.0,0,0
43,0,千葉県,25.89263558542451,117.26778128810987,160.07972120899933,52.0979533596096,13.504575146996965,1,102.2210259535288,4.518679564729142,1,0
49,1,鳥取県,20.19910380027114,112.32507943929083,51.06421046015631,41.06740955915988,11.497178315125666,0,70.8926978610001,10.0,0,0
62,1,大阪府,26.69737704056188,137.88387818223097,275.98279051490675,41.69099293451239,32.91479563173938,0,114.92288661801987,10.0,0,0
72,0,岡山県,30.71206624052587,174.13717158080215,232.70342704180004,52.66011826836891,28.709679693049306,0,110.04504196095002,0.46146577182656223,1,0
58,1,大阪府,18.27474765125868,89.54174517456842,154.32056681699672,52.693310356963366,8.865490268030689,0,73.91270806004215,10.0,0,0
53,1,大阪府,24.91005782707244,136.45715134873086,143.9712441652415,41.03938638357988,15.101924091989698,1,118.31500993590386,1.8625260338058693,1,0
58,0,愛知県,23.98031280486641,127.80588826591845,176.68954437736156,67.16917707160916,32.831736092639645,1,122.10904942926645,10.0,0,0
55,0,兵庫県,25.042808263906092,144.81075675781807,52.82064553610766,61.172597431050605,15.401812138999587,0,104.1476266143619,5.439928618867459,0,1
64,0,岡山県,24.467803223715265,134.190083682646,141.36921456755633,40.716477146251535,12.449629379910675,0,83.54882729094946,10.0,0,0
51,1,鹿児島県,24.975218568491858,139.18845469177495,53.96565513236125,47.82748658969427,29.7770904888983,0,97.66839550639557,10.0,0,0
70,0,大阪府,24.87255546523853,138.73494276530246,42.89721164994468,57.09623817479338,25.559142902454244,0,68.97218980735505,10.0,0,0
52,0,沖縄県,22.368106166937036,106.19945204428844,61.2395024021413,40.640003430638245,16.678564605974465,1,55.49851654933641,10.0,0,0
62,0,広島県,24.101732304332803,150.42640733131853,27.999237016520595,41.29112920390792,10.1769347330852,0,72.18531889227577,10.0,0,0
65,1,青森県,17.44621524998148,116.16482536227352,17.28122904164151,41.289166001383,3.1307601327956025,0,87.843883311722,10.0,0,0
73,1,神奈川県,26.022360930518452,138.18951289382872,31.703977395516535,55.17577125947385,32.78985772952588,0,97.97686138035824,10.0,0,0
64,0,大分県,23.549740350980475,134.41601577444177,95.68787456879528,39.60337801012961,12.117763756444175,0,81.40834597339243,10.0,0,0
51,1,兵庫県,22.39321558741191,124.25799595626832,122.88741659368243,59.12160082476817,10.798703750277607,1,109.55856300742487,10.0,0,0
52,0,長崎県,20.97222430594906,113.1967108448488,133.4888583636242,40.620315706040486,12.394548158157386,0,114.93475690952982,10.0,0,0
60,1,大阪府,17.789922181116538,124.88093669733853,116.7289500088724,67.48869473367506,22.956036482760734,0,85.83885476031081,10.0,0,0
72,0,鹿児島県,27.683637158945967,163.94201468638994,131.85796426617236,62.789002500104274,18.522144962006962,0,114.09843894100703,5.692704806283673,1,0
58,1,三重県,28.056355804691268,178.23217378845214,199.71625652978472,41.66537690543897,20.385773476705154,0,93.86914242378741,10.0,0,0
47,1,熊本県,29.430190340242373,106.20907747098423,77.0801711301266,41.6060220602714,4.248979896129156,0,88.63094048191684,10.0,0,0
64,1,愛知県,31.885295658396366,146.80976422252633,103.72276318980207,41.124128334882634,13.74346645836392,0,84.17128820300047,10.0,0,0
62,0,大阪府,23.974154016775692,110.42045019809251,165.8039228331197,41.72416779101765,38.85301476716764,0,90.71491067961222,10.0,0,0
47,1,山形県,24.67148889667403,141.87673390284988,63.92959503614774,49.11491705011739,4.079175897372046,0,100.58504577229844,10.0,0,0
45,1,沖縄県,19.76148137383207,104.35605229084815,161.11037354650364,64.84174636687108,48.719569898964856,0,90.18034720006219,10.0,0,0
65,1,愛媛県,20.429273361885077,134.79424398335144,17.05183563317313,54.30537222517545,2.356922083593039,0,83.41352628549642,10.0,0,0
45,0,福岡県,21.549360975803992,117.35819145562222,54.99290273215841,41.19075417494976,4.79475549278839,1,73.30506231814418,10.0,0,0
44,1,兵庫県,19.68682415437166,81.29655692718148,117.09291791057392,35.97623512317996,4.6253008568160086,1,84.45111151899077,10.0,0,0
57,1,熊本県,25.23059729760989,129.02345790150815,176.79755211041706,55.909487345948186,29.289948353918547,1,94.71751389879132,10.0,0,0
62,0,愛知県,18.76074969020949,99.26843966576517,51.152248045659924,50.14249767576331,2.4842213460491607,0,98.41222455232496,10.0,0,0
73,0,大阪府,29.05813309794496,162.7008839156072,384.9174434404369,40.627028799197106,20.809853650078672,1,83.95921513039735,10.0,0,0
41,0,大阪府,26.26497416826367,151.88868811166705,73.56479394898841,50.32040019233051,10.344391057340163,0,80.39491729448947,10.0,0,0
46,1,熊本県,24.40103707411314,133.36171750206321,110.54148677379166,40.757911901266084,5.473242633591444,0,86.54656988383528,10.0,0,0
72,1,東京都,26.58860394805368,119.63884683931754,47.2731886698286,57.09785403154962,19.43639350737351,1,99.96513472602743,6.425306685419525,0,1
48,1,東京都,21.51070120824857,123.06012001888101,124.08691417933949,40.90807465289366,8.107332535120518,0,72.41398639257964,10.0,0,0
57,0,埼玉県,26.804281608473417,138.29324395065018,55.89825090119749,40.98217925799724,17.24087990987338,0,89.83410548626024,7.867309784392736,1,0
73,1,大阪府,30.315871610231767,166.2195881315407,120.12188170031493,42.40462434519045,45.964354716633366,0,91.41114304069002,10.0,0,0
44,0,東京都,25.299265978674615,99.46904109002926,69.73375091699259,42.19882009293751,13.378122819619518,0,68.89987633323231,10.0,0,0
41,1,群馬県,30.8438995572508,175.40840310035597,202.68317676072692,42.48305612471968,62.87826671494275,0,118.87875843518562,10.0,0,0
48,1,大阪府,24.77074089070454,127.7976400751145,100.37836834810521,57.169765337176436,9.698739737226449,0,82.87839607624926,10.0,0,0
49,1,大阪府,24.078431696695308,109.980107559825,120.49535022771643,41.5736033437586,37.24110766844869,1,70.22785251880231,10.0,0,0
69,0,岡山県,26.696537490961468,141.7567196061561,125.78338367983714,41.96353256948431,48.63528452365721,0,98.55445040973333,10.0,0,0
59,1,大阪府,25.244886524672975,151.9684256370993,102.59974220438085,41.3113816916202,15.064567780952643,1,99.85188610401464,10.0,0,0
48,0,大阪府,19.885212497800598,109.47759795721525,112.8006506378461,59.1216549975567,16.682589740192206,0,81.09254518694527,10.0,0,0
61,0,神奈川県,28.139382456089123,112.23742233261237,116.58651619009396,57.90452754949985,16.623870353932965,0,87.23395471569341,10.0,0,0
48,1,大阪府,21.840329707862104,112.83655853197108,197.60436219311248,60.83310532723041,15.874332652337099,0,77.60676860495447,10.0,0,0
66,0,神奈川県,30.588530434675526,133.0658935145528,126.12086662518837,40.82568609140734,29.294649864552703,0,115.80435626192687,10.0,0,0
74,1,石川県,25.893369968148964,126.51647217618711,66.6852489941494,40.36064187722698,10.629676995997007,0,110.58057889268316,10.0,0,0
73,0,沖縄県,27.613881827865164,130.5911865489732,89.08283033899954,46.31334423815852,104.45608907880782,1,113.28522799297608,4.864781013689222,1,0
43,0,埼玉県,28.006393949853713,119.89677435838281,69.06098517211733,47.84507486021538,13.476536757620934,1,100.27896743295808,10.0,0,0
59,1,大阪府,20.119105655942764,126.74976618920138,68.95886159308598,42.264522853635924,9.359377848875964,0,94.1755698893174,10.0,0,0
41,0,大阪府,25.442387355542213,130.73369971777302,71.35180568513957,42.16713366651896,60.045697232643356,0,74.62425600762943,10.0,0,0
42,0,東京都,27.590376972336745,130.73255074657118,253.75212014081987,42.06046871632719,62.88253637414163,0,105.87582913278607,1.167480262543092,0,1
46,1,埼玉県,20.25454142534554,86.87874809515516,23.440225514875852,56.740331445133364,37.20662825057826,0,90.5567311370894,10.0,0,0
68,0,東京都,23.17409617737985,155.65747761366686,58.57636848697493,42.16041192951125,5.890030731007667,0,85.61052532254772,5.296561270164724,0,1
55,1,宮崎県,23.67445593525015,143.239633511053,85.64045462664305,64.3550490797129,21.84724664674868,0,94.4088716808896,10.0,0,0
44,1,東京都,29.591741785353758,117.01624317249765,86.50689751732399,41.22156241928176,11.553143557533318,0,72.42213643460717,10.0,0,0
48,0,奈良県,23.895132387652794,112.0385199962084,95.24320464309079,55.282139013352875,36.71949355661685,0,97.13534979204942,10.0,0,0
45,0,福岡県,26.788642459133897,118.01606902099876,146.1181758381956,41.016782872915876,15.383784438383916,0,69.06638504581056,10.0,0,0
71,0,大阪府,15.270281690047776,149.92854954356497,73.31358224433572,42.389505729707885,10.475005583968496,0,79.80650965639643,10.0,0,0
49,0,鹿児島県,21.285368041442933,76.95343396565852,48.593784312526175,41.087207481019604,4.179666630602956,0,82.01434272191186,10.0,0,0
50,1,愛媛県,20.249804579437566,128.33809273784962,16.671699258810847,49.52839680369235,10.199151355341922,1,91.95670167325751,10.0,0,0
55,1,大阪府,20.658238208837535,127.44681808873902,54.88147013944567,39.8592414330337,7.4280403238152815,0,89.07291027476818,10.0,0,0
45,1,愛知県,26.238166621071297,130.96772120164766,161.59765952535665,34.215213074368826,12.109887588758824,0,74.5323453259581,10.0,0,0
61,1,奈良県,24.66501685811327,143.73530244305877,104.89195963077304,41.56524694831632,28.411539357066268,0,95.0475636567466,10.0,0,0
69,0,北海道,26.19216101106188,105.27121914486692,68.11594774626572,41.87657972327818,6.426722684447918,0,66.39138030025865,10.0,0,0
40,1,広島県,26.716312586879862,112.57143359078556,110.77845616610341,41.743616667300905,12.201886304776991,0,73.55329506574483,10.0,0,0
57,1,長崎県,21.55315403949931,126.40803218031017,72.81509254522496,41.11590783235515,9.295715133234545,0,103.2057562347772,10.0,0,0
55,0,東京都,15.358417344841515,125.41499585712602,32.62869067618617,40.561183248296544,2.1174088891569767,0,93.40200452547279,10.0,0,0
42,0,岐阜県,29.585050659206512,126.8678973920858,122.9374379936995,40.86577265981814,77.70114842918252,0,76.998317580122,10.0,0,0
63,1,青森県,24.113117476876074,138.74151815087458,48.7430590189155,41.50203936186617,18.27394603818934,0,119.71771122721462,9.172809281379473,1,0
48,1,大阪府,21.174841721335262,128.00606447496943,48.98415088206021,59.449530151508114,12.42024750015854,0,80.68462747660315,10.0,0,0
69,0,愛知県,29.720036640722633,168.78832041394975,414.87509101492077,41.03074560944919,115.15369555011094,0,121.59718796307976,5.399459344550879,1,0
43,0,大阪府,31.487088746082357,127.79754946426876,55.571999386971726,37.53747647814088,13.398045194159106,0,84.38537711434948,7.5502258017957935,1,0
49,0,東京都,24.362105383400866,119.9965009610574,151.90527732497785,41.160596830808664,3.930575158721371,0,91.43235124886274,10.0,0,0
49,1,東京都,22.16292999999978,149.7263635556714,85.8109997263312,42.324563500181036,29.23851612128006,0,83.99741338877061,8.275194836613954,1,0
71,0,大阪府,29.588901534685466,116.88328145084581,137.7729331152204,50.483631601789,24.99646365538378,0,79.73984297905946,9.481574451702713,0,1
69,0,大阪府,26.190866969637213,130.39662139360703,57.87553162527916,53.81392005554701,15.295750574539559,0,78.66484987245119,4.211108218178741,0,1
46,1,徳島県,18.81282295307159,122.82977106239396,83.16355402427087,49.420565630465205,13.416868840594402,0,102.66500900922789,10.0,0,0
45,1,鹿児島県,20.736591109586087,118.1874330865354,93.66584893027887,58.66003980858375,8.365923660548974,0,96.38336854679498,10.0,0,0
52,1,大阪府,23.563120038061925,143.263261196018,34.263970391396604,69.96830380059116,12.907473634286264,0,83.4372765437538,10.0,0,0
60,0,愛媛県,21.30146468064334,135.06266645675936,51.69936219717382,40.711612168253865,3.5689034415597876,0,97.98291386410412,10.0,0,0
46,1,福岡県,17.914644983255787,100.18064210796211,146.35931839519145,38.37616752320505,15.60907769699081,0,78.83787486052258,10.0,0,0
50,0,大阪府,18.058144170418025,111.5260195543607,31.34055437268959,49.6900917755147,20.125286035032456,0,61.02198080857618,10.0,0,0
43,0,大阪府,17.24619747781828,102.78612444769112,29.234060720670257,52.24194069788709,3.7388502709282463,0,100.50688708348149,5.823998900424822,0,1
57,1,大阪府,34.976100570973294,119.13631468059889,370.3426230261268,41.12782110931999,20.961955593523562,0,98.61435394199637,10.0,0,0
63,1,三重県,20.063706890096505,120.57594171761863,111.46345028619494,40.811163322291065,2.8382854553599786,1,79.17729416410984,10.0,0,0
48,1,富山県,20.701574375951658,109.75271790990796,77.62591766321192,41.64707499428633,14.636846568719239,0,82.9751896703238,10.0,0,0
47,0,大阪府,17.82244740704345,85.90415781353848,19.072902263446704,40.97704173480141,5.772196290630422,0,90.30384442968878,10.0,0,0
58,0,神奈川県,26.964403995011924,149.05375149509237,243.83215137488781,39.91403923746945,15.055371119541727,0,116.51308769445032,10.0,0,0
50,0,大阪府,25.246528039634914,107.03089387533821,243.81755420564986,41.77731413202345,16.866091917789973,0,94.1136859807657,10.0,0,0
57,1,大阪府,23.035055916219925,112.54840321522644,66.53881753088716,41.079490452231155,11.2774955855353,0,95.89970263635605,10.0,0,0
46,1,大阪府,27.675942619734787,109.67967372063092,116.31245726077452,62.6146597588716,19.66592015074733,1,90.97024306667629,10.0,0,0
72,1,千葉県,23.039232161387314,137.80885496716195,40.513460372701125,42.02481591501679,2.4376843735486964,0,86.73289834137636,10.0,0,0
63,0,熊本県,26.733813791258623,136.67850673611142,125.97298987852894,60.10510758421733,4.344901365671082,0,87.1735905515148,10.0,0,0
53,1,大阪府,15.25664058060962,105.2223435290014,9.476643399928827,55.18985010212397,7.0842033828158995,0,73.70305309529307,10.0,0,0
43,0,長崎県,24.766682461635284,102.1672606519419,98.48235397364455,41.12175586533733,19.66349120145403,0,113.48362776669165,10.0,0,0
47,1,長崎県,20.17369733169549,132.28647196928355,64.9184100207278,50.3100561634087,17.501851020109008,0,80.02931268307478,0.23684119821259078,1,0
46,0,茨城県,30.06112041384358,134.67914390954243,59.31266561600713,41.31354707132166,14.781046831309027,0,87.87581529632322,10.0,0,0
48,1,北海道,19.162332018933625,87.61056277891531,51.990016118367855,46.42594650851478,14.64492460892417,0,99.09827416126583,10.0,0,0
62,0,群馬県,24.7969538439114,132.45193475898597,309.10534614532105,50.69222133452386,24.086179704856473,0,110.80343645881214,10.0,0,0
48,0,高知県,20.730803486576757,99.31679248760243,111.59911027234685,41.504026813583366,23.274334432690257,0,87.53679189923953,10.0,0,0
66,0,福井県,18.661638702865464,111.97058345132363,51.098382271092596,39.92770929708412,0.7049994058773069,0,85.7507844860578,1.846356071426004,1,0
63,0,大阪府,28.303816198338005,116.98164073703761,60.880968461866004,47.75203818978689,11.759915307749269,0,104.46359149966511,8.777508508643706,0,1
43,1,大阪府,27.607016869580285,135.1132772467351,114.01558777838562,42.320911024320864,12.320991845140973,0,98.08471938115132,10.0,0,0
61,0,大阪府,21.848732217875042,121.82932193576244,22.162627187093587,42.84153162755424,1.9294487989417475,1,99.8798478980129,10.0,0,0
48,1,大阪府,22.67750533381462,124.98068405619354,98.47535652402874,61.04090387273173,5.750031187667971,0,107.1642094689521,10.0,0,0
46,0,東京都,22.288067592212247,88.57847172502508,125.34346873397398,34.67362848402886,8.76598881655942,0,78.39729989699369,10.0,0,0
50,1,鹿児島県,26.136601133073132,131.50150974686423,47.159920651283606,41.50036559461306,10.909516558510195,0,82.27176520139083,10.0,0,0
55,0,神奈川県,18.8405267432993,135.86243271393667,135.59233718361259,43.96199229902221,26.922360150059966,0,113.07540124068316,10.0,0,0
70,1,大阪府,22.867905918252415,129.46889135543375,120.99768639067055,65.8443541783747,54.6028828320638,0,108.54982367154628,10.0,0,0
68,0,東京都,29.53405842304327,114.78836909970457,144.1868020848053,41.259186712673284,36.46743495252208,1,75.99772105833182,10.0,0,0
49,1,大阪府,23.44513698409042,115.72780098663848,67.7952146492436,41.31453508646055,8.114297239888899,0,115.8100176438346,10.0,0,0
48,0,大阪府,25.394000682950434,132.4105577951112,43.02929092768165,59.069509399058276,1.9775464582287687,0,81.272186776075,10.0,0,0
59,0,大阪府,25.43108977661754,148.53797126998123,75.25873946527496,42.17947284768783,14.926912865908273,0,93.87132474958081,10.0,0,0
67,1,福島県,28.585550836192315,141.8774447524265,180.5341387227161,45.172734045545255,57.36572126540456,0,85.19094445529268,0.33810944573572227,1,0
68,0,大阪府,21.847622454065455,109.98118514672575,76.01609171706191,50.50029927939616,15.467657386575244,0,90.36713886710973,10.0,0,0
63,0,大阪府,24.86826558413974,128.78180469481887,137.80802299168494,49.98653751266646,30.05770155571658,0,103.11730956778386,10.0,0,0
60,0,北海道,23.98085238273864,121.90798511759088,16.852905183479912,41.22957387943485,6.527651427572139,1,74.61253141453035,10.0,0,0
53,1,大阪府,27.441797063773485,117.96083846532547,118.92275545806498,49.11366858376682,29.447040124987964,1,97.34549887151586,10.0,0,0
57,1,鹿児島県,21.349258106835517,111.02102697115576,128.4736384339545,57.49887544091593,27.05587657010851,0,83.33190264091165,10.0,0,0
62,0,大阪府,24.66527762828005,133.32003666868331,82.48654283904614,41.129533843162314,8.580100033718761,0,102.42191063981487,10.0,0,0
57,1,千葉県,28.603191453198274,134.35986045073733,74.72164167387622,52.521795736806865,31.176170033780515,0,78.51060934099974,10.0,0,0
51,0,埼玉県,28.178007865481664,132.15688075390858,221.88512175306553,38.15007333753804,19.658582899420786,1,92.22144301303102,10.0,0,0
68,0,大阪府,19.878306006501585,108.72778334308508,72.42051769376204,41.08633391478601,3.130739788519487,1,80.68482596163248,10.0,0,0
43,0,大阪府,28.438207525181056,129.4071070870981,68.64428362458858,41.76545978742456,23.36990518746354,0,91.25917566672072,10.0,0,0
53,1,神奈川県,22.480300680398614,102.17569003705087,131.11762440080363,41.79847533747001,11.760598473463755,1,81.2537606647996,10.0,0,0
52,1,奈良県,18.58100766112576,111.50432700444424,21.557673657379308,69.39798357734206,19.48413822425206,0,76.5329092736614,10.0,0,0
65,1,大阪府,18.27301451000456,124.05487481826218,68.75943428314535,41.664722856667765,8.170717203773538,0,73.34943193319161,10.0,0,0
43,0,大阪府,29.053390181869695,84.09315564216105,83.19955513351765,40.89125019747574,12.96572618530445,0,88.18909104060084,10.0,0,0
69,0,福岡県,23.945021726761148,146.96262083719515,115.59100423174542,41.05388167529676,14.723513900650852,0,81.96327490109218,10.0,0,0
73,0,兵庫県,22.3496220641574,125.6052278025578,146.35806692327134,70.80965683770172,13.305150137990426,0,79.7603444485425,10.0,0,0
72,0,青森県,26.49545177237592,129.17741613539673,128.61543703622525,51.770596227140956,50.2722141826221,0,77.19272016664866,10.0,0,0
67,0,東京都,24.362333260124288,97.91298443358001,80.80852415550203,41.39267803486748,11.66303658348148,0,80.33840349540885,10.0,0,0
73,0,秋田県,24.792560938133597,150.90157128305017,227.49624427344597,41.257399276307815,16.1393095012083,0,94.62248138947243,10.0,0,0
40,1,大阪府,34.49254223517963,139.64288889896048,58.186497724729065,58.11452211812264,65.99527442096408,1,86.31794831778366,10.0,0,0
73,1,大阪府,26.87838653423656,153.9526545463142,175.75970836290162,59.915682056221314,53.31840609253245,1,90.35289813686704,10.0,0,0
43,1,兵庫県,24.069372352351717,111.0241342786145,153.24508956217934,49.14190850356444,17.638188910745885,0,77.22346645002261,10.0,0,0
54,1,熊本県,25.4691807917477,138.88554912330528,73.67814610827854,60.54322400522138,13.291606634511338,1,111.54374971372992,10.0,0,0
42,1,愛媛県,21.835506947816555,114.14065227758883,50.25464429783694,67.90969726686701,10.474358866931858,0,72.56805127794101,10.0,0,0
65,1,千葉県,21.814972804222855,145.30325063264206,111.07161358690965,44.92937698151715,13.1211032573383,0,106.93011322586474,10.0,0,0
67,0,福岡県,28.173257620510064,150.9404166505102,180.22571204021105,40.89847251092707,16.36927276585405,0,79.14604218873727,10.0,0,0
70,0,大阪府,17.613726507165538,114.63001743120756,34.14143564159257,41.450047408318035,2.2212884621448894,0,79.3673271706791,4.780411956637033,0,1
68,0,神奈川県,28.129592484723517,124.59348143739504,131.01018238907315,35.902336304344885,8.57427270166848,0,122.16871855521161,10.0,0,0
53,1,新潟県,24.53470859762951,146.9681469063406,154.0340202325735,40.87470406331293,50.59073493116688,0,90.62265555818095,10.0,0,0
40,0,熊本県,17.636573946115174,94.23226644472436,70.71935696219334,58.90141963873608,16.356438800677253,1,90.05419173695391,10.0,0,0
44,0,沖縄県,24.18698746423985,112.63795348978931,72.82227123191893,43.493890482571146,23.41352308444766,0,85.89980701652313,10.0,0,0
46,1,福岡県,21.949988990262554,110.0390248652498,46.16405995159134,42.095928599891884,3.978128860367059,0,76.92593571898958,10.0,0,0
46,0,大阪府,23.67829156319462,135.7578197263413,62.233672611026726,62.035654891508315,8.766209419526056,1,120.7391838136695,7.460824720665519,0,1
45,0,高知県,22.55732808709653,125.33786340737298,117.50317352761769,39.83745127638595,3.5715232070394918,0,71.4130754387278,10.0,0,0
65,1,大阪府,25.85308316308141,150.92508760190856,95.49354200985076,60.927859762194146,31.668702705179047,0,86.53741636954784,10.0,0,0
65,1,神奈川県,25.996257048066152,139.665819491931,63.43385420258828,39.038476883459126,10.978531560206694,1,97.64759961202377,6.266102841327487,1,0
43,1,埼玉県,19.699639500238327,132.3360410219075,61.57294493033075,40.93127346982454,5.571088272470765,1,82.56506970019994,10.0,0,0
40,0,大阪府,24.8635345001009,102.21201475866363,92.8686128023624,31.974973700711107,3.9870483299794377,0,70.40229483439913,10.0,0,0
59,0,東京都,18.06883102191887,115.71777618115478,53.810818577786414,43.82159845825542,15.418648782412916,1,73.4604801984983,10.0,0,0
43,1,福岡県,21.57921881554124,125.58064814660122,70.28376976293897,42.72286297735341,3.159441780296278,1,70.69532432286235,10.0,0,0
54,0,東京都,23.816567803284304,142.21741891066793,60.9094291033919,49.961592802903134,27.14713386996863,0,113.13073693964711,4.5234287073826716,1,0
53,1,大阪府,21.377562400572256,129.40934176103113,66.86498573581646,40.97720283921186,16.156041458428966,0,106.89494590469269,10.0,0,0
65,1,鳥取県,25.09375570180205,134.72219171890256,227.73398452359817,42.67267635615928,43.55742292856499,1,77.96314825184996,10.0,0,0
74,1,大阪府,22.466836054677916,129.4657957237294,144.14282145135405,45.01156792291556,37.61537868229256,0,87.7235781206274,5.541797651156815,1,0
49,0,奈良県,20.84733619644587,118.06104211281597,23.25522354748363,55.85691978261605,15.213603511652806,1,87.79052664924372,10.0,0,0
69,1,埼玉県,16.718239946770616,122.46730723786511,26.297959754287874,58.11302397359771,5.418706379803178,0,88.30575306897484,3.1705550836046124,1,0
47,1,大阪府,24.720219449514946,109.56778434341211,45.2153953381814,42.408240008025,10.7637015181215,0,92.90145038971752,10.0,0,0
64,0,大阪府,20.75403441313565,116.99304189207822,61.307537782953176,52.14961795069633,13.215390128831622,0,66.80435641969048,10.0,0,0
42,1,静岡県,20.406139759743883,107.81720054079852,36.903185736263225,45.70148156718992,10.212120209726367,0,78.72358561483969,10.0,0,0
69,1,大阪府,21.269388528396128,122.10702525900393,127.75276269607426,42.019135523521186,34.20676048006428,1,78.97992880960145,10.0,0,0
47,1,北海道,16.0253946224066,86.21103233451407,63.78742246425143,41.94878564618646,9.36003499359045,0,89.8850290840265,10.0,0,0
51,0,岐阜県,21.510600653782642,130.95655150239267,262.73675944776454,41.67030676124035,95.40018485671777,0,122.8540622888885,1.6139834282704586,1,0
54,1,大阪府,25.815557705983466,132.7274299891319,46.58006978471445,41.64091856205142,22.40508282361094,0,103.17420113199606,10.0,0,0
70,0,東京都,27.614594612451747,136.34290206577495,230.54493950431458,45.131059713778356,98.09665468105324,0,82.75630864520552,7.992617130751985,1,0
58,0,東京都,18.623710597745877,117.57659750877447,125.72597704294235,53.0643689845979,11.91944024736888,0,116.2972590635452,10.0,0,0
70,0,青森県,26.583856877525893,123.50057839986906,128.47460745741782,41.67280032033822,27.901051730094846,0,67.4786652498256,9.704505016308454,1,0
53,1,山形県,25.365451581355703,96.3278302063961,57.371362164676725,50.06875389633452,7.080235872663154,0,83.44727315529339,10.0,0,0
55,1,福島県,19.511023875873526,103.86568118958272,25.304157696503577,43.68667716658568,19.365895604578196,0,73.08538968161946,10.0,0,0
72,0,福岡県,27.534657539843323,125.63542224151807,59.03580471702797,41.90864619853296,7.0680068512301695,0,93.12292480436878,10.0,0,0
42,0,大阪府,23.841680585156514,112.70508636396693,133.97548888887678,55.37457491480413,29.73975233796911,1,92.4640004461776,5.441268256386716,1,0
42,1,愛知県,20.120467830720305,130.66419537307974,41.35009810559063,41.448233418405586,3.98814477856758,0,88.15233772770655,10.0,0,0
59,1,福岡県,25.439207453148157,102.4377788415851,72.16058147504995,41.91624429467804,17.850908492754215,1,103.53124122911665,4.5072583524849446,0,1
69,1,愛知県,24.404314479155477,121.58277308489791,39.35464869038631,41.23949532007661,14.963549330779449,0,67.40980580878183,10.0,0,0
43,1,茨城県,21.74200217979209,117.21669578302095,55.008825740097635,57.353940356355515,12.107824631792482,0,90.78996992888824,10.0,0,0
41,0,新潟県,19.844053651507434,95.28614254656658,150.58186582638098,43.39463897271429,6.741262245315333,0,71.10830565234977,10.0,0,0
51,0,大阪府,24.346903380196217,130.0730080707297,43.92277977949129,56.60008099255113,32.32588493279792,0,114.67633517067289,10.0,0,0
48,1,福岡県,27.682101129465025,131.63730514504246,243.53466122137527,42.157633423201915,17.00584796948221,1,119.68598842398221,8.599118844489192,1,0
43,0,鳥取県,27.153129347744454,175.45270394518002,78.19325498151504,41.8113285033184,18.896157061069037,0,98.43310238254998,7.511662831182582,1,0
42,0,大阪府,17.681699829756784,94.81276551308866,36.03149973265702,49.52811687788291,13.878154149927983,1,100.86040832153121,10.0,0,0
52,0,大阪府,21.279218916994697,107.79333477262027,91.99118147555151,41.81903957802564,32.04673238420808,0,65.45937143078051,10.0,0,0
57,1,鹿児島県,21.52124012245266,172.8475503912724,72.57815259733792,51.789793413227535,9.545364788744223,0,102.232134382268,10.0,0,0
41,0,福岡県,22.26554313371052,96.68299166005977,34.702014141311814,57.20505570073133,3.909143863299804,0,81.66442953219916,10.0,0,0
44,1,沖縄県,22.900608766725764,110.76130019626802,33.344886961880846,39.81610207386197,11.934105539454116,0,92.67125956352317,10.0,0,0
73,1,大阪府,21.550607892547276,144.38699127415123,35.31109759673335,55.46361610495028,11.387615559609541,0,99.6321450544545,10.0,0,0
65,1,奈良県,24.093252117016366,146.03506706320084,169.9617181143538,42.75023242937373,25.514677172358475,0,102.29468460113648,10.0,0,0
65,1,東京都,25.285560329878454,139.95979077077868,145.58730767790067,55.57446621258411,22.027319753256705,1,109.75893230562437,10.0,0,0
73,0,東京都,24.67506408201376,162.88617648872042,45.25186944719562,56.62377901156688,11.190352279421047,0,95.4913694338566,10.0,0,0
46,1,埼玉県,23.335141106398662,90.85227093272987,160.9194624127895,42.59371377669065,16.371185370284046,0,68.14004979683254,10.0,0,0
42,0,神奈川県,24.411797342784535,123.67068391289703,46.21618070340178,41.33946310809691,30.499959877677302,0,113.06000682296207,10.0,0,0
54,0,栃木県,20.756351267503714,133.60594826040827,74.04977826718404,48.678472152718804,19.10824276246986,0,100.96683946631168,10.0,0,0
74,1,大阪府,17.471835564020072,112.76513802401331,70.25328767368606,46.344954079189826,8.80359505380573,0,78.97975774998176,10.0,0,0
54,0,東京都,24.05820923007954,119.11709094271332,372.12620371090907,41.943686801827035,58.055200792188614,1,90.04402474195706,10.0,0,0
48,0,東京都,23.834843345212185,135.34314252815648,58.28385817340703,44.91363644764171,19.709991428379645,1,91.05178569572206,10.0,0,0
40,0,秋田県,22.1842471544382,92.95870679180597,58.1947606014292,49.41982619067801,14.650301285050483,0,87.85307665740889,10.0,0,0
52,1,大阪府,21.705527101202566,142.21179236117672,41.17294745926285,41.12224801090752,7.084500672403893,0,123.380271061136,5.8746094093366565,1,0
57,1,愛知県,26.910232375029334,133.070200863662,119.47866176631828,40.61800491504868,28.357705904195733,0,76.82944945508692,1.3424795687777475,0,1
58,0,広島県,29.36245302964166,134.73080028032592,81.97252930405632,41.873420892167154,34.39013299058713,0,73.5836160574362,10.0,0,0
69,1,大阪府,20.72870131323024,140.5175028253065,102.00433619180635,42.19800674327664,15.19528783447023,0,85.80038826538333,1.3090476165681304,0,1
74,0,福岡県,23.57892033300289,172.3970504610873,172.10888591518048,42.103934796720125,6.445149308775833,1,112.2484843317667,7.884398366994842,0,1
43,1,大阪府,26.49452390791155,120.57079252141494,79.57232917055947,49.87906984422592,18.7475405925014,0,72.20058399661328,10.0,0,0
49,0,大阪府,24.402009274840594,95.12383696257018,68.3416446493327,41.69727850623824,18.71073594434202,0,79.91851867519752,10.0,0,0
72,0,愛知県,22.910364367042412,103.85303307205058,27.892428869289667,42.05967511738917,7.083239151953567,0,78.85267777548144,10.0,0,0
69,0,愛知県,24.11411370613529,121.58154256846356,89.09789768292393,42.140312265379215,6.100550562281556,0,92.30549950550194,7.079018476091679,1,0
48,0,新潟県,19.188538972483936,115.85595623024322,98.4903756769753,47.46870503045437,3.1323882133504477,1,106.08335128139406,10.0,0,0
61,0,福岡県,21.857067433554626,136.38956892687455,181.1232389749977,42.404900602695605,9.956959084622762,0,64.65159828016283,10.0,0,0
48,1,群馬県,19.77099607541715,110.8492863860063,69.39764558594617,49.70047980356825,4.206331899607632,0,85.58161327176038,10.0,0,0
51,1,茨城県,22.861172209470936,120.90258053089849,71.23885587364799,55.53621130351437,2.7112574249601424,0,87.74972479807927,10.0,0,0
42,1,大阪府,21.391975235919833,102.13133222577714,39.32928678402489,41.257943034702286,10.244162741813243,0,79.66296778436721,10.0,0,0
61,1,大阪府,14.521610745393975,133.0913520160509,36.42879901816689,41.12167314269987,13.88302575939577,0,83.99538832080121,10.0,0,0
70,1,神奈川県,25.829357078335722,122.72100043723407,60.86449611311216,46.366354566518794,8.607224051504822,0,103.05894514770242,5.618386369183698,1,0
74,0,東京都,19.34354092044161,117.33110967675373,61.3941192587591,41.17557585411846,26.6489805848051,1,88.32804917984929,10.0,0,0
46,0,大阪府,20.726953763662202,95.3086700657054,66.95547454938772,41.92365871615095,12.77156253983254,0,73.11795369064977,10.0,0,0
70,0,大阪府,14.859579711394755,126.46766764915546,35.64785256377757,42.43341367929043,2.061774731912826,0,70.44282769625015,10.0,0,0
40,0,長崎県,19.018031783193702,85.9130090133393,68.10581253807773,42.114613693259756,3.3890157978751114,1,73.6877375655334,10.0,0,0
43,1,大阪府,28.535609461432664,156.20390954756795,221.6406298592623,41.10945121365466,38.47165044345598,0,85.1803375111717,10.0,0,0
69,0,大阪府,30.085675085217247,110.24100760665564,55.80811862868486,42.23114525131849,12.59559080094809,1,86.69600067273282,10.0,0,0
68,1,大阪府,18.489567966249755,127.51019428487032,180.5308319816354,60.97151202724285,12.154335794967244,0,103.08306602164573,10.0,0,0
48,0,大阪府,17.79041417027808,143.96223402695145,24.23694243536321,53.768264651669995,33.05574732754032,0,96.66275336615516,10.0,0,0
71,0,大阪府,14.95752131757319,116.79659584891294,119.39908946333975,41.80128560356226,7.3241245087418365,0,91.65145290563267,10.0,0,0
73,1,大阪府,27.61456199923405,141.65190464288708,52.24390127937057,41.56991080991752,6.356283570117371,1,115.60414873772126,10.0,0,0
43,0,大阪府,20.464852059007033,127.58348853488019,216.1517873993182,57.846315734565756,65.5883623595847,0,89.34082344202136,10.0,0,0
65,0,東京都,23.579891847705987,139.1018104610419,47.119284581954986,55.565816196702194,9.767735262290026,0,92.3311762120469,10.0,0,0
54,0,青森県,23.72805210856241,100.27537077120385,268.20106874498344,41.45830668601654,36.36325541212873,0,112.47241632022502,10.0,0,0
69,1,愛知県,20.026739271663924,138.12046171926212,105.62327585777749,41.32921507559882,16.625270134055935,0,89.76113880762018,5.434646831926977,0,1
69,0,愛知県,24.97986361583582,117.60125115059712,55.025030501925144,41.35841287580143,16.20051858029235,0,65.71825558813138,10.0,0,0
63,1,大阪府,20.522269132398296,126.72799439049795,67.70317677153398,59.22571610879368,27.155046769938835,0,103.36018340789366,10.0,0,0
45,1,神奈川県,27.991091553187392,144.16238619815022,61.57284574022165,41.26966216790918,21.007632625366274,0,102.28935360243148,10.0,0,0
49,1,神奈川県,23.347715707247307,118.89878859883628,58.57439380750639,57.83958414419573,37.00296974532407,1,83.02921770283672,10.0,0,0
50,0,北海道,21.506789809201926,122.71496242904156,75.71121044499806,49.070758291631286,7.815951791471579,0,112.71007451126349,10.0,0,0
51,1,福岡県,25.63343031454549,146.46566985851692,122.91949398400435,41.328146992398274,4.148761786297108,0,104.14514837481113,10.0,0,0
44,1,大阪府,20.511150769280828,107.70919965306013,101.71668943380384,45.10077478097004,6.555774735704394,0,107.78695631322871,10.0,0,0
45,1,大阪府,25.882487117141352,128.59768432565303,143.50359742309635,44.54494564332343,18.909671248420675,0,71.41014170220599,10.0,0,0
47,0,愛知県,26.915824885907004,121.6050974985795,169.32748452899713,41.75543682716404,6.919872644553859,0,77.62055804772149,10.0,0,0
43,1,神奈川県,25.166458681625443,133.2543783363429,135.154706234632,64.27618264638106,49.78769961284826,0,111.66520586531618,10.0,0,0
49,1,北海道,25.869608922721174,115.58834084108686,163.6558809314861,41.645596415068184,7.364262535594618,0,88.21213930356164,10.0,0,0
67,1,岐阜県,20.596882765635556,147.67061073232776,61.42934949409549,41.39699153735181,1.0103810351328386,1,88.30218761852434,5.19036552192273,0,1
63,1,大阪府,26.716333333208937,105.00787017313046,44.51592820113651,40.905118969487596,6.351075492270246,0,91.00469499540333,10.0,0,0
52,0,千葉県,26.999747916067616,94.24328682145087,137.17114040927058,53.493100145445574,9.93097548643345,0,113.06009997198534,10.0,0,0
44,0,大阪府,25.820541076677518,86.40668233349356,31.46697296008046,41.90087252308241,6.432563991834734,0,85.19834863638006,10.0,0,0
71,1,鳥取県,12.254948199184078,95.17869659623895,19.844486644470425,40.69973344308717,4.545576434309888,0,77.62517916292848,10.0,0,0
73,0,神奈川県,23.420917274867957,126.5193774034454,86.56070425228066,52.514406506672344,1.2201485411680466,0,89.37734614842189,10.0,0,0
41,0,兵庫県,23.554834477640508,138.34890946165615,64.66870999370812,40.98098879866899,6.9953854541052385,0,79.86872788933404,10.0,0,0
71,0,大阪府,19.73944789607473,117.21199141733835,82.04749410422406,40.868781820997796,8.581204219335975,0,78.60850199556475,10.0,0,0
46,1,福岡県,22.27519710624768,106.34708761477324,176.86168171478852,41.22813424349368,5.721117966602125,0,93.0975130826126,2.663716107557648,0,1
74,0,大阪府,28.6261324976942,128.57615061117792,150.84876748839267,53.84687461469691,77.51586330655768,1,112.2358935296843,10.0,0,0
55,1,神奈川県,24.895431404300815,136.37569592971374,119.30714366240744,41.50811322282147,15.246390533412178,0,96.5269932847704,9.955955080008122,0,1
61,1,大阪府,26.360738360241236,120.38457932171376,109.29766445750323,42.478630577842395,33.46990816731659,0,88.45623910663659,10.0,0,0
71,1,千葉県,27.681233761313287,142.09713428225535,52.96190979483941,58.62840761817886,34.28427192932349,0,97.93575424164779,3.833966634439787,1,0
48,1,愛知県,19.450536197743254,135.03561920767518,93.96266820260641,53.48423630481095,14.592767630691405,0,86.13786946939568,10.0,0,0
45,1,神奈川県,19.429560525428826,91.64392869644306,34.689023947612036,42.39008183194215,17.91347185250923,0,80.679412688172,10.0,0,0
57,0,茨城県,18.52517774345355,105.18177593253327,93.52783376514552,41.8963236123511,20.1426146254509,0,71.11883234744765,10.0,0,0
73,0,大阪府,25.432691188365517,152.22614747238595,85.34759532872852,57.82029956502596,7.228584659855044,0,94.27410048504082,3.85141605281545,1,0
62,0,千葉県,23.674414004780107,102.19220681384135,81.7778815932794,42.839968777532995,8.02326076141534,0,87.22251491287875,10.0,0,0
63,1,東京都,22.376326372702223,149.90306678450915,40.7398098207264,56.87476169806702,17.745910724205594,1,104.77560451937627,2.471484046531338,1,0
49,0,大阪府,27.556361432373393,143.10297904689452,75.12249844153818,64.41131634154245,50.26571155300757,0,94.197598834986,10.0,0,0
65,0,沖縄県,15.48808011529567,118.4799491319041,177.44032640077705,49.934883288214564,26.562581423862504,0,106.58094548726022,10.0,0,0
41,0,愛知県,25.12521416279007,114.16953406014716,80.5303698609055,41.500301424960405,19.696364760342966,0,99.99276408306177,7.8681673008414315,1,0
51,0,沖縄県,28.131173526781236,135.0586683043844,49.51508668992899,71.34179092912404,37.29371297795983,0,80.21836466871613,10.0,0,0
44,1,石川県,20.788547057227568,95.17608192211178,58.065697910924996,41.12097155406867,4.707602178196672,0,94.3916164230014,10.0,0,0
69,0,鹿児島県,24.896153459532194,137.99709007421626,163.50447581540095,32.634577646876515,10.825719553353128,0,121.18585598746222,10.0,0,0
44,0,富山県,29.91537273524546,148.8390610978533,42.51833206915877,53.612183775455705,29.54814429596016,0,78.78797408947241,10.0,0,0
48,0,大阪府,25.67633225052775,144.7614881463175,83.35974645626477,42.48806342121339,65.63796683252521,0,85.59026290711512,10.0,0,0
52,1,長崎県,23.791844878028346,124.02328419025599,97.74840987273788,60.27517792540941,28.63680399801124,0,109.71730784509316,10.0,0,0
56,0,鳥取県,24.287591900682823,124.17931387906154,313.0020149787577,57.029978230878335,57.33343253858819,0,111.8622987120295,10.0,0,0
