age,sex,prefecture,BMI,SBP,TG,HDL,ALT,smoking,FPG,time,onset,death
65,0,奈良県,22.436592730049227,90.57858976160564,74.25140276219985,53.38427050696215,9.706396553017674,1,94.95344897247497,10.0,0,0
61,0,愛知県,31.73835034510384,140.05086388897686,147.73653209727843,42.037071654708946,71.54970708705942,0,89.96656296503589,10.0,0,0
60,0,福岡県,23.030224144285384,138.68403332833728,82.39503869423785,42.36920969092993,47.56692047026093,1,98.02502854633386,10.0,0,0
51,0,大阪府,21.77093916279515,112.40797536769063,68.5974885449275,36.68774349665547,3.792912837128424,0,89.2555178226471,5.756622498327197,0,1
62,1,奈良県,23.516510244527108,123.17238641753953,65.55551189094751,52.114531752145126,12.230996294429367,0,97.62170458016723,6.012930686107637,1,0
66,0,愛知県,23.661142215291182,142.87259343649933,62.67219762600599,41.83492030302782,14.24464602288198,0,73.75983190178921,10.0,0,0
54,1,広島県,22.407245872642573,113.52569549208229,68.25395049600037,41.64548046246375,6.428755106121977,0,48.40362428759496,10.0,0,0
46,1,愛知県,24.691274385506038,114.96091677551321,138.15739023636596,41.5121340506453,6.738780023212891,0,68.52775908603952,10.0,0,0
47,1,大阪府,25.810348816453896,100.71259165762378,33.58855921778892,50.87285202760804,36.161641704219065,0,93.74734374916284,0.8787360613629016,1,0
51,1,広島県,15.940340139140098,118.6168557226732,97.31978696081163,51.89578082443205,19.24958640127729,0,71.84323988627723,10.0,0,0
42,0,大阪府,13.215711549929102,127.81676642077828,75.46837844362571,46.11544594144222,19.975693257634333,0,76.47273931615442,10.0,0,0
72,0,東京都,20.031926433836645,142.88048914235347,95.83603508219214,41.655711888169165,3.5598326183724596,1,104.2623864849234,10.0,0,0
50,1,群馬県,30.291615496013453,166.60040176835693,104.99282632372388,41.947497276191264,29.09432074611413,0,107.4551593909207,5.1209270584055435,1,0
40,1,沖縄県,18.179461323415154,73.64048633635016,9.96831089018499,65.93326028372043,19.27035689265355,1,81.55858914058888,10.0,0,0
61,0,神奈川県,27.893372588045914,138.7803115591439,101.25442701597646,41.57805209941295,46.12959937418437,0,119.45501914819432,10.0,0,0
53,0,滋賀県,21.354929684120727,113.71526229451891,53.15808688958842,41.359999384392374,5.4021825484380255,0,89.5555247776897,10.0,0,0
47,0,広島県,23.85978997310481,124.64670967722111,86.86287961312608,41.33840989495198,4.973537044201057,0,91.38417956802114,10.0,0,0
41,0,広島県,22.57354939756752,116.42507562035236,34.189917348522926,43.00475911181966,15.196313190580227,0,102.54421375808161,10.0,0,0
56,0,福岡県,27.805595810481986,117.71362907373504,117.13872193279217,63.630918451989196,24.739726262658966,0,97.1342183554757,7.322803312165181,1,0
47,1,広島県,27.959883414646136,155.58035983877048,76.98968729623482,41.44224455431806,24.745330795600474,0,107.21107378446675,10.0,0,0
63,1,広島県,28.586014978616234,121.5614573455896,150.2280447573547,69.11788558375333,27.482461086857146,0,95.26725032294165,10.0,0,0
55,1,広島県,31.51982856628126,144.2524354645493,537.2151004572991,42.36757730771996,143.24187413593347,0,93.69347017502909,10.0,0,0
61,0,大阪府,19.036614861216993,88.16358273512756,35.06400589652559,41.754207756268315,1.7780168914169454,0,85.39890282367674,10.0,0,0
49,0,愛知県,23.374563634923636,115.85227159155578,79.74178101338848,42.055857528406314,3.7668566246467843,0,96.36363507973468,10.0,0,0
62,0,長崎県,25.89666189906182,137.8855531529072,144.97223286595934,54.55949653008003,9.433516741598535,0,85.61238275564088,10.0,0,0
43,0,広島県,21.585014997674527,138.7130020940013,68.87278662402485,57.63433764077932,24.360057478616714,1,91.12518310779383,10.0,0,0
70,0,大阪府,22.33029790799605,119.133423959267,186.35070563563312,66.94807046049858,15.279262772218745,0,123.18233062421776,1.0165505438477516,1,0
73,0,東京都,19.334692408503773,122.35269706246885,95.34405909785258,41.351539677845444,43.99742072739732,0,79.70365055205694,10.0,0,0
52,0,広島県,18.94865263956933,113.29862941424513,26.90740087334983,41.75062742638164,3.485142538967696,0,93.36220053575302,1.9634575021560978,1,0
67,0,広島県,19.553992774261236,96.71800541776499,20.545875030626547,41.337525621537274,2.314417183415682,1,114.67323576455338,4.357528361607536,1,0
58,1,大阪府,18.224098129204076,124.4192353890958,85.05828326036232,47.23183589418686,27.740321424488325,0,113.395840619731,10.0,0,0
70,1,栃木県,21.694107006964483,109.861856674983,26.755249938094963,53.403755321889705,7.591656924973544,0,98.65020385875673,10.0,0,0
59,1,兵庫県,26.548607381899547,131.70670685765938,22.647433570990984,38.882657396296544,6.058022637712247,0,79.54308778381919,10.0,0,0
61,0,大阪府,25.6816299327922,148.70228050115202,273.2818205280314,42.019924626414216,9.917650308638212,0,105.40324349133518,10.0,0,0
42,1,群馬県,26.87477007264193,137.36652799092508,56.62363330561877,41.834868719432045,11.449757406631363,0,119.1435020781632,10.0,0,0
45,1,熊本県,22.35203573233559,142.0650307701435,88.23406656329703,40.81325992972823,9.636456600012007,0,112.47248750173766,10.0,0,0
68,0,福岡県,22.807984854037603,118.43963476216595,45.33135721900357,41.05691762854663,15.100485033030438,0,115.25549557858109,10.0,0,0
57,1,大阪府,21.93575477551892,119.50648790560629,68.06112648074381,47.33519436317904,25.1841061811224,0,88.2278634757368,10.0,0,0
47,1,広島県,23.306767242819227,140.8163676856819,133.520997547637,61.453442604340694,13.525188806857788,0,90.9637672424576,10.0,0,0
52,1,三重県,21.907455799564698,125.49042645867736,25.97161411051088,63.370078003429164,10.779056039352191,0,80.85961148590958,10.0,0,0
60,1,広島県,14.186562551558367,140.72054000777766,95.82722445630124,67.38956041970424,6.354124420152239,1,77.06697676420937,2.783694073815406,0,1
51,1,京都府,18.773597595970198,146.33864539459216,35.95478518419391,42.07399713099197,16.032430607579506,1,124.43805655840785,10.0,0,0
70,1,広島県,24.199530815016093,105.87642077442088,120.55371554614796,41.74657401976304,7.728062252293618,0,103.27940913491328,10.0,0,0
45,1,福島県,23.972587077274685,120.83104173608945,47.71818222126783,43.98817748222673,6.508861973511173,0,116.77999476305064,10.0,0,0
40,1,広島県,27.927375772699147,125.45644414970248,73.64136829441931,53.174442751748515,6.209828068402927,0,66.65142239467792,10.0,0,0
45,0,岐阜県,18.384643895760323,96.92455273126987,13.057603937774388,59.04112199031897,3.1553082445486273,1,83.72281759150538,10.0,0,0
43,0,広島県,14.03449492709486,81.26543140745898,22.06559941553566,55.93654358577242,6.213340435029822,1,63.41961634275014,10.0,0,0
72,1,高知県,25.71331977829949,135.02310339942488,83.99508915276809,62.159008260747726,28.294949920901306,1,123.2409139656368,10.0,0,0
40,0,静岡県,22.93886935939296,78.019493974663,17.83587912141699,41.1604924234334,2.3569538864787885,0,68.51990895281729,10.0,0,0
59,1,東京都,18.78248338965765,129.76490464187472,144.3555810314535,41.718717549735295,7.073288936741848,0,89.64095638704298,5.23105350057016,0,1
62,1,滋賀県,25.916348500813562,130.2184160493651,153.815320233981,41.50196044999979,22.661760956156233,0,88.7128737460269,10.0,0,0
46,0,愛知県,20.716590333984442,120.9068164734757,158.92342925251344,51.795823803436406,34.999827155873895,0,73.5237368035966,10.0,0,0
55,1,岡山県,21.024167516925786,137.34797169459407,97.07492206306895,41.80381040380626,5.061975992155684,0,106.83827113268258,10.0,0,0
50,0,沖縄県,34.21152247382508,151.72571382290826,82.33751502236989,41.3194581893464,24.731976992551658,1,120.99916307370658,10.0,0,0
43,0,兵庫県,25.162104479783952,141.03601535851996,74.18946001910197,48.27893311200298,79.27757456957855,0,114.91197076993795,0.5448758659701222,1,0
51,0,広島県,25.405727839377853,100.03420625430087,59.91001107218366,41.12749357515207,10.928145291382295,0,75.46330127910018,10.0,0,0
67,0,広島県,24.62135245216743,135.2980757557215,77.41607502730835,41.50129423813142,10.05845063773225,0,85.47905907660706,10.0,0,0
73,1,茨城県,18.383008752036865,149.22657359091264,46.042320305557496,42.513395510303155,20.306208998093165,1,106.08139118984754,8.042757933921635,1,0
63,1,岡山県,25.247988406654965,126.3606499203679,138.90149679176199,42.93125882390954,34.62572612255829,0,110.53695336015741,10.0,0,0
72,0,東京都,18.20358751391061,118.37349562015285,94.53165154341589,42.05898689510885,25.925411916527562,1,90.01019274656772,6.251144113262852,0,1
47,0,埼玉県,22.246785007877108,90.29595971582572,137.42725611708286,43.24264548838256,28.360248036767576,0,86.69862072787863,10.0,0,0
66,1,広島県,19.164299600574775,123.90933007552636,33.13192024889584,52.0468661947614,12.457510456177804,0,59.82550773002578,10.0,0,0
69,0,神奈川県,26.78372328870023,116.46697896809762,170.66763291716802,44.697975293627564,14.22853889029313,0,81.83069299746056,10.0,0,0
70,1,宮城県,24.07516582154591,136.49013713047339,118.71710553393947,40.74106415471985,20.037851939763268,0,112.09418472997848,10.0,0,0
61,0,大阪府,20.021959530108894,153.0547342266611,56.26242886481065,41.584706843676486,12.121313148168715,0,107.842712575422,9.577383835832281,1,0
43,0,奈良県,26.03410252009658,125.38479275075024,77.41831375564624,49.48650167633748,24.994489779153746,0,68.5386734757541,10.0,0,0
47,0,宮城県,17.537420060973293,66.24085873670313,61.753932192576805,58.123657455631516,9.905531450849857,0,64.37610812019237,10.0,0,0
52,1,滋賀県,26.54511515556468,140.23226826442732,309.6124622274427,52.36444407656135,19.190784053679067,0,125.13895162973978,10.0,0,0
68,0,大阪府,32.189700186853955,136.11717691712613,234.10834373856804,41.54491215363679,47.15652048842393,0,94.40287411137561,10.0,0,0
46,0,大阪府,22.25025556889376,112.42369436244765,33.64043829822232,57.01533192460801,11.44786012929233,0,81.00681019108298,10.0,0,0
67,1,福岡県,21.378155655247497,97.43541941221113,41.5997675734717,41.55258765232017,22.494181570438638,0,109.10366452919317,10.0,0,0
44,0,大阪府,21.835912737962463,136.84692946978734,43.94936681376387,42.93942303013287,19.30332478082332,1,83.16632692716377,10.0,0,0
58,1,広島県,19.548678439838827,114.45251092331104,28.90612024399205,55.995302188889035,14.74243903463427,0,103.08467765934134,10.0,0,0
45,0,東京都,30.745213111143265,133.1483790117824,74.22466025618922,48.626778710856314,30.409750639478283,0,111.24322494370763,10.0,0,0
42,1,東京都,28.729841325873632,127.14451273537816,104.34926271807313,40.98232540781376,118.93743232280552,0,76.31879672148924,10.0,0,0
47,1,広島県,23.88351065476389,136.16107634442085,50.95831943246142,42.07222922657304,26.615520535905144,0,78.96131365652812,10.0,0,0
47,1,山口県,24.981114494871726,139.7226015276197,110.61308475033495,41.4105014270738,19.273181051187137,0,89.70539859724727,10.0,0,0
57,1,福島県,29.97127146658406,130.75571368904684,33.588341403839614,56.55733528002376,34.60475056176953,0,114.7610570321222,10.0,0,0
74,0,千葉県,22.615765917712253,148.10999248588718,63.66008859078063,42.184352770071825,37.81769324197659,0,102.1861256966998,10.0,0,0
72,1,愛知県,24.313887933931895,105.18299211682285,103.52073309380803,41.43451402940745,14.429400168924605,0,80.09518132614998,10.0,0,0
58,1,広島県,21.946773085951506,119.41230454956049,69.37148303080038,41.399403390209095,16.025109104863173,0,63.97818572847374,10.0,0,0
43,0,沖縄県,31.433594262028805,96.77790211514753,157.06653930341875,40.81412081231026,15.786313744141012,0,77.20877157600032,10.0,0,0
47,0,佐賀県,22.755261428501687,111.1867093346709,37.12808110335916,49.73414169259372,3.119133006161561,0,92.55232922635243,10.0,0,0
67,1,広島県,28.33083636553842,133.2856394643447,123.72378010222612,43.71886645221896,31.63104751757088,0,96.35815966038706,9.969293396274887,0,1
74,1,福島県,25.327964097948506,141.35725132989245,88.28953024290134,54.98095225844079,10.550870632784406,0,111.2228681321778,10.0,0,0
44,0,群馬県,23.45717452255298,124.31048770352115,70.0683696738639,53.58642192094975,10.035180671429169,0,108.69225263313665,10.0,0,0
63,0,広島県,24.52088903486172,135.91384200810984,41.22757845253685,58.41157306996996,4.460329339078766,0,101.94818402630955,10.0,0,0
74,1,東京都,30.882331937153253,147.82292393070327,311.4969852764787,41.57079874117276,17.834901303700615,0,115.63175856242749,10.0,0,0
59,1,広島県,25.857784928069247,144.14579278387257,61.28796353909571,42.6298499656408,5.584809662023667,0,121.13615549828482,10.0,0,0
66,1,大阪府,22.9009960324506,141.98950212952315,283.9845256321354,41.857150807222766,26.359748975951273,0,91.87990856976926,10.0,0,0
45,0,兵庫県,28.457062159676347,121.85430583172308,178.98996069934844,48.906724333322956,30.543574001313885,0,111.0929448870562,9.980285029074018,1,0
49,1,群馬県,24.82006078625301,146.46408245322138,146.75548667881034,42.31427660197132,12.122609063156903,0,90.12425106132747,10.0,0,0
47,1,広島県,22.817877094974996,94.18559330818528,9.253204773410609,41.69249433423976,0.9415959601666041,0,71.60798025499662,10.0,0,0
40,1,群馬県,20.836231548457516,80.41475212093188,84.01725066117804,41.541401855403905,16.029671941471314,0,102.52803287458599,10.0,0,0
45,1,広島県,30.708212117874524,138.18320076689676,150.92811610959072,57.5842683789875,26.772304406851333,0,116.6251674492318,10.0,0,0
44,1,広島県,21.956331214600954,122.28060819080667,60.88542723313732,40.08739809512259,14.860294985362385,1,104.8253663283799,10.0,0,0
61,0,広島県,18.477239766571522,112.5725857639067,35.1214958958165,40.736627305714435,10.079129287287584,0,65.25993824852786,10.0,0,0
63,0,東京都,21.947407300274243,108.4222252292022,50.635029255426375,41.79584509556138,1.4071060705586331,1,75.31575890259118,10.0,0,0
57,0,愛知県,23.822092833542275,130.97028624645932,91.83065000109413,41.54981355374236,13.49279854714993,0,114.65754596530611,10.0,0,0
67,1,岐阜県,23.794163233495436,129.0693081443233,115.89499617013263,58.5311928960691,9.532964990020139,0,92.67860797369407,10.0,0,0
48,0,大阪府,20.087665514661268,107.79892595412075,23.42773797857855,46.92266666209205,8.719205099260174,0,66.86094615420225,10.0,0,0
42,0,宮崎県,25.245032005479132,113.43586325408704,60.74424074179749,41.3508640623099,11.594021233559506,0,97.78439495040233,10.0,0,0
52,0,群馬県,30.526409970985636,127.3371214520915,30.38308951955711,52.42568443594332,40.766170827666244,0,73.65221944689108,10.0,0,0
51,0,東京都,24.81781973590097,96.11238574470204,69.36174796543862,61.4477805242336,16.378104472196693,1,87.75231477890017,10.0,0,0
44,1,広島県,24.127441339103814,127.17399174429418,56.98944835688463,51.052650926786136,34.53798879044573,0,108.79803403063818,10.0,0,0
49,0,岡山県,21.479115529093963,128.1541654328158,151.44197264290452,54.94190050579151,16.46866178536338,0,92.08123344506895,10.0,0,0
48,0,広島県,24.820116289550867,137.8108303427116,343.9409462776149,41.10959907081048,19.623861916030368,0,112.03715336787572,5.749185986129562,0,1
55,0,新潟県,23.681180043674985,131.20243210574117,71.00672351994845,40.76560193687521,33.01623814727292,0,116.93093440125048,10.0,0,0
71,1,愛知県,22.389109542360384,150.57486328910994,83.71137849844546,60.609467586935516,9.662590703542076,0,104.88068119575581,1.6554517717853838,0,1
49,1,神奈川県,28.71906348649022,137.86621728184815,61.154734755169265,42.6389287158232,77.81313506042035,0,89.77996571660604,10.0,0,0
42,0,広島県,23.784920869844306,127.33315799436602,77.56939649424689,53.18397545850745,54.59050921769333,0,94.2944731505068,10.0,0,0
61,1,広島県,25.355242249837243,109.49028002168124,77.41236811992924,41.057161620287616,25.207500314161475,0,82.01405409535832,10.0,0,0
41,1,群馬県,29.416203439329355,162.63854632175264,127.61517238361508,42.037594318435985,12.577083009114926,0,99.44557995135148,10.0,0,0
51,0,広島県,24.96464879205968,140.10871787214987,212.91391526680087,50.61342619707672,10.092304259267207,0,84.17529163533794,10.0,0,0
62,1,大阪府,24.980217731030375,128.1623592255553,105.58041655277802,47.54603795285064,26.416224191352338,0,90.10363550442521,10.0,0,0
64,0,千葉県,23.65085906130544,152.3120162201983,200.92559688994402,53.572170092620425,18.474569092670894,0,109.41231695511968,10.0,0,0
45,1,広島県,30.74688152587645,143.06977513954982,268.0170523819151,42.593210070235166,78.57996924028038,0,73.45345640350777,10.0,0,0
56,1,神奈川県,19.67835720122448,118.9762871846445,47.13085306615052,52.437646522507784,15.103673958014213,0,100.37657648214449,10.0,0,0
45,1,広島県,23.566076200733356,121.69629200978916,115.93459059238528,41.68240224821133,32.93048753307182,0,79.87740993358926,10.0,0,0
47,0,福井県,24.562470815485582,150.0139234983858,269.51403389211,41.636086806288944,33.09099504493653,1,101.32174400135911,10.0,0,0
47,1,広島県,21.188091690721016,124.11882048351725,9.507778491927354,41.82991758419926,1.4018269807586028,0,89.7538889379887,10.0,0,0
41,1,石川県,18.275504685424437,91.46459864868471,70.25112323127809,58.860070980825554,21.574270388756652,0,88.22687126590246,10.0,0,0
49,1,新潟県,27.815427316923003,134.10899432631564,112.53489394248426,65.55970362039812,87.26125155341424,0,69.1689184328621,10.0,0,0
72,1,群馬県,22.83074678488716,113.55215880729716,72.24988593487261,51.88593300919591,9.950439041101308,0,67.75206843807995,10.0,0,0
70,0,熊本県,15.85407763865978,66.49632944289948,65.20437044114219,52.438625262816146,10.93792580309791,0,91.02911541782196,10.0,0,0
67,1,兵庫県,21.872578553193573,90.5488364870084,32.30666738896748,60.588623002286404,4.083769466586119,0,86.01817092166868,10.0,0,0
48,1,大阪府,18.071327675409567,104.83579508264137,39.684527815681655,42.65907149099164,5.174918465407025,0,83.42426441463836,7.75569597898976,1,0
54,0,山形県,20.168085163785896,87.9893776584918,28.20966797355778,42.952551565745075,8.938621041148107,0,100.2941212207723,10.0,0,0
69,0,沖縄県,25.421566362807365,92.8102543442341,56.92364724546983,52.76774860670814,9.910408043002152,0,78.96263086388385,10.0,0,0
42,0,岩手県,16.306834758091412,113.0218363354619,47.98463393204376,41.38082552545845,5.140702842768892,0,67.75208373676656,10.0,0,0
40,0,茨城県,25.369892430456083,82.49361712776117,55.29680125246175,63.88406484898108,11.925386834557846,0,69.32726240102755,10.0,0,0
74,1,広島県,21.096276778732012,147.41503928204065,29.906821338847173,51.885901283634716,13.078821887396677,0,91.3240837164282,10.0,0,0
73,0,熊本県,20.275637424270236,121.28470809501461,88.83544971517748,56.5549564793356,17.28609673136687,0,72.13433151656066,10.0,0,0
63,0,兵庫県,22.672299442370864,143.08487194852563,64.95001371900675,47.90492968006848,20.172487194582,0,83.05710616298616,10.0,0,0
72,0,熊本県,25.913613452703057,117.9989094702564,103.95081184319815,42.90357867957668,73.05093816990659,0,114.95829546779831,10.0,0,0
56,0,静岡県,26.812605211201944,149.9014282855021,118.51518402421054,63.319115256811095,107.89997470194145,1,99.67858131649007,10.0,0,0
57,1,栃木県,19.330503372285886,106.38965750673641,37.477111236143955,29.681140871951005,3.241874641412379,0,82.01461487858057,10.0,0,0
48,1,福岡県,23.331366672018525,109.2055141744367,23.31521027982534,40.822401500401526,5.191459135950894,0,91.47084895353264,10.0,0,0
46,0,山口県,20.604223904225563,106.44329423035295,48.82855713993371,41.863997080696066,16.894703857733134,0,87.05264641481074,10.0,0,0
58,1,埼玉県,34.26148149438679,125.0121434783073,225.22652370160452,41.49929000565487,21.963608870893943,0,59.891620832562154,10.0,0,0
72,0,長野県,21.580637827225274,120.75574325276374,36.140390118741664,61.11800123012456,4.7627141231388705,0,80.80042693220926,10.0,0,0
51,0,奈良県,27.020245017227545,118.21087763056735,120.54815600146897,41.67359748611507,20.021304246665522,0,101.88369140836302,10.0,0,0
45,1,神奈川県,24.91177236171512,118.1355606039649,57.02604929604137,41.190601343970464,30.620323036047516,0,106.00496710651677,10.0,0,0
47,0,広島県,17.55652804443872,129.11882259027954,29.01355948593491,59.962341868726696,3.9258648822141713,1,82.0169824388107,10.0,0,0
73,1,東京都,19.70749645642586,118.45649777311228,41.97761602426998,39.651091741169566,1.8929903296944182,0,98.50468421433213,10.0,0,0
66,0,神奈川県,23.766494515381872,136.5938448590054,26.76433320861414,55.1583756045335,5.680852725286933,0,90.09390212362996,10.0,0,0
64,0,東京都,24.92055903471725,134.8609883075127,115.45186133043467,53.578675265037155,52.71626198693287,1,88.08394441001353,10.0,0,0
63,1,山口県,25.720522294515952,127.5261734215945,446.2465549443745,42.00825976866684,35.23197973401303,1,108.83815255007943,10.0,0,0
53,0,広島県,21.588287497452765,127.1736224030789,159.4930553029734,57.43483859982233,11.85056276086478,0,105.48479746709911,2.248407399794572,1,0
42,1,埼玉県,15.834841048873782,87.994936892536,52.467665221594395,35.23469740162527,24.61636768384538,1,102.54448111029973,2.1590593153732285,1,0
60,1,熊本県,16.621894476743154,99.4403098115698,45.32436507694264,48.125240375861125,13.317891658222322,1,88.0867730492298,10.0,0,0
71,0,広島県,26.06759149456237,135.01892806941473,147.0639212223909,60.3328589038523,50.86012744694859,0,90.35728311558891,6.141765337223746,0,1
68,0,広島県,27.915541897435194,176.58163545373844,153.90995923175757,60.53369208256819,34.807082287764,0,87.90898942660436,10.0,0,0
62,1,埼玉県,24.413664695424732,117.4724790743384,56.83750167167691,40.97883946278417,9.310587210178305,0,69.64564971152706,10.0,0,0
50,0,滋賀県,20.94289010098894,133.71890262758504,56.85303525555418,41.50473508851384,0.859261234359161,0,116.55132682415936,0.783475607946932,1,0
61,1,千葉県,27.600242413693795,128.8113198219795,162.95661571101564,45.53145992345552,21.257216405180706,0,104.46768722398062,3.568535902820374,1,0
52,1,大阪府,22.435390099392766,130.359764151258,152.3930135780884,41.46805867693675,17.475797765278987,1,93.44592059602599,0.8967279199915599,1,0
53,0,東京都,22.809538890690053,148.6969965205072,76.47221346510857,60.72203094869246,6.743234941058699,0,69.68887403760974,10.0,0,0
70,1,広島県,15.42474320490772,109.95636630036425,47.50785569569488,51.714246126531606,7.962331060774624,0,86.66320654445752,10.0,0,0
74,1,和歌山県,25.862213534704857,104.68844260372322,46.33592932635249,43.1188505115674,5.3837740613048926,1,78.89225189900557,10.0,0,0
47,1,静岡県,25.858119578001094,153.08885121057153,210.5930366956539,48.462489570047296,6.218954809616353,0,114.07300258597044,10.0,0,0
48,0,広島県,21.80632200619815,127.5233078439721,80.75750727640947,42.22564438196886,11.87092393951292,0,100.67296943585491,10.0,0,0
43,0,秋田県,30.560322294264267,138.93104299702452,92.95662064740954,42.19610443563613,10.643600265836994,0,76.56624199788814,10.0,0,0
56,0,石川県,19.190088417759757,117.81297069931125,77.4405462427513,42.97451843497924,7.629672459412109,0,76.31228636540945,10.0,0,0
49,0,山形県,24.716194919139333,130.8703723806067,153.73717741446836,44.314386074658586,26.426027156290527,1,121.60565594817405,10.0,0,0
48,0,大阪府,25.914620056431282,132.23341040059577,76.49411476203161,55.20248624560545,11.827313889909494,1,98.64328779138718,10.0,0,0
46,1,福岡県,27.589356653727624,118.6092505640884,147.13751386583647,41.588332717990006,6.982917243007293,0,70.47192788438736,10.0,0,0
71,1,広島県,20.631272935975012,131.5268446522136,83.39238490756125,44.94419865151799,13.965324277524555,0,124.09185788682427,10.0,0,0
63,1,福岡県,23.847672671539424,118.9444980280087,94.96559589407444,41.94824026507712,8.233770359613002,0,91.25743729977962,10.0,0,0
51,0,広島県,20.50599415105365,125.79629637934846,16.199196773656055,72.99447249388199,9.69894727212316,1,69.79131326711467,10.0,0,0
49,1,埼玉県,13.564650143012045,93.62305931375063,39.55345298005238,49.18557608854364,10.564461430110159,1,62.84181466384714,10.0,0,0
40,1,新潟県,24.91360092981053,105.72918406183162,81.27092068916677,42.05814483117819,11.954597749351061,1,53.661967777010645,10.0,0,0
40,0,広島県,29.273181344265684,113.55682026554163,82.33071048267963,41.34220136085863,28.60670139419833,0,84.95393564973695,10.0,0,0
54,1,広島県,22.436306615877424,80.8585537442262,98.8716712406587,40.82149680890643,10.512700127912087,0,78.97092514372378,10.0,0,0
63,0,広島県,19.7138493919485,92.50486220233181,102.19039865151359,41.38087792958538,57.87850869217577,0,74.63027839186208,10.0,0,0
54,0,奈良県,22.926910368768734,109.58717094250234,56.75687595999029,45.83542537699072,12.438603477259075,0,95.3052247404962,1.3457819869737309,0,1
42,1,静岡県,20.904455102371156,101.2444937402362,34.65823646090883,41.049103544059555,3.6991596614791797,0,84.36490343610075,10.0,0,0
48,0,鹿児島県,27.690514792525335,138.38811743752748,78.92405487514111,40.70963496548857,36.60756803763166,1,105.93315411034942,10.0,0,0
70,0,香川県,20.827357040680056,109.46655761656604,28.87927519056387,60.60977934148765,15.099733177200166,0,86.91824388348083,10.0,0,0
59,1,広島県,22.823185735881225,119.4684998836302,30.874780221668374,41.593011217076196,8.248208087898616,0,76.60737494829264,3.7896833383128596,0,1
49,0,広島県,24.98142147726018,103.79588212981868,17.554571497610468,41.01455927790349,5.381861907359876,0,88.92770582600915,10.0,0,0
72,0,栃木県,20.62580638373396,125.54860286001741,82.97984221807403,41.10067628196977,3.0015585960442137,1,101.6982409764953,10.0,0,0
72,0,熊本県,26.780994711889534,123.39796684638151,47.741870651106694,40.58991190301078,42.85765331123959,1,90.11629646363922,10.0,0,0
44,1,群馬県,23.451178622249838,110.7984964163417,52.49099355516777,42.18955455461133,13.238499088806321,0,87.20485632048573,4.452417333351312,1,0
58,1,愛知県,19.217550037250607,116.0527668949415,92.95663464232113,51.69382090262317,14.58283803646344,0,104.95453492614655,10.0,0,0
48,0,沖縄県,21.81884876041489,99.84199501479955,110.44604908728532,39.910341118474584,6.3671603642557635,1,97.11423549218503,10.0,0,0
49,1,東京都,26.72833068011101,120.40473451646102,60.27361434067419,55.71360934614859,20.695195770960613,1,103.06556387656966,2.1458385678170258,0,1
63,1,広島県,18.81823754983498,135.7993768230993,35.8848935146093,58.84651002960115,8.165262198991575,0,67.28584855059425,10.0,0,0
62,0,大阪府,24.40499895347394,113.97099676481983,57.14443128020969,43.440711655082765,7.46553704745649,0,94.20957301248943,8.77191048255925,1,0
57,1,福岡県,26.71462927146269,127.04056337513632,59.929105827048396,40.79451879644048,9.296201383798282,1,103.87862763899129,10.0,0,0
51,1,東京都,29.741208296613895,149.9134448510151,20.454104734190715,41.62902077511239,11.93501267054749,0,106.17091027517598,10.0,0,0
70,0,愛知県,25.873273382112988,136.9444459302111,225.49922116542186,41.32931550274878,19.190490904710366,0,112.88562898737162,0.47094012339847774,1,0
72,0,埼玉県,24.8294530766012,132.8834844588144,47.74692033359979,56.49729917630596,9.659249475342365,0,85.84874447518617,10.0,0,0
51,1,青森県,27.89362002581359,130.35825274730996,107.13042629837695,63.35961008319591,17.836566794388062,0,105.00538266946457,10.0,0,0
45,0,北海道,20.39377452084615,108.69563929964526,100.37234916491465,41.014483951662555,6.3651509795757635,0,74.27097885175472,10.0,0,0
48,0,広島県,34.41007879671056,143.0676197569649,334.15655120151627,41.75357042483001,71.69037701618777,0,77.53335635931636,10.0,0,0
67,1,広島県,17.43147741465657,104.52262224938238,33.267506758729546,41.74960681935798,9.215829197951791,0,81.84383217721941,10.0,0,0
63,0,広島県,20.43593013890393,125.63353810552104,248.51772165832722,55.93280789096089,15.622253776231458,0,100.61011315420153,9.886244281606919,0,1
46,0,広島県,23.126113841256554,134.90842742906926,70.13883176176837,42.03114449052773,23.57735045112545,0,95.76240004488247,1.5688516212455226,1,0
40,0,広島県,31.232587581807596,130.44906587108366,47.70015239219691,41.64738901758359,7.3819970936358,0,80.94877210572187,10.0,0,0
45,0,東京都,24.16249923711021,110.1503752691012,42.0005404998339,63.721030762066654,28.024963388156426,0,71.69004233329724,10.0,0,0
46,1,愛知県,21.423473815334876,118.12867775171411,32.40262715241846,40.67421202784947,12.907060984334578,0,106.83988803582362,10.0,0,0
51,0,宮崎県,22.556552531100795,109.80260621025444,208.05635156981495,40.27673787068192,8.09242288454084,0,92.68336806858314,10.0,0,0
44,0,岩手県,26.34355938391377,119.50621228218282,160.44774223932103,41.249278011527814,51.27218864056019,0,68.67961235069355,10.0,0,0
45,0,愛知県,27.80993969893837,157.84355126179196,211.67683916918423,41.26721982105533,67.51532356375732,0,86.86365257222613,10.0,0,0
48,1,広島県,25.85672054349464,98.59990443761322,35.10492378967354,46.26351906606065,13.570752151222587,1,76.34048314754324,10.0,0,0
54,0,広島県,25.858882641794658,102.26004858348925,107.48464702997664,42.00922640501242,14.251871920452347,0,110.83622570323485,0.14737068909765777,1,0
70,1,埼玉県,26.527945875327294,123.37441441030467,57.02530980284911,41.592571135850825,34.47969923903077,0,86.05343156361921,10.0,0,0
63,0,広島県,25.71036567310011,130.75198031824985,34.63386850590283,54.929971847680505,7.213426315519059,0,82.03324835070507,10.0,0,0
53,0,東京都,26.590545496589915,106.43226982874347,61.792022488582745,42.90641277985616,31.086889031093836,0,79.88446816673351,10.0,0,0
69,0,福岡県,23.003504119134355,144.66647476758328,32.59701993531014,41.82524417985202,8.690167685398876,1,93.92908632872275,0.04106776180698152,1,0
57,1,福島県,19.334712913738056,107.50388249240612,134.1379959080882,49.98372050103975,19.68085766714835,0,78.41904088931055,10.0,0,0
46,1,広島県,18.401176792741026,121.84551774413815,15.252280372586398,44.39381602652938,11.976356357348807,0,78.42350307388611,10.0,0,0
47,0,広島県,23.258511682321817,115.47970025321962,39.32513544798067,54.664866393912874,20.660344431714346,0,111.13860921285894,0.8807287658137741,1,0
63,0,静岡県,23.86734835678793,117.84955691959568,126.83808588581034,41.7887278344717,30.601183125594552,0,119.37459933806646,10.0,0,0
66,1,三重県,23.29296883669269,131.7828769876428,49.54227876501001,53.51096868880488,17.01068377188298,0,112.7795938036623,0.9214699050050582,1,0
71,0,広島県,18.078142961515137,107.63588236763431,54.967720078981,42.08751098284725,10.535460544520362,0,89.33929455480694,10.0,0,0
49,0,兵庫県,21.350720440233562,88.26937251765644,86.69481389368072,41.862126230308846,24.318776774943018,1,66.39165162857478,10.0,0,0
55,1,沖縄県,27.145848338720644,149.51641850294166,68.98598443992769,64.15544338016075,46.103111207674516,1,120.81982217082161,8.12381244251144,1,0
55,0,栃木県,22.467400764473982,130.29268016793029,61.03042835772324,51.53750172676229,18.184118119008527,0,96.0996179491926,10.0,0,0
59,1,新潟県,27.790671169003623,120.82586459433544,180.51437372871038,42.43321695388902,42.83692642780773,0,85.5306328587055,10.0,0,0
67,0,千葉県,22.038299687192218,125.98783887290031,99.37914143534942,41.27121431536797,12.389058391062981,0,115.96763895788555,10.0,0,0
48,1,北海道,24.552316051992793,137.14617694287733,100.0608138571412,55.80001024538626,22.25504570016773,1,118.70739150692596,10.0,0,0
57,1,埼玉県,20.65780526702338,153.43261479342277,59.793594841592046,41.59325131499389,13.127488923154441,1,96.68930672610807,1.1750437832705445,1,0
46,1,広島県,24.691840702508454,97.24407309558583,15.46830945100859,34.44246532097379,16.011887439051005,0,88.40502975665112,10.0,0,0
61,0,秋田県,21.218029322149967,126.77949835146586,71.51371642363596,55.217862905336446,8.232027506292878,0,74.67152913265922,10.0,0,0
43,0,宮城県,18.377972995518682,94.08316522968411,28.230703930452265,35.02757401305675,3.685693945853565,0,64.89972011707297,10.0,0,0
57,0,岡山県,22.648972647970833,116.90402369556352,57.31856736895059,51.89844766640141,5.117439121534596,0,99.42012239928751,2.0994136694285213,1,0
74,1,広島県,22.576354994521818,136.593150024947,79.61380972506925,43.6270552370848,29.167525205366864,0,101.71810451185078,10.0,0,0
66,1,石川県,22.611636793251343,122.67546928817882,139.0560112160029,41.29311272174085,21.531683389872363,0,106.26391915140852,10.0,0,0
56,1,北海道,27.988616444331942,125.30505088236396,33.789238770290886,44.97149596385028,11.82955730896624,0,90.96322440196333,10.0,0,0
70,1,広島県,26.61519259112777,136.7190207211992,101.25219213985262,40.35248796315985,6.982801673710234,0,94.65034276341605,10.0,0,0
51,1,広島県,27.524487504211564,126.91406305674822,151.1315274623148,40.94756527384648,139.07800224844812,0,97.79472593458797,1.4825695155338197,1,0
45,1,広島県,28.331008658427486,133.87437432249092,131.79212559464162,51.73222597165453,14.384660181885401,0,85.88603369132288,6.770488720139369,0,1
49,0,群馬県,23.57039485489877,150.4635169593409,265.635335084134,40.90838405284378,11.059100550788576,0,93.39351445815576,9.980033443958728,1,0
72,1,千葉県,26.678360866352183,175.82249432644457,82.32547571468584,60.530943824058035,18.02949723426911,0,100.52023804673654,6.1661804319694165,0,1
60,0,福島県,27.179260271457178,136.16200308460583,120.49966495852414,42.022662259130364,46.05193555776493,0,101.30945571053168,9.40554653795141,1,0
59,1,大阪府,24.811379983674232,148.1752309128243,157.8765016803685,53.56003285816535,13.533273370823219,0,110.99392073954932,10.0,0,0
72,1,広島県,25.056911018306113,103.48725543653465,98.32432849640426,41.2906062412563,31.900141390018604,0,120.70032759611202,2.2746999748990118,1,0
44,0,青森県,24.637975814953084,119.12139918606049,82.50423171706383,40.798143817221636,4.130673547278721,0,90.82249169061984,10.0,0,0
55,1,愛知県,20.131855112307715,152.41908829027443,52.41974644765844,42.18801504274224,12.557322589568512,0,89.85242270457002,10.0,0,0
65,0,山口県,20.43270754987899,109.19639027575256,61.27476387902909,42.76104326521504,13.786795232689295,0,99.67614368707908,10.0,0,0
44,0,東京都,21.978063716613306,95.59508020883757,139.06749744688835,41.982534740721164,17.857784645502004,0,63.351596996074726,10.0,0,0
60,0,東京都,22.066368059525423,125.01452953835258,16.23963024957665,40.47897816222836,12.551739282895477,0,89.71342867206653,10.0,0,0
47,0,広島県,25.736422489169207,135.21681005947792,46.28673883832267,47.22651668686107,35.028874694713124,0,94.91221828312874,10.0,0,0
47,0,奈良県,24.119164081136006,118.66078648457653,50.2224428893349,41.83371324293697,3.2516957397459416,0,74.48623670930382,10.0,0,0
52,1,広島県,24.931633164085305,134.3021069482515,58.18062690911779,41.450134506985904,38.63568087794248,0,98.52106141578822,10.0,0,0
69,0,広島県,24.126759615270092,125.85014134656804,26.99762764295804,41.540582423314696,19.133727557751072,0,110.52014912769828,10.0,0,0
42,0,富山県,22.59265235935722,133.43961296970198,147.08923643668547,41.797806688804556,15.96382642632384,0,84.45809229773937,7.972399096472511,0,1
47,0,秋田県,26.80492780764079,166.57034962571086,85.30331025548729,71.47980121096589,34.035572907107046,0,103.0813009104255,10.0,0,0
60,1,栃木県,22.98718215802264,114.66046106244315,76.8907576984132,49.18644302397224,15.691345417874537,0,85.81829667068065,10.0,0,0
60,1,千葉県,20.836520995881166,123.45933930003953,20.025835959923313,53.11835641399288,5.091489195580923,0,80.43610360153663,10.0,0,0
68,1,福岡県,23.516481376715323,163.92285421729227,218.8606745131084,40.78972531652148,9.757544393251816,0,116.07028676162365,10.0,0,0
48,1,三重県,19.291998955637602,126.77444413049123,28.864414709732955,72.24405065186647,6.0088562507008865,0,96.48244214860514,10.0,0,0
44,0,神奈川県,17.059885183616952,110.07743626669861,56.29426073007973,45.33537531991003,9.104790910795693,1,84.46542158022581,10.0,0,0
60,0,広島県,23.111444925667826,127.15291994117587,107.09188359599365,41.05695476266987,16.988614486145085,0,124.06393828065013,2.3186766975217137,1,0
61,1,埼玉県,24.068737523064087,138.94101910015175,621.8614428046066,41.63414571429361,21.502032941114592,1,87.78579836157171,10.0,0,0
45,0,熊本県,23.67464125107644,124.77862494783362,31.122512539908314,42.119712980420964,13.233964727109342,1,104.87198603128277,10.0,0,0
48,0,熊本県,22.947872833411395,118.15249879502325,167.75195466990917,50.04111249755404,19.21131145030471,0,106.35821838694098,10.0,0,0
67,1,大阪府,25.548237556037844,118.67408253425778,228.11075276036402,50.37003551042208,23.152081765161995,0,116.37336702963994,10.0,0,0
47,1,東京都,29.68638057690638,138.68610423370615,61.70843399545256,45.09766176324684,11.306469333078374,0,88.66419936796287,10.0,0,0
42,1,愛知県,19.6706243410492,97.20954667437466,82.23214034937541,69.55431337326229,12.817975148698508,0,65.6824140496576,4.145885640370688,0,1
57,1,埼玉県,24.881603218903468,116.28233237302082,66.39143852395215,51.54432295991473,31.08213225951756,0,99.11627331688268,10.0,0,0
70,1,広島県,20.995782784963904,125.55105789665808,76.90593103880755,80.36274103152638,12.817793992286846,1,86.06015955907274,10.0,0,0
67,0,神奈川県,23.87637484066811,115.52619407727357,113.63143685729347,62.62548031743741,17.285950845379674,0,91.1689916443495,7.204386612429823,0,1
74,0,茨城県,20.768181853491775,130.01014479467398,55.763296721979934,65.4494146196549,13.498526827342314,0,90.42173783290671,10.0,0,0
50,0,広島県,23.478706221361143,107.30251510109629,92.2351594332577,50.029354833225014,5.731974222291596,0,68.68573686810805,10.0,0,0
60,1,埼玉県,20.475473392542714,96.65792609342635,29.803891247479317,56.709138857026595,7.587599019151332,0,90.99232467113647,10.0,0,0
67,1,山形県,21.3516218816934,129.08834850604183,29.646535641172314,69.28000432648497,13.103414179304911,0,87.7748797107153,10.0,0,0
42,0,広島県,24.62276020185482,99.15785547066707,112.38966953513298,53.26277036027075,25.81476600670874,1,89.46065904427192,10.0,0,0
52,0,岐阜県,25.301968118666828,126.27929121228246,62.55089328238924,35.1902564704379,41.97549169037741,0,97.07153074099115,8.532505312315262,1,0
72,0,福島県,22.510527392707377,128.13986952598364,152.3642229207055,64.15534239804032,101.2340492462061,0,87.91658692360264,9.529556832886406,1,0
54,0,神奈川県,21.420612839501587,110.32132114044704,29.81277021274947,54.44182070731393,9.840338211526083,0,84.29137587635817,5.055179340144162,1,0
45,0,愛媛県,18.648306341122385,122.182958910204,47.64268433159521,41.7543379858399,7.426450968057308,0,105.99266124177265,10.0,0,0
42,1,愛媛県,30.14089562127124,138.27906371117933,34.98565953077835,59.94532177410675,25.754937873973237,0,92.60057675268322,10.0,0,0
72,0,広島県,21.147809937203053,138.0133884667762,53.763354277854475,45.76293348385686,6.218962371399931,1,73.73437703317754,10.0,0,0
43,1,千葉県,24.30407215112755,127.65250845756238,53.92269012076873,41.21111995459131,11.915901316860861,0,110.5226889359547,10.0,0,0
59,0,広島県,25.615793320434356,130.53563668221986,61.458242513766,55.547853452715806,39.58500182671443,0,78.09654172722574,10.0,0,0
49,1,青森県,19.292305122127857,114.83974475028641,119.35497362586104,40.849323487138804,9.419707522054829,0,85.28626208370218,10.0,0,0
72,1,三重県,19.154683658377255,119.43974937510086,105.50473033610804,49.146453343145375,12.247445870174062,0,92.26703910818216,10.0,0,0
57,0,滋賀県,24.97007233777903,138.68333228865424,92.0840296328854,66.2520686254689,7.197653172399339,1,74.67882707152341,10.0,0,0
62,0,大阪府,26.210048446919068,122.32263390260655,117.25433677742002,40.793492858605426,6.743158616688411,0,104.98497061606977,8.138853116459751,0,1
43,1,三重県,28.483096814297024,91.45652029346014,28.810508404062535,41.605471185364586,37.570151192481575,0,70.77727942578876,10.0,0,0
49,1,北海道,22.577806264748865,106.28426711387355,47.662762409633935,55.55809391180607,12.576390835226949,0,62.88007415199487,10.0,0,0
43,1,愛知県,21.76542632991737,113.32343273303788,47.862921175900745,40.969907207054014,8.80350015729243,1,106.17993829902193,10.0,0,0
67,1,広島県,23.265717407789584,138.35576179622902,97.14102918819383,42.68740883410647,24.738427620788855,0,104.95511089211003,6.371980354995492,0,1
45,0,群馬県,27.504186123420858,134.69904599665705,45.00840063603731,40.785308582281154,31.62697881979027,0,68.41565772256077,10.0,0,0
74,1,秋田県,21.80893524285768,145.75562457727563,235.06263916900906,41.39137477296564,26.595970309489086,0,82.2532349593946,10.0,0,0
41,1,広島県,23.65905699394691,120.71956483566228,62.22644434768327,41.28343851435359,26.028355789178633,0,100.93430918938903,10.0,0,0
51,1,長崎県,20.581751993667048,98.95837863447476,108.06045684078903,40.066701534672504,10.488550341461137,0,95.04124430366207,10.0,0,0
51,0,広島県,23.601054189428886,147.32838209933556,66.30339235035355,56.940106309201376,11.85546619072118,0,121.90580875644815,2.1834758394945863,1,0
58,0,広島県,25.75069167905199,119.44113225938271,72.79588018648208,46.938620709714364,17.39388528248831,0,80.69004136914216,10.0,0,0
69,1,愛知県,18.275821712600475,117.72548367744365,130.36845835221757,40.438897719778296,2.821736899691772,0,97.50107141890282,10.0,0,0
61,1,茨城県,22.198918362778315,105.57326730700461,74.2341805544516,47.9266817619642,25.511261216037017,0,81.87487069929062,4.0110240783730555,0,1
47,1,和歌山県,24.518953029163985,112.45015486782006,93.47745562768921,54.95616416386931,11.952926070240546,0,97.80408711126209,10.0,0,0
63,0,徳島県,11.304489811214404,76.37478834287741,13.691216459997356,51.887505023970114,6.2918757627200845,1,56.66680062724656,10.0,0,0
42,1,福島県,26.874690037508365,117.95249830696679,171.9680033698236,41.798575117479864,15.6742463826144,1,87.4855631645856,3.6942255195675697,1,0
55,0,滋賀県,22.349757883799835,114.2508453422457,69.90176099579456,41.385442887193804,5.1802309881990976,0,75.57374205478627,10.0,0,0
55,1,千葉県,22.75404520887963,122.86811943050559,178.81481389450934,54.848893495481484,49.410981460349795,0,98.55829885359215,10.0,0,0
41,0,熊本県,24.655378423303805,81.12663268921442,45.77418882848537,41.22476671168396,3.816139144559501,0,66.13141448822265,10.0,0,0
42,0,滋賀県,19.55281709551784,91.52702873310099,21.04482655662502,47.136187706805885,4.451096405816467,1,88.79767914032824,10.0,0,0
61,0,埼玉県,30.802557777743353,152.2990617215345,186.29772027360062,42.2984799115685,13.567348329200867,0,108.08574114590014,10.0,0,0
48,1,広島県,18.314774036224847,118.61039000695733,31.154138347076554,62.26354873042582,7.824644502387731,0,73.76395136959597,10.0,0,0
69,1,群馬県,20.240654399647124,125.4414919476042,112.53531732683726,37.111341602017525,3.9136671312025264,1,107.96688107067082,10.0,0,0
70,1,愛知県,20.929392889426687,118.02958827980618,31.256339329539426,41.401260626145806,9.932716301583133,0,89.60796885980764,10.0,0,0
51,1,青森県,18.523053949670565,134.97321249608996,113.06324227302218,61.476397812029944,6.016875030537479,1,81.66077174960064,10.0,0,0
54,1,広島県,27.315857561446986,134.32282905786442,80.85212798844128,63.326064855640894,21.2630263855078,0,111.24622503758042,10.0,0,0
62,0,埼玉県,19.57659770962106,165.20213916756873,81.49209399235471,42.31352605381146,14.003933742643843,0,93.40779006302292,10.0,0,0
59,0,沖縄県,23.680908260323026,142.8351915070671,124.62413502889979,41.29168553409096,6.943463464445276,0,112.10213968231437,10.0,0,0
74,1,北海道,23.19966753858334,144.15417824976083,54.82594683542968,50.069316650370475,28.047492712796313,0,95.22599277698235,10.0,0,0
51,1,東京都,20.898888069138145,147.56433657333838,126.03659400514223,58.57391965099038,43.78275648744662,0,96.76517597054568,10.0,0,0
40,0,茨城県,18.399892965195917,90.11163849739822,29.834541511248286,40.432927957840626,2.365858665737864,0,78.4425941267679,10.0,0,0
65,1,広島県,25.011997302531846,130.1108482779941,31.097469304689977,39.965341812922816,40.7279067682181,0,68.3890743139136,3.828000132139731,0,1
64,0,長野県,22.871898707999865,122.85902106177547,147.70765563306196,40.69941802154039,40.05010064950011,0,99.65376512723826,10.0,0,0
43,0,広島県,21.30030852498404,126.02791193095705,25.601023850415494,42.61647207956831,32.613339870521116,0,84.79977127876931,10.0,0,0
54,1,大阪府,21.4791840391923,99.0610367310961,19.778309337119193,40.927636417605285,1.897901492532497,1,72.71314762939033,10.0,0,0
65,1,神奈川県,27.84298800567707,150.44868497181693,58.87304934763308,59.673495411860145,27.623411641322623,0,102.01500710833203,10.0,0,0
52,1,広島県,21.612208001903035,160.3490788556386,106.0132911732354,41.69323319971641,27.6014731574972,0,94.90950925575369,3.5296831776548223,0,1
62,0,山形県,27.752308706897665,148.33319319260673,30.61124347053318,56.21980483836619,5.8920309248498635,0,121.879455335818,3.6285863932506044,0,1
63,1,福岡県,25.473100663257,127.13780112409103,45.04845875454984,41.76078074573864,26.574536727762997,0,115.42029476441901,10.0,0,0
46,0,福島県,29.412232964643767,101.32795059179821,113.54187472762406,42.01001586788499,19.679601621907167,0,83.48850215117487,10.0,0,0
45,1,岡山県,23.76725625404781,127.1685312010365,87.88647861756758,40.82302854450023,29.92095315956806,0,84.46537838377111,10.0,0,0
53,0,広島県,21.493053759854853,113.85440428982247,41.94863094799608,47.335463139670246,48.21664706782459,1,107.21604275995364,10.0,0,0
56,0,広島県,31.30717681359929,134.91926779480465,77.33196571901183,41.26863028747442,5.843758817963109,0,97.49982022268189,10.0,0,0
42,1,広島県,27.53268220418598,139.79010001406107,201.5466088339561,41.79945720909035,11.140067185391812,1,100.70833077369973,10.0,0,0
49,1,栃木県,22.29096497232853,134.61693583470264,33.17000252232969,41.69896980571625,8.43344553180297,1,69.45134069996415,3.9250212488882235,0,1
62,1,新潟県,21.098524213862472,137.66578724410712,24.27229274495154,41.750723320589,13.786221744950412,0,70.67807824039406,10.0,0,0
63,0,北海道,21.37193181809619,123.72924585743084,74.13128644611686,42.9218259864634,12.991313113185178,0,99.32009316142414,10.0,0,0
68,0,熊本県,24.83084624609554,111.87654865615966,71.32208442746833,41.46786002817328,9.176646984572884,0,81.66428893969902,10.0,0,0
48,1,広島県,27.21193669492753,102.18176285876987,66.05211366976971,44.634983846273364,24.59972824567691,0,89.8241453072439,10.0,0,0
67,0,福島県,23.310692762687506,121.28535310847981,93.06786879747683,40.93265146429061,10.628978075039445,0,80.25674329050885,10.0,0,0
66,1,大分県,26.31369883465688,164.4402063990517,151.78923058475016,41.966133177823956,102.33607885101236,0,125.0,1.5437650435077894,1,0
49,1,広島県,24.826706149931308,117.76176553916571,79.74105098833293,43.71179540244105,13.170423757631603,0,91.22749394486202,10.0,0,0
42,1,熊本県,17.209386660051106,115.39724214868336,29.507902905647114,41.53885016563533,7.751583811456265,0,69.66069568174001,10.0,0,0
62,1,群馬県,25.696663977875506,138.04245828531916,93.80525758379227,56.27796951644346,4.0100643412187535,0,90.57713562612724,10.0,0,0
58,0,広島県,21.996407104019934,134.33268615156985,150.59429477107685,51.37444223034663,7.462294091912682,0,59.605990316183416,10.0,0,0
72,1,東京都,16.355955906752953,114.25313035848093,20.370136736948293,46.985182073768684,3.4270543172537065,0,99.39761551790099,10.0,0,0
50,1,広島県,21.09704981199772,124.78994900388822,100.07708541245398,41.80229602228545,0.9647413230808821,0,69.85025639959024,10.0,0,0
61,1,大阪府,28.729084466933166,144.8896759674372,92.92613504736562,41.58567102722375,23.311681329043964,0,100.30027030565199,10.0,0,0
46,1,広島県,28.460189786791286,115.54477807123155,147.5731693787779,52.563819726265436,18.308939150737938,0,84.41827406822297,10.0,0,0
63,1,宮崎県,24.735159681056704,122.83246748222437,52.301422853913685,42.19236109999449,7.957005114469538,1,94.08673051712289,10.0,0,0
50,1,東京都,20.275641572448567,106.49703342592382,68.08135150180485,53.853363306721455,16.816538890016144,1,68.78979936037685,9.7220481921404,0,1
47,1,広島県,27.806665304083324,157.56070372440098,50.86385477384437,45.27597394714995,10.446133200644692,0,99.6086735184332,10.0,0,0
49,0,広島県,24.584438055082984,127.9733467083605,56.26949675900481,50.12461776442788,12.954335337352546,0,107.0608033115296,2.9685724926855817,1,0
59,0,熊本県,27.05681934857675,139.69365944642453,229.25973397254808,42.0278590073285,91.2426742224926,0,94.33197808246564,10.0,0,0
54,1,福岡県,31.579157254533342,121.37455690930865,296.3917394072589,40.69675300728959,19.993319974720027,0,117.73204260402389,10.0,0,0
67,0,岡山県,22.49088517788401,112.91703067867951,48.14622949747813,40.67041324364214,20.749329383555516,1,82.0525277299031,10.0,0,0
45,0,和歌山県,21.22311109591119,88.13554413039515,51.36434056102838,65.709488467317,4.344997537002931,0,68.83694621378443,10.0,0,0
49,0,東京都,25.64948095336633,144.53704886704043,176.47582798153368,41.27489929695984,52.98298785321179,0,76.08614431176922,10.0,0,0
46,1,愛知県,19.168270274326584,122.21345529812712,76.05579282896845,41.638788872671036,8.203425156142861,0,75.75673294512409,10.0,0,0
46,0,広島県,22.970230492620274,134.91089283802825,11.55574791204195,46.37280093359031,4.36983998794998,0,69.69246834447434,10.0,0,0
72,0,広島県,21.559283502982726,132.65938787131992,71.66223982714293,41.8805795894566,4.694250482894591,0,99.9162831837895,10.0,0,0
53,0,広島県,21.307115644415074,153.11767283651855,45.10975276868485,41.5840434354048,9.06409184882212,0,116.45418507929973,10.0,0,0
63,1,和歌山県,24.823243240641684,113.17894162289738,127.15398551426625,41.17213440386805,14.868563797167557,0,91.79745594811524,10.0,0,0
48,1,広島県,24.809905749227045,134.34740115035626,36.50083765762038,40.82908556653839,5.264980896307564,0,77.60677081560794,0.6110715301944875,1,0
51,1,宮崎県,19.145116190817756,96.4451879813163,84.7886550803013,40.215443828852095,2.302206648772677,0,74.64516359152842,10.0,0,0
74,1,千葉県,24.712615802898295,113.50052472121249,82.37425734630143,55.54621470145948,20.74755041245293,0,86.84463961890498,10.0,0,0
54,0,千葉県,25.73801019977692,119.4669861166252,57.56945346108928,55.219079338528395,24.941148348091797,0,68.74998413718255,10.0,0,0
63,1,北海道,20.436434252903098,131.74251888464678,147.12533660282506,53.29073816532489,12.907194684567354,1,100.79282742444504,10.0,0,0
51,1,愛知県,25.714624390730705,124.54121274418571,48.79181022906659,41.50386369724537,20.762542797437675,0,98.65467018835196,10.0,0,0
59,1,広島県,21.303643499245563,140.22431588848758,47.74400746520745,41.58510016519142,23.17567715152703,1,92.7979189305518,10.0,0,0
64,0,広島県,22.249849050488006,126.95514545613406,59.20676579575339,41.168107276304966,1.6661814981163539,0,83.89602604907331,10.0,0,0
54,0,鹿児島県,25.849354488244554,92.96610293484707,308.26164799254866,41.190030028779546,16.862058465000075,0,82.03539213992353,10.0,0,0
63,1,広島県,21.517821602133473,138.630972437207,75.56370446822656,46.48277849616746,7.2017971645956145,0,94.71577041654821,10.0,0,0
56,1,大阪府,19.5902338488727,118.53055557324348,156.53735259642448,41.58357475824115,19.696349011936274,1,82.96209501825798,10.0,0,0
65,1,広島県,30.53739276246326,105.16976422726597,147.1626503150975,57.45846100742014,28.028016026248455,1,69.75273996877759,10.0,0,0
62,1,広島県,21.382764201738233,133.1478300990326,227.74056533760216,41.985937157329865,40.891539534074504,0,96.76504642617641,8.968888536294232,1,0
67,0,東京都,25.90191326800087,144.25522827076222,31.46032640723675,51.88748372798888,12.458074970176321,1,73.19730651292612,10.0,0,0
47,1,広島県,26.188893587215876,113.29607442107996,79.69580039951903,41.195262666849636,15.633256907703817,0,84.99616335467213,10.0,0,0
57,0,広島県,14.767037441661282,132.22157869335228,95.70800738539633,62.34340638636472,23.67815689261092,1,99.5460384594402,10.0,0,0
47,0,広島県,25.844833667087627,138.69826690106575,46.450333112211425,56.11516618588945,20.17283689835175,0,78.96181462309224,10.0,0,0
60,0,千葉県,25.439603217158126,127.87328990843139,164.0734617294017,61.43251042782864,28.773076936484674,0,95.76162869704817,2.8482798385183017,0,1
51,1,千葉県,20.485291973699916,92.92377253903535,181.2464205075573,41.716470605550704,5.821137482703369,1,85.88306859724383,10.0,0,0
53,1,熊本県,22.47784422902827,99.05793597681337,15.250525287060677,46.0603154410105,2.52286560483298,0,60.3609549043334,3.9593973282110326,0,1
42,0,香川県,26.043159656909953,137.2593938662853,23.96304036315059,45.98648634298684,10.254988491971337,1,80.3408016774563,10.0,0,0
47,0,広島県,22.674369757534652,125.79552476539436,35.085452944687304,41.10959078591395,10.288698874707247,1,73.91772109315569,10.0,0,0
45,0,群馬県,21.21923338307037,131.73923219906197,109.06860452909923,47.0672835853412,13.893074343983987,0,101.22911273034015,10.0,0,0
40,0,東京都,22.381710350407168,87.38858128023799,39.53320051873996,58.83352885191975,7.751034417802843,0,86.06307019707924,10.0,0,0
49,1,北海道,25.911894891211766,166.4524050073995,203.4827082266838,41.69920982519953,28.362944488406207,0,120.81893992220672,10.0,0,0
57,1,熊本県,29.594699269833313,139.56573095817632,123.09248424342032,40.27625574637916,10.316862378124396,0,112.11526136233138,10.0,0,0
48,1,広島県,26.57569528425243,87.50522565871317,94.61997375713082,41.11241342349443,23.064242431146205,1,122.58720664176327,9.227520844023823,1,0
58,0,広島県,25.68403585495994,132.75338164842566,39.2218411176105,53.468309996141,12.234615732303073,0,76.30189487627825,10.0,0,0
53,1,広島県,31.500035555124626,127.21438086110302,216.95967575411817,37.19428786480426,16.427168992112122,0,93.387239624898,2.7178098035773703,1,0
67,0,鹿児島県,25.118055540281453,132.3974782275323,79.84173855926736,43.728130165206125,77.85311868070502,0,101.56736225198614,5.918589587052082,0,1
40,0,広島県,20.901109231988414,142.0518585317584,71.52929479713976,41.230395785808106,15.666215824392381,0,90.83060378745247,10.0,0,0
67,1,大阪府,23.57455030919825,127.25651830021421,42.04204451709816,50.034143902756306,2.570493501293059,0,74.13178810375115,10.0,0,0
66,1,群馬県,26.650545885544467,136.45352282203146,101.87225776308506,42.40059578919389,10.049446131144784,0,100.84467024449737,10.0,0,0
44,1,広島県,25.915132502610962,128.80790606742065,84.79929197705384,41.5985878935844,13.995049601114019,0,90.92780081318224,10.0,0,0
57,1,熊本県,24.881796972803368,111.11787286347865,127.78320834313213,41.067832210923676,18.585920795569837,0,119.27036487900303,2.2197171851270237,1,0
71,1,広島県,16.794165923716776,113.0932194174535,66.20540131540533,48.71139046349986,7.621428886174583,0,82.84376130265936,10.0,0,0
54,0,千葉県,23.602061089732054,127.3314293863717,74.56376221603426,41.400350382752514,5.780315944034423,1,100.00716455542936,9.237794871648479,1,0
67,0,東京都,29.40745342287251,175.91323061349857,183.70789046963029,47.95291537828946,5.62152138590386,0,106.81736093341905,1.0517775802019764,1,0
70,0,広島県,24.67332494402543,137.86638573151205,60.99140349794119,47.070309355936914,6.326911911930251,1,98.59843518133007,2.2115302725193007,1,0
41,0,栃木県,21.881806956621222,98.00780093792174,82.50650184673901,41.716617153141264,9.920905719721382,0,66.81279539832397,10.0,0,0
51,1,北海道,27.41669226669663,148.8391794909982,214.90726104766978,64.3178168538501,41.27424394077687,0,78.64734443002753,10.0,0,0
73,1,広島県,24.584135377069803,142.12198029303119,47.321972106244786,41.43710668998192,5.1671790602865775,1,125.08858946397686,3.945183741076629,1,0
66,1,広島県,23.401619452343407,136.1148998512847,64.5362013688215,41.78639895742293,24.335052377589836,0,121.16186803212588,10.0,0,0
57,0,山形県,18.327434807741778,102.37348793167556,168.4306296780288,41.384099985656114,37.579442156392005,0,82.28132256260918,10.0,0,0
48,1,島根県,18.424707911633018,173.94820770663742,117.2269037862337,50.91573340362282,9.196767975567074,1,100.10904168916304,10.0,0,0
47,1,兵庫県,25.697653181234788,109.48384021895957,158.93052418968702,65.7654716805999,59.025657096746876,1,93.45544827631194,10.0,0,0
42,0,神奈川県,21.87877543104337,109.38853415368506,46.83032894330252,42.522978543391275,4.738685309651495,0,60.333541314783766,10.0,0,0
74,0,広島県,22.519993306710585,136.735778714719,104.39056193313775,60.55178947013856,40.20451446081704,0,100.04826242754868,10.0,0,0
63,0,広島県,14.181110877082165,87.25011300286994,7.968612915366784,51.28210376631826,1.6627801727807627,1,61.60392245605979,10.0,0,0
43,1,広島県,24.977158942630147,102.99290033166028,89.26889631501732,42.57910307773055,9.070120993395777,1,70.40395958952588,10.0,0,0
61,1,広島県,21.531724163675502,142.29200192332038,112.36989278781874,47.82430953803611,12.110744219540248,0,82.0434474890989,10.0,0,0
48,0,茨城県,24.702742758327414,88.27754154787846,60.89839694261706,41.343325223800576,16.817090773091863,0,86.30919359644318,10.0,0,0
52,0,愛知県,21.367464932296908,94.20514958181597,14.704228346001578,64.35297839643555,6.920939505291773,0,72.96490395429545,10.0,0,0
46,1,石川県,22.470569707564273,113.93394215150478,29.90673347900673,43.072233738443664,17.790074875417627,0,75.93091525863721,10.0,0,0
65,0,長崎県,29.687408499490292,157.3910721044399,56.916301948706355,40.7098548301467,25.535188076869893,0,100.327790475691,10.0,0,0
56,0,兵庫県,19.76858175147975,102.75965362203176,55.291116023088115,40.87572337552541,7.54184232233585,0,73.8186767375042,10.0,0,0
64,1,茨城県,18.837963765969068,121.18464236850511,48.49937180847579,41.75245875891068,5.488000542271451,0,68.94442570864446,10.0,0,0
48,0,大阪府,26.23665496221653,133.511272402234,390.32124331526364,40.7772910599505,47.11649327489343,0,117.1318052239002,10.0,0,0
68,1,広島県,34.49405450855822,150.827071054441,200.73301230397067,50.959912340795185,100.06870889463991,0,125.1480217586682,2.9784574365485685,1,0
49,1,東京都,24.34972726114361,126.78704693402592,62.379216420838034,41.963179928072925,16.10656189615651,0,103.74468493197406,0.28976684057964475,0,1
74,0,広島県,17.61354904737715,139.5374871018169,24.119220156151492,54.977907464632004,4.732503151940973,0,120.81806005619458,10.0,0,0
58,0,大分県,21.59149976864325,123.6802595695924,139.81651760404156,40.82685560955758,5.477799198346867,0,103.08077894820497,0.05451044533070743,1,0
69,1,宮崎県,23.73161144506833,138.22269186133968,23.618408127469014,56.117172712608735,1.9764367105893264,1,115.65116968568728,10.0,0,0
52,0,青森県,22.901685172020574,108.38020124684164,151.5663820076561,42.15800251605714,23.676802972453505,0,77.69480635016107,10.0,0,0
48,0,沖縄県,26.208780532920585,146.1358973550047,83.41148446322258,47.8715166176555,2.1331424308254485,0,95.01393190721012,10.0,0,0
55,0,広島県,22.709174547113378,122.75066631054666,165.55132739676822,65.66502486146321,9.696433638457234,1,86.72808252970357,10.0,0,0
48,0,福岡県,20.708455027806654,130.73861789695303,26.360755680408772,45.590020710227115,6.025514906322415,0,75.85468931095092,10.0,0,0
49,1,神奈川県,28.473141571826392,127.19960821473099,235.03943183292037,64.17779398878318,14.518138965312195,0,115.49993644449381,3.5701066447678453,1,0
45,1,広島県,24.632840824821567,103.63039269142635,73.02851425531234,41.630756808317216,24.89320281753744,1,60.62265174010173,10.0,0,0
72,1,東京都,23.041761045345524,114.96819644042556,215.19997525258552,41.674476767369555,10.795963840437484,0,97.40521725249823,3.6282841124935645,0,1
45,0,群馬県,22.43920451096982,114.39013823510844,52.47429147290354,54.53286461182584,1.758114171966057,0,75.04359540596825,10.0,0,0
57,0,静岡県,26.540825148631416,87.83286584870706,131.24419577782487,40.88643229439546,21.059475783663586,0,93.79694110891953,10.0,0,0
40,0,神奈川県,25.37731939052648,108.08349992102346,22.465713429815615,46.76046232929911,19.27112320190886,0,92.17958517393389,10.0,0,0
69,0,広島県,27.58519691723398,146.42611500622826,175.78454000121766,54.72619273995073,39.184183875196695,0,101.78893188859544,10.0,0,0
43,0,東京都,20.840541970925848,124.70624954338975,20.261444825365288,41.783548503267355,5.553452617120523,0,104.30548154029637,10.0,0,0
58,1,兵庫県,14.870410023933847,112.39030468130719,16.204870552437047,60.16585719270684,7.700652394702411,1,86.96239352473353,10.0,0,0
70,1,広島県,23.654636271835244,113.5562537777371,10.970153980572023,54.93209718696277,3.2249319752977175,0,82.6343549480889,10.0,0,0
47,0,石川県,26.550420758549325,138.68393945703406,108.30999730484143,49.19369540849727,5.382319626057414,1,79.41051659644867,5.873565546330891,0,1
57,1,広島県,25.132093536079047,129.98601107363683,64.0160003004921,57.09531725400861,43.11478501720234,1,97.504058779761,10.0,0,0
60,1,大阪府,21.519104952900776,134.54562159842388,60.20712804284977,72.73120922944918,47.15436542956627,0,90.0908463224193,10.0,0,0
59,1,広島県,24.198354172351298,107.82804733113072,59.86699525514985,62.41194710516812,22.133169958986876,0,125.55567449809516,8.90420103355977,0,1
61,1,兵庫県,27.2960868470901,128.2554166986223,55.477910670513644,41.18327415993385,36.77985162977634,0,85.20417034958028,10.0,0,0
58,1,広島県,20.613862634546113,118.65694253035538,58.47410413707329,58.60894077933724,18.818716637529523,0,120.12288716725745,10.0,0,0
63,0,山口県,29.402757559031066,133.4581915177433,161.02248275666864,41.4995832310473,77.89043633989954,0,109.88343066568186,3.840000087479125,1,0
58,0,熊本県,25.47335350458399,122.25065536299158,49.40682427280721,60.676307798521655,9.850175552272125,0,106.64971287207659,10.0,0,0
49,1,東京都,19.69875591509167,121.54783470952297,145.06346456212864,40.38776799691004,37.925757469667026,0,110.17093745893933,10.0,0,0
68,1,大阪府,22.885704178718967,92.5163584900206,85.38502367343295,50.03486837331343,25.12250162646874,1,95.25807507462714,10.0,0,0
62,0,広島県,20.6855191141278,150.1622616874076,52.77543368149798,51.8869516542552,13.021999308931106,0,121.69686399319404,10.0,0,0
48,1,広島県,25.68397140425101,120.54472308955933,43.645397806998325,63.356104652303515,28.110493355157374,0,84.18362963692957,10.0,0,0
60,1,東京都,28.470166242844325,132.91472752230715,74.20907652991397,53.36754579102957,24.211225557656455,0,125.13288627987859,10.0,0,0
68,1,兵庫県,22.923950867228076,136.0857398495274,60.91944933701646,41.17386571347924,30.781576281086064,1,93.62327559993791,10.0,0,0
63,0,山口県,28.729676516123824,152.79510775076776,70.21430957079733,42.359595778508556,28.253700343506065,0,69.81083569393125,10.0,0,0
72,1,千葉県,21.00012557370865,133.11980020411414,110.63434878589665,57.279752428410546,10.088146241851044,0,81.8436879156408,10.0,0,0
46,0,石川県,31.463895051687228,139.2722035104379,191.3076884084369,39.52170145187499,67.50768891017348,0,90.24036446077125,8.883437191430222,1,0
55,1,広島県,24.964823872865853,122.89517926265259,29.408603994621465,51.53284455326697,29.52734223228554,1,81.54496803317461,10.0,0,0
58,0,広島県,26.874747659299967,148.70046524183178,148.61250561931863,42.13072530353195,29.25996046135552,0,117.32971061314586,10.0,0,0
53,1,広島県,25.118166985284905,136.99673279190606,52.391874814975644,47.00268669130769,3.185313853453705,0,68.09117480279366,10.0,0,0
51,0,北海道,27.429057570276814,179.9254769424106,154.03401753742222,50.17146159387299,13.479108758785618,0,91.47197249342155,10.0,0,0
45,0,秋田県,26.793879105468548,107.32477410355598,71.79765170190146,40.98766152039907,6.022122205794253,0,67.27463128298565,10.0,0,0
69,1,岡山県,17.06575322818334,106.43084576091032,23.187168817648196,42.014910895779124,1.4367306143667697,0,81.73492889416549,10.0,0,0
52,0,山形県,23.825880387185038,109.66763396977706,151.90753120096096,40.651592862809466,9.69517006573213,0,86.62522000191797,10.0,0,0
41,0,北海道,24.41116885670973,129.02979018797618,55.09231872208569,60.23585917037148,16.9153867297768,0,84.82436488605862,10.0,0,0
69,1,京都府,18.876142482012117,109.68067207329429,8.842328792004892,41.765987171764536,13.512853149433905,0,60.81827813813943,10.0,0,0
54,1,富山県,20.091312391825202,127.90325392315006,161.9744321887694,70.2946559891713,31.027792204060734,0,108.49399678130685,10.0,0,0
54,0,長崎県,27.204712701225993,132.83766490369166,55.99394324838731,69.55481744240608,22.066458147888966,0,86.23358567921017,10.0,0,0
58,0,愛知県,23.17327068826996,114.578850265718,73.35623924465445,40.56022854347665,6.740952147381172,1,65.40826255014576,10.0,0,0
61,1,広島県,18.203626876594456,118.56265439745914,25.018876095908475,42.086020410762934,8.198058617025527,0,93.80608976566002,10.0,0,0
52,1,埼玉県,25.37025850024517,133.2050906803788,103.6888691302234,41.504406698976965,15.887931564611693,0,95.2385412860633,10.0,0,0
49,1,大阪府,17.548163872882096,120.9369157529482,83.46236780930784,56.36171077120101,10.20014130740316,0,70.51147689958924,10.0,0,0
49,0,東京都,21.32063995945348,92.96207535495127,56.57539326581803,51.72314858272784,12.713450876687167,0,84.37616092013641,5.318732695156635,1,0
71,1,広島県,35.17365121815314,166.33625555275844,144.0119475729213,58.023954824593766,36.50793623852452,1,120.73934767517213,9.980576307504062,1,0
49,1,山口県,23.96394927052273,125.66590749113445,85.84906400633155,56.558243004899936,9.368750518854752,0,102.18101618244675,10.0,0,0
48,0,埼玉県,20.931978943529007,118.70842317662112,107.64807449765003,40.73119948066194,22.441221658306695,0,66.65205095761871,10.0,0,0
54,0,広島県,20.081652622024343,92.86784376160163,41.32913248074932,41.52722453567727,19.315439699150755,0,78.9625727277231,10.0,0,0
40,0,神奈川県,20.14758678698605,109.88456635291838,87.71662212646258,41.44417874195923,15.294182196622542,0,103.28466598705663,10.0,0,0
45,1,愛知県,23.299791684887147,116.83816744738525,30.749642920301497,51.74482599114116,17.609812651759533,1,116.44144116154058,10.0,0,0
73,1,東京都,23.6810365205893,125.66488146782424,204.35727175508507,42.5650071852055,11.29626381209719,0,81.54201811651697,8.465905791447133,0,1
72,0,埼玉県,25.735691692382368,154.97943241559042,65.1985746767922,41.8358898886252,8.727696905478174,0,82.75855937330665,10.0,0,0
67,0,香川県,20.688443994173458,132.38822412368324,22.81931685208519,42.94655484294953,10.83485044939877,1,108.8325696587723,10.0,0,0
58,1,広島県,27.994657377612054,119.1458755473965,43.63696706207263,52.531893717682784,10.039563786223097,0,109.96188599437112,1.56021064439121,1,0
65,0,広島県,25.89681680591675,103.94873427367237,83.94668327984178,40.4448976855709,23.674728475222434,0,68.95048300406182,10.0,0,0
61,1,沖縄県,21.946175356684837,117.03605381442907,45.77542126324847,50.089226817913286,19.302075343131325,0,79.75269082726408,10.0,0,0
64,1,東京都,21.50563113843588,140.8087318320061,31.255098649817853,40.82737959238247,5.4871744532564595,0,116.82796419154809,10.0,0,0
48,0,熊本県,24.364571286880803,137.74576066243225,72.83314334549222,40.46257721096485,5.480279083334146,1,80.00516925110196,10.0,0,0
65,1,愛媛県,22.89094828787523,140.81252526983275,54.44236690468011,41.25139282710826,6.504469793134956,0,123.25057936723442,10.0,0,0
64,1,広島県,20.477443728323628,108.51919211245438,71.87437985990661,54.31899657459361,2.9101955785551,0,95.22023021012077,10.0,0,0
48,1,東京都,25.311975899066645,116.16817876014359,22.898302882109896,61.47411826412307,17.13363260461729,0,71.15966050925496,10.0,0,0
61,1,広島県,21.976838882063987,94.15664708341927,187.33521662553417,41.20916895343984,12.197912213364447,0,104.96424454125503,6.002235787505738,1,0
66,1,広島県,20.395761151469415,110.13906302715091,70.0690331010378,38.00702757392681,11.96019728476413,1,71.03355511599331,10.0,0,0
43,1,千葉県,20.6067988757473,88.44316145895127,100.61306827965471,52.357412805618424,9.276760954477345,0,108.2363223621307,10.0,0,0
61,1,岡山県,26.85006708363383,114.05772224507729,74.7753515419946,41.185614071801716,10.615357493411473,0,94.14787448653904,2.9317727487517273,1,0
67,0,石川県,19.01526017547986,117.15091850339765,24.309475331765583,64.33494204284763,18.647014391083697,0,102.45529394031591,10.0,0,0
56,0,兵庫県,21.89375100506853,142.30608723306156,65.24169115182373,40.952195669149056,5.456637434698821,0,86.06314250901323,10.0,0,0
59,0,東京都,22.381445556449314,107.93573017848905,39.9816850093743,41.990227889780094,18.138345912214483,0,70.26066550569367,10.0,0,0
73,1,広島県,21.623289582104142,158.14114108237453,111.56869913028308,51.09630851370363,9.40336046090138,0,67.31735635248374,10.0,0,0
49,1,広島県,23.885201314219422,105.22810893678765,31.253213108598295,47.796473103104965,7.465416002202626,0,106.06026153370371,10.0,0,0
58,0,沖縄県,16.53009724481258,95.47700675834103,152.30415037968515,41.52406211806493,5.919630189036056,1,78.00492678543422,5.0415344748519955,1,0
65,1,群馬県,27.50010364829015,130.9545836847392,88.23714871500671,41.561266521190916,7.693063413061442,0,115.44170792696362,10.0,0,0
56,0,愛知県,21.81906310255069,163.73937392109622,48.4770945740278,41.583959800583486,8.25679872165557,0,89.7153612568908,10.0,0,0
49,0,広島県,24.552707499275595,142.47343540726493,146.91043385383568,41.137869393485616,12.230371990499663,1,116.84033591145781,10.0,0,0
51,1,岡山県,23.110046835208855,107.93669308372928,49.38427420148856,53.441447140072725,8.533291663531076,0,71.15963961208683,10.0,0,0
45,1,広島県,23.95612649760757,132.7262375450577,46.43043093099149,43.74170408381095,22.737216436254975,0,81.84726270711117,10.0,0,0
42,0,福井県,27.0562222407294,143.33403126191706,105.80817260560903,41.49397040922469,51.33452106593542,0,88.09923631113394,10.0,0,0
63,1,広島県,20.04916318879068,113.66397063735737,65.57792756205086,41.58752868458326,10.220124055379953,0,67.71559631706593,10.0,0,0
41,0,福井県,21.87086445066258,94.17348337454555,32.49183278412918,47.97501618103514,5.268821488342695,1,77.99658529574721,10.0,0,0
54,1,奈良県,17.174031855726533,118.65465687363752,42.93010022456806,44.003130978455424,6.700583650602587,0,121.22565003845021,10.0,0,0
40,1,広島県,22.924906152797014,136.85593094342332,52.37043053517428,42.03885553203567,31.635397666804366,0,114.31098123989277,0.2281636402859528,1,0
52,0,広島県,24.793207849499428,109.49113367695121,77.08681369049258,45.36998811563447,77.6740498352981,1,59.65403105501312,10.0,0,0
53,1,広島県,28.72974594516316,150.01475176010837,220.48931633636124,41.75052566615,50.061502653589194,0,114.30213208786091,1.249449615813364,1,0
53,1,栃木県,25.860183693369112,147.2355316237315,35.1048082058939,62.86616694349996,3.9124001508473394,0,88.5406923114941,10.0,0,0
44,1,広島県,16.281546450362768,114.38622547425382,36.11466814452981,41.84274170279728,4.449693297560186,0,117.00414040271696,10.0,0,0
52,1,大阪府,16.551680917738363,100.7328010335525,58.49597439768804,41.81633094564537,0.6074011322842103,0,106.00504888295275,10.0,0,0
70,1,東京都,19.252949216919088,144.1496874101856,146.72936379450746,41.17781525091919,43.192296794347165,0,72.42726727824655,10.0,0,0
64,0,千葉県,21.3633749393034,146.17512172356825,61.276494168013926,49.979912565824115,32.41527693185658,0,85.29815247000863,10.0,0,0
61,1,神奈川県,17.3778589631871,109.46759512244184,38.63235251358548,40.5408334456279,5.121728702480399,0,87.17781987119874,9.98102739216863,1,0
59,0,山梨県,24.011332242535804,108.53457113486535,168.2274726813543,42.93226846192837,32.29110850866442,0,109.1161483874486,10.0,0,0
57,1,長崎県,24.680677827989122,129.19795694201875,19.459023546074636,41.18669054178329,2.9334675980550955,0,116.0094102024681,4.7521011725893105,1,0
50,1,広島県,30.868951325894876,134.81616196420794,124.69676116424891,54.35806405637781,23.197637355484908,0,73.11986549253491,10.0,0,0
42,0,広島県,20.82697555441476,97.02590719946787,39.45809540807285,47.88346006616188,30.353655700714704,0,103.86874103790585,10.0,0,0
49,1,三重県,24.083677715214137,128.6782382936434,155.14432670520924,41.869195232034144,42.9800276915964,0,101.06493096617194,10.0,0,0
73,1,広島県,22.622100194595426,129.16208651736062,214.60570264865882,35.00372986340491,11.447331753049255,0,91.82887898965141,10.0,0,0
60,1,神奈川県,23.569768144692326,143.49341269663157,53.056343610551394,42.64863572599353,6.218450214835309,0,76.09589404149229,10.0,0,0
51,1,福島県,26.31456787157419,131.59113586046556,45.85110223220157,41.51974961332678,9.122536972227447,1,64.34694005245076,10.0,0,0
41,0,広島県,25.972407879306985,131.69129585551028,233.1079121647638,41.010307524647914,13.139615331814596,1,105.71032089169584,10.0,0,0
65,0,栃木県,19.14353716962909,166.48715391810742,84.79645222199821,54.60121838307823,14.457819384967882,0,90.86490965896463,10.0,0,0
61,0,広島県,21.26504154304737,102.92234774031485,117.25147600654377,48.45845573884244,26.419764267077333,0,99.56087134036022,10.0,0,0
56,1,広島県,26.415844719978026,113.32373152164658,107.18483474375573,51.46613338810287,152.65537057897313,0,99.12026517173793,10.0,0,0
60,1,東京都,15.83409700800692,115.43606324724094,59.892508362864604,51.38586300348332,4.940498406875675,0,116.29953423894554,1.6511768540879668,0,1
65,1,千葉県,21.61028009261539,104.25262472857841,66.33362850077835,40.823293797205714,9.310910267219246,0,79.73701770394732,10.0,0,0
70,0,大阪府,21.223802184141405,135.1011156499727,112.95612645608259,34.39985720641738,12.713398970073845,0,100.7406660523742,10.0,0,0
62,0,広島県,24.35594428139443,138.09452363888232,41.3046556473049,56.1327337454915,24.67338266484819,0,122.46817553015418,10.0,0,0
67,0,秋田県,25.556984494469777,140.59573590283566,52.02839885368227,41.01014574974306,4.887964010974544,0,95.44498279415161,10.0,0,0
62,0,広島県,25.381110026375875,115.50273850009879,209.46385354459963,51.941606049239134,39.91540160805257,0,92.59507478713319,10.0,0,0
49,1,京都府,25.722740630652293,163.19256177206003,104.17535336518945,41.63989374554247,14.570900564387646,1,123.00399245436753,2.8517431266144175,1,0
70,0,広島県,22.38048548769449,114.3943288836229,128.37972869259528,41.75288362323155,19.943743296250886,0,99.81642129927165,10.0,0,0
59,0,大阪府,26.646960290983518,104.75571163167949,123.72347525129521,45.33075988745223,7.507723755148514,0,117.13856686334262,9.042649716327938,0,1
53,0,広島県,20.53871925518978,107.45304858185014,47.50989712544375,42.913318935970224,7.194385746534735,0,95.31097011107802,10.0,0,0
71,1,長野県,29.284455937059224,125.93695059059965,80.87804592921391,41.59995826092223,45.118843416182905,1,99.11476828089329,10.0,0,0
71,0,広島県,26.815106451872875,123.71402728353233,282.19007291783254,40.068034501170644,7.751541548924124,0,104.04700749325615,10.0,0,0
63,0,福井県,25.842522796264817,141.04235426060023,287.3499506891435,41.419752301679814,42.87033946685669,0,73.7389208210827,10.0,0,0
42,1,徳島県,20.955747778641545,127.3910138189906,220.77332869681015,54.60480550915962,14.86759233235141,0,88.42477607859486,4.30738313386836,1,0
51,1,埼玉県,23.011837798084834,136.28505598921825,47.506703901548285,42.03713506889926,23.274087207338123,0,102.79544126606415,10.0,0,0
61,1,静岡県,28.73508714028811,125.54047958440762,72.46663734220785,41.28724317874522,37.15806158541748,0,81.4446671169308,0.967604090136145,0,1
50,1,広島県,28.710540116984973,128.07950603484613,60.756065792676296,41.1900268079689,19.270471309121103,0,101.90917964311312,10.0,0,0
54,0,大阪府,24.704608444883867,131.6832730355876,75.85414812456612,40.58528148277287,6.018150614786232,0,114.03929050707421,3.568420416044025,1,0
71,0,長崎県,15.8071924832405,124.53242960141974,25.90344000304426,52.43610624793709,1.6479436888984877,0,95.77222543265962,9.776855796582478,0,1
74,1,和歌山県,34.7612042692483,177.60698889380248,183.59220828008893,40.88988808703791,16.817831830307995,1,105.8703225768558,10.0,0,0
64,1,愛媛県,21.538889949182927,92.52366001196744,54.24059592947366,63.38061730623944,7.3462129913696375,1,68.52555151844766,10.0,0,0
44,1,愛知県,16.03259748688037,73.43190770035054,9.881873194467957,66.13438319063192,1.937188369320455,0,63.43440401979304,10.0,0,0
55,0,広島県,23.57601646148575,137.15403011963832,45.88417569741408,65.50241097826105,46.822766639431556,0,106.02389873048378,10.0,0,0
51,1,広島県,25.897533058377796,82.54779544477856,67.36961412316879,42.06493771148268,11.91802878622147,1,104.7749806350715,10.0,0,0
47,1,広島県,26.58821125787253,124.31038153249776,112.32276203708399,40.60622817587363,13.005804075798581,1,69.04809695176087,10.0,0,0
66,0,新潟県,28.74406471688329,167.2925548771832,56.33830183414827,60.33217222395109,7.195660594956817,0,103.03312093594883,10.0,0,0
70,1,広島県,23.773173518693596,142.59026524051185,69.23273830619858,41.766378435623956,4.88946356258661,0,116.70205700898005,0.5511188625427225,1,0
49,0,愛知県,26.07035360605726,109.11785336383655,56.52654357087749,54.961739645322616,6.750190157395775,0,98.46174515516005,10.0,0,0
53,1,福岡県,21.805825534528864,101.34718339077898,15.182819003723406,61.47379057879616,9.630431097970375,0,56.83466932429194,10.0,0,0
42,1,新潟県,21.248474253422724,94.08258586567966,27.328518562454462,42.18684531278786,12.243919792474136,0,82.95601808328671,10.0,0,0
42,1,広島県,26.123464051264996,111.65772959489463,66.29583929247154,47.03520126863276,21.050148515994643,1,110.65411882547657,10.0,0,0
73,1,秋田県,21.547481853544575,111.13993546374456,27.580615344243594,53.96266285551291,5.909480496952078,1,105.0736343696114,10.0,0,0
48,1,福島県,28.35089668466351,132.24581253650507,50.10831518343343,40.35906448954353,10.097640905005381,0,104.1035598516987,10.0,0,0
64,0,福岡県,25.212440461496826,115.50006542726454,56.07274081547113,52.549544811937395,21.589809388226204,0,80.19681260855577,10.0,0,0
52,1,北海道,18.244320094154812,102.61396068272032,29.790318179395303,42.19404886969956,17.38073333722407,0,78.96945138239782,10.0,0,0
47,1,山形県,25.844700333077498,130.2947680149311,65.45710225667541,47.222047738106546,36.13358819247694,0,87.97781470269736,10.0,0,0
65,1,鹿児島県,18.984594446951796,113.09281814849855,80.93625570888553,41.44879386301993,7.000804055315574,1,88.25914615284006,10.0,0,0
59,1,愛知県,27.907649472965094,129.09956062104845,132.13824388400042,40.797359846898566,12.119960038093733,1,87.89174450749996,10.0,0,0
45,0,東京都,26.32243549235008,125.54918731168301,75.63303145676623,41.4016368055931,7.727805297672355,0,66.310797467602,10.0,0,0
58,1,広島県,23.109679567091575,142.5245892031845,148.62287831970917,51.79899397087037,25.54461604742739,1,89.70480007495192,10.0,0,0
41,1,広島県,22.384892170960615,118.85965087798343,32.1008309847638,54.68984180278967,26.60995805217534,0,99.60738072724283,10.0,0,0
59,1,石川県,28.35568957321388,138.9961426789454,132.29350754509272,41.17967314991606,10.589757057234591,0,99.40158513347681,10.0,0,0
74,0,群馬県,24.646114915470026,133.16071357335204,87.65123697225019,40.82878038857753,8.686634150050054,0,107.21514699115876,0.5115335621020372,1,0
46,0,広島県,30.487857956322635,148.92831743764026,162.3063192904019,41.1990899935319,41.0413752400381,1,82.38234066789784,10.0,0,0
43,1,東京都,26.074106891938367,117.73909621551263,36.96084780994881,41.109806470629074,8.687095762983253,1,86.96042118600225,10.0,0,0
49,1,新潟県,24.9692775189986,133.5323148090225,129.81867013640706,55.55326850841243,10.833377603947005,1,96.16585594011048,10.0,0,0
49,1,福岡県,23.280249399809016,118.2949402842811,54.33229704355741,40.726764405840704,15.786984996496589,0,71.71227702266134,10.0,0,0
43,0,栃木県,23.94342521022761,155.31863743021538,33.72723776252238,42.88405303452288,16.368184114649047,0,105.90475960303648,10.0,0,0
58,0,北海道,23.29217273804159,142.0614991535878,170.55344598573834,42.88670148315092,20.93474016485715,0,116.07375964448225,3.8582015244917547,1,0
40,1,福岡県,25.600945255187195,118.33586203651295,101.95819174113757,64.30114720373062,94.57646160370031,0,104.47523378926994,10.0,0,0
44,0,鹿児島県,27.544384717442174,94.59736177492502,24.69587891026567,69.66085355155664,24.74121316915488,0,63.30753304051945,10.0,0,0
53,0,大阪府,25.936533588563666,118.47131588753739,59.771891475756824,42.300027877798854,19.20898328996615,1,105.95607106934125,10.0,0,0
60,1,群馬県,25.710555979610344,122.46748317808263,85.44297330896704,41.237471870047806,20.95633758832093,0,97.51406252520206,10.0,0,0
52,1,広島県,22.341238606741303,125.30536550727682,57.14023207488705,41.62916479612737,2.4966770169050547,0,75.49286063763489,10.0,0,0
53,1,岐阜県,24.027147259534033,107.35351236757954,84.68335803710477,42.087516740415595,3.5927292583563806,1,102.85735191713228,10.0,0,0
48,0,福岡県,23.74422698833247,113.29881845322404,45.734374906598774,36.78294944360941,2.2309526705552,0,92.71760224349849,10.0,0,0
40,1,埼玉県,24.199369230135563,101.07938033118204,139.53861473055954,40.39546622474939,21.795926519337314,1,84.13421246654629,10.0,0,0
49,0,滋賀県,21.024855924171337,117.15251245832697,64.37198544680074,41.0130474023975,4.123818671432159,0,85.79939740750847,1.3492070615931755,0,1
51,1,千葉県,23.00392109493739,108.36040465986973,56.2821824540691,41.40017442799102,7.23660838912189,0,76.55998208080435,10.0,0,0
42,1,山口県,23.977166742725576,122.20173187528195,136.39720491335348,40.87629266553828,79.71286598727669,0,69.7058344332896,10.0,0,0
56,1,広島県,24.979127503290368,105.56423922623844,33.99811926967629,41.62902528772281,12.71348163992801,0,111.26173120021168,10.0,0,0
59,0,愛知県,23.361775557687142,94.19719745216153,130.24856559570497,38.637775354592335,24.6913820564122,1,105.49143565790897,9.223753006605302,1,0
64,0,広島県,16.552275609823145,125.11651157605064,61.0618303414071,42.03959382365218,38.714702713131466,0,95.03429949989534,10.0,0,0
40,0,大阪府,25.7723023454721,120.5888930910507,48.82456040618779,35.84485063960642,19.272996141936602,0,82.92472566762449,10.0,0,0
55,1,静岡県,27.176060262174104,134.6667292006439,51.49941309204976,41.98799395921768,1.9730405431633171,0,101.22769297422249,10.0,0,0
69,0,兵庫県,25.652632539628595,142.47983784400628,115.76438584523764,59.67165803340731,29.262308341844058,0,100.11850526845376,10.0,0,0
47,0,埼玉県,20.8673627186637,130.9785313803616,43.13804857266447,41.1725380369544,13.899263674222968,0,84.8356180628834,10.0,0,0
47,0,兵庫県,29.955032430995374,137.7434025697123,160.37057095920005,41.98359454955565,12.715058612827743,0,81.43073519484513,10.0,0,0
47,0,北海道,22.618087714635653,87.8958077548348,31.116434579806814,41.86714529517635,1.7495278019546148,1,74.72954951203977,5.460821775221003,1,0
42,1,埼玉県,16.525380756697928,98.56379803499081,27.4873149242177,41.583228843133945,3.2433423073141854,0,77.59416873434378,10.0,0,0
45,1,広島県,20.89852623276207,98.87926267786936,31.096481735727515,40.934954306166944,9.775442461118208,0,91.16999237548684,10.0,0,0
64,1,東京都,21.379469415422882,113.74554704523877,120.26609639628239,42.15961389309025,18.607434698212483,0,91.81546353852215,10.0,0,0
48,1,千葉県,17.49416493111381,116.11437717751883,104.45830107103431,42.837001371072795,7.377928857404934,0,59.24258287422204,10.0,0,0
42,0,大阪府,26.465858637579927,121.27948604460695,51.034885171842134,40.73757358591605,22.303078664591585,0,82.05791998123964,10.0,0,0
71,0,奈良県,25.71031566165476,111.07216981737724,180.66117127732377,62.57308082703039,59.13200023851588,0,113.96343909991229,10.0,0,0
41,0,広島県,20.204295185330864,136.14931106931675,66.56223391841971,55.78336137916624,5.625996600460239,0,77.63246298458945,10.0,0,0
47,1,広島県,20.96127082541133,106.32210140273801,37.315149857379545,41.46396557232667,21.520489839210228,0,79.33773686865322,10.0,0,0
64,0,福島県,18.852290699884612,125.58998711845345,89.90522403215772,41.70739767127481,2.1730472260316405,0,75.71478257675568,10.0,0,0
41,0,茨城県,28.324302444891753,117.3574896053342,122.43739196686636,41.32211900658145,133.37118396723065,0,117.08438528554754,10.0,0,0
61,0,大阪府,23.846511828886314,138.26738237759497,63.53142061761412,54.16311539728952,9.782243971175495,0,84.0217416933831,10.0,0,0
57,1,三重県,21.835838794929277,116.01037698816843,44.62560685992935,51.63964718063941,12.043971106219397,1,93.81802144632687,10.0,0,0
45,0,奈良県,31.617054462026992,150.18683484783207,24.195608982353594,40.581174725803535,19.066101267547015,1,116.96962356222382,10.0,0,0
61,1,広島県,22.874564304465313,138.09008723904273,211.52137138563705,41.955292625902274,24.320266130739675,0,101.61136982537879,10.0,0,0
63,0,岡山県,18.773822347558934,121.97818283236275,33.122814538185885,54.93077064074284,8.87113618159692,1,90.19134793880713,10.0,0,0
71,0,広島県,18.129806350511966,105.70094236169555,180.61863448035905,42.4874774575682,10.261703613522764,0,92.5976390944918,10.0,0,0
40,0,新潟県,26.810262636759866,120.27516216483906,56.35241728212254,41.71477929827582,23.742850031073512,0,77.17735015641338,10.0,0,0
49,0,広島県,23.8627215713651,132.24720968238543,17.146655725214384,41.79594472739505,51.1041778844114,1,115.87597362720066,2.926342304028994,1,0
45,1,長崎県,25.221100804091567,118.41603390764138,41.9677690649232,45.436620710836884,6.535148830791694,0,86.14845307150583,10.0,0,0
74,1,福岡県,21.249784112202676,146.00440344366652,489.80781084465553,42.903154087906074,27.177664118332768,1,86.6226611420717,10.0,0,0
47,0,愛媛県,20.494790843896705,155.60928516882151,56.87216516832531,47.99053745789934,13.069887768749522,0,100.79688158741833,10.0,0,0
46,1,神奈川県,26.600669134852073,130.50133925712453,150.721462235165,64.09352976026024,20.029774123852413,0,114.55138407814367,10.0,0,0
48,0,栃木県,21.872656053621412,118.4090378490807,151.69904290666577,58.46288164823051,89.56645163446933,0,96.59838529500881,10.0,0,0
56,1,広島県,24.96464735080425,142.13118171281596,98.33500674692976,41.33174424211397,4.665077367820478,0,75.86368080239947,10.0,0,0
72,0,広島県,23.6756250790488,138.7106655175834,162.2921602559944,65.79917941256392,16.966180697040635,0,115.04771679201735,10.0,0,0
65,0,栃木県,25.509022977433094,127.92288373238061,97.2129355123561,42.9566224776829,13.664543132479723,0,101.92660542532253,10.0,0,0
47,0,埼玉県,22.842345855801767,118.63464201381714,39.38070632042192,41.820810923348795,16.023913734746408,1,87.1621545616246,10.0,0,0
68,0,長崎県,24.12543756735272,150.59442123299752,83.31532008301785,53.075411823266016,26.089402399524147,0,85.64630553742923,10.0,0,0
58,0,広島県,21.799607517263816,131.6338732008754,52.478536477023084,51.755694216527715,27.626206907776567,0,96.76403010971107,10.0,0,0
60,0,広島県,26.755274506680617,146.41144417140163,384.40162935286185,41.38010569663522,15.187721165623314,1,89.85776237881063,4.663250253149942,0,1
48,0,広島県,27.322529388338772,125.84858567521043,182.47834195276275,38.64860376653221,20.477466786581967,0,77.48086192965009,10.0,0,0
66,1,岐阜県,24.29991047665049,143.51605002658934,146.72800285505267,51.54233446892288,6.5990269683739875,0,100.99367663483866,10.0,0,0
53,0,滋賀県,25.67519449203277,122.4848812409648,61.2747808949353,65.47086026827716,19.814613426875813,0,91.04880480264684,10.0,0,0
49,1,香川県,20.04682325366746,107.94898440603303,21.33461691790008,41.138380614373595,0.4464182530873305,0,103.72523421888435,10.0,0,0
54,0,石川県,34.697759289238995,138.6024023093798,366.25469056824556,41.29306524262856,47.81092765805193,0,101.59444738784433,8.708210928571892,1,0
73,1,茨城県,24.64136370723412,134.8281354571485,126.86569816991921,47.09690636348461,23.32089539179688,0,89.73422158826034,10.0,0,0
40,1,岩手県,18.311731612022456,76.35883960178634,31.084802749732827,41.6001426095207,3.465342445637308,0,84.19483769964349,10.0,0,0
72,1,広島県,26.269912095188054,138.68409815202418,76.05168807816707,41.49020589876041,13.325861620086844,0,93.8466074645779,10.0,0,0
48,0,広島県,26.776652993161328,117.03453472174263,62.554056149176596,50.45286462397687,21.201456161967318,0,94.04665195082742,10.0,0,0
55,0,奈良県,25.000925007664613,128.224838638457,88.9462775018198,42.42420553532282,4.942966090051855,0,115.07720427297185,10.0,0,0
50,0,広島県,26.678779253815065,139.5371467747286,97.86819910495652,41.895576152410655,4.140099394425736,0,103.56546890668393,10.0,0,0
56,1,和歌山県,25.710076113030635,106.86616786930003,52.41251526777094,41.72324398864958,6.295172192419881,0,78.17589876719052,9.042256932374226,0,1
48,0,広島県,21.9908129533479,66.49709531545797,87.65429212445054,41.15020017810578,14.5602171496122,0,76.18953687026256,10.0,0,0
53,0,大阪府,19.176691777407473,130.37504710853617,17.232199900161145,64.17050982700859,22.624066378083906,0,84.70831105329424,10.0,0,0
54,1,広島県,21.489924503236452,112.42525133749908,65.12317309443972,57.25601619683216,31.49406804928425,0,68.8259663728271,10.0,0,0
73,0,愛知県,21.928247239716832,127.85987685991776,139.43918907211923,55.21123949983837,3.6848474131266054,0,72.65060558279231,10.0,0,0
54,1,静岡県,25.81934122442147,126.93242257409612,62.51804463367772,41.88081556131438,29.065823770880897,0,100.36839192080289,5.123362756709415,0,1
63,0,大阪府,16.81119106186182,127.70511503207987,49.50448579817762,42.319565915564866,15.901433437503789,0,122.34875373068415,10.0,0,0
70,1,広島県,27.14620926505421,151.32965285637417,459.96752438540756,51.39963581421108,29.535255146978848,0,97.07662335199493,3.3517309649422344,0,1
73,1,広島県,20.595590973604928,97.89056406232972,61.800124361709926,40.69664539050291,6.299068268570516,0,68.53390868678251,10.0,0,0
49,1,広島県,18.82442418961811,99.97513762661315,64.55702471894158,42.03677784466082,5.1670588244623845,0,75.09743674249457,10.0,0,0
66,1,宮崎県,20.625783530548375,160.882054291995,40.51544354745296,41.54969647798107,0.8323734901006472,0,100.16125103422686,10.0,0,0
65,0,広島県,24.069789244491016,144.1439748711344,86.6119802569949,41.75407928739103,10.692538216946296,0,106.661998596625,10.0,0,0
42,1,広島県,17.627795567915292,118.45322801633594,10.279051881079342,41.33725905027821,4.9105233581229895,0,78.21949699555827,10.0,0,0
51,1,新潟県,20.832699146913953,127.44331338126867,64.81647453801763,51.91690510023913,2.903786353976593,0,115.65007186065301,10.0,0,0
57,1,新潟県,26.99413473576745,96.65784542721201,93.35483965058799,54.92981412254309,99.35277455353035,0,107.58919228303124,2.842975126679192,1,0
45,0,広島県,30.290923181643155,131.7164937776944,110.82313881300003,42.52647189398735,29.3517520980408,0,89.55188891201215,10.0,0,0
47,0,千葉県,20.516515467219843,116.01550684617446,150.943335665451,51.72445354287629,15.322326069417343,1,79.16453778537007,10.0,0,0
40,1,京都府,17.41491694242967,115.43469988200302,96.33009265615323,65.67040914178732,28.30731140630237,0,77.47112210317948,10.0,0,0
41,0,広島県,25.916433007532994,127.65725358110826,21.026452521582698,50.121888950324355,9.418383919284715,0,82.1721027803864,10.0,0,0
67,0,広島県,23.483455231351478,126.79350865281783,91.29412438309639,41.270909816517516,27.641223064047924,0,75.87339990924293,10.0,0,0
54,1,大阪府,23.616354998107873,144.17202761914413,73.935470713483,55.545353109446324,29.989746607653682,0,107.48781448595162,9.900297943740783,0,1
72,0,愛知県,22.891234777406577,147.53697221226963,158.91578418032861,43.456367118230595,9.0688373529002,0,92.28874576370939,10.0,0,0
59,1,広島県,23.85896867403116,124.31045290021642,68.0542371215479,41.499302980499614,16.911890997834583,0,101.81899425060239,10.0,0,0
60,1,広島県,23.983106573530275,104.16874148285524,94.47859861657992,41.15978577222745,47.304349836927805,0,104.83371559754032,10.0,0,0
43,0,広島県,23.5042585711777,112.3391742541195,45.6132655420964,41.355522331119445,13.689661710288513,0,67.6515135591055,10.0,0,0
47,0,神奈川県,25.01219186471805,116.28349109644176,70.04178056837345,45.165664902318134,29.72406893889937,0,74.14283607435154,10.0,0,0
67,0,熊本県,17.772113364984534,154.34132981297083,47.52020684636282,41.33200361657512,2.9029650032852787,0,82.05150723090695,2.782457822408594,0,1
67,0,兵庫県,26.242603590041494,146.4191623316846,282.6367623026541,56.98793338154284,32.25246704822608,0,102.20258219223145,10.0,0,0
56,1,大分県,25.6528694165742,125.23991605221036,59.11281779275851,42.208761546803046,15.018243056438644,0,72.49559979789494,10.0,0,0
61,0,広島県,27.907517071040346,152.40363440257127,95.03660984465276,60.53333904881952,24.197529374620476,1,100.13222240345605,10.0,0,0
41,1,広島県,19.55083239635356,98.4465890118709,73.0590474981615,41.499330897059686,1.818541106556802,0,66.51343024856412,10.0,0,0
40,0,広島県,26.17886818939236,148.04163166940114,52.4790691507565,55.95278298928164,11.251981604484191,0,87.91045183448202,10.0,0,0
70,1,広島県,20.239559757144047,128.0032632462455,56.75452618483779,41.5502813655616,4.936370449038778,0,98.81438152463983,8.416007456796539,0,1
40,1,山形県,20.440067331137502,76.41238819285624,13.333223429485269,43.12307377489392,2.265525672717645,1,89.45003028648698,2.957402648122129,1,0
57,0,静岡県,15.80946298586489,103.84124355347129,45.74448307704594,40.660961152566806,11.822331774691506,0,111.89791582228993,10.0,0,0
64,0,石川県,18.618539486747327,127.65703434630844,60.400534278830825,40.98204795378034,3.6988851666706233,0,91.0855309175516,10.0,0,0
66,1,長崎県,29.52879842628173,116.01898012222688,117.86217264242502,41.01341790350669,19.216295857696657,0,101.63208536410642,1.3591814020846718,0,1
72,0,茨城県,21.01436554349951,97.59277287598589,228.7287785631358,42.45131380208175,13.895257951010123,1,97.81255616935479,0.2001325984425015,1,0
57,1,広島県,23.001916342424032,106.26916467556231,79.61314985903017,41.45283147100522,3.9999178776105726,0,97.07503582902753,10.0,0,0
58,0,広島県,23.93993358190084,114.63260665096385,59.066239172171464,41.510225680510636,52.384083569793276,0,100.76641433545858,10.0,0,0
46,0,大阪府,24.97890981164835,92.94291097281722,195.7253818144044,46.233756819620616,22.465875518801994,0,68.94630386338801,10.0,0,0
43,1,埼玉県,30.699369459152685,114.36351304801359,281.7944926550975,41.364096060129256,33.002838822287586,1,91.80931623153624,10.0,0,0
57,1,大阪府,22.04258295829878,126.68469328463702,68.82520202558571,40.57764380578035,10.99898742331142,1,70.78539921904526,10.0,0,0
40,1,広島県,21.242076944148238,109.07288261170106,120.5506390094362,41.21544808319523,40.5449987942631,0,66.94854884494372,10.0,0,0
63,0,広島県,27.05623589810942,131.12197660049182,222.6975472204509,50.322746886990444,51.135232999462396,0,86.84921654581395,10.0,0,0
66,1,広島県,22.184969568267,147.3783585072317,96.54439858970011,42.65518654631542,2.9842183840787313,0,73.08795086520706,10.0,0,0
47,1,長崎県,21.010085133540063,120.58819967164611,45.11967310126044,55.937548151484165,40.20092814568826,0,86.23905030998418,10.0,0,0
48,0,広島県,26.592015608366093,136.88376605202598,92.20605131898073,47.13240994879238,11.969404822230027,0,89.70678078313294,10.0,0,0
52,1,大阪府,18.06916500335951,118.53415674349304,71.81706873698708,44.16151294675878,5.806533064560693,0,95.60978585290965,7.561932443468604,0,1
67,0,広島県,28.94645657525875,117.76173572773682,75.1796887504658,41.71232819749995,45.442480272333796,1,107.50298237718667,1.1893427204110736,1,0
53,1,広島県,28.650868370572322,110.82160268800045,115.69204178706431,41.42972858072078,13.566364394635295,0,101.67860768559099,10.0,0,0
73,0,東京都,14.313903991925455,138.0927857300674,79.9295601870103,44.119689881668144,1.4530205252785597,0,93.47188113319427,10.0,0,0
60,0,広島県,22.354694000504704,66.67195527708006,63.63710316696646,40.887010811540385,9.739066366779948,0,91.32621131817857,10.0,0,0
43,0,広島県,28.290146019098128,124.3106434989922,29.89749515144882,42.026034591295385,11.378399335640472,0,78.0138891584537,10.0,0,0
52,1,東京都,30.1078439262375,116.80002718723563,31.2496447205166,52.715867733925876,16.889573514998936,0,80.99386722671605,10.0,0,0
45,0,広島県,28.98045028508906,117.8709102386174,63.19207980725463,40.75288407247249,13.844338162850478,0,94.90586267634617,10.0,0,0
68,1,東京都,18.673760554534432,116.29670153581489,68.94101418423567,49.12591655263387,4.9403919891987185,0,85.77871651350011,10.0,0,0
54,0,神奈川県,27.332213522332214,114.33721155012879,89.71596835166763,41.29845942403843,13.314301344195261,0,70.52815443741342,10.0,0,0
40,1,広島県,32.92928980182946,140.98009821042308,79.65732995876428,41.50040173290294,10.932662545990064,0,85.03138383985275,10.0,0,0
47,0,神奈川県,16.603901051796527,126.77729663901225,24.137565619514668,41.93401684908084,25.813450419756197,0,71.15640086330905,10.0,0,0
44,1,大阪府,31.63730747760045,137.06765771608892,578.4634715906788,41.23298858535252,36.01296287037062,0,111.29940764003972,8.817703869033306,1,0
69,1,広島県,21.49712637237929,122.67746565765525,26.086922379411273,45.31428016719342,9.628126533031567,0,101.49549599496245,5.240515361718389,0,1
71,0,愛知県,23.477270501864556,125.63356248956022,103.48118954321984,32.37306807998877,9.933042306793615,1,76.41845232104605,10.0,0,0
51,1,石川県,21.53063237584518,120.806851804505,93.35487602571413,41.1718975711184,8.43917220742719,0,116.39393996311696,10.0,0,0
44,0,広島県,21.26443397744539,116.89083820096575,45.75880300646112,66.90535671668935,8.188926843006929,0,69.36405926624822,3.891821749448899,0,1
45,0,愛媛県,28.607851290882024,136.57491690867172,21.06373775939537,52.422274174635085,35.13157377448367,0,100.65326813699652,10.0,0,0
42,1,岡山県,25.829788496319022,118.44207494723203,96.47685977139732,45.33421662201296,2.7345292389042886,0,99.5283324079751,10.0,0,0
50,0,沖縄県,27.21672448972557,133.65288422868642,52.50244698690889,51.08381776559944,40.75348562452522,0,70.51049814816042,10.0,0,0
64,0,北海道,23.320655041537,126.04977672848358,49.05909702745586,41.37983611682204,21.263362986349286,0,101.51368438183583,10.0,0,0
52,1,沖縄県,21.86599028091316,149.95964993151375,133.6071720621261,42.39453059941839,31.081949589788287,0,83.04170803501202,10.0,0,0
60,0,熊本県,24.931217813454126,123.41772218278577,57.97810425159807,40.798031433537766,24.795209253294527,0,103.7536418848162,10.0,0,0
45,1,広島県,11.970560635150104,95.13269405660327,23.251600828649543,44.31223705556353,2.907208739503712,0,113.97675141939001,10.0,0,0
42,0,愛媛県,27.293903883778874,111.78285047447164,117.68429757753084,42.006034106304234,22.519955521063526,0,68.93943691883852,10.0,0,0
72,1,広島県,20.61918162862306,127.16847192054216,108.30174704632583,42.79042415720681,21.054987442192253,0,91.32584811826807,10.0,0,0
70,0,石川県,24.25324815276115,143.1739229048935,120.23943648644547,41.78636385766812,27.65445269749522,0,101.07181804562741,10.0,0,0
60,1,鹿児島県,20.395886455216456,88.73025376644519,17.913372209891378,41.583744882089235,1.9736844717149153,0,60.37204614731298,10.0,0,0
45,0,広島県,22.635559131518793,81.95638198926733,42.89773034774624,42.2565751552568,11.935371249744577,1,84.10864481376724,10.0,0,0
65,0,奈良県,25.50836835390888,105.6874764565381,70.47719771606107,40.06589169560387,26.52025945482856,1,77.53398257639864,10.0,0,0
42,1,福岡県,26.031211881644087,117.07029082244519,239.63065855464998,51.0294118192969,12.094436448538314,0,85.8848875286056,10.0,0,0
47,0,滋賀県,26.259152783706604,151.01477132766865,96.63197042588915,52.06166317480577,35.71191441054595,0,114.23820693290554,10.0,0,0
54,0,福岡県,21.192943357557276,121.83184325483792,36.91135389662724,42.096614280377935,5.58622147379441,0,92.5662426150716,10.0,0,0
61,0,秋田県,30.824747196345214,133.22852456307498,46.48818351350829,40.461027430677944,17.342848916702444,0,88.17594114099077,10.0,0,0
63,0,鹿児島県,18.763201998547974,127.31971805808527,82.379653355817,42.7965841197342,5.51578064201915,0,104.12686869628574,10.0,0,0
45,0,群馬県,14.902599814650932,99.49130581999091,47.860035088075165,41.22900948873149,9.421645954781576,0,65.88078521889129,10.0,0,0
61,1,広島県,24.756497861448512,125.57905189346367,285.7314122249266,49.194113800227136,15.635518337318963,0,85.88073826101405,10.0,0,0
48,1,広島県,28.688254672196518,146.06755346882028,103.81336852386947,47.16435605656249,79.8413642551888,0,121.57103575004845,10.0,0,0
60,1,北海道,20.17062300547438,123.63584502114453,31.798353143426077,38.98009806327928,9.788579389791126,0,94.38950107075206,8.429854105890175,0,1
44,0,神奈川県,29.000888391163517,130.71789847977251,306.57883610957333,42.257643339687654,38.63786182574129,0,99.46605003743353,10.0,0,0
53,0,広島県,17.62874294684904,96.35706538089008,34.380856141104786,56.11264065746677,3.4575765590371392,0,69.70887763716293,10.0,0,0
58,1,三重県,19.98651062196856,114.88864001562668,51.32565991734597,57.64741365877889,58.876541511179454,0,105.3119191408241,8.559398260038941,1,0
53,1,広島県,25.7374038581052,118.44542354396097,35.02976353844234,47.10259951534025,4.967550190469922,0,121.197417421561,10.0,0,0
66,1,大阪府,23.37977822849772,152.5375903793543,83.30891080915157,40.27917481474441,3.5272017667274573,0,91.42255088967914,10.0,0,0
74,0,神奈川県,18.38499380512344,140.9654376164512,92.1822605565578,61.47620858787387,21.964712165968262,1,117.64960759667964,10.0,0,0
51,0,兵庫県,20.65464601471099,122.19786472344886,138.84348729449837,60.559863272603735,12.192356520203935,1,101.00209639803892,2.870674638993575,0,1
64,0,広島県,24.937958872990464,142.4453711355495,192.5312389184465,46.72477084477109,67.41170721963175,0,101.00334669097192,10.0,0,0
45,0,福岡県,25.7150606303181,118.77583475370204,95.40196565396288,42.566600008948484,12.188208692030493,0,69.42302439245731,10.0,0,0
50,1,兵庫県,19.678254627045433,144.82465830621058,104.04587889272135,41.29648167031894,87.79058658092269,0,90.01708531124905,10.0,0,0
46,1,三重県,20.16901172718766,108.50942863463919,15.262919972380375,50.379477517479394,5.111158748290852,0,78.4291272951007,10.0,0,0
41,1,東京都,19.60832911375989,109.96961465703048,17.183698783931177,53.18925157036322,9.34645901259857,1,66.13210360627723,10.0,0,0
47,1,福岡県,23.128681591489137,118.53612274950719,39.6507110605989,41.825827608698056,11.130578151377065,0,101.8282431085166,10.0,0,0
69,0,広島県,17.746868469692174,126.0001686489306,57.06913862089309,38.75490634654064,2.717318302216674,1,74.51484755763917,10.0,0,0
45,0,広島県,24.139077157887705,142.4819568198087,108.93424912969515,41.597428194884316,12.929428762433268,0,102.85725247835467,10.0,0,0
67,1,東京都,21.479161281044835,140.41149719821743,75.22072733642457,46.76490151949796,10.38585881664384,0,81.4530434811378,10.0,0,0
46,1,広島県,33.355768399145774,152.16221783708943,28.461520668713128,40.139380633894646,9.33025457848967,1,71.57031524840122,10.0,0,0
51,0,福井県,19.5455957656157,109.74962333598505,389.3531611144578,41.22031860362471,29.6322850418663,0,95.84339149762985,10.0,0,0
68,1,神奈川県,29.204572297626303,164.1147822743411,144.77372623755272,41.18792959500044,3.2820241295499946,0,124.353240896324,4.580747931160644,1,0
61,0,京都府,23.458145997569066,106.6307908874214,52.33659364737398,44.356742887089865,6.634112198971831,0,84.92351965455227,10.0,0,0
52,1,茨城県,23.499146556592752,131.00683615617464,46.00712893169827,40.544740124733096,1.9037420251924293,0,89.71243518038888,10.0,0,0
53,0,東京都,21.102970518482174,107.98812665652969,104.11399022853752,40.43224058850929,12.776241447238199,0,109.75566928358808,8.7473263674443,0,1
59,0,福島県,19.009437019163265,142.78689862262394,85.44215589536373,42.45372108127184,41.27395087233277,0,77.85305334552034,10.0,0,0
47,0,東京都,24.914255899477244,93.08635889814889,131.074289020111,61.45436325310751,1.738474365504394,1,82.48336122051215,10.0,0,0
48,1,新潟県,23.602352088947317,108.45507706048072,53.14634350045944,41.22400639968481,32.4387904724124,0,95.7668614552299,10.0,0,0
48,1,東京都,22.375401955273684,104.93915489667579,51.74390780826706,41.86727928145145,6.095280840590052,0,104.20015059643377,10.0,0,0
66,0,新潟県,17.063092828133236,125.41955383559839,72.25035213099426,41.87097077212416,8.23962971999148,1,78.17193421874653,5.812488931183751,0,1
70,1,広島県,29.311849913147878,144.10432127524632,64.02553808860813,41.60002239076648,6.5983203409844275,0,80.7875830548172,10.0,0,0
59,1,広島県,24.96895637782532,108.05938945757985,126.58673758930041,47.8701628189667,21.040685943957016,0,83.01329612696719,10.0,0,0
59,1,愛媛県,20.614636732071858,134.10984028026726,79.7488381089752,41.16895170590135,3.8191899126201196,0,117.08475010743707,5.873576324668331,0,1
44,1,栃木県,23.568341557922604,128.88680919306566,79.6160092251357,41.5018259414503,11.61107076881149,1,86.53752604633706,10.0,0,0
54,0,神奈川県,23.0126964311326,99.48067070317843,83.32844198361272,40.97856091561756,10.62109967132314,0,67.75222218127621,10.0,0,0
57,0,福島県,23.827744706394004,102.80394575897009,106.99141359283969,60.02778687758044,1.7365333867928525,0,64.42439270688965,10.0,0,0
70,0,福岡県,30.826740655715195,127.17402733250456,106.84371989206038,42.80572774941795,5.151647990898278,0,91.46569113071385,10.0,0,0
61,0,山形県,28.256546360554413,128.2410110412072,83.38717900585017,41.43016199304967,14.608506255647882,0,112.01505397269534,10.0,0,0
52,1,秋田県,18.075541928411962,104.6394010530828,62.551539955370025,40.62774648218711,8.772512201250128,1,92.20871931486256,10.0,0,0
65,0,岐阜県,24.91176957189881,112.57115004236482,72.98939693064615,42.18805812743693,42.37260170079562,0,102.5162261494684,10.0,0,0
40,0,静岡県,26.79840809623165,123.12955194124974,95.83115759250926,56.490885590055,101.97425857455309,1,94.22465699771381,10.0,0,0
74,1,広島県,23.569743756769903,142.73748777992404,366.2291865073274,41.3473366429232,41.97514685847128,0,84.11399006914458,10.0,0,0
54,0,愛知県,18.55832371673483,99.40129825078424,50.08738660013143,45.7869666368249,18.018767117472922,1,66.12795357391094,1.3566836466468593,0,1
42,1,神奈川県,22.50661901899032,131.73556537022316,148.64462490193927,51.51388276595217,34.17328714830251,1,99.46690784836562,10.0,0,0
51,1,愛知県,21.50593170662461,120.21163646366949,56.44618321133164,40.63788843513198,7.718078841458835,0,90.17671682721507,10.0,0,0
51,1,千葉県,21.372106826548553,147.6908383343879,129.9999340399722,49.06501472610745,5.463328582363913,0,99.4022213292632,10.0,0,0
45,1,東京都,20.477197693459694,104.66027366280774,45.048530642231896,59.67317691279613,35.2767150251951,0,102.54414455027334,0.3187128657068304,0,1
44,1,広島県,30.098427867260884,144.30979708085871,182.57869882185037,46.45904393421454,36.2003957662817,0,86.33314537628868,9.93734857057853,1,0
57,1,兵庫県,25.497775432895892,139.7374337433423,226.12751816339335,42.43522638713338,33.71219323088335,0,94.39992064376293,10.0,0,0
60,1,広島県,26.26336646962917,136.704769443744,125.84133574300594,42.03207111178343,15.325480059853051,0,117.79920866402097,10.0,0,0
46,0,北海道,24.118054779107222,83.97885604325057,56.88824583717702,41.88249640144527,28.02810135406035,0,81.80720926484987,10.0,0,0
43,1,熊本県,21.60876142259461,112.63214246207664,51.203157906376056,51.10150136566679,3.226045241940455,0,78.43055654308677,10.0,0,0
63,0,東京都,25.206754364966336,143.69935096794345,226.48853552096148,40.80064227364724,17.3899246599143,0,81.52658437009475,10.0,0,0
41,1,京都府,21.015048957180692,123.32652614658906,103.61557925686803,34.474456137564225,20.115952766320795,0,81.18778753505988,10.0,0,0
51,0,広島県,23.20156937472127,113.01829101769636,60.97463012039983,41.380892818269416,2.9874249219579103,0,57.62413214037108,10.0,0,0
54,1,広島県,17.111814715192207,141.58196215105303,85.8263071394275,75.11038462253721,9.159893719787313,0,101.85285521787624,10.0,0,0
50,0,広島県,19.01510077883329,94.40927434836829,109.13423439073303,40.54327989365485,23.823346526401547,0,75.7801937166525,10.0,0,0
54,1,兵庫県,34.3078784813515,152.1625915355368,202.17563757862936,42.046389426663744,27.63587442614749,0,90.19236988010537,2.225910316286481,1,0
56,1,広島県,21.504152362057013,73.03875678264387,64.8735478940142,41.72744657781493,1.6642178779887546,0,61.99924815337315,8.95683130051827,0,1
44,1,愛知県,20.18119660690555,99.76803825412189,62.56422573174757,56.11114497596916,26.204686015905487,0,64.34770010550925,10.0,0,0
45,1,広島県,29.708658614527298,142.44773707384405,100.44549832007803,56.11321628029384,31.470544364867585,0,111.86144613787674,10.0,0,0
66,1,大阪府,24.658135974210396,134.57651445776796,45.78130927753581,52.8810509797432,9.180308396689279,0,90.10843699799291,2.696053595149091,0,1
70,0,千葉県,19.293420257018493,120.54895154613509,63.63796191538009,42.35501289973236,11.954067263803138,0,87.03044136402235,10.0,0,0
51,1,広島県,25.049875056894056,116.8119232452345,150.8782111679933,50.61429353994151,12.300883632128752,1,85.0749742146034,10.0,0,0
45,1,広島県,22.94793701158735,136.42942719520485,103.62124541831398,41.94023017898773,6.147688060948117,1,116.05316620293723,10.0,0,0
44,1,愛知県,20.524338915807864,119.46694239490428,76.24873953785419,52.252778970264124,9.048812327862857,1,81.69688449798042,10.0,0,0
45,0,京都府,17.536529592648787,118.91230974414695,107.93580187636113,57.634830510215785,16.87743818754723,0,100.0,10.0,0,0
56,0,滋賀県,25.533142813658568,142.7748439828183,131.80243643111868,42.54351437040948,18.879034336762665,1,97.21523111093548,10.0,0,0
58,0,東京都,24.088465273672767,152.16161972920335,154.45927092768483,50.61313207763511,81.89890616645414,0,117.07400481960165,1.6832315287912454,1,0
66,0,栃木県,25.72198014754455,149.19393687130295,52.44701067426331,42.77180113291256,8.690248922544134,0,106.3521407410127,10.0,0,0
46,1,愛媛県,23.570036250863073,128.68351562281134,158.90542251293223,53.31300947608033,58.955270592338266,1,116.55385581338341,2.8663142301461733,1,0
66,0,広島県,17.118739013582072,98.57638215921314,58.407817612262924,63.33512839258891,21.727113730605822,0,83.9062182056754,10.0,0,0
69,1,広島県,18.559000318036272,94.0469350943222,147.0973638423603,61.45006463636493,22.05420147654443,0,111.13605099528363,3.4598036712303135,0,1
47,1,北海道,28.948342930278706,131.1313602388556,140.15427234053004,41.80683830470375,8.827728043824369,0,107.85251104249994,7.169162902181826,1,0
70,0,愛知県,21.94562096460056,127.96685177008288,50.08103635314795,40.718663592329605,23.055221869130694,0,123.0109711574118,10.0,0,0
61,0,大阪府,13.202283866207184,116.19767140390378,11.034911611910582,42.390891793911024,2.513779763788617,0,99.76547267061899,10.0,0,0
67,0,茨城県,19.34054940552714,135.5895743189922,93.29016071609628,42.602675247410794,5.078834972039833,0,93.41791400549127,10.0,0,0
60,0,群馬県,26.69611137035291,127.1686043697572,479.08475140059505,47.10909119482294,80.27001006479898,0,120.2917304055651,0.9257214830155176,1,0
49,0,広島県,21.534497269445666,126.73617971575655,78.91545300372167,63.53156060222089,15.170102207715297,0,92.1083500193866,10.0,0,0
47,1,愛知県,30.64549396608631,135.80093929967688,89.44678613883333,50.54804499558523,25.86590572760266,0,91.43332190670759,10.0,0,0
67,0,広島県,27.586335497384795,135.04108724279612,148.33102191739133,51.71870944595744,43.067980871703135,0,82.35455362252722,10.0,0,0
50,0,茨城県,28.719872074668288,132.91228267981722,122.42992638023398,63.89893160925086,51.2281068547174,0,90.09332563935955,10.0,0,0
68,0,東京都,21.772157403615292,112.5857709844971,47.79969344662572,59.20805543469872,13.555803563686547,0,90.68096128759242,10.0,0,0
72,1,静岡県,26.37920119564502,147.5381566689711,160.27944846211915,40.68939002370327,18.313075268923498,0,114.79170568370016,7.984672255005358,0,1
70,1,広島県,30.13539195659979,128.12887415378464,209.16256782672951,42.162832859878115,42.661559036256385,0,80.66637808009263,9.98100413775358,1,0
62,0,愛知県,20.015035630087375,118.87343566232148,71.5472437393949,42.0269987911721,6.735683298061097,0,83.62900423800075,10.0,0,0
45,0,新潟県,23.785391290348464,111.9799420524248,21.633291193609885,40.97075870195815,6.990049191875652,0,69.79485822313268,10.0,0,0
42,1,福島県,24.25274062954779,116.61115358042534,65.50504451606477,41.591172035233825,16.098396159030607,1,81.82406788485488,3.929208225364937,0,1
65,0,広島県,27.014907792794837,140.22961266240935,83.46943747761362,51.6546064879265,19.59951644590638,1,97.09429453097638,10.0,0,0
56,0,岩手県,15.382803323437052,127.38041542537812,45.61576673075858,42.92917586624032,10.32456068630975,0,124.36329584672363,10.0,0,0
52,1,広島県,16.391331751695876,118.53015023837538,52.515402661378374,42.817190780744994,1.7388286543452285,0,77.84358286082887,10.0,0,0
45,0,東京都,20.472362113182577,127.24997147122671,41.30077220702281,50.88492531114875,8.930055791477388,0,105.40235601161692,10.0,0,0
55,1,愛媛県,23.279007699943495,103.61075982904634,118.39251475943801,40.91698178029966,11.135050796375142,0,78.03021355956508,10.0,0,0
70,0,大阪府,18.77415431454398,108.00123595490406,79.70433862434174,42.595881148441215,21.51096184351363,0,76.31942922065117,10.0,0,0
67,1,香川県,26.807453572244807,146.58988368989472,119.15679845767204,43.7239683509892,11.503704800548364,0,90.6020624920697,10.0,0,0
59,0,広島県,25.05261533933517,115.38924423634907,138.95887919071987,41.380961331894845,4.732622906728262,0,100.25753157685777,10.0,0,0
59,1,東京都,26.757405438430858,133.08240256474352,129.12463962101907,41.18902099888977,15.183954365292628,0,95.7323262783825,10.0,0,0
51,0,広島県,28.19231864337607,148.8519005161097,107.19278696267587,55.699683637700794,80.3517223025212,0,105.33140893992345,10.0,0,0
48,0,福岡県,15.77563232193004,107.82830079656803,37.51313578934357,41.591986362655646,4.279280069649198,0,68.94509295239116,10.0,0,0
52,1,広島県,23.84184931309102,130.73505861214,115.67298230466014,42.28290382270207,11.063438042048276,0,102.13743105032367,10.0,0,0
47,1,埼玉県,18.079606782173606,116.91746346809691,73.09107005668685,41.79392700144609,5.99800132347617,0,73.07933878414872,10.0,0,0
48,0,栃木県,23.48787444320426,138.93303333292974,15.3916908688433,62.538628585783904,6.744204504129263,1,84.1949893436034,10.0,0,0
40,0,広島県,30.152999664970483,78.26587226447914,57.12375304228972,42.100282909226344,21.59196310047269,0,60.43441908640406,10.0,0,0
64,1,広島県,21.646223543298504,139.88205263881588,127.74204539613443,42.567396030403756,26.74374054092625,0,85.16083348039876,10.0,0,0
67,0,広島県,27.683675267218717,150.72694464373487,158.66502079791843,41.33847562031965,15.271592959273844,1,86.46039473215201,10.0,0,0
69,0,東京都,17.631023612100723,134.8715672555663,122.02397967281804,41.784648834512595,7.818242736971919,0,81.22982434214309,10.0,0,0
48,0,鹿児島県,25.742617257418324,119.48946962376883,74.65128554711518,60.59726439274167,12.155269005915962,0,96.66945701315822,10.0,0,0
47,0,大分県,34.13485612421938,153.79974197468394,150.88961528042273,41.0486746248982,22.510990984168735,0,105.70532687606135,10.0,0,0
52,1,広島県,23.300170690385883,130.46597617211248,57.16040642069789,48.42401699486478,4.140848246169322,0,83.82945814462845,8.744621111825792,0,1
53,1,群馬県,17.21015309080365,100.27513602099354,51.3863101860551,41.24156007235686,12.781082467054262,0,91.67996418528922,10.0,0,0
44,1,千葉県,22.184909380196572,106.37811076652594,71.08739512664205,39.564973438814114,1.8010694884431449,0,78.66986895171759,10.0,0,0
48,0,大阪府,24.509112009012195,117.7160337236599,32.26019622698989,41.18551479767061,12.71335074718495,1,82.31842076689308,0.8344586054730269,0,1
54,1,秋田県,19.58152310052635,108.04520161586798,278.27934445920016,41.15119519440749,4.139785246998027,0,91.46650623916013,10.0,0,0
40,1,広島県,15.859029356400228,86.96140800743291,54.963308077671265,58.07990970103307,5.133565574339269,0,73.6259207907912,10.0,0,0
56,0,新潟県,19.635063925674935,144.82685331417852,209.82255468481813,54.64577498498531,17.284119673051027,0,73.83564971219394,10.0,0,0
40,0,東京都,23.655162696258806,135.34446033130453,342.9411541838669,41.855826070697084,17.557764279287905,0,103.82944244595829,8.099446630587884,1,0
45,1,広島県,27.798393813400438,155.00257511281447,127.63060045769876,41.462883073034185,37.52560174297356,0,102.51195632420273,10.0,0,0
56,1,長崎県,21.993580254876594,127.30911180780896,22.211220646323262,65.33071021820413,12.855435520000562,0,71.15729859436472,10.0,0,0
46,0,石川県,27.30227318998539,133.9322825376361,141.39126636767003,47.19713799672136,25.187439271759224,0,85.65532661050838,10.0,0,0
60,0,広島県,23.45207583039587,132.8133687265867,48.02796996107751,40.78968839943277,8.810984162909236,0,104.45309204222242,10.0,0,0
43,1,熊本県,22.002868485112764,87.08307879859564,308.5657594253938,40.88849776050639,34.17084835248973,0,119.04909677693895,10.0,0,0
64,0,熊本県,20.510270086427532,140.830312153143,106.53487297788719,55.86072859388251,13.160453368270955,0,123.70300852349402,10.0,0,0
71,1,広島県,23.65505504797162,119.95204122081745,14.538015897881015,41.861112476597135,5.594354566279333,0,100.04070170581623,10.0,0,0
45,1,広島県,26.19529886623448,111.23809616064936,30.499494292639735,42.395059834454344,6.180533512731418,0,91.05731217110684,4.449828128292662,1,0
54,1,長野県,27.547104127707367,162.78936695385576,299.149298114828,46.773360732568136,41.355229239870525,0,116.35306487002467,10.0,0,0
56,1,静岡県,24.87414702452949,135.0216549942434,58.72327606326318,51.35416139462699,24.214581476852764,0,68.72911071834399,10.0,0,0
40,0,広島県,25.699293558337306,130.97505126800797,82.32313268332152,42.221727140776366,23.297985480559348,0,120.782517893754,10.0,0,0
64,1,千葉県,28.34352950833751,128.9745812184761,62.67181412656621,41.692985561230955,9.701912432051492,1,81.54882197205507,10.0,0,0
72,0,茨城県,34.220585863603134,153.08564931435782,134.5829592263774,65.80493660203226,19.025454475099213,0,106.08515446423142,10.0,0,0
63,0,広島県,17.441025000799065,103.20175420247476,16.251521980628038,41.43478279880613,12.513191807953067,0,68.68946659579753,10.0,0,0
72,1,茨城県,25.516061529612482,130.24416039341844,111.6275122261217,42.44245604241466,22.491271417907114,0,106.15091245342764,10.0,0,0
66,1,滋賀県,26.38287373740462,142.86712189044883,138.79879593626737,64.41860698134974,16.136849584559357,0,69.81669482069039,10.0,0,0
52,1,奈良県,19.742685074271016,114.5564602481487,24.365499960976983,41.07607050583055,7.057305362729965,0,93.4496843031382,10.0,0,0
47,0,広島県,26.10607667000085,130.57816417665603,50.56641282168832,42.64806434646087,20.173411783057087,0,111.13829237606035,10.0,0,0
64,0,広島県,25.89402068834699,131.58533221414237,102.66974880243251,46.02498773249176,24.200543564353964,0,85.77773138532932,10.0,0,0
61,0,広島県,30.486863297908823,115.23569787280924,57.261876565958595,41.63510855495988,14.329157551556216,1,63.61888883701265,10.0,0,0
68,0,熊本県,19.55259183712239,127.06524195375371,80.76537323579876,48.71109058643063,28.878265013274895,0,103.9901633634432,10.0,0,0
56,0,新潟県,20.876800123234165,91.57174721692941,42.00274448572874,41.982514590462394,13.784538963753635,0,88.15253477342891,10.0,0,0
43,0,福岡県,19.65479796029106,144.34534609534703,77.41617135706718,61.29317778771003,12.149991475840968,0,78.24979327130647,10.0,0,0
48,1,東京都,19.65631875174989,117.09146421606164,11.479130167835274,61.54703452053877,1.756958866625058,0,75.66806037618865,10.0,0,0
50,0,長野県,15.656906308702714,89.17975911030332,30.491518857668563,51.53688629112957,7.465343914703461,0,67.14870198842736,10.0,0,0
40,1,石川県,24.871377565759204,122.13154149945446,92.95662597572598,42.78373692714261,28.315758701642437,1,71.08709662318677,10.0,0,0
50,0,広島県,26.072774542427556,118.72310996263849,51.3853967000685,41.605330147602466,24.19704252869734,0,105.82131478967922,10.0,0,0
73,0,熊本県,26.19049831494044,138.00232558210345,303.0796622101667,43.71813547451239,33.29144099504919,0,70.01182999053981,10.0,0,0
47,1,埼玉県,23.122205423063416,101.78143426162283,179.00042503135154,41.21530542336446,34.514742368243155,0,95.43124947922634,10.0,0,0
43,1,京都府,21.671011915274363,98.55989347916832,51.00702314481738,64.11762772266988,11.582878687099821,0,67.73160121812245,10.0,0,0
57,1,東京都,18.31325235982823,126.58863353429639,88.90262127062488,41.59909625403046,7.396205400357982,0,85.64784036838253,10.0,0,0
48,1,福島県,22.86562303988382,105.44918072926173,47.709262389237836,37.22700153695806,26.47800439209329,0,82.14861288056564,10.0,0,0
65,0,広島県,30.441762458588645,177.3887308244082,267.1456767802676,51.89480421534375,79.8236481447552,0,90.09680583047854,3.9391283727143502,1,0
73,0,大分県,22.41948095624613,112.47553164894691,58.72273013800873,42.90315105783107,6.740935043660966,0,104.30419154267851,10.0,0,0
42,1,東京都,19.2761297263859,105.82025151214826,29.942573110217612,41.28468935126931,4.936051472833199,0,81.19199993710549,4.335092739796251,1,0
42,0,岡山県,27.466655434604135,120.83802710668705,93.08892442419393,57.58819649949876,53.442030220560724,0,116.17461625587947,10.0,0,0
67,0,群馬県,20.278588274563397,109.49049689833393,68.89522999531921,36.69734730007136,6.0477589083826055,0,92.77752103603066,2.8648822510851284,1,0
66,1,広島県,15.80082866975293,135.18574508088537,171.05510606250147,41.185548103023656,5.467885995644526,0,89.16766802270267,9.865300245965567,0,1
63,0,広島県,17.614913677704156,141.73100283313,93.60430062309842,35.00244655116484,3.563165732828047,0,77.55915382325661,6.674513254458793,0,1
54,1,広島県,23.823185004937855,143.12832380174993,142.01415051873013,62.135254738330964,15.983565863720012,0,101.56804750976588,10.0,0,0
40,0,広島県,24.376096097320143,124.54045883791481,47.50811974593838,42.00858234585497,21.517232315997664,0,97.47544035607385,10.0,0,0
43,1,東京都,22.192084326226357,115.86148181878585,59.781433887393426,52.841540925552685,18.614347922042423,1,84.8216023596118,7.444358100967963,1,0
59,0,広島県,24.839097718679056,132.99334296168848,54.210836373538996,57.61976861831499,29.87045438551779,0,84.38637226621064,10.0,0,0
61,0,神奈川県,18.765551392896604,115.7632039664375,30.010642078490214,61.20192347693204,9.406163722448175,0,125.09068221576207,10.0,0,0
74,0,福島県,24.62018891158415,138.32333501817098,147.1287012409606,54.264716419489524,30.32968743143704,0,125.62560124956661,7.176751491478165,1,0
40,0,三重県,24.55899711058459,87.26011743288763,29.374288564884885,50.621221425966056,3.799967905042057,0,53.60329500388091,10.0,0,0
67,1,広島県,22.277372195674396,123.23365129808047,183.0484158333074,40.42455248727015,7.80798261621675,0,77.9195451324624,10.0,0,0
44,0,石川県,28.483251275646836,139.55204023323344,264.8794128657108,47.22492560502566,8.910197013167927,0,99.24511493653621,10.0,0,0
52,0,熊本県,26.029198313611936,114.47234331519793,49.51724449725773,41.50070784617027,5.026459381513488,1,65.22301967775863,10.0,0,0
54,1,愛知県,28.423992908894373,128.12318766634655,98.84308723972391,42.18684565305882,14.869671097916612,0,119.1930674201684,10.0,0,0
71,1,大阪府,19.562089052737356,141.8857168413772,153.91211279288052,42.21844084558583,10.890651653322873,0,100.59772124275146,10.0,0,0
71,0,広島県,21.835020748373747,124.89674901046799,62.58476254128109,41.18614816848522,6.610578439618899,0,95.76336741296103,10.0,0,0
48,0,北海道,21.180562567874087,115.97445382827864,54.87833388157527,40.737362787696654,14.249307461838159,0,75.78356451394801,10.0,0,0
45,0,愛知県,18.707959641624335,121.64621377852124,50.88528536590294,30.889390487129468,2.803288243238687,0,79.90168313871183,10.0,0,0
41,1,大阪府,23.67813532744782,117.25706655440723,92.95664741963951,40.443488782147604,6.034719662625858,0,111.23452883236355,0.4297947725205559,1,0
60,1,広島県,14.320506395768135,113.27522349426864,61.284935011926656,41.383739498540564,7.085904273552909,0,73.08839724853962,10.0,0,0
49,1,広島県,24.792611849703274,112.59308201796749,170.99714285122243,40.42315271280122,34.95902995903595,0,97.4031211360252,10.0,0,0
49,1,熊本県,23.871426660660266,130.03225615457012,72.22109683332128,40.833920040306666,0.5680358109278753,0,73.66507055878294,10.0,0,0
60,0,広島県,24.90905896155457,100.5184237817885,54.05701298444226,42.1570406753784,41.082499269761925,1,91.49008524646133,10.0,0,0
58,0,大阪府,25.008871529648506,114.34833911988102,56.175030274334354,41.04941612135222,3.583307207506048,0,71.58834789153346,10.0,0,0
41,0,広島県,24.96689862359358,131.83997947161447,69.07644989027695,62.81356241665616,14.195402971238208,1,78.46866908312374,10.0,0,0
48,0,茨城県,25.06695392324915,115.21754381296914,38.18522247944772,41.985256580204336,48.224959330165106,1,64.46683765828689,10.0,0,0
58,0,愛知県,22.80445021912792,132.55281925977386,89.80593606872705,41.43194388849203,28.600506023167974,0,93.2720467001634,10.0,0,0
49,1,京都府,28.375416552202086,144.67136492746275,191.97534260983187,42.532489240513,29.95784363149492,0,105.03710150951478,1.7666415238057704,0,1
65,1,山形県,25.787181578390275,135.91006166184988,48.62798111729433,41.714244591097916,2.7066720224070036,0,76.32142526844288,10.0,0,0
54,0,広島県,18.23111099916847,119.16564427003497,64.7946386473646,41.396878954944626,25.62933971056795,0,93.06964640680405,10.0,0,0
60,1,広島県,21.497254593064373,127.0068824433449,48.64672970704908,42.20876137690861,3.234235350530641,0,63.0660679306869,10.0,0,0
41,0,群馬県,25.69119182439949,118.6630567293625,60.32010594772314,41.052529460700484,31.589438086151343,0,87.16711766006878,5.990178800647385,1,0
55,1,北海道,24.650348452696917,119.45292522827926,79.2333729681383,40.63726080661124,9.324752867748725,0,84.85985810147014,10.0,0,0
40,0,栃木県,17.223985031152587,122.92199702309746,24.3814034508332,41.51772753184158,7.7653606043146,1,53.609265170305164,10.0,0,0
63,1,愛知県,19.235063344442825,118.84642828484738,59.76886901411425,54.53641347413979,12.5720586333452,0,85.20271715913545,10.0,0,0
46,0,東京都,20.82507017375907,150.572499482192,71.82231105044039,45.56834319200078,6.684524667832233,1,74.14525009495912,10.0,0,0
43,0,福岡県,25.473397720517507,115.23600966002138,86.7817236105861,54.546880655572636,9.159954795257269,0,72.88152036575238,10.0,0,0
43,1,広島県,30.291377611248112,146.07441562413433,217.09889101025706,61.293900744232026,50.76429024290781,0,90.41182201485819,10.0,0,0
61,0,千葉県,26.809806613501333,107.50388637118738,61.28095783566843,41.55021655694361,13.947991331459482,0,82.1693643254605,10.0,0,0
46,0,福岡県,20.225235726499296,118.73982743791737,69.42135196060406,42.31317311485601,15.634522293550102,0,76.30509589951869,10.0,0,0
48,1,福島県,27.146012485226837,133.14241626410438,93.2670814708265,44.13672141279504,9.483234424473368,0,100.86953640396165,10.0,0,0
61,1,福島県,18.844292305752795,103.40679569090108,69.41657103961992,45.86398425011158,1.9957323926057406,0,60.43060844726446,10.0,0,0
53,1,広島県,20.632739345370037,139.71173125298552,81.0494133090858,41.60399952817499,15.621175926267957,0,91.88239186034266,10.0,0,0
69,1,広島県,18.916798407490006,127.44599987204491,100.52006077068704,53.208456957117214,5.244473019909926,1,74.26360485030922,0.05948968871723913,1,0
42,1,熊本県,26.96313302859396,166.36178751049667,150.52028138560974,41.33755077291763,50.19697517959951,1,99.1187554451098,9.722198239893856,0,1
70,1,神奈川県,26.432920641948886,146.71005570742602,130.0353474261311,45.83203331083741,63.47899261126344,0,76.65094868268554,10.0,0,0
59,1,広島県,27.45488922999536,111.96079847798045,74.25179875998975,41.697261122567575,9.549789873330331,0,67.98644222603008,10.0,0,0
66,0,愛知県,25.311571046430196,144.7126432974223,33.955793018458515,53.362550927369725,9.581020956689155,0,110.51770700759286,10.0,0,0
59,1,東京都,26.61626681449453,115.16144165615356,161.834840285694,41.28403987510957,19.313236767025824,1,83.48053699102688,10.0,0,0
56,1,広島県,27.548086801944635,96.700207798718,94.03746992428927,48.144710974397334,101.73756915546495,0,70.51112706607914,10.0,0,0
71,0,千葉県,18.21166451932874,142.58267358565521,144.78495254828275,40.36539018947437,20.738032973453006,0,113.55922773420734,10.0,0,0
74,0,神奈川県,25.367081282107776,143.12412182220365,69.24141424891894,57.64570452177925,15.10009761278728,0,80.322828445224,10.0,0,0
54,0,岡山県,22.374845641264365,114.50599820987316,230.36634980947872,40.794981703236886,25.99983212263928,0,75.7843340231405,10.0,0,0
41,0,三重県,17.26234935633103,66.16977739299662,22.15986908668071,43.36580987638208,6.759621090098124,1,95.37610480449709,10.0,0,0
42,1,栃木県,26.434988684354124,87.32202271398442,31.122702704829585,41.49385783996722,29.30883939129884,0,89.7040967189258,10.0,0,0
53,1,兵庫県,15.17374957083921,100.73364954751109,70.26135530373335,40.82219315690284,4.718209236826918,0,85.60629642765758,10.0,0,0
73,1,東京都,19.70313629132978,140.70856927675806,83.64031491794397,42.01234728366295,41.975347263481844,0,97.47972059402898,10.0,0,0
73,1,滋賀県,25.737469994494834,145.73258898876932,50.99087789402182,60.6888037503483,96.604525285954,0,91.11044100113223,10.0,0,0
60,0,広島県,25.025896662536237,142.21451523047875,37.55324246067364,41.42103460025666,16.894258862643177,0,83.18355463718872,10.0,0,0
70,0,東京都,23.31285026755402,113.40997329158952,98.16248786836948,54.919524657089546,7.631778677984636,1,91.16988916973801,0.2994547669909068,0,1
58,1,滋賀県,25.548051289384684,134.09855800362416,126.73940601248167,41.26897578564495,3.0015171556851645,1,92.14037698736901,10.0,0,0
45,1,山形県,22.837434376341943,92.94385731917203,29.906937659155023,51.34991211488397,5.973731490459385,0,104.95100931536993,8.067526329840172,0,1
53,0,広島県,20.3890345835698,96.93757199879144,65.71626121122844,35.00346448210637,12.940798241048196,1,65.20795849253716,10.0,0,0
49,0,広島県,19.671229464038746,128.13043806483745,74.07891860541251,55.65594576939861,11.601134889669318,0,85.94762160408355,10.0,0,0
72,0,東京都,27.81022811148819,144.23542091634943,79.84684508013754,68.33117276860942,45.76816590140797,0,81.67148853737407,10.0,0,0
52,1,熊本県,25.02763892994402,139.02006329421695,34.97038300727703,55.539594302861644,4.935782549939119,0,97.85809983404863,1.6537385746497526,0,1
56,0,埼玉県,28.565914679446443,175.0355234852621,344.24827573454087,64.01568982577201,17.161156256143045,0,116.51862679650098,4.924525682257888,1,0
60,0,広島県,27.908575826403634,129.39225722606628,36.71625147726254,53.14272351659797,25.79440363611368,0,88.09569821112912,10.0,0,0
45,0,埼玉県,26.681628559910063,159.43668944387645,154.11612009034226,41.4496385963077,8.43535418762292,1,80.31701424118171,8.746294670137445,0,1
62,0,広島県,27.435406581855478,108.61455520407242,77.0858668586411,42.39035159779203,58.56513262556987,0,91.72928184927532,10.0,0,0
52,1,大阪府,21.09732877665576,115.43832702912243,47.56540311802546,51.40611151512411,9.945530866762784,1,91.74163023267181,10.0,0,0
55,1,広島県,23.78428342778126,124.8276300225069,24.29212376823336,41.41977070056478,5.556652430508497,0,103.86744289658229,10.0,0,0
50,0,神奈川県,19.5686608461603,107.7695219969658,12.743871635421144,41.9873198035936,9.070817127755076,1,77.4829744424441,10.0,0,0
62,0,和歌山県,25.711582999765277,139.53019408178614,120.31181331829458,48.13307456863829,13.161758463154209,0,125.28852482862906,10.0,0,0
45,1,東京都,19.15646112882238,114.60797853814017,7.855232528178465,40.88205497422848,0.9186476586207758,0,93.86536454557096,10.0,0,0
69,1,広島県,25.12867122356938,114.80940535914122,58.05007213268179,45.85005363547634,8.327068565144828,0,93.92440968047084,10.0,0,0
51,1,福岡県,27.81052959336853,157.69121776862147,120.3612570153932,41.20905389394624,36.65368414764663,0,87.79662174549946,10.0,0,0
67,0,大阪府,25.309379587716183,120.79640037626827,64.65410847317513,42.032575457024485,59.419439647823836,1,92.97909346320492,10.0,0,0
43,1,愛知県,27.051923678764616,126.55752885496165,96.44971538440709,56.00823416983106,24.74330942078496,0,69.37047530364842,10.0,0,0
72,1,愛知県,17.61197302368108,96.7243157374849,32.37886062977521,46.106414260740195,24.8415489309882,0,81.19270544919016,10.0,0,0
73,0,東京都,22.318017034598057,127.09811085661595,34.60229704276161,41.199160726267166,4.142247326032165,0,80.42328792231167,10.0,0,0
55,1,大阪府,20.833861085087793,105.98400347978914,55.294570219115286,63.380784583863445,19.30387011587488,0,95.94623221890933,10.0,0,0
73,0,福島県,19.61490308948734,128.47816193795953,102.60426871824212,50.63932411079861,6.753983796080558,0,106.07687308617416,10.0,0,0
56,1,広島県,19.207984929711813,123.11037022988117,185.5912905374125,40.27880426161755,4.8115726033465895,1,102.20654611026693,4.445083022748374,0,1
47,1,大阪府,22.910425501482187,102.356811505307,117.7203443878807,59.773915801934294,17.29539485184725,0,86.12245399959,10.0,0,0
52,0,広島県,17.507975644468065,132.73197317258814,79.68775097406063,48.16752822018076,8.67262356304258,1,91.40075229967049,10.0,0,0
52,0,広島県,28.33199542510264,141.35826778650795,59.864716986449835,44.645663314973376,49.619641335897384,0,97.14068981828748,10.0,0,0
57,1,山形県,26.111840146867323,90.52874037532817,48.66078852004155,42.078577905029874,2.75568904853429,0,94.21122685052453,10.0,0,0
64,0,大阪府,20.13799576804111,116.29515992039319,23.21059292137773,41.49360161365412,29.865893095062226,0,103.2542628036619,10.0,0,0
63,1,熊本県,26.175665823016303,134.36222620756647,147.12873820058854,42.28500944547363,24.875541249039326,0,88.06146011353353,10.0,0,0
59,0,埼玉県,20.430278518774774,150.87320836933537,35.129351426599314,43.608430871097944,7.857356344747502,0,87.94918273821236,10.0,0,0
62,1,熊本県,22.909346736547747,158.34928110429277,162.6247874210881,62.82382874634962,34.60364380368489,0,90.96377691920301,10.0,0,0
50,1,滋賀県,20.768365752196132,140.8048450220891,23.517672337936315,42.625123669289636,24.30095140698372,1,93.44228490613182,10.0,0,0
50,1,広島県,25.296236878887424,108.02898503700443,161.9561944291979,62.18361820187355,17.417962914776012,0,97.4848092877542,10.0,0,0
50,1,大分県,20.09798098418944,124.34703115253173,106.09430356725254,42.366102505145314,18.304163670256667,0,94.77716015810852,10.0,0,0
45,0,山口県,27.25322031891834,128.2881097295381,35.66163922065613,41.35082438731618,22.64405092815688,0,94.61059076770172,10.0,0,0
57,0,北海道,20.777324636101728,89.97515076375917,24.07832592403642,41.70261717220385,2.854735818964822,0,85.28640148126924,10.0,0,0
42,1,愛知県,24.462198797086668,153.29557752936603,209.7550937378226,48.06836537951405,30.716440110481486,0,86.05932326803128,10.0,0,0
44,0,広島県,20.017802789929767,125.85006274868374,82.25179120087952,56.00061190644587,6.50546412778127,0,73.69790371480062,4.2899399533789335,1,0
66,0,栃木県,16.895604083804017,113.56098144011274,86.44111777598201,70.8291364838699,8.347563456653724,0,119.01513472535083,10.0,0,0
73,1,広島県,34.122897481861756,144.79826594048376,150.83025656108336,53.175243066903036,12.577924246504583,1,68.98087314580471,10.0,0,0
57,1,福岡県,25.468501536090233,135.54518051913925,60.21083481045613,42.074211685382615,12.884629878955659,0,100.76110071668111,10.0,0,0
71,0,鹿児島県,27.29558749776965,138.27297788166348,142.26332597975718,40.833878124357675,15.784541112634539,0,109.02531372557637,10.0,0,0
53,0,愛知県,29.96983914778937,155.55647902082774,107.48717437571283,41.28557764098602,41.27428497099657,0,112.10855058851192,10.0,0,0
47,1,広島県,22.092620255668617,96.04336888500724,44.99646949994789,41.5190120608161,11.297688051700353,0,99.76301567878298,10.0,0,0
40,1,広島県,26.346663950227875,124.53859023287822,86.74193983296281,34.74166338803089,34.552066298604686,1,99.65145113651872,10.0,0,0
60,1,広島県,22.6183279726782,133.14351852419992,120.76576478163093,64.13817890235984,50.99128809443985,1,109.46633677217356,10.0,0,0
54,0,東京都,24.521752416170106,130.28577482016823,48.82699004758456,60.19162640385652,15.891528549890127,0,96.21731189100372,10.0,0,0
40,1,埼玉県,23.937711640120202,114.09152271591094,66.00887849339927,41.63895130648868,7.73288394157865,0,104.65657379503645,10.0,0,0
62,0,広島県,23.74096468384955,115.43719471691875,47.57464867461375,41.380919630637266,11.411507507052766,0,105.98414350117211,3.674780631861481,1,0
65,0,兵庫県,28.726438168115195,129.73796509515634,150.93577653297186,49.98228380050838,21.41930459164822,0,125.47095756515952,10.0,0,0
62,1,広島県,26.36246409298721,114.8325247690973,66.2189725240245,41.5449009869724,13.017168445138825,0,77.19960569011866,10.0,0,0
72,1,沖縄県,25.535777896160717,140.63712895497014,240.70931640580196,41.836165098594044,12.965746994151482,1,89.94880233639567,10.0,0,0
51,0,福岡県,28.953672059740093,117.15133575367513,79.60978457528181,42.294999047098344,21.590469243120133,1,72.66118678441485,10.0,0,0
58,0,広島県,23.43718110213564,150.18031468614095,28.542259640878065,41.5825489479017,16.15517517949532,0,94.03469654555421,10.0,0,0
49,1,広島県,25.934540500450574,112.04679467011114,14.579840582649323,45.86435807520856,19.334028162950247,0,80.12370742940344,10.0,0,0
70,1,長野県,29.293681026395504,173.92807789385793,397.6689732888078,41.76038689903555,47.02042361118182,0,108.64063013702378,10.0,0,0
48,0,山形県,26.174063887100534,111.50365580801011,114.08131683373287,62.866488232809665,11.161396295169979,0,115.67432738478928,10.0,0,0
58,1,埼玉県,19.2199756068154,115.62840460813804,127.07644211703342,41.866663634909386,9.259106180887201,0,90.80750583122874,10.0,0,0
60,0,大阪府,27.672555635334387,143.43467303024195,150.88558922200096,41.15555681956653,25.67748550763901,0,90.79663669827244,10.0,0,0
67,1,広島県,29.036450701838113,138.1904748361152,344.4874195583884,60.00321660056824,81.1092930497101,0,98.80631077082806,10.0,0,0
59,0,大阪府,20.56606833625962,128.93551794790432,87.07301022891313,41.29500883885554,13.498268642429474,0,81.66142035939771,10.0,0,0
69,0,福岡県,28.259967357303182,147.63410779611496,625.8202624287536,47.08786008401346,27.677395006936546,0,93.60856302562829,7.5584459337008845,0,1
70,0,広島県,27.81056921026491,124.53136687661951,187.33578836285253,54.72624695717947,102.79076046376036,0,117.139223473953,10.0,0,0
58,1,広島県,24.606004845851334,122.9809063877029,117.82323341052019,41.19808667897433,23.043147323503295,0,110.51643405457472,10.0,0,0
69,1,熊本県,29.247400441026198,137.32844330371756,128.18731097062891,41.511058672015906,12.418260554292038,0,69.44598026583907,7.970300752435726,0,1
68,1,愛知県,18.257974724166502,133.9421512805783,52.49467329114453,41.460025583975494,6.979384368105865,0,105.7361669765058,10.0,0,0
46,1,東京都,20.44108656274996,121.11219835624479,40.478959311011096,42.557971345212856,9.966683382350062,0,114.04569150143378,10.0,0,0
61,1,広島県,25.961309769713587,110.69183333959003,95.80251031399506,48.222992627872074,35.10560633300159,0,90.2764555067952,10.0,0,0
51,0,大阪府,20.506647573694572,105.2368636555635,76.05604622640594,44.3564543703263,16.91711906705962,0,91.06816892100494,10.0,0,0
49,0,広島県,25.842091015168958,125.63771261609611,52.24596336477515,42.37758726012796,6.592103726437963,0,95.08847772726143,10.0,0,0
62,0,福島県,25.593782817072857,120.17285304097469,60.88904603677678,40.83348217598795,22.539668740964782,0,92.84335536630239,10.0,0,0
43,1,静岡県,20.24906637781316,101.33664863375384,50.93628674582186,41.59394796303986,7.72792417288014,0,82.29916636482953,10.0,0,0
67,0,茨城県,33.33955552536313,130.46203127892036,100.5933661389248,50.320137410765085,13.750203941953021,0,67.73401361419054,10.0,0,0
42,1,三重県,20.836413135163923,113.35469237345316,131.41471985853536,56.58942011451492,29.612589781531067,0,78.00403783124821,10.0,0,0
67,0,神奈川県,16.78155928163972,114.33553808414722,64.37608789938423,41.68530742937898,30.608365539178116,0,82.61531976097318,10.0,0,0
74,1,岩手県,23.355391967123957,134.53246233101396,50.71690430575843,54.00607669839212,15.825596808839276,0,119.03820567931434,10.0,0,0
58,1,福岡県,25.000726545189064,120.58822485842133,101.42533883203919,38.76141606742687,20.408728267300827,0,115.65217495631804,10.0,0,0
45,1,埼玉県,24.406587533359065,148.8712567922202,79.90759309917989,42.10392349228207,22.131226514167874,0,101.91290344632974,10.0,0,0
57,0,愛知県,26.646395289298663,141.58177552716563,69.34434220811033,37.70658170745933,4.664580459040827,0,110.2843493184009,8.968820400395675,1,0
49,0,大阪府,15.30318877525999,120.8695740900591,72.31218907012219,66.95048924743531,25.221295778595678,0,90.5994627280411,10.0,0,0
44,0,京都府,20.542478632292347,125.47723008193631,70.85531717282524,41.0902106873159,14.870956697312279,1,75.84730335305215,10.0,0,0
45,0,三重県,20.476118671573943,123.01260169132826,176.20937762950024,41.424461339388586,24.816825134393245,1,78.41300266040528,10.0,0,0
44,1,神奈川県,24.64801495596787,111.42874703889724,115.67283155403084,40.11623433981248,12.937530070896301,0,103.83123607712321,10.0,0,0
61,0,静岡県,16.779299727931306,130.31426729546016,112.99472040523464,42.53824245712927,11.392644317300643,0,93.16517285860294,10.0,0,0
47,0,広島県,23.493209128860467,135.8866415795558,107.2028327049915,41.28895134959961,48.77510101381819,0,87.1672473317842,10.0,0,0
53,1,山梨県,17.507661752769668,112.0429696595856,47.8661176973328,59.68387502539773,6.002628707724114,1,72.01363729690335,10.0,0,0
46,1,長崎県,30.780619887426095,119.1582898791362,181.00221769927668,41.077503790904814,31.73656484002622,0,63.53828483191696,10.0,0,0
63,0,広島県,18.442716896091934,121.29915949986466,22.138333175199225,41.83737747932796,21.32652539584392,0,89.70666427114877,10.0,0,0
56,1,広島県,24.142300854585226,148.33121234812685,164.97893193752887,44.38101709681392,42.392670663488325,0,93.75590906866239,10.0,0,0
45,1,兵庫県,24.93963442035695,149.81988194533278,266.60753990666103,45.21398437220074,46.869407252955696,1,95.34026225209685,4.5247160436320195,1,0
49,0,広島県,25.74909675731358,136.11655527539563,61.266855119031966,54.79093879006902,19.756598103637664,0,95.0200735276304,10.0,0,0
68,1,群馬県,25.283596262230976,124.3009245935428,57.16649467198048,41.98794142538319,18.31933077569612,0,111.63243881343155,10.0,0,0
56,0,愛媛県,20.9568456309088,102.92824844740635,40.374135263416214,41.83025669890986,10.33862387206243,0,119.01325002242827,10.0,0,0
54,0,東京都,23.975776118045438,102.76183118141795,14.515308379625942,56.52117324546161,9.293965767695857,0,77.08008447962416,10.0,0,0
42,0,広島県,25.449302492589563,111.18429228952171,41.358623602930514,56.110896605113645,5.151404696493418,0,85.2860694100533,10.0,0,0
45,1,大阪府,24.582989417593435,135.4382766199753,121.55322611511347,63.63576541176718,45.473351097055556,0,71.86414751008961,10.0,0,0
74,1,群馬県,16.512682776412245,131.62334111540213,89.10276745776206,47.99353935420969,12.0699530488365,0,89.83188051492627,1.5705827224442706,1,0
46,1,宮崎県,19.10648514500471,92.93170522197585,47.3324692909407,53.1354499534272,12.149889187093631,0,68.04062672664645,10.0,0,0
45,0,大阪府,21.36696260380079,134.21859449592074,71.0778514765782,40.64480084382873,2.104357986670319,0,61.272440414447566,10.0,0,0
41,1,広島県,26.17503695518448,134.441020929836,75.40760762749643,41.57020705491552,6.218066455556588,1,94.07135311435297,10.0,0,0
52,0,埼玉県,20.38375844643276,115.94769223783987,82.81073003053534,40.2894266007499,6.300899070681755,0,79.84325658497997,10.0,0,0
54,0,広島県,30.26958999937781,79.14873928187946,74.3965555359442,41.550080329180105,15.019184560575178,0,81.66641122915897,10.0,0,0
53,0,福岡県,30.691039321686734,114.74502146443638,40.5830677765196,36.89879737651219,4.679343200686691,0,65.03242143484789,10.0,0,0
45,1,兵庫県,23.22311954868447,156.9183621822709,63.48090677994976,50.61401148688272,4.225042280970435,0,107.73939820875971,10.0,0,0
47,1,愛知県,26.175543546556803,112.60482204612032,154.4521799266108,42.39412808794209,11.186159374978525,0,100.8458435797091,10.0,0,0
52,1,広島県,17.512535080486444,141.60238222258786,50.948356614910914,53.12642102977062,3.4108054695266223,1,94.00837223174274,10.0,0,0
58,1,沖縄県,23.48586910151505,138.30258504601176,94.03367294096624,42.47684347797616,58.74022815870369,1,89.24823917256394,10.0,0,0
69,0,島根県,26.600249885895323,122.47532632135294,95.30716130110103,57.32212465083747,77.19605528930852,0,71.16035235496268,10.0,0,0
59,1,広島県,28.479127046216963,132.16625583239835,147.71083593945775,41.82684780082815,13.299855707911325,0,106.33429359473217,10.0,0,0
57,0,広島県,23.68277915486109,127.21147314361477,76.0434308335429,60.33148148497271,16.917371569625764,0,105.4918915581251,10.0,0,0
50,1,大阪府,24.6468855690407,127.0803493387169,40.12511274267526,40.73001018204947,9.433122876288241,0,81.88301414393997,10.0,0,0
52,1,長崎県,20.742093875476943,113.19659776000583,52.47376544367874,41.861221549033786,23.64597270873651,0,80.34769086352662,10.0,0,0
49,0,福井県,21.176976770905522,89.37371063050382,75.43923931809518,45.68831453995373,11.67950421850843,0,90.92247481548775,10.0,0,0
73,0,広島県,20.613539450970983,140.26350340058727,162.31523609557829,41.86078911055357,27.670807075492153,0,103.08184806978863,10.0,0,0
59,1,東京都,20.66609012117854,117.15416076097858,62.244048168377894,41.561954619221446,7.069197692458831,0,77.65783631731816,10.0,0,0
52,1,広島県,25.197952893711733,131.08005968616266,79.76005229232089,49.14308506119505,10.329564600907165,0,101.57595381383427,10.0,0,0
44,0,茨城県,32.43434797575717,138.620979704621,312.3237260355538,53.96867562496673,104.90874256565124,0,114.94771704052492,2.2325536548034863,1,0
52,0,北海道,25.435701262902608,111.14345176369747,47.66457245679324,41.34596542250946,26.534209807646352,0,72.67797396280211,10.0,0,0
54,0,兵庫県,18.44761090027614,104.37945234989722,106.57976195863921,53.31300531360357,11.44567858440309,0,76.2089797858652,10.0,0,0
60,1,愛知県,24.631489543659477,142.1163130407668,87.59354424934723,55.52031091937491,16.917474364875144,1,91.05228826553527,10.0,0,0
70,1,埼玉県,22.516060275956637,145.78057826257708,86.79974386573116,42.923657356972186,11.5742905424195,0,109.95017399333996,10.0,0,0
