record_id,age,sex,prefecture,BMI,SBP,TG,HDL,ALT,smoking,FPG,time,onset,death,is_rare
0,44,1,神奈川県,25.816368626124667,116.25343642900172,92.80465747849475,59.92936104200015,28.375018004957816,0,113.32246119002751,9.998631074606434,0,0,0
1,47,0,神奈川県,18.656389466900954,112.79430542345924,34.655010899988284,42.034970642972986,7.478586247821895,0,57.73507055272325,9.998631074606434,0,0,0
2,59,1,神奈川県,25.473287611639947,115.49573054190269,67.5892764214017,64.3143750704396,13.711400275025667,1,77.51099284167401,9.998631074606434,0,0,0
3,43,1,神奈川県,22.885858993754667,131.9252180642656,135.66383357100185,51.144123204376655,69.19156982676893,0,89.15141759210674,9.998631074606434,0,0,0
4,55,0,神奈川県,20.975078292274254,119.0444001746514,144.40546396705994,40.7520452364577,5.939556782429963,0,95.21529974232921,8.908966461327857,0,1,0
5,42,1,神奈川県,21.155832947643496,100.48281738605208,135.71407948148575,52.816273956756426,8.321838799816327,1,83.65845482618927,9.998631074606434,0,0,0
6,66,0,神奈川県,21.613655760293934,131.15270612002797,35.93429430167491,40.8701276229904,5.574010209961003,0,94.49631040792481,9.998631074606434,0,0,0
7,69,1,神奈川県,30.05066269766953,144.85824915805378,111.92886420981584,47.074130551122735,26.24528831665986,1,106.96604425338381,6.108145106091718,0,1,0
8,52,0,神奈川県,21.949930405517545,134.96498195364165,43.85686435551112,40.95857471817809,9.46629387969287,0,87.47080347490768,9.998631074606434,0,0,0
9,65,0,神奈川県,18.49801323186475,115.47361590260329,32.97817187805271,41.56906310146412,9.980133983331338,0,79.34188683632235,9.998631074606434,0,0,0
10,40,1,神奈川県,21.919950407122343,139.97438805191604,70.20314983753373,61.08810121241852,27.20265933298523,1,74.02751374772102,9.998631074606434,0,0,0
11,67,0,神奈川県,24.56422576053444,94.77816125116846,118.35904280396852,41.57523960226734,13.435252857816254,0,74.85079968504671,9.998631074606434,0,0,0
12,58,1,神奈川県,19.96238993012097,125.3361726565004,169.42877081339793,46.14157210613881,33.8090540069171,0,73.64894216660547,7.537303216974675,0,1,0
13,49,0,神奈川県,30.938048583481596,111.75233835786598,226.04181324277258,39.981863635757406,24.138747113366417,0,99.79392596972475,9.998631074606434,0,0,0
14,48,0,神奈川県,25.19718781169984,132.4963209305365,46.659893587745785,41.927445834127894,4.380646000008288,0,98.2498958713895,9.998631074606434,0,0,0
15,55,1,神奈川県,22.348541503631974,143.45163625128876,23.35806394632547,70.85398451947452,29.821542054856685,1,62.36516765110547,6.76249144421629,0,1,0
16,61,0,神奈川県,20.86801897138836,142.3040818320426,123.2086236693907,41.017728375116725,11.816968025437436,0,91.5050593054979,9.998631074606434,0,0,0
17,53,1,神奈川県,22.511755925794272,118.31938009536026,88.14972138848168,55.576124638118,26.782552237096034,1,117.12041598637175,0.6817248459958932,1,0,0
18,48,1,神奈川県,20.90074838193675,113.85130563160742,99.79631803523723,65.71062851665559,15.328718745197786,1,94.3956059833379,9.998631074606434,0,0,0
19,61,0,神奈川県,22.96862835930899,114.48793919121202,60.76458825425895,41.49302803835472,6.053893516771144,0,88.79461552128332,9.998631074606434,0,0,0
20,49,1,神奈川県,21.589297362881048,98.35135463915404,80.46277791167948,40.96688185810545,23.193529414376638,0,54.338796694266684,9.998631074606434,0,0,0
21,63,1,神奈川県,24.462761502187774,134.51390502418937,59.12894852654983,38.96147665037664,5.554757811027569,0,110.72257071038275,9.998631074606434,0,0,0
22,54,0,神奈川県,28.151011990733185,153.08094225406268,81.25280225758296,41.50959986323562,14.281634498062814,0,101.42057325139615,7.600273785078714,1,0,0
23,72,0,神奈川県,20.665678161659518,131.7621265354144,60.62065878329874,42.381607739825164,19.140053830473583,0,92.41895366469022,9.998631074606434,0,0,0
24,57,0,神奈川県,27.508572365286277,117.84700939009326,70.92427666057233,42.12202598948892,12.77072429850745,0,104.7190627223407,9.998631074606434,0,0,0
25,46,1,神奈川県,24.166947236373066,114.70154513923099,120.95885308693542,47.94424951653017,14.24269186539824,0,125.83509452314507,1.1197809719370295,1,0,0
26,40,1,神奈川県,20.678980508575957,106.53722472849513,300.1445383925876,46.273699488875565,16.170831541942828,0,90.3429109259175,9.998631074606434,0,0,0
27,69,1,神奈川県,28.18078558543933,174.20093057062107,122.57086230278462,50.563222274512285,45.95488161929303,0,87.64625447772127,9.998631074606434,0,0,0
28,53,1,神奈川県,24.05841005938924,105.79400050555941,96.38756890237863,58.61552662608128,24.301671159198925,0,104.96485525243376,9.998631074606434,0,0,0
29,57,0,神奈川県,19.311591629178704,90.08855639971299,42.272329921430035,41.27186507833638,33.122754345209444,0,82.83319610546829,9.998631074606434,0,0,0
30,68,0,神奈川県,24.263500468531635,130.88458440270895,75.4798357437456,40.84493480600861,17.793282853839756,0,91.4706239654848,9.998631074606434,0,0,0
31,49,0,神奈川県,28.28045854633328,160.662911378832,119.07024608976535,41.18685816439106,24.175437859116457,0,111.23570697326743,9.998631074606434,0,0,0
32,70,1,神奈川県,33.09917116609272,129.35833055142186,187.0086811403183,37.08585756360773,82.264155462547,0,82.44259042036379,7.477070499657769,0,1,0
33,43,0,神奈川県,17.68651716327762,116.15510498918508,73.44592681601443,41.77362509714701,6.44911055430541,0,83.22598072707464,9.998631074606434,0,0,0
34,52,0,神奈川県,27.49204929071278,140.57726657683253,201.25351430675605,41.77442943648036,15.313587097607034,0,105.33739188205185,9.998631074606434,0,0,0
35,68,0,神奈川県,24.384925561855923,136.5445475255633,42.63424588353277,41.20456634033479,34.62101193541296,0,80.3170347200006,9.998631074606434,0,0,0
36,52,0,神奈川県,24.436781954023438,145.40988474010368,40.509472411352014,41.85123478870598,14.56930406635687,0,80.30408928356303,9.998631074606434,0,0,0
37,70,1,神奈川県,22.43134594002698,140.0974016212189,90.28709673574376,49.40409088078981,6.204571263503469,1,90.21506364911151,9.998631074606434,0,0,0
38,44,0,神奈川県,19.75053888336324,97.19223378507081,28.975018725065087,41.728383537232425,1.6597324019034256,0,86.24366819830594,9.998631074606434,0,0,0
39,45,1,神奈川県,21.158585454251696,130.79652949397226,10.641206788415396,63.58559075092401,21.91680668647075,0,68.59442010256282,9.998631074606434,0,0,0
40,65,0,神奈川県,21.962170676064662,132.63043529219235,55.72740748407448,40.844896660946596,25.425711827837162,0,106.56609300636379,8.24914442162902,0,1,0
41,53,1,神奈川県,26.274971595648378,139.3610591676178,215.65972009125588,54.703729869915044,20.25421200490527,0,96.65770399571038,9.998631074606434,0,0,0
42,48,1,神奈川県,24.221893871930945,158.58198981010761,182.879314255589,36.31018932647078,12.51955196146361,1,113.69867076549727,4.342231348391513,1,0,0
43,62,1,神奈川県,30.035827760288782,146.4247549611538,107.4741243034191,42.648511729642195,34.9258912634217,0,88.14572762670352,9.998631074606434,0,0,0
44,45,1,神奈川県,25.431179133923578,137.35051223285373,88.24206248509508,49.75686865434882,31.000923296006903,0,87.52302958697908,9.998631074606434,0,0,0
45,60,1,神奈川県,20.81801689966309,121.77804612792607,60.373862336465145,78.27688367059659,17.700472558462423,0,94.06246223523215,9.998631074606434,0,0,0
46,68,1,神奈川県,19.12701568365258,120.83659185515307,56.65795315528336,55.22826042464201,20.583255788565484,1,112.20775487746117,8.826830937713895,1,0,0
47,51,1,神奈川県,31.34303281223071,166.30549716074643,91.56122707401822,66.01838378851512,25.904543565521607,1,125.86321975333406,3.381245722108145,1,0,0
48,73,1,神奈川県,23.019871122829755,128.37876373942632,88.18236989048593,61.48958548433609,11.029366615253775,1,91.74403137747599,9.998631074606434,0,0,0
49,55,1,神奈川県,25.72258485404794,135.32446034104169,67.43363389505485,63.473155782308154,22.829181810421357,0,96.98968605712388,9.998631074606434,0,0,0
50,40,1,神奈川県,21.563154597784095,86.0630062987106,71.20074686350159,51.41087057997176,24.23855878103325,0,79.63341542453757,9.998631074606434,0,0,0
51,60,0,神奈川県,23.7607304579151,123.92398528005076,144.2182333074851,40.713863198468985,32.32220374905871,0,113.23589144732178,2.729637234770705,1,0,0
52,58,1,神奈川県,27.919139958774462,139.4368402740164,60.32916792449635,44.02618916118876,17.77155522462447,0,106.57642739947195,9.998631074606434,0,0,0
53,59,0,神奈川県,22.02340055229236,96.34041940096756,56.646876216240244,40.85659441657762,8.53901125665293,0,122.95301768777695,8.087611225188228,1,0,0
54,72,1,神奈川県,20.156712020376634,135.43962393675184,73.60181383923046,43.673313493820785,20.328830102256898,1,92.9551237312802,4.238193018480493,1,0,0
55,50,0,神奈川県,21.045772472567368,103.15909404858314,47.288721225660936,41.04520655302951,9.815494686803177,0,77.1043020029887,9.998631074606434,0,0,0
56,54,0,神奈川県,22.57255621646643,110.50644365789499,76.19148447248227,41.691939593912615,24.62213303729322,0,67.38939347930936,5.13347022587269,0,1,0
57,59,0,神奈川県,22.912956925682664,142.30186347097398,48.20086147295654,41.88948750421248,39.55875308547255,0,101.81699958653765,9.998631074606434,0,0,0
58,58,1,神奈川県,28.060681715141566,124.20388928528288,303.59803752138583,50.76726463693316,26.358710185780723,1,83.2857907072715,9.998631074606434,0,0,0
59,74,0,神奈川県,25.479544344722946,165.1460035937987,163.0059173933336,41.93431714634274,19.511252658205898,0,80.89137773192154,9.998631074606434,0,0,0
60,51,1,神奈川県,22.26927827887434,97.97210170074779,63.38158698326275,55.58772886025495,17.38006058525826,0,89.23240153755904,9.998631074606434,0,0,0
61,69,0,神奈川県,28.3683871683514,143.57196107131662,127.79139464504196,41.00678594213286,10.565630020627294,0,108.92006921184009,8.030116358658454,1,0,0
62,73,1,神奈川県,21.3864705606328,134.30681223246958,127.07575413143411,63.51462691093095,13.598257360149221,0,89.04842069791759,9.998631074606434,0,0,0
63,73,1,神奈川県,22.748849068826402,119.18976242622414,104.22436985116289,58.43194089907649,13.59434756500249,0,98.47714598045617,9.998631074606434,0,0,0
64,48,1,神奈川県,26.55493285718212,139.5113632107641,81.09113672570246,60.201597576044655,10.683573788797228,1,83.69988201079126,9.998631074606434,0,0,0
65,67,0,神奈川県,18.190868545232522,107.01352850449211,97.8744852063493,40.85277469555591,3.553967002072879,0,69.16393301125639,9.998631074606434,0,0,0
66,59,1,神奈川県,16.41917849747321,95.03759842099208,102.12934592890707,59.36087720520333,32.45967684249976,1,73.22432889661088,3.326488706365503,1,0,0
67,70,0,神奈川県,22.702974573938988,140.2649285255072,116.25883402261671,42.45413574730425,3.877780958745917,0,80.38064479852818,9.998631074606434,0,0,0
68,49,1,神奈川県,26.99463969438035,140.86393350748938,65.47202820287706,46.44847688954607,55.47664265501643,0,102.76540119643154,9.998631074606434,0,0,0
69,50,0,神奈川県,22.73590608917023,88.87481487918407,38.4086254694388,40.86516967066057,3.940706194048778,0,69.17975185583863,9.998631074606434,0,0,0
70,54,1,神奈川県,28.05893578673059,118.73951857453928,123.83225169393367,53.95261900920116,18.934957450066996,1,106.47345392700606,9.998631074606434,0,0,0
71,42,1,神奈川県,25.005971649665597,139.41322360949948,48.27799944809313,62.79075989295992,38.20337785913486,1,101.68117119169662,9.998631074606434,0,0,0
72,50,0,神奈川県,24.14746480276513,106.92652343353257,122.86786165755025,41.430248945742484,14.186920672497322,0,90.59427335675963,9.998631074606434,0,0,0
73,68,1,神奈川県,24.530204934938013,117.98230823256642,164.02717095524997,55.799206429574824,14.670648899977522,1,125.50253655707992,2.732375085557837,1,0,0
74,43,1,神奈川県,26.19922947559067,122.10796885196993,57.13634966115491,48.92401374536541,20.66220407006202,0,72.35010517419695,9.998631074606434,0,0,0
75,50,0,神奈川県,21.142887960587903,120.44875457926025,65.35284076111213,41.05355570942368,16.545353496449138,0,92.93220125264928,9.998631074606434,0,0,0
76,63,1,神奈川県,23.758431181375244,84.76102661335918,164.3649280859009,42.4179917865618,9.169872547750058,0,110.08911141525952,9.998631074606434,0,0,0
77,53,1,神奈川県,24.72413261172881,148.16668573771162,253.66999426527227,51.15256874174998,13.436195223848014,1,95.98787623216825,6.535249828884326,1,0,0
78,50,0,神奈川県,16.88925980040402,118.6817232959568,30.01466071723784,42.51210693540073,3.9724439464870245,0,66.44648010162231,9.998631074606434,0,0,0
79,49,1,神奈川県,22.92298712255758,136.73249251944458,53.36063202079104,57.604220666047084,43.6978359920666,1,97.61594443272206,9.998631074606434,0,0,0
80,61,1,神奈川県,22.683572640043938,115.79986332745342,102.81396719047741,57.63779337375748,26.519268268203522,0,108.17370344238758,9.998631074606434,0,0,0
81,57,0,神奈川県,21.81181069065523,123.34219851828384,105.77082081645709,41.444239828500265,8.887115077805175,0,103.37981004012263,9.998631074606434,0,0,0
82,60,0,神奈川県,23.07762063092476,114.93401841568893,86.34000646339189,41.30636953891437,28.86969671370703,0,85.69090475634202,9.998631074606434,0,0,0
83,48,0,神奈川県,19.152053486602373,107.89462049153099,47.018746914467776,40.73180191121756,3.688490423194426,0,67.33596704630226,9.998631074606434,0,0,0
84,48,1,神奈川県,23.63685882742803,141.6026269759931,162.11897208753513,50.849524108296,71.83507695026995,1,110.83759742819882,2.2477754962354553,1,0,0
85,42,0,神奈川県,22.055002643061908,125.36357588013101,53.38733450221525,41.1987380635397,24.07954351462241,0,97.93415344218509,9.998631074606434,0,0,0
86,47,0,神奈川県,17.743251221115717,88.79092724310833,6.207871089751997,42.10552856659893,2.2078165165906753,0,82.40323978632863,9.998631074606434,0,0,0
87,48,1,神奈川県,29.103899099346886,146.30305204572005,229.2773301836635,47.99709982984878,48.16343838767177,0,103.41969234248175,2.568104038329911,1,0,0
88,69,1,神奈川県,24.430239106229312,135.89503456344778,40.74989300103867,60.25842381844197,12.484250047333626,0,117.19217408376363,8.435318275154003,1,0,0
89,55,0,神奈川県,28.761038861716525,135.44413369964295,134.87277450322978,40.753562593530226,21.00749871744543,0,85.43681380307163,9.998631074606434,0,0,0
90,64,0,神奈川県,25.097164053500325,129.16594390132332,93.58985990266389,41.06168653271635,17.026371298252528,0,125.90686433502441,2.3134839151266258,1,0,0
91,72,0,神奈川県,18.535724908193416,111.3231434054693,119.29231098994265,42.09871904059786,14.042781017524629,0,89.7908179134971,9.998631074606434,0,0,0
92,72,0,神奈川県,20.654935352664964,118.66205840705297,43.77239511082245,41.774577963274076,15.469984737363921,0,78.83659894228485,9.13347022587269,0,1,0
93,63,0,神奈川県,17.011982136633687,102.94149744582755,24.51446676525737,42.44249251253847,6.015606493031186,0,95.92176725953729,9.998631074606434,0,0,0
94,49,1,神奈川県,18.74362019697025,113.52106201177105,104.95686299375997,57.53155558172313,12.595956111018609,0,110.26493518271018,9.998631074606434,0,0,0
95,43,0,神奈川県,31.941359911606746,124.12398619931932,35.796634324703064,39.819247275991216,3.6310478145311134,0,109.69649158811042,9.998631074606434,0,0,0
96,50,0,神奈川県,27.719176603280683,82.72535805598304,60.48674507426921,41.39617766601323,28.726457689657295,0,96.53512004194076,9.998631074606434,0,0,0
97,48,1,神奈川県,29.723827930983333,135.55117844564123,77.84720560787193,63.16950902708086,48.28870396694932,0,102.66633499859564,9.998631074606434,0,0,0
98,50,1,神奈川県,19.848876384554913,131.53064629711272,69.2166525712559,41.741367927157484,26.022246317068014,0,86.96673286913934,9.998631074606434,0,0,0
99,44,0,神奈川県,24.24937689009775,117.18277155554438,147.09907330541975,40.919773927096195,11.159053608149149,0,73.77374841964556,9.998631074606434,0,0,0
100,62,1,神奈川県,22.854317147981604,125.2918561711998,90.41398855785438,53.10914764408783,9.278322063789712,0,59.48048945845502,0.7364818617385352,0,1,0
101,54,1,神奈川県,27.325129894824734,128.45648752636853,63.4325365786534,49.53071028601605,17.50822742349149,0,92.89287483136442,9.998631074606434,0,0,0
102,51,1,神奈川県,23.818654794234895,111.82268987688346,99.57719661447427,40.43071306555925,20.98178330666089,0,83.78544089079107,9.998631074606434,0,0,0
103,49,1,神奈川県,22.256919784244598,173.21711318773646,40.16592036915353,54.21181870698591,11.120066732377667,1,89.0505874156944,9.998631074606434,0,0,0
104,48,0,神奈川県,23.234674270171627,72.82105780543523,11.328984187374981,42.0684854223134,5.083793073568648,0,98.09952314145877,9.998631074606434,0,0,0
105,50,1,神奈川県,22.352392552277173,121.67279882598335,15.484669425877147,59.10849218329912,10.322383600742553,0,96.14757780151587,9.998631074606434,0,0,0
106,51,0,神奈川県,19.995031391771683,111.92251081193803,170.84305835160112,41.77994528039431,24.74529795478002,0,91.98516076703051,9.998631074606434,0,0,0
107,40,1,神奈川県,27.349193312344266,117.01065190342663,75.29909559332535,50.376995461866876,25.112538632971333,0,84.61015690702763,9.998631074606434,0,0,0
108,54,0,神奈川県,21.43145056023846,88.29485618567506,87.84181868336319,41.78266837586435,31.262553966096696,0,70.70017849940996,9.998631074606434,0,0,0
109,48,0,神奈川県,21.865720699410733,108.77024675219887,103.67055611197925,42.047453582180964,5.614649733525178,0,89.18102386127589,9.998631074606434,0,0,0
110,66,0,神奈川県,21.077147239680777,107.36083093879999,98.06477980124572,41.86358866586477,16.826798154099453,0,102.8627623578811,9.998631074606434,0,0,0
111,55,0,神奈川県,16.323368702080128,130.82723505784037,82.79474813375357,41.34465651856607,3.049715621075616,0,94.6403931633351,9.998631074606434,0,0,0
112,70,1,神奈川県,26.259117672115813,135.23052617711315,62.50790522171545,60.2413843592359,17.456384134429136,0,108.26786085036196,2.729637234770705,0,1,0
113,55,0,神奈川県,22.94728827807262,101.1157677499036,121.06533585450624,41.536088345630965,10.944787801203663,0,81.35268263281966,9.998631074606434,0,0,0
114,66,0,神奈川県,21.165007955022016,136.3513862883094,201.47967372710033,40.83524825213687,11.927694063005898,0,106.49008423119966,9.998631074606434,0,0,0
115,60,0,神奈川県,18.611941869286277,117.50636791022421,72.24709390617794,41.613045090432195,8.470487494974464,0,60.80453640799506,0.024640657084188913,0,1,0
116,72,1,神奈川県,24.05757591682714,123.42893325384945,50.68793285129347,51.3917968398807,8.879040272815075,0,104.05593631320858,1.1170431211498972,1,0,0
117,56,1,神奈川県,21.729559587433624,138.51033186524276,19.441457250331013,62.20355760711072,10.609307368245855,0,82.2799172081149,9.998631074606434,0,0,0
118,43,0,神奈川県,25.64482419163566,112.17517248715602,33.5160878062173,41.94558770443991,24.950068717696468,0,76.8276666680815,9.998631074606434,0,0,0
119,55,0,神奈川県,15.919262577564398,125.35949370205442,30.936836931324258,42.23091283472008,13.199820887687622,0,82.24890187951281,9.998631074606434,0,0,0
120,44,1,神奈川県,28.064109078107098,121.12170703767335,22.603095946444725,47.17858657873997,6.773893902011297,0,85.3978350571999,9.998631074606434,0,0,0
121,50,0,神奈川県,19.018946644623657,112.16175001211045,64.70948107045763,41.04821556842074,8.866360091444704,0,84.41378251173037,9.998631074606434,0,0,0
122,64,1,神奈川県,23.311048776894854,146.12660542266528,227.6515835855005,62.93892114566559,20.813245581382557,0,115.04178749306536,9.735797399041752,0,1,0
123,71,1,神奈川県,26.83246487848584,180.96077208963197,469.2294891599964,49.29420398554158,23.964624535943436,0,106.94001919509569,9.998631074606434,0,0,0
124,49,0,神奈川県,25.010273447277584,121.68794964700484,45.54469759888489,41.64954393135011,65.7581716177528,1,115.18475428469537,9.848049281314168,1,0,0
125,58,0,神奈川県,25.94631814182752,145.24671964504296,46.350996851967295,41.77564697882172,7.030074443480428,0,60.665023858506,9.998631074606434,0,0,0
126,53,0,神奈川県,29.64076801803943,125.85609095153727,53.71005074032828,40.54980570486805,55.91968016427859,0,64.17467955638415,9.998631074606434,0,0,0
127,63,0,神奈川県,16.362793957758477,130.0561302387618,58.63466867868258,42.190084683660814,7.564418292889819,1,86.27795915541675,9.998631074606434,0,0,0
128,56,0,神奈川県,22.196576768430447,98.18213963799451,129.30724197668496,41.636916883817555,48.21339097928035,0,109.81561488170536,5.316906228610541,1,0,0
129,64,1,神奈川県,20.26931053411621,111.80617093592096,25.778427536059063,61.08713005984406,45.02097498962733,0,64.31861130142593,9.998631074606434,0,0,0
130,56,1,神奈川県,22.204811188355563,139.5498977644574,105.32665154072212,67.39567310650799,17.36126861144767,0,104.82254727650283,9.998631074606434,0,0,0
131,61,1,神奈川県,28.18021576414747,118.15188764438199,91.03713697552872,60.41692819037871,11.42456471452286,0,91.08448672729403,9.998631074606434,0,0,0
132,64,0,神奈川県,19.434591335463995,125.67076004690212,69.37004654224579,40.04549081903341,12.082239156548228,0,74.87964604673218,9.998631074606434,0,0,0
133,62,0,神奈川県,16.83126024164619,105.50509127627349,37.0085639597669,42.27466742048035,5.75648972717999,0,109.85211194498858,9.998631074606434,0,0,0
134,55,0,神奈川県,16.78106032332766,96.95327081397448,27.220601989910843,41.85054746098839,1.9453405365540963,0,70.62341114696676,9.998631074606434,0,0,0
135,74,0,神奈川県,23.230787039057628,143.75617407767209,35.96135161555661,42.36641676253787,10.288562960508816,0,65.5662247004636,7.299110198494182,0,1,0
136,58,0,神奈川県,24.874288053571746,155.49713162164394,23.265755153157784,41.67325218146509,6.31349536527191,0,95.01388761976071,9.998631074606434,0,0,0
137,48,1,神奈川県,23.70866783809193,134.46828784839155,106.9086955667899,63.43357278484802,10.987639433615552,0,90.95865228784986,9.998631074606434,0,0,0
138,46,1,神奈川県,22.282131466558052,122.89274182872587,59.725416931302824,62.45263134645,27.435609458730767,0,101.36352909251407,9.998631074606434,0,0,0
139,50,0,神奈川県,21.567956439615788,119.27513361842699,72.04135686293942,42.19654366760385,13.199611018255503,0,107.67620853984795,9.998631074606434,0,0,0
140,54,1,神奈川県,31.00410560480277,163.98090370440536,161.9395854078435,44.46620280332258,11.263438652374328,0,77.30310684397209,9.998631074606434,0,0,0
141,48,0,神奈川県,21.60769152491426,101.21167637351846,42.84523252480402,41.94479425617312,5.417754206336008,0,65.41128737356178,9.998631074606434,0,0,0
142,51,1,神奈川県,28.25993435473351,132.53944247774183,185.4388323564828,41.96920949375763,22.22722337435195,0,97.47743302671498,9.998631074606434,0,0,0
143,44,0,神奈川県,25.068411829698544,148.4409400509259,45.800335134732414,41.09489127002549,3.335854081069145,0,78.52219032311841,9.998631074606434,0,0,0
144,51,0,神奈川県,19.72965559977853,76.79473934305267,37.60699285183395,41.78887094220008,2.9046013850946704,0,56.42742362134403,9.998631074606434,0,0,0
145,51,1,神奈川県,20.4782366204758,85.92113701393765,24.00616503540064,55.424343331516056,6.92922328373467,0,90.27405799331095,9.998631074606434,0,0,0
146,46,0,神奈川県,25.697140427957553,135.61740117273882,68.37671047802513,42.013865368037,7.948082994263775,0,90.35713802487889,9.998631074606434,0,0,0
147,67,0,神奈川県,25.111762317040196,147.4040013031796,104.41234817142923,41.56764181565695,18.636341972484267,0,86.92989257140401,9.998631074606434,0,0,0
148,49,0,神奈川県,21.94091600456733,109.5346045768407,210.7103420461144,40.547585172768976,28.448660618422988,0,82.84844742184148,9.998631074606434,0,0,0
149,50,0,神奈川県,15.84688657659069,106.22899804872333,97.07640317893384,41.86366447773743,46.89270600867942,0,88.1178355287542,9.998631074606434,0,0,0
150,45,1,神奈川県,22.27068739667093,129.91771470893116,366.87610879689163,57.021677101841775,9.214506398531737,0,99.55396884027927,9.998631074606434,0,0,0
151,72,0,神奈川県,24.473414724742593,137.05632422232114,60.40866863705183,41.16795220904923,10.379768516265182,0,69.01168203840757,9.998631074606434,0,0,0
152,48,1,神奈川県,22.478184018424315,124.59727815144652,29.41657285713642,57.94798246630157,10.095186823480121,0,89.12994195766318,9.998631074606434,0,0,0
153,73,0,神奈川県,24.455371418567957,128.88853059084917,321.9348844286452,40.41715874615207,23.298709185926068,0,83.68553915255099,9.998631074606434,0,0,0
154,72,0,神奈川県,23.98259668843143,164.27868103294477,195.93064611487682,41.51871974635498,7.69844195668909,0,125.66324420950792,0.7446954140999316,1,0,0
155,62,1,神奈川県,25.287650596739944,129.00649572691648,134.04431035151907,45.609951135816836,22.854317580402913,0,80.77877438494707,9.998631074606434,0,0,0
156,73,0,神奈川県,20.902093289719815,136.33324784297747,57.010482961061044,42.48231220770303,2.713463631391314,0,104.71901363337338,9.998631074606434,0,0,0
157,60,0,神奈川県,21.82649183048569,120.50483385642544,62.59497327050094,41.4728052993698,37.72405711470108,0,83.97499998356948,9.998631074606434,0,0,0
158,44,1,神奈川県,18.46766442993627,82.7322790672792,73.52601709693289,57.40616766078136,21.84250891150761,0,76.34261091496151,3.6276522929500343,0,1,0
159,72,1,神奈川県,23.60282656187777,115.57362044734575,37.16423443171166,63.3911112610287,7.964821415643578,1,76.70059875959221,7.12662559890486,0,1,0
160,68,0,神奈川県,20.65644455824748,117.91553741564155,82.72583882083919,41.16465299874747,35.49291583531276,0,71.95238106096734,9.998631074606434,0,0,0
161,65,0,神奈川県,15.188872175974783,85.49914121844546,37.848365044994374,42.956897411564384,6.726592223288806,0,97.53207951664577,9.998631074606434,0,0,0
162,54,1,神奈川県,20.100404853607625,120.59494408279966,291.9097887500434,57.44876353418319,19.47427209403709,1,101.0925033878724,9.998631074606434,0,0,0
163,42,1,神奈川県,28.21732601323089,137.0515869747395,55.138120757103316,63.05445070703342,9.79229738889431,0,82.7129205108358,9.998631074606434,0,0,0
164,74,1,神奈川県,18.577171622120833,139.7775744589448,107.12265949249623,46.470883357550136,13.36765515801471,1,116.62973805940058,0.3066392881587953,1,0,0
165,48,1,神奈川県,21.09713540813639,96.10351075765782,39.56284158460553,64.68358608912709,29.99719774883861,0,75.69409774654874,9.998631074606434,0,0,0
166,70,1,神奈川県,23.1953024979021,122.69837406635368,117.71500730696731,54.66251147356789,14.469093709924834,0,93.66973721980506,4.479123887748118,0,1,0
167,68,1,神奈川県,20.29698142859864,124.25647956967805,47.86755874253214,61.21162570399795,27.115984767360217,0,110.75005829574603,9.998631074606434,0,0,0
168,55,0,神奈川県,21.09828107979683,133.23812076831558,74.83260390081072,41.49288294156093,5.267471290292932,0,83.59537758111803,9.998631074606434,0,0,0
169,40,1,神奈川県,26.453375294146397,133.3694340957307,270.54203039899795,46.716024310175236,40.64754529257616,0,82.75908660022462,9.998631074606434,0,0,0
170,51,1,神奈川県,23.57487815836167,109.13854149994529,90.66106488105504,44.63131231240682,37.25549373834149,0,99.48424113863487,9.998631074606434,0,0,0
171,40,0,神奈川県,21.25640243757628,114.17540441013497,55.38177022504344,41.8145117192616,2.1295334163735604,0,80.4474144417719,9.998631074606434,0,0,0
172,74,0,神奈川県,18.156812682255442,126.77773137058081,75.13876765313961,42.30743039400519,3.5289389199254595,0,87.2961063459977,9.998631074606434,0,0,0
173,64,1,神奈川県,24.108246936182848,113.01921400867077,175.4665600012979,43.2552927936815,30.483263462870287,0,110.44703616555668,9.248459958932239,1,0,0
174,44,1,神奈川県,18.674383431532473,105.94580755186377,159.1410168297675,53.231820617891195,23.154168297651943,0,111.61337327366353,9.998631074606434,0,0,0
175,53,0,神奈川県,19.228195953778503,119.59975348243975,25.68501953626379,41.589548042654854,6.499121471345924,0,64.20723010758115,9.998631074606434,0,0,0
176,54,0,神奈川県,18.395889371003914,109.77496793638754,49.80722959646771,41.717862819648715,2.780610202396594,0,73.21752358743252,9.998631074606434,0,0,0
177,48,0,神奈川県,19.88459720170846,104.08148122558006,48.552899356303705,41.33443609614515,7.880682109681728,0,86.15540647111483,9.998631074606434,0,0,0
178,52,1,神奈川県,19.190915067994265,105.76809136829573,92.85998009817543,50.084260280201825,4.9795929462923665,1,109.01204205662569,2.0150581793292264,1,0,0
179,52,1,神奈川県,25.35357853540534,116.528018624152,58.56940975996512,51.51645764084641,20.62035444040417,0,103.67648361089633,9.998631074606434,0,0,0
180,48,0,神奈川県,18.200701579542436,116.07864209476315,14.52199224379834,42.298831519195204,4.72187428599556,0,77.66423023997757,9.998631074606434,0,0,0
181,43,0,神奈川県,18.351636176063398,85.59775053403082,21.83694503485181,40.49884895091281,9.162291586200071,0,68.15491780667683,9.998631074606434,0,0,0
182,45,0,神奈川県,21.246734068275163,107.44959074281016,56.23580308680528,40.23035135059643,1.7525482145210047,1,85.84318658784662,9.998631074606434,0,0,0
183,59,0,神奈川県,14.275382050950583,113.40824835722015,102.87013838110315,41.205226367156364,22.288721544450265,0,76.81088426397275,9.998631074606434,0,0,0
184,63,1,神奈川県,22.14375868266416,121.16191249279166,24.830845678800962,65.72773469762937,8.378745527460556,1,73.75661240321305,8.7419575633128,0,1,0
185,74,0,神奈川県,26.387322845474127,119.90228786079436,55.39145850459944,41.710211383912494,7.435583073847198,0,84.96777496036145,9.998631074606434,0,0,0
186,65,1,神奈川県,29.649342232512033,126.29187667962738,144.71479248517,48.682728559712885,33.539130771638916,0,72.1620589248247,9.998631074606434,0,0,0
187,66,1,神奈川県,26.40551719655177,145.18960627698766,46.53632087114949,57.325376741864254,8.614274045073474,0,102.83684355432965,9.998631074606434,0,0,0
188,73,0,神奈川県,26.48214176065961,139.52099360234348,68.45791796790697,41.71135877153924,40.647652136628516,0,108.31920704248058,9.111567419575634,1,0,0
189,54,1,神奈川県,18.928512299921614,137.51925374322377,30.740572940050907,58.5237950093189,10.205478952232676,0,81.14540186837624,9.998631074606434,0,0,0
190,59,0,神奈川県,23.126261927792964,120.18146616910262,65.00092097343808,41.645075600479665,17.574897698333647,0,81.16260891365184,9.998631074606434,0,0,0
191,62,0,神奈川県,23.791136211419573,149.27485135224288,78.40019618446249,41.00065081568132,7.818947220908152,0,84.27545185514587,9.998631074606434,0,0,0
192,49,1,神奈川県,29.379618833344274,120.50760320908405,106.77651976042092,46.74984512882653,37.042028187766185,0,82.0782276619839,9.998631074606434,0,0,0
193,50,0,神奈川県,23.969291896121444,146.51678863662798,132.86321068895438,42.339828049269386,21.09783561261037,0,123.09393212748668,9.998631074606434,0,0,0
194,47,1,神奈川県,26.826540085530926,135.1852163570211,124.80347743425604,48.930464405955526,16.363279699545767,0,93.32137132879518,9.998631074606434,0,0,0
195,69,0,神奈川県,27.508719410875482,138.4853980543575,169.12413934613755,40.50296710668335,19.302384419306115,1,85.24982811589264,9.998631074606434,0,0,0
196,49,0,神奈川県,28.371147199591174,136.76183886322508,56.86731387738664,40.72284220478457,14.051473384994944,0,98.84112710799315,9.998631074606434,0,0,0
197,55,0,神奈川県,20.022996298708037,114.54347230753295,101.50980338295805,41.38894084909743,15.144483057560755,0,88.39642577711358,9.998631074606434,0,0,0
198,74,0,神奈川県,25.85152391419341,116.07302623416197,94.98493909422979,41.46511797320582,3.208773809081179,0,85.65621680128217,9.648186173853524,0,1,0
199,58,0,神奈川県,26.06520161576761,136.64011802041836,84.64160543947769,40.97577749557512,13.088819985323756,0,104.94403546656197,4.4106776180698155,0,1,0
200,41,0,神奈川県,19.307813915779523,110.52805200622063,49.208984772854336,41.933392767703126,19.018645714238072,1,74.21393094004914,9.998631074606434,0,0,0
201,60,0,神奈川県,21.759213259399065,127.55596386304609,114.00900025837674,41.05054882298612,26.242327669562414,0,86.37829114670882,9.998631074606434,0,0,0
202,41,1,神奈川県,27.90009378872801,98.17506191748151,76.49088948076646,56.44649740861958,20.85997406816393,0,92.49752939135568,9.998631074606434,0,0,0
203,43,0,神奈川県,24.23933095265473,117.24022863330946,192.77609498631665,40.448617241828906,22.655770439354022,0,80.85565479297472,9.998631074606434,0,0,0
204,50,1,神奈川県,24.152335525212976,126.74066188863812,79.2885704744873,53.507841225879915,20.547369549853823,0,78.36099035763554,9.998631074606434,0,0,0
205,52,0,神奈川県,19.274833070783146,118.011498844592,174.65541444633536,41.68727256460245,35.09054144323634,0,91.92373827746721,9.998631074606434,0,0,0
206,74,0,神奈川県,18.687116723051716,132.2872706879275,64.66949984434729,42.1844467373877,17.411097773792395,1,84.17866276221012,9.998631074606434,0,0,0
207,61,0,神奈川県,22.92424718355197,123.90766123541022,45.33889266410626,41.303303312195254,7.714317138719865,1,88.29790306280553,9.998631074606434,0,0,0
208,59,0,神奈川県,19.752562086126456,100.29430186858748,48.44057357943305,41.97773587794458,23.576778215156068,0,99.78124625300725,9.998631074606434,0,0,0
209,51,0,神奈川県,30.78830419288572,141.25483618166766,21.750152793390285,41.477115721719,3.092560572988427,0,91.18577281663391,9.998631074606434,0,0,0
210,66,1,神奈川県,24.11355571679751,139.00145832461268,48.07797264956523,53.6470078488274,29.195432093912466,0,104.43546284413247,9.998631074606434,0,0,0
211,48,1,神奈川県,27.90928900842666,135.8249399555052,146.03512395887603,59.20660110940672,34.68264227396936,0,89.9937151549563,9.998631074606434,0,0,0
212,44,0,神奈川県,20.714337777857715,151.3697286829803,74.3524384110582,41.2366973484714,25.876401175780092,0,79.80067409809585,9.998631074606434,0,0,0
213,71,1,神奈川県,25.145692335446533,140.85665930490694,144.26324981349973,60.83728023352857,40.71810692308513,0,93.83689473840604,9.300479123887747,0,1,0
214,67,1,神奈川県,28.901134931291807,135.42793949093027,170.36230808117725,46.69075772135563,36.224420707792326,1,89.62326819273433,9.998631074606434,0,0,0
215,73,1,神奈川県,20.72175101032579,139.76807298227047,108.48715432705634,51.841935453251274,22.52793981348011,0,69.62444332654202,9.998631074606434,0,0,0
216,51,1,神奈川県,25.233218710338132,123.9666157034615,38.485659649442255,50.746097492469275,15.878953575497244,0,79.77967457974799,9.998631074606434,0,0,0
217,52,0,神奈川県,23.529230979317802,138.79915970292842,226.47802419343333,41.376505038610574,20.761077180690073,0,94.03078346113219,9.998631074606434,0,0,0
218,47,0,神奈川県,22.297865127363966,125.60672391153176,84.67947398202405,41.57882006151831,28.66696469356001,0,82.35058317983338,9.998631074606434,0,0,0
219,58,1,神奈川県,24.9928831687046,158.86286588095874,54.36606199909027,56.510023365750286,11.499020432777925,0,113.5531731139286,6.7734428473648185,1,0,0
220,41,0,神奈川県,23.42537857871613,89.20088114091342,23.50813168711473,42.22712234845519,13.120567557394933,0,79.27132769146489,9.998631074606434,0,0,0
221,44,0,神奈川県,23.666837937475307,121.31330075778781,32.50426255043054,40.416648153926786,4.929249513098144,0,62.60307013685542,9.998631074606434,0,0,0
222,63,1,神奈川県,22.139973741124532,128.56256547821874,81.30959628495012,58.409227951527605,17.93262630944268,1,90.4477125872806,3.805612594113621,0,1,0
223,69,1,神奈川県,29.927102846504795,147.87649613131367,44.746881810029784,41.427735317025025,8.053518963168175,0,86.64007884965592,9.998631074606434,0,0,0
224,69,1,神奈川県,25.267516671359743,142.8342827323529,110.32487322428888,51.02037986810867,37.48669964381898,0,81.70591151205804,2.0177960301163584,0,1,0
225,49,1,神奈川県,16.165559777938856,120.81479359337845,62.28383736591746,63.42433713461679,10.010859669222365,1,64.09990816241323,9.998631074606434,0,0,0
226,48,0,神奈川県,16.385025487289106,94.37517372452263,61.378682249431286,42.13140860580411,10.973866870443407,0,94.89075119422299,9.998631074606434,0,0,0
227,51,1,神奈川県,21.246372550999563,108.142703622952,76.51616034395069,43.508652436693865,24.403955189072125,0,115.29238267255744,9.998631074606434,0,0,0
228,73,1,神奈川県,25.368492175258083,152.64334264504342,122.60545588677655,38.00290303243171,8.286526352758898,0,97.0385032223765,3.9288158795345653,0,1,0
229,45,0,神奈川県,22.09519532778331,124.48551977887038,57.810346991968295,41.29191495905517,11.266135513125894,0,70.13215249338904,9.998631074606434,0,0,0
230,56,1,神奈川県,24.70920399370368,125.21378241057985,129.05417407463491,48.90109207154394,29.816252056891866,1,89.69395044223,9.998631074606434,0,0,0
231,56,1,神奈川県,26.581681872970975,134.11218452325508,96.8201659738492,51.603199869940255,6.996935095452276,1,96.77395608107359,9.998631074606434,0,0,0
232,57,0,神奈川県,20.274576935183525,118.99934892219841,35.600278308909175,41.995635773218325,10.62954141904007,0,80.51027561397326,9.998631074606434,0,0,0
233,48,0,神奈川県,22.456370111885082,120.57889923345957,62.80950364120152,41.50273777851422,13.660577443306117,0,90.67187100316404,9.998631074606434,0,0,0
234,48,1,神奈川県,21.628447687955585,88.30342979598157,86.11039508754043,49.993067404295985,14.425382758055644,0,97.76106980543561,9.957563312799453,0,1,0
235,45,1,神奈川県,22.71485256994428,119.76775374358843,77.20786698331989,44.022633622025346,32.43474325011663,0,81.07957912413731,9.998631074606434,0,0,0
236,71,1,神奈川県,21.055037921323937,123.4669450099384,24.262993274720632,59.71081815637405,6.496687849017854,0,100.63947425690543,9.998631074606434,0,0,0
237,46,1,神奈川県,30.610025266752274,147.20925896716594,130.69226084039664,42.88417769217641,14.532801866123986,0,90.5839539255777,9.998631074606434,0,0,0
238,52,1,神奈川県,26.604220282851735,125.47281843075854,70.46474988916765,54.89537073903771,70.80237399202969,0,86.62505551016255,9.998631074606434,0,0,0
239,64,0,神奈川県,20.885732085166516,115.53837605145338,123.11802752692543,41.07869537317814,4.880299974349709,0,109.99347058169822,9.998631074606434,0,0,0
240,64,1,神奈川県,22.412922649583845,115.89310906133184,72.32039273012137,46.80538778734184,5.328819631786255,0,118.90825378030823,9.998631074606434,0,0,0
241,61,0,神奈川県,25.597165806772313,141.08942636228733,94.22914834758537,41.612321665458566,23.59506850320132,0,68.78396709688293,9.998631074606434,0,0,0
242,69,1,神奈川県,29.218392971217853,155.7358409331634,184.7464378375799,47.026734179622544,10.821120995061838,0,105.15407437227374,9.998631074606434,0,0,0
243,68,0,神奈川県,19.15172877094521,134.64748062946674,29.022445088705126,41.857631581039705,9.63402813777948,0,80.74524495257276,9.998631074606434,0,0,0
244,50,1,神奈川県,22.37187064606436,123.940774303614,58.810630431946414,51.6736677226552,44.366116939373576,0,106.86869219776428,9.998631074606434,0,0,0
245,66,0,神奈川県,23.844034576463304,137.40310368165717,71.03719973133694,41.38985854870075,21.98989259100511,1,94.73591302110259,9.998631074606434,0,0,0
246,68,1,神奈川県,27.14461425760629,162.93105175594098,117.35191171711483,58.90650994582546,16.785234317780855,0,96.37728114327406,1.5222450376454484,1,0,0
247,71,0,神奈川県,19.587473230112035,134.94997079837682,70.59080260352616,42.94674838167554,10.853966346181846,0,89.69652663683611,9.998631074606434,0,0,0
248,62,0,神奈川県,20.888590049677664,142.91778136807346,203.8999549041893,41.31580092565892,12.179838277968969,0,92.73656104790071,9.998631074606434,0,0,0
249,63,0,神奈川県,16.910784601249052,128.9305621668371,57.6195645297491,41.71732504520272,3.5499529152263833,0,94.0881542879683,9.998631074606434,0,0,0
250,48,1,神奈川県,25.174646507858437,106.944693758325,57.11428865678815,51.6056897159675,49.44470115889018,0,96.55725459950928,9.998631074606434,0,0,0
251,69,1,神奈川県,25.702880029029366,156.06100588916985,82.39637991979068,35.1041081415405,5.004064369573676,0,99.18608765368339,9.998631074606434,0,0,0
252,51,0,神奈川県,29.01301340871901,149.9443253172542,55.245815039626564,40.861223259998035,7.934232669080319,1,81.31309127529055,9.998631074606434,0,0,0
253,63,0,神奈川県,23.081488381004963,106.90628462934211,66.68585518501327,41.645923313578734,6.563922524879575,0,80.300341154333,9.998631074606434,0,0,0
254,40,0,神奈川県,24.592888272473203,96.06237188190393,26.05121090028194,41.93555587069766,7.435096246861192,0,87.00882262312574,9.998631074606434,0,0,0
255,74,0,神奈川県,23.959349129558415,154.58343722622823,142.57616439254522,41.42996026032084,5.624764573125045,0,97.79303912548657,9.875427789185489,0,1,0
256,46,1,神奈川県,22.576531764801434,126.71593394855408,80.10787064424328,57.253307406986735,11.81609644337486,0,103.66593530184537,9.998631074606434,0,0,0
257,50,1,神奈川県,24.62072375891813,128.75353480740992,321.5016476726263,48.30068183727962,49.30461630958999,0,81.49944757960768,8.131416837782341,0,1,0
258,68,0,神奈川県,23.617321220506074,117.17824163968297,107.66707539799341,41.62086762325545,8.766823635699199,0,106.8551120557289,9.998631074606434,0,0,0
259,48,1,神奈川県,24.23635200671072,107.83686479929938,205.44307640304916,50.14060232571059,22.71967870181594,0,105.13947002050631,9.998631074606434,0,0,0
260,51,0,神奈川県,17.966958201366126,110.87489460002526,58.2955958726818,41.5269835605505,4.999292179488026,1,77.94137739172177,2.811772758384668,0,1,0
261,40,1,神奈川県,24.938683489772405,136.76519203763823,131.63875811029223,43.989146483555,23.80557630406017,0,79.82283286499515,9.998631074606434,0,0,0
262,65,0,神奈川県,20.046008023964603,120.99476962785818,231.4608156731641,40.42748383116993,23.91352638172404,0,97.06979452311916,9.998631074606434,0,0,0
263,74,1,神奈川県,25.81956930433108,136.94220029455136,203.2344579908471,49.053688770494,12.951055863836238,0,118.02550887055698,3.2197125256673513,1,0,0
264,49,1,神奈川県,20.80784460442765,105.01647605023764,124.19094736103166,49.92237541443132,19.730017143764552,1,74.94440193032545,9.998631074606434,0,0,0
265,47,1,神奈川県,30.375805907834597,118.7267257074085,86.41837822129474,44.63065877744487,29.505295699709308,0,122.14468792928237,4.01368925393566,1,0,0
266,50,1,神奈川県,24.423308450453924,121.65286422660623,187.82124885287965,51.23954173169715,10.620823106634656,0,100.76498240766675,9.998631074606434,0,0,0
267,48,1,神奈川県,25.60688032591601,114.24683270794225,126.41800527991647,49.517461485539876,27.10426359654457,0,83.10878274002435,9.998631074606434,0,0,0
268,71,0,神奈川県,23.260163640188264,130.14787215704243,155.35248949395123,41.073266476766555,6.079473658735712,0,91.06215183405045,9.998631074606434,0,0,0
269,40,0,神奈川県,18.498238711961477,81.80956390312167,25.39641100185136,42.97538814614563,19.176612487443027,0,71.41788231140957,9.998631074606434,0,0,0
270,70,0,神奈川県,20.75271584392454,125.27320287020082,58.89579326325459,42.3566919825193,3.621705234056692,0,75.52888070041634,9.998631074606434,0,0,0
271,68,0,神奈川県,29.895016959992873,132.65782646103182,145.5570984833339,40.70140091285052,11.448521644113683,0,93.12245817304228,9.998631074606434,0,0,0
272,67,0,神奈川県,18.003664257688207,116.63571307749793,32.49083129808967,42.63182906988001,1.8999472333026934,0,78.23916649301937,9.998631074606434,0,0,0
273,45,1,神奈川県,27.113799638692285,126.90458742261508,260.82636065849994,52.51382861219025,30.730397743892404,0,89.3080999172911,9.998631074606434,0,0,0
274,70,1,神奈川県,17.86403583388354,135.15656888771255,80.20702500196175,45.92971299530952,5.324010031231937,0,67.08070435640117,2.2012320328542097,0,1,0
275,58,1,神奈川県,24.48596323303739,127.59411411931391,131.98504387280406,62.653242685243384,13.144894209852316,0,118.88404954752401,9.998631074606434,0,0,0
276,65,0,神奈川県,25.578183132136715,111.89111018245397,66.90096425430193,41.91763087943476,13.391788187436093,0,88.30534434301664,9.998631074606434,0,0,0
277,70,0,神奈川県,23.261021004717477,138.73017100244195,94.0671063437844,41.521977729094615,7.964517388975605,0,83.64703835350598,7.912388774811773,0,1,0
278,49,1,神奈川県,27.466365957745875,100.38850491822242,123.02060790984596,39.627475363200965,17.144942368419624,1,99.84405884669441,9.998631074606434,0,0,0
279,44,0,神奈川県,25.183503024923677,129.0425690650261,75.38421311560538,41.725000452486945,7.706820357543535,0,98.44113909784646,9.998631074606434,0,0,0
280,42,0,神奈川県,25.031393802530083,114.08485746884654,47.11016087478042,41.49718243214818,1.7957190806776213,0,78.74694567269704,9.998631074606434,0,0,0
281,42,1,神奈川県,23.748722421489074,116.4856974815932,134.0335493019893,48.420088479914966,82.60478017261607,1,100.79084327694557,9.998631074606434,0,0,0
282,71,0,神奈川県,26.321397665018267,144.53798725228538,95.40426013484476,42.70511345071698,17.450595149930315,0,92.50722624440645,9.998631074606434,0,0,0
283,41,1,神奈川県,18.263721925372298,114.97400088692206,49.380299890942894,48.92104528219617,30.12598957184432,0,90.87711645754098,9.998631074606434,0,0,0
284,44,0,神奈川県,20.85090312107449,98.12447647157532,164.78683365417731,40.986556274820146,13.132960281145516,0,98.67978878883845,9.998631074606434,0,0,0
285,50,0,神奈川県,18.653646636190434,117.5894712534465,30.04346121531099,42.43051058070013,8.316947086968629,1,102.66916392978958,9.998631074606434,0,0,0
286,71,1,神奈川県,24.78272921054282,142.06827558805205,190.08415148327646,50.17886102351336,20.78079048949797,1,100.52865897008355,9.998631074606434,0,0,0
287,74,1,神奈川県,22.176465469287532,122.74064997122318,38.861176969595626,73.57798424994327,13.085430641050326,0,60.55771848377425,9.998631074606434,0,0,0
288,59,0,神奈川県,21.931282451081966,131.60647918720196,10.332927062480351,42.23942625381522,4.386858859412742,0,73.69559281495796,0.5338809034907598,0,1,0
289,67,0,神奈川県,27.951486636796538,153.98643714542456,79.67177202509795,40.76993439298327,5.9476710545167775,0,95.37588878168343,9.998631074606434,0,0,0
290,52,0,神奈川県,25.154919861733998,115.82350510907779,113.46472443916484,40.9313271244946,14.470709116332907,0,98.94566140764968,9.998631074606434,0,0,0
291,50,0,神奈川県,31.36284877986244,128.6314986654823,130.8690128920188,40.48260510422323,8.116748329700537,1,79.53623514403233,9.998631074606434,0,0,0
292,64,1,神奈川県,25.616662424728133,123.5880192105057,111.8853608024975,59.026307083834524,57.839331107744734,0,123.30320711575823,0.70362765229295,1,0,0
293,46,0,神奈川県,24.40439294432113,125.8324407496065,42.22887962615956,41.68971333348858,3.2317125609840174,0,86.14971056883346,9.998631074606434,0,0,0
294,42,0,神奈川県,21.836011192171643,116.24716457990297,85.43050769035696,40.47092280834433,2.176685677798125,0,58.82447439890994,9.998631074606434,0,0,0
295,44,0,神奈川県,16.96804672448313,122.85451203680913,134.14301338125367,41.64943891379419,4.656139066697785,0,107.52577229226256,9.998631074606434,0,0,0
296,50,0,神奈川県,19.81811584674299,135.2265808794866,103.21848118639376,41.7335586307252,8.204647818009976,0,77.68296499310938,9.998631074606434,0,0,0
297,74,1,神奈川県,24.52540124846548,147.12317431964763,70.58007026138661,56.68190405326341,8.79263915048637,0,96.52177656479823,9.998631074606434,0,0,0
298,57,0,神奈川県,26.033046698329926,164.22454064055404,159.5166931788595,40.855399806346,8.171347023485014,0,85.49902286936202,9.626283367556468,0,1,0
299,74,1,神奈川県,27.317887796984333,158.01648648656064,209.6776779633235,54.254155939241464,23.948793829396838,1,90.43002200301767,9.998631074606434,0,0,0
300,64,1,神奈川県,27.257973108631102,165.35545371066695,132.50219377193596,39.54791637004887,85.36135945887706,0,123.84464873654456,4.851471594798084,1,0,1
301,40,1,神奈川県,21.368263365224788,93.43105007695475,253.23449578697387,62.1698630955612,36.12469038201265,0,113.91439352425037,2.9075975359342916,1,0,1
302,73,1,神奈川県,17.618828775236093,85.0855967495321,24.41798779239197,42.448573924608844,2.5538785151212746,1,125.0,0.7118412046543463,1,0,1
303,40,1,神奈川県,24.361793442736253,101.01861107926874,443.77708417031243,41.97043581596508,27.84920069273224,1,103.73623490990312,9.998631074606434,0,0,1
304,48,0,神奈川県,13.998730043745114,98.56312450912408,47.805076305803055,69.89616710625077,11.225545921378895,0,117.89962996110678,9.998631074606434,0,0,1
305,60,0,神奈川県,17.29421586890667,94.73037658382705,30.651191020702075,69.00043780635572,41.70224944691678,0,116.57203977137986,9.998631074606434,0,0,1
306,40,1,神奈川県,15.374718412006505,121.04579521659345,47.44994031482182,41.50595366049432,15.085612428509007,1,125.0,9.998631074606434,0,0,1
307,54,1,神奈川県,18.02316676780427,61.7023711212276,36.81343194763472,42.08624640965497,0.6192499130634892,1,114.13327173422407,9.998631074606434,0,0,1
308,74,1,神奈川県,28.21178654762504,87.64753192087714,61.03618780997713,41.35796840353558,4.173381899743792,0,118.11726431632364,9.998631074606434,0,0,1
309,50,0,神奈川県,30.789139153358807,106.92491728443567,131.54632112880992,32.111477895659746,29.80535044469035,0,119.37922582648343,3.186858316221766,1,0,1
310,57,0,神奈川県,19.481418239203624,105.31857221175284,211.21334454190125,58.26906848063685,6.822464145562965,0,119.74846331567679,9.998631074606434,0,0,1
311,68,1,神奈川県,16.3592122764175,73.61879265005089,35.25189931842918,40.32149250046256,3.0626048428588732,0,112.67677802719855,9.998631074606434,0,0,1
312,48,1,神奈川県,11.013822977327429,114.24197065252903,37.12163677574781,42.72604984054278,11.528351982560771,0,120.02250739525995,9.998631074606434,0,0,1
313,58,0,奈良県,21.86107451857843,143.4252450004456,76.05225516079919,42.33936319122912,14.341867331361266,0,99.66036904732469,9.998631074606434,0,0,0
314,40,0,長崎県,21.356014655197576,110.04071482494626,68.0475808463843,40.37497789858911,21.457934577365123,0,96.90079160420099,9.998631074606434,0,0,0
315,40,1,大阪府,30.84076754391711,145.09988666772682,95.2929381563734,53.52253055056257,15.34061582362915,0,120.15955396999662,1.3278576317590691,1,0,0
316,47,1,岐阜県,25.147499573797802,129.70345093674428,114.81299749140756,54.23036841522508,37.46624129067299,1,102.2673169270751,9.998631074606434,0,0,0
317,58,0,愛知県,22.824669536784416,89.30238565378829,56.30575755578569,41.41832337776832,10.014440922260356,0,62.69439860081273,9.998631074606434,0,0,0
318,73,1,愛知県,24.38691742633324,144.5018493586212,64.3034574234232,51.21832056917427,7.61353236278197,1,118.81387141697492,2.537987679671458,0,1,0
319,58,0,埼玉県,21.661107536865934,94.15147402937617,67.11053416969648,42.09224209913147,7.894699199899987,1,93.94304446968266,9.998631074606434,0,0,0
320,58,0,新潟県,23.484291580980432,165.60407575188196,248.6921623623646,40.48837849822578,10.705432506791182,0,85.82772767806559,9.998631074606434,0,0,0
321,40,1,岐阜県,21.725233557300836,98.01540656216527,77.67866234725187,60.31219470609451,12.84509049076196,0,89.57221795870208,9.998631074606434,0,0,0
322,45,1,福岡県,35.46286874832122,161.14872223482524,141.23162199153714,50.26129407411754,69.50958675059913,1,124.7569728468083,0.27104722792607805,1,0,0
323,56,1,神奈川県,20.66828667876853,114.66202789624843,72.37884093174846,59.23542039941074,24.288616891294495,1,76.00163482286018,9.998631074606434,0,0,0
324,41,0,奈良県,25.789845457930113,103.57386179773314,21.11384341813705,41.16202769201045,3.1894068326737828,0,83.08342354073156,9.998631074606434,0,0,0
325,50,1,東京都,20.50129085495262,107.46209488454642,77.77646252084415,62.846949436590826,2.4909673074679994,0,125.4046318212327,9.998631074606434,0,0,0
326,71,0,福岡県,22.481564057466354,125.27156173717438,125.89997664364367,41.996309116682816,9.631367802010988,0,112.86337224819682,9.998631074606434,0,0,0
327,43,0,福井県,21.09235760597597,137.77853690681331,24.26981106546297,42.30711893133438,6.181735885162345,0,85.31795793579342,9.998631074606434,0,0,0
328,54,0,福岡県,26.48864365808405,108.62569844801547,49.266583264523526,41.70979399061643,33.780818463282,0,88.322582542246,9.998631074606434,0,0,0
329,43,0,東京都,18.641345175804165,104.05652903637866,51.88415167228828,42.70024671365898,13.269565704296067,0,60.009454663060566,9.998631074606434,0,0,0
330,62,0,岐阜県,31.820887874929717,125.38459385449026,254.7137711082408,41.0958726122324,17.270596657331108,0,102.27877424463554,9.998631074606434,0,0,0
331,45,0,茨城県,21.30042954151298,86.27282259107366,19.929149684710698,42.02530611628783,2.2719448724846254,0,74.85910052189894,9.998631074606434,0,0,0
332,74,1,山口県,30.178724524501053,151.491341363654,84.01164353729352,52.65589560896054,10.493246306424167,1,94.57683568707398,9.998631074606434,0,0,0
333,50,0,岡山県,19.886547983814058,153.36754703076735,68.71642832376173,41.88675528980386,9.152268946205684,0,91.40725629216914,9.998631074606434,0,0,0
334,67,0,北海道,27.945512137095175,155.1365205045706,280.4565816248632,41.326085235993375,33.101714023064574,0,99.62544170168881,9.998631074606434,0,0,0
335,61,0,新潟県,21.77863273746273,105.05609068016733,117.6504476943341,40.8188387384327,14.001983981068241,1,102.92202035234537,9.998631074606434,0,0,0
336,47,0,岐阜県,22.476073284390438,128.17939004184103,14.869790054196686,41.568935391412275,4.41215453812308,0,117.53150741096046,9.998631074606434,0,0,0
337,50,1,岐阜県,34.628232500092004,137.1699078148107,636.5244784466367,55.03510943097137,32.953875035561225,1,114.49162603588698,0.2135523613963039,1,0,0
338,66,0,愛知県,23.211859895411155,104.84950200047436,95.69073579396323,40.6626515581057,19.36630930898471,0,79.21023537080175,9.998631074606434,0,0,0
339,51,0,埼玉県,20.159348593511883,121.85659524974487,220.5043355903524,40.16398592105679,12.605213403431948,0,86.93055990220928,9.998631074606434,0,0,0
340,47,1,沖縄県,20.61492945769812,122.88630762099987,99.89271728590919,63.33119144560137,6.553769525404276,1,77.43575358531471,9.998631074606434,0,0,0
341,52,1,奈良県,29.644755542268314,150.12187483093396,121.17887490230802,51.12553424980681,30.598560232989882,0,107.6639075342957,9.385352498288844,1,0,0
342,50,1,長野県,22.561028683035126,117.97250642723262,167.8453046053977,56.83674106781483,46.215035702686514,1,110.3706501304968,7.832991101984942,0,1,0
343,70,0,京都府,19.11181696026804,119.44644300490793,52.12512397904714,41.964547980962365,2.93601370845604,0,70.12384143329514,9.998631074606434,0,0,0
344,61,1,新潟県,20.12703002003158,142.15829256818915,100.26877617445024,46.631294780818514,35.7524021667133,1,107.35020146027989,9.998631074606434,0,0,0
345,69,1,千葉県,24.590002217022874,102.90662092621821,232.71686950848303,38.60353964287377,37.17875969991726,0,96.59060001448576,9.998631074606434,0,0,0
346,68,1,神奈川県,19.20706122866617,106.5132237457907,121.055479954104,64.54601538563973,33.9553978723602,1,120.24154379461523,9.998631074606434,0,0,0
347,48,0,東京都,20.215044744916927,117.9838011299685,29.58052473233287,43.05326498524504,38.93210129115389,0,87.92596924358747,9.998631074606434,0,0,0
348,60,0,大阪府,23.66680838211798,159.36140592472637,98.7449427277477,41.52182107320061,5.18956378884528,1,97.37504412207484,0.39698836413415467,1,0,0
349,61,0,愛知県,22.68055587064194,88.21217784918954,75.61703119421895,41.61351526904539,6.4884279645891,0,80.44277887189475,9.998631074606434,0,0,0
350,66,0,埼玉県,23.40270423744773,126.75654287854938,54.699339095809066,41.15859734932456,20.45189063395225,0,76.67115299817924,8.10403832991102,0,1,0
351,53,1,愛知県,22.060837026741837,129.6338745297371,100.09559811736028,50.827141696924,45.69054787589924,1,85.15440459152461,9.998631074606434,0,0,0
352,42,0,滋賀県,20.625546488271564,100.57532502022983,53.21425632242104,42.05522621561287,33.176529427917146,0,70.63192107222231,9.998631074606434,0,0,0
353,51,1,兵庫県,31.911647947015872,141.5310644439118,145.54012455730472,49.067932271437684,28.260960858138176,0,90.83944989317533,9.998631074606434,0,0,0
354,47,0,神奈川県,16.779015736076737,105.18235012342151,32.03841923522138,42.464835472404076,20.589868653595914,0,98.93080764065711,9.998631074606434,0,0,0
355,68,1,青森県,18.18972909409734,118.12392826379465,191.83902720086587,51.53707832845139,12.189871337626071,1,100.16292456876606,9.998631074606434,0,0,0
356,50,0,神奈川県,18.28000571782666,112.42174617275498,83.437700068085,41.86359010275572,32.67333325144996,0,104.29130563364065,9.998631074606434,0,0,0
357,73,0,新潟県,21.892154431184686,138.1869635921612,69.05015463645007,42.01855511429539,6.373044643724845,0,92.13767401737233,9.998631074606434,0,0,0
358,50,0,山口県,16.35676014738667,133.97791594606653,50.55453544289488,40.68597828034506,15.8351631218533,0,107.33684465352864,9.998631074606434,0,0,0
359,67,0,山形県,17.5487051940752,105.8497870508713,105.12768064249634,41.782517993845154,30.081246489392417,0,95.26439075909283,5.577002053388091,0,1,0
360,66,0,石川県,20.970528856047327,149.03491098766455,157.26517962801407,41.600137519188145,5.318773850228631,0,90.0053769551184,9.998631074606434,0,0,0
361,58,0,山口県,23.839025999120313,124.72048645461167,31.008928581440152,41.639697519253794,7.730319826192723,0,66.3671629025771,9.998631074606434,0,0,0
362,62,0,福岡県,20.17484614352755,115.65291298491478,20.545656904255463,41.927757723733386,5.808868966306238,0,73.3276358251693,9.998631074606434,0,0,0
363,47,0,茨城県,22.857300949412856,152.33045765653742,45.19246823667124,41.807553956801634,5.556718811151446,1,84.68232939565692,9.998631074606434,0,0,0
364,73,1,秋田県,21.034711979629243,121.29437529363004,115.05773084924598,64.26577914880546,22.363509212448594,0,72.42279571496307,9.998631074606434,0,0,0
365,64,1,富山県,22.801135891007696,137.2444924497185,42.32142051450724,57.84125292928925,12.337305224169025,0,91.2777158327819,9.998631074606434,0,0,0
366,61,0,愛知県,23.40660401804265,107.48677066693367,56.866297976521714,41.03599116793085,2.850565234376833,0,83.8553720825802,9.998631074606434,0,0,0
367,54,1,静岡県,20.55584265920239,110.32788977838646,69.18396440733602,65.60046816339873,30.306618740571945,1,111.43967312160035,9.998631074606434,0,0,0
368,54,1,大阪府,23.980585922917047,116.85546447234653,66.6045828287309,64.984452622882,16.186823582941802,0,99.74907629968274,9.998631074606434,0,0,0
369,44,1,和歌山県,27.72135867873676,135.6114415426606,182.71676624905524,38.01659788470532,37.505779163270084,0,94.43659125922825,3.786447638603696,1,0,0
370,69,1,東京都,22.090231819119538,134.48558772805796,116.87029824446743,52.74675032852228,5.125025950177582,0,83.93630356389589,4.813141683778234,0,1,0
371,56,0,大阪府,22.085431478122764,144.33864864791082,210.10865704072765,41.20264056084197,22.69807226999944,0,72.90112033151979,9.998631074606434,0,0,0
372,54,1,大阪府,24.247343553382805,147.8788349064889,185.23238669076943,47.043665629440184,11.988049853746688,0,102.2934637591994,5.188227241615332,1,0,0
373,58,0,新潟県,21.68743669393592,119.21927857788457,61.106380021354276,41.51715861835869,30.633538966994326,0,109.86404407996461,9.998631074606434,0,0,0
374,42,1,広島県,21.20744357018316,113.13248886957406,193.25894453804486,55.67389725925742,22.99173265207203,1,93.38107098478008,9.998631074606434,0,0,0
375,48,0,京都府,17.73539576021204,156.99629834809232,79.14298310327017,43.0956563794865,7.750724970848165,1,106.09883829937012,9.998631074606434,0,0,0
376,64,1,宮城県,20.651591768799975,127.85316105410999,76.39850625931327,64.87477161160895,15.678724529729454,1,86.76686904564163,9.998631074606434,0,0,0
377,65,0,沖縄県,22.737446624859597,109.0916281556234,70.56766121033881,41.210236263136316,31.1329040633339,0,69.88113640225241,9.998631074606434,0,0,0
378,50,0,神奈川県,22.571674140352222,125.39605769972977,104.56023848220988,41.08342685116551,17.93594387794862,0,84.11744340386242,9.998631074606434,0,0,0
379,55,1,香川県,20.872537267298608,161.25520634194538,68.37962042672964,57.74841569665192,13.632958211435346,0,101.01055171135282,9.998631074606434,0,0,0
380,44,0,三重県,25.430978827508316,101.84151846929878,49.58718153864686,42.69880322321917,10.751995848955554,0,76.29638975492604,9.998631074606434,0,0,0
381,64,0,兵庫県,24.33480162472381,156.03817303939167,66.69503728949145,40.96742095754831,6.345243932485419,1,77.26052211531459,9.998631074606434,0,0,0
382,71,0,宮崎県,27.80873139329335,133.9916971024271,99.31059150343572,40.58276996053266,18.070676048469334,0,100.91794697963114,1.374401095140315,1,0,0
383,45,0,長野県,29.335272615996132,102.88885899376244,216.95349861081692,40.738113010853276,26.102990316172363,0,84.54666328198084,9.998631074606434,0,0,0
384,58,0,大阪府,24.242141149755714,140.50462309859017,115.67068047247841,41.301977588076404,14.574875798306756,0,97.45619601697787,9.998631074606434,0,0,0
385,45,1,愛知県,21.908347517262143,74.20564998457672,37.553060753419246,46.36585781546441,54.184976164224835,0,114.54162363659057,9.998631074606434,0,0,0
386,69,1,佐賀県,24.145871370690067,88.45829899017181,46.843991380803395,49.32523312443085,13.490965984317247,0,104.88108751732734,9.998631074606434,0,0,0
387,49,0,岡山県,23.03316065936357,111.27251617060719,85.01666759286795,40.63522694050547,7.270241616093249,0,75.70882691529357,9.998631074606434,0,0,0
388,50,0,東京都,21.902282125726426,104.19706160259774,53.171378127342884,42.52492921758717,6.20851681793141,0,124.81965112023526,9.998631074606434,0,0,0
389,44,1,大阪府,27.154731101492843,140.4881184505649,165.20770957043584,34.09330957547115,7.385108254433147,1,99.64880114753387,9.998631074606434,0,0,0
390,64,0,高知県,21.516969766116212,135.50764937516388,55.827998389766265,41.03247430791272,11.037884980705789,0,90.34443779870932,9.998631074606434,0,0,0
391,71,0,神奈川県,27.113173842630818,160.44191973931902,60.64332789640916,40.82576978598117,5.774091035524026,0,95.76312430875777,9.998631074606434,0,0,0
392,41,1,東京都,11.518984971146454,76.15263313036274,22.543929041892397,52.826900042236076,14.482589400699265,0,71.21019826977955,9.998631074606434,0,0,0
393,60,1,東京都,27.56802878052045,148.16104225655556,39.37033354357141,64.01905527901616,17.776109362910603,1,94.89976116196347,9.998631074606434,0,0,0
394,50,0,長崎県,19.325027681043874,129.37456705572208,38.04180146323146,41.82045787381235,5.563590294465577,0,83.13130113571609,9.998631074606434,0,0,0
395,63,0,青森県,26.853737003591682,173.90029953457207,77.27926136082719,42.009635183190774,19.84780397609457,0,105.57882159747271,4.673511293634497,1,0,0
396,52,1,北海道,21.856569178817153,93.9853635150617,132.6754121980145,56.77827178472282,36.278235682495705,0,73.0356583597448,9.998631074606434,0,0,0
397,69,1,大分県,20.6245169599055,99.26968318920677,62.18053245700048,46.07404591934313,12.661102826612998,0,98.58421717006419,9.998631074606434,0,0,0
398,49,0,福岡県,29.259032550429986,111.5659819346793,83.49743322400528,41.63392885543428,20.874027450088406,0,111.71803624762254,4.577686516084873,1,0,0
399,74,0,大分県,19.554305063249437,118.20700825011903,71.39177866311807,40.971551012159395,7.58203053275656,1,116.98698498157479,9.946611909650924,1,0,0
400,68,1,長崎県,22.84598696506154,111.88762982654245,54.80543987447748,59.79491565245233,4.74628681275011,1,85.64024097387373,9.998631074606434,0,0,0
401,67,0,北海道,22.524422887807784,131.73972684576552,236.31330515600163,41.052375035711194,7.93947491879785,1,88.81587494494917,9.998631074606434,0,0,0
402,69,1,福島県,19.760750089858288,127.07406354369498,90.16918197932219,66.38139230678387,14.738541549206825,0,71.44094683050108,9.998631074606434,0,0,0
403,43,0,愛知県,24.582656831640637,133.1956225037758,20.639490868718298,42.67300617984213,2.20307958672066,0,76.9804840731971,9.998631074606434,0,0,0
404,63,0,埼玉県,21.271269567695864,143.26919799016878,92.00207855508516,40.782738016495735,11.458205936906124,0,86.54632669978974,9.998631074606434,0,0,0
405,46,0,熊本県,25.940828014999582,131.16414759709522,56.50794522069874,41.699241579249076,2.5237020487704616,0,88.89932909960078,9.998631074606434,0,0,0
406,50,0,三重県,13.673560246212142,93.71785827289662,183.00399490953723,41.46441692413182,7.912394856569546,0,63.481155024686274,9.998631074606434,0,0,0
407,62,1,北海道,23.11647144231513,138.07485582602612,118.60443674411037,54.99502739821884,7.222535569711498,1,92.98597578097731,9.998631074606434,0,0,0
408,52,0,岐阜県,20.191667432562845,134.7354002596609,44.68697399858371,41.638593874340515,44.637109478204955,0,93.97868614181432,9.998631074606434,0,0,0
409,69,0,愛知県,21.84749262505255,120.28156287529886,64.70497937658486,41.3479033934508,14.193904390140766,0,100.34010057777292,9.998631074606434,0,0,0
410,57,1,千葉県,27.896737716046463,94.15734361674413,318.87567179599023,42.80592075480814,60.67503445118864,0,113.40592364462853,5.66735112936345,1,0,0
411,48,1,岐阜県,25.473275171201614,106.53894647553199,58.08641618738503,55.19864253988052,35.890868174725625,0,88.83269321020481,9.998631074606434,0,0,0
412,41,0,島根県,24.12598550653576,113.41232324173245,56.71894397964079,41.12936730183722,16.313227596903488,0,81.3990955940786,9.998631074606434,0,0,0
413,40,1,東京都,18.83028899819303,110.35786604415354,19.85209332746711,63.374242238086936,8.671673666975964,1,107.60517173274908,9.998631074606434,0,0,0
414,46,0,福島県,25.035001835514905,89.17067920126811,32.4007640892128,42.41958615610655,5.279554238246909,0,84.34160172627966,9.998631074606434,0,0,0
415,45,0,埼玉県,19.57776354481126,104.19626665754878,92.20140089489311,40.42502640561264,12.17256931305158,0,82.43807143261691,9.998631074606434,0,0,0
416,55,1,北海道,31.001648661200655,116.6390223039123,174.56719971178055,44.16563708264311,14.081216297394484,1,102.51180014487886,9.998631074606434,0,0,0
417,45,0,沖縄県,16.45351732370093,114.09321556615012,24.403132320307257,41.22764086809042,3.0249944723897215,1,73.66954078977322,9.998631074606434,0,0,0
418,55,1,愛知県,25.118561679464257,115.41039393858259,411.3589930484302,62.791536216581754,50.3693201817992,0,101.9990053419636,9.998631074606434,0,0,0
419,70,1,長野県,18.830230938796507,104.08781372024876,45.05487106686157,61.67901811410337,17.29738447748965,0,102.46573193183694,9.412731006160165,0,1,0
420,50,1,石川県,21.69642123200888,113.85767021297727,95.34750166542015,57.16153687138732,27.092502549445097,1,97.08152788145317,9.998631074606434,0,0,0
421,65,0,千葉県,23.646435299281528,126.3457460413274,129.60354626531637,40.78555184165499,17.066659546623008,0,113.52074939686064,0.34223134839151265,1,0,0
422,69,0,三重県,16.174206066625242,101.90329374290593,141.3380771186168,41.152585238816265,22.413207665457062,0,119.83301410650252,9.998631074606434,0,0,0
423,46,0,兵庫県,20.852242003133263,148.30261041274193,39.59647815018697,42.00314605038258,4.458720998793962,0,68.36410493588346,9.998631074606434,0,0,0
424,50,1,滋賀県,31.835510181489823,161.21756965833774,275.5788248493389,55.15986057415739,23.780988331381504,0,105.22608079140718,9.998631074606434,0,0,0
425,53,1,福岡県,23.534358628553115,159.6900514488329,79.74216170760296,51.08615789903519,22.11832691120093,0,105.09245226464162,9.998631074606434,0,0,0
426,69,1,愛媛県,22.392779519857115,129.12761317819084,70.35516022053747,54.54676347047379,33.34077359597964,0,88.14756994152785,2.0150581793292264,0,1,0
427,40,1,静岡県,25.74327499645386,125.25135709661184,60.77538440726156,40.302148678033944,17.140520500757464,0,92.98829787132898,9.998631074606434,0,0,0
428,40,1,東京都,20.102368740787234,111.08305814941217,80.83971516960499,66.48547616669843,22.823475631079265,1,96.07943609600986,9.998631074606434,0,0,0
429,46,0,熊本県,23.073230769313092,110.19878677059403,41.605629745776746,41.936314720747184,15.444862975775973,0,65.23050904112506,9.998631074606434,0,0,0
430,72,0,福島県,23.090604523585725,161.2936309658077,75.34710089010561,42.64230544740483,18.150227805997087,0,79.72146054765595,9.998631074606434,0,0,0
431,55,0,神奈川県,24.320476532608726,122.91371400798126,49.693210259168836,41.844320091157805,4.944470921311302,1,84.2648740778627,9.998631074606434,0,0,0
432,46,0,岩手県,16.08720855428816,111.58204397711859,63.715339540703226,42.0771228646518,12.432059791823473,0,84.39351211007235,9.998631074606434,0,0,0
433,55,0,神奈川県,27.306092667898668,116.7158768697107,103.85900476680918,40.98523225251843,10.78155584341982,0,93.19842199292768,9.998631074606434,0,0,0
434,70,0,千葉県,21.204680850498363,123.3349422544896,104.93979393191103,42.3793521438614,10.375917728024362,0,120.4116186880918,9.17180013689254,1,0,0
435,46,0,福岡県,21.82259006231252,92.68112086078614,34.94369306480094,41.596633693933,4.386830218172379,0,68.80064957441166,9.998631074606434,0,0,0
436,65,1,広島県,19.927109387137943,129.28520522462458,205.5350618742141,59.6290217100435,46.54951144225887,0,110.08068599004916,9.998631074606434,0,0,0
437,53,0,愛知県,31.868084785959205,128.10341209709597,377.22120455789195,39.90076186006055,35.117823351391046,0,91.81061233680099,9.998631074606434,0,0,0
438,45,0,鹿児島県,19.924842144382335,124.84496504621319,31.339669453974444,42.2040029974456,3.3530844280109706,1,68.99922437400532,9.998631074606434,0,0,0
439,57,0,千葉県,30.160633807797023,147.6832058148267,111.62198181641705,40.98115847427277,11.529783026491748,0,102.88100318155969,2.001368925393566,1,0,0
440,57,1,青森県,23.068737520067323,109.92002437491226,67.32970906277744,64.61245450498961,21.465001037607355,1,115.79201584655013,9.998631074606434,0,0,0
441,45,1,大分県,19.492221311961384,135.61473415459548,21.4121523183913,60.4033234174881,19.213919761649695,1,80.24987743660031,9.998631074606434,0,0,0
442,68,0,兵庫県,17.29166021626454,132.41766039765935,89.36089986920472,40.57070349768436,2.6311232862021274,0,98.92118185272759,9.998631074606434,0,0,0
443,69,1,東京都,23.331688048078036,139.21640622492453,91.41188253796666,43.41367445763643,24.371316332962515,0,80.59588056438854,9.998631074606434,0,0,0
444,48,0,千葉県,28.55522454480785,141.02250555092422,32.04767083223107,41.424734467459814,14.745069572962164,0,103.05005838100422,1.8809034907597535,1,0,0
445,62,0,福岡県,17.283847709304133,89.48799240973435,49.257688333988575,41.916860350228255,8.319060278693245,1,72.5146608213754,9.998631074606434,0,0,0
446,43,1,東京都,18.342612098658126,79.22363495912738,32.24963688980313,51.73512581371155,9.956753934279687,0,63.730300988566825,9.998631074606434,0,0,0
447,59,1,奈良県,19.930480296726756,139.32553662270158,111.46678780644454,63.23550364832288,11.184259002770256,1,99.92302837931162,9.998631074606434,0,0,0
448,40,1,愛媛県,29.719870312573164,136.11930100399806,35.37753305909857,60.08000692664869,15.984818122455072,0,98.574588124165,9.998631074606434,0,0,0
449,72,0,栃木県,22.480222473010613,139.96179389984923,60.19898049340652,41.36161112045218,32.08122310756298,0,94.66455543294981,9.998631074606434,0,0,0
450,70,1,東京都,21.834977510888425,134.5482793090929,69.72623912315348,52.27706053500589,11.612422947838626,0,99.14887547958571,9.998631074606434,0,0,0
451,57,0,愛知県,21.987548244297244,109.40299858327192,57.37345156081327,41.98804325618955,21.85314697462658,0,100.22423170350963,9.998631074606434,0,0,0
452,42,0,福岡県,18.807209045009788,124.30424005913326,30.250709366529414,41.53192339022947,4.238133983933931,0,79.57722282919975,9.998631074606434,0,0,0
453,49,0,熊本県,23.933446436041972,145.48298694394003,66.9483451177219,40.902212338079494,19.653681280587058,0,91.00306733811836,1.1690622861054072,0,1,0
454,71,0,大阪府,22.169948384755426,109.14328369880413,69.24268705842178,41.872143212622575,10.565318894107286,0,88.49575376693083,9.998631074606434,0,0,0
455,53,1,香川県,27.68971044022666,156.70220514685818,458.98164500841307,45.22480741331749,27.885515514106345,0,93.64634165805849,8.59958932238193,1,0,0
456,52,0,神奈川県,25.09764788770635,155.06112915074323,69.44350038563616,40.756687184024564,3.257952596763768,0,110.06121143930729,8.487337440109513,1,0,0
457,50,0,群馬県,26.216077480251748,122.17794922367095,144.14132651050102,41.227003537583506,14.12617573540512,0,90.60566873164908,9.998631074606434,0,0,0
458,51,0,鹿児島県,21.78436238993299,103.37315683921807,16.43944113758365,41.370539493011485,7.012272703879996,0,88.30007216425656,9.998631074606434,0,0,0
459,69,0,秋田県,30.166390117507643,130.18226161826377,48.73593124941428,41.608837568342835,3.4888453643156554,0,82.79129972440468,9.998631074606434,0,0,0
460,51,1,神奈川県,27.871803112098583,123.50008805195334,90.29077331852942,48.855166008052315,25.980924329660297,1,94.60526038606852,9.998631074606434,0,0,0
461,68,0,福岡県,24.287936583709428,133.67070900969452,70.28160199729608,40.75807303336489,9.90764703170789,0,79.07206489666315,9.998631074606434,0,0,0
462,51,1,東京都,21.75411299058266,95.61814155311649,109.76278815778204,63.8145854770321,24.59463293827349,0,68.26178118059693,9.998631074606434,0,0,0
463,61,1,鹿児島県,25.744044375024952,143.19412808386556,164.73022173629477,53.313823131272144,24.34596528618487,0,104.10757467010538,9.998631074606434,0,0,0
464,47,0,新潟県,16.552011206140655,108.44192984378033,22.383686758954493,41.519367009608466,2.6357983936261267,0,85.09165984763416,9.998631074606434,0,0,0
465,58,0,富山県,24.230571020537205,145.68341029277224,68.19999975867675,41.69259979224434,6.171343501640436,0,93.84248840091341,3.19233401779603,0,1,0
466,59,1,東京都,24.82736487254995,141.58766320668062,32.13813324515342,60.56427718124138,9.434081196284069,0,102.89376869421619,9.998631074606434,0,0,0
467,49,0,岐阜県,18.909493241613003,93.07946782073742,25.738972086691433,42.83391405670721,5.637335157623761,0,81.42755945304631,9.998631074606434,0,0,0
468,74,1,千葉県,27.042323942927464,123.26666062919901,78.11585659057015,33.92661007231024,34.61150352198542,1,98.85822713302312,4.999315537303217,0,1,0
469,68,1,長野県,24.62445425787878,152.86820693015477,248.6004039280088,62.60002347187885,16.966702393901535,0,100.99088051192498,9.998631074606434,0,0,0
470,68,1,石川県,24.494693827398642,124.08391222054541,69.24501447432789,46.10731968607907,32.4095414341842,1,83.01325156401838,9.998631074606434,0,0,0
471,47,0,群馬県,26.216447173599235,84.06086550036446,60.50174819601509,40.8147984149692,37.37616332640417,0,63.73807480243497,9.998631074606434,0,0,0
472,40,1,東京都,25.615882147524864,136.70372868306458,26.096022814605735,56.342319209353015,40.695047300215165,0,86.72598776658248,9.998631074606434,0,0,0
473,67,1,福井県,22.010675451746845,141.69146260865423,148.60990195387564,47.15846854451596,17.309791898729173,0,104.863554380179,9.998631074606434,0,0,0
474,63,0,青森県,25.826155828208822,118.90644873775254,113.29372464094716,41.26102121571597,22.539750856312324,0,115.31794008887256,4.563997262149213,1,0,0
475,47,1,東京都,21.605521223921368,99.07762274216375,58.878757324299244,36.068729155205816,47.117005779098896,0,79.09069927590467,9.998631074606434,0,0,0
476,57,0,福岡県,22.240403399428793,122.27392946320478,53.76276306372666,41.17524901284531,13.887947233915108,0,86.76218099775906,9.998631074606434,0,0,0
477,46,1,茨城県,31.451479367865304,137.03767256232945,85.85919735030525,51.408530938116584,50.99242921987587,1,98.66127737567625,9.998631074606434,0,0,0
478,64,0,沖縄県,17.406325005077978,136.58183241715807,93.39010702607354,41.38021978668143,5.382056635084494,0,84.25392693644308,9.998631074606434,0,0,0
479,48,0,北海道,18.20318076480884,93.62623154666429,51.33750535260551,41.58407112510631,5.115761898108451,0,90.01781713081255,9.998631074606434,0,0,0
480,45,1,愛知県,26.643413524390787,143.69264481970782,384.4592564525932,42.93503077093595,21.50978255011048,0,80.33067579807178,9.998631074606434,0,0,0
481,62,0,福岡県,18.85074626835537,101.3854572163468,33.15873383802112,41.805386117378546,18.82656629290196,0,100.16394884640457,9.998631074606434,0,0,0
482,49,0,兵庫県,24.979595049945004,117.75848981764138,66.27396206115782,41.04607420518562,2.4834489196274787,0,99.84639225436678,9.998631074606434,0,0,0
483,52,1,大阪府,18.064319409325947,101.8228911701513,122.21483879764995,45.547986737946744,4.469443348760431,0,66.01054410529565,9.998631074606434,0,0,0
484,51,0,京都府,24.648056024904076,113.6528300041329,34.06265330614397,40.63597647896359,19.1241999581974,1,88.64781191946568,9.998631074606434,0,0,0
485,65,1,大阪府,19.958834603146947,147.63359646677483,49.8479960904892,53.11199417968021,13.233446843107728,1,110.72966141494678,3.6386036960985626,0,1,0
486,44,0,秋田県,24.184342289843926,114.67383096429359,74.25358691839664,40.43904931053427,19.092935890290633,0,76.32156102110409,9.998631074606434,0,0,0
487,73,0,埼玉県,23.291853864761887,140.80605194526683,64.39463267868045,42.97134698386984,14.400000550634271,0,82.30864086601497,7.225188227241615,0,1,0
488,63,1,沖縄県,26.287298051003116,115.82929215896647,109.05166902278852,44.6027956835851,14.249805980260216,0,106.24435509836792,9.998631074606434,0,0,0
489,64,1,沖縄県,22.932100046742388,101.77094525808577,113.25451413381664,51.252847771948666,41.69427794934866,1,105.57801118591324,7.02258726899384,1,0,0
490,52,0,愛知県,19.304823352894914,112.80907091772356,225.83585737824868,41.04934722337146,15.80224606444452,0,66.24509925022673,9.998631074606434,0,0,0
491,40,0,福井県,23.26299636462691,127.05104944654008,62.91958940032831,41.60743515583739,10.399003284284763,0,92.51558164088607,9.998631074606434,0,0,0
492,70,0,三重県,21.926984806695785,115.95920871691816,74.9996197466341,41.15856186330309,1.958734505789389,0,88.80440568292296,9.998631074606434,0,0,0
493,60,0,熊本県,26.97281629962013,119.28509256530677,69.91054846444285,41.7230778155353,14.815446790094443,0,85.82082443835066,9.998631074606434,0,0,0
494,51,0,埼玉県,18.83086699103898,80.86373792160941,47.88122971185741,41.600391061139995,7.750828733891145,0,106.25145479869653,9.998631074606434,0,0,0
495,63,1,京都府,24.36744319448199,111.6342640719464,63.06783794677496,45.36827387572245,9.059321581943129,0,74.31828045613945,9.998631074606434,0,0,0
496,74,1,埼玉県,26.947845312646205,143.12026735510142,141.081698164549,47.81497914854667,14.724313074425124,1,104.60003911431225,9.998631074606434,0,0,0
497,44,1,埼玉県,28.463099434266145,122.32611531019298,291.2236665122693,56.31628472555263,81.83172724600394,0,105.25625465650579,9.998631074606434,0,0,0
498,59,1,千葉県,24.51139813191863,127.57384397710638,61.48654397570122,52.5325441104664,10.416462695906478,0,68.5357390931003,9.998631074606434,0,0,0
499,64,0,神奈川県,20.560508534093113,130.38789849977454,67.99828527994195,41.07198230244241,14.712226848748669,0,111.9149785742128,9.998631074606434,0,0,0
500,68,0,長野県,22.329262991893522,121.74301233347924,99.42506151075312,42.77388330875632,27.11317919153197,0,76.56586713282941,9.998631074606434,0,0,0
501,73,1,東京都,23.970947079388658,133.2113628603495,165.8784409190876,47.96127111098434,38.72913269447429,0,87.04486702183495,9.998631074606434,0,0,0
502,41,0,東京都,16.62586590749174,98.33015432625696,39.82048968642648,41.31873518049845,52.13627895369747,0,102.48991433326327,9.998631074606434,0,0,0
503,73,0,福島県,29.793857790518835,169.24569956649896,264.8674336570986,40.919535607225335,29.344902224662192,0,81.04121351812374,9.998631074606434,0,0,0
504,41,0,沖縄県,24.87705806723923,105.3101398964287,42.309847686652866,41.6921380021902,21.186945196141973,1,97.67778243482283,9.998631074606434,0,0,0
505,49,1,埼玉県,25.9360453692565,115.11071378336894,151.6916576080577,51.52478743889916,24.349792365424403,0,91.80913621057203,9.998631074606434,0,0,0
506,48,0,兵庫県,26.43016373040516,126.1115623035814,59.16500121246132,42.77569768570408,9.512559166853492,0,62.947672030924025,9.998631074606434,0,0,0
507,71,0,福岡県,17.370390032421554,101.58029239326612,67.70206317368911,41.63789366001487,10.050795227082466,0,98.62202340490225,9.998631074606434,0,0,0
508,51,1,福島県,22.068432669917236,121.996851593624,116.93361223201532,47.73130265784704,22.293531117924218,1,102.93078318876225,9.998631074606434,0,0,0
509,71,0,愛知県,23.245591444179073,135.4558970253718,49.95851869825932,41.83207295521709,13.431977581111427,0,101.88487897276505,5.716632443531828,1,0,0
510,73,1,神奈川県,22.74788775465379,115.02929481564985,136.4951373873804,52.39742098684948,17.771216482257856,0,94.41351238289907,9.998631074606434,0,0,0
511,67,0,神奈川県,26.1873621137372,143.28893473117694,56.475378212467305,41.79991448838873,6.18447718495061,0,123.12217400584052,2.945927446954141,1,0,0
512,74,0,大阪府,26.638930944135275,138.24979350089876,100.22851438700998,40.64747853507344,14.20902762293774,0,75.49785046652833,2.4832306639288158,0,1,0
513,72,0,大阪府,26.384989992384895,157.8143386509528,108.57671016836095,41.75368814077335,29.56172473500869,0,117.18386626739084,9.998631074606434,0,0,0
514,54,1,沖縄県,24.15864525720389,125.3110518853623,133.3042293385926,49.921563800893594,18.77476131488681,0,88.95733860521841,9.998631074606434,0,0,0
515,69,1,奈良県,26.009984513337407,139.79882069292387,180.57471253687223,53.226845179288894,18.713943890601847,1,90.25730057944561,0.8049281314168378,1,0,0
516,50,1,群馬県,32.16815042420035,162.48946194006007,114.02207333531554,44.04955305333749,19.508342976499844,0,103.26292665511049,9.998631074606434,0,0,0
517,41,1,富山県,26.421948064070566,118.96956146958208,109.64328854609258,50.35768236131457,6.947493972998732,0,93.36119589024977,9.998631074606434,0,0,0
518,49,0,東京都,20.015946199925317,124.0337058978319,31.210935756728823,40.62088235349645,4.944689812789677,0,98.88530600048911,9.998631074606434,0,0,0
519,44,0,千葉県,24.00158382777316,159.211968679417,132.18255301901587,40.96842345197309,23.255572601741548,0,68.8331415983167,9.998631074606434,0,0,0
520,58,1,兵庫県,27.69686599383656,117.69051748334624,99.31179395600346,43.923060196673006,21.62157390574758,0,94.01212181854585,9.998631074606434,0,0,0
521,47,1,栃木県,24.35696724646321,126.08771837384376,142.97795701304074,55.37397263671339,17.651999378534725,0,90.31698185812897,9.998631074606434,0,0,0
522,45,0,東京都,25.45797825168935,143.2737470434362,61.83879637860265,41.27850805109983,21.888512973187947,0,116.94813207029114,9.998631074606434,0,0,0
523,54,1,鹿児島県,20.96422925478831,103.05227845775633,106.37599027048174,56.75261732105942,5.9131687931486,0,85.38688743426987,9.998631074606434,0,0,0
524,61,0,福岡県,18.998462612591005,126.92407480509476,121.13685890867876,41.3827375034641,8.59312741917277,0,103.91303501463352,9.998631074606434,0,0,0
525,60,1,鳥取県,26.080850288660905,143.69289558120985,449.17690527806656,43.5200369519122,10.939813749849414,0,105.70587561164015,9.998631074606434,0,0,0
526,45,0,神奈川県,20.9491139609283,139.51647768281666,41.357180941495066,41.69241308927047,4.808865125738726,0,87.74569835074928,9.998631074606434,0,0,0
527,62,0,千葉県,21.967108837064412,101.14283367673688,123.0308812472032,41.326025010730476,1.8375998552759092,0,73.9918691886998,9.998631074606434,0,0,0
528,59,0,埼玉県,29.95205743515009,168.27794162613395,159.58586771805585,40.739163809964175,15.673226047021151,0,81.22268240683778,9.998631074606434,0,0,0
529,71,0,大阪府,21.786827195581292,104.44805955578731,35.97850700566372,40.7111412308617,5.151073630866308,0,76.91388490961145,9.998631074606434,0,0,0
530,57,1,栃木県,24.249866313332568,155.59345250729788,49.77399383417223,58.33783702648787,19.578699207016335,0,96.35394845553287,9.998631074606434,0,0,0
531,72,0,青森県,20.094765645515057,132.73188567211966,58.22852856546428,41.62514145901599,6.920083638723283,0,79.5652324029705,9.998631074606434,0,0,0
532,54,0,愛媛県,17.416031526001532,105.21174451597953,29.30256371404897,42.087072180010765,7.414874690476599,0,74.20482158015156,9.998631074606434,0,0,0
533,59,0,長崎県,20.817009063868575,121.65810682944534,75.53726377351224,40.52145311254776,26.726298655250336,1,91.52667334243404,9.998631074606434,0,0,0
534,63,1,広島県,19.760295850785468,133.0896374599168,55.16517163086329,55.49268246690154,4.044253312063438,0,72.0573771178863,9.998631074606434,0,0,0
535,54,0,神奈川県,19.658329765961454,137.0749046020698,39.854722217194954,42.71972585508167,13.886191198532437,0,78.21811559410561,9.998631074606434,0,0,0
536,49,0,神奈川県,28.006553709168028,126.3465461001837,44.376964815307694,41.37893763136866,1.6690030500883153,1,73.8128071161292,9.998631074606434,0,0,0
537,70,1,静岡県,24.119514290875948,123.4292343267462,104.97800343450943,54.155858556116506,13.437817644835045,0,97.71129740657179,9.180013689253936,0,1,0
538,52,1,東京都,20.451228097315447,107.58492920916686,98.09595589364018,59.39634352723158,13.839503542377333,0,106.13502217207804,9.998631074606434,0,0,0
539,68,0,山梨県,23.359794039522807,146.69536908770507,60.08074087492583,41.9783102289963,9.951315405241857,0,84.93077713450113,9.998631074606434,0,0,0
540,49,1,大阪府,29.74345880983349,123.97858366945518,324.64562903080235,45.44440344255368,26.481845633285275,1,117.49968285344096,1.6563997262149213,1,0,0
541,45,0,長野県,20.185934703318395,103.11822437940893,40.23584126347871,42.86999338237706,14.034967014436731,0,86.03914827957148,9.998631074606434,0,0,0
542,40,0,北海道,18.90424532853194,88.58025702118789,103.54401362968187,40.83949757843995,5.627057091631883,0,99.84292766299124,9.998631074606434,0,0,0
543,66,1,北海道,22.746910574747645,137.4175715648287,220.2653563502392,51.87947563967825,21.00423388209473,0,98.83900828227893,9.998631074606434,0,0,0
544,47,1,東京都,23.540575474296663,117.73124006903714,84.94375569822454,70.69191323650838,15.709935376129371,0,84.20565886674221,9.998631074606434,0,0,0
545,62,0,静岡県,19.550737123849927,145.21034352372558,75.82403951953569,42.13717235102087,15.252193520087243,0,106.69575885494437,9.998631074606434,0,0,0
546,55,1,愛知県,18.31381008837699,92.06354787879107,51.25274425163516,60.02605948454877,7.758375955979157,0,101.60275890590954,2.11088295687885,0,1,0
547,61,1,京都府,16.223768800642176,123.56027333325085,28.777855309384673,59.832823928615916,5.792108399992387,1,84.97825034204962,9.998631074606434,0,0,0
548,50,0,神奈川県,27.33484448680478,121.17969412661454,19.983756253817994,41.91541748041132,5.397994444681922,0,70.12494541422407,9.998631074606434,0,0,0
549,69,0,東京都,22.414298727357767,102.1175467500474,248.4776382860118,40.984858639285186,14.639370217270553,0,83.91257153969315,9.998631074606434,0,0,0
550,45,1,北海道,21.442610060872124,95.43489577037944,55.329769444519364,45.2878863550404,20.888449855190913,1,84.40966322346,9.998631074606434,0,0,0
551,72,0,石川県,20.10327301998151,159.71708038464493,59.72891756560589,41.70811178303551,4.550147457130528,0,71.02558809175589,6.965092402464066,0,1,0
552,66,0,東京都,14.613044443566146,130.10946850948665,96.06178341960901,43.032494299516955,3.8622649038960546,0,66.13858346913608,9.998631074606434,0,0,0
553,49,1,岐阜県,24.660313970247238,115.74901155862932,187.30465976813625,56.13402743606355,96.12760946318835,0,105.18889536043177,9.998631074606434,0,0,0
554,42,0,群馬県,21.885387444541383,93.04112434628132,41.13779149929545,41.84836307283726,21.939378129418632,0,68.75589778954043,9.998631074606434,0,0,0
555,53,0,岐阜県,14.272469818557092,94.44279943578493,23.699984744142547,42.14845593963383,1.6320789903249482,0,94.15830092290523,9.998631074606434,0,0,0
556,46,0,神奈川県,28.908381683021645,132.3259841934393,39.884921425766315,41.570718256474535,9.637816264351207,0,87.31467135528911,9.998631074606434,0,0,0
557,53,0,東京都,25.611670884306456,93.57566169008426,63.65820618199601,42.34119528376134,10.875658621415479,0,69.54517439336239,9.998631074606434,0,0,0
558,67,1,大阪府,24.272817550597267,114.96326489297749,76.89161928976185,50.6342876034504,8.09105104210209,1,106.22245316409752,9.987679671457906,0,1,0
559,70,0,大阪府,23.076490775356866,141.37270948031073,72.30111899573038,42.00963834044555,2.534292729765569,0,107.36837164470462,4.706365503080082,0,1,0
560,67,0,鹿児島県,22.36142820380952,111.99189326669992,72.12942993278754,42.130220430863,37.942787055820595,0,92.29897327565129,9.998631074606434,0,0,0
561,73,0,岩手県,21.93905810037855,130.6832062390819,121.8025819468717,42.368221849669006,15.85683921397943,0,96.93233243990737,9.998631074606434,0,0,0
562,56,1,京都府,20.760477370899288,124.1354707068308,132.99712881270253,54.77217828306613,30.735097703265296,0,104.67626240826044,9.998631074606434,0,0,0
563,43,0,千葉県,18.086118864590475,135.06564660157738,28.232775449594083,41.051563706085176,5.607742308776856,0,70.03500625397568,9.998631074606434,0,0,0
564,64,0,愛媛県,24.27501849240571,136.23772374492148,49.40360671852033,40.77162642323337,6.970779046412782,0,109.8809466628584,9.998631074606434,0,0,0
565,40,1,神奈川県,18.132922628809226,105.16288742607351,27.96179940436602,54.525238019453276,8.989023747885472,0,73.39559189802574,9.998631074606434,0,0,0
566,44,0,大阪府,26.259832940011847,114.49923161246952,57.3173777450703,41.17834688266839,27.748906535921204,0,84.63714011752884,9.998631074606434,0,0,0
567,50,0,福岡県,19.900480812270676,107.24294176353582,275.5795788378973,40.931127936220975,27.4616470908656,0,97.23032556588603,9.998631074606434,0,0,0
568,68,0,山形県,19.356951826299518,148.46591891980185,67.84887438443401,43.02792935248843,30.435263677340412,0,109.59949886183149,9.998631074606434,0,0,0
569,42,1,静岡県,24.566103627162327,130.55260174447392,25.152443484269504,56.807641305211234,17.838829201575198,1,117.21052067179856,9.998631074606434,0,0,0
570,63,1,岐阜県,21.806600626565583,135.7845967283994,73.51296969424921,39.97266514011316,19.469814731930544,1,97.33524786129139,9.998631074606434,0,0,0
571,50,1,広島県,24.174302602471577,111.70483075076548,86.60423143757191,56.95392439515117,5.240243841066565,0,115.57341545416452,9.998631074606434,0,0,0
572,50,1,埼玉県,21.555027052685286,119.17858828774172,64.69211720121537,51.37226939722658,18.189879808996153,0,100.30374936306654,9.998631074606434,0,0,0
573,40,1,神奈川県,32.38081830291627,129.9889550463825,156.8827708467513,43.40515022646749,57.169019326124754,1,86.50990523580664,9.998631074606434,0,0,0
574,40,0,千葉県,18.451169216774524,96.1875766741095,35.02638696053273,41.66212728588693,10.043565627441359,0,82.6156534197904,9.998631074606434,0,0,0
575,51,0,千葉県,21.1873313176957,107.68171359162999,41.39440197762756,42.089274920123955,24.288451005269913,0,95.08140860748702,9.998631074606434,0,0,0
576,73,1,千葉県,29.91474889697359,137.64038227105556,117.7410094873027,59.53839371669269,19.504309472545295,1,101.59085333980539,9.998631074606434,0,0,0
577,71,1,鹿児島県,23.24439237387409,114.1883825004247,332.3849135043094,52.13633117161169,11.49434325063588,0,101.57171879749613,9.998631074606434,0,0,0
578,46,1,長崎県,26.211506114468957,132.89718797012094,90.51672028232636,51.201113687322255,12.71095126578769,0,100.11884663748268,9.998631074606434,0,0,0
579,70,0,高知県,23.240774919057287,132.61587543070442,147.0326867300359,40.7334847840919,20.54251961426251,0,108.28358278568452,9.998631074606434,0,0,0
580,69,0,鳥取県,25.22984504324008,126.92845581239997,57.075760325928975,40.54143796790435,9.723623470521527,0,93.43875831649495,9.998631074606434,0,0,0
581,46,1,静岡県,23.28433327533704,124.04751726732677,84.27048968845793,50.2750923881778,15.51820042996809,0,87.18535993813288,9.998631074606434,0,0,0
582,71,0,長野県,19.218500030405398,125.29800656953566,43.9857884466192,42.12887013060518,7.043869549564741,0,103.13033492766078,9.998631074606434,0,0,0
583,71,1,熊本県,23.885695806388398,153.76623926607067,156.20757532908533,37.45843478098665,9.262965644858154,0,108.55641850609052,9.998631074606434,0,0,0
584,47,1,大阪府,27.084048237996114,134.52676571831077,63.12433479113131,53.685973378977394,27.220298244534426,0,99.81853791248956,9.998631074606434,0,0,0
585,41,1,福岡県,21.132490632907494,101.37339064811177,58.38031191620919,56.56469620621398,11.39335532616099,1,83.94796524246748,9.998631074606434,0,0,0
586,60,1,岡山県,24.81366286150668,142.54424940039388,96.98022363428811,49.36020099369991,10.814968011744268,0,74.56874681600257,9.998631074606434,0,0,0
587,56,1,神奈川県,19.163045821566293,110.86419516087636,99.05446883520298,56.814041908212005,11.936502695196726,0,94.02168494627051,9.998631074606434,0,0,0
588,65,1,栃木県,21.12034231393977,103.43789944044988,86.44686030422845,54.22650895422939,3.8315640887898956,0,101.19457725962108,9.998631074606434,0,0,0
589,45,0,東京都,15.515828905186037,81.81530153662216,42.95975930955144,42.45867482223997,1.9366541797395875,0,73.20640027892415,9.998631074606434,0,0,0
590,49,1,神奈川県,26.56222682772567,109.8940409694349,198.7892209375645,35.32845505177873,11.295626676672283,0,82.67924120126024,9.998631074606434,0,0,0
591,54,1,東京都,21.797492881436852,120.71540431921143,54.27828794673219,65.28204021080288,10.105130311021034,0,100.2651389276397,9.998631074606434,0,0,0
592,56,0,三重県,16.37600622639089,92.13137826734174,8.353239759174318,42.05827112426237,8.894750720199958,0,57.738887432103525,9.998631074606434,0,0,0
593,64,0,埼玉県,22.808765770634007,118.43401748236211,243.42278203023778,40.70483603134306,20.07784972624986,0,62.46942595360114,9.998631074606434,0,0,0
594,65,0,栃木県,30.85572803692392,133.4059420210248,550.278474218905,40.27330446041113,30.135524659465982,0,92.3440894159555,9.998631074606434,0,0,0
595,46,0,北海道,31.833158767195567,99.14478875684684,51.19930501070957,41.28502634677018,30.091423474909394,1,100.57124602040507,9.998631074606434,0,0,0
596,68,1,埼玉県,23.60059158698836,136.66707095916894,127.33111296458964,54.203519056123916,20.07693357639744,1,103.44858646291662,0.4106776180698152,1,0,0
597,58,1,北海道,17.197198735854748,106.21558997814373,46.139964024420415,66.07151504839369,14.897096159638668,1,98.2011272346154,9.998631074606434,0,0,0
598,54,0,新潟県,23.690112784046665,94.55224626217627,223.8327006484272,41.375667342602746,7.986611079287455,1,93.23982153336325,9.998631074606434,0,0,0
599,70,1,東京都,22.25852570806891,142.90398149922507,88.65085838806762,45.22473114520494,11.46114773110587,1,98.7786828809633,9.998631074606434,0,0,0
600,48,0,神奈川県,26.020034044501465,115.90611101892299,58.00190281926193,42.547756084982964,14.32372969526386,0,73.02491462310131,9.998631074606434,0,0,0
601,46,1,神奈川県,25.234282652411505,148.5174753349302,96.18776021228174,51.84600105889937,38.41544516871138,0,90.73502798159794,9.998631074606434,0,0,0
602,50,0,兵庫県,18.19897370625065,134.35731601244728,26.000391147122922,42.02815251026325,15.313312695738793,0,71.0212497879435,9.998631074606434,0,0,0
603,72,1,長野県,25.894765600308972,120.79437414489855,118.1820701519089,54.88275672553564,19.3240179791411,0,117.16610535826626,4.922655715263518,1,0,0
604,47,1,群馬県,20.301764417246943,126.98948089469334,8.355007646952853,52.03622123767608,7.169237358398216,0,69.69392653080723,9.998631074606434,0,0,0
605,48,0,福岡県,15.128146129823154,136.5508251704,23.108365579185158,42.824235658334054,6.7327392338121586,0,65.62857895235148,9.998631074606434,0,0,0
606,43,0,福岡県,20.680232170178776,122.39240937898026,33.025241736777105,41.43818750754571,6.687663535717264,0,93.56188201528016,9.998631074606434,0,0,0
607,48,1,岡山県,26.988546911842068,145.82023163220754,202.213657536912,42.19279898582671,17.926949560260233,0,79.6309550251849,9.998631074606434,0,0,0
608,69,1,沖縄県,28.040000538006115,173.35643500349676,214.12201917846238,53.98350498670367,18.955972435339607,0,106.72291818307421,9.998631074606434,0,0,0
609,61,0,神奈川県,23.41487462538561,123.32171793029413,25.62499058611978,42.157051106599084,21.184952857445655,0,84.80578117985209,9.998631074606434,0,0,0
610,58,0,滋賀県,27.24898347824982,147.27858700626027,30.338061446231304,40.89164887756427,24.39224744843876,0,94.07580673422571,9.998631074606434,0,0,0
611,72,0,大分県,23.67903050040307,124.80656151232796,159.25963967835546,41.1178109517983,13.348495104057848,0,107.98611152438262,6.2121834360027375,1,0,0
612,40,0,山形県,25.188907236495993,114.69582793421247,26.679014920261128,42.22341256099375,9.426382073942163,0,58.04903507875215,9.998631074606434,0,0,0
613,72,0,福岡県,31.006903688830224,183.36513481756333,139.39728252197884,42.30108718380287,21.043403726931526,1,96.2473764416824,9.998631074606434,0,0,0
614,59,1,愛知県,26.88914977838331,133.00919940710068,26.67665013184201,53.3255554580253,13.62127677220121,0,102.78639077065554,9.998631074606434,0,0,0
615,66,0,兵庫県,21.30005769239867,160.71077678455097,76.15112203223701,41.74312438086091,6.548421501457387,0,70.81507820699566,9.998631074606434,0,0,0
616,59,1,沖縄県,20.717312312049472,121.2866606068634,50.513950115730964,49.28777497699683,7.86294593847534,0,84.0037699390766,3.4469541409993156,0,1,0
617,54,1,広島県,25.40308266497019,116.33356560938962,188.95324704005048,40.05176897741843,16.350893921801305,0,107.56935921099156,9.998631074606434,0,0,0
618,46,1,東京都,24.8831138090161,130.804029331925,76.82174514794755,48.654420692207864,8.016132323049286,1,110.46618415205431,9.998631074606434,0,0,0
619,47,1,愛知県,19.421593470844897,98.29334633353282,131.08928875558496,55.167752517226326,38.473243435983875,0,101.30918545613167,9.998631074606434,0,0,0
620,62,0,香川県,16.325199242289532,118.67361271835834,79.25687486050123,41.13864442723924,12.800566299921716,0,76.89045555827111,9.998631074606434,0,0,0
621,46,1,宮城県,27.174745385518126,133.0776264523506,152.52946188589087,55.07559098299649,17.595162394148794,0,94.60698082779739,3.260780287474333,1,0,0
622,68,0,茨城県,22.34495333608661,166.02059679412196,221.1638029926792,42.25291014578702,9.36008731023576,0,94.79407971512134,9.998631074606434,0,0,0
623,48,0,愛知県,27.715466268299966,123.5575260416744,56.869815493429535,41.155549070094004,3.7239349291054307,1,74.75470842553693,9.998631074606434,0,0,0
624,73,0,新潟県,24.459742097457603,137.67267240269157,110.21033432231859,40.07693397218015,21.60464552565441,0,97.37255115626314,9.998631074606434,0,0,0
625,48,0,長野県,23.50036804036548,112.00034281085763,74.95738292406286,42.977442733357364,9.905287520310598,0,76.54321352329842,9.998631074606434,0,0,0
626,51,1,神奈川県,28.57847544875129,124.56083547740741,144.7229110363033,51.57365744822007,18.959600283186994,1,99.65404063677751,9.998631074606434,0,0,0
627,60,0,千葉県,18.988592482911237,106.93826611572723,179.41107625685038,41.23510740855229,16.89392368929494,0,85.92038080526592,9.998631074606434,0,0,0
628,41,1,大阪府,27.441788240491476,149.5638001061453,238.47692411430808,48.37689906149189,21.78698209355119,1,95.3517566682519,9.998631074606434,0,0,0
629,49,0,東京都,22.572713811431136,99.82188592342955,18.832959221268887,41.59758330019289,4.010561771367802,0,57.74638077929241,9.998631074606434,0,0,0
630,50,1,東京都,25.065127415257514,105.66671209468736,168.01378328415487,44.743799069636594,30.683038228905463,0,102.22972184616468,9.998631074606434,0,0,0
631,59,0,愛知県,16.51266443611261,106.2717172266807,43.48150392904301,41.03734714961996,6.817869644160977,0,63.77245357665203,9.998631074606434,0,0,0
632,52,1,静岡県,30.862833431354755,121.82896052445625,161.34008044966174,35.37033392594857,18.88194695226169,1,97.10533553087836,9.998631074606434,0,0,0
633,44,1,愛知県,26.07465145135836,134.3849546999052,167.13093102487377,51.41697301874932,28.164741994753307,1,113.50779553636696,9.998631074606434,0,0,0
634,52,1,鳥取県,33.586080030506665,122.41951770262904,204.60192498447245,44.40531432105402,68.74956219988742,0,103.60762727449051,9.998631074606434,0,0,0
635,51,1,山梨県,26.746892028143904,158.97120660122826,358.2903567562617,51.265216745513754,18.44444406482842,1,111.4526086188759,4.1095140314852845,1,0,0
636,68,0,長崎県,27.57886240903281,142.138247229411,172.26523571663756,41.24365786016766,9.238606319232876,0,110.51546308043224,6.9431895961670085,0,1,0
637,52,1,愛媛県,26.61818651964828,137.23027487280416,221.16697246018728,47.72813241821332,13.924927238943553,0,91.40869073604014,9.998631074606434,0,0,0
638,66,0,群馬県,20.578567898891016,130.41314134771858,54.25564493192073,40.63409449759349,4.7763679137804536,0,99.26555177819765,9.998631074606434,0,0,0
639,42,0,大分県,22.028612094388325,128.3182548489072,40.68117337027505,42.250526251838615,17.574290827838638,0,59.729312132733895,9.998631074606434,0,0,0
640,53,0,東京都,29.90350703513997,123.36120866354942,37.88420964216396,41.492593461728745,11.465819717778922,0,94.7790206723754,9.998631074606434,0,0,0
641,48,1,大阪府,23.665519733715175,134.92942484145485,61.610510256796104,67.23671823307868,6.268452981403209,0,76.08451462011828,9.998631074606434,0,0,0
642,60,0,福井県,22.531782394457803,114.55627413875499,94.0491600042613,41.55103924268933,16.474086870640676,0,123.05330959667802,9.998631074606434,0,0,0
643,72,0,千葉県,16.472353894205256,97.71812493852312,23.48167463406916,42.46077675366837,6.91567341139597,0,80.02237115694332,9.998631074606434,0,0,0
644,52,0,群馬県,22.60372587597101,61.821530408942735,53.386437233220114,41.398000000024,31.187041766828106,0,72.73917227007387,9.998631074606434,0,0,0
645,48,1,東京都,23.99920162365739,110.39962611163271,147.06091141806425,50.20756961347546,73.009062950153,0,70.4743879951973,9.998631074606434,0,0,0
646,54,1,岡山県,20.213565962886925,105.8162627230326,75.13625626883653,56.36671240315237,36.10532260640688,0,70.08558606628151,9.998631074606434,0,0,0
647,69,1,佐賀県,25.425233954092025,155.57373473986667,211.73417923448662,34.01983376203389,18.14708081362003,0,114.19944637914227,3.162217659137577,1,0,0
648,67,0,宮崎県,26.47536420085438,121.06750544885554,74.7275467135667,41.27187566771917,37.06748564251419,0,110.76465975867401,9.998631074606434,0,0,0
649,73,0,岡山県,15.480506970451387,141.47595651423896,36.18931944852029,41.85148088214656,3.7832143737335175,0,101.57699811120507,3.8412046543463383,0,1,0
650,49,1,沖縄県,21.89535182154624,119.08263865886444,29.20172042857104,63.46434460409212,16.4329618240264,1,73.09314825928824,9.998631074606434,0,0,0
651,74,1,神奈川県,20.299243773945147,136.24155170531603,138.39332150729317,68.54820167535665,7.931886147963162,0,104.72941175276668,9.998631074606434,0,0,0
652,48,0,熊本県,22.253685047549155,125.91167442861254,85.11814086334803,41.612566668655674,75.38631212433143,1,87.62623192416468,9.998631074606434,0,0,0
653,48,1,東京都,19.83445523256768,114.84825640643373,69.73403078634945,55.38344998759307,18.286838429011052,1,75.24175223385451,9.998631074606434,0,0,0
654,40,0,岐阜県,23.438683921799893,131.95922626471304,39.05671793661659,41.28204855751869,10.056103973349284,0,81.46751532425137,9.998631074606434,0,0,0
655,64,1,東京都,19.594637079712992,134.4253353765625,31.566475885271004,66.86798235176438,7.417106227159294,0,97.53200832125897,9.998631074606434,0,0,0
656,46,0,山口県,17.12102631910195,87.10188970153834,24.2311564101121,42.60271799477662,7.183706712394545,0,67.95658124045613,9.998631074606434,0,0,0
657,69,0,大分県,22.635716483977554,98.2054970926609,38.78610982890678,42.56051843543777,10.54670522314351,0,85.86773851735383,9.998631074606434,0,0,0
658,70,1,徳島県,23.84898404312639,138.04611730547427,113.82444419003821,53.43052597823637,15.06210737262292,0,100.57139397163138,9.998631074606434,0,0,0
659,59,1,熊本県,21.22250455317108,115.57570267715613,69.66058727202416,56.9038473205124,13.53053546842917,1,77.87787334166654,9.998631074606434,0,0,0
660,54,0,長野県,24.80963070085907,176.33567473180096,64.31624786359679,41.56959898902056,26.115501152086757,0,102.8575921184203,9.998631074606434,0,0,0
661,59,1,福島県,24.300174675889462,127.26848105960406,98.90082175665721,43.426659528343095,29.58113930928721,0,89.38525740308663,9.125256673511293,0,1,0
662,54,0,大阪府,30.561731333829286,154.58717887556787,97.30260940521451,40.56559751135179,56.57517016844592,0,115.171514510423,0.4161533196440794,1,0,0
663,47,1,栃木県,26.37071388867455,137.31738128475692,106.82990166414692,53.21524570271362,17.640557941967675,1,81.15579621836257,9.998631074606434,0,0,0
664,49,0,兵庫県,19.523161386946057,87.42932592806167,173.61811125685097,39.63661753861215,7.717009889562695,0,80.87687527554563,9.998631074606434,0,0,0
665,71,1,兵庫県,19.55679500550471,106.71802513955207,101.94287982214604,54.04257934013089,9.71474533605691,0,111.68636944465268,9.998631074606434,0,0,0
666,43,0,神奈川県,21.37054508779478,105.96700205068849,77.30573193501382,42.88311864904796,9.270568091911825,0,90.26871047037935,9.998631074606434,0,0,0
667,62,1,東京都,28.80151753337921,124.12994251100109,60.57243653907269,53.89184472529635,10.966107176426286,0,108.58863355346878,9.998631074606434,0,0,0
668,57,1,愛知県,26.10889495154912,130.9738216790087,53.075111611443354,58.284336734310784,26.398826569096496,1,87.64623996781756,9.998631074606434,0,0,0
669,61,0,東京都,18.815273819648297,103.38151403100805,57.98278540739765,41.34560122885221,18.044380614292184,0,85.90723955898727,9.998631074606434,0,0,0
670,50,1,三重県,23.28873438332429,107.71229432530515,141.00378416895953,64.70749993683133,9.176946377742652,1,117.9440931205421,2.9322381930184807,1,0,0
671,46,1,北海道,29.53124395578434,133.19353106926707,162.67231764593555,43.09141791933433,41.54417750727758,1,115.17624261600535,6.581793292265571,1,0,0
672,71,1,北海道,23.047602529258043,142.22381916629809,71.00320274625246,61.09961050378979,8.226985765607504,0,97.69522963297919,1.3552361396303902,0,1,0
673,51,0,京都府,24.106838405483188,97.79348457296328,30.671927480191574,41.81499227070853,11.82652237791023,0,80.92691062204995,9.998631074606434,0,0,0
674,63,0,東京都,20.595505461650227,97.00034532168348,56.822167222569725,40.98186130918099,34.97205940717892,0,85.83212804837224,9.998631074606434,0,0,0
675,46,1,愛媛県,25.197978471242557,126.87724302948088,139.97528708762036,43.25788736256998,19.704353172984426,0,87.5033220489986,9.998631074606434,0,0,0
676,50,1,愛知県,24.71831966885217,129.01065207005175,67.45537441099785,63.02262655257144,22.85715936518172,0,94.20723462033398,9.998631074606434,0,0,0
677,71,0,兵庫県,26.11660671725795,154.7661901260834,27.912601000416757,41.66822897506908,7.259691505014107,0,77.58031359811179,9.998631074606434,0,0,0
678,45,1,東京都,28.860115304531536,135.75662667563532,413.84393803982374,34.813095672805915,42.9201529817966,0,103.70859959642112,9.998631074606434,0,0,0
679,67,0,千葉県,17.406972650313282,131.00799600085858,53.52011581282162,42.78848694837326,17.704865985466302,0,92.86857945161819,9.075975359342916,1,0,0
680,44,0,大阪府,18.86996280610582,122.30591272228315,99.1541766528453,40.849581619061105,10.256560503122214,0,100.42535869735045,9.998631074606434,0,0,0
681,71,1,新潟県,21.73356257012063,118.30490100323334,224.61230991650066,50.71281878387862,24.89934183017124,0,104.36773024433901,9.998631074606434,0,0,0
682,72,1,千葉県,23.609763925188236,138.90482549931113,84.13995755816119,49.959188069784105,21.663678574724127,0,88.75096593510315,9.998631074606434,0,0,0
683,65,1,京都府,24.365588012817714,115.02526487938113,91.89801284578962,57.655754598490425,4.951655777167691,0,96.33382605176016,9.998631074606434,0,0,0
684,46,0,埼玉県,17.691619977820956,71.23867080990985,13.537836857336476,42.02479262715519,4.541024278663007,0,81.07863350014419,9.998631074606434,0,0,0
685,46,0,東京都,18.259841733126816,136.45186079259105,51.03217002807863,40.878379439078245,1.3237953266056823,0,68.64940236200313,9.998631074606434,0,0,0
686,49,0,山形県,24.5637755922902,123.48202151843829,49.17681604790509,41.83470490947401,10.510270778963507,0,64.81357919263698,9.998631074606434,0,0,0
687,73,0,滋賀県,20.965420205523913,146.7668807713335,97.73484770451547,42.871816462433436,7.381497479387678,0,75.87533439492583,6.568104038329911,0,1,0
688,66,1,鹿児島県,18.516080536347317,143.50122970492924,103.31165446942127,58.512607077260775,36.97670479023306,0,97.87303411071035,9.998631074606434,0,0,0
689,67,0,岡山県,20.535491412565058,124.30692215344138,126.04291208046529,39.85426131007216,11.380184982305952,0,89.25292080438861,9.998631074606434,0,0,0
690,42,1,新潟県,22.80926824954563,130.72407653310543,144.34811610201854,39.481722306990285,11.452995304547077,1,90.33206593971194,9.998631074606434,0,0,0
691,40,0,山梨県,21.30025652297665,107.45948296733803,61.76371947802763,42.12317654557739,23.92675378142923,0,65.51344442309733,9.998631074606434,0,0,0
692,47,0,東京都,20.187581230846938,119.55791155991781,47.87023550056974,41.154949498152504,3.1910279891481514,0,97.8908172922906,9.998631074606434,0,0,0
693,49,0,神奈川県,23.578900881183554,102.62416670919393,44.87303787583116,41.126438582834055,6.06321815544718,1,102.16541904362627,9.998631074606434,0,0,0
694,47,0,奈良県,18.28471175301899,109.51334855306567,93.28022984718238,43.15759941275551,9.402429115163116,0,78.31490147598274,9.998631074606434,0,0,0
695,51,0,福岡県,25.55136645029394,108.17769504463946,46.934512970631886,41.428376123480035,1.8704289843976785,0,75.83626892529865,9.998631074606434,0,0,0
696,44,0,山口県,24.754959500403572,106.02720998253118,100.5552601689897,41.333328294699626,23.046341715674906,0,83.94496566072631,9.998631074606434,0,0,0
697,55,0,福岡県,25.55417634277979,117.10382842815035,72.77246782527727,40.733180854866134,15.046146208821382,0,70.07308558905815,9.998631074606434,0,0,0
698,43,1,千葉県,30.534332043452544,127.41154066084297,105.8058006779947,39.62658655472834,56.871066730862594,0,82.75483818738634,9.998631074606434,0,0,0
699,72,0,山梨県,25.00481250145826,137.3245729862318,77.1541757101918,41.754170776825816,17.06922554529653,0,86.81936233841878,9.998631074606434,0,0,0
700,73,1,静岡県,22.577839652223005,119.5438555695641,70.57119760935976,61.04280068531155,14.375680519022698,0,84.96767474144107,9.998631074606434,0,0,0
701,61,0,島根県,21.270766760492343,139.39669629901547,63.028264941511274,41.00436443464192,10.86311827756551,0,104.22651388933456,5.738535249828884,0,1,0
702,60,0,滋賀県,23.6638848917056,133.21367816712743,66.17835045116277,41.682703415513735,18.61105165320606,0,101.11158936524058,9.998631074606434,0,0,0
703,74,0,栃木県,21.621644705561184,132.8290940726138,197.4309349798,41.37784968100106,4.928316001560391,0,72.02506059497082,9.998631074606434,0,0,0
704,58,1,千葉県,27.216233477641616,127.28621431565271,47.161881419224045,53.507078432617725,9.881889641265964,0,102.95197765256448,9.998631074606434,0,0,0
705,44,0,東京都,15.38974512439836,103.59983999986136,34.34220873197438,42.35806083363646,5.05366503573173,0,75.85748494098793,9.998631074606434,0,0,0
706,64,1,長崎県,24.596254705859547,125.92456936012285,269.4399030777059,59.10535588355947,19.812300631719044,0,116.80630219752994,0.15605749486652978,1,0,0
707,47,1,大分県,27.007490553031055,130.07393745240879,170.29417442773166,47.47498381991464,20.132107973966463,1,88.87906728993356,2.6885694729637235,0,1,0
708,60,1,鹿児島県,20.267587643686674,112.90768114115036,138.22449115270598,67.5483398610717,15.323917722194286,0,105.19841595604886,9.998631074606434,0,0,0
709,52,1,宮崎県,25.69169273833081,122.6666362002634,73.92155073743855,48.63479509854338,19.219474177124365,0,77.59941641993127,9.998631074606434,0,0,0
710,45,0,青森県,20.177830000364132,121.46510325264755,42.73047326599694,42.613135503093154,1.9111347165302108,1,80.76838048125012,9.998631074606434,0,0,0
711,59,1,茨城県,24.344458654914575,145.11313281179537,82.31632427603036,57.71532684135868,13.773839941214217,1,90.26129403369617,9.998631074606434,0,0,0
712,42,0,愛知県,10.850509458825092,104.14356169508343,38.70038855518554,42.13207399230194,1.5530928211820754,0,73.16438365811915,9.998631074606434,0,0,0
713,59,1,長野県,24.57630848713693,115.41136287634511,55.903926455973334,48.45757506935661,19.787940045166387,1,109.52648131562756,0.6598220396988365,0,1,0
714,60,0,大阪府,28.731589151625514,109.97631236959504,79.13384917713041,41.65075684262418,8.924248821492446,0,106.0070517262432,9.998631074606434,0,0,0
715,41,1,大阪府,17.877289385752263,103.16654905299947,55.65722677666168,53.88803036755182,5.667728075771563,0,73.10665789829487,9.998631074606434,0,0,0
716,64,1,埼玉県,25.42238760815919,113.33538842940246,118.25516344584162,48.74404929986941,74.34466545387721,1,102.36239432047176,6.151950718685832,1,0,0
717,73,0,高知県,25.51268722575786,101.79148894589287,63.77316691374147,42.483896723085294,9.580731171331994,0,82.27202427843304,9.998631074606434,0,0,0
718,44,0,東京都,22.94015650338045,113.34074069602444,88.91947581193872,41.26055357097665,6.328984522783118,0,85.54879517390397,9.998631074606434,0,0,0
719,43,0,山形県,19.80896981413044,126.95648463626623,35.807064942624876,41.72665267688715,1.6653860001303495,0,70.41399214238692,9.998631074606434,0,0,0
720,50,1,大阪府,23.183313411614417,101.6014118043523,55.43424098702186,61.10062147197577,15.385713855870156,1,84.77289605875788,9.998631074606434,0,0,0
721,62,1,青森県,29.886019976564732,121.29484497959123,216.0314628980788,44.04006009084267,62.079049167116985,0,99.67467036214693,9.998631074606434,0,0,0
722,57,0,東京都,32.493582482074956,121.32442016400537,177.60582288073928,41.04275361906092,21.227583278064706,0,115.3503138701232,9.998631074606434,0,0,0
723,43,0,沖縄県,24.179025108173725,102.16857166936623,113.6890261148529,41.405531453161814,6.010463556032904,0,84.54493994914831,9.998631074606434,0,0,0
724,50,0,東京都,19.61418191014309,125.8801848877275,176.2535160536689,41.838239691481206,12.137788441020835,0,93.88098288295656,9.998631074606434,0,0,0
725,70,1,千葉県,26.07294752309641,153.9486166949569,209.1233146141715,40.190013987650545,42.81136365069638,0,98.0519185352802,9.998631074606434,0,0,0
726,49,1,愛知県,23.889040799753893,105.62455707190865,81.7020848819183,36.20537446183536,54.1618307094158,1,88.2396523061221,9.998631074606434,0,0,0
727,60,1,千葉県,24.046262620844846,122.81815248877484,58.81138309167681,47.55848755757671,13.136153794832724,0,90.68421968475002,9.998631074606434,0,0,0
728,65,1,茨城県,17.13020037651279,119.64608494781587,67.8059092622087,60.47040242414944,5.504874027230937,0,96.0309357665974,9.998631074606434,0,0,0
729,50,0,千葉県,30.542984126148518,174.99838822499294,70.08926693129219,41.8676081106463,4.862380804731285,1,110.907296865635,7.411362080766598,1,0,0
730,72,0,愛知県,21.187879277556902,144.99268170214424,47.88575998920967,42.10041009456325,5.790036595321914,0,114.0659496517025,5.590691307323751,1,0,0
731,62,1,新潟県,24.754439854170073,141.1172543412583,146.08296487256055,58.937682686630666,25.684989685535204,1,116.1185594838164,9.998631074606434,0,0,0
732,64,1,三重県,22.33911029996543,120.34040932416116,192.44080362869275,59.78005727521057,9.153224903595877,0,105.80206109695699,9.17180013689254,0,1,0
733,68,1,千葉県,20.131594675565264,140.1282012821132,124.22251580847224,61.68578771909548,18.007349037209142,1,112.3431163117729,1.1690622861054072,1,0,0
734,48,0,沖縄県,23.001128263217524,126.2693717618455,28.960247907221834,41.5530988215955,4.282202885881483,0,73.45587497684252,9.998631074606434,0,0,0
735,70,0,三重県,26.530563462900325,139.7320596142634,200.6568044546876,40.993828496468716,4.929847990344187,0,90.20627702927264,9.998631074606434,0,0,0
736,55,0,岐阜県,25.046710442647207,97.8539828336267,111.75746044994398,40.886677678512385,16.506658737310797,0,79.9357345570902,9.998631074606434,0,0,0
737,73,0,東京都,22.549088779908146,107.500139553735,46.13566724165702,42.57688945761476,13.053154941576057,0,124.53275459678424,0.39698836413415467,1,0,0
738,47,0,新潟県,18.319668447103815,84.67992247961179,48.91369375139207,41.97238222052248,14.861964290569945,0,100.05390435894029,9.998631074606434,0,0,0
739,45,0,埼玉県,31.092807751070524,135.95080731585074,76.3932250232148,40.50601439300241,93.94520802873778,1,71.41439394802416,9.998631074606434,0,0,0
740,64,1,三重県,28.656807741516367,133.30392225952966,113.79126352407235,51.33868699113093,34.51707655590474,0,108.31833036621691,8.991101984941821,0,1,0
741,50,0,神奈川県,25.87892242100021,138.03061155140156,82.94356109846748,42.27578573821884,11.297443079273691,0,71.27696107017951,9.998631074606434,0,0,0
742,45,0,北海道,18.415304280031044,86.8728969427918,49.00528220771213,41.285058778147786,23.64184929306588,0,102.21267515513148,9.998631074606434,0,0,0
743,56,1,神奈川県,22.547038346096606,98.99672160788067,57.76667077652829,38.570282347548314,18.77417656582618,0,91.77699551083474,9.998631074606434,0,0,0
744,49,1,愛知県,22.16913178781699,118.2085985758592,98.08995942224325,45.255729874328225,10.208025376532243,0,74.85738503553111,9.998631074606434,0,0,0
745,70,0,青森県,20.436285655194453,106.3747346476753,47.842916653442316,42.86723601727591,4.569770332091097,0,76.35442529765018,9.998631074606434,0,0,0
746,57,0,青森県,19.198055292604575,94.13255326118787,56.21802182178551,41.72122445398336,6.014511763133252,0,81.31832422411028,9.998631074606434,0,0,0
747,57,1,熊本県,19.68862324022088,92.42654153754754,50.275423303127006,55.670063097069594,8.912004485739267,0,93.60651902150579,9.998631074606434,0,0,0
748,71,1,東京都,20.07162940543085,121.26396726083117,70.22684684682365,60.19257693860384,8.287580732633566,0,120.3866984188994,9.998631074606434,0,0,0
749,41,0,北海道,22.589069192304787,118.96091241921208,51.01290233190024,41.297192377976494,1.5887658479825546,0,74.37624649520434,9.998631074606434,0,0,0
750,42,1,静岡県,23.662787711387992,117.85876677842046,279.4150559040807,41.040933684867106,34.278379892062226,1,89.59393764848508,9.998631074606434,0,0,0
751,60,1,愛知県,21.871326360981207,125.94778535946098,68.96045758142417,47.68370585533613,9.263180056265062,0,71.04410273633424,9.998631074606434,0,0,0
752,71,1,神奈川県,20.824441464266293,116.92145236904918,52.827757684040606,62.076722353168684,9.795975242041461,1,91.25753079693469,9.998631074606434,0,0,0
753,47,1,大阪府,28.18010106767473,139.4244830281074,113.78147793115029,43.863516904272004,17.187975433533726,0,87.01951591004952,9.998631074606434,0,0,0
754,56,1,大阪府,25.611695131934336,139.15494474567672,129.17683388063432,54.72772315811642,15.712670559931073,0,122.06888108459117,9.998631074606434,0,0,0
755,46,1,東京都,27.088960393870902,99.06132713686944,79.21932583289126,48.24851655955409,23.866461404397853,0,68.72616942289227,9.998631074606434,0,0,0
756,74,1,埼玉県,26.827963090748995,138.11658690774013,200.84420612290597,54.864449124101085,5.736062251640118,0,98.35013604824891,9.908281998631075,0,1,0
757,74,1,東京都,24.689685915881743,141.9402993744221,195.41250122435648,41.959831948382245,46.63770349497239,0,99.94314068199729,9.149897330595483,0,1,0
758,72,0,茨城県,19.68733766397018,120.72619029739406,84.58848770070682,41.31905810326647,6.511900423718979,0,102.44481937582925,9.998631074606434,0,0,0
759,51,1,山口県,21.85421723521031,129.25058602018362,62.18338272936956,63.682507232924564,23.899969120034026,1,94.35167247792116,9.256673511293634,1,0,0
760,42,1,沖縄県,26.508590833430553,146.69097132048026,67.76313601251925,59.9250996433739,15.8089897917345,0,86.2201048744925,9.998631074606434,0,0,0
761,55,1,東京都,18.249504002414994,109.78096702624228,86.58522526904416,67.93710084378424,15.840453961999636,0,82.46140433146678,9.998631074606434,0,0,0
762,68,0,東京都,15.110228128352212,153.41153078938,63.79725821131265,41.71067314309203,8.850952657148499,0,80.74735119258473,9.998631074606434,0,0,0
763,70,1,千葉県,27.388292376460168,135.51886009784386,184.56335275098587,49.2103891993984,25.315655664984927,0,94.80835625806495,9.998631074606434,0,0,0
764,42,0,秋田県,17.525941595078585,87.3243527203375,36.015530237735355,41.74533166131636,5.492540512106765,0,64.81675968501679,9.998631074606434,0,0,0
765,42,0,山口県,30.115871977637873,119.0154417276694,23.352594920962687,41.89643994966185,7.62364600768261,0,82.75051152161615,9.998631074606434,0,0,0
766,54,0,東京都,20.78727384140132,143.8334285418835,60.22621308243078,41.08850437983758,10.261378318073744,0,98.19418060040203,9.998631074606434,0,0,0
767,56,1,大阪府,22.529957497909702,144.90784376342472,258.1089508714279,45.68142748736926,10.317658924445439,0,96.92992664592711,9.998631074606434,0,0,0
768,45,1,京都府,20.52596254424115,112.91015162275554,60.47758694730423,57.29785855307813,13.387092952011514,0,73.83473542746783,9.998631074606434,0,0,0
769,68,0,茨城県,24.94932154420638,137.01071547400133,64.11564382906653,41.88702148603822,10.298238183199384,0,70.83646832826543,9.998631074606434,0,0,0
770,63,0,兵庫県,25.50198672478842,115.04619382598386,56.835127108232854,41.526319401764255,15.55195923215793,0,104.80264547395343,5.111567419575633,1,0,0
771,49,0,栃木県,19.166782917887968,129.83751715532262,55.88643930831324,41.199319007716646,8.905917912616264,0,72.46075740763408,9.371663244353183,0,1,0
772,74,1,奈良県,19.91096388892436,137.24627159905071,122.88454708457549,53.331180811930935,10.450690091352081,0,105.74361685769549,9.998631074606434,0,0,0
773,42,0,東京都,30.136790625063277,115.30914507387918,176.05433547075734,40.973945377846164,17.64744240623252,0,71.18058950145668,9.998631074606434,0,0,0
774,58,0,神奈川県,22.279486276366644,127.44551259866137,95.22025679386192,41.17144344767907,6.861973739640103,0,70.29205079393395,9.998631074606434,0,0,0
775,52,1,東京都,22.807275019895922,133.09515904662118,173.63954198652772,57.99784219283386,54.36117642937167,1,117.82945543657188,3.652292950034223,1,0,0
776,53,0,神奈川県,25.99117588254303,155.36367736740848,42.236754118743455,41.8152843123686,5.164288473305888,0,106.9582550742053,9.998631074606434,0,0,0
777,73,1,滋賀県,21.408549321031924,144.85202924345856,88.45213361309213,47.631420511366244,9.160812326082782,0,118.71947542505967,3.167693360711841,1,0,0
778,71,0,長野県,20.817455097139657,149.3308199632914,114.03126702266887,41.809585850662764,5.042390368478816,0,105.93772081535391,9.998631074606434,0,0,0
779,58,1,広島県,29.693227962017264,157.42078924681894,52.438264841753316,57.53523759873084,17.931077814282844,0,114.53857133981413,9.998631074606434,0,0,0
780,56,1,東京都,24.519872658612027,139.99837197792652,274.95311344438306,50.200109671154564,29.993496842382378,1,94.24675266183635,9.998631074606434,0,0,0
781,66,1,神奈川県,28.54494982810551,125.21422848239949,84.04311476641763,55.01707985904284,34.904349745919035,0,80.94627308594474,9.998631074606434,0,0,0
782,43,1,静岡県,22.921951532687167,128.13054655221183,85.97901825915619,48.871107233911125,21.43430057446645,1,86.08055561456368,9.998631074606434,0,0,0
783,42,0,千葉県,13.951884876800973,77.99404152832756,12.343843221111763,41.74635806298925,7.8498263676912545,0,70.77500541166734,9.998631074606434,0,0,0
784,47,1,大阪府,18.92695315106159,115.50744785960649,44.75204212980986,49.66843566146815,5.622780752283836,0,104.25440421733208,9.998631074606434,0,0,0
785,43,0,愛知県,27.32454158335071,136.29404609015896,60.86691836819136,40.45044944578285,2.2873832062438617,0,69.42153500060398,9.998631074606434,0,0,0
786,70,0,鹿児島県,22.482170853197534,148.93568558888234,87.28829764661724,43.315032521122404,17.13961962423727,0,118.55002315148876,1.919233401779603,1,0,0
787,59,1,群馬県,25.33748740454991,117.91768895496992,47.49774403732933,58.199587440379815,17.842606996266312,0,73.17164100416771,9.998631074606434,0,0,0
788,74,1,富山県,17.66062388900702,87.94913411429265,61.13861548346544,45.544286290740466,21.770799586599953,0,89.7663925465341,9.998631074606434,0,0,0
789,70,0,福岡県,22.28115478385115,126.15463090754596,75.37390981395352,42.03882343157553,2.850469383755763,0,92.38431887808878,9.998631074606434,0,0,0
790,50,1,茨城県,29.00216994406492,106.18973350699454,116.71050687514759,38.20846526893982,18.00165969675478,1,78.42102123081784,9.998631074606434,0,0,0
791,58,1,福岡県,21.712385039270412,115.37586811135334,120.54468114229444,60.63509508165818,15.526035505444849,0,94.67283967493704,9.998631074606434,0,0,0
792,57,1,新潟県,24.678503472085733,122.57795153717709,158.36398303370902,65.67149358377004,80.9137603468534,0,78.52855599777139,9.998631074606434,0,0,0
793,65,0,神奈川県,17.49720642099007,125.17609099552415,27.799193981974494,41.87444860853443,12.745419034244033,1,60.657729686375745,9.998631074606434,0,0,0
794,63,1,北海道,26.58070879779576,152.54300388506255,211.67762404600572,66.94282789425313,14.24830346941214,0,116.88243275155591,9.998631074606434,0,0,0
795,71,0,奈良県,24.07374920154593,152.627091204686,63.419826405743954,42.30812364453056,40.82652361811487,0,80.65208946271008,9.998631074606434,0,0,0
796,56,0,大阪府,24.007102755861368,97.29717247848178,32.43319303992355,40.779219393497335,41.03093498051012,0,75.74401727060481,9.998631074606434,0,0,0
797,46,1,岡山県,26.47944494220475,141.55485887864893,239.63664252641138,46.939886900364726,47.320598117861785,1,102.49024496641897,9.998631074606434,0,0,0
798,46,1,沖縄県,17.65143461596346,119.62480947214537,34.29131313965788,49.69742798084113,7.650768772874526,0,92.41342327655168,9.998631074606434,0,0,0
799,44,0,埼玉県,15.314275951473494,75.91082786361773,22.200389083855,42.06484061838414,0.6069998532524011,0,59.010858861801324,9.998631074606434,0,0,0
800,53,0,東京都,19.965406252833674,96.95524500638578,26.842768602390183,41.343711264010906,6.945523191205379,0,54.003917768075105,9.998631074606434,0,0,0
801,71,0,神奈川県,20.935860049971527,134.95424530178357,95.04309443985673,41.08056880766175,5.494067795116369,0,73.67666592021878,9.998631074606434,0,0,0
802,58,0,神奈川県,23.42915187752144,116.00278779158654,25.839286518323576,41.70823016589021,6.310018749049947,0,87.84414973987768,9.998631074606434,0,0,0
803,52,1,岐阜県,24.83317088445,116.56580744599361,55.85460499224967,51.25406283945863,28.0962330041269,0,124.48658326906396,1.218343600273785,1,0,0
804,61,0,高知県,26.339695241799216,94.49864978087282,217.4790165583273,40.83134475419828,4.651674336103347,0,105.81302644927584,9.998631074606434,0,0,0
805,59,0,岡山県,29.45290309837412,127.03052222146579,51.96286755316704,41.578349269811625,8.517393866742438,1,84.67153148191842,9.998631074606434,0,0,0
806,45,0,茨城県,25.698518786562527,125.50487540944164,83.34889797067252,41.64680545688004,6.979330741824574,1,65.49072656828673,9.998631074606434,0,0,0
807,61,0,福島県,20.521506405970822,112.1831106301127,75.89809006865889,42.18956576661124,19.395833647798238,0,83.79212659168861,9.998631074606434,0,0,0
808,60,1,北海道,23.743331151221348,114.59636205075203,142.64127763872173,59.200777416827336,9.117325743634051,0,106.16557783515822,9.998631074606434,0,0,0
809,67,1,神奈川県,27.083746843082896,149.03903533776537,122.0869603478425,63.54465907767158,17.664683162620907,0,83.79449871791597,9.998631074606434,0,0,0
810,45,0,愛知県,20.250481829541425,104.20905151256592,41.062676998535196,41.70483887490249,2.6160182193657677,0,82.14323164899481,9.998631074606434,0,0,0
811,66,1,山梨県,25.12387246501356,138.5115519484482,134.31289039212373,59.400957548406254,18.670451704708515,0,105.76200321987156,9.998631074606434,0,0,0
812,45,1,大阪府,28.956984490738716,120.06204045095869,91.78645673075015,52.75377078251219,45.7433586619861,1,91.9419453392715,9.998631074606434,0,0,0
813,54,0,沖縄県,17.123001198789698,104.82430722271711,66.69854874126999,41.31469583504307,1.963224979114115,0,121.68286792115879,9.998631074606434,0,0,0
814,44,1,京都府,22.638646241950752,118.18617696616451,42.92248423069647,62.46163359151018,18.21060244056502,1,79.46731018589966,9.998631074606434,0,0,0
815,69,0,福島県,20.906050008408048,110.33789919870998,77.7955811328528,41.23493751382117,11.490732686616523,0,74.78353619629691,9.998631074606434,0,0,0
816,47,0,愛知県,30.352247905311167,98.51794715426513,198.92710863546804,40.860510591449454,6.4008440047265935,0,114.57622007858002,5.6125941136208075,1,0,0
817,73,1,千葉県,29.907539053667765,124.12572373654756,82.30381454731696,60.862640647888355,26.728897957303943,0,86.86120920003539,0.70362765229295,0,1,0
818,47,1,愛知県,23.864676557819877,124.93826994199249,92.22229818329502,60.45659128468098,8.510953102318775,0,99.17133326943016,9.998631074606434,0,0,0
819,60,0,北海道,23.483527966661224,96.40527496739774,90.70898363146881,41.00183827641788,21.948627526687353,0,90.9820298653817,9.998631074606434,0,0,0
820,47,1,和歌山県,24.00938143951144,137.33423156604067,68.71270062318668,55.08960711103362,14.027621202476507,0,94.89753778377394,9.998631074606434,0,0,0
821,54,0,福島県,24.24740587224812,104.53907492443791,91.25091613923398,40.96292951923923,15.214611089592726,0,87.49110209773451,9.998631074606434,0,0,0
822,55,0,神奈川県,26.450614497655092,139.35757744217318,124.83259117548617,40.98625417445344,46.66947992580739,0,84.71469901555618,9.998631074606434,0,0,0
823,53,0,愛知県,20.07453660140234,113.48280397196774,34.40440819638415,42.77108372450805,5.564221467139048,0,75.35105515233441,9.998631074606434,0,0,0
824,56,1,岩手県,18.77177457153511,107.26125912578355,21.783065190127115,54.46652948247673,34.22063377802494,0,94.39023588205741,9.998631074606434,0,0,0
825,54,1,神奈川県,21.47217802942885,126.12637609086089,57.91938775932731,62.70350906323434,62.868045477043765,1,102.90667028109274,9.998631074606434,0,0,0
826,41,0,三重県,19.25866086858434,112.64294235696714,42.6540510663069,41.27342557436322,9.994289439423039,1,102.32658561746217,9.998631074606434,0,0,0
827,49,1,佐賀県,28.47374404643477,130.32032029852513,133.7635117736599,54.12592186577187,32.51023839173902,0,91.4842938892745,9.998631074606434,0,0,0
828,57,1,奈良県,23.407237088703635,130.87623512586984,33.03539871591876,66.44686958931403,20.98120741752321,0,97.20339284627076,9.998631074606434,0,0,0
829,59,0,滋賀県,24.10151097166474,147.12608648588306,145.14410805904862,40.11884506380796,6.189368262508365,0,108.00011618198974,9.998631074606434,0,0,0
830,56,0,兵庫県,35.70859548056441,129.81323177230811,225.7296129168471,39.31789934147346,21.641291184993555,0,116.80156888410778,2.0506502395619437,1,0,0
831,63,0,北海道,23.868423945523958,135.34936816987255,90.34421200926093,41.42034939510935,14.109168049247549,0,110.69528963259181,9.998631074606434,0,0,0
832,45,0,熊本県,28.59471915565331,119.75825916164325,99.40276809899812,41.53003023745682,7.878262543311145,0,95.63406142990172,9.998631074606434,0,0,0
833,66,1,愛知県,24.543520766656183,115.32971440573105,31.318372025276293,61.15606123605357,16.695124622920524,0,82.93031910327504,9.998631074606434,0,0,0
834,59,0,岡山県,24.337613962066804,113.16562476210376,47.41323845705257,41.93234615285153,54.55565787250851,0,86.6898635329227,9.998631074606434,0,0,0
835,45,1,東京都,20.213977576544682,121.03613796840877,38.04247102300981,46.959582508406896,9.643822739313464,0,93.40479402785125,9.998631074606434,0,0,0
836,60,1,千葉県,21.998662043711647,146.91909036205473,160.3432322028181,59.4509536675782,45.6373765731109,0,99.2617450465135,5.30321697467488,1,0,0
837,40,1,千葉県,22.581362730412465,111.27755916100271,58.4595326341642,54.0944192585754,12.716921234111291,1,100.50078328492367,9.998631074606434,0,0,0
838,47,1,東京都,28.312626018051542,130.54328973425592,216.07009898080494,52.39706282415754,66.98251863184193,1,83.16568655268284,9.998631074606434,0,0,0
839,61,0,兵庫県,20.192916429469705,104.64766205594451,14.555870176825595,41.41497562280069,16.018326587785953,0,78.38834510875633,9.998631074606434,0,0,0
840,67,1,東京都,24.346512017843178,132.09048978005762,178.28812032290827,47.76580773979348,11.807538214943145,1,124.59837842435157,1.1389459274469542,1,0,0
841,53,0,大阪府,19.22875535829668,100.13601867146777,58.10561016999383,40.91200062197008,22.01263930878268,0,113.78120114877517,8.854209445585216,1,0,0
842,46,1,埼玉県,20.254901647800608,144.226429747915,100.94969915071346,63.602880880675535,19.306569250210053,1,119.83577503054607,9.305954825462011,1,0,0
843,66,1,奈良県,24.54516213288586,124.7811137688036,49.41827457420823,59.720920963399294,13.94637250221778,0,109.06874886703777,7.646817248459959,0,1,0
844,70,1,栃木県,31.492309186083673,140.905202280858,328.3944804867823,29.29830591323139,61.797978902923404,0,91.15056101564981,9.998631074606434,0,0,0
845,70,1,鹿児島県,20.575580200323326,131.3708885248119,169.7279074717778,56.18857590292939,15.547465527007189,0,125.2161132893112,5.464750171115674,1,0,0
846,47,0,大阪府,17.709180492800925,123.6875132446293,55.89073179215673,41.755237483302274,3.699464487791565,0,82.12471381484575,9.998631074606434,0,0,0
847,55,0,東京都,27.10704806619685,126.76104079601704,78.20367968716,41.55794608611926,7.380353183476135,0,81.82561061590445,9.998631074606434,0,0,0
848,69,0,神奈川県,29.563589822739992,126.47134334461012,124.97587849648995,42.47224913013244,14.005946691602794,0,107.09503353043185,7.482546201232033,1,0,0
849,73,0,長崎県,22.40936874192317,122.74972844558512,200.4336671840446,41.87535614083131,11.796194607615188,0,95.17670407182023,9.998631074606434,0,0,0
850,54,1,北海道,26.29376576544771,131.1028706567392,55.4534252768792,48.794397801419336,13.555811069606861,0,110.1461513175314,9.998631074606434,0,0,0
851,73,1,東京都,22.07950814516653,132.69143282492698,198.569767067518,54.72148395581338,21.256587133370985,1,95.1332640498101,9.998631074606434,0,0,0
852,48,0,千葉県,18.111100672917942,112.37775776229628,29.344829509255405,41.36033141819644,3.5308585948136613,0,83.98244961457861,9.998631074606434,0,0,0
853,74,0,大阪府,17.288221019251637,103.46707408631056,131.6794999406973,42.19175873120173,3.762440186070716,0,76.43338464975444,9.998631074606434,0,0,0
854,46,1,愛知県,25.331798188138333,152.99363279829205,410.1516659800561,39.49800087304815,35.44858204919341,0,95.03015306133176,9.998631074606434,0,0,0
855,73,1,島根県,31.99744359881294,127.21447656379013,133.42199108839162,34.475670593991325,15.480646355149664,0,112.01452154591715,0.2245037645448323,1,0,0
856,55,0,三重県,18.230256060070783,103.08392956530204,41.06027059353861,41.71589866151692,6.87736545709492,0,87.15190652209138,9.998631074606434,0,0,0
857,66,1,千葉県,27.36543722635741,124.18967857505861,119.83640275249842,55.595894945400325,30.359697761798184,0,108.8990494748928,9.998631074606434,0,0,0
858,40,1,岐阜県,28.02446890678346,111.93092513200604,111.61958215827309,31.907382876862247,8.643951535663723,0,89.90232921145989,9.998631074606434,0,0,0
859,40,1,福岡県,28.60223937265237,136.4135448000043,173.81794592679805,52.64999381426632,40.10412134375493,0,81.79733840290818,9.998631074606434,0,0,0
860,69,0,滋賀県,28.369159304223682,136.04553090713725,136.61937550232628,40.685083130566646,8.925711785176263,0,97.907467899672,9.998631074606434,0,0,0
861,53,1,神奈川県,27.683164430872413,132.22153588280753,22.939828702486018,69.9411364947936,23.507619768617293,0,105.49083811709039,9.998631074606434,0,0,0
862,67,1,大阪府,20.354400770296667,137.25780029049326,68.14178374976052,69.78502423840763,9.372813635780615,0,77.46119123141744,6.551676933607118,0,1,0
863,49,0,埼玉県,14.581636431746889,120.73395705681125,22.061380773647368,42.29038555244135,4.109658053741981,0,123.38841887016693,9.998631074606434,0,0,1
864,64,1,富山県,29.159812678575413,158.91470906191378,190.01549795795157,45.78599128725246,38.40632511364775,0,100.3044206896611,9.650924024640657,0,1,0
865,74,0,京都府,25.195794176277175,120.783904445259,96.85715964097655,40.61250732772013,24.239696955752656,0,120.56021291014002,9.998631074606434,0,0,0
866,44,1,青森県,15.374249943084598,99.05051194917652,75.32310929056618,56.12811540943602,28.322817548704997,0,80.95855497136363,9.998631074606434,0,0,0
867,40,1,千葉県,24.18422417249192,134.46382364069356,85.404501959728,47.88174038612123,81.72391912523811,1,95.1205023974632,9.998631074606434,0,0,0
868,41,1,兵庫県,25.459073844956478,116.11422327903443,239.28292438155418,52.08510293838947,43.43644324304258,0,86.69132602316213,9.998631074606434,0,0,0
869,63,0,大阪府,22.34777795338096,117.96095589775656,55.98644769045975,41.3635719166428,3.64336435325693,0,75.49230714126062,9.998631074606434,0,0,0
870,68,1,神奈川県,26.18213239295202,136.62866646920193,61.21247195828722,43.7909182062197,8.335685684423284,0,77.64203311382487,2.327173169062286,0,1,0
871,74,1,三重県,21.526121314504174,109.74760409139891,97.56183713906776,52.23799033547372,37.98881591199347,1,80.78624332402968,8.44079397672827,0,1,0
872,45,1,栃木県,25.39898128238611,124.07292223901953,82.87539310811141,55.64892976315954,16.62425231832526,0,81.91008795528981,9.998631074606434,0,0,0
873,60,0,神奈川県,23.276144563547525,111.80180856211533,33.189600358442,41.394615704097056,15.00836526542317,0,84.69764755502396,9.998631074606434,0,0,0
874,57,0,和歌山県,18.075028699165042,129.50034891940606,32.775472036397076,41.103221895450744,19.733078873548394,0,80.91755334544688,9.998631074606434,0,0,0
875,71,1,兵庫県,24.712709091185015,120.34276885339843,99.95112303760044,64.18625027701876,19.885944295181343,0,95.78719675049287,2.21492128678987,0,1,0
876,46,1,愛知県,25.025808675489465,151.52081694296396,103.73863378376933,59.55668268178912,47.87658739587342,0,114.02539537519729,9.998631074606434,0,0,0
877,52,0,東京都,15.077501425283915,148.6386699186412,73.678125082709,42.62268579403993,16.062387627186656,0,65.88489843874231,9.998631074606434,0,0,0
878,74,1,青森県,19.298288587240155,132.08098532798056,42.29225269027417,67.46917658475748,18.05452862715111,0,108.7754897089895,9.14715947980835,1,0,0
879,40,0,静岡県,18.57399705514582,100.81694478400787,34.71652763917797,41.79867461037367,4.627116766447056,0,89.18932551787911,9.998631074606434,0,0,0
880,40,0,長野県,24.885076297677863,112.21822351185708,68.20596471264788,42.766296152922685,11.263270349017386,0,75.42942687867378,9.998631074606434,0,0,0
881,67,1,岩手県,20.83089980413717,149.52075625269796,63.366910609617385,69.83617926145304,9.570362094957893,0,88.7653354602619,9.998631074606434,0,0,0
882,51,0,茨城県,16.608763351778858,116.74283809053208,21.368203804768388,41.91603488502318,4.4757442416280995,1,75.72579084796988,9.998631074606434,0,0,0
883,44,0,宮崎県,18.940813931824657,93.07101266785477,29.518032506895732,43.052140349511,0.968855641473186,0,53.97593857449156,9.998631074606434,0,0,0
884,45,1,兵庫県,19.60139616692467,113.10223970923784,22.45462181608011,48.066909010021995,29.428952249893523,1,73.72852112864629,9.998631074606434,0,0,0
885,54,1,埼玉県,29.385665768123417,102.14040253674747,171.92752493595358,53.42793410958641,86.40124185942801,0,114.32140373348729,9.522245037645447,1,0,0
886,46,0,大阪府,14.728998375343856,113.89015597262765,54.25876795080814,42.14144247467779,13.382227356197351,0,89.69842706901818,9.998631074606434,0,0,0
887,49,0,神奈川県,10.151184613516035,90.05255630018553,138.28912334446306,41.11398426336497,16.140174247730233,0,92.17693069230398,9.998631074606434,0,0,0
888,55,1,山梨県,22.63304974351162,97.54267642479884,47.61759208191105,58.47045426272494,11.574440227714184,1,74.0849510914537,9.998631074606434,0,0,0
889,46,0,東京都,10.036396603213278,89.41617334442486,45.45318722324561,42.49790329798461,2.967360546195764,0,107.31904647184757,9.998631074606434,0,0,1
890,67,1,埼玉県,27.251287254612883,129.375982090139,158.84074508351068,49.85508256172553,46.67524352666889,0,118.8183747770932,3.8412046543463383,1,0,0
891,41,0,千葉県,19.152642073878326,97.43017667767673,104.28065142017098,41.29830153730111,1.3094334984286042,0,121.04674675398542,9.998631074606434,0,0,0
892,43,1,埼玉県,16.581438020038394,93.05105809880777,102.58434110569802,67.91639775025813,22.472790526674917,0,79.31721972845205,9.998631074606434,0,0,0
893,44,0,滋賀県,15.668256558629206,95.38875959346669,79.10479711812147,41.290818260813495,4.527498347788266,0,95.30305521479774,9.998631074606434,0,0,0
894,42,1,神奈川県,31.970218368132308,127.04898384119119,84.5564598454462,61.54661326373643,64.480085615575,0,93.06409086389091,9.998631074606434,0,0,0
895,44,1,東京都,26.208052134062623,115.56512533059758,126.65678111817215,38.824800466861205,62.67059883311926,0,102.17202095144512,9.998631074606434,0,0,0
896,60,0,埼玉県,17.38447490021428,135.31630054025092,125.17448769085766,41.025597041233816,18.507883271912164,0,102.11288872212029,9.998631074606434,0,0,0
897,71,0,兵庫県,21.360311653237922,160.37732737848341,60.895097578603654,42.240696862462464,13.860616232696342,0,101.90974636324736,9.998631074606434,0,0,0
898,43,0,神奈川県,23.600227948699455,91.6416697044213,53.88827135152853,40.50212769150261,6.179640705192706,1,91.80569490301093,9.998631074606434,0,0,0
899,72,0,高知県,23.529750510257838,131.1259919091585,84.25548094167223,42.248972238775075,3.2814415540569213,0,107.11188305062055,9.998631074606434,0,0,0
900,53,1,鳥取県,20.75976509812434,110.8597837031902,81.91956226499194,59.35001456445082,37.60794312905113,0,86.6375669863385,9.998631074606434,0,0,0
901,71,0,愛知県,24.893931986974383,149.78016837808698,167.40384745408116,41.03266704077052,29.575473090744726,1,91.83262163681202,9.998631074606434,0,0,0
902,45,1,福岡県,24.266040659150573,112.87622858179672,65.0577034813472,62.26430785348804,10.979025499974442,0,108.42300562907924,9.998631074606434,0,0,0
903,59,1,群馬県,22.260504410116898,96.05603551579111,31.725340463050994,66.9249310267304,12.917806437295729,0,88.30824061794445,9.998631074606434,0,0,0
904,49,0,東京都,14.875464792984275,87.39615494549969,124.99166051320739,41.201764922929684,8.99282862947298,0,95.81873920705749,9.998631074606434,0,0,0
905,72,1,和歌山県,24.733188139193807,131.58005001314646,83.13973187919295,45.14735374867165,13.582293201910721,1,86.64790521962563,5.286789869952088,0,1,0
906,49,0,佐賀県,22.322900323524955,112.77960989740465,11.051112216219124,41.883141600586065,3.7097572578825946,0,67.38346830575912,9.998631074606434,0,0,0
907,66,0,栃木県,23.33055846218323,106.0775302030237,76.71264585062764,40.42670869356263,9.143610998848162,0,65.28993940311213,9.998631074606434,0,0,0
908,43,0,京都府,23.51155206952117,79.93264474156348,65.87472440688884,41.11724842535711,19.994642275212648,0,74.76533088534255,9.998631074606434,0,0,0
909,41,1,茨城県,24.397133993626287,120.28483640483107,312.7221095672712,39.815677369396184,17.002488699306774,1,113.09405215067042,0.4681724845995893,1,0,0
910,43,0,長野県,22.391546216646947,84.04897912644995,15.334887816062816,42.31585547615109,1.3723428749510385,1,83.42614155723437,9.998631074606434,0,0,0
911,53,0,神奈川県,17.511449163192413,110.87789126828343,32.48777624750049,41.68835983349348,23.45641331268004,0,72.34210822030157,9.998631074606434,0,0,0
912,59,1,高知県,24.980587870834547,125.2616744313589,44.121274089561766,46.76597547834131,14.124757488451241,0,105.14771522683914,9.998631074606434,0,0,0
913,41,1,静岡県,24.663278971340556,128.96466200433136,115.960591781123,41.46765199925597,22.68126997125978,0,86.41584042624946,9.998631074606434,0,0,0
914,62,1,山口県,23.805660648806658,115.17907532651373,200.3702934135941,66.89404841507024,22.56018120587143,0,95.82013578207014,9.998631074606434,0,0,0
915,40,1,香川県,21.214301467032787,149.44302638488577,243.56094053904263,58.08745647081167,43.16797757172863,0,122.27502626980248,8.487337440109513,1,0,1
916,40,0,福岡県,20.114373406102388,80.14516900913713,73.10313100057105,40.16787966295633,6.597972606234428,0,77.56116135079353,9.998631074606434,0,0,0
917,62,1,沖縄県,31.042450805668523,146.0436278357459,183.01913867669265,41.98609408455595,34.93687638523176,1,65.08363453002896,9.998631074606434,0,0,0
918,50,0,兵庫県,22.37162806677332,110.79852440890731,71.72839015725852,41.16861710076288,8.04633406433041,0,95.90835990955776,9.998631074606434,0,0,0
919,67,1,熊本県,25.666846243543752,132.92385296662053,78.06579867959758,44.645338837247586,11.131621968471991,0,93.75859649254541,9.998631074606434,0,0,0
920,42,0,三重県,16.529103798910214,95.43711598920046,58.049886058212714,41.18393456069325,1.2336545443107632,0,85.16690772112042,9.998631074606434,0,0,0
921,74,1,千葉県,22.475132854866025,126.24857256615945,83.06012758342567,54.486361251870754,39.24417692421579,0,86.54011660556792,9.998631074606434,0,0,0
922,48,1,新潟県,29.444612362675326,130.08170788925733,79.21344097792388,54.88215741036043,34.80513750172968,0,86.18835238814773,9.998631074606434,0,0,0
923,56,0,神奈川県,15.886570745919446,123.86186118824939,94.4194344586636,41.18404057750114,7.2892866724486645,0,78.9825256311779,9.998631074606434,0,0,0
924,46,0,滋賀県,15.025945851708379,84.20980358179163,25.568667247536016,42.57898386179078,4.406557663991526,0,83.91233939018628,9.998631074606434,0,0,0
925,70,1,愛知県,22.33496951260385,121.3083481783787,80.24099145229468,59.96898859373702,6.769486206012446,0,113.32461881486894,9.998631074606434,0,0,0
926,72,0,千葉県,22.808724848346653,123.36854397529405,147.19776666673468,41.61180123562221,16.9803448939237,0,120.16801273169503,4.82135523613963,1,0,0
927,74,0,長野県,22.432500381300173,141.4252258002043,45.12653752924115,41.382826283967205,7.809870257137136,0,77.23271135419053,9.998631074606434,0,0,0
928,71,0,茨城県,20.853215497712686,110.29751261087034,85.81840958508613,43.86709389750327,20.106924912643663,0,79.5923540865959,9.52498288843258,0,1,0
929,52,1,北海道,26.982611719800687,107.59607985549727,187.30834981595189,57.742262400728556,24.586682146452937,0,91.45450638836364,9.998631074606434,0,0,0
930,72,1,福島県,24.770654941564796,166.01552877480495,51.8444306254813,57.602860492244375,52.10904209473623,0,88.43483837639818,9.998631074606434,0,0,0
931,55,1,熊本県,27.74366275854463,128.21324759309582,310.1742807623521,51.34311841633961,32.7675697686678,1,123.35045424018742,3.1184120465434635,1,0,0
932,44,1,兵庫県,20.20607013561191,95.67035924588484,72.85795158749535,48.03435573282959,14.248934515291797,0,72.45107123893017,9.998631074606434,0,0,0
933,49,1,東京都,25.032972551373003,109.33905256967924,200.40722574729796,51.63583732013069,42.692792489925864,0,100.17519035310266,9.998631074606434,0,0,0
934,59,0,東京都,25.040580048137162,100.41419491438023,81.91395655531144,41.28414072168879,21.61951093388819,0,90.93073282176,9.998631074606434,0,0,0
935,43,0,神奈川県,17.225331821602552,107.8585506189606,8.879768866998816,42.88127145486823,39.97476201697045,0,84.19478244264852,9.998631074606434,0,0,0
936,45,0,東京都,16.421019338166623,105.00132634370199,20.776851237013634,41.86320680561586,5.54759114758082,0,89.28767887017668,9.998631074606434,0,0,0
937,44,1,神奈川県,31.441767617321048,115.3149241662696,75.51951729838011,44.215456655545246,34.82185924187698,0,78.92987603805683,9.998631074606434,0,0,0
938,62,1,埼玉県,26.385384359362572,150.8670210299206,17.990217257674775,58.67712412139607,19.538955071471946,0,89.36474996288752,9.998631074606434,0,0,0
939,46,0,大阪府,19.230560474376258,125.24536969233958,129.7918208821929,42.00364226154572,3.8495095032227407,0,95.8290246175183,9.998631074606434,0,0,0
940,42,0,福島県,19.501022035759597,110.48679247074004,16.775764689525722,41.930844183066974,5.936692221125333,0,70.6669416364912,9.998631074606434,0,0,0
941,49,1,山形県,26.783242174913347,103.50655184321323,106.0028013602337,49.03492592756443,92.97900015345273,1,103.21228613299664,9.998631074606434,0,0,1
942,74,0,青森県,23.2239437226938,124.86500910631469,37.13872302794666,41.751804937353434,2.1756972753194663,0,89.20917873589416,9.998631074606434,0,0,0
943,66,0,大分県,22.1519968774888,124.109135122675,58.16784975464852,41.12006274462596,7.479551502084948,0,115.70898489034492,2.0616016427104724,1,0,0
944,63,0,愛知県,22.01007924707369,127.28139505233692,91.29223390537987,41.13949924884877,22.61131447287956,0,86.89159130567273,9.722108145106091,0,1,0
945,51,1,山口県,21.919919195941194,103.95008155235135,82.75940987089581,53.06026494599168,10.89926522804744,0,76.74311152437622,9.998631074606434,0,0,0
946,61,0,福島県,23.857352760215438,124.28875056564371,68.71433957405617,41.082171211397124,10.92326633153163,0,101.54709986273066,9.998631074606434,0,0,0
947,46,0,静岡県,27.399051301242668,113.62126076451801,71.90845483736018,40.80475447151597,5.182458228484271,0,78.56920415285154,9.998631074606434,0,0,0
948,40,0,京都府,23.484493128669833,108.37989295518302,12.375443301801024,43.17705123701643,6.609476057155267,0,99.39086868271343,9.998631074606434,0,0,0
949,61,0,沖縄県,25.67180657041111,141.50407389890142,40.44889456778588,42.09610120694416,25.981814688652793,0,91.25296343328323,9.998631074606434,0,0,0
950,72,0,香川県,24.13118784358413,123.58664844545956,102.88185871707384,41.53905970144376,17.064493621156032,0,87.07495738918358,9.998631074606434,0,0,0
951,43,0,神奈川県,18.987855227560686,106.23496607525284,63.795233729949175,42.28791395306588,7.315456476215465,0,95.09488507091494,9.998631074606434,0,0,0
952,41,1,滋賀県,26.572568109105166,148.80929380870214,80.41315861518144,57.276075248310725,49.68436203061838,1,96.73756047706745,9.998631074606434,0,0,0
953,55,0,大分県,18.081237097314062,88.827661295012,121.02641239485615,41.43670539959755,13.250627215363346,0,119.64380917695853,3.0965092402464065,1,0,0
954,58,0,新潟県,24.007603353294563,107.30656519271609,30.09330800266702,41.55241095485468,7.549751770354955,0,90.94603334692607,9.998631074606434,0,0,0
955,67,1,東京都,27.48003047616965,139.2529652100006,275.63580643965355,50.78584252445896,168.0613902735667,1,91.73702050971927,9.998631074606434,0,0,0
956,58,1,青森県,28.843251069480175,142.8463454976137,172.3869024516161,49.067439243254576,20.029355908789608,1,96.89509029645075,7.145790554414784,1,0,0
957,46,1,大阪府,20.97263366535617,147.69781671403257,114.83033072078344,47.63437237387099,15.005910018610548,1,99.72895420863483,9.998631074606434,0,0,0
958,69,0,熊本県,29.581501978389298,147.49197703845897,162.07106521274352,41.40407812054895,29.483827943243945,0,88.7421034955289,9.998631074606434,0,0,0
959,63,0,東京都,24.12444885481171,103.25686693846727,89.6405272634719,41.016847504323316,7.4956509043724635,0,107.15576173161618,9.998631074606434,0,0,0
960,69,0,熊本県,22.57181530828089,119.96639222474943,96.74607252720075,42.8207814539671,48.95889238824103,0,106.46164664241493,9.998631074606434,0,0,0
961,42,1,福島県,27.249488582862746,146.244871572063,168.01467034893503,53.10022347728745,98.05952517618594,0,116.68529822033378,9.998631074606434,0,0,0
962,52,1,福岡県,23.235844628423425,157.37345050255504,67.8413755116515,56.78513138153935,35.51084064367722,0,114.52129585560414,9.998631074606434,0,0,0
963,49,0,福岡県,27.570769194929298,139.70494745765046,169.76443098118628,40.781205032036205,3.6967378964439885,0,103.04112566605563,9.998631074606434,0,0,0
964,50,1,愛知県,21.841942788928634,137.62114292328383,92.8029502218248,46.647541586925435,18.11379558468525,0,113.08223548628474,9.998631074606434,0,0,0
965,56,0,和歌山県,33.66775067581396,144.6027737595863,165.07473056864686,41.1507550972094,37.69493297771751,0,102.1990233209643,9.998631074606434,0,0,0
966,68,0,兵庫県,14.047988584108294,111.88940264857372,65.63344970261669,41.99802099998794,6.244802273154445,0,70.38785540548926,9.998631074606434,0,0,0
967,71,1,愛知県,27.94729350165198,140.67850285347822,401.7816748577507,47.48688331396438,48.47962869667373,0,124.24273685243408,4.098562628336755,1,0,1
968,71,1,兵庫県,24.994014959745424,153.66809737415116,180.2950231279092,43.9937085907594,26.77930673847449,0,85.30289242507598,9.998631074606434,0,0,0
969,41,1,大阪府,24.566741978644007,119.13104755982292,42.495325200968956,62.72375204134664,20.868130556565944,1,83.97165133154111,9.998631074606434,0,0,0
970,72,0,鹿児島県,20.15056205509854,117.97810271783983,92.62453554904423,41.77233899041706,7.134224992266799,0,78.8796921675537,2.078028747433265,0,1,0
971,46,1,香川県,25.225400584267703,104.61067090466807,111.88069457869545,52.09115939305132,23.585483879226917,1,105.43381405668178,9.998631074606434,0,0,0
972,40,0,東京都,24.696374697508826,85.66478642701212,40.26271369036934,41.65235102535606,5.308097908840988,0,72.77654378686596,9.998631074606434,0,0,0
973,48,1,茨城県,24.814462280751833,113.23537157095595,99.10700682592869,40.92581591797774,54.87284143803575,0,82.79778697576018,9.998631074606434,0,0,0
974,52,1,新潟県,15.779527795252056,129.62087867348075,69.55407651890413,57.80864636969971,98.5938743409495,0,88.80919872720806,9.998631074606434,0,0,0
975,55,1,岡山県,16.702269038591755,126.52700841992548,185.58142629239785,51.04257467799823,11.90672744322614,1,78.05015727376603,9.998631074606434,0,0,0
976,64,0,岐阜県,17.947586565700973,135.01815007454005,73.79865926507325,41.974654358001104,9.182821511462167,0,100.39917607286196,9.998631074606434,0,0,0
977,54,0,岡山県,26.90383126844214,169.37319231652924,154.43728735042941,41.13925219221167,31.339979293427568,0,116.98199477075053,9.998631074606434,0,0,0
978,52,0,奈良県,17.879168284105234,87.00791539702315,108.29239013198405,41.16175614919322,5.891340358453676,0,83.90157510378324,9.998631074606434,0,0,0
979,45,1,東京都,29.54014439793449,158.54343844459555,230.36325006287126,59.032734308483036,27.86971865964413,0,107.45733813783845,3.9260780287474333,1,0,0
980,47,1,東京都,21.26818417444764,112.74911024974807,50.082835193212716,56.43891468059073,6.903590393379345,0,81.00733246473929,9.998631074606434,0,0,0
981,55,0,大阪府,21.467428994674215,106.19688932632678,41.80334203048456,41.6803803602615,35.69322632059126,1,81.86660804577113,9.998631074606434,0,0,0
982,42,1,東京都,26.580654688071913,137.70384869230708,178.70177544210395,47.54226414000839,66.47411904366687,0,98.39559166963478,9.998631074606434,0,0,0
983,42,1,岡山県,22.232053073965005,104.74971328066815,92.58249077489762,51.35690274790537,15.407831720289723,0,86.89166586238879,9.998631074606434,0,0,0
984,40,1,青森県,18.594932352556217,140.59255325046027,172.14393055852435,63.280923911973765,24.829564549095984,1,71.77429361919354,9.998631074606434,0,0,0
985,60,1,北海道,19.808717056189757,131.1721907462138,121.913537145243,53.87161199430033,10.73843889943631,1,94.19139109186506,0.33401779603011633,0,1,0
986,48,1,埼玉県,23.985119919491844,107.34393591733385,124.04973020576817,56.982326743409374,16.35833429759172,1,84.30071930883902,9.998631074606434,0,0,0
987,44,0,山口県,16.918420045164208,99.94011822899007,34.2303710058974,42.3084163403566,5.472821476387674,0,68.73863492308513,9.998631074606434,0,0,0
988,74,0,福岡県,17.76822086856601,147.52348599181997,33.4285517806492,43.260162765355986,2.728893789892903,0,89.3315744671915,9.998631074606434,0,0,0
989,74,0,福岡県,18.638504243648413,121.05544569256581,72.50183742346219,42.80400938115877,7.150670518387292,0,98.14146372555827,9.998631074606434,0,0,0
990,52,0,福岡県,24.905073289232632,134.28287813760048,136.06825690876227,40.871416794691456,5.5362503962531,0,95.94861286275685,9.998631074606434,0,0,0
991,45,0,奈良県,17.79079198833268,88.13073183900599,33.95255906419925,42.59568600909916,2.94488332836318,0,93.85473116340295,9.998631074606434,0,0,0
992,48,0,北海道,22.339157437684406,102.07627876842895,21.86350633127172,43.28028180296662,4.230992767571308,1,93.35656824559332,9.998631074606434,0,0,0
993,41,0,愛知県,28.267376730209797,115.75137542504436,108.64317419306556,41.5666497785368,64.94937905306902,0,122.35616051906929,1.3634496919917864,1,0,1
994,40,1,東京都,21.06513915835731,119.45333087268972,131.19874215880003,56.09551981160847,80.5698392549601,1,118.18578807906395,9.998631074606434,0,0,1
995,66,0,兵庫県,20.14260873092007,109.6621733544984,91.40352698501763,41.419744954411684,8.955962508899745,0,99.53806340314915,9.998631074606434,0,0,0
996,55,1,埼玉県,22.87999749551751,133.54557991423582,54.67378621604003,46.257146296478666,8.712985522762576,1,68.3155210445317,9.998631074606434,0,0,0
997,40,1,東京都,16.631452334246728,127.0004686271209,65.30808373488573,60.384787358592845,10.306060941321318,1,95.13708038024903,9.998631074606434,0,0,0
998,51,1,東京都,20.17931320062578,125.19925563886558,144.18038185405723,58.41417637731571,23.466115476091424,0,81.65778757305692,9.998631074606434,0,0,0
999,48,0,福岡県,24.50377829064535,139.2787264392717,127.10196314329399,41.74780079973116,44.600702059865235,0,70.77245279853437,9.998631074606434,0,0,0
1000,41,0,神奈川県,27.200380128006703,95.18572303318635,40.64039939595301,40.94693991791318,37.656724420322035,0,87.51465835044776,9.998631074606434,0,0,0
1001,53,0,東京都,26.158775409592597,103.69391601168549,92.5713797610699,40.95426163253822,10.04898791683592,0,71.02967345519397,9.998631074606434,0,0,0
1002,70,0,神奈川県,18.392081185611232,141.1958243760973,123.09858190922623,41.23917673207579,9.104359210298613,0,101.43673520463462,9.998631074606434,0,0,0
1003,47,0,長崎県,15.191864731973588,101.54089179002509,51.70969933411431,41.24420531897689,2.9064580173969974,0,75.63802756825798,9.998631074606434,0,0,0
1004,51,1,神奈川県,21.484097041225755,117.59980100360247,105.17952800843165,63.10071166104538,39.37723718792198,0,93.81275148233802,9.998631074606434,0,0,0
1005,52,0,千葉県,26.882568451279713,98.03437980744759,62.24405277132292,41.2894593882471,13.907451814500659,0,83.86632193257918,9.998631074606434,0,0,0
1006,42,0,愛知県,25.694312126342,121.8018431056382,101.56839243430609,42.20919409358301,20.777455409939982,0,98.02488063264272,9.998631074606434,0,0,0
1007,61,1,愛媛県,23.542533153259825,142.92553287007595,194.2943541469616,49.24591612865869,58.8287644818951,1,111.65888350536683,9.73305954825462,1,0,0
1008,71,0,福井県,29.04597185899902,156.6397061702592,96.55299529919894,41.35073158251197,22.680847576949702,0,102.09273182493067,1.7357973990417521,1,0,0
1009,48,0,沖縄県,28.268849342245783,108.020607686583,51.456546010408786,40.020253266517216,36.63385975362724,0,71.20861960709742,9.998631074606434,0,0,0
1010,65,0,秋田県,25.94173663771519,142.44839403609146,60.333324543330406,40.93091584932775,3.962049499088253,0,81.49887302917415,9.998631074606434,0,0,0
1011,45,0,栃木県,25.452311432875725,112.99049661218092,165.59397965109846,41.542694289553,3.733848439342916,0,110.88583979448664,9.998631074606434,0,0,0
1012,53,0,石川県,13.458232558132488,82.17894848042465,24.886381237978934,42.84785476537873,1.8561522725757953,0,51.18403122535285,9.998631074606434,0,0,0
1013,70,1,栃木県,22.785993612465063,127.151122253626,58.330464283747354,57.53008417064876,28.004221948229887,0,113.19395425409068,0.5749486652977412,1,0,0
1014,72,0,千葉県,18.01795006439721,111.80731288512852,98.94599350744599,41.72040333720693,7.937229211443163,1,77.99012488960204,9.998631074606434,0,0,0
1015,40,0,茨城県,30.60777070239579,123.59843501174224,172.22374085039334,40.70304992570366,1.523044814190272,0,81.67048778574097,9.998631074606434,0,0,0
1016,49,1,熊本県,23.37842918081124,125.54805712067174,153.58904087443196,57.268399342627966,7.374559593325974,0,101.72216813365577,9.998631074606434,0,0,0
1017,40,1,福岡県,16.92358870838614,122.46800204913427,70.63519021284286,55.31375144446846,15.511348723136557,0,89.85253834340298,9.998631074606434,0,0,0
1018,42,0,岩手県,23.053493011572755,98.68085103157247,31.92873407464336,41.31459807891326,3.5974562519136155,0,98.2732109201248,9.998631074606434,0,0,0
1019,47,0,富山県,26.45062583959984,134.7604200405989,143.64906244779368,41.91287508189219,11.798104918594744,0,90.35090792780531,9.998631074606434,0,0,0
1020,47,0,神奈川県,33.0617784143511,94.95343033129592,28.832632363516655,41.150542280810974,1.223416850971441,0,100.0,9.998631074606434,0,0,1
1021,50,0,神奈川県,25.421581529096557,124.62300849285131,62.381531871731745,41.595719733321744,77.59930959206014,0,110.87601116792948,9.998631074606434,0,0,1
1022,71,1,京都府,23.189994011918323,123.57044518827911,70.17123119004474,51.94489425256384,9.332797954323059,0,86.58849549958872,9.998631074606434,0,0,0
1023,60,0,秋田県,19.035376990401964,95.530718959208,95.85928158686286,41.53659262840495,10.292047360425116,0,79.77720012870864,9.998631074606434,0,0,0
1024,58,1,大阪府,20.39434187996114,127.18808362331816,92.0716060368746,55.88790947728288,11.124301700493522,0,96.89558990939673,9.998631074606434,0,0,0
1025,52,1,新潟県,23.278161410424595,106.39545392938149,72.95536585458593,46.92898052933428,32.32280834194152,1,98.69515630679132,9.998631074606434,0,0,0
1026,48,1,岩手県,23.04658243201251,104.37891627628557,30.219503795246393,68.16453061703268,9.130635899275228,0,116.20644004325925,9.998631074606434,0,0,0
1027,48,1,神奈川県,22.530503530319333,139.17272163636923,218.26920268514328,48.99915329928502,55.91021628037247,0,100.28043566219546,9.998631074606434,0,0,0
1028,44,1,埼玉県,28.737440883878428,151.03081247300094,153.10300960730206,36.285828475338064,43.501556435575175,0,76.55685273828364,9.998631074606434,0,0,0
1029,65,0,和歌山県,17.48717230238957,154.37488191328956,75.42082747115192,42.059270538525396,8.237847671324266,0,88.32683531990679,9.998631074606434,0,0,0
1030,41,0,東京都,21.643127251973112,119.40159478759433,16.219906790111416,42.62131090548109,5.928552443363479,0,95.8195315753946,9.998631074606434,0,0,0
1031,49,1,千葉県,17.861745098985327,111.95061349625226,75.70435342779224,47.278165101047726,14.359984156042183,0,76.17271284151033,9.998631074606434,0,0,0
1032,40,1,北海道,27.535167725030963,126.43609599538361,118.90302507501178,45.69103112650275,23.5900807783318,0,88.65959929425121,9.998631074606434,0,0,0
1033,60,0,福島県,19.79322619113793,130.2255267708452,72.45113504768932,41.030109813124284,17.71523388783469,0,107.52790462941972,9.289527720739219,1,0,0
1034,73,0,神奈川県,22.73764636596976,126.20092903674278,135.8362246952548,41.96380330420335,8.080963072088421,0,88.16830038716319,9.998631074606434,0,0,0
1035,67,1,徳島県,20.106222890189713,150.8791318289702,41.51358329669158,65.08947863037294,15.331617683930185,0,93.58700352838636,2.8993839835728954,0,1,0
1036,59,1,京都府,23.20604271660903,139.44001201515903,80.0982115909506,65.95400239151881,50.505326810455074,1,101.94562027422135,9.998631074606434,0,0,0
1037,57,1,兵庫県,29.689728633155326,130.49784244844247,479.06257905408063,44.88362356641521,32.115486313333754,0,88.75503330231567,9.998631074606434,0,0,0
1038,48,1,大阪府,16.894406956133352,146.8877768309107,71.87064849640885,61.304960339479095,3.169942355064144,1,66.78460046459585,9.998631074606434,0,0,0
1039,49,1,広島県,26.17808961738918,127.15861089490765,164.45343348783499,50.72059970394738,11.017709745789386,0,89.60666289334317,9.998631074606434,0,0,0
1040,61,1,熊本県,34.22431096920226,138.47040356477225,296.20081195675823,45.21732153874143,136.28610426050903,0,117.46957915502915,1.8015058179329226,1,0,0
1041,70,1,愛知県,22.383700033462993,152.40633549197216,127.34769669706245,45.935622867131485,3.440799995820393,0,108.48196964064572,9.998631074606434,0,0,0
1042,70,1,和歌山県,22.088114958468,138.4853716754425,81.09887843274733,42.07831734086127,28.309541472005108,0,89.85391904533408,8.791238877481177,0,1,0
1043,70,0,広島県,23.61534720913123,120.4536586080724,153.79290439659917,41.094564451997435,49.45222119009123,0,110.89443514850791,3.583846680355921,1,0,0
1044,69,0,新潟県,21.310115263926647,150.78287586466817,96.12047065861721,41.08869532616895,9.416165982815256,0,121.55420587816027,9.998631074606434,0,0,0
1045,50,1,静岡県,26.028272636692115,150.1144105195706,56.463483635358635,59.72253852951759,28.92432137666613,1,123.30968925509542,2.102669404517454,1,0,0
1046,46,0,神奈川県,12.455468976663354,85.1281962519407,91.4930187761443,42.526518243911454,0.8730080993803118,0,68.17868253671385,9.998631074606434,0,0,0
1047,67,0,大阪府,30.08831253091938,139.10745037050077,100.63259812320034,41.80728812304262,73.09707101152141,1,125.0,0.17522245037645448,1,0,1
1048,40,0,神奈川県,15.440651004576445,107.09509945814015,37.151191559205216,42.20309875429995,41.87911866125538,0,115.39606671870153,9.998631074606434,0,0,1
